-0.094789 0.194076 0.064171 -0.331650 0.166686 0.005444 -0.017266 -0.051347 -0.130750 -0.003711 -0.068418 0.023211 0.121884 0.124537 0.037007 -0.289828 0.061000 -0.094492 -0.111370 -0.179565 0.158436 -0.005222 -0.062216 -0.040309 -0.065343 -0.024968 0.232598 0.198849 0.014664 0.145546 -0.141274 -0.270195 -0.253821 0.137560 -0.052138 0.028643 -0.115214 0.004419 -0.017867 0.012448 0.062521 -0.059020 -0.050627 0.187182 0.012904 -0.023214 0.003268 0.139271 0.038379 -0.015843 -0.080991 0.037474 0.012008 -0.224274 0.036697 0.204821 0.057645 0.008137 0.048657 0.191492 0.038435 0.017866 0.023981 -0.012289 -0.131732 -0.010895 0.124334 -0.037374 -0.025771 -0.135408 0.138796 -0.094505 -0.127944 -0.046363 0.211437 0.015681 -0.012155 0.000890 0.043230 -0.227435 -0.125206 0.129649 -0.025232 0.019920 -0.044570 -0.041083 -0.041063 -0.025881 0.025613 0.125288 -0.033583 -0.054494 0.072928 0.010648 -0.459152 0.049138 0.017015 0.019006 -0.084619 0.012788 0.141744 0.047204 -0.162311 -0.049132 0.066149 -0.239906 -0.023309 0.059830 0.045851 -0.215765 0.054404 -0.074711 -0.041445 -0.026894 0.050952 0.034131 -0.004834 0.034187 0.075877 -0.032305 0.073304 -0.015515 -0.086575 -0.129848 -0.053226 -0.098222 -0.014101 0.105810
0.066251 -0.110484 -0.077820 0.086111 0.355780 0.062114 0.008321 0.198592 -0.062070 -0.129902 -0.038802 0.133976 -0.024835 0.206875 0.172657 -0.395036 -0.162087 -0.333057 -0.034987 -0.001377 0.083186 -0.003549 0.148980 -0.097577 -0.120517 -0.120307 -0.018600 0.132098 -0.028207 -0.145515 -0.388128 0.084549 0.063776 0.047449 -0.012421 0.011064 0.126613 -0.465164 -0.002072 -0.064510 -0.155284 -0.093130 -0.052799 -0.093470 0.065434 -0.259267 0.136450 -0.060613 -0.002537 -0.145350 -0.197413 -0.012235 0.120057 -0.328046 -0.043328 -0.192854 0.003237 0.203852 -0.036486 -0.065946 0.117645 -0.092960 0.002967 -0.182044 -0.552142 0.245063 -0.007689 0.052779 0.070162 0.204160 0.027596 0.180534 -0.357697 0.122648 -0.121120 0.250047 0.168803 0.282088 -0.233577 0.062147 -0.204964 0.057583 -0.093169 -0.102888 0.094043 -0.093333 0.179755 -0.007732 -0.044739 -0.204571 -0.234203 0.245412 -0.378590 -0.157237 0.108470 0.128933 -0.319064 -0.205476 -0.080810 -0.134280 0.371366 0.118544 0.087294 0.005633 0.145975 -0.082861 0.069566 -0.055133 0.226404 0.052308 0.174832 -0.081751 0.128340 0.158012 0.096257 0.122225 0.003809 0.150717 -0.180905 -0.313956 -0.400279 -0.006836 0.089988 0.048839 -0.077600 -0.020344 -0.135206 -0.253951
-0.327732 -0.255646 -0.161004 0.259885 -0.351351 -0.034341 -0.149811 -0.167041 0.080280 0.190906 0.039483 -0.222492 0.113097 0.111069 0.164246 0.050940 -0.041133 0.060167 0.080081 0.058191 -0.302606 -0.058494 0.340148 0.144807 -0.013548 0.060304 0.170402 0.133236 -0.000728 0.165938 -0.320813 -0.130438 0.052329 0.317508 0.073204 0.133388 0.008457 0.264382 -0.063471 -0.101619 -0.086520 0.179197 -0.047306 -0.134614 0.080579 0.133850 0.096583 0.133071 0.264573 0.292960 -0.112204 -0.248607 -0.016972 -0.037205 0.296502 0.235881 -0.125684 -0.371422 -0.265883 -0.196987 -0.377276 0.047970 0.157114 0.017861 0.166286 0.226186 0.140531 0.017820 -0.276867 0.066907 -0.031503 0.128904 0.322767 0.276674 0.052626 0.207902 0.013747 -0.039677 0.301083 -0.074023 0.024070 0.143874 0.205769 0.006652 -0.200926 0.276085 -0.311083 0.011618 0.014585 0.132314 0.148186 -0.264435 -0.012999 0.180407 0.100999 -0.211542 -0.101379 -0.001362 -0.056937 0.251685 0.073764 0.086443 -0.003184 -0.052528 -0.029962 0.016560 -0.119096 -0.082387 -0.132472 -0.218271 -0.241163 0.058300 -0.150999 -0.178389 -0.018055 -0.221629 0.115775 0.114720 0.091514 -0.110631 0.066900 0.319931 -0.046764 -0.036931 0.153268 0.120119 -0.211650 -0.224174
0.223932 0.083146 -0.087490 0.219137 -0.240201 -0.101759 -0.125609 -0.046642 0.054301 0.062487 0.292080 0.045453 -0.249526 0.049920 0.189274 0.095413 -0.116203 -0.262152 0.192837 0.110932 -0.145598 0.192888 0.028238 -0.056758 -0.207235 -0.029540 -0.226559 -0.169177 -0.065561 -0.089641 0.062862 -0.108772 -0.161085 -0.132500 -0.088192 -0.192402 -0.525634 0.183090 -0.095163 -0.141493 -0.138222 -0.060081 -0.145121 -0.129747 0.177264 0.143540 0.002550 -0.053391 -0.129900 -0.003274 0.009394 -0.153901 0.170391 -0.083312 0.102458 -0.024380 0.031098 0.106471 0.031449 -0.035987 0.009098 0.072237 -0.082258 0.025958 0.046924 -0.137601 0.040129 0.036852 0.253959 -0.049243 -0.152203 0.274073 -0.132962 0.115464 -0.134094 -0.113811 -0.054555 0.089699 0.113109 -0.060563 -0.065219 -0.157835 -0.024410 0.161699 -0.033899 -0.180216 -0.323751 0.230135 0.003425 0.098310 0.244124 0.195626 -0.057075 0.196744 0.032401 0.230267 -0.117019 0.111489 -0.033717 0.310962 -0.015225 -0.346210 -0.017603 -0.010949 -0.033350 -0.001753 -0.290743 0.003802 -0.016665 -0.107210 0.098022 -0.021631 -0.022770 -0.019813 0.090117 -0.172146 -0.333034 0.169346 0.184702 -0.282738 -0.494533 0.140926 -0.098390 -0.022055 0.087229 0.076647 0.207075 0.278978
-0.271939 0.247131 -0.071972 -0.270785 0.196283 -0.112368 -0.198820 -0.207886 -0.274610 0.080052 -0.098439 -0.068901 0.148678 -0.107218 -0.078036 -0.202334 -0.177422 -0.137392 0.017033 -0.047665 0.068401 0.110987 0.034589 0.027173 -0.022675 -0.166971 -0.092301 0.075927 -0.038773 0.038916 -0.028463 -0.104910 -0.098260 -0.042488 -0.212534 0.027485 -0.450784 -0.058791 -0.069212 0.038327 -0.000849 -0.133284 -0.162767 -0.006040 0.033553 -0.061338 0.039412 0.091502 -0.272441 -0.172581 -0.225226 0.060891 0.027228 -0.179088 -0.023604 0.176613 -0.093474 -0.114269 0.228565 0.041557 0.010768 -0.078651 -0.021164 -0.040467 0.007642 0.086489 0.221329 -0.081387 0.202716 -0.172830 0.014784 -0.043545 -0.036638 -0.065305 0.030321 -0.067197 -0.271960 0.337599 -0.088237 0.070753 0.001707 0.121334 -0.113616 0.140646 -0.125771 -0.146567 -0.110460 -0.006243 -0.081550 -0.110863 0.097725 -0.125249 0.052043 -0.221821 -0.259726 0.030548 0.022992 -0.039339 -0.032205 0.106336 0.018310 0.044006 0.014719 -0.124897 0.073994 -0.070552 -0.056201 0.040013 0.125601 0.139079 0.052115 -0.133210 0.043547 -0.028859 -0.007378 -0.008599 -0.118029 -0.082318 0.094158 0.052052 0.014884 0.074476 -0.305095 -0.088957 -0.093667 -0.282912 0.049062 0.010977
-0.007573 0.110185 0.306065 -0.083972 0.231985 0.022621 -0.289532 0.246798 -0.169855 0.208581 -0.113249 -0.276089 -0.112579 0.147724 -0.170710 0.156383 -0.083500 -0.166055 0.106415 0.119527 0.011588 0.181741 0.130271 -0.003567 0.144897 0.295247 0.017922 0.050196 0.002984 -0.310348 -0.361467 -0.111739 -0.028295 -0.051656 0.032756 -0.001514 0.064633 -0.084371 -0.309346 -0.024090 -0.074263 0.010410 -0.027712 -0.340027 -0.030382 0.020077 -0.017016 0.219177 -0.137626 -0.091768 -0.147903 -0.194164 -0.085886 0.070042 0.091724 -0.205366 -0.175785 -0.080485 -0.149809 0.000616 0.129256 -0.010139 0.426096 -0.186984 0.344563 -0.131928 -0.082189 0.031546 0.052819 -0.147530 -0.023325 0.095407 -0.017834 0.406996 0.056541 -0.221311 -0.113218 -0.048245 0.089886 0.011243 0.165570 -0.250720 -0.167181 -0.083812 0.098179 -0.005720 0.024444 -0.140865 0.127037 -0.226619 0.219258 0.059438 0.193046 -0.126406 0.029019 0.084484 -0.444260 0.065420 0.012899 0.042848 0.012364 0.267807 -0.077718 -0.053083 -0.243450 0.060634 0.039628 0.359193 -0.225259 0.112440 -0.390964 -0.027922 0.090261 0.005047 0.120599 -0.024163 0.191722 0.038906 0.122594 0.038641 0.120985 0.079851 -0.060069 -0.054032 -0.057029 -0.165778 0.099054 0.010551
-0.083564 -0.021547 0.076617 0.213165 -0.006387 0.015324 0.083464 -0.252643 0.075316 -0.117670 -0.032030 0.107465 0.068094 -0.138788 -0.372930 0.197666 0.033517 0.253848 -0.151292 -0.017669 -0.157462 0.040545 0.045452 0.229586 0.343061 0.105449 -0.117974 -0.354600 0.046518 0.097655 0.112078 0.062569 -0.393963 0.142726 0.085773 -0.125266 -0.353633 0.014399 0.056078 0.058442 -0.020298 -0.004230 0.090518 0.152476 -0.208921 -0.097226 -0.283671 -0.051285 -0.242231 -0.106578 0.042431 0.019190 -0.062438 -0.021874 -0.320964 0.156592 -0.061985 -0.128522 -0.063301 -0.038085 -0.181111 0.003045 0.275114 0.152653 0.130749 -0.033875 -0.144840 0.056571 0.144554 0.054286 0.021172 0.220309 -0.047732 -0.131464 0.207394 0.325730 -0.130207 0.123182 -0.087620 -0.082307 -0.004254 0.009165 0.156802 -0.191792 0.046818 -0.384500 0.131552 -0.025010 -0.136849 0.191250 0.043696 -0.169968 0.111495 0.067000 0.070083 0.152890 -0.034887 -0.172784 -0.119123 0.165631 -0.025212 0.075933 -0.114611 0.038900 -0.074742 0.093026 -0.076588 -0.115931 -0.123396 -0.346465 -0.317815 0.052658 -0.038610 -0.025062 0.148449 0.203619 -0.016512 -0.070985 -0.010409 0.216896 -0.132241 -0.049738 -0.321208 0.025347 0.021595 0.160896 0.023432 -0.061643
-0.071866 -0.417550 -0.464583 0.157517 0.068565 -0.484113 0.122279 0.144433 0.066350 -0.056351 -0.014017 -0.203730 -0.036056 0.037318 -0.351254 -0.280028 -0.258773 -0.209009 -0.033130 0.095127 0.198806 -0.421761 0.366717 -0.075705 -0.257168 0.325182 0.289034 0.400792 -0.020296 -0.163045 -0.225413 -0.082595 -0.242305 -0.185809 -0.016668 -0.089441 -0.079759 0.301674 -0.180497 0.138663 -0.012767 0.012850 -0.176138 0.055937 0.271676 0.019483 0.223082 -0.024747 0.017208 -0.131603 -0.069161 0.184348 -0.297678 -0.241679 -0.146609 -0.191085 -0.167717 0.225560 -0.339198 0.194448 0.264419 -0.044543 0.009125 0.211047 0.273011 -0.500456 0.253153 -0.053681 -0.006532 0.419913 0.048609 0.223483 0.202699 -0.331506 -0.061746 0.051578 0.139435 0.179191 -0.298189 -0.072367 -0.068996 -0.068154 0.089064 -0.124278 -0.110163 0.250424 -0.243870 -0.038537 -0.047182 0.153029 0.230550 -0.177911 -0.429211 -0.049256 -0.681247 -0.020046 0.000648 -0.324957 0.010094 0.043140 0.258139 -0.197206 -0.027604 0.003365 -0.304754 0.070095 -0.124889 -0.259898 -0.446404 -0.203625 -0.331678 -0.076242 0.089777 -0.000641 -0.109678 -0.340621 -0.218096 -0.050628 -0.124011 -0.256256 -0.144659 0.094232 -0.283909 0.015407 0.001103 -0.027334 -0.342162 -0.443658
0.041883 -0.068256 0.137915 -0.087116 -0.106308 0.058164 0.020927 0.317900 0.048471 -0.186445 -0.027642 0.102496 -0.298274 -0.091869 -0.193263 0.013572 0.271565 0.058157 0.060130 -0.114103 -0.030829 -0.179667 -0.142641 -0.113263 -0.026391 0.072213 -0.177379 0.152387 -0.027943 0.015468 -0.209059 -0.021665 -0.001399 0.090808 -0.101504 -0.033546 0.108694 0.086452 -0.014182 -0.127118 -0.019954 0.085768 0.001461 0.289972 0.011804 -0.072563 -0.077401 0.002885 -0.026298 0.077597 0.130351 0.121941 -0.061498 -0.031567 0.035050 -0.015418 0.155855 0.077365 -0.116893 -0.253161 0.329793 0.098144 0.219869 -0.039563 -0.078170 -0.048284 -0.227269 -0.069234 -0.408177 0.003821 0.091504 0.219950 -0.081955 0.003824 -0.512172 0.037195 -0.052513 -0.342991 0.174889 -0.049364 0.106079 -0.105070 0.121400 0.025784 -0.409830 0.342669 0.081113 -0.081580 -0.010049 0.095204 -0.001787 0.233430 -0.112210 -0.141302 0.204428 -0.068121 0.005611 0.087537 -0.020797 0.126462 0.112338 0.018890 0.182449 -0.029756 -0.234911 -0.025156 -0.154286 0.033595 -0.045525 -0.506578 -0.235457 -0.077912 -0.036687 -0.105446 -0.043641 0.075725 0.299395 0.078768 0.005312 -0.297709 -0.099091 -0.137623 0.103297 -0.044486 -0.108560 0.054578 -0.303869 0.108104
-0.145606 0.028326 -0.098839 0.261906 -0.291576 0.008999 -0.408966 -0.227561 0.004096 0.248758 0.239926 -0.162478 0.169312 -0.083763 -0.019634 0.026156 0.106557 -0.096738 0.048291 0.112186 0.253121 0.179640 -0.197063 -0.120352 -0.289869 -0.218464 -0.005169 0.011341 -0.008753 0.055395 0.107004 0.015542 0.034502 0.146787 -0.115599 -0.044281 -0.084154 0.122025 0.019779 0.201043 -0.170128 0.139705 0.057576 -0.078733 -0.027562 0.063868 0.210472 0.140215 -0.008397 0.146556 -0.001014 0.044888 -0.033367 -0.111530 -0.016808 -0.216599 0.041390 -0.006603 0.078644 -0.108471 -0.191040 0.045188 0.013950 -0.024086 -0.174307 0.070413 -0.037193 -0.069870 -0.021130 0.323132 -0.177924 0.267999 -0.188007 0.142505 0.204705 -0.270419 -0.016104 0.187922 0.029712 -0.135145 0.128772 -0.039413 -0.016845 0.004236 0.212909 -0.131159 -0.088841 0.430537 -0.000605 -0.036439 0.142236 0.054673 0.021772 0.128077 -0.305423 -0.118184 -0.039366 -0.010101 -0.054095 0.261905 -0.072638 -0.184891 -0.126602 -0.083832 -0.124174 -0.007654 -0.102572 0.118070 0.092693 -0.222865 -0.128861 -0.018960 -0.137149 0.209945 0.059297 -0.112988 -0.027419 -0.135843 0.073512 0.047503 -0.416921 0.257033 0.055389 0.001390 -0.189226 -0.278148 0.463123 -0.049878
-0.048759 -0.278374 -0.028805 -0.272882 0.277497 -0.001620 0.152624 -0.429932 -0.170882 -0.355326 0.078897 0.014777 0.198568 -0.219391 0.046794 -0.447929 -0.022664 -0.015732 -0.102143 0.153830 -0.309423 0.108781 0.121568 0.326940 0.100707 -0.210535 -0.191465 -0.105282 -0.058085 0.193745 -0.010728 0.081812 0.196879 -0.092634 -0.148479 -0.050217 0.035100 -0.012994 0.030442 -0.018393 0.141662 0.009341 -0.157685 0.050089 0.054947 -0.264376 0.195186 0.116298 0.062902 -0.078281 0.044723 0.062709 -0.146678 0.037735 -0.171272 -0.149385 0.061752 0.164100 0.077906 0.140526 -0.041647 0.246345 0.028996 0.179582 0.109644 -0.055673 -0.009826 0.049429 0.022482 -0.156418 0.080431 -0.100232 0.004702 -0.010781 0.226099 -0.083249 -0.174024 -0.084488 0.100703 -0.393049 -0.359301 -0.393588 -0.126517 -0.186024 -0.026735 0.081891 -0.097888 0.011066 0.046632 0.224055 -0.087274 0.000820 0.379862 0.335906 0.051702 0.080732 0.170188 -0.344169 -0.035516 0.279095 -0.027902 -0.118427 -0.292000 0.001257 0.257487 -0.020142 -0.056277 -0.011901 -0.063713 0.132641 0.088864 -0.101187 -0.028940 0.073926 0.139852 -0.054461 -0.247961 -0.167717 0.081334 -0.147178 0.170861 0.003579 -0.251302 -0.040458 -0.154098 -0.024446 -0.203717 0.046715
-0.106853 0.012037 0.032706 0.133448 -0.039411 -0.176578 0.150739 -0.081292 -0.031916 0.091740 -0.088901 0.046875 0.177103 0.143251 0.033220 0.174316 0.259664 0.189565 0.003601 0.020909 0.035174 -0.058907 0.216250 -0.017922 -0.146960 -0.196218 -0.163966 -0.196167 -0.083991 -0.010259 -0.092853 -0.076424 0.001678 0.119473 -0.120117 -0.244326 -0.419449 0.402112 0.038249 -0.105004 -0.157212 0.195642 0.013005 0.139382 -0.253957 -0.027940 -0.084336 0.126251 0.213030 0.103499 -0.015554 -0.103172 -0.101058 -0.036391 0.122956 0.230735 0.032172 -0.131911 0.072820 -0.060772 -0.000474 -0.120661 0.172199 -0.106049 -0.010552 -0.022839 -0.126205 -0.154594 -0.151272 0.023489 -0.150207 -0.102315 0.124633 -0.233337 0.088111 0.008099 -0.081441 0.075803 0.224239 0.265435 -0.066592 0.190387 -0.014303 0.066720 -0.097349 -0.039425 -0.048056 -0.082076 -0.049005 0.075869 0.074077 -0.145187 -0.069292 0.182140 0.078940 -0.182388 -0.198988 -0.065150 -0.123557 0.073202 0.069335 0.015090 -0.080420 -0.062682 0.240379 -0.074048 -0.116738 0.155136 0.063212 -0.094438 -0.290216 0.005235 -0.294500 0.050498 -0.123249 -0.029353 0.010896 -0.013311 0.021599 0.121209 0.114195 0.120747 -0.097875 -0.091314 0.072690 -0.033832 0.029738 0.058865
-0.085090 0.043492 -0.275655 0.124022 -0.261416 -0.231159 0.104405 -0.232944 -0.065403 0.260900 0.280250 -0.331364 0.244671 -0.226679 -0.217365 0.216596 -0.082149 0.145466 -0.065315 -0.097385 -0.099139 -0.168990 0.016634 0.270954 -0.070942 0.243869 0.263083 -0.289853 -0.015994 -0.104692 0.021575 -0.041554 0.175533 0.095763 0.004324 0.103119 -0.033369 0.066993 0.047103 0.120141 -0.030695 -0.111545 -0.120230 0.018363 -0.103282 -0.169944 0.122050 0.361462 -0.180641 0.145488 -0.045143 -0.038204 -0.095978 -0.143047 -0.176092 -0.021729 0.025782 -0.269942 0.036177 -0.039613 -0.211386 0.048323 0.010285 0.006567 -0.085223 -0.012328 0.055020 -0.148000 0.118684 0.052090 -0.044024 -0.081687 -0.145744 -0.043461 0.424456 0.099344 -0.113421 0.192149 0.126795 0.138246 0.271546 0.016635 0.280702 -0.097181 -0.152025 0.077382 0.195964 0.245793 -0.044969 -0.109472 0.153201 0.000050 -0.012780 -0.037595 -0.187278 0.038939 0.197350 -0.101918 -0.009889 0.042244 0.017980 0.012892 0.013334 -0.025374 0.158685 0.243184 0.106313 0.086859 -0.289201 -0.206139 -0.053069 -0.040598 0.083905 0.264958 -0.049312 -0.062709 0.004560 -0.105245 -0.251750 0.080871 0.220909 0.190244 -0.133800 -0.070013 -0.072653 0.089012 0.096504 -0.218000
-0.043867 -0.084637 0.014570 -0.225974 0.132519 -0.038775 -0.029909 0.012225 -0.109325 0.110635 0.057800 0.111684 -0.171646 0.075791 -0.049051 0.120750 0.062952 -0.029707 0.325208 -0.367226 0.006977 -0.194664 0.167003 0.247416 0.202181 -0.026685 0.126867 -0.116034 -0.049139 -0.007476 -0.267694 0.153355 -0.184648 0.041467 -0.133016 0.026371 -0.020019 0.051626 -0.172439 -0.192067 0.000642 -0.172659 0.275940 -0.114831 0.011747 -0.089579 0.126487 -0.060166 -0.151421 0.060674 0.125183 -0.428495 -0.239659 0.093721 0.013089 0.052000 0.162468 0.000836 0.210359 -0.187532 0.096762 0.161406 0.140603 -0.094426 0.130832 -0.192169 0.227301 -0.060996 -0.182068 0.279613 0.129634 -0.085709 0.137273 0.355800 0.138288 -0.048858 -0.031696 -0.192725 -0.148037 -0.158914 0.131963 0.063115 -0.040866 -0.070355 0.220693 0.086855 -0.149127 -0.126861 0.016588 0.005951 0.086888 0.071633 0.104339 0.143370 -0.068382 0.037192 0.272314 0.431977 -0.024716 -0.007786 -0.015856 -0.251485 -0.127076 0.018032 -0.103238 0.004641 -0.273976 0.268218 -0.005171 -0.250762 0.016414 0.026203 0.049183 0.084524 0.154209 0.066069 -0.155319 -0.117429 0.056674 -0.079448 0.018171 -0.020990 0.139594 -0.121818 0.060955 -0.165487 0.141643 0.131579
0.378963 0.036897 0.048845 0.031286 -0.101179 0.122454 0.259169 0.247863 -0.209916 0.064986 -0.080612 -0.218659 0.189045 0.017029 0.250662 -0.112528 0.185595 0.160553 0.076983 0.321311 0.025101 -0.008068 0.346137 -0.044938 0.157707 -0.230683 -0.006927 -0.035714 0.037267 0.093054 0.131549 0.116403 0.118408 0.019555 -0.126365 -0.088609 -0.063638 -0.231795 -0.005268 -0.024268 -0.021058 0.215168 -0.121926 -0.064596 0.130975 0.017754 -0.071230 -0.075033 0.147995 -0.238876 -0.202586 -0.247957 -0.037967 -0.214186 0.223820 -0.238110 0.105930 0.087023 0.141030 0.239861 -0.022560 0.074146 -0.132825 0.088880 0.118830 -0.270014 0.022112 0.023854 0.240905 0.229828 0.166462 0.010795 0.230070 0.013384 -0.124238 -0.002862 0.008047 -0.278169 0.252103 0.186203 -0.332746 -0.143583 0.116670 0.285551 0.001057 -0.215177 -0.021836 0.195118 -0.052389 0.193497 0.114744 -0.000528 -0.084815 0.275153 -0.027931 0.145160 -0.018473 -0.041230 -0.019111 -0.096309 -0.029169 0.065841 -0.357712 -0.015931 0.131928 -0.063532 -0.129071 0.145722 0.378934 -0.007295 0.019078 0.023512 0.067475 -0.059324 0.197588 -0.160522 -0.020710 0.058674 0.074627 0.109861 0.308490 -0.020489 -0.005818 -0.113782 -0.035969 0.119961 0.255526 0.192268
0.162164 -0.156788 -0.428831 0.267308 0.004247 0.130817 -0.103599 -0.067180 -0.284986 0.209972 -0.031952 0.406218 -0.084235 0.119338 -0.038585 -0.017163 0.109458 -0.099425 -0.021387 -0.009789 -0.002241 -0.208259 -0.084640 -0.055689 0.074940 -0.258291 0.012006 -0.127916 -0.128565 -0.092771 -0.225645 -0.026958 -0.291595 -0.106799 -0.045077 -0.152910 -0.175209 0.040297 -0.011886 -0.138685 0.095442 -0.191504 0.229214 -0.088410 0.112466 0.011152 0.138351 0.138119 0.072884 -0.010358 -0.037994 -0.181661 -0.101466 0.016465 0.349805 -0.056262 -0.077845 0.504410 0.125679 -0.003244 -0.147932 -0.067406 0.208095 0.116719 0.103317 0.204788 -0.029169 0.008791 0.168811 -0.069964 0.135123 0.054536 -0.030325 0.268245 -0.087323 -0.045918 0.141456 -0.016557 -0.174902 0.145561 -0.209110 0.101446 -0.070393 -0.235542 -0.017264 -0.049268 -0.274113 0.054311 -0.005024 -0.087495 -0.191319 0.090017 0.046812 0.120956 -0.281864 0.112231 -0.090419 0.038178 0.028050 0.000694 0.184618 -0.043508 -0.127235 0.009016 -0.007830 -0.014939 0.239084 0.047600 0.269781 -0.142167 -0.129276 -0.025679 -0.078108 -0.282382 -0.018502 -0.091182 0.034149 -0.043170 0.028145 -0.045555 -0.068134 0.221245 -0.031636 -0.134145 0.108338 -0.259434 0.007401 0.215603
-0.002420 -0.144819 0.031196 0.147653 -0.205827 -0.210036 -0.132761 -0.329404 -0.248834 0.113751 0.198448 0.267799 -0.285350 -0.133692 0.080929 -0.060397 -0.426159 -0.142355 0.067237 -0.161008 0.019307 0.037467 0.189534 0.150183 0.007558 0.022260 0.146508 -0.082033 -0.042962 0.096138 0.134078 -0.211374 -0.064594 0.150967 -0.094732 -0.006176 -0.093321 -0.319240 -0.090216 -0.046356 -0.205297 0.119705 -0.320246 0.135686 0.032085 -0.111824 -0.118985 0.138572 0.033322 -0.171636 0.122738 0.109207 -0.067367 -0.048863 0.082306 -0.316671 -0.243212 0.256694 -0.459210 0.064526 -0.045350 -0.053225 0.189368 0.189607 -0.024568 -0.251824 -0.052037 -0.102760 -0.111754 -0.236125 -0.369315 0.119553 -0.085241 0.105775 -0.238914 -0.039499 0.106511 0.121142 -0.186842 -0.005196 -0.223837 -0.073626 -0.056511 -0.060233 -0.046671 -0.015526 -0.014175 0.157855 -0.077974 0.433134 -0.171124 0.288579 -0.262098 -0.139820 -0.063096 0.091605 -0.062440 -0.286453 -0.135613 0.160786 -0.089507 -0.181502 -0.549698 0.041449 0.185017 0.092790 -0.099587 -0.056326 0.079008 0.026520 0.308242 -0.020335 -0.055826 0.008079 -0.044926 0.037202 -0.334862 -0.088966 -0.014678 0.056337 0.105517 0.120218 -0.306557 -0.042490 -0.096731 0.080331 0.125625 0.041981
-0.007775 -0.047370 0.098556 -0.163776 -0.163300 -0.018163 0.179686 -0.023878 -0.019045 0.023484 0.160786 -0.066312 0.094268 0.138286 0.087173 -0.100770 -0.179145 0.157239 0.115711 0.111636 -0.167666 0.011078 0.328968 0.122509 0.021346 0.115097 -0.122349 -0.323158 -0.081372 0.074733 0.179230 -0.057130 -0.030024 0.138716 -0.051914 -0.068534 0.092409 0.099159 -0.135617 0.013543 -0.129552 -0.044583 0.119874 -0.073418 -0.006108 -0.252778 -0.195064 0.115595 0.137960 -0.138393 0.039537 0.164757 -0.221171 -0.321778 0.075556 -0.019532 0.049495 0.138598 0.124673 0.109902 0.136598 -0.021931 0.152674 -0.012750 -0.040667 0.027514 0.025881 -0.087486 0.268293 0.132189 -0.080950 -0.027457 -0.141661 -0.084870 -0.006213 0.034466 -0.141758 -0.141978 0.195545 0.225297 -0.177109 -0.190043 0.012337 0.195494 -0.182275 -0.338755 0.030653 -0.010670 -0.042661 0.044173 0.013613 0.146175 -0.246959 0.238714 -0.200351 0.245609 0.138432 0.033039 -0.032764 0.189100 0.192746 0.094542 0.031293 0.086728 -0.106108 -0.036040 -0.055543 0.218449 0.161966 0.084246 0.041904 -0.125765 -0.126662 -0.123399 0.195882 0.027982 -0.137250 -0.098574 -0.118096 -0.071985 -0.084509 0.294779 -0.125706 -0.030728 -0.158854 0.166692 -0.055087 0.058410
0.064306 -0.052190 -0.129125 0.125442 0.040087 -0.115033 0.067586 -0.091709 0.160608 0.231922 -0.161284 -0.184297 -0.084795 -0.140330 -0.208753 -0.312008 -0.168833 0.120515 -0.173987 0.100450 -0.409221 0.182231 0.153373 0.163951 0.239905 -0.005108 0.089191 -0.438683 0.012006 -0.183152 -0.055106 0.170011 -0.097089 0.058928 -0.061815 0.216879 0.031519 -0.087535 0.307097 0.004220 0.103081 -0.068149 -0.129058 -0.354991 -0.048154 -0.172680 -0.253244 -0.011414 -0.064273 -0.016231 -0.208146 -0.130914 0.102154 -0.262300 -0.039815 -0.114888 -0.056231 0.012324 0.010350 0.034147 0.005003 -0.112097 -0.227904 -0.173435 -0.107327 -0.023979 0.063170 -0.065618 0.013663 0.249534 0.194431 -0.110968 -0.049108 -0.183527 0.000902 0.185205 0.066646 0.145875 -0.520181 -0.058991 0.067486 0.154520 0.033199 -0.210975 -0.297133 0.033983 -0.054044 0.096441 -0.013404 -0.314976 0.203429 -0.024020 0.178594 -0.358040 0.135033 0.272732 0.059823 -0.067776 -0.059055 -0.081262 -0.259197 -0.115440 0.431396 -0.040509 -0.001507 -0.081185 0.114184 0.227925 -0.098146 0.058959 -0.321701 -0.022403 -0.016958 -0.323358 -0.183970 0.099681 -0.108852 0.017565 -0.200753 -0.192583 0.054999 -0.135208 0.045505 -0.029941 0.014479 0.112639 0.188207 0.179473
0.001860 0.076868 0.059250 -0.016068 -0.071488 -0.159002 -0.190173 -0.240589 -0.091552 -0.064878 0.257359 -0.068985 0.161425 -0.264797 0.070615 -0.171724 0.234772 0.154687 -0.191053 -0.061118 -0.048221 -0.151998 -0.396951 0.041476 -0.174235 -0.273379 0.130045 0.063871 -0.041847 -0.249892 -0.283435 -0.013849 0.076854 0.160163 -0.098312 0.096569 0.193305 0.078945 0.012772 0.105950 0.050601 -0.114842 -0.187486 -0.027564 -0.082550 0.183439 -0.305968 0.114257 -0.240976 0.225019 0.049574 0.128013 -0.072132 -0.329668 -0.091334 -0.205329 -0.194314 -0.172598 -0.013676 -0.137319 -0.216615 0.124154 0.053537 0.137135 0.142647 -0.339055 0.089033 -0.051495 0.065699 0.214724 -0.375202 0.045343 -0.040124 -0.348810 -0.338827 -0.284936 -0.003268 -0.148798 -0.234273 -0.215085 -0.092155 0.272738 0.057815 -0.193526 -0.174467 0.107175 -0.085161 0.303667 -0.086458 -0.016839 0.097218 -0.241820 -0.157572 -0.251310 0.117326 -0.431028 -0.035154 0.069492 -0.023725 -0.076704 -0.131508 -0.160535 0.166508 -0.003812 -0.189196 -0.051796 -0.023083 -0.006113 -0.129608 -0.003541 -0.286419 -0.097527 0.063906 0.155822 -0.046747 0.209456 0.056529 0.168934 -0.084474 -0.055215 0.192503 0.103778 -0.035243 -0.045026 0.026202 0.085262 -0.453954 -0.164806
0.060661 -0.190321 0.251047 -0.028608 0.221410 -0.255720 -0.056973 0.139141 0.018703 -0.082060 -0.101850 0.256484 -0.218163 -0.008781 0.009022 0.099118 -0.231384 -0.160390 0.058487 -0.169340 -0.108118 0.154922 -0.335451 0.005426 0.093223 -0.065961 0.103771 -0.106984 -0.051624 -0.102318 -0.095694 0.190538 -0.076105 0.031537 -0.059268 0.180222 0.297308 -0.071149 0.114164 0.021470 -0.046890 -0.090566 0.110898 -0.152877 0.016855 -0.117498 -0.100641 0.176522 -0.251632 -0.047878 -0.103373 0.007885 0.177155 -0.173947 -0.161774 -0.132248 -0.430661 -0.307937 -0.200824 0.067226 -0.325397 0.096590 -0.192384 0.130837 0.017202 -0.025008 -0.111722 -0.026528 0.105878 0.025108 0.090463 -0.209157 -0.563057 0.022447 -0.112754 0.105534 0.030763 -0.004166 -0.251664 0.115371 -0.033492 0.084180 0.044700 -0.086112 -0.128845 -0.164790 -0.031156 0.000434 0.128365 -0.063048 0.068930 -0.152744 0.325386 -0.109247 -0.118317 -0.181519 0.261234 0.102365 0.027080 -0.234918 0.022347 -0.050781 0.185723 0.058513 -0.018137 -0.205599 0.130036 -0.118799 -0.203867 0.125187 -0.023588 0.049748 0.122841 -0.021268 0.202533 0.077227 0.052674 0.144800 -0.069398 -0.443198 0.050088 0.104427 -0.122867 -0.083273 -0.017454 0.227728 -0.034342 -0.266518
-0.069578 0.101468 0.016286 0.000872 -0.048648 0.080495 0.246562 -0.118607 -0.006229 0.078994 -0.084498 -0.052147 -0.128864 0.001962 -0.262015 0.150445 -0.061899 0.044890 0.240705 -0.089019 -0.230506 -0.230015 0.064271 -0.216671 0.084592 -0.415064 0.006401 -0.021526 -0.077099 -0.075264 0.088336 -0.006165 0.241669 -0.011980 0.077604 -0.016493 -0.248414 -0.016529 0.192307 0.161492 -0.040558 -0.012966 0.049226 -0.063040 -0.319033 -0.130310 -0.033589 0.175969 -0.115238 0.071296 -0.112227 -0.426491 0.207894 0.127786 0.140176 -0.356605 -0.060104 -0.041375 0.065948 0.115523 -0.240146 0.094147 0.081439 0.005488 0.287007 -0.111321 0.003225 -0.108613 0.003869 -0.039108 0.201022 -0.349456 0.019301 0.132964 0.140671 -0.168785 -0.049558 0.095650 0.036222 -0.103469 -0.038021 -0.043605 -0.241259 0.005665 -0.117797 -0.051412 -0.089614 0.034727 0.009978 -0.023164 0.004042 0.017824 0.025543 -0.138284 -0.088881 -0.151443 0.024983 -0.157939 0.010341 0.048153 -0.184003 -0.039986 -0.293902 -0.005336 0.116536 -0.075452 -0.056948 0.004857 0.135238 -0.047225 0.231607 -0.034655 -0.053905 -0.043686 0.286497 0.027710 0.126255 -0.302093 0.028077 0.035665 0.125448 0.157339 -0.053623 -0.087370 0.077400 0.201388 0.038219 -0.170760
0.038829 -0.123578 -0.158112 -0.183673 0.073560 0.230613 -0.177977 -0.053992 -0.147590 -0.053838 0.154988 0.213732 0.033124 0.170150 0.160505 0.109898 0.134015 0.021436 0.123595 -0.236758 0.000548 -0.168253 0.021449 -0.022768 -0.152640 -0.062610 0.090145 0.078027 -0.059520 0.184146 -0.147582 -0.026094 -0.114740 0.077404 -0.071933 -0.204947 0.089165 0.016799 -0.102132 -0.160661 -0.030044 -0.143852 0.142272 0.257593 0.007985 -0.218875 0.032957 0.207343 -0.042431 0.013771 0.030604 -0.214499 -0.141670 -0.028395 -0.088846 0.127443 0.258478 0.220635 0.024486 -0.012952 0.296148 0.152907 0.295848 0.036731 -0.168927 0.129972 -0.031929 -0.032789 0.047074 0.186990 0.130998 0.202266 0.118551 0.196385 0.083257 0.066637 0.091679 -0.119013 -0.170161 -0.066527 -0.138146 0.204462 0.224704 0.037175 0.166352 0.049768 -0.061802 0.013182 0.003209 0.067340 -0.050346 0.108736 0.090375 -0.002317 -0.370203 0.073662 0.141335 -0.064184 0.008038 -0.048865 -0.268970 -0.057238 -0.028664 0.003546 0.018954 -0.190987 -0.012786 0.147261 0.173311 -0.110659 0.097348 -0.095660 -0.156329 -0.071916 -0.219390 -0.013627 -0.130420 -0.007783 -0.020244 -0.134869 -0.043212 0.051972 -0.017899 0.043450 -0.131657 -0.152101 0.062270 0.118377
-0.057716 0.025038 -0.243877 -0.049474 0.228892 0.028663 0.052609 0.194603 0.225425 0.101983 0.082892 0.107578 -0.125997 0.084287 0.237758 -0.200277 0.087083 -0.332228 0.134068 -0.131428 0.014781 -0.209817 0.425132 0.265302 0.099228 -0.052571 0.223927 -0.357491 0.043553 -0.096216 0.044272 -0.252296 0.011750 -0.296888 0.043045 -0.082493 -0.128799 0.049427 -0.229612 -0.222893 0.124382 0.067575 -0.102460 0.071658 0.012824 -0.085223 0.210945 0.129770 0.098594 -0.030073 -0.260192 -0.127913 0.043681 0.030870 -0.131331 -0.181766 -0.000956 -0.168436 0.177648 0.053398 -0.110576 0.208975 -0.041860 0.132192 -0.038048 -0.032138 -0.068583 -0.014767 0.243419 0.233814 -0.191161 -0.010729 0.177774 -0.093423 0.148990 0.073829 0.106011 -0.251474 -0.012439 -0.154165 -0.378917 0.039183 -0.239189 0.304580 -0.265242 -0.138157 -0.073934 0.280539 0.050653 0.197780 0.220248 0.117447 -0.149729 0.123109 0.206521 -0.037340 -0.122264 -0.332868 -0.017239 0.216895 0.162461 -0.253002 -0.009481 0.040380 0.472748 0.343719 0.204173 -0.145433 0.083653 0.067782 -0.053795 0.027413 0.109518 -0.110828 -0.014196 -0.124274 -0.247992 0.056700 0.143470 -0.031876 -0.005669 0.015164 -0.073199 -0.075695 -0.078256 -0.041240 -0.357343 -0.229275
0.352886 0.167993 0.091146 0.230110 -0.000982 0.174074 -0.010196 0.338490 -0.129352 -0.007527 -0.157055 0.116970 0.122364 -0.420633 0.093599 0.058455 0.051428 -0.037975 0.012410 -0.172413 0.342570 0.281348 -0.199726 -0.063465 -0.012046 0.184734 -0.085267 -0.098773 -0.056154 0.199268 -0.093366 -0.113754 0.270157 0.071316 -0.084819 -0.161666 0.128222 -0.283265 0.161680 -0.221456 -0.021003 -0.078077 0.057845 0.265103 -0.105835 0.195276 0.050398 -0.000982 0.199281 0.041386 0.145575 0.179506 -0.018178 -0.267112 0.065294 -0.021104 0.135316 0.242669 -0.107993 -0.009504 0.108546 -0.082503 -0.002225 0.030756 0.089928 0.154661 -0.058572 0.017665 -0.158739 0.177437 0.053127 0.023685 -0.424282 0.097869 0.015271 -0.054951 0.186152 0.121305 0.102843 -0.126538 0.167800 0.008723 0.004010 0.253611 0.053102 -0.180723 -0.085328 -0.082802 -0.069455 -0.017099 -0.127313 0.140665 0.131475 -0.010651 -0.079291 0.141182 -0.114848 -0.001984 -0.160111 -0.057797 -0.007762 0.063410 0.101907 -0.019106 0.140787 0.020494 0.234572 -0.076457 -0.109494 -0.259941 0.132734 -0.067960 -0.047623 0.073557 0.046616 -0.013198 0.064051 0.125742 0.180600 0.165529 0.189524 -0.208561 0.064153 -0.024154 0.014157 0.033367 -0.128810 0.072161
-0.223720 -0.196478 0.074157 -0.066121 0.067609 -0.406667 0.050554 -0.021727 -0.117013 -0.338283 -0.131513 -0.059677 0.091486 -0.145063 -0.183153 -0.011232 0.028859 -0.122563 -0.109431 -0.350898 0.101313 0.201054 0.022742 0.350770 0.213067 0.112210 0.234715 0.209223 -0.017731 -0.066086 -0.136771 -0.316123 -0.034284 -0.073045 -0.045681 -0.120217 -0.023846 -0.099071 0.026487 0.008618 -0.129911 0.022898 -0.064649 -0.240941 0.043224 -0.231825 0.269963 0.051886 -0.450561 0.043276 0.092578 -0.166409 0.326361 -0.099393 0.316586 0.098501 -0.073047 -0.135619 0.035684 0.216753 -0.089847 0.136174 0.013660 0.004357 0.377661 -0.123347 -0.398248 -0.123585 0.019072 0.064116 0.068695 0.018452 -0.050734 -0.075695 -0.066109 0.107003 0.166856 0.036945 -0.089805 -0.106526 0.056258 0.026082 -0.108841 0.007997 -0.045943 0.113047 -0.007123 -0.043004 -0.071218 0.168393 0.124020 0.001244 0.117914 0.011950 0.296438 -0.009827 0.079444 0.020330 -0.054526 0.026613 -0.204988 -0.015480 0.004847 -0.138963 -0.085305 0.051803 -0.219822 -0.287755 -0.108244 -0.185624 -0.063441 -0.071659 0.057227 -0.157412 -0.077943 0.083943 0.025121 0.052985 0.175842 -0.166703 0.221665 -0.206051 -0.185661 -0.058153 -0.036024 -0.077251 -0.153713 -0.290889
-0.118566 0.178929 0.069236 -0.175392 0.055786 0.141217 -0.269843 0.214275 0.004241 -0.031826 -0.421447 0.059499 0.007185 0.121608 0.079971 0.109704 0.077115 -0.037970 -0.188119 -0.302300 -0.004487 0.155538 -0.040120 0.085842 -0.028742 0.113603 0.085821 0.023798 -0.015017 0.140081 -0.130228 -0.045778 -0.012972 -0.018044 -0.020162 -0.028235 -0.287772 -0.007682 -0.003318 -0.387344 0.070989 -0.247859 0.028420 0.028870 0.092927 0.037001 -0.093422 -0.181538 0.181313 -0.019435 -0.077072 0.125273 0.026506 0.011641 0.099377 -0.041094 -0.024663 0.150389 0.109620 0.023876 -0.063000 -0.116292 -0.086925 -0.101750 0.061270 0.018508 -0.177820 0.087500 -0.223951 0.077344 -0.018856 0.054733 -0.220714 -0.159982 -0.308287 -0.021108 0.055747 -0.248210 -0.058713 -0.105275 0.209967 0.155520 -0.140481 -0.140238 0.114918 0.073411 -0.112160 -0.141762 -0.072337 -0.187463 -0.052771 -0.104050 0.173808 -0.037453 -0.184917 -0.194396 -0.018013 0.173025 0.077838 -0.019234 0.038525 0.162524 0.263344 0.013589 0.054643 -0.055309 -0.215286 0.069507 -0.121211 -0.043593 -0.043312 0.105591 -0.035180 0.042927 -0.094409 -0.148806 0.053405 0.093531 0.098946 -0.113198 -0.101992 -0.136477 0.142437 0.012698 -0.113855 0.006037 -0.061732 0.177093
0.243710 -0.003079 0.107791 0.047284 -0.001749 0.007557 0.259440 0.126284 0.091995 -0.148797 -0.403591 0.006107 0.184071 -0.140434 -0.043525 0.021326 0.146327 0.006681 0.062718 -0.177785 0.375635 0.024369 -0.062067 0.036365 -0.001497 0.090495 -0.045966 -0.162155 0.084829 0.093893 -0.033115 0.108323 0.215719 0.128670 -0.047037 0.161326 0.048803 -0.342380 -0.234014 -0.213018 -0.012679 -0.068146 0.053792 0.020410 -0.029609 -0.053531 0.028826 0.027033 0.171800 0.164953 -0.166498 0.229632 0.048750 0.129323 0.428575 -0.055843 0.052175 -0.024796 -0.188112 -0.116873 -0.124202 0.337737 0.228570 0.100087 0.141369 0.209188 -0.344736 0.084185 0.029994 0.153482 0.092234 0.093601 -0.055750 0.004986 0.084595 0.024596 0.008350 0.051547 -0.049291 0.186463 -0.035072 -0.027725 -0.034877 -0.116237 0.056243 0.051322 -0.168218 -0.025806 0.090043 0.106419 -0.061537 -0.379630 0.156124 -0.106523 -0.050449 0.055515 -0.115008 -0.058863 -0.036548 -0.209204 0.181726 0.189157 0.013793 0.025932 0.177012 0.033178 -0.020519 -0.192823 -0.069851 -0.092730 0.176783 -0.029844 -0.154994 0.040198 0.142184 0.216152 0.091300 0.110195 0.335271 0.144461 0.201178 -0.460367 -0.036520 -0.044388 -0.045109 -0.012874 -0.256010 -0.184748
-0.105643 0.208459 0.216189 -0.168441 0.216662 0.352012 -0.470214 0.005529 0.035683 0.073976 -0.025555 0.098294 -0.050994 -0.331307 0.221846 0.174127 0.118424 -0.130362 -0.090616 -0.206856 -0.027394 0.099510 0.034893 -0.024828 -0.129852 0.068936 -0.039271 -0.182666 0.018165 -0.198965 -0.235903 -0.269007 0.113635 -0.027320 -0.041490 0.028505 0.014615 0.008981 -0.098952 -0.256193 -0.000543 -0.164815 -0.049874 0.044879 0.065028 0.224534 0.046586 -0.037825 0.390711 0.128297 0.070051 0.138828 0.040291 -0.022152 0.043751 0.031070 -0.208259 0.204594 0.267798 -0.082488 0.124980 -0.228159 0.001597 -0.216661 0.226738 -0.077713 -0.373044 -0.013946 -0.295132 -0.090392 0.072711 0.137709 -0.079283 0.017534 -0.250141 -0.246929 0.128468 -0.087167 0.049850 0.153248 0.377793 -0.009067 -0.211597 -0.169852 0.116001 0.078587 -0.160384 -0.266502 -0.156821 0.123530 -0.200307 -0.216333 -0.043792 0.004500 -0.157324 -0.074029 -0.131806 0.113693 -0.010174 -0.044197 -0.169096 -0.031873 0.106814 -0.063515 0.200164 -0.015795 -0.072303 0.144318 -0.205212 -0.266575 -0.001916 -0.018355 0.031487 0.205616 -0.269102 -0.289595 0.272783 0.183586 0.241160 -0.009915 0.108710 -0.316736 0.117640 -0.049286 0.043255 -0.168364 -0.254368 0.154466
0.097791 -0.308442 0.108631 0.145826 0.125622 -0.020340 0.243947 -0.302638 -0.175981 -0.159753 0.142671 0.024933 -0.022890 -0.068931 0.132771 -0.029223 -0.016414 -0.004159 -0.236667 -0.139764 0.328885 -0.076909 -0.088201 0.221377 -0.019868 0.101052 0.184012 0.158821 0.018849 0.305431 0.325766 -0.037945 -0.017545 0.018189 0.040700 -0.434942 -0.053851 -0.195935 -0.066679 -0.213975 0.343355 -0.066209 -0.032943 0.157174 -0.011493 0.027768 -0.137414 -0.315060 -0.149732 -0.089262 0.134443 0.168710 0.023998 -0.070604 -0.075705 -0.217665 0.220935 0.186900 0.307655 -0.030020 0.305071 0.032815 -0.235844 0.190140 -0.116718 0.120370 0.030461 0.013045 0.051716 -0.154962 -0.045268 0.022417 0.141461 -0.081486 -0.204603 -0.045564 0.114980 0.020334 -0.232378 -0.215997 -0.220845 0.013424 -0.069788 -0.104945 -0.064277 0.214688 -0.017644 0.005191 -0.031005 0.143158 -0.509161 0.318149 -0.128015 -0.030798 0.123949 0.032535 -0.215927 -0.231980 0.005867 0.180209 -0.316740 0.250276 -0.035905 -0.053210 -0.153475 0.219926 -0.030622 -0.095794 -0.049239 0.092918 -0.073958 -0.003921 -0.114450 0.198806 -0.021968 0.120312 -0.068248 -0.146177 0.082607 0.212179 -0.138062 -0.011829 -0.283860 -0.082935 -0.011177 0.051216 0.045816 0.084397
0.064112 0.179517 0.010874 0.206696 0.263177 -0.084919 0.092928 0.165995 -0.044381 -0.048879 -0.108267 0.186691 0.152247 -0.123181 0.145803 0.204640 0.167665 -0.088325 -0.028027 -0.032434 0.066824 0.211182 -0.104549 0.086371 -0.020303 0.116007 0.084601 0.017773 0.091575 0.131733 0.066130 -0.068436 0.153029 0.105755 -0.020431 -0.344456 0.090039 -0.177569 -0.044443 -0.007500 -0.156954 0.124479 0.072821 0.100375 0.049322 0.158362 -0.089159 -0.285016 0.292144 0.143864 -0.372232 0.059659 0.159276 0.027276 0.246784 -0.114533 -0.232170 0.140348 -0.012368 -0.097758 0.235477 -0.234848 -0.050134 -0.107597 0.003185 0.118556 -0.070525 -0.111236 0.022692 0.036763 -0.066092 0.053755 -0.137331 0.288689 -0.012348 -0.290227 0.175679 0.034661 -0.089500 -0.108242 0.344067 0.083975 -0.284172 0.003770 0.232900 -0.061008 -0.075586 -0.004940 -0.076284 -0.033701 0.044693 -0.196942 0.267329 0.035517 0.056109 0.142895 -0.182316 -0.017165 -0.087078 -0.055978 -0.031743 0.093646 0.087714 0.063151 0.224152 0.028677 -0.073030 -0.050348 0.043963 -0.020672 -0.205559 -0.035470 -0.011160 0.179335 0.028433 0.039057 0.148857 0.185214 0.126423 -0.192152 0.053174 0.108929 0.184312 0.020052 -0.074172 0.037148 0.116614 -0.160708
0.005430 -0.059695 0.089001 0.081519 0.083668 -0.128014 0.269725 -0.059643 -0.024197 0.149000 -0.031127 -0.073823 0.202412 -0.022576 -0.020625 -0.003746 -0.001879 -0.263337 -0.249744 -0.017938 -0.110493 0.128618 -0.050839 -0.155013 0.188468 0.123015 0.173246 -0.079805 -0.062929 -0.082124 -0.060222 -0.052347 -0.067115 -0.054108 -0.147773 -0.142133 -0.136327 0.059046 0.153013 -0.143733 0.024256 -0.233698 0.278193 0.081932 -0.420936 -0.130314 -0.190324 0.113938 -0.099715 -0.023419 -0.004750 0.084587 0.135438 -0.172287 0.136842 -0.196268 0.074797 -0.252708 0.021063 -0.190970 0.086576 -0.201067 0.094264 0.073369 0.263100 0.135043 -0.070803 -0.038005 -0.048061 0.069131 0.241638 -0.029327 -0.028242 0.081980 0.114816 -0.239423 -0.025946 -0.010610 -0.043155 -0.268104 -0.005484 -0.220393 -0.203644 0.067051 -0.188604 0.092842 -0.016149 -0.046293 0.003171 0.051104 0.077687 -0.033415 -0.221361 0.030207 0.052012 0.003186 -0.300653 0.171761 -0.090880 -0.052154 -0.181091 0.204884 0.161235 0.030757 0.141456 -0.079624 0.014215 0.115135 0.360698 0.104156 -0.032149 -0.099889 0.076689 -0.020411 -0.129818 0.240716 0.048652 0.078916 -0.113525 0.087480 -0.005546 0.008966 0.093718 0.023254 0.026541 -0.145715 -0.134827 0.016532
0.153598 -0.075661 0.210593 -0.232528 -0.236752 0.219273 0.368453 0.160392 -0.141098 0.178291 -0.172035 0.116280 0.129213 -0.330745 0.267328 -0.005763 0.164795 -0.179020 0.258561 -0.296704 0.008038 0.120418 0.026103 -0.370138 0.212332 -0.033292 -0.022699 0.060673 0.047427 -0.323851 -0.087537 -0.283214 -0.040045 -0.029923 -0.042886 -0.159864 -0.149325 0.137704 0.189877 -0.062962 -0.016163 -0.092177 0.248174 -0.449320 -0.437093 -0.152838 -0.298186 -0.215396 -0.020227 -0.181005 -0.059669 0.059693 0.255205 0.114601 0.232344 -0.203654 -0.175829 0.034553 -0.241331 -0.036447 -0.061258 0.314033 0.173518 0.220350 -0.192907 -0.100871 -0.030950 0.008071 0.234603 -0.210067 -0.064300 0.074935 0.162323 -0.012408 0.098269 -0.000609 0.168561 -0.131007 -0.001811 0.028673 -0.031965 -0.177570 -0.025039 -0.127068 -0.195231 -0.132236 0.053608 -0.163860 0.046498 0.156063 -0.109833 -0.021800 0.065726 -0.013212 -0.064322 0.067238 -0.105643 -0.049481 -0.096333 -0.095113 -0.357306 0.263126 -0.165063 -0.004809 0.088854 0.035970 -0.003434 -0.047306 0.295927 0.436971 -0.111625 -0.060355 0.099654 -0.114905 -0.092489 -0.059505 -0.333996 0.062291 -0.017831 0.195516 0.070815 0.198026 0.092977 -0.100266 -0.037928 -0.093678 0.094864 0.160095
0.221938 -0.000626 -0.036787 0.114698 -0.033489 -0.068886 -0.090954 0.169586 -0.237003 -0.090915 -0.088322 -0.059392 0.260151 -0.245955 -0.001112 0.066076 0.058371 -0.036401 -0.103416 -0.071522 0.153880 0.079490 0.105789 0.014758 0.024376 -0.080871 0.316209 -0.014120 -0.030607 0.056898 -0.121448 -0.019268 0.139741 0.054065 -0.140137 -0.260587 0.139687 -0.393787 0.142880 0.152997 -0.073092 -0.107102 0.267773 0.081185 0.111107 -0.054478 0.089136 -0.129661 0.165540 0.063299 0.039603 -0.028520 -0.049430 -0.174426 0.084289 0.057395 0.168856 0.102482 -0.009248 -0.022477 0.318615 -0.029701 0.110269 -0.021666 0.110011 0.146282 -0.097340 -0.017369 -0.137082 -0.133239 0.129507 -0.056827 -0.110410 0.071325 -0.178589 -0.074686 0.067072 -0.032602 -0.110524 -0.182611 -0.003428 -0.032109 -0.065963 -0.060312 -0.175489 0.085054 -0.130100 -0.061168 -0.123787 0.113297 -0.165910 0.111676 -0.060094 0.059384 -0.011387 0.139350 -0.246664 0.085463 -0.071177 -0.019010 -0.234084 0.250295 0.195169 -0.003340 0.073763 -0.025064 0.021448 0.065973 -0.048634 0.044622 0.153000 -0.083926 0.077228 0.020393 -0.061412 0.024294 0.211733 0.288162 0.137282 0.064460 0.266273 -0.344252 -0.034647 -0.049363 -0.057769 0.223033 -0.337556 -0.164270
-0.057407 -0.190740 -0.118498 0.224811 -0.154969 0.090311 -0.389233 0.154761 0.256847 -0.440148 -0.035832 -0.024268 -0.162238 0.025725 0.306786 -0.045760 0.054687 -0.256054 -0.162150 -0.240198 0.100644 0.054922 -0.007361 0.175676 -0.099932 0.279624 0.096671 -0.041555 -0.082336 0.197694 0.112001 -0.153603 0.166991 -0.225288 -0.187994 -0.087066 0.195810 -0.097551 0.072566 -0.381282 -0.185648 0.052665 -0.022762 0.004098 0.125895 0.149261 -0.138765 0.080415 0.065703 -0.236732 0.148332 0.120077 0.029733 -0.179102 0.019830 -0.034820 0.240556 0.154177 0.106921 -0.226947 0.164380 -0.033765 0.027690 -0.111569 -0.072475 0.080677 0.268117 -0.024025 0.174806 -0.224254 -0.107183 0.115383 -0.044624 -0.081253 -0.522376 -0.066936 0.033329 -0.133119 -0.344932 -0.119769 -0.069892 -0.223384 -0.077458 0.175792 -0.176354 0.060849 0.090220 0.081231 -0.067106 0.304557 -0.013558 0.202865 0.055818 0.077553 0.014621 -0.050108 -0.259921 -0.207205 0.027640 0.101056 0.102310 0.169812 -0.089057 -0.072718 0.068768 -0.148386 -0.108606 -0.061383 0.133136 -0.194835 0.153875 0.021586 -0.302594 0.039731 0.037954 0.030667 0.149790 -0.056972 -0.060373 0.041966 -0.036290 -0.059553 0.090987 -0.008394 -0.014111 0.131461 -0.498300 0.340431
0.045518 0.125133 -0.146456 -0.110994 -0.234310 0.473607 0.181147 0.051496 0.302821 0.201131 -0.044600 0.021946 -0.559262 0.275939 -0.044959 -0.005004 0.025465 0.132687 -0.032222 0.048742 -0.356689 -0.153717 0.079417 -0.413038 -0.145610 -0.030443 0.078366 0.180175 -0.016136 -0.062822 -0.055918 0.282061 0.103036 0.062090 -0.031237 0.161648 -0.161808 0.165517 0.045025 -0.072931 0.182876 -0.084188 0.244406 -0.052159 -0.055346 -0.415519 -0.300369 -0.317594 0.023305 0.239436 0.145967 0.050826 0.207365 0.075324 0.106702 0.060124 0.030353 -0.143741 -0.279545 -0.118507 -0.245476 0.208432 -0.133110 -0.313888 -0.298373 -0.061246 -0.151874 0.064689 -0.324054 0.246821 0.227632 0.007041 -0.074218 0.134188 -0.499378 0.184687 -0.132634 0.339284 0.009173 0.187639 0.206137 0.083267 0.048954 -0.002847 -0.035629 0.077964 -0.249076 -0.002531 -0.066136 0.220546 -0.486201 -0.161893 0.067848 -0.583504 -0.058922 -0.257175 0.200944 0.089703 -0.092911 -0.258166 -0.033630 0.113777 -0.199326 -0.013445 0.090859 -0.053520 0.131144 -0.282878 0.212212 -0.076065 -0.062902 -0.000762 0.034558 -0.177455 -0.029105 0.205392 -0.023497 0.276337 0.228548 0.112567 0.100772 -0.520042 0.227927 0.032342 -0.077119 0.173844 0.237304 -0.095210
-0.095117 0.126148 -0.029304 -0.115643 0.050813 0.020853 0.122765 -0.196781 -0.086955 -0.029464 -0.235053 -0.271239 -0.133622 -0.172461 -0.141948 0.159822 0.092663 0.344504 -0.002105 0.095826 -0.078000 0.165483 0.199286 0.119670 0.173959 0.113949 0.113753 -0.088477 -0.049110 -0.222371 -0.160240 0.108174 0.227694 -0.079542 -0.077474 0.072280 -0.484338 0.103990 0.057758 0.071650 0.055314 -0.192706 -0.035645 -0.353314 -0.345554 -0.028252 0.132181 0.058620 -0.261523 0.110664 -0.119718 -0.048479 -0.101287 -0.001503 0.043235 -0.135486 -0.129026 0.052965 -0.397366 0.066249 -0.305307 0.155990 0.057638 -0.167492 0.019442 -0.303956 -0.162211 -0.019994 -0.165677 0.064312 0.082167 0.143245 -0.201143 -0.089632 -0.068678 -0.121784 0.089722 0.057506 -0.032383 -0.104970 0.288118 0.129500 0.060185 0.061226 0.030681 0.173543 -0.105364 0.148289 0.020965 -0.210319 0.059399 -0.281544 -0.101650 0.080566 0.113322 0.089089 -0.200025 0.122386 -0.039714 0.205867 -0.063963 -0.027742 -0.212810 0.005960 0.097380 0.073150 0.046194 0.191173 -0.162267 -0.240834 -0.178989 -0.004223 -0.049522 0.033425 0.011882 -0.153958 0.089071 -0.107945 -0.004084 -0.154682 0.046152 0.097056 0.043972 -0.114725 -0.077359 0.053128 -0.023987 -0.433273
-0.071856 -0.239001 0.261490 -0.240206 -0.098810 -0.305512 0.027586 -0.105610 0.257874 -0.090014 0.105135 -0.013661 -0.050256 -0.426038 -0.117013 0.025428 -0.085969 0.138200 0.233647 -0.132613 -0.013266 0.174073 -0.086000 0.069013 0.250074 0.198868 0.048514 -0.066874 -0.011155 0.087106 0.027863 -0.082391 0.033283 0.076322 -0.142759 -0.146963 0.039415 -0.075121 0.047164 -0.057200 -0.050326 -0.114140 -0.024997 0.045282 0.100266 0.116835 -0.019533 -0.130401 -0.239516 -0.082412 -0.118530 -0.424900 0.058708 0.007578 0.118412 -0.191440 0.232816 0.001341 -0.121495 -0.257980 0.029827 0.155873 0.157264 0.111176 0.043941 -0.189502 0.225187 -0.036608 -0.067553 -0.040240 0.052141 -0.174095 0.129908 0.175121 0.328673 0.035596 0.083319 0.015727 -0.081587 -0.505220 0.165403 -0.083404 0.035571 0.150043 0.154108 0.131188 -0.465054 -0.031672 0.080455 0.091657 0.114058 -0.100764 0.128841 0.020079 0.217450 -0.018756 0.143154 0.243615 -0.007355 -0.039222 -0.191096 -0.093764 -0.197911 -0.123150 -0.168396 -0.080036 0.113515 0.146501 -0.049507 0.103457 0.003937 -0.127857 -0.043944 -0.219645 0.315639 0.064903 0.021550 0.093041 -0.329684 -0.016345 0.080938 0.012220 0.067684 0.020897 0.057794 -0.051220 -0.074234 -0.269674
-0.083896 -0.147169 0.139647 -0.194413 -0.079010 -0.095599 -0.069794 0.051061 0.165202 -0.110060 -0.183245 -0.314474 -0.198762 -0.044606 -0.049566 0.017750 0.010264 0.110375 -0.304274 0.012010 -0.240671 -0.021356 0.058029 0.081251 -0.056307 0.066785 -0.068279 -0.253927 -0.118834 -0.040988 0.074028 0.362334 0.372032 0.158550 0.088331 0.281844 -0.084941 0.205478 0.153094 0.166668 0.064204 -0.536436 -0.250428 0.002702 -0.025160 0.187769 0.037728 0.076953 0.140366 0.106642 -0.314766 -0.289271 0.021255 0.198693 -0.207555 0.128212 0.052770 -0.091042 0.120245 -0.331614 -0.108761 -0.254519 0.129899 -0.052921 -0.125332 -0.175913 0.222285 -0.051775 -0.613592 0.080199 -0.104906 -0.221876 -0.321552 -0.274494 0.002652 -0.116163 -0.031559 0.099655 -0.038086 -0.400341 0.108201 -0.182800 -0.110049 0.191911 0.197408 -0.067259 -0.010590 0.009816 0.029545 -0.267970 0.198342 0.078005 0.044911 0.091389 0.166824 -0.074549 0.262835 0.168251 0.040489 -0.195361 0.285300 -0.046680 0.108785 0.002312 0.050795 0.193299 0.069190 0.069150 -0.583599 -0.157131 0.058133 -0.031058 0.065258 0.171420 0.429689 0.206421 0.062615 0.017364 -0.012043 0.173392 0.143034 0.156097 0.085867 -0.013658 0.100970 0.373651 -0.069521 -0.263980
0.193303 -0.136573 0.257196 -0.198212 0.315871 -0.062572 0.152487 0.000833 -0.321811 0.116799 -0.309245 0.144325 0.000272 0.152591 0.066223 0.192122 0.422449 0.005327 0.001532 0.111481 -0.017172 -0.048330 0.120083 0.222588 0.061747 -0.087704 0.024117 -0.042693 0.040188 -0.074858 0.052819 0.060786 0.027346 -0.081490 -0.182111 0.118859 0.060393 0.228884 -0.161459 0.047896 0.058991 0.174367 0.243751 -0.160008 -0.395389 0.085735 -0.281771 -0.017340 -0.064069 -0.182436 0.018330 -0.178338 -0.107124 0.144252 0.069961 -0.214542 -0.132420 -0.132682 0.138311 0.094416 0.161766 0.277396 0.105755 0.188678 0.022917 -0.052794 0.065910 -0.099783 -0.076264 0.081082 0.006280 -0.181336 0.284109 0.041205 0.160799 0.194687 0.126958 -0.012377 0.092837 -0.070728 -0.010535 -0.144325 -0.040228 -0.152055 -0.024541 0.339556 0.094143 -0.283204 -0.014632 0.034807 -0.058696 -0.164714 0.286618 -0.068057 -0.028316 -0.112825 0.216136 0.147590 -0.004492 -0.294552 -0.136008 0.153926 -0.143179 -0.000929 0.249455 -0.138554 -0.059959 0.274173 0.140940 0.032239 -0.002665 0.012321 -0.085847 -0.109348 -0.259724 -0.152844 0.212495 -0.037141 -0.108954 0.129499 0.233605 0.077964 0.072434 -0.030191 -0.128928 -0.039799 0.011347 -0.219157
0.167743 -0.013185 0.025012 0.064897 -0.343681 0.168540 0.061711 0.007792 -0.208765 0.068978 -0.039749 0.037103 -0.048707 -0.226484 0.086889 0.140808 -0.023786 0.118635 0.062691 -0.187636 0.097805 -0.020890 0.054592 0.063209 0.212681 0.179472 -0.051290 0.080319 -0.068151 -0.214428 -0.158229 -0.094093 -0.015588 0.172310 -0.103718 -0.073810 -0.042430 0.046222 -0.200232 -0.235389 -0.044194 0.019196 0.193624 -0.016695 0.105212 -0.136321 0.016046 0.068848 0.028214 -0.168060 -0.008715 -0.064711 0.068341 -0.013025 0.004018 0.163181 -0.015219 0.037968 -0.253829 -0.216704 -0.212816 -0.019038 0.344861 0.036102 0.012436 -0.082975 -0.196781 0.089892 -0.185222 -0.167104 -0.079644 0.133508 -0.151398 -0.250818 -0.017299 0.059532 0.118647 0.108164 -0.051378 -0.101096 0.205094 -0.061797 0.006022 0.135666 0.040489 0.006116 -0.033565 0.242089 0.014127 0.047034 0.191144 -0.140285 -0.123399 0.016107 0.053700 0.134836 -0.066744 0.052759 -0.014820 -0.355336 -0.022664 0.041821 0.072408 -0.069599 0.110632 -0.084416 -0.025660 0.010425 -0.311810 -0.269980 -0.190006 0.008090 0.009990 -0.315131 -0.127979 0.150876 0.205383 -0.253560 -0.040948 0.186529 0.105295 0.230077 -0.085348 -0.055203 -0.040786 0.083998 -0.004767 -0.225416
-0.095423 -0.129363 -0.059118 0.132373 -0.077310 0.116964 -0.040547 0.158461 0.110846 0.228685 0.035413 0.099221 0.028436 0.029017 0.117732 -0.069617 0.165535 -0.169033 -0.134583 0.004052 0.052611 -0.110556 -0.236093 0.026413 -0.121357 -0.096157 0.040860 0.189942 -0.008323 0.019476 0.227487 0.429108 0.354112 -0.077274 0.032127 0.119237 -0.222940 0.232292 -0.230312 -0.200131 -0.111626 -0.040422 -0.069116 0.047813 -0.026588 0.305454 0.198565 0.017456 0.148723 0.115494 0.027766 0.021388 -0.204331 0.042870 0.129132 0.052443 -0.143468 -0.019142 0.264460 0.040993 -0.101865 -0.065369 0.007416 -0.024095 -0.045153 0.252245 0.192870 0.094544 0.031246 -0.029756 0.065042 -0.072934 -0.015721 -0.309843 -0.155296 -0.125370 0.188797 0.201255 0.012167 -0.476426 -0.001932 0.080418 -0.032825 0.090253 0.013889 -0.075306 0.109838 0.132337 0.015247 -0.347743 -0.069055 0.003254 -0.051638 -0.096990 0.299364 -0.030440 0.056431 0.146282 -0.080304 -0.018575 -0.282000 0.065770 0.046897 -0.052280 -0.143584 0.019789 -0.044969 -0.177397 0.072369 0.055622 -0.031167 0.083601 -0.195931 0.111993 0.116710 0.006601 0.203281 -0.005687 0.297106 0.061712 -0.234927 -0.073605 -0.027003 -0.076238 -0.055883 0.092374 -0.138448 0.037506
0.265092 0.144526 0.021392 0.122383 0.240166 0.053433 0.021073 -0.024121 -0.075379 0.088688 -0.378104 -0.328827 -0.166295 -0.060710 0.217114 -0.035811 -0.094715 -0.061501 -0.198303 -0.029770 0.068982 -0.244865 -0.104521 0.100288 -0.093391 -0.138552 -0.077790 -0.164287 -0.103323 0.066027 -0.133815 0.045772 0.001347 0.118015 -0.053812 0.335383 0.014664 0.064552 -0.191440 0.137571 -0.066900 -0.304373 -0.104926 -0.005138 -0.145681 -0.046483 -0.123772 0.247797 -0.011501 -0.092269 -0.014733 0.003441 -0.228006 0.106558 0.104806 0.105737 -0.157347 -0.285421 0.160951 -0.020488 -0.098541 -0.187866 -0.115672 -0.229250 0.101897 -0.159758 0.020554 -0.056027 -0.024813 -0.141500 0.028723 -0.050925 0.082188 -0.163704 -0.089076 -0.046554 -0.169131 -0.112179 0.329111 -0.335045 -0.052670 0.098522 0.014944 0.093685 0.170432 -0.162510 -0.507813 0.218981 0.017993 -0.262300 0.077587 -0.266727 0.161525 0.145831 -0.050634 0.180510 -0.226021 0.160289 -0.044608 0.024810 -0.123707 0.021316 0.056981 -0.065225 0.061289 -0.002560 0.024452 0.026870 -0.204230 -0.215561 0.100623 -0.039975 -0.143896 0.001465 0.153536 -0.122218 0.060201 -0.017037 -0.010787 0.260427 0.085112 -0.141965 0.058544 -0.015751 0.024706 0.042859 -0.042197 0.206182
-0.042384 0.215955 0.310952 0.093614 0.099320 0.288924 -0.008712 0.251438 -0.026906 -0.076067 -0.388326 0.185175 0.066784 -0.023987 0.022394 0.188693 0.069585 -0.083676 -0.269525 -0.226356 0.164565 0.067212 -0.132465 -0.134675 -0.016301 0.141901 0.141069 -0.029327 0.023792 0.001992 -0.388112 -0.174676 0.001371 0.100404 -0.061953 -0.040521 0.029613 -0.155817 0.058973 -0.400467 -0.120440 -0.240754 -0.029334 0.123539 0.006732 0.005051 -0.021923 -0.046356 0.322157 0.136801 -0.036753 0.176867 -0.027878 -0.206433 0.060533 -0.105613 -0.083567 0.174260 -0.035646 0.095612 -0.072561 0.018372 0.009631 -0.078973 0.162432 0.298535 -0.295107 -0.005250 -0.424410 0.050280 0.093698 0.129952 -0.446976 -0.228249 -0.080572 -0.085432 0.078385 -0.134609 0.009426 -0.001707 0.313817 0.041964 -0.054671 0.077243 0.041231 -0.047616 -0.046015 -0.126812 0.012932 0.088431 0.105718 -0.171658 -0.107838 0.017980 -0.114800 -0.064279 -0.090380 0.067825 0.005864 -0.100376 -0.256809 0.035116 0.254511 -0.013201 0.233543 0.202049 0.137042 -0.060881 -0.139848 0.022780 -0.189619 -0.065070 -0.116567 0.164472 -0.080451 -0.221868 0.249476 0.190414 0.178870 -0.094502 0.133766 0.120689 0.062192 -0.207943 0.124126 -0.048297 -0.119010 0.103425
-0.078586 0.001914 0.160450 -0.022472 0.220712 -0.269885 -0.212484 0.108865 0.067216 0.170881 0.076200 0.178128 0.001781 -0.280103 -0.013462 -0.034659 -0.009471 0.169311 0.069743 0.063720 -0.024952 0.035045 0.136088 -0.013972 0.156847 0.098951 -0.044557 -0.001815 -0.003326 -0.021847 0.213734 0.065263 0.112782 0.100075 0.113011 -0.295784 -0.109672 0.068850 0.040185 0.071617 -0.016459 0.044679 -0.116928 0.078416 0.177090 -0.079134 0.092382 -0.012280 -0.229290 0.265857 0.057515 -0.168845 0.487414 -0.030277 -0.068539 0.148743 0.116065 -0.295020 0.079780 0.134331 0.014840 0.040639 -0.025680 -0.001961 0.118519 -0.213593 0.032830 -0.112773 -0.113683 0.083801 -0.109218 0.131391 0.026491 -0.148736 0.098967 -0.045607 0.116261 0.188680 -0.156269 -0.081096 -0.096367 -0.041210 0.033250 -0.106895 0.155189 0.091114 0.099792 0.075664 0.020457 -0.023814 0.059416 -0.036933 -0.237872 0.026981 0.082503 0.015329 0.264568 -0.177081 0.034039 -0.228902 -0.085780 0.148326 0.025025 0.000721 -0.187856 0.132205 -0.005082 0.149292 -0.221775 -0.154009 -0.169330 -0.010825 0.184963 -0.065638 0.249880 -0.102345 0.044180 -0.117183 -0.001181 0.142590 0.297561 0.252270 -0.107531 -0.028419 0.032758 -0.043512 0.208606 -0.122109
-0.148813 0.156116 0.340882 -0.186409 0.016973 0.257256 -0.014685 0.079567 0.073994 -0.051541 -0.357089 0.182857 0.021366 -0.017872 0.001872 0.107626 0.079341 0.052637 0.149668 -0.195621 0.054212 0.315625 0.021587 0.003678 -0.023280 -0.218827 0.043050 0.133509 -0.103185 -0.054059 -0.454819 -0.220439 0.185225 -0.129193 0.008958 0.028129 -0.082979 0.163517 -0.085452 -0.059368 -0.047642 0.129466 0.139785 -0.073821 0.036500 -0.125137 0.209859 0.141786 0.216735 0.018562 -0.259709 -0.022203 -0.014467 -0.098530 0.098787 0.144643 -0.245089 -0.015398 0.096058 0.166108 0.171680 0.294358 0.005707 -0.046391 0.273158 0.124416 -0.145283 0.006321 -0.080796 -0.072808 0.004864 0.074249 -0.244483 -0.107193 -0.165260 -0.087663 0.032971 0.077429 0.024492 -0.352393 0.131647 -0.086763 0.054813 0.010549 0.040775 0.161025 -0.012212 -0.147492 -0.008635 0.025907 -0.095573 -0.102816 0.148673 -0.013899 -0.147969 0.069570 -0.216657 0.072215 -0.083879 0.127149 0.113437 0.029743 0.039630 0.038361 0.103508 0.007266 0.019911 0.212186 -0.146750 0.207465 0.118927 -0.015273 -0.237076 0.042121 -0.134097 -0.128634 0.098099 0.072858 0.083208 0.141482 0.146245 0.041182 0.100700 -0.069715 -0.104781 0.031616 -0.133945 -0.001210
0.066778 -0.229469 0.146329 0.149789 0.287030 0.081074 0.230946 0.101455 0.074856 0.240622 -0.067011 -0.108203 0.072380 0.039207 -0.083237 0.207504 0.270536 -0.115526 0.030786 0.335268 0.212983 0.017688 0.102235 0.091918 -0.064354 0.013046 -0.001723 0.106571 -0.043658 -0.404215 0.312265 0.044130 0.358434 -0.225283 -0.010729 0.121892 -0.017362 0.017502 -0.156698 0.053108 -0.120872 -0.194560 0.067226 -0.107414 -0.105160 0.063834 0.019927 -0.074833 0.119259 -0.013574 -0.035938 -0.098293 -0.062178 0.198343 0.058966 0.020806 -0.133697 -0.043902 0.224600 0.098852 -0.142733 0.075231 -0.204449 -0.032320 0.214415 0.176670 0.019860 -0.042607 0.139451 -0.101186 -0.068926 -0.063861 0.218274 -0.028921 0.088304 0.022131 0.160569 -0.084729 0.380275 -0.195980 0.165736 -0.186937 -0.143407 -0.087840 0.013104 -0.007498 0.013704 0.121093 -0.029869 0.038618 -0.030641 -0.056179 -0.067865 -0.180748 0.076240 0.283917 -0.144037 -0.075953 -0.025497 0.075613 0.072493 0.164839 0.004155 -0.036870 0.030721 0.155139 -0.231013 0.023654 0.113298 -0.088316 0.145126 -0.081617 0.017427 0.138594 -0.013775 0.065032 0.212578 0.256035 0.189016 0.113062 0.129424 0.007096 0.289357 -0.000566 -0.009950 0.042470 -0.043494 0.115797
0.038565 -0.085597 0.118258 -0.038423 0.084632 -0.014901 -0.145011 -0.031912 0.050359 -0.137606 -0.108826 -0.201982 -0.161290 -0.010821 -0.006702 0.205362 0.003606 -0.069198 -0.244676 -0.137357 -0.015918 0.158036 -0.072750 0.191518 0.100401 0.006715 0.079419 -0.338682 -0.063141 0.066568 -0.029184 0.056078 -0.133877 -0.117060 -0.163349 0.172510 -0.098301 0.040944 -0.262589 -0.005500 -0.174297 -0.379579 0.066144 -0.009568 0.118867 0.141459 -0.226098 -0.020912 -0.351320 0.231209 -0.183706 -0.191343 -0.306495 0.071613 0.199764 -0.132303 0.208430 0.107096 0.178580 -0.134173 0.054168 -0.095032 0.086591 -0.189561 0.262705 0.079549 0.293329 0.050291 -0.190722 -0.237878 -0.069695 0.062547 0.167876 -0.201070 0.114445 0.065437 -0.062245 0.113707 -0.039631 -0.402252 0.058126 -0.109457 -0.081425 -0.004585 0.190388 0.008863 -0.039582 0.009231 -0.065919 -0.184681 0.113093 -0.050646 0.128451 -0.008902 0.142361 0.118184 0.208146 0.361143 0.017613 -0.170812 -0.011636 -0.059311 -0.057966 0.028430 0.020806 -0.052734 -0.031138 0.216057 -0.278342 -0.037707 0.202514 0.003634 -0.107058 -0.007947 0.169157 -0.020448 0.109651 0.033743 -0.135951 0.092192 0.131175 0.004045 0.162069 -0.025083 -0.059844 0.113909 -0.040872 0.232418
0.099702 0.021574 0.157977 -0.090998 -0.064516 0.102598 0.018994 0.172268 0.137947 -0.234125 0.010328 -0.003454 0.012948 0.063466 -0.088200 0.044932 0.245871 0.100299 -0.095831 0.069715 0.103070 0.198889 -0.060986 -0.321280 0.013051 -0.135976 0.009387 0.152144 -0.047274 0.120788 -0.099278 0.052306 0.064100 0.110756 -0.142400 0.144771 -0.080561 0.124736 0.051972 0.008353 -0.253405 -0.049540 0.022042 -0.014863 0.105899 0.224490 -0.109336 0.046851 -0.068068 0.099886 -0.215023 -0.427528 0.032262 -0.097130 -0.002217 -0.056604 0.061021 -0.120611 0.041194 -0.146063 0.049654 0.215292 -0.049471 -0.010180 0.020112 0.213964 0.081325 0.016691 -0.000168 -0.125903 0.045660 -0.176092 -0.002235 -0.133904 0.063537 0.071634 -0.050355 0.088289 0.094581 -0.207772 0.042919 -0.027873 0.090433 0.164341 0.083450 -0.035429 0.024855 -0.280037 -0.111561 0.029288 0.064610 -0.184998 0.005694 0.139881 0.208417 -0.197678 -0.046135 0.112328 0.011487 0.123174 0.175979 0.094098 0.197162 0.009755 -0.249445 -0.360245 -0.176011 0.075737 0.142810 -0.138062 -0.064068 -0.130964 -0.140019 0.063622 0.096931 0.108986 0.147190 0.192990 0.052410 0.164569 0.031159 0.008073 0.202670 -0.075364 -0.104522 -0.175713 0.038932 0.148817
0.041707 0.043248 0.111097 0.007641 -0.055748 -0.044606 0.097765 -0.045894 0.308171 -0.097864 0.108572 0.046782 0.107825 0.071713 0.105541 0.142793 0.033720 0.065147 0.007789 -0.011876 0.161856 0.132591 0.004001 -0.027477 0.082672 -0.122900 0.169161 -0.016639 0.015660 0.348030 -0.015159 -0.187552 0.106390 -0.102082 -0.020360 -0.142726 0.012798 -0.057641 0.003741 -0.190857 -0.068261 -0.215838 -0.042770 0.032980 0.157246 0.167360 -0.022065 0.180966 0.178832 -0.143704 -0.012737 -0.014283 -0.079191 -0.025873 0.118306 -0.125294 0.034709 0.009947 0.213078 0.196143 -0.160125 0.130820 -0.013913 0.141260 -0.202420 0.005181 -0.042701 -0.060072 0.123032 -0.158248 -0.088555 -0.192684 -0.177451 -0.118323 0.018381 -0.130948 -0.059550 -0.114787 0.112514 -0.298405 -0.275066 0.049725 -0.135305 0.132645 0.078507 -0.361269 -0.067662 0.009802 -0.071689 0.115149 0.052339 -0.078993 -0.287005 0.244692 0.057870 -0.037654 -0.038848 -0.194705 0.028251 -0.035673 0.027193 -0.042681 -0.012350 -0.033295 0.117686 -0.081973 0.016295 0.063006 0.046976 -0.213183 -0.062135 -0.026471 -0.045797 -0.011342 -0.062504 -0.024209 -0.215396 0.119307 -0.210315 0.008804 -0.119567 0.170062 -0.236725 0.008108 -0.015833 -0.136181 -0.361483 0.118031
0.216242 -0.249845 -0.131211 0.290587 -0.280867 0.170329 -0.084341 -0.189791 -0.222674 0.155095 -0.053223 0.001471 0.083402 -0.323671 0.244143 -0.016690 0.303077 0.009047 0.094528 -0.229512 -0.000279 0.279992 0.279021 0.169293 -0.156769 -0.375396 0.059732 -0.636842 -0.008441 0.062318 0.152923 -0.144533 0.231084 -0.000501 0.004881 -0.172491 0.319635 0.249772 0.057293 0.260630 0.212861 -0.002534 -0.008268 0.073096 0.022962 -0.095094 0.257168 0.364422 -0.528624 -0.295520 0.004360 0.138691 -0.017231 -0.016321 0.117324 -0.101510 -0.101620 -0.193656 -0.023611 0.133006 -0.162120 -0.100343 0.087737 0.148790 -0.052654 -0.044002 0.210534 -0.030588 -0.025034 -0.274799 -0.184704 0.468030 -0.135402 -0.071966 -0.232724 0.147937 0.030100 0.249847 0.138551 -0.052753 -0.064772 0.097937 0.048022 -0.348527 -0.313450 -0.103328 -0.084631 0.046719 -0.018477 -0.407704 -0.358827 0.047950 -0.332459 -0.285051 -0.221058 -0.268300 -0.062267 -0.121454 0.000125 -0.002967 -0.325788 -0.117674 0.036390 -0.056280 -0.012648 -0.019474 0.061299 -0.068890 0.460171 0.060104 -0.080016 -0.080418 0.084242 -0.135998 -0.212816 0.178810 -0.165592 -0.338391 -0.261635 -0.128177 -0.175178 0.296907 -0.661725 0.003973 -0.041537 -0.003855 -0.497196 -0.071314
0.087155 -0.192381 0.093093 0.233282 -0.029555 -0.221613 0.081015 0.172725 0.367142 0.007811 -0.051045 -0.219650 0.050181 0.070012 0.073135 -0.094578 0.269831 0.036448 0.192252 0.185404 -0.179052 -0.061550 0.305027 0.222386 -0.042134 0.087490 -0.186400 -0.100832 0.023822 -0.073398 0.324546 -0.077271 0.055281 0.186505 -0.083122 0.098621 -0.082266 0.453492 0.171012 -0.242073 0.040850 0.052917 -0.206132 0.037410 -0.233909 -0.084032 -0.150333 0.214326 0.123598 0.041394 -0.036466 0.045502 -0.078631 0.095933 0.159946 0.046869 -0.107300 -0.127964 -0.035806 0.024968 -0.013396 0.164082 0.068346 0.327991 -0.104661 -0.101158 0.025651 -0.037829 0.161198 0.197234 -0.017668 -0.048763 0.196445 0.037749 0.158972 0.056266 -0.062457 -0.033711 0.290295 -0.202730 -0.283521 0.325908 0.049544 -0.102468 0.174169 0.005990 0.039663 -0.023995 -0.009559 -0.111331 -0.012807 -0.107121 0.196201 0.228425 -0.142494 0.025335 0.076040 0.081711 0.002637 -0.058550 0.099933 0.195229 -0.005997 0.095382 0.357525 0.017159 0.009169 0.051424 -0.026204 0.119887 0.014955 0.075630 0.077099 0.065878 0.035677 0.003241 -0.229309 -0.331550 -0.142930 0.012989 0.020574 0.094228 -0.134725 -0.025228 0.036300 0.043428 -0.204195 -0.090076
0.093331 -0.036135 0.037189 0.066515 -0.105759 -0.144995 0.057457 -0.075251 0.094646 -0.162446 -0.155961 -0.118976 0.089238 0.220023 0.007218 -0.164932 0.007555 0.112741 -0.185512 0.029353 0.061805 0.224920 -0.182575 0.034793 0.089254 0.263417 0.139315 -0.255052 -0.029151 -0.197576 -0.085490 -0.061240 -0.043733 -0.089228 -0.081933 -0.053018 -0.160432 0.018141 0.072790 0.018196 -0.124385 -0.000894 -0.018882 0.102598 -0.001219 0.245328 -0.112163 0.178699 -0.048566 0.147040 -0.121323 -0.131138 -0.291066 -0.057933 0.106192 0.001862 0.019249 -0.250525 -0.008504 -0.152386 0.012054 0.080151 0.044254 0.019811 0.111098 -0.022910 0.146604 -0.055907 -0.315536 0.189001 -0.011352 0.103429 -0.000426 -0.126813 -0.181873 0.208758 0.176770 0.079004 0.005188 -0.132958 0.119712 -0.072361 0.083411 0.176607 -0.092106 -0.169777 -0.426773 0.079822 -0.003348 0.069109 0.087751 0.030493 0.094022 -0.094052 0.127165 0.050970 -0.085418 0.145822 -0.111486 0.111872 0.087709 0.083891 -0.056154 -0.120452 -0.304279 -0.107805 -0.001325 0.114110 0.010302 -0.061100 -0.154318 -0.063975 -0.097090 -0.147297 0.138514 -0.018034 0.083056 -0.070693 -0.013053 0.097597 -0.047173 -0.004874 0.077637 -0.018505 -0.140073 -0.155052 -0.117526 -0.034561
-0.059915 -0.030272 0.147773 -0.019340 0.076416 -0.113285 -0.317677 0.194761 0.001847 0.206650 0.033469 -0.150973 -0.476480 0.032723 -0.108262 0.217734 -0.086401 -0.006610 -0.049316 -0.015088 0.105530 -0.186457 -0.123785 0.062590 -0.060677 -0.007409 -0.147622 0.172255 -0.112497 -0.018020 -0.267851 0.014590 0.141038 -0.221310 -0.024197 0.216317 -0.076180 0.257547 0.117814 -0.098964 0.023859 -0.077623 0.113440 0.086389 0.230169 -0.218221 0.252478 -0.191087 0.073140 0.233576 -0.140353 0.198470 0.006827 0.048700 -0.384642 -0.060207 0.075728 -0.029795 -0.147562 -0.219812 0.071890 0.164147 0.101796 0.018655 -0.040185 -0.261266 -0.284559 -0.025302 -0.262909 0.076600 0.243511 0.157546 -0.025688 -0.058936 -0.510330 0.250756 -0.008476 -0.044590 -0.180888 -0.087815 -0.000524 -0.138869 0.235878 -0.197989 -0.503199 -0.017874 0.106806 -0.031401 -0.016861 -0.031483 -0.055309 -0.026472 0.037569 -0.189759 0.088263 -0.111072 -0.115082 -0.160159 -0.027358 0.130020 -0.079907 -0.169907 -0.111812 -0.057122 -0.215414 0.135574 -0.273658 -0.238686 -0.257837 -0.025738 -0.455502 -0.017135 -0.062046 0.005842 0.098937 -0.062904 -0.001962 0.251534 0.007774 0.190536 -0.103131 -0.030645 -0.223171 0.041898 -0.000203 -0.145593 -0.085800 -0.125282
-0.028496 -0.038350 -0.036732 -0.148909 0.005097 0.126973 -0.015431 -0.071982 -0.182455 0.041960 0.129784 -0.041885 -0.054039 0.345658 -0.041613 0.086337 -0.037637 0.021878 -0.152746 -0.059738 -0.061607 -0.179566 0.328525 -0.032140 -0.018946 0.025857 -0.420762 -0.247571 -0.073181 -0.134108 0.056560 0.288417 -0.166387 0.045493 0.001670 0.141074 -0.053777 -0.049949 -0.166515 0.163399 0.179968 -0.280327 -0.042439 -0.089794 0.015306 0.011818 -0.117891 -0.048535 0.071098 0.048177 -0.021583 0.086478 -0.030696 -0.194592 -0.144852 -0.169087 0.077393 0.141686 0.101521 0.081879 0.150023 -0.271674 -0.128367 0.142300 0.027774 -0.126278 0.142788 -0.008907 0.164256 0.127641 -0.278204 -0.158777 0.314715 0.141712 0.123039 0.218374 -0.227973 -0.045488 0.030204 0.334114 0.128709 0.001598 0.215945 0.010478 -0.097442 0.028426 -0.114419 0.027050 0.044920 0.068005 0.058384 0.055496 -0.089059 0.100937 -0.031242 0.035914 0.110728 -0.123776 -0.019306 0.133491 0.132596 0.107885 -0.305623 -0.077533 0.027709 -0.056710 0.007103 0.091944 0.065907 -0.149042 -0.253733 -0.062406 0.093116 0.057905 0.154491 0.258419 -0.179808 -0.125921 -0.049933 -0.107712 -0.070403 -0.088867 -0.321958 -0.046722 -0.111635 0.012338 0.060143 0.008536
0.214896 -0.227683 -0.046202 0.096675 -0.413404 -0.027316 -0.179718 0.287237 0.192570 -0.093763 -0.122363 0.170794 -0.402567 -0.111734 0.043693 0.029484 -0.165849 0.085631 -0.205610 -0.175400 0.087238 0.001619 -0.095542 -0.219804 -0.199040 0.085698 -0.206309 -0.065145 -0.042643 -0.063434 -0.215821 -0.085885 -0.141064 -0.100232 -0.049971 0.030615 0.237876 0.095257 0.028775 -0.031432 -0.174766 0.210253 -0.241786 0.267911 -0.219909 0.140317 -0.143047 -0.130994 -0.123719 0.098725 -0.168268 -0.765601 -0.252968 -0.050222 0.104174 -0.113164 -0.261151 -0.102975 -0.059728 -0.106994 0.172038 -0.161575 0.057565 0.076878 -0.105647 0.036904 -0.193052 -0.014344 -0.152762 0.105309 -0.044076 -0.263577 -0.101163 -0.309234 -0.090888 -0.334395 -0.017823 -0.255312 0.052022 -0.097714 0.000111 0.056624 -0.186502 -0.006883 -0.174581 0.072951 -0.014063 0.188154 0.006531 0.036603 0.404551 -0.138719 -0.058773 0.073580 -0.070675 -0.344480 0.096331 -0.011141 0.021133 -0.016859 0.018528 -0.058973 0.065445 -0.025720 0.073354 -0.034600 0.020727 -0.114519 0.032493 -0.379824 -0.276571 0.008699 -0.174112 0.073257 -0.054575 0.016384 0.060355 0.115360 -0.061381 -0.357581 -0.030403 -0.024307 0.011234 -0.037110 -0.054470 -0.078529 -0.327449 -0.040330
0.003686 -0.131694 -0.065527 0.270726 0.119093 -0.115294 -0.002024 0.025338 0.028989 0.004269 0.010187 0.280981 0.085013 0.344979 0.115734 -0.321842 0.282662 0.028342 0.312939 -0.088340 0.083359 -0.132790 0.191640 0.087646 0.054742 0.213464 -0.049768 0.089532 0.018192 0.023089 -0.049879 0.011779 -0.151627 -0.102749 0.077490 -0.116867 -0.089933 -0.027687 -0.071966 0.026762 -0.010326 0.204848 -0.168208 -0.044665 -0.262722 -0.173567 0.214164 0.099402 0.170691 -0.171975 0.066832 0.058362 -0.067158 -0.103991 0.077980 -0.011369 0.025180 0.138297 0.168481 0.131245 0.037159 -0.056869 0.287312 -0.034891 -0.144735 0.067761 -0.159491 -0.120633 -0.175706 0.270568 0.195781 0.190265 -0.139894 0.105278 0.254536 0.016884 0.134781 0.157389 0.038966 0.192013 -0.092642 0.168749 0.058429 -0.051048 0.142997 0.349679 0.033257 0.085251 -0.009635 -0.237009 -0.176473 0.146738 0.209806 0.080048 -0.224024 -0.047774 0.098642 0.045721 -0.049623 -0.125461 -0.110373 -0.091046 -0.110264 0.035166 0.230024 0.042964 0.012220 -0.108873 0.019425 -0.041860 -0.013117 -0.058790 -0.092123 -0.025534 0.057414 -0.020647 -0.274797 -0.094388 -0.038992 -0.074442 0.265562 0.095169 0.076854 -0.028128 -0.078065 -0.324953 0.245915 0.114801
0.092223 0.030781 0.013234 0.071419 -0.458869 0.157932 -0.164450 -0.047083 -0.299552 0.144857 -0.157384 -0.061014 -0.137053 0.317460 -0.074529 0.330498 0.274973 0.234780 0.068138 0.056168 0.195744 -0.025195 0.048864 -0.080777 -0.122493 -0.211224 -0.731737 -0.359020 0.000913 0.018012 0.143803 0.063961 -0.266578 0.121953 -0.015933 -0.309622 0.200591 0.225000 -0.026539 -0.067604 -0.056625 0.221750 0.250418 -0.044868 0.053481 0.055636 -0.330121 0.146697 0.051478 -0.025620 -0.032971 0.175583 -0.290404 -0.238412 -0.168721 0.105917 -0.028518 -0.156723 -0.168544 0.238463 -0.065494 -0.274483 0.122070 0.189129 -0.037557 -0.245044 0.225304 0.006009 0.043439 0.235928 -0.413182 -0.046165 0.010517 -0.064340 0.067288 0.364921 -0.012157 -0.121623 -0.081814 0.010857 -0.370469 -0.094356 0.147080 -0.057811 0.037987 -0.331655 0.154024 0.150308 0.010571 -0.146245 0.331788 -0.016559 0.121438 -0.053783 0.048812 0.403211 0.064535 -0.012750 0.017485 0.043010 -0.004009 0.106708 -0.101566 0.036689 -0.313762 -0.131440 -0.238604 0.123131 -0.033660 -0.038903 -0.020243 -0.034261 -0.090283 -0.259506 -0.192216 -0.152159 -0.290568 -0.203223 -0.300822 0.162289 0.206101 0.325855 0.027546 -0.004904 -0.023520 0.045001 0.189798 0.231204
-0.337125 0.093172 -0.282694 -0.116040 -0.022021 -0.380856 -0.100184 0.119756 0.169337 0.063353 0.064022 -0.160651 0.031538 0.028865 0.205400 -0.139544 0.007653 0.263246 -0.085849 0.088040 0.012861 -0.127184 0.229410 0.132474 0.158381 0.359198 0.027216 -0.069219 0.002485 -0.070373 0.166182 -0.096165 -0.071794 0.265302 -0.060168 -0.164964 -0.085596 0.101254 -0.054843 0.291082 -0.103874 -0.083112 0.005302 -0.350859 -0.070876 -0.068024 0.322667 0.024710 -0.178789 -0.229121 0.101398 -0.064346 -0.057714 -0.023206 -0.006680 0.320132 0.029275 0.066179 0.005333 0.089880 -0.117940 -0.390253 -0.080289 -0.201490 0.057001 0.011241 -0.218380 -0.028108 0.121598 -0.207619 0.120094 0.121303 -0.001972 -0.267541 0.015211 -0.194366 0.072634 -0.101353 -0.033649 0.084089 0.011024 -0.051734 0.186839 -0.152639 -0.010422 0.329998 -0.271568 0.257538 -0.008988 -0.145395 0.120534 -0.159574 0.061226 0.086421 -0.323927 0.245023 -0.364145 -0.014000 0.076403 -0.161181 0.025224 -0.006786 -0.153141 -0.041963 -0.089154 -0.112011 0.152053 0.007968 0.035601 0.095307 -0.150432 -0.024628 -0.074243 0.039144 -0.116048 0.199031 0.001704 0.011993 -0.249697 0.132575 0.284745 -0.043015 -0.337701 -0.004844 -0.057535 0.027517 0.032001 -0.289775
-0.264901 -0.682919 -0.099699 -0.236603 0.046792 -0.149588 0.102586 0.112595 0.384303 0.159671 0.309877 -0.184907 0.277581 0.086746 0.102372 -0.108505 -0.066332 0.095806 0.143458 0.132604 -0.089467 -0.036632 0.112573 0.288465 0.000139 0.240151 -0.020231 -0.672230 0.063409 -0.258208 0.235108 -0.034006 0.047437 0.164643 -0.024054 -0.020547 -0.031418 -0.040306 0.008463 0.084917 -0.027594 0.008144 0.001689 -0.174343 0.245919 -0.219438 -0.225898 0.121911 -0.008333 -0.007578 -0.046402 -0.376319 -0.136053 -0.060071 0.126974 0.042054 -0.045652 0.016124 0.133115 -0.141016 -0.024134 0.025753 0.437304 -0.006112 -0.092663 -0.077798 0.240307 -0.067414 -0.323929 0.150149 -0.161607 -0.133896 -0.096916 -0.269472 -0.069308 -0.050028 0.172169 -0.225092 -0.274588 -0.013152 0.250709 -0.154245 -0.277438 0.251962 -0.248949 0.117322 -0.072498 0.090836 0.072948 -0.046798 0.081197 0.105881 0.109425 0.107932 -0.136916 -0.027640 -0.323879 0.324655 -0.111347 0.039288 -0.137259 -0.045398 -0.215388 -0.030617 0.034082 -0.020294 0.062365 0.471019 0.122282 -0.185364 0.059238 0.006094 0.102009 -0.375195 0.277384 -0.224301 0.100189 -0.214607 -0.254602 0.137478 -0.040821 0.019873 -0.016049 0.053784 0.084527 0.296067 0.172770 -0.207423
0.038856 0.217791 -0.077171 0.058582 0.079620 -0.175912 -0.243485 0.104623 -0.072443 -0.220595 0.147822 -0.012578 -0.168561 0.079392 0.110127 -0.135892 -0.332578 0.071910 -0.288622 0.107656 -0.082590 -0.087970 -0.011519 -0.027994 0.316225 -0.313951 0.037156 0.008253 -0.025487 0.024997 -0.027842 -0.097228 -0.012652 -0.300824 -0.068098 0.043475 0.150504 -0.063944 0.024320 0.020692 -0.009204 -0.356694 -0.037782 0.152477 0.219061 0.099761 -0.096221 -0.122615 -0.048151 -0.056303 -0.037480 0.063598 0.106782 0.114071 -0.193677 -0.051323 -0.033614 0.081716 -0.197015 -0.050626 0.035274 0.097354 -0.245328 -0.201366 0.012854 0.051959 -0.180754 -0.086901 0.242414 -0.109963 -0.012387 0.082941 -0.229154 -0.026009 0.153315 0.179561 0.173471 -0.019987 -0.038014 -0.062969 -0.038357 0.199706 0.311149 -0.051791 -0.047972 -0.039781 -0.011918 0.011566 -0.072513 0.229692 -0.138219 0.076900 -0.055646 0.080829 0.062655 -0.033870 -0.275317 0.044044 -0.082871 -0.327261 0.229001 -0.132106 0.085033 -0.122170 -0.307016 -0.093401 -0.001403 -0.038412 -0.235797 -0.181436 -0.046042 -0.107820 -0.146063 -0.036901 0.033964 0.066890 -0.034659 -0.043021 -0.111074 0.052639 -0.080579 -0.165670 -0.205537 -0.023636 -0.020467 0.183131 0.046387 -0.098987
-0.085395 0.103764 0.157370 0.083126 0.120387 -0.016065 -0.297270 0.072227 -0.200898 0.256505 -0.046023 0.065970 0.070636 -0.037366 0.161844 0.031338 -0.087259 -0.147443 0.114054 -0.032558 0.141713 0.275663 -0.032442 -0.235943 -0.038496 0.042462 -0.127434 0.400702 -0.084680 -0.111787 -0.001499 -0.095555 -0.077567 0.185907 -0.292814 0.108470 -0.134198 -0.096871 -0.178975 -0.113417 0.062053 0.211581 0.052149 -0.126101 0.253264 -0.198387 0.245265 -0.109912 0.068480 -0.136042 -0.013331 -0.123548 -0.317546 -0.058168 -0.131142 -0.233986 -0.003797 0.043559 -0.070121 0.146126 0.060522 0.054459 -0.065922 0.103693 -0.338600 0.122184 0.160499 -0.063436 0.051488 0.059506 -0.040532 -0.142529 0.209513 -0.136567 0.048359 0.149089 -0.047195 -0.186737 0.051899 -0.069442 -0.042855 -0.015173 0.130912 0.156442 -0.156572 0.134684 0.227194 0.094377 -0.014177 0.168625 -0.225952 0.029441 -0.070269 0.162779 -0.102753 0.054435 -0.035638 -0.041571 -0.052013 0.300568 0.160178 0.113566 0.135310 -0.132716 -0.030429 -0.165959 0.040069 0.033750 0.099410 0.031133 -0.062194 -0.079463 -0.146567 -0.102940 -0.065606 0.032701 -0.068559 0.092031 -0.281197 0.290767 -0.322785 -0.029807 0.079966 0.040345 0.006437 -0.040365 0.229735 -0.354078
0.041741 0.211384 -0.070380 -0.099160 0.362181 -0.006823 0.036420 -0.009082 0.093898 -0.293540 -0.019443 -0.072450 -0.272199 -0.037125 0.190461 0.197694 -0.191762 0.146674 -0.203101 0.012313 0.099894 -0.001258 0.196803 -0.099751 -0.134573 -0.138465 -0.049721 -0.110649 0.037489 -0.052225 -0.016796 0.173400 -0.305883 0.000547 -0.171949 0.340612 -0.188090 0.139157 0.109775 0.095768 -0.218723 -0.186100 -0.054611 0.189334 -0.040284 0.079553 -0.252951 0.031885 0.327698 0.020973 -0.306600 -0.269554 -0.208299 0.071250 -0.185955 -0.036369 -0.099638 0.034228 0.142127 -0.071693 0.204805 -0.118750 0.038249 -0.042148 -0.159637 -0.253299 -0.204446 -0.035088 0.235266 -0.126173 -0.163271 -0.398586 0.052494 -0.164395 0.036688 0.371719 -0.256858 -0.190886 0.102347 -0.249080 0.037711 -0.005129 0.051126 0.151444 -0.217205 0.101109 -0.114799 -0.472520 -0.024452 0.011478 0.085918 -0.245754 0.184285 0.013765 0.001137 -0.248987 0.342539 0.115153 -0.046132 -0.065443 -0.002498 0.122779 0.104059 -0.019271 -0.029281 -0.058512 -0.006698 0.244902 0.145330 0.103433 0.057919 -0.027287 0.000917 -0.013608 -0.101290 0.014796 0.141569 0.180442 -0.264994 0.035035 0.155667 -0.126719 0.345432 -0.037276 -0.076233 -0.274575 -0.165139 0.152949
0.101239 0.134882 0.078397 0.244037 -0.095796 -0.282317 -0.080641 0.013217 0.040066 -0.030681 0.015718 0.189401 0.054257 -0.040904 0.334757 -0.310372 0.331074 -0.198382 -0.192365 0.278019 0.092269 0.031272 0.008010 -0.112728 0.118024 0.040117 -0.107425 0.016835 -0.011408 0.245150 0.010125 0.016685 0.122243 0.082997 -0.197119 -0.234089 0.105451 -0.005250 0.125938 -0.216447 -0.036070 -0.188810 0.021861 0.016688 -0.026555 0.054896 -0.196392 0.112066 -0.031297 -0.330606 -0.113846 0.052209 0.049861 -0.072208 0.132065 -0.308751 0.202961 0.154254 -0.192001 -0.221152 0.181471 0.016618 0.061017 0.277517 -0.373267 0.235190 0.077037 -0.003382 -0.001916 -0.066841 -0.035188 0.114009 0.219009 -0.030206 0.126984 -0.083789 -0.130277 0.114438 0.144040 -0.046117 -0.331621 -0.013612 0.038947 0.010485 0.035947 -0.055135 -0.169338 0.010952 -0.106966 0.116644 -0.033872 0.126737 -0.210694 0.000708 -0.014036 0.107116 0.025066 -0.037111 -0.000017 -0.304375 -0.116969 -0.217866 -0.019477 -0.066272 0.416636 -0.022106 -0.106512 -0.261934 0.043166 -0.154774 -0.046460 -0.108883 0.059761 -0.038020 0.317043 0.046212 -0.083008 -0.004846 0.186477 0.271949 0.023422 0.274261 -0.275662 -0.082861 -0.018869 0.105410 -0.018642 0.029964
0.095666 -0.000852 -0.010974 -0.185451 0.101701 0.253913 -0.236015 0.043000 -0.261524 0.059204 -0.069282 0.216752 -0.020397 -0.049454 0.091755 0.037434 -0.022596 -0.013743 0.179974 -0.054982 0.128871 0.064785 0.039030 -0.198891 0.121848 -0.009483 -0.015114 0.083682 -0.043753 -0.026569 -0.069114 -0.275187 -0.305127 0.173067 -0.062497 0.037629 -0.153640 0.036457 -0.356117 -0.351018 -0.059601 -0.098557 0.030097 0.011036 0.047381 -0.028075 -0.083213 0.005900 -0.018527 -0.337606 0.106648 -0.198012 -0.185399 -0.340509 -0.060200 -0.066380 0.118869 0.110142 -0.027831 -0.038764 0.038154 0.149948 -0.063929 -0.060819 -0.368701 0.012435 -0.375082 -0.132219 0.060894 0.058383 0.141922 0.098180 0.162241 0.058897 -0.013032 0.134568 0.071610 0.025310 -0.031146 0.168143 -0.183897 -0.075878 0.197637 -0.021831 -0.134735 0.071140 -0.060817 0.000662 0.015022 0.333738 -0.191812 0.150941 -0.017154 0.049777 -0.167934 0.134257 -0.104909 0.163645 -0.114272 0.152174 -0.065757 -0.023562 -0.034630 -0.019284 0.111624 -0.109138 -0.033599 0.130937 0.187475 0.013179 -0.159490 -0.072268 -0.135774 -0.402385 -0.100173 -0.169716 -0.253574 0.032201 -0.355791 -0.114878 -0.181695 0.132906 0.231234 -0.022976 -0.014547 0.051421 0.121877 -0.140955
0.035365 0.046497 -0.210694 0.100342 0.122037 -0.122102 -0.053336 0.129434 -0.038226 0.060279 0.044464 -0.003439 -0.114383 0.059070 0.010179 -0.160297 -0.224034 0.178586 -0.049958 -0.022288 -0.055499 -0.186604 -0.170603 -0.308503 -0.125773 0.020957 -0.117495 0.039568 -0.030100 0.280467 0.160983 0.072778 0.195907 0.007243 0.066949 -0.282346 0.366505 -0.062664 0.239692 -0.480992 -0.003773 0.127634 0.106482 -0.134276 0.035386 -0.153060 -0.187492 -0.159303 -0.018068 -0.134502 -0.128952 -0.028834 0.107098 -0.102636 -0.264667 0.037730 0.228474 0.209536 0.093231 0.122946 0.080879 -0.067451 0.093213 0.164315 -0.263936 0.104127 0.406544 0.082566 0.186361 0.019215 -0.073186 0.090236 0.089726 -0.040936 0.160214 0.046618 0.145014 -0.070152 -0.263545 -0.091810 -0.384421 0.070580 0.362946 0.155467 0.324367 -0.044166 -0.069345 0.053622 -0.125045 -0.113635 -0.276530 -0.000608 -0.203014 0.093352 -0.091587 -0.139851 0.153116 -0.075755 0.000789 -0.296995 0.082469 0.125777 0.000557 -0.001933 -0.336722 0.006026 0.048337 -0.339448 0.192035 -0.201062 0.040532 -0.021670 -0.125786 0.062566 0.084446 -0.022118 -0.135411 -0.049455 -0.131573 -0.093084 -0.366662 0.165475 0.050819 -0.061401 -0.130796 0.178899 -0.160150 0.068178
0.009221 -0.008542 -0.079160 0.190454 -0.069622 0.167749 -0.174117 -0.123999 -0.107239 0.233762 -0.116902 0.402303 0.154193 0.070675 0.042655 -0.219030 -0.059866 -0.232339 0.045314 -0.122189 0.136397 -0.159259 -0.119358 -0.080128 -0.474397 0.156605 0.044509 0.227476 0.023223 0.066667 0.224922 0.316383 0.053907 0.182202 -0.101066 -0.254296 -0.075214 0.087772 -0.089558 0.163062 -0.137570 0.073414 -0.320962 0.134558 -0.152176 -0.210287 0.249005 -0.269129 0.206561 -0.100550 -0.391083 -0.008049 -0.090049 0.132822 -0.038197 -0.065524 -0.109042 0.119772 0.131635 0.114897 0.013463 -0.210253 -0.046308 -0.033100 -0.068948 0.053424 0.133519 -0.036393 -0.087749 0.099557 -0.027043 0.039033 0.117790 -0.385379 -0.327432 -0.114844 -0.176089 -0.087161 0.062823 -0.196764 -0.105334 0.021108 0.201056 0.018406 -0.189723 -0.169046 0.303742 0.020091 0.040927 0.079185 0.119322 -0.323857 -0.151196 -0.218592 -0.017368 0.150964 0.181944 -0.133318 -0.060602 0.147565 0.089562 -0.094428 0.109393 0.094404 -0.154713 0.165103 0.198920 -0.070121 0.183146 -0.262604 -0.111580 -0.064601 -0.222438 0.321121 -0.036686 -0.039822 0.207109 0.054533 -0.082301 -0.266022 -0.400109 0.120240 -0.293685 -0.002417 -0.139061 0.003108 0.126226 -0.083455
-0.085062 0.271983 0.010823 0.100178 -0.019833 -0.214611 -0.056552 0.123954 0.116548 0.053264 0.178702 -0.165142 -0.009184 0.093807 0.091261 -0.023042 0.025156 0.042327 -0.218997 -0.070111 0.118657 0.079705 -0.255762 0.058233 -0.263985 0.112512 -0.123568 0.124314 -0.076586 0.134807 -0.247952 0.236060 0.193714 -0.063059 -0.207224 -0.093694 0.091485 0.011864 -0.097060 -0.157315 0.157033 -0.027002 -0.201073 0.353069 0.391277 -0.169753 -0.529125 -0.277490 0.040042 -0.301146 0.113231 0.380964 0.034025 -0.006364 -0.114452 -0.046341 0.318263 0.021889 0.131014 -0.035424 0.042756 -0.222961 -0.152553 -0.014643 0.013934 0.041854 0.044809 -0.056404 0.020173 -0.051070 -0.126006 0.065699 -0.473469 0.006464 0.077727 0.038644 -0.178405 -0.066299 0.229853 -0.110609 -0.056454 -0.001504 -0.074925 0.091733 0.186699 -0.234704 -0.378352 -0.468543 -0.001395 0.013721 -0.027843 0.109816 -0.047046 -0.094146 0.084536 0.153845 0.109777 -0.099649 -0.025058 -0.115953 0.000190 -0.053767 0.035676 -0.018995 -0.126105 -0.009465 -0.312392 -0.146502 -0.223487 -0.109936 -0.146212 0.063032 -0.020559 0.070477 0.057822 -0.019788 0.009634 -0.078369 0.300682 -0.363747 -0.162752 -0.055721 -0.066598 -0.042859 0.022422 0.200110 -0.123066 0.049254
0.111114 0.037293 0.114462 -0.035019 -0.101696 0.026953 0.164691 0.112987 -0.033000 0.141422 -0.018169 -0.056058 -0.270828 -0.083060 0.113393 0.088247 -0.063387 0.041559 -0.274617 0.091615 -0.069949 -0.141052 -0.076710 -0.184215 0.044211 -0.359003 0.128301 0.073305 -0.098775 0.190752 0.073430 0.066997 -0.341858 0.264112 -0.044414 0.135488 0.149891 -0.038948 -0.155062 -0.047594 -0.017496 -0.052611 -0.187302 -0.014172 0.050681 0.151837 -0.307654 0.142353 -0.068803 -0.167276 -0.022096 0.017979 -0.098120 0.311116 -0.148660 0.057142 -0.139937 0.125669 -0.078146 0.235320 -0.150061 -0.121037 -0.012375 -0.249185 -0.225912 -0.027592 0.044161 0.024497 0.112999 -0.040011 0.064227 0.031919 -0.430062 -0.482426 0.046915 -0.064774 -0.142092 -0.044065 0.026917 -0.142575 -0.271981 -0.098622 0.048104 0.022454 0.260811 0.321781 0.028147 -0.163653 -0.008510 -0.069904 -0.084604 0.058255 -0.109374 -0.193874 -0.299615 0.157225 0.026828 0.270463 -0.007207 0.017053 0.200317 -0.038015 0.097789 0.004705 0.039292 -0.148686 -0.151335 -0.031988 -0.260326 -0.092386 0.113434 -0.077953 0.048893 -0.085748 0.193976 0.068671 -0.138655 0.028293 -0.284964 0.151457 0.104990 -0.184986 -0.049664 0.066395 0.033250 -0.064314 -0.018131 -0.044015
0.089827 -0.190971 0.102566 -0.295137 0.097739 0.071759 0.060632 0.086126 -0.318366 0.193213 0.107225 -0.010880 -0.015587 0.096207 0.319207 0.099586 0.114268 -0.013505 -0.098437 0.000079 -0.055962 0.217359 -0.033674 -0.139927 0.021249 0.260278 -0.113851 0.225300 -0.090795 -0.163861 -0.022887 0.058859 -0.260207 0.047919 -0.171628 0.216035 -0.337789 0.043641 -0.349230 -0.006606 -0.051598 -0.039613 0.080639 -0.178071 -0.078180 -0.249182 0.013622 0.031796 -0.014338 0.013552 -0.030323 -0.018252 -0.326898 -0.090197 -0.093485 -0.080095 0.015667 0.035636 -0.048624 -0.151562 0.087011 0.138679 0.146987 -0.100204 -0.200544 0.122171 -0.332907 0.028550 0.234839 -0.025413 -0.061701 0.049739 0.189336 0.144638 0.021954 0.143781 -0.189555 0.031008 0.030835 -0.072008 0.194773 -0.012294 0.283763 0.223817 -0.156358 0.015940 -0.038787 0.102375 -0.062020 0.175845 -0.198033 -0.182285 0.317692 0.031180 -0.031889 0.071235 0.130405 0.088344 -0.024406 0.024272 0.217073 -0.173235 0.134242 -0.038361 0.209851 -0.001671 0.123986 -0.067039 0.057527 0.123096 -0.266098 0.056912 0.078292 -0.230677 -0.119696 0.015414 -0.110781 0.083051 -0.132445 0.262864 -0.092567 -0.166907 0.079214 -0.008940 0.018867 0.053136 0.107070 -0.177531
-0.133783 0.047877 -0.177935 -0.217402 -0.048062 0.034774 -0.065694 -0.059677 -0.022314 0.380020 0.285017 0.071750 -0.018993 -0.037302 -0.195376 0.136393 0.002351 -0.198515 0.240907 0.134278 0.114956 -0.010935 0.045682 0.134699 0.046717 -0.131527 -0.035797 -0.241453 -0.048711 -0.245826 0.055721 -0.065114 -0.270892 0.125757 0.023754 -0.190167 -0.178971 -0.074858 -0.352021 0.178447 -0.108675 -0.172301 0.094372 -0.215400 0.095020 0.021025 -0.040798 -0.001186 -0.170663 0.105649 0.105341 0.119890 -0.095340 -0.145725 0.170736 -0.039152 0.014719 0.009564 0.149643 0.079279 -0.042704 -0.017371 -0.022195 0.063529 0.159247 0.011864 -0.074449 -0.032668 0.145019 0.050706 -0.346628 0.012201 0.015286 0.033693 -0.124996 0.115581 -0.044544 -0.196607 0.053192 0.189656 -0.072273 0.073969 -0.017006 0.142240 0.083389 -0.095263 -0.107542 -0.315361 -0.034774 0.035468 -0.068184 0.076037 0.044687 0.350200 0.010254 0.090414 0.076767 -0.280515 -0.096403 0.206667 0.204430 0.043118 -0.263828 -0.055845 -0.141005 -0.168520 -0.123006 0.091910 -0.079231 0.156378 -0.089995 -0.033491 -0.043070 0.023443 -0.089099 -0.146740 -0.140564 -0.220159 0.147678 0.057506 -0.021482 0.164575 0.025604 0.017394 -0.048924 -0.129402 0.163449 0.039835
-0.001762 -0.107898 -0.094143 0.310887 0.143947 0.213221 0.121016 -0.029308 0.148697 0.102278 -0.023146 0.109017 0.202996 -0.004658 -0.010253 -0.022548 -0.267004 -0.168228 -0.266524 0.029337 0.141806 -0.006090 0.065887 0.351219 0.109899 -0.107518 0.174806 0.013629 -0.015673 -0.157392 0.358974 0.298247 0.201707 0.362263 -0.084848 -0.000066 0.076996 0.147832 0.165851 0.000634 -0.065962 0.087823 -0.272635 -0.119304 -0.127949 -0.272593 0.120904 0.016127 0.020113 -0.051852 0.147701 -0.120950 -0.052827 0.031529 0.358090 0.165671 -0.230715 0.148783 0.194245 0.276859 -0.059351 -0.265161 -0.422588 -0.094862 -0.000415 -0.335009 -0.149648 0.141655 0.091106 0.170432 0.157585 -0.073932 -0.269091 -0.121787 -0.111372 -0.066265 0.136271 -0.120879 0.277364 0.078006 -0.165013 0.004469 -0.080632 -0.063936 0.095844 -0.224439 0.459924 0.027949 -0.169964 0.076897 -0.269018 -0.037117 -0.070206 0.105638 -0.004546 0.181056 0.009729 -0.180426 -0.008398 0.262223 0.175601 -0.148258 0.414822 -0.057069 -0.198472 0.175841 -0.124753 -0.047924 0.172874 -0.291863 -0.138209 0.015353 0.078767 -0.069880 0.014958 0.006994 0.082737 -0.127820 0.260800 -0.139293 0.010020 -0.005126 -0.307228 -0.001619 0.015363 0.323608 -0.091986 -0.113154
-0.050155 0.049193 0.033170 -0.139340 -0.025373 -0.156323 -0.182564 -0.055066 0.308233 0.386547 -0.067450 -0.090002 0.157359 -0.085253 0.049050 0.036382 -0.062789 -0.076733 0.004875 0.300097 0.184792 0.273035 0.031797 0.113143 -0.059497 -0.264873 0.211930 -0.146259 -0.018155 -0.233962 -0.223337 -0.042878 -0.248018 0.279566 0.280863 0.236933 0.068844 0.261760 0.145465 0.493546 -0.018690 -0.033155 -0.158550 -0.099623 0.145448 0.017899 0.049272 0.049060 0.227147 -0.099597 -0.009581 0.005044 0.160788 0.000606 0.070136 0.229708 -0.172017 0.048581 -0.146826 0.141863 -0.053952 0.103651 0.056527 0.011525 0.032928 -0.220539 -0.054508 -0.050576 -0.313914 -0.013286 -0.005096 0.065786 -0.096758 0.064193 0.306551 0.247234 -0.076235 -0.276166 0.180703 -0.200626 0.025880 -0.378643 -0.163715 -0.032768 0.060639 -0.077097 -0.004021 0.031760 0.046826 0.037772 -0.153172 0.228148 0.124340 -0.118269 -0.699516 0.282709 -0.180199 -0.101475 0.022703 0.242603 -0.087617 -0.058062 0.061323 -0.064402 -0.081534 0.095510 -0.107323 0.213459 -0.029715 0.243079 0.021034 0.046502 -0.056105 -0.032142 0.012639 -0.057696 -0.100076 -0.148988 -0.239795 -0.179276 0.133605 -0.002787 0.164462 0.051066 -0.133399 0.211693 -0.056632 -0.318988
0.073752 -0.065894 -0.175787 -0.034773 -0.218021 -0.083214 -0.179314 -0.162084 -0.102101 -0.299142 0.217718 -0.104136 0.296459 -0.022599 -0.022888 -0.269471 0.052638 0.058202 -0.027412 -0.134577 -0.188133 0.036241 -0.015060 0.130604 0.139784 -0.311658 -0.144016 0.111264 0.018026 0.343299 0.301925 0.039612 0.102951 -0.158882 -0.124362 -0.122680 -0.036367 0.045852 0.384016 0.114863 -0.087947 0.046374 0.022140 0.064479 0.027765 -0.012580 -0.491587 -0.515166 -0.336086 0.084939 -0.026076 0.173206 0.049130 0.015228 -0.031967 -0.007662 0.084649 -0.087242 -0.113882 0.120477 0.049368 0.026017 -0.358351 -0.005072 -0.180701 -0.062660 0.046509 0.062332 0.026384 -0.159170 -0.190457 0.032859 0.277414 0.018019 0.046259 -0.079526 0.114029 0.018579 -0.177235 -0.041135 -0.007423 0.162365 0.091146 -0.126276 -0.098428 -0.001719 -0.007484 -0.054886 0.078043 0.018644 -0.125515 0.158210 -0.085700 0.100586 -0.012561 -0.147127 0.019451 0.128532 -0.046875 -0.128060 -0.082438 -0.099524 -0.028501 -0.028703 0.056693 -0.179952 -0.005357 -0.043656 0.200419 0.029983 0.061863 -0.121750 0.086817 0.031619 -0.120186 -0.015921 -0.076910 -0.244818 -0.063796 0.066423 -0.013244 -0.130415 -0.136108 -0.047880 -0.107057 -0.196858 0.033598 0.139610
-0.131111 -0.459591 0.009212 -0.124546 -0.290310 -0.310557 -0.075138 -0.206586 -0.180229 -0.029215 -0.151851 -0.063849 0.122647 -0.053536 -0.199498 0.183996 0.124462 -0.020451 0.098486 -0.306707 -0.134346 -0.296392 0.065620 0.293670 0.042798 -0.130649 0.051063 -0.055914 -0.068941 -0.007297 0.014035 0.171369 -0.145882 -0.010508 0.224769 -0.021309 -0.211984 -0.182289 0.035474 0.084358 -0.045537 -0.315691 -0.156038 -0.129074 0.049001 0.035732 -0.350967 0.286235 0.154431 0.065058 0.023980 -0.227550 0.070427 0.006198 0.015273 -0.019129 0.012261 -0.225411 0.015025 0.145179 0.145304 -0.287117 0.112958 0.241634 0.162123 -0.297705 0.119845 -0.061542 -0.305585 0.091113 -0.240134 0.017690 -0.147845 -0.058142 0.112108 -0.119240 0.033574 -0.003074 -0.313521 -0.214152 -0.205478 -0.062741 -0.157020 -0.118422 -0.020379 -0.230579 0.003857 -0.025986 0.063253 0.036309 0.222767 0.130692 0.046581 0.050382 0.096282 0.074116 -0.067044 0.098838 -0.042069 0.141590 0.110983 -0.051596 0.290816 -0.054242 -0.096097 0.126357 -0.013755 0.085924 -0.075502 0.092548 -0.073202 -0.047433 -0.176307 -0.065335 0.061415 0.327688 -0.141098 0.059344 0.243366 0.037372 0.066245 -0.073787 -0.044589 0.013034 -0.023351 0.321558 -0.094976 0.062521
-0.331337 -0.026102 0.003989 0.068518 0.128352 -0.145678 0.169741 0.289942 -0.229099 -0.028814 0.224926 0.130927 0.265716 0.092141 0.135032 -0.095846 -0.154442 -0.079189 -0.024126 0.370105 -0.094451 -0.102255 -0.308026 0.061367 0.073162 -0.111930 0.011251 -0.093532 0.005456 -0.027373 0.026544 0.037009 0.028534 -0.092920 0.022365 0.182174 -0.217374 0.066785 -0.056677 0.141469 -0.040130 -0.095923 0.137394 0.105546 0.047914 0.227381 -0.222979 0.083293 0.047206 0.246576 0.055766 0.149161 0.138835 -0.270434 -0.083549 -0.020331 0.031958 -0.109441 0.059177 -0.036003 0.056415 -0.153769 -0.277089 -0.143933 0.098912 0.047151 -0.449862 0.079865 -0.109557 0.054615 0.176404 0.018870 0.061502 0.191636 0.173459 0.092853 -0.047212 0.065706 0.109224 0.064474 0.028405 -0.019517 -0.084430 0.041052 -0.141742 -0.068519 -0.009147 0.218174 -0.039629 0.256279 -0.083735 0.118618 0.299376 0.120853 0.010981 -0.132026 -0.152369 -0.210689 -0.044837 0.252292 -0.300248 0.147644 0.070715 -0.058611 0.046990 -0.156629 -0.033271 -0.040253 0.099124 -0.042648 0.187583 -0.026688 0.237449 -0.147958 0.113859 0.206680 0.225015 -0.137434 0.233488 0.124922 -0.172511 -0.247285 -0.058088 0.025434 0.005935 0.200758 0.000624 -0.149366
-0.115886 -0.216993 -0.442228 -0.206803 0.050454 0.111462 -0.025784 -0.059267 -0.199902 0.191195 -0.017235 -0.084027 -0.253567 -0.030715 -0.040839 0.092347 0.066734 -0.309589 0.054108 -0.249912 -0.104049 0.003366 -0.434385 0.213707 -0.382176 0.068850 -0.180258 0.016471 0.048181 -0.470234 0.095675 0.077131 0.183214 -0.063060 -0.074698 0.113913 -0.130778 -0.250932 0.111408 0.276723 0.036488 -0.082238 0.220413 0.070231 -0.168522 -0.007331 -0.322418 -0.004037 -0.136181 0.273624 0.188045 0.034200 -0.105612 0.035231 0.038320 0.110578 -0.020084 -0.026703 -0.137760 -0.106669 0.030913 -0.218585 -0.088257 -0.367266 -0.096822 0.067422 -0.013372 -0.011600 0.006580 -0.063679 0.003562 -0.064196 -0.080653 -0.205829 -0.119272 -0.346933 -0.257898 -0.202935 0.136092 -0.185253 0.037855 -0.054280 -0.095646 -0.378433 -0.066127 0.175674 0.087219 0.056947 -0.057090 -0.320938 0.146059 0.051047 0.320360 -0.157225 0.129976 0.196170 -0.135255 0.056905 -0.036515 0.114007 -0.403734 -0.049787 -0.018233 -0.087450 0.205787 0.045658 -0.073013 0.025545 -0.078660 -0.073983 0.060756 -0.057122 0.011086 -0.175903 -0.301691 -0.273832 0.164979 -0.146114 -0.008515 -0.107560 -0.192635 0.058094 -0.140584 0.007070 -0.097755 0.018432 -0.110991 -0.005247
0.193574 -0.112442 -0.066112 0.219142 -0.270482 -0.303989 -0.418955 0.132433 0.184916 0.198461 0.293916 0.173900 -0.148107 0.050643 -0.098836 -0.238482 -0.411424 -0.067235 0.129178 -0.202118 -0.233702 0.130384 -0.043817 -0.000957 -0.002055 0.216482 -0.375064 -0.108368 -0.082179 0.018930 0.010117 0.283503 0.011197 0.097345 -0.092385 0.249921 0.085084 -0.107570 -0.011287 0.046975 0.060106 -0.062257 -0.068279 -0.123628 0.342551 -0.236560 -0.138531 -0.287346 -0.317005 0.018477 -0.023651 0.089312 0.121220 0.016688 0.080091 -0.020801 0.068173 -0.002006 -0.008476 0.192445 -0.020635 0.002972 0.002868 0.090334 0.037906 -0.037117 0.112770 -0.054119 0.144401 0.310160 0.092843 -0.137681 0.113590 0.180816 0.041173 0.008042 -0.022077 0.127253 -0.244472 0.074349 -0.032779 0.067243 0.260397 0.042873 -0.053264 -0.177184 -0.016149 0.041169 -0.054903 -0.036635 0.274806 0.237600 -0.002867 -0.085764 -0.082388 -0.013341 0.346625 -0.015136 -0.050322 0.155829 -0.192298 -0.091696 0.129159 -0.165059 -0.205530 -0.143961 0.123751 -0.285639 0.078383 -0.102868 -0.255223 0.020365 -0.156059 -0.093713 0.026385 0.168143 -0.268338 -0.134873 -0.200686 -0.022324 -0.074162 -0.198170 -0.127610 -0.015930 0.015929 0.038731 0.252642 -0.051157
-0.258894 0.147961 -0.161187 -0.010541 0.162541 -0.179324 -0.329415 -0.191190 0.008313 0.119455 0.181402 -0.083938 -0.634231 0.120666 -0.165022 -0.333587 0.098652 0.207173 -0.176881 0.309974 0.011921 -0.264115 0.267264 0.080504 0.059473 -0.178102 0.005621 0.103321 -0.077103 -0.266909 -0.070491 0.122265 0.067996 -0.076372 -0.142022 0.176031 -0.299839 0.207401 0.149226 0.181265 -0.136797 -0.006749 0.037981 -0.084440 -0.016715 0.110749 -0.249844 0.002750 -0.088132 0.220060 -0.192471 -0.214069 -0.082140 0.170851 0.073526 0.179964 0.166842 -0.229448 -0.027886 -0.139560 0.044078 0.031360 -0.129615 -0.140040 -0.303901 -0.263566 -0.188271 -0.130568 -0.346022 0.302506 0.088638 0.142585 -0.076605 0.168844 -0.076427 0.136835 -0.139031 -0.012868 -0.016597 -0.370123 -0.008611 0.166032 0.101604 -0.240324 -0.080875 0.371599 -0.039427 -0.132143 -0.034379 -0.404473 -0.234308 -0.070703 0.187201 -0.324785 0.033847 0.019001 0.198940 0.130651 0.026598 -0.171354 0.110433 -0.014658 0.380197 -0.122731 0.204100 0.078202 0.215881 -0.000943 -0.161193 0.105492 -0.015537 -0.024850 -0.103395 -0.149414 -0.143146 -0.012662 -0.129137 -0.027767 -0.114653 -0.060018 0.261746 -0.257672 0.142825 -0.009541 0.091514 -0.464898 -0.005378 0.158093
0.144124 0.152298 -0.042691 0.023418 0.295903 -0.053083 -0.188296 -0.244218 -0.086128 -0.242662 0.147889 -0.105343 -0.458799 -0.067543 -0.056543 -0.106996 -0.154226 0.309072 -0.095627 0.185070 0.042280 0.035746 0.097825 0.112267 -0.018311 -0.092707 0.007730 0.170974 0.034452 0.001816 0.064190 0.246224 -0.365003 -0.280351 -0.028916 0.041847 -0.344693 0.158568 0.209425 0.285482 -0.141134 0.032807 -0.020612 0.364653 -0.009671 -0.035783 -0.253736 -0.002007 0.209018 -0.018946 -0.123898 -0.327434 -0.087904 -0.113431 -0.044216 0.066764 -0.001396 -0.051155 -0.051946 -0.112072 0.020721 -0.014940 0.080646 0.054416 -0.390501 -0.379969 0.003530 -0.033253 -0.197324 0.093291 -0.094234 -0.083443 0.006196 -0.019675 -0.028398 0.221829 -0.060134 -0.307740 0.048762 0.025031 0.110291 0.122611 -0.043205 -0.380483 -0.183887 0.407857 -0.175646 -0.363981 -0.001508 -0.148478 0.122963 -0.046752 0.114561 -0.129190 -0.062130 0.198797 0.320880 0.235787 0.056017 -0.428426 0.086273 -0.177759 0.151803 -0.009914 -0.153708 0.069998 -0.006377 0.022631 -0.131660 0.207398 -0.206477 0.124096 -0.038586 -0.150417 -0.243040 0.026868 0.165406 0.176912 -0.138230 0.178528 0.331117 -0.236090 0.157305 -0.046294 0.120862 -0.040217 -0.074658 0.073727
-0.242139 0.542306 0.089922 0.266421 -0.133458 -0.055317 0.148227 0.089675 0.008164 -0.031402 0.005331 0.052324 -0.242721 0.160331 -0.036279 -0.241724 -0.556206 -0.176123 -0.126782 0.088022 -0.099284 0.130786 -0.183697 -0.034329 0.002508 -0.487038 0.292493 -0.077826 0.029030 -0.107318 -0.121737 -0.045985 0.204567 0.027054 0.089893 0.035120 0.159465 0.180870 -0.063549 -0.038609 0.082953 -0.246485 -0.107596 -0.051393 0.043552 0.135839 0.117122 0.127801 -0.134885 -0.014674 -0.049110 0.282472 0.128891 -0.177231 -0.180014 0.052105 -0.186427 0.095766 -0.076259 0.155374 -0.158956 -0.215739 -0.147732 -0.234669 0.030941 -0.418004 -0.111139 -0.080063 -0.092090 0.071596 0.120248 0.101640 -0.002909 0.297616 0.157063 -0.067536 0.088394 -0.253832 0.243151 0.173091 -0.082803 -0.285310 -0.354074 0.071493 0.125381 -0.115840 0.247057 -0.022218 -0.021009 -0.136555 -0.183734 0.080713 -0.079804 -0.086763 -0.336161 -0.007358 -0.145551 0.044460 0.037409 0.065715 0.079764 0.002059 0.089031 -0.066883 0.092463 -0.103477 0.007177 0.134394 -0.047593 0.229725 0.035033 -0.041891 0.152694 -0.012787 -0.113551 0.001766 -0.007588 0.095122 -0.211963 -0.312022 -0.071749 0.111645 -0.122102 -0.112590 -0.000738 0.079325 0.022752 -0.257899
0.052828 0.353385 -0.217846 0.290382 -0.310644 -0.065449 -0.133748 0.119130 0.142100 0.005270 0.144776 -0.184933 -0.193675 -0.141069 0.166932 0.000282 -0.006140 0.097969 -0.124276 -0.171638 0.170944 0.129380 -0.102583 -0.189345 0.024748 0.190945 0.004035 0.024543 -0.067101 0.029028 -0.106971 0.094535 -0.006402 0.088344 -0.049872 -0.240923 -0.402125 0.122843 -0.275815 0.023315 0.023945 0.098640 -0.039195 0.094469 0.333157 0.040861 -0.122486 -0.237480 -0.223674 -0.306890 -0.029769 0.046908 0.006720 -0.064051 -0.156004 -0.117200 0.341206 0.273282 0.131698 -0.058260 0.050651 -0.193239 -0.104531 0.117554 0.097116 0.111149 0.269529 0.008802 0.167550 -0.272103 -0.146013 0.461775 -0.049040 0.169884 0.068558 0.126105 -0.732699 -0.231876 0.157935 0.217680 0.193575 -0.359132 -0.511279 0.005570 0.219924 -0.406951 -0.447347 0.021498 0.076342 0.023833 0.161772 0.453290 -0.017057 -0.249660 -0.014948 0.073327 -0.200053 0.124707 -0.014713 0.259744 0.032413 -0.526376 -0.064440 -0.000129 0.288759 -0.173645 0.022949 -0.019565 -0.135486 -0.142021 -0.269641 -0.073974 0.254628 -0.200832 0.275801 -0.032310 -0.383781 0.120459 0.046460 -0.097612 0.014623 0.093341 -0.084670 -0.094517 0.031856 0.072515 0.085299 0.036511
0.235586 -0.130515 0.112904 0.072554 -0.284070 -0.180385 -0.131080 0.099881 0.138519 0.016676 0.051269 -0.236081 -0.213138 0.055949 -0.001514 -0.231952 0.094943 0.016443 0.241281 0.362280 0.018557 0.155698 -0.260219 0.061229 0.096023 0.157812 -0.069591 -0.087557 -0.020774 -0.410553 -0.189768 0.063653 0.001060 -0.022530 -0.087678 0.110301 -0.166516 0.127262 -0.217481 0.036572 -0.134480 -0.189333 -0.057166 -0.348350 -0.021733 -0.090876 0.049947 0.123757 -0.127522 -0.225557 -0.215054 -0.202525 0.068867 -0.130769 0.101389 -0.060867 -0.215899 0.103227 -0.478914 0.159814 0.024940 -0.009483 0.080370 -0.153572 -0.018418 -0.255267 0.229377 -0.075679 0.049611 0.013601 0.195624 0.003977 0.128434 0.026022 -0.228228 -0.094752 0.052860 0.111644 -0.105321 0.059075 -0.163153 0.217429 0.285782 0.009331 -0.195411 -0.164526 -0.320187 0.274674 -0.062694 -0.075211 0.048435 -0.036638 -0.085752 -0.128215 0.086626 -0.115021 0.097143 0.221371 0.060738 0.111189 -0.041579 -0.048206 0.102143 -0.025075 -0.247733 -0.145078 -0.045484 -0.119359 -0.239314 -0.436136 -0.139262 -0.145190 -0.090406 -0.120820 0.151428 0.121176 -0.048774 -0.080449 -0.169603 0.012112 0.020649 -0.055827 -0.161619 -0.114358 -0.118340 0.036579 0.259847 -0.071583
0.136399 0.104948 0.042459 -0.118932 -0.149660 -0.019091 0.183468 0.006524 0.102017 0.095040 0.254121 -0.125970 -0.106219 0.179451 0.023093 -0.057325 0.001395 -0.213185 -0.189918 -0.017882 0.130941 -0.135210 0.031747 0.033050 -0.083307 -0.081459 0.332113 -0.111929 0.001346 0.040440 -0.091957 -0.024154 -0.080571 0.070149 0.201713 0.082708 -0.125150 -0.023917 -0.168473 0.146327 0.020656 -0.125665 -0.012965 0.205753 0.169749 -0.147634 -0.421523 -0.089199 -0.222633 -0.263344 0.063856 -0.075246 0.233643 0.073284 0.193615 -0.126544 0.172355 0.161719 0.222434 0.038764 0.019931 -0.196855 0.121122 0.065356 0.167860 -0.157471 -0.061916 0.062419 -0.208653 0.018588 -0.007663 0.126216 -0.112331 0.143896 0.171881 0.056795 0.027706 -0.284119 0.127750 -0.235594 -0.028550 -0.170219 -0.360292 -0.140214 0.000324 0.094089 -0.165959 -0.063841 0.009064 -0.071891 0.011728 0.246507 -0.168042 -0.168971 -0.045359 0.145619 0.071702 0.032735 -0.101019 0.093396 0.196785 -0.045014 0.074523 -0.068405 -0.342345 -0.073206 0.118451 0.156201 0.022536 0.035871 -0.313134 -0.069955 -0.007376 0.016624 0.055883 0.056954 -0.060080 -0.069600 0.227870 -0.210195 -0.146761 -0.136849 -0.070244 -0.086224 0.084230 0.029188 -0.000022 -0.025297
0.126178 0.126706 -0.263856 -0.291750 -0.050994 0.034137 -0.145659 -0.341500 0.214655 0.054583 0.042988 -0.037047 -0.060824 -0.108028 0.033672 -0.169878 0.055650 -0.197520 0.161260 -0.098269 -0.313708 0.013024 0.348397 0.093522 -0.362448 -0.104120 0.059155 0.005512 -0.027902 0.071745 0.219691 0.160247 0.190380 -0.148992 -0.096035 -0.193523 0.247271 -0.175035 -0.148863 0.050828 -0.013699 -0.130973 -0.041534 0.003171 -0.185872 -0.424915 0.502265 -0.061639 0.032633 -0.022917 -0.001599 -0.487913 0.211017 0.204590 0.097595 -0.008764 0.058822 -0.130293 0.050129 0.120308 -0.494338 -0.071491 -0.391695 0.307148 -0.013233 0.188518 -0.036909 0.010209 -0.372887 -0.012432 -0.168740 0.015023 -0.094253 0.172207 0.214091 0.260435 0.068988 0.059285 -0.003410 0.125842 0.138146 0.451592 0.048512 -0.145438 0.242243 0.114568 -0.010717 0.172268 -0.030320 -0.351763 -0.155977 0.194359 -0.257850 0.141169 -0.042546 -0.250637 0.119344 -0.176745 0.066809 0.155337 0.241279 -0.243383 -0.182524 0.054673 0.286632 -0.043726 -0.076926 0.221280 0.270749 0.315737 0.108242 0.021369 0.000263 0.269473 -0.121628 0.259914 0.041328 -0.396743 -0.093131 -0.335956 -0.137932 -0.131107 -0.016878 -0.029392 -0.087052 0.211017 -0.313766 -0.164754
-0.108568 0.039521 -0.130779 -0.148166 -0.551717 -0.314084 0.256464 -0.005582 0.154891 -0.085775 -0.181282 0.004229 0.082399 0.001983 0.046861 -0.086265 -0.120819 0.056794 0.079731 0.163652 -0.060179 -0.078866 0.072490 0.123096 -0.139919 0.047226 -0.204175 -0.233629 -0.005578 -0.290469 -0.059814 0.046874 -0.183753 -0.132272 0.019945 0.048933 -0.181819 0.232059 -0.089181 0.333260 0.105353 0.290339 -0.093926 -0.168128 -0.153495 0.093822 -0.007512 0.052169 0.104590 0.094046 -0.237749 -0.070866 0.350434 -0.074396 0.084713 0.145540 0.234515 -0.144709 0.068701 0.124807 -0.082708 -0.169256 0.317649 0.210456 0.077043 -0.158066 0.032498 -0.044049 -0.003548 0.252956 -0.325855 -0.029138 0.056000 -0.199169 0.077925 -0.024313 0.129006 -0.083207 -0.084968 0.097784 0.058106 0.054995 -0.077531 -0.146872 -0.107147 0.145744 0.124359 -0.017531 0.021414 -0.103091 0.093024 -0.023728 -0.062980 -0.033678 0.020594 0.114019 -0.027790 -0.040390 -0.012794 0.131843 -0.114779 -0.052808 -0.113491 -0.001639 -0.338730 -0.072194 0.114614 0.027778 0.188154 -0.082161 -0.358001 -0.016020 -0.066572 -0.113543 0.083620 0.059246 -0.101565 0.106792 0.238364 0.050522 -0.055343 0.077841 -0.126589 -0.021674 0.100604 0.006216 0.088620 0.006771
0.004105 0.142992 0.304958 -0.035493 -0.205551 0.138510 0.103701 -0.251068 0.038347 0.059335 -0.057257 0.208485 0.045957 0.034509 0.141974 0.344433 0.112235 0.018750 -0.120578 -0.002541 0.100967 -0.093908 -0.083891 -0.053465 -0.229339 -0.146304 -0.390144 -0.108760 0.019264 -0.208901 0.046795 0.133142 0.112181 0.216620 -0.093179 -0.057830 0.083359 0.072421 0.066535 0.255500 0.033795 0.311314 0.010574 0.275650 -0.327294 0.095519 -0.340527 -0.124689 0.091558 0.240770 -0.222917 -0.177735 -0.224820 0.151130 0.312626 -0.201758 0.100402 -0.111077 -0.253474 -0.033336 -0.165364 -0.085705 0.191589 -0.001494 0.061278 0.100889 0.132511 -0.069939 0.127523 0.107915 0.120887 -0.384894 0.203409 0.138692 0.044820 0.027846 -0.480268 0.067560 0.024416 0.023813 -0.254983 -0.013151 -0.098588 0.117313 0.163205 0.102515 0.056301 -0.030150 -0.041812 -0.172778 0.126815 0.220890 0.025583 0.118804 0.104767 -0.007340 -0.204166 -0.057436 -0.022318 0.166608 -0.095516 -0.099384 0.080487 -0.024617 -0.114579 -0.240869 -0.007665 0.052054 0.203477 -0.158118 0.185588 -0.025045 -0.063409 0.129245 -0.121376 -0.219453 0.014408 -0.183230 0.092963 0.155116 -0.297061 -0.169067 0.004920 -0.039981 -0.051568 -0.144217 0.100879 -0.072597
0.198893 -0.167341 -0.004454 -0.007426 0.054573 -0.033363 -0.071536 -0.246168 -0.203230 -0.240524 0.056566 0.275126 0.041451 -0.314748 0.256671 -0.107142 -0.079721 0.034135 -0.204957 -0.294394 -0.331813 0.000442 0.090239 0.489241 0.206187 0.226619 0.029601 -0.182817 -0.013707 0.161061 0.122190 0.249509 0.220775 -0.341190 -0.024215 -0.213304 0.134427 0.159367 0.199652 0.106391 0.087838 0.049103 0.033691 0.017964 0.035806 0.192233 -0.218827 -0.295106 -0.228546 0.138309 0.210985 -0.184027 0.052330 0.118335 -0.177700 0.076104 0.103278 -0.067275 0.030516 -0.031254 0.184281 0.125716 0.119757 0.104039 0.049813 -0.103031 0.136337 0.060976 0.197183 -0.132643 -0.364051 0.048551 0.344044 0.007309 -0.093667 0.099178 -0.004540 0.035544 -0.425727 -0.211858 0.064501 0.075709 0.198064 -0.111507 -0.114007 -0.048296 0.089349 0.153696 -0.085039 0.063059 -0.025854 0.279459 -0.112614 -0.146513 0.165946 -0.041636 0.005084 -0.260229 -0.049272 0.501883 -0.136152 -0.112212 -0.184556 -0.061139 0.159649 -0.033252 -0.163236 -0.046032 0.092601 -0.006714 -0.096385 0.017404 0.007370 -0.038807 0.085082 -0.000738 -0.360132 -0.160516 -0.049638 -0.349211 -0.015324 0.146388 -0.536864 0.051110 0.022554 0.062456 0.010659 0.046188
-0.004477 -0.187110 -0.110815 0.283195 -0.019748 0.199336 -0.156581 -0.161023 -0.276832 0.202118 0.292797 -0.127807 0.095733 -0.240572 -0.117878 -0.069004 -0.112658 -0.140337 0.079044 -0.252226 -0.346598 0.016197 0.369173 0.187115 0.049802 -0.223100 0.134656 -0.263014 -0.000635 -0.120656 0.023525 -0.148363 0.027051 -0.048385 -0.052046 0.001651 -0.482493 -0.170738 -0.240510 -0.142280 0.020926 0.193923 0.144597 0.084109 0.162266 -0.022508 -0.150799 0.099132 0.313802 -0.021649 0.013052 -0.074304 -0.163967 -0.164727 0.181892 -0.159565 0.080006 -0.023903 0.078714 0.298128 -0.163729 0.023023 0.224648 -0.290443 -0.407083 -0.034442 -0.022778 -0.007601 0.001572 0.044445 -0.088911 0.220165 -0.043591 0.102281 0.113402 -0.113602 0.012165 0.102117 0.026715 -0.095764 -0.023410 0.009803 -0.232010 -0.254278 0.090879 0.116802 -0.102279 0.089145 0.054381 -0.193442 0.061457 0.044364 -0.144033 -0.205482 -0.013977 -0.037672 -0.316333 -0.051595 -0.008266 0.112618 -0.054227 -0.154123 -0.187904 -0.071295 0.227588 -0.032943 -0.123639 0.184164 0.094441 -0.007478 0.190298 -0.014750 -0.059575 -0.020757 -0.255892 0.135523 -0.301429 0.153639 0.149187 0.031262 -0.104363 0.092484 -0.102271 -0.028730 -0.004637 0.000451 0.101014 0.253123
-0.267728 -0.142759 0.327347 -0.054231 -0.012739 0.082800 0.076482 0.048411 -0.336432 0.084682 -0.013714 0.137291 -0.211589 0.137572 -0.000621 -0.078434 0.214321 0.157745 -0.260207 -0.008987 -0.056048 -0.015745 0.093087 -0.017009 0.086448 -0.351394 0.143152 0.074574 -0.044981 0.031445 0.241620 0.009199 0.129836 0.156614 0.022850 -0.348630 -0.060287 0.158238 0.009631 0.064266 0.061495 -0.133711 0.018506 -0.281258 -0.318471 -0.017961 -0.110520 0.058252 -0.343410 0.124643 0.056080 -0.066366 0.105441 -0.231670 0.092965 0.065940 -0.051138 -0.149637 -0.228568 0.049627 -0.022365 -0.136432 -0.156865 -0.080929 -0.072432 0.163764 -0.095531 -0.149612 -0.150689 -0.275690 0.034898 -0.130728 0.010282 -0.026321 0.224723 -0.046659 0.118204 -0.014695 -0.113347 0.055893 -0.369268 0.068793 0.021140 -0.098732 -0.106680 -0.181549 0.070002 -0.366687 0.081548 0.009694 -0.086523 -0.088501 -0.019009 0.129898 0.038014 0.078255 0.075965 0.116733 -0.070718 -0.162570 0.038717 0.093201 0.135687 0.018099 0.012308 -0.265597 -0.194550 -0.049556 -0.105428 -0.105343 -0.076102 -0.053421 -0.089475 -0.024897 0.004159 0.113867 0.079338 -0.057923 0.025182 0.153747 -0.024871 -0.123100 -0.278869 -0.038630 0.014457 -0.037243 -0.152299 0.158393
0.008797 0.122550 0.089674 0.073567 0.141733 -0.231921 0.106334 0.015904 0.128048 -0.080368 0.102909 0.137167 0.228816 0.019009 -0.196119 -0.117149 -0.647585 -0.139194 -0.359077 0.256677 0.089637 0.035420 -0.026570 0.159093 0.039550 -0.523932 0.049619 -0.024189 -0.035416 -0.344312 -0.011365 -0.134943 -0.039907 0.058760 -0.053503 -0.037210 -0.206166 0.105900 -0.074657 0.068504 -0.071540 0.042690 -0.139499 -0.166376 -0.105170 -0.321808 0.073533 -0.106192 0.055456 -0.147323 -0.103029 0.188068 0.254189 0.114417 0.048895 -0.123354 -0.385926 0.032899 -0.184853 0.010819 -0.150711 0.025579 -0.427236 0.079914 0.069879 -0.108540 -0.472246 0.077032 0.061695 0.114895 0.060907 -0.017983 -0.407418 -0.021611 -0.000655 0.057680 0.069163 -0.131297 0.023795 0.004815 0.004384 -0.128912 0.246036 -0.135938 -0.033491 -0.150129 0.141281 -0.089095 0.005972 0.106144 -0.123122 0.063767 -0.048511 0.022054 0.100086 -0.175443 0.044225 -0.242051 -0.036332 0.118220 0.180249 -0.033741 0.025448 -0.018949 -0.254054 -0.067508 0.004784 -0.065235 0.080813 0.012888 0.157674 0.001538 0.062254 0.009358 -0.026258 -0.011132 -0.202992 -0.128547 -0.399017 -0.332284 -0.026669 0.010863 -0.421686 -0.008898 -0.066385 0.230735 -0.120234 -0.169291
-0.048355 -0.062038 -0.005757 -0.081564 0.037270 -0.135198 0.014166 0.194918 0.102457 0.083310 -0.047590 -0.288466 0.066530 0.032306 -0.220450 0.268768 -0.079978 -0.145374 0.169430 -0.204981 0.022260 -0.077196 0.116811 0.116931 0.101206 -0.010750 0.025865 -0.044141 -0.000161 -0.405033 0.099119 0.030124 -0.047755 -0.089757 -0.096931 -0.114673 -0.226431 0.197429 -0.211202 0.324061 -0.082851 0.136846 0.279848 -0.124089 0.007964 -0.075385 -0.187530 0.233295 -0.006072 0.226209 0.046272 0.048631 0.103605 0.083750 -0.121235 0.074616 -0.117523 -0.319772 -0.310925 0.010909 -0.054337 0.243687 0.175494 0.061917 0.156230 -0.159072 0.083062 -0.001113 -0.179262 0.332913 -0.120127 -0.405885 0.067481 0.095070 0.136931 -0.031600 -0.263795 0.152065 -0.206806 0.072572 -0.114118 0.354591 -0.054915 -0.281838 0.100696 0.136294 0.170664 0.282364 0.014578 -0.116299 -0.050703 0.153880 0.106906 0.009756 0.017873 -0.128829 -0.091221 -0.022935 -0.094985 0.228796 0.137750 0.015310 -0.189611 -0.063279 0.116941 0.062544 -0.144939 -0.053464 -0.018749 0.218253 -0.043142 -0.101461 -0.097213 0.006131 -0.134576 -0.049368 -0.139576 -0.036120 0.050638 0.168327 0.032519 -0.126885 -0.000127 0.025609 0.031644 0.195518 -0.007874 -0.329853
-0.087104 -0.184694 0.094278 0.298314 0.003627 0.056196 -0.151321 0.173780 0.119799 -0.494484 0.076482 0.202318 -0.188165 0.114803 0.171235 -0.069025 -0.059561 -0.278205 -0.301135 -0.044859 -0.155173 -0.060030 0.246332 0.026229 -0.023179 0.086325 0.140973 -0.043550 -0.039668 0.068955 0.121168 -0.136010 0.148734 -0.187757 -0.178317 0.000962 -0.175413 -0.235967 0.020212 -0.001993 -0.040328 -0.027500 -0.135579 -0.122036 -0.000298 -0.088464 -0.144898 -0.088043 -0.102228 -0.110668 0.123158 -0.120327 -0.043068 -0.076125 0.154874 -0.051116 -0.071179 0.317212 0.036106 -0.212152 0.109321 -0.011630 0.291124 -0.020207 0.133962 -0.203798 0.080601 0.080533 -0.421037 -0.012131 0.142772 0.219447 -0.026161 0.175593 0.053944 -0.225994 -0.016930 -0.398684 0.107734 -0.217081 0.336150 -0.175952 -0.242075 0.141509 -0.032600 0.129129 -0.156178 -0.058535 -0.088075 0.150148 -0.140551 0.205527 -0.012075 -0.136856 0.011841 0.097398 0.117048 0.066271 -0.146651 0.141845 0.078701 -0.084477 -0.358664 -0.047296 0.346149 -0.025600 0.001792 0.071913 0.080533 -0.086960 -0.187406 -0.005656 -0.102976 0.040506 0.231729 0.200123 0.004176 0.260592 -0.070222 -0.079452 0.087454 0.085541 0.019260 -0.059536 -0.136580 0.011793 -0.079590 0.202036
-0.108816 -0.333683 -0.037083 -0.093592 0.245719 0.072141 0.088030 0.042227 -0.133936 0.127503 -0.011158 0.150385 0.061240 0.043058 -0.199684 -0.317075 0.151466 -0.098650 0.096049 -0.238031 -0.019502 -0.144824 -0.099233 -0.088477 -0.112143 -0.204754 -0.045789 0.190970 -0.058071 0.071812 -0.095067 -0.214895 -0.173264 0.048334 0.028612 0.090630 -0.275409 0.057847 0.013253 0.213105 -0.094102 0.050137 -0.285656 0.111569 -0.150807 -0.008977 0.194715 0.495495 -0.073936 0.188522 -0.053632 -0.024382 0.130053 -0.170326 -0.121221 0.015295 -0.011790 -0.112876 0.178570 0.185419 -0.104466 0.033207 0.102140 0.101404 -0.036029 0.052382 -0.087013 -0.128154 0.047851 0.275859 0.505296 0.068808 -0.079240 -0.066766 -0.400100 -0.209200 0.196541 -0.029133 -0.174010 -0.143153 -0.360660 0.161686 0.093345 -0.108239 -0.167569 0.148220 -0.020835 0.225911 -0.011739 -0.043776 0.033685 -0.136609 -0.045308 -0.090951 -0.543410 -0.294460 0.085847 -0.409930 0.040770 0.113435 0.079138 0.088608 0.133208 -0.029858 -0.074319 0.077088 -0.102243 -0.171447 0.207163 -0.387165 -0.027258 0.044833 -0.141738 -0.078554 -0.164535 0.012823 -0.064727 -0.111377 -0.054122 -0.236724 -0.136282 -0.007648 -0.409691 -0.000273 -0.010088 -0.033836 0.021160 -0.148186
-0.178397 -0.156679 -0.105684 -0.151331 -0.069146 -0.091208 -0.220150 -0.147246 -0.085184 0.069221 0.070496 0.042881 -0.116535 -0.113916 -0.133403 0.246216 0.124590 0.051688 -0.241290 -0.076375 -0.101376 -0.009179 0.056776 0.378583 0.157829 -0.085019 -0.184628 -0.164989 -0.126392 0.191379 0.166311 0.104113 -0.187995 0.059340 -0.088907 -0.331003 -0.093170 -0.066349 -0.086822 0.157741 0.060899 -0.059044 0.207997 -0.028996 0.153099 -0.166264 -0.162969 -0.117508 -0.091853 -0.023003 0.068562 -0.082257 -0.057682 -0.020877 -0.276524 0.085539 0.044813 0.084679 0.075066 0.179298 -0.075423 -0.230501 0.117561 0.186928 0.167389 0.234577 0.073880 -0.004069 -0.218859 -0.442909 -0.695041 0.024103 -0.025967 -0.195035 -0.058887 -0.007825 -0.251050 -0.027674 -0.563594 -0.079009 -0.277236 -0.037489 0.049050 -0.256351 -0.293245 -0.148439 -0.077574 -0.244048 -0.008747 -0.064589 0.093722 -0.258579 -0.325769 -0.181429 0.275291 0.089436 0.073062 0.039794 -0.073632 -0.082430 -0.081215 -0.192904 0.035662 0.006528 -0.107713 -0.061251 -0.313044 -0.086093 -0.234984 -0.129244 -0.130547 -0.008498 0.048950 -0.350337 0.051037 -0.105922 -0.079049 -0.208164 0.097254 0.247277 0.099548 -0.019899 -0.177128 0.072810 0.045850 0.097955 -0.109260 -0.344815
0.109198 -0.156941 0.145684 -0.286978 0.056874 -0.146759 -0.244285 -0.062639 -0.082008 -0.117069 -0.154929 0.201839 -0.032115 -0.255211 0.182744 -0.072900 0.089707 -0.211049 -0.002749 -0.325534 -0.093359 0.119070 -0.017052 0.071644 -0.000797 -0.295014 -0.095032 -0.208442 -0.064923 0.058991 -0.121749 -0.157306 -0.224996 0.039758 -0.025002 0.200988 0.000917 -0.449192 0.052436 -0.141570 -0.010629 -0.065329 -0.376208 0.016675 0.026568 -0.216330 0.070461 0.122520 -0.057999 -0.195271 -0.260919 0.276783 -0.022537 0.208572 0.277299 -0.021142 -0.083707 0.275297 0.065836 0.171893 -0.267110 0.014478 0.071688 0.047538 -0.138701 0.228849 -0.093333 -0.017106 -0.063420 -0.466198 -0.278253 -0.485132 -0.044039 0.128175 -0.051757 -0.115509 0.136025 -0.344853 0.093525 -0.002315 -0.087466 -0.029080 0.042680 0.032024 -0.056686 0.345073 0.136726 0.099632 0.042497 0.124047 0.031752 0.067696 -0.005786 0.052339 0.017164 0.002104 -0.226913 -0.094650 -0.070288 -0.004192 -0.045091 -0.001830 -0.072043 -0.028336 0.214457 -0.045626 -0.134597 0.107388 -0.161352 0.122394 0.275912 -0.043174 0.145220 0.102096 -0.237247 0.172077 0.004056 -0.039598 -0.181472 0.077198 -0.116387 -0.469362 0.069949 0.027720 -0.060050 0.102185 -0.259092 0.182103
0.015919 -0.058029 0.142345 0.102041 -0.231190 -0.281797 0.067922 0.017984 0.102185 0.156407 0.139975 -0.021517 -0.219950 -0.060678 -0.069074 -0.222425 -0.015295 0.028757 -0.290147 0.203780 0.090644 -0.178627 -0.473049 0.148979 0.221688 0.193283 -0.064770 0.131327 -0.022109 0.043125 0.160516 0.021385 0.160914 0.049851 -0.108313 -0.083341 0.013515 0.149807 -0.319256 -0.097137 -0.022307 -0.123341 0.263205 -0.116379 -0.217171 0.291661 0.082468 -0.233398 -0.058303 -0.145966 -0.280567 0.121516 0.227684 -0.019815 -0.043643 -0.172542 0.064967 -0.047345 -0.227166 -0.084122 -0.044691 0.141645 -0.111329 0.096109 -0.120901 -0.207184 -0.067179 -0.046405 -0.036158 0.163901 0.026652 0.180431 0.197765 0.080585 -0.263942 -0.067789 0.190279 0.022749 0.096641 0.141666 -0.356336 0.017638 0.078918 -0.130746 -0.058322 0.044393 -0.208116 0.027410 -0.050560 0.026236 -0.072153 0.095795 -0.082118 0.023767 0.054341 -0.058131 0.198955 -0.073606 0.054199 -0.063161 -0.340718 -0.114702 0.075019 -0.012609 0.169947 -0.213108 -0.130094 -0.291979 -0.033322 -0.187254 -0.311105 0.027092 0.082203 -0.049185 -0.035547 -0.036495 -0.068921 -0.000965 -0.034633 0.227065 -0.183676 0.082256 -0.244595 -0.038592 0.012617 0.217600 0.225437 -0.120211
-0.077287 0.121171 -0.242164 0.182617 0.179975 0.041364 -0.191887 -0.108438 0.387044 0.035260 -0.061547 0.060438 0.200161 -0.090299 0.028708 -0.016695 -0.074544 -0.072469 -0.154517 0.178356 -0.047844 -0.182614 0.251036 0.006975 -0.164670 0.095587 0.161106 -0.548874 0.012466 -0.056382 -0.026194 0.186388 0.120894 0.028569 -0.096117 0.111076 -0.110277 -0.162373 0.107857 0.150434 -0.039265 -0.071330 0.034829 -0.120063 -0.083421 0.028975 0.075643 0.063940 0.192250 -0.154914 -0.217090 -0.188919 -0.005129 -0.129866 -0.109291 -0.377324 -0.173658 0.171583 0.105287 -0.070029 -0.141887 -0.190787 -0.184617 -0.115397 -0.049191 0.013190 0.084500 -0.034449 0.209332 -0.032292 -0.207675 0.013989 0.019449 -0.071891 -0.045401 -0.005908 0.116974 -0.150567 0.220918 -0.167301 -0.094243 -0.078104 0.031048 0.014520 0.164674 0.031643 0.010329 0.080516 0.002127 -0.228627 0.023761 0.214260 -0.231029 0.214961 -0.012176 0.187945 0.337991 0.074653 -0.033502 -0.169150 0.037483 0.149182 -0.107172 -0.075302 -0.101566 0.128354 0.144807 0.212568 0.159743 0.165692 -0.024702 -0.012003 0.047614 0.046740 -0.042923 0.117642 0.022173 -0.021591 -0.251853 0.144305 -0.212282 0.168935 0.126696 -0.018772 -0.007724 -0.068333 0.134975 -0.245181
-0.007583 -0.135944 -0.047571 -0.237132 -0.243550 -0.016710 -0.049724 0.222973 -0.096456 -0.146541 0.013871 -0.140416 -0.205194 -0.317303 -0.054533 0.126917 0.013877 -0.033366 -0.353068 -0.117356 -0.351210 -0.062008 -0.200143 -0.001334 0.090472 0.104638 -0.083556 0.119662 0.003905 0.233658 -0.083762 0.018465 -0.250027 0.001791 -0.060333 -0.139760 0.013173 -0.169178 -0.061156 -0.239355 0.010970 -0.313411 -0.042970 0.070905 0.061567 -0.075379 0.156380 0.064182 -0.090213 -0.147005 -0.273831 -0.077318 0.242629 -0.141561 -0.104140 0.093840 -0.146232 -0.016167 -0.149718 0.035877 -0.045734 -0.251757 -0.107581 0.167528 0.188945 0.093223 -0.220692 0.038330 -0.018461 -0.103556 0.097816 -0.106780 -0.165852 -0.174758 0.016023 0.053057 0.067507 0.052408 -0.046160 -0.148066 -0.029022 0.128195 0.037297 0.127817 -0.005751 -0.014219 0.050677 -0.020973 -0.112472 0.057661 0.290421 -0.030673 -0.089049 -0.049697 0.078358 -0.045845 0.170596 -0.351646 -0.017132 0.001537 0.077423 -0.081919 -0.136421 -0.038560 -0.103381 -0.151597 -0.154994 -0.128161 -0.036493 -0.272787 0.048294 -0.124126 -0.108358 -0.143111 0.043976 0.313264 0.089380 -0.080304 -0.140237 0.085343 0.099669 -0.186784 -0.030378 -0.070343 -0.146281 0.171282 -0.092533 0.147700
0.056352 -0.230013 -0.204277 -0.040784 -0.059517 0.096458 -0.014581 0.001316 -0.282600 0.180403 0.022055 -0.031273 -0.201170 -0.072528 0.004224 0.070559 0.013595 0.036542 0.039624 0.093033 -0.112764 -0.225797 0.078121 -0.088241 0.000256 -0.200546 0.076257 -0.077864 -0.019405 -0.019157 0.101637 -0.031122 0.076653 -0.129113 -0.012115 -0.051305 -0.066484 -0.006539 -0.051155 0.202873 -0.026806 -0.115763 0.193375 0.206393 0.127769 -0.127046 -0.253105 0.114107 -0.075509 0.134956 0.109103 0.180134 0.248031 0.007537 -0.214290 -0.041462 0.315571 -0.099421 -0.259079 0.015506 -0.441478 0.271351 0.062365 0.138184 0.098689 -0.153392 -0.341306 0.004096 -0.210710 -0.093213 -0.072977 0.269324 -0.075905 0.093212 0.156489 -0.045461 -0.068136 0.117463 -0.050190 0.022787 0.113569 0.132551 0.218129 -0.131667 -0.291886 0.108882 0.088059 -0.050289 0.011868 -0.137883 -0.146810 0.166793 -0.003670 -0.110196 0.010043 -0.210003 0.022770 0.028333 -0.016493 -0.014376 0.134314 -0.151741 -0.106502 -0.002408 -0.086467 -0.013751 -0.060163 -0.126681 0.059640 -0.039349 -0.211818 -0.088395 0.074601 0.126318 -0.312132 0.093207 0.024628 -0.066065 0.302776 -0.163581 0.086372 -0.247412 -0.090956 -0.024538 0.029383 0.175982 -0.026192 0.037401
-0.184182 -0.236836 -0.275918 0.065983 -0.043048 -0.083739 0.119457 -0.094081 0.245704 0.184438 0.165436 0.160597 0.080772 0.216236 -0.046013 -0.088359 0.023610 -0.034019 0.136640 -0.308352 0.111049 -0.338227 0.270526 0.204083 -0.070155 -0.282529 0.211892 -0.343502 -0.003566 -0.018987 0.131781 0.270072 -0.033101 -0.019312 -0.081753 0.133249 0.013871 -0.427631 0.004328 -0.106587 0.033082 0.156147 0.031478 -0.341944 -0.087885 -0.284377 0.109565 0.166049 -0.212504 -0.064456 0.109583 -0.073861 0.027212 -0.106425 -0.099994 -0.383854 0.172024 0.090498 -0.045102 0.205382 -0.445172 -0.035683 0.219805 0.160131 0.082076 0.054955 0.117950 0.042506 -0.045040 -0.104503 -0.021479 0.188760 0.078018 0.378040 0.139828 -0.124632 -0.073828 -0.288216 -0.112625 0.102722 -0.129701 0.117440 0.064096 -0.116922 -0.029319 0.205456 0.004297 0.170202 0.017430 -0.118376 0.099390 0.089314 -0.181146 0.227931 -0.024022 0.031968 -0.068730 -0.221186 -0.025601 -0.020269 -0.260941 0.016750 0.093502 0.031278 -0.024396 -0.142041 -0.117504 -0.087730 0.162432 -0.146782 0.089411 0.000526 0.052558 0.003945 -0.094916 0.212071 0.047123 -0.022839 -0.094926 -0.170274 -0.460689 0.104515 -0.008531 -0.107052 0.026894 0.102255 -0.167986 -0.139122
-0.050837 0.002446 0.062645 -0.059559 -0.137957 -0.060038 -0.226741 0.124818 -0.314716 -0.028644 0.066485 0.149651 0.046156 -0.168558 0.099109 0.007466 0.141985 -0.014962 -0.032678 -0.146124 0.015678 0.017101 -0.028813 0.053750 0.065384 -0.257654 -0.046140 0.190832 -0.021885 0.114021 0.121678 0.041089 -0.069228 0.069942 -0.026427 0.002403 0.081570 -0.581195 0.133874 -0.406280 0.122508 -0.159202 0.012813 -0.015168 0.067598 -0.041490 -0.012282 0.010879 0.109569 -0.097719 -0.156665 0.010407 0.176069 -0.008662 0.078642 -0.007008 -0.028243 -0.077228 0.034923 0.155112 -0.104533 -0.100734 -0.072347 0.086694 -0.067611 0.221258 -0.040258 0.028345 -0.171997 -0.047929 -0.037700 -0.004482 0.030853 0.030310 0.122993 -0.094326 -0.216054 0.019815 0.084139 0.068435 -0.150025 -0.092591 -0.078856 -0.145552 -0.060686 0.098519 0.127765 -0.047007 0.006723 -0.101163 0.243996 0.164674 -0.181072 -0.003502 0.154358 -0.018668 0.127509 -0.371410 -0.029007 0.195138 0.070660 -0.182519 -0.342902 -0.092644 -0.153316 -0.148065 0.094708 -0.122047 -0.012455 -0.142667 0.040103 -0.030798 -0.025235 0.194296 -0.044624 0.285082 0.128927 -0.054505 -0.002081 -0.234249 -0.156109 -0.085919 -0.211501 -0.049813 -0.111091 0.083525 0.064671 -0.043053
-0.005005 0.077548 -0.039674 0.002978 -0.049583 -0.003654 -0.116270 0.218797 -0.031079 0.144906 0.012572 0.019080 -0.057805 -0.277323 0.051812 -0.088483 -0.294380 -0.185135 0.192553 0.265442 -0.202003 0.234975 -0.182983 0.027855 0.166974 0.063773 -0.007236 0.022790 0.026563 -0.112261 -0.223609 0.219289 -0.003037 -0.011038 0.038885 0.223903 0.089175 -0.156159 -0.234475 0.097114 -0.211156 0.041741 -0.140688 -0.029160 0.103338 -0.064001 0.054016 0.064393 -0.206272 -0.064172 -0.194270 0.375567 0.070698 0.031684 0.058055 0.011200 -0.339839 -0.255300 -0.515121 -0.081879 -0.031957 -0.088229 -0.062163 -0.131997 0.080125 -0.159973 -0.072926 -0.098176 0.214336 0.072130 0.116249 -0.058740 -0.557587 -0.056110 -0.232989 -0.099386 -0.073991 -0.029470 -0.247382 0.216756 0.519470 -0.024140 0.277074 -0.003804 0.037407 0.106797 0.031224 -0.024049 0.006442 0.221231 0.319001 -0.009140 0.190521 -0.095331 -0.143973 -0.001025 0.097790 0.080574 -0.061656 -0.122022 -0.047942 0.205989 0.189845 0.013752 -0.184388 0.163181 0.045077 0.173526 -0.038356 -0.295979 0.099055 -0.048354 -0.136936 -0.258877 0.066818 -0.065736 0.108656 0.043632 -0.393269 -0.326609 -0.222109 -0.151494 -0.072467 0.035027 0.055016 0.083436 0.071884 -0.336722
-0.146493 0.227082 0.018012 0.016435 -0.129007 0.040241 -0.090482 -0.070752 -0.090118 0.232948 -0.059642 -0.102243 0.023578 -0.219635 -0.290778 0.000827 -0.103655 -0.051978 0.040313 0.016850 -0.020084 -0.106054 0.224789 0.210095 0.255369 -0.246320 0.022371 0.027283 0.005049 0.078086 0.317287 0.247906 0.028920 -0.014860 -0.136087 0.062886 -0.243930 -0.344119 0.000596 -0.089352 -0.175136 -0.222839 0.099113 -0.202874 0.118123 -0.027275 0.146229 -0.096446 -0.122142 0.034949 -0.081071 -0.223233 -0.035365 -0.150826 0.098332 -0.126552 -0.245109 -0.243417 0.116343 0.020878 -0.224973 0.031754 -0.007891 -0.085651 0.207417 -0.139455 0.227800 0.011508 -0.001903 -0.047744 0.153952 -0.212453 -0.271845 -0.162356 0.056140 -0.130557 0.033277 0.255527 0.221710 -0.052818 -0.017961 -0.004851 0.069820 0.034106 0.318814 -0.079811 -0.125280 0.081170 -0.126570 -0.089367 0.242683 0.071696 -0.094270 0.060064 0.040934 0.097422 -0.132005 0.110583 -0.021843 -0.055873 -0.266852 -0.019594 0.151836 -0.019699 0.043305 -0.031806 0.069873 -0.212830 -0.047965 0.105400 -0.153897 -0.022481 -0.150014 -0.176766 0.262673 0.178672 0.369957 -0.027326 0.266446 0.123922 0.108814 -0.032342 -0.158041 -0.041551 -0.000163 0.060573 0.250612 0.031557
-0.079745 -0.393077 -0.147033 0.100421 0.050712 0.065020 0.000734 -0.043473 -0.407630 0.099851 -0.140125 0.148721 0.067504 0.057624 -0.130487 0.161141 0.046758 0.015991 0.038044 -0.256853 0.108342 -0.136205 -0.115916 0.169249 -0.034195 0.055187 -0.132463 0.036405 -0.068785 0.009372 -0.014547 0.311878 -0.082901 -0.197385 -0.079047 -0.359078 -0.336437 -0.138640 0.079287 -0.160541 0.063660 -0.293597 -0.033310 0.108810 -0.113828 -0.272185 -0.144619 -0.068314 -0.149911 -0.023692 0.346110 -0.422131 -0.378400 -0.184011 0.031577 -0.000983 0.112227 0.052431 0.344743 -0.201669 0.163811 -0.014879 0.114862 -0.150598 0.050708 0.089292 -0.403513 0.135256 0.042111 0.038857 0.004953 -0.031072 0.259466 0.136399 -0.221513 0.154301 -0.255840 -0.150361 0.003238 -0.151608 0.010590 0.042024 0.089621 -0.123532 -0.117582 0.167846 -0.021899 -0.054398 -0.041314 -0.177307 -0.185225 0.031070 -0.028156 -0.230787 0.160599 0.039583 0.039854 -0.052002 0.017234 0.222738 -0.354759 -0.024660 -0.029109 0.094954 0.155160 -0.023957 -0.156776 0.160589 -0.060903 -0.148176 -0.053828 0.005310 0.010186 -0.058905 -0.119022 -0.339684 0.165586 -0.161086 0.288036 0.220112 -0.227279 -0.002968 0.014877 0.048284 0.017689 -0.097539 -0.056542 -0.044347
-0.107547 -0.173646 -0.123524 0.137341 0.132323 0.118984 -0.173276 -0.067522 -0.050000 0.172812 -0.170174 -0.088241 -0.035177 0.054017 -0.066192 0.176464 0.107621 0.060906 0.032483 -0.246537 0.092246 0.240849 0.004371 -0.138872 -0.000460 -0.475871 -0.146442 -0.094037 -0.172144 0.070887 -0.024571 0.176524 -0.182664 -0.334469 0.076905 -0.022825 -0.427439 0.008696 0.126660 0.254722 -0.192404 -0.219863 0.271261 -0.122255 0.090842 -0.021336 0.013782 0.139847 -0.147296 0.147622 -0.097957 -0.097248 -0.540916 0.105443 0.161030 -0.060853 -0.198407 -0.137232 0.044438 -0.072148 -0.333936 -0.103432 -0.021741 -0.470535 0.412702 0.043388 0.066826 -0.016763 -0.289939 -0.154594 0.169283 -0.045169 -0.028662 -0.309018 0.087569 -0.054361 -0.224529 0.069022 -0.053854 -0.148555 0.127737 -0.233637 -0.142343 0.078793 0.059792 0.087952 -0.247897 -0.162332 -0.000386 -0.246158 -0.293229 -0.176337 0.102084 0.037682 -0.054985 -0.004760 -0.075490 -0.105430 -0.036923 -0.057436 -0.201935 -0.013905 -0.125288 -0.011799 -0.118146 0.009823 -0.031129 0.038311 0.036738 -0.005916 0.304006 -0.023014 0.080389 0.081015 -0.063338 -0.497863 0.276169 -0.071537 0.069413 -0.005860 0.087901 0.148606 0.230028 -0.060701 -0.088563 -0.172518 0.108666 -0.117952
-0.055135 0.122113 -0.068744 -0.178196 0.030706 -0.066021 0.254795 -0.017397 -0.186588 0.442262 0.028540 0.036330 -0.026393 0.085237 0.156320 -0.061970 0.225373 0.295489 0.034230 0.122920 -0.238642 -0.287942 0.287760 -0.115343 0.340417 -0.108571 0.055530 -0.330150 -0.025472 0.194575 0.262154 0.122922 0.039344 0.129102 -0.109880 -0.027964 -0.029908 0.086767 0.304090 0.103843 0.030881 -0.053847 0.015703 0.026159 -0.127304 0.043797 -0.089753 0.133765 0.122070 0.004794 -0.070527 0.106196 0.035349 0.176339 -0.114984 0.111458 0.263337 0.069869 0.009691 0.156996 0.346385 -0.236812 0.089924 -0.165586 -0.068017 -0.030141 0.104913 -0.073842 0.315059 0.056135 0.041648 0.116663 -0.046742 0.066533 -0.193579 0.151266 0.005279 0.162706 -0.217605 -0.095356 -0.277518 0.270745 0.047414 -0.166318 -0.167882 0.171291 -0.360129 0.313104 0.028327 -0.104637 0.115002 0.073109 -0.138547 0.174894 -0.002691 -0.079538 -0.049871 -0.123308 -0.039711 0.056205 0.281868 -0.158755 -0.157121 -0.017380 -0.005343 0.011900 -0.085039 0.016329 0.024105 0.045507 -0.131371 0.022411 0.042597 -0.127580 0.024962 0.245844 0.194247 -0.426679 -0.364106 0.124834 0.108294 -0.100983 -0.065584 -0.009610 -0.007277 0.094354 0.149088 -0.160050
0.175449 -0.188659 -0.005685 -0.165850 -0.020740 -0.059022 0.203667 0.083120 -0.080299 -0.062891 0.170376 0.207325 -0.134504 -0.042768 0.015571 -0.013368 0.060665 0.021757 -0.313091 -0.163993 0.131789 -0.197691 0.061226 0.015635 0.156832 -0.211691 0.281168 -0.255214 -0.049776 -0.133658 -0.079811 0.173848 0.096794 -0.175821 -0.039100 -0.333445 -0.040056 -0.039702 -0.108376 -0.294713 -0.085491 -0.136181 0.140887 0.042078 -0.164151 -0.133814 -0.557932 0.071504 -0.134956 -0.270276 -0.205302 -0.123102 -0.037852 -0.226958 0.055563 -0.047574 -0.079664 0.216954 -0.061468 -0.017231 -0.138811 0.115931 0.140843 -0.082007 0.056784 -0.297990 -0.378387 0.033834 -0.045595 0.188462 -0.000892 0.125587 0.052260 -0.017517 -0.086799 0.145174 0.120671 -0.186518 -0.166112 0.014894 -0.265798 0.199669 0.002914 0.048268 0.229221 0.086487 0.068812 -0.163893 -0.008931 0.028400 -0.251765 0.137349 -0.015796 0.013207 -0.432452 0.045673 -0.067958 0.001819 -0.015615 -0.067049 -0.180252 -0.206848 0.085991 -0.054846 -0.221436 0.029952 -0.117675 0.185832 -0.135871 -0.339463 0.097407 -0.001958 -0.100689 -0.163596 0.096735 -0.426752 -0.152765 -0.099875 -0.097810 -0.230258 -0.110176 0.146836 0.014126 0.034859 -0.150850 0.076498 0.001228 -0.302329
0.101189 -0.036100 0.160713 -0.045979 0.226211 0.215022 0.102035 0.114124 0.467822 -0.002264 -0.108263 -0.155492 0.020794 -0.380221 0.067373 0.133130 0.211610 -0.176683 -0.015895 -0.033309 0.213682 0.271271 -0.164269 0.057939 -0.215139 0.235073 -0.007265 0.013376 -0.049818 0.154629 0.085141 0.019466 0.237280 0.021256 -0.092040 -0.053809 -0.159540 -0.202029 -0.263578 -0.076348 -0.186563 0.028137 0.032676 0.211490 -0.060465 0.143964 0.083611 -0.149343 0.164982 0.016490 -0.027023 0.275773 0.090560 0.462847 0.090389 0.163711 0.268849 0.036239 -0.052733 -0.002879 -0.023890 0.029165 -0.191298 -0.212754 0.321721 0.128671 -0.013965 -0.017498 0.132870 0.251910 -0.059852 0.237442 -0.099307 -0.257599 -0.284209 0.063719 0.123860 0.159726 -0.093653 -0.128225 0.105160 0.024971 -0.427920 -0.047824 0.075138 -0.063626 -0.076980 -0.132922 0.102751 -0.279701 0.102293 -0.421530 0.144783 -0.061409 0.118718 0.296347 -0.319988 -0.174066 -0.079497 -0.201451 -0.026296 0.195217 0.251182 -0.076288 -0.018988 -0.081656 -0.149716 -0.181856 0.207783 -0.070305 0.013735 -0.061116 -0.040165 0.129565 -0.011361 -0.084305 0.285160 0.070530 0.146596 -0.098324 0.088655 -0.018901 0.148762 0.032353 -0.043989 0.295216 -0.120662 0.094323
-0.020525 0.071440 0.297556 0.079026 0.062733 -0.322857 0.076678 -0.135261 -0.351555 -0.269739 -0.220286 -0.041979 0.026139 -0.112726 -0.134322 -0.044140 -0.067031 0.103277 0.148924 -0.292949 0.341497 -0.058940 -0.012236 0.014480 0.377455 0.226985 0.086792 -0.215615 -0.052865 0.065678 -0.108276 -0.208218 0.029472 0.019104 -0.035156 -0.134971 -0.095343 -0.077605 0.295416 -0.109282 0.085777 -0.108877 0.117637 0.222735 -0.049227 0.030948 0.142227 0.069973 -0.172428 0.100640 0.152077 0.240079 0.163974 -0.092232 -0.148496 0.124595 0.081535 0.036905 -0.207377 0.130411 0.180638 -0.112783 0.055044 -0.019777 0.146929 0.127271 -0.421804 -0.038294 -0.020833 0.147422 0.120677 0.152050 -0.104214 -0.033457 -0.198496 0.141103 -0.117687 0.218895 0.054159 -0.000973 0.138786 0.028860 0.010335 -0.095913 0.017033 0.037241 0.020648 0.093363 -0.013416 -0.110226 0.148948 -0.033955 0.171327 -0.055193 -0.107079 0.044708 0.146403 -0.060032 -0.018568 0.191788 -0.097682 0.268245 0.191094 -0.068525 -0.303715 -0.104432 -0.284826 0.053930 -0.036207 0.192394 0.074270 -0.023164 -0.125923 -0.174584 0.038064 -0.193878 0.113940 -0.004963 -0.055630 0.007343 0.111551 -0.219512 -0.140813 -0.025589 -0.060167 -0.025077 -0.011254 0.002229
-0.028832 -0.153942 0.163421 -0.107806 -0.063303 -0.020199 0.136651 -0.010378 -0.250937 -0.133797 0.056645 -0.082773 0.020419 -0.109664 -0.044690 0.087660 0.181313 -0.079584 -0.089600 -0.053522 -0.049553 0.023346 0.026633 -0.017429 0.276349 0.264745 0.235249 0.012987 -0.104819 -0.157563 -0.045688 -0.411500 0.108161 0.032312 -0.188904 -0.044290 -0.025483 -0.003920 0.016068 -0.199927 -0.062009 -0.001502 0.337265 -0.120654 -0.331015 -0.164444 0.032578 -0.122541 -0.304066 0.079625 -0.031081 -0.030501 0.135508 -0.179122 0.206902 -0.192962 0.091095 0.038426 -0.280276 0.020101 0.007435 0.093167 -0.054743 0.000014 0.130397 0.224083 -0.504401 -0.000149 -0.085826 -0.061841 0.137020 0.240348 -0.031081 -0.028449 -0.031666 -0.153567 0.115564 0.047623 -0.108687 -0.180233 -0.037409 -0.209068 -0.176323 -0.153594 0.047080 0.042984 0.175300 0.060308 -0.018193 -0.108293 0.184646 -0.034199 0.009371 0.018480 -0.066155 0.211813 -0.214099 0.173958 0.047363 0.046019 -0.350444 0.248668 -0.038835 -0.054491 0.207268 -0.077961 0.070256 0.094989 0.133451 0.043453 -0.038283 0.032650 0.057820 -0.066645 -0.127045 -0.007367 0.042709 0.023056 -0.107960 0.261994 0.118182 -0.014679 -0.183573 -0.079727 0.026079 -0.084595 -0.112256 -0.062134
-0.127473 0.117984 0.143460 0.038870 0.183169 0.024553 -0.124630 -0.100567 -0.115182 -0.231761 -0.062670 0.011565 0.183429 0.013411 0.345166 0.064431 -0.021732 -0.377962 -0.083241 0.135377 -0.131974 0.132365 0.102972 -0.245853 0.033790 0.134505 -0.076081 -0.014685 -0.042091 0.082674 0.087369 -0.140786 0.077873 0.138601 -0.043833 0.043968 0.112505 -0.124179 -0.019228 0.087059 -0.113577 0.011363 0.091860 -0.097472 -0.054176 0.129454 -0.101357 -0.047578 0.065560 -0.131058 -0.130880 0.330885 0.205777 0.079898 -0.111404 -0.287952 -0.161005 0.223837 -0.064520 -0.020328 0.255501 -0.084816 -0.053723 0.108137 0.013908 0.084883 -0.001756 -0.144815 0.081565 -0.123280 -0.208600 0.153851 -0.299042 -0.045554 -0.128527 -0.341601 0.092338 0.039055 -0.234611 0.112676 -0.147460 -0.100670 -0.204191 0.245891 -0.074146 -0.046806 -0.030190 0.059086 -0.030155 0.192165 0.053232 -0.040500 -0.216941 0.056322 0.116065 0.002878 -0.088062 0.095920 0.002920 -0.093545 -0.347460 0.122639 -0.073099 -0.104366 -0.026324 0.048145 0.004488 0.007788 0.081038 -0.174024 0.091656 0.026882 0.238766 -0.257113 0.207029 -0.069807 -0.138588 0.094770 -0.193958 0.050730 0.044849 0.119806 -0.004026 -0.051629 -0.083351 0.016018 -0.181327 0.035722
0.135505 0.263116 0.031371 0.006043 0.203051 0.069379 -0.037231 0.041699 0.037464 -0.236481 -0.138336 0.045385 -0.088368 -0.281155 0.318269 0.242055 0.171705 0.048203 -0.148238 -0.187768 -0.069363 0.307375 0.094626 0.052274 -0.176509 0.038437 -0.315102 -0.107161 0.000731 0.015776 -0.119713 -0.331796 0.094892 0.241611 0.082918 0.204003 0.076465 -0.201555 -0.000700 -0.111208 -0.310816 -0.174019 -0.048640 0.265732 -0.009110 0.151946 -0.152694 0.056650 0.098766 0.028142 0.041483 0.217408 -0.006999 -0.087215 0.086263 -0.033124 -0.144505 0.122481 0.112325 0.070404 0.160636 -0.280071 0.026019 -0.029765 0.068310 0.038255 -0.383919 -0.055449 0.022137 -0.159069 -0.167318 0.255395 -0.053853 -0.144610 -0.479727 -0.253135 0.081412 0.101223 -0.043622 -0.042999 0.098190 0.082474 -0.192898 -0.102883 -0.046514 0.128996 -0.040937 -0.110673 0.000521 -0.082641 -0.049143 -0.207984 0.070783 0.038797 -0.212561 -0.056774 -0.045307 0.135011 0.045307 -0.029657 -0.175348 0.259842 0.061776 -0.091907 0.251657 0.118290 -0.199490 0.226042 0.181533 0.064975 0.241652 -0.005255 -0.216361 -0.016111 0.004908 -0.032958 0.097204 0.094725 0.346333 0.192528 0.001016 -0.164968 0.204599 -0.039039 -0.127901 0.019790 -0.346424 0.119053
0.004934 -0.025699 -0.091902 -0.110584 0.182732 0.092452 -0.233794 0.059965 -0.068852 0.000967 -0.150061 0.051436 -0.217697 -0.100937 0.149432 0.044428 -0.118224 -0.119576 -0.095539 -0.308636 -0.015814 0.231178 0.172845 0.179010 -0.223242 0.252182 0.307122 -0.022365 -0.019882 -0.037184 0.008909 -0.227583 -0.039226 -0.172702 -0.207039 0.160366 0.027513 -0.038511 -0.143416 -0.183104 0.086899 -0.266006 0.020434 -0.050021 0.025474 0.091865 -0.059504 0.106740 0.113928 0.179278 0.023492 0.152366 0.119272 -0.005995 0.194006 -0.037734 -0.005610 0.099710 0.335178 -0.040515 0.005471 0.069151 0.204862 -0.115665 0.075936 0.050411 -0.104667 0.018484 0.092277 -0.190681 0.138080 0.068893 -0.010410 0.180252 -0.055389 -0.083304 0.019486 -0.071049 -0.038606 -0.130589 0.183029 -0.235285 -0.206284 -0.018355 0.037244 0.049458 0.227924 -0.289495 -0.075738 0.001384 -0.447152 -0.031237 0.185079 0.092268 -0.116343 0.117261 -0.120983 0.223848 0.014419 -0.004737 0.247740 0.154050 0.119212 0.066720 0.081966 0.010122 -0.053939 0.137960 0.108299 0.123834 0.152701 -0.043564 -0.291126 0.028697 0.013414 -0.012796 0.209772 0.095562 0.108649 0.113672 -0.007950 -0.198511 0.191255 -0.036301 -0.058600 0.007891 -0.262197 -0.000725
0.225332 0.155524 0.013698 -0.105451 -0.013882 0.217124 -0.145890 0.155894 -0.009197 -0.119414 -0.118295 0.121802 -0.115724 0.002022 0.062672 -0.007208 -0.045233 0.112238 0.059605 0.018221 -0.172976 0.006162 0.018492 -0.160397 0.045894 0.044203 -0.145154 0.028306 -0.053747 0.189628 -0.133893 0.046233 -0.065730 -0.043168 0.058862 -0.047489 -0.111940 0.035364 0.210248 -0.498921 -0.109766 -0.156159 0.134836 0.131783 0.066158 0.111790 0.163643 -0.187301 0.060803 0.064660 -0.057537 0.029478 0.034027 -0.036979 0.081824 -0.033810 0.061680 0.068212 -0.093688 -0.062907 -0.243325 0.032220 0.115457 -0.101865 -0.046339 0.032006 -0.074435 0.017909 -0.106456 -0.102823 0.205166 0.025079 -0.239571 0.121442 -0.242345 -0.016751 0.047504 0.260718 -0.099421 -0.208832 0.086555 0.039451 0.018925 0.159445 -0.001926 0.126602 0.174101 -0.012709 -0.101494 0.035400 -0.286474 -0.183457 0.036626 -0.283798 -0.056434 0.101257 0.019126 -0.078034 -0.092428 -0.202751 -0.033273 0.127753 0.133012 -0.129031 0.131243 -0.260957 -0.056712 0.046307 -0.068173 -0.027442 -0.110808 -0.077019 -0.041061 0.003428 -0.233734 0.048782 -0.026926 0.134967 0.176081 0.177855 0.129440 -0.273931 0.134342 -0.102406 -0.067081 0.138025 -0.058394 0.041075
0.109819 0.171192 -0.210230 0.204434 0.054849 0.007875 0.111466 0.221700 0.203812 -0.064989 0.124909 0.009775 0.188366 -0.081581 -0.154913 -0.054112 0.143650 0.070039 -0.033059 0.275018 0.052107 0.167734 0.075066 0.085443 0.200832 0.223173 0.310766 -0.174414 0.007900 0.056107 0.037818 -0.196833 0.256197 0.045906 0.087049 0.081085 -0.211493 -0.095054 -0.184051 0.017043 -0.021250 -0.376075 0.162454 -0.059877 0.020268 -0.250251 0.072703 0.030949 -0.050183 0.135437 0.257451 0.161798 0.150019 0.164461 0.216333 0.227659 -0.180217 -0.156386 -0.116880 0.105286 -0.135782 0.084075 -0.150793 0.199153 0.209256 0.170861 -0.292807 -0.055823 -0.030405 0.012041 -0.062399 0.069863 -0.372999 0.087274 -0.163842 -0.159686 0.372192 0.087305 0.036856 0.207736 -0.067427 -0.242098 -0.133410 -0.382802 -0.055548 -0.181610 -0.196370 0.031015 -0.013207 -0.216545 -0.018911 -0.091948 -0.051201 -0.001054 -0.122564 0.033758 0.054548 0.007678 0.076635 -0.011703 -0.294425 0.391050 0.096287 0.037868 0.136120 -0.070037 -0.035499 0.036705 0.294995 0.241114 0.232990 -0.026766 0.026154 0.126924 -0.091468 -0.108907 -0.019230 -0.117014 0.060971 -0.137462 0.078645 0.015033 -0.132039 -0.017536 -0.062372 0.076247 -0.191021 0.081528
-0.070920 -0.001552 -0.107628 0.093999 0.103985 -0.342539 0.149395 0.260134 0.197195 -0.038893 -0.060596 -0.115069 -0.126944 -0.205110 -0.172428 -0.150550 0.041751 -0.311087 0.165910 -0.113254 -0.132531 0.174577 0.119917 0.275500 0.085587 0.043374 0.178496 0.185411 0.012455 0.030330 0.007542 -0.102566 -0.078741 -0.065893 0.057424 -0.245729 -0.062515 -0.168311 -0.026844 0.020443 -0.044329 0.317726 -0.095373 -0.531150 -0.091837 0.015302 0.155998 -0.508137 -0.098656 0.122990 -0.084109 0.025411 0.128471 -0.138691 0.284579 0.169344 0.035958 -0.072190 0.110514 0.182053 -0.129820 -0.188977 0.035781 0.106577 0.534677 -0.026584 -0.264180 -0.005105 -0.098222 0.102618 0.204551 -0.111289 0.164650 -0.174401 0.073926 0.006979 0.055699 0.306243 0.023870 0.075746 -0.000649 -0.240848 -0.107517 -0.208656 -0.000511 0.163690 -0.263374 0.068431 0.095826 -0.114181 0.237537 -0.067649 -0.015179 -0.181104 0.111940 -0.027043 -0.064130 -0.213853 0.004877 0.213345 0.040102 0.004320 -0.006413 -0.105313 0.015168 -0.048761 0.053356 -0.063251 -0.240567 -0.042601 0.040617 0.008350 -0.101113 0.248740 -0.123943 0.172252 0.000962 0.079909 -0.031519 -0.013052 0.002724 -0.167545 -0.251751 0.097805 -0.050516 -0.078766 -0.121172 -0.081256
0.177674 -0.122203 0.088998 -0.014988 -0.183349 -0.059000 0.228097 0.305782 0.238845 0.099340 0.097412 0.078625 0.212853 0.312489 0.198551 0.105107 0.197207 -0.040997 -0.200867 0.179383 -0.052670 0.087303 -0.051687 -0.049231 0.073285 -0.020292 -0.204963 -0.408446 -0.033699 0.137548 0.097342 0.092367 0.301684 -0.041731 -0.070646 0.119817 -0.277115 0.177291 0.092771 -0.018792 0.163423 -0.144537 -0.274886 -0.183402 0.191895 -0.069594 -0.393937 -0.053180 -0.112149 0.269263 -0.000626 0.006538 -0.025095 0.035906 0.089608 0.123827 -0.390912 0.181352 -0.172118 0.347663 -0.117302 0.215120 0.135405 0.034584 0.000137 -0.066197 -0.004076 -0.046884 0.055935 0.112856 -0.020491 -0.082454 0.019434 0.269119 -0.041612 -0.290481 0.205696 0.068831 0.005761 0.150797 0.157319 0.127727 -0.345195 0.003502 -0.093953 -0.090945 -0.043196 0.171848 0.008223 0.272450 -0.164115 0.262058 0.354784 0.239016 0.140501 -0.207672 -0.244715 -0.087580 -0.076827 -0.026734 -0.094647 0.055824 -0.120644 0.013853 0.153206 0.027165 0.015907 0.104806 -0.038371 -0.118387 0.180466 -0.062330 -0.078716 -0.157597 -0.060629 0.112978 -0.140482 -0.042701 0.160898 -0.057134 0.017541 0.040613 0.423290 -0.048558 0.091700 -0.273237 -0.043060 0.241576
0.273949 0.081034 0.291098 -0.183565 0.005350 0.102779 0.044541 0.149355 0.223121 -0.094976 -0.332462 0.062555 0.187757 -0.064767 0.097085 0.200207 0.042009 0.116090 -0.287108 -0.273566 -0.058076 0.393705 -0.006210 -0.038640 0.175611 0.194419 0.016287 -0.234688 -0.063693 0.296275 0.008478 -0.033203 0.221259 0.139864 -0.067368 0.216014 -0.117670 -0.042392 0.116340 -0.346018 -0.098384 -0.123570 0.219072 0.239904 0.137972 -0.152572 -0.055322 -0.040296 0.136754 0.097327 -0.126556 0.354786 -0.019241 -0.207034 -0.021850 0.088496 -0.007416 0.081920 0.009485 0.062753 -0.070395 0.231331 0.130635 0.171382 0.272343 0.001738 -0.049774 -0.117081 0.230842 0.177493 0.083957 -0.096210 -0.057291 0.021130 0.173441 0.071586 0.185645 0.252287 -0.013281 -0.080939 0.041195 0.144842 -0.158524 0.199731 0.067722 -0.329738 -0.001353 0.062430 0.053231 -0.047914 -0.042065 -0.163242 0.268029 0.030158 -0.109374 0.036769 0.031062 0.244221 -0.073152 -0.032659 -0.146907 0.279719 -0.002784 -0.025602 0.315604 -0.021444 -0.158986 -0.137600 -0.085589 -0.169847 0.251876 -0.023680 -0.319785 0.099533 0.114094 0.111156 0.180720 -0.079829 0.280559 -0.101234 0.133691 -0.386314 0.225770 0.010526 -0.027656 0.085797 -0.062500 0.131327
0.079489 -0.114316 -0.216963 -0.118535 -0.108249 0.222432 -0.154035 0.424830 -0.023465 -0.406458 -0.132754 0.011563 -0.096751 0.287303 0.248114 0.059506 -0.086975 -0.118093 0.009201 0.008225 0.117237 -0.011996 0.034885 -0.356517 -0.015760 -0.082632 0.082112 0.023594 0.075148 0.164861 -0.083471 -0.078059 -0.324048 -0.054195 -0.075597 -0.024246 0.104101 -0.239696 0.022174 -0.374100 0.008594 0.142522 0.176547 -0.114389 0.229923 -0.048384 0.087906 0.062483 0.035690 -0.136040 0.082860 -0.175057 -0.091510 0.026107 0.160475 0.202113 0.198336 0.095779 -0.015235 -0.158384 -0.080388 -0.186096 -0.023632 0.028995 -0.045181 0.164879 0.222775 0.021290 0.026622 -0.282912 -0.158603 0.103446 -0.260224 0.102562 -0.299178 -0.094716 -0.095609 -0.131011 -0.138599 -0.034816 -0.275759 0.019577 -0.227647 -0.017781 -0.203491 0.171602 0.311565 0.013514 -0.022371 0.188356 -0.047916 0.081483 0.051342 0.252099 0.055192 -0.137998 -0.236612 -0.089330 -0.020063 0.107693 0.149979 0.111893 -0.192160 -0.067774 -0.044116 0.032118 -0.089998 0.212180 0.034168 0.003820 0.197618 0.029189 -0.076343 -0.017507 0.000577 0.034416 -0.105547 0.133495 0.119762 -0.043611 0.056112 -0.009783 0.233691 -0.047776 -0.025574 0.212756 -0.651622 0.325057
0.010402 0.033272 -0.045877 -0.082388 0.146239 -0.093326 0.102169 -0.179763 0.153113 -0.075111 0.011056 -0.041885 -0.120624 -0.123529 -0.057595 0.125997 -0.013695 0.155231 -0.142787 0.124551 -0.395729 0.180084 0.096139 0.118722 -0.238232 0.072508 -0.553425 0.090755 -0.049839 0.207371 -0.078482 0.175036 0.428468 0.035829 0.168622 0.039103 -0.059809 -0.231117 0.101474 -0.016677 -0.190613 -0.008989 -0.289647 0.197847 0.033103 0.098733 0.138631 -0.059432 0.089491 0.106087 -0.093718 -0.055707 0.200361 -0.026823 -0.044403 -0.063446 -0.007558 -0.299740 0.341838 -0.062865 -0.145561 0.041223 -0.175678 0.044873 0.082959 -0.151585 -0.079784 -0.121435 -0.108142 0.020263 -0.265225 -0.626088 -0.137521 -0.242197 0.048495 0.019277 0.021551 0.185402 0.083808 -0.129602 0.188823 0.145271 0.071480 0.022425 -0.097218 0.012279 -0.130890 -0.095127 0.079174 -0.196322 -0.132867 -0.013324 -0.161005 -0.270770 0.523177 -0.379416 0.084860 -0.408346 -0.011378 -0.196406 0.007778 0.047832 0.075441 0.003206 -0.082163 -0.152658 -0.417053 -0.236312 -0.068810 0.107280 -0.079177 -0.072264 -0.167324 0.369960 -0.133093 -0.149204 0.240586 -0.082732 0.132299 -0.106977 0.119719 0.097719 0.065345 -0.079697 -0.136579 0.269409 -0.192477 -0.062872
-0.001109 0.063883 0.053704 -0.226760 0.260986 0.131398 0.248854 -0.070763 0.162038 0.085899 -0.020184 0.035782 0.121745 0.089362 -0.107732 -0.043434 0.062060 0.071879 0.146388 0.091740 -0.479334 0.265385 0.056140 0.045235 -0.105607 -0.189089 -0.141376 0.162991 -0.104577 0.095854 -0.020078 0.126459 0.137876 0.015654 -0.233681 0.191534 -0.009989 0.110815 0.179860 0.029595 -0.078969 -0.033496 -0.151448 0.008727 -0.039698 0.328743 0.180299 0.227255 0.213730 0.132795 -0.364737 -0.267847 0.108088 0.141117 -0.160060 0.016642 -0.159431 -0.186293 0.113146 0.092538 -0.069489 0.226480 0.036850 -0.164849 0.127998 0.067095 -0.139438 0.033953 -0.007967 0.051014 -0.190236 -0.562491 0.091821 -0.311957 0.333071 0.148381 -0.006517 0.035557 -0.008430 0.069150 0.058428 0.119820 0.184263 -0.010675 -0.219566 0.102619 0.234923 -0.133816 -0.056736 0.034163 -0.107914 -0.213518 0.042287 -0.092029 0.157417 -0.329825 0.170345 -0.350734 -0.067768 -0.305694 0.242681 0.125402 0.031564 -0.109956 0.142383 0.218386 -0.066200 -0.044424 0.155829 -0.071848 0.039732 -0.068816 -0.112808 0.320703 -0.094855 -0.031557 0.131580 0.129252 -0.041388 -0.154434 -0.011520 0.055760 0.108851 -0.043460 -0.054558 -0.159782 0.082718 -0.071061
-0.244594 0.073261 -0.241788 0.373620 0.107808 0.137302 -0.037585 -0.122443 0.187559 0.150100 -0.125118 -0.062456 0.077384 -0.162315 -0.059585 0.171401 0.073533 -0.071757 -0.084330 -0.196565 0.140758 -0.132413 -0.056604 0.305398 0.066689 -0.062794 0.046167 0.221859 0.035859 0.099060 0.198835 -0.067085 0.307761 -0.069110 -0.139010 -0.322835 -0.312063 -0.073883 -0.031715 -0.047191 0.056386 -0.143901 0.095561 -0.039113 -0.001798 0.195383 -0.211503 -0.072820 -0.107675 0.020574 -0.026453 -0.361073 0.358281 -0.170157 0.149842 0.094867 -0.151874 0.065936 0.177327 -0.101946 -0.186021 -0.176501 0.130481 -0.117511 0.096497 0.061542 0.078597 0.048417 0.072374 0.047200 0.017744 0.005074 0.028424 0.167319 -0.003522 0.021722 0.068435 0.205126 0.280190 0.146024 0.277416 0.044238 -0.102079 0.200619 -0.140170 -0.185228 -0.174551 0.121808 -0.048417 0.193682 0.003777 -0.131413 0.153626 0.093507 0.317404 0.050353 0.028406 -0.286920 -0.091862 0.013807 -0.398712 -0.103912 0.059913 -0.025114 0.044995 0.031611 -0.096099 -0.012739 -0.131847 -0.118545 -0.254557 -0.058103 0.010684 0.218935 -0.208138 -0.090135 -0.091689 0.169904 0.037038 0.039566 0.197751 -0.189199 -0.098019 0.010897 -0.081627 0.088955 -0.025369 -0.106682
-0.084015 -0.233745 0.170912 0.101259 -0.028927 0.211148 0.123226 -0.028502 -0.026809 0.030545 0.144677 -0.022036 -0.197279 -0.355520 -0.149831 0.287516 0.124088 0.117238 -0.263085 -0.654006 0.087580 0.118605 0.000686 0.086546 0.046097 0.001663 0.066061 0.107065 -0.075996 0.134332 0.007314 -0.002788 0.254199 0.046685 0.029353 0.127224 0.058598 -0.079174 -0.070815 0.099903 -0.123075 0.037378 0.028338 0.040731 0.064119 -0.150115 0.171344 0.061572 0.056311 -0.038453 -0.008863 -0.062088 0.182353 -0.214566 -0.096544 0.143899 0.052871 0.047501 0.237173 0.125562 0.185117 -0.007792 -0.009400 -0.179601 0.068690 0.105631 -0.122784 -0.034560 -0.076764 -0.262516 0.024576 -0.061507 -0.150571 0.014112 -0.067030 -0.155697 -0.035473 0.039579 0.195518 -0.078012 0.136669 -0.133933 -0.355480 -0.171982 0.287578 0.026288 0.069726 -0.066140 0.094048 -0.071232 -0.022192 -0.114309 -0.097917 -0.216613 -0.120932 -0.027078 0.089223 0.039819 0.005021 0.053677 0.038135 -0.105703 0.180825 -0.006069 0.099295 0.025644 -0.108148 -0.106444 -0.035169 0.088590 0.074077 -0.023802 -0.010201 -0.034016 0.051703 -0.209974 0.032727 0.057748 -0.062331 0.078034 0.170942 0.240152 0.244653 -0.028432 0.062423 0.254990 -0.090741 -0.026086
-0.064585 0.177940 0.055388 0.108221 -0.025631 0.056172 -0.259570 0.114261 0.150956 -0.013540 -0.107890 -0.139499 0.028962 0.127846 0.069368 0.062625 -0.031364 -0.055373 -0.204989 -0.108042 0.014147 0.241690 -0.067521 -0.200853 0.033763 -0.005297 0.159439 -0.014534 -0.063621 -0.107899 -0.215789 -0.015702 -0.064773 -0.069561 -0.104945 0.068271 -0.307402 0.127183 -0.230060 -0.086925 0.061681 -0.038933 -0.012368 -0.175120 0.031369 0.124239 0.111255 0.216426 0.087591 -0.053731 -0.217060 0.034121 -0.123957 -0.055768 0.216047 0.181484 -0.124521 -0.049806 -0.035179 -0.074627 -0.162644 0.059407 -0.099651 -0.180015 0.018796 0.200455 -0.282376 -0.056921 -0.033010 -0.137214 0.130204 0.225008 -0.631003 -0.252381 -0.110078 -0.011178 0.215085 0.119841 -0.088565 -0.211422 0.249326 0.031224 -0.057456 -0.018339 0.106540 -0.020643 -0.355928 -0.172329 -0.043577 -0.062482 0.194301 -0.302955 0.014847 0.093963 0.086078 -0.024670 0.055255 0.044578 0.099486 -0.312119 0.120880 -0.000674 -0.034539 -0.055822 -0.062781 0.113868 0.026252 0.317331 -0.082651 -0.207614 0.079154 -0.119838 -0.046863 -0.219440 -0.153993 0.093427 0.255815 -0.079565 0.000822 -0.074552 0.182416 0.030859 0.196047 -0.080252 -0.037230 0.112737 -0.057006 -0.096055
0.239978 0.361004 -0.069941 0.047121 0.220786 0.058552 -0.013419 0.157254 0.011674 0.112205 -0.125037 -0.364590 0.077183 -0.013259 0.217037 0.358351 0.121635 -0.254265 -0.194131 0.085982 0.146354 -0.049361 -0.278201 0.022233 -0.146726 -0.199046 0.009109 0.001727 -0.050008 0.004063 -0.020158 0.178109 -0.003207 0.219268 0.097204 0.153114 0.022822 0.063047 -0.132735 0.173197 -0.102061 -0.314604 0.049618 0.053972 -0.155637 0.011704 -0.280002 0.066301 -0.052736 0.037689 -0.042455 0.198957 -0.108633 0.022691 0.038565 -0.202359 -0.110679 -0.171390 -0.059115 0.076157 -0.036427 -0.321120 -0.204761 -0.146015 -0.008223 -0.080990 -0.131152 0.035175 0.129548 -0.003021 0.096851 0.121711 -0.224810 0.017285 -0.363926 0.233196 0.041249 0.142394 0.174814 0.120493 0.008394 0.053636 0.122210 0.250984 0.185337 0.017863 -0.077599 0.130034 -0.005060 -0.045208 -0.111032 -0.242480 0.144233 -0.182428 0.194474 0.163915 -0.033233 0.015435 -0.011849 -0.037414 -0.239870 0.165211 0.199390 -0.009050 0.071113 0.136125 -0.180912 -0.228427 -0.051338 -0.619410 -0.108642 -0.024839 0.024804 -0.184376 0.001697 -0.243450 0.049223 -0.056858 0.188213 0.052910 0.102226 0.023755 0.084965 0.053124 -0.021294 0.067025 0.064844 0.077893
0.066730 0.220915 0.251693 -0.140649 -0.014733 0.038748 0.066136 0.022337 -0.177385 0.013643 -0.076026 -0.044860 -0.162584 -0.283411 0.120352 -0.038599 -0.084575 0.056850 -0.122985 -0.045659 0.154173 -0.039634 -0.300290 0.081323 -0.033204 0.029204 0.135881 -0.159377 -0.084036 0.111101 0.068974 0.152529 0.269581 0.178983 -0.030779 -0.348452 -0.019199 -0.043680 -0.132900 -0.130713 -0.026058 -0.297682 0.007990 0.090164 -0.330904 0.182259 -0.195854 0.182568 0.085243 -0.110226 0.158825 -0.077250 0.084777 -0.133072 0.050155 0.012047 -0.125119 -0.183846 -0.063945 -0.126418 0.081142 0.073397 -0.038133 0.065933 -0.003712 0.131103 0.042077 -0.084476 -0.514442 -0.016963 0.081100 -0.139576 0.001091 0.048376 -0.273421 -0.277924 0.164555 0.069268 0.035367 0.026783 0.021164 -0.113265 -0.127003 -0.056146 0.248585 0.039413 -0.012922 -0.015927 -0.004506 -0.197106 0.004116 0.508609 -0.287002 0.066762 -0.057308 0.056226 -0.128580 0.039167 -0.074292 0.030092 -0.295379 -0.035908 -0.008452 -0.028242 0.057768 0.068946 -0.094958 -0.115548 -0.293487 -0.276007 -0.218200 0.042165 0.049116 -0.040134 0.185058 0.039461 0.014373 -0.108070 0.016356 -0.116074 0.083695 0.121775 -0.030530 -0.107121 -0.070175 0.220162 -0.004913 -0.033443
0.203817 -0.331987 0.011118 -0.139605 -0.023910 0.013414 0.170773 -0.120489 0.144219 0.078635 0.134376 0.102240 0.129282 0.049406 -0.116173 0.009268 0.046758 -0.077631 0.270612 0.117411 0.015753 -0.173872 -0.126863 -0.205111 -0.127438 0.264163 0.102459 0.045071 -0.095354 -0.085899 0.404162 0.462911 0.353015 -0.098780 -0.016750 -0.083698 -0.202990 -0.164258 -0.163268 -0.053805 0.124738 0.008651 0.013523 -0.135995 -0.456241 0.045543 -0.231463 0.131208 0.079940 0.320238 -0.147044 -0.003684 -0.036871 0.154932 0.071935 -0.209455 0.124254 -0.103577 0.213734 0.222775 -0.157998 0.304564 -0.143885 -0.062483 0.072584 0.091148 -0.102425 0.009240 0.086808 0.206671 0.130843 0.089414 0.365794 0.224417 0.175417 0.156385 0.165652 0.014146 -0.144178 -0.423218 0.064296 -0.028751 0.180571 0.125402 0.076534 -0.077215 -0.021372 0.237792 -0.023273 -0.131210 0.084720 -0.086206 0.047905 -0.079236 0.204509 0.109381 0.115244 -0.363266 0.009341 0.014075 -0.151106 0.225160 0.093979 0.064120 -0.104945 0.230426 -0.000209 -0.026860 0.107047 -0.266290 -0.146977 -0.092459 -0.138530 -0.240922 -0.058169 0.043889 0.184261 -0.052951 0.026669 -0.228375 -0.205673 0.114897 0.052383 -0.036567 -0.027214 0.008629 0.320192 -0.047502
-0.149949 0.007706 -0.005642 -0.115926 0.011523 -0.178261 0.020490 -0.026359 0.238749 -0.276214 -0.031989 0.006064 0.103707 -0.001731 -0.011729 0.048632 0.033801 0.234232 -0.141361 0.272602 -0.294894 -0.104816 -0.127992 0.293921 -0.156843 0.129159 -0.187802 -0.029950 -0.038541 0.169546 -0.096860 0.352247 0.470986 0.067117 -0.128668 0.072649 0.099589 -0.029153 0.234593 -0.014013 -0.069169 -0.322628 -0.411271 0.235179 0.109546 0.114530 0.168648 0.108665 0.161867 0.079573 0.045643 0.073719 0.250252 -0.042074 -0.033719 0.021911 -0.006891 -0.211998 0.190287 -0.089865 -0.225587 -0.061734 -0.019821 -0.016521 0.000117 0.148984 0.332357 -0.113657 -0.216569 -0.112909 -0.150036 -0.163793 -0.458628 -0.089872 -0.118026 -0.302401 -0.005642 -0.023159 -0.025983 -0.138861 0.032314 0.252086 -0.036242 -0.039083 0.018157 -0.212281 0.009772 -0.050565 -0.011153 -0.004967 0.047728 -0.006111 -0.026134 -0.060655 0.411202 -0.032697 0.169943 0.025814 -0.041972 -0.502593 0.120139 -0.023082 0.203123 0.000289 -0.210109 0.029520 -0.217347 0.174386 -0.266748 -0.437102 0.284313 -0.177628 -0.143085 0.366919 0.223512 0.105974 0.296570 -0.005220 0.382164 -0.101779 -0.007890 0.144096 0.067191 -0.126818 -0.015371 0.158133 -0.172698 0.087379
0.049920 0.021098 -0.113225 0.056995 0.168399 0.193581 -0.061651 0.052042 -0.009722 -0.015210 -0.122017 -0.068716 -0.020312 -0.143236 -0.048632 0.064826 -0.176942 0.201365 0.159727 0.175163 -0.026202 0.220747 -0.000625 -0.017545 0.151174 -0.000805 0.000719 -0.237390 0.014521 -0.048457 -0.086597 0.088681 -0.091452 -0.205028 0.025543 0.310591 -0.139560 -0.021129 -0.015234 -0.268797 -0.201136 -0.137077 0.079683 -0.306968 -0.016965 0.162400 -0.090594 -0.016876 -0.230026 -0.047432 -0.120138 -0.057383 -0.009285 -0.117140 0.048230 0.132922 -0.140260 -0.111726 -0.262334 0.081678 0.026067 0.086478 -0.021239 -0.037311 0.072093 0.095460 -0.251869 -0.060105 0.072271 -0.034073 -0.071698 0.062307 -0.276477 0.236723 0.118542 0.127438 0.281911 0.242471 -0.251882 0.085920 0.284266 0.094376 0.053710 -0.062197 0.001385 -0.038785 -0.010213 0.087769 0.047001 -0.125279 0.114530 -0.350469 0.116128 -0.102358 -0.026330 0.050511 0.143640 0.176788 -0.008150 -0.416266 0.024157 0.106108 0.196144 -0.003943 -0.057064 -0.087312 0.203711 0.041227 0.104348 -0.033894 -0.044512 -0.132060 -0.125378 -0.234056 -0.004557 0.039018 0.229472 0.277454 -0.130419 0.032000 0.278003 -0.170426 0.288875 0.045043 -0.154706 0.032120 -0.025117 -0.169651
0.214238 0.045314 -0.319828 0.065800 -0.055589 0.216637 -0.094007 -0.111381 -0.151873 0.139777 0.127056 -0.273892 -0.211350 -0.321225 -0.193406 -0.026725 0.032777 0.182732 0.053901 0.039438 -0.197427 0.008561 -0.288049 -0.058405 0.166573 0.074976 -0.002351 0.056469 0.011027 0.072419 0.271797 0.141054 0.113060 -0.107021 -0.206124 -0.027869 -0.286547 0.035014 0.064693 -0.458874 -0.143121 -0.320915 0.101160 0.060165 0.084592 0.089826 0.103644 -0.157881 -0.108412 0.134807 0.090584 -0.043887 0.100378 -0.132434 -0.090559 -0.073237 0.084876 -0.023311 -0.441276 -0.027627 -0.248978 -0.042013 -0.029078 -0.106043 -0.089111 0.080987 -0.073004 -0.005266 0.174583 -0.123078 -0.037496 -0.004069 -0.167725 -0.080500 0.006306 -0.047739 0.251014 0.317195 -0.211061 0.128193 0.195491 0.035805 -0.021941 0.117309 0.130900 -0.063117 0.044994 0.207003 -0.010109 0.142829 -0.298613 -0.037946 -0.190575 -0.592044 -0.123150 0.087022 0.123181 -0.132216 -0.022326 -0.359242 -0.068041 0.022775 0.094520 -0.017046 -0.094581 -0.175469 0.090505 -0.416942 -0.072315 -0.672171 -0.015287 -0.027350 -0.141720 -0.104627 -0.164526 0.353158 0.220808 -0.015686 0.063935 0.147739 0.224529 -0.353569 0.143108 0.021383 0.000401 0.131291 0.043228 -0.127485
-0.003881 -0.185885 -0.031734 -0.035998 0.123988 0.036913 -0.164296 0.151738 -0.303143 0.121395 -0.042171 0.007151 -0.200260 0.147803 0.053017 -0.099277 0.023302 -0.141906 0.185194 0.039686 -0.003809 -0.105427 -0.018245 0.152517 -0.052930 -0.187208 -0.189342 -0.035053 -0.090169 -0.165619 0.093618 0.075247 0.300420 0.056479 -0.142121 0.128525 0.034205 0.264571 -0.086569 0.135909 -0.029659 -0.111762 0.071055 0.103932 0.080020 0.180770 0.065443 -0.023137 -0.007923 0.153790 -0.159308 0.020690 0.153656 -0.010581 -0.045501 -0.094157 -0.003564 -0.281858 0.164686 -0.023905 0.218974 -0.123423 -0.024768 -0.044465 0.176828 -0.044247 0.020051 0.025454 -0.241098 0.323939 0.111101 0.101534 0.187613 0.051356 0.118723 0.148828 0.041298 0.057914 0.240094 -0.079376 0.067026 -0.015473 0.363694 0.079003 0.150079 -0.056990 0.027414 0.107398 -0.049702 -0.121980 0.147074 -0.301186 0.014404 -0.355344 -0.073494 0.129096 0.237231 -0.137635 -0.046499 0.290657 -0.121182 0.078112 0.027771 -0.015911 -0.013328 -0.152736 0.080372 -0.041083 0.237462 -0.042244 -0.323322 -0.067669 -0.025183 0.018088 0.051670 -0.091243 0.073278 0.017071 0.116135 -0.114660 0.004942 0.031667 -0.232001 0.069594 -0.010785 0.174344 0.071146 -0.114413
0.042596 -0.256201 0.053168 -0.166331 0.069804 0.173410 -0.057630 -0.134459 -0.956323 0.120816 0.056879 0.095459 -0.038888 -0.135420 0.055129 -0.046466 -0.009991 0.210031 0.006510 -0.026694 -0.082256 -0.133223 -0.023457 -0.077212 -0.164986 -0.460284 -0.235291 0.214918 0.060615 0.036257 -0.117845 -0.026378 -0.039278 0.162048 -0.071567 0.022292 -0.257710 -0.023069 0.353370 -0.169193 0.090210 -0.088200 -0.004898 0.122118 0.149144 -0.004612 0.035952 -0.005386 0.106719 0.178940 0.118673 0.137336 0.121960 0.117381 -0.248732 0.018477 0.009255 -0.127799 0.028324 0.131978 -0.235369 0.143887 0.028043 0.212087 -0.030844 -0.163202 -0.081252 -0.081755 0.038762 0.095516 0.024361 -0.058659 0.091250 0.053521 0.050745 0.151214 -0.143645 -0.040374 0.135485 0.104602 -0.183837 0.018574 0.213922 -0.454407 -0.077529 0.165394 0.016549 -0.409639 -0.047474 0.070284 -0.336095 0.076012 -0.168638 -0.373691 -0.046931 -0.050658 0.040528 -0.897630 -0.124351 0.162497 0.033676 0.034887 0.009690 0.011230 0.134895 -0.236724 -0.000163 -0.412284 0.125764 -0.148930 -0.134480 -0.028645 -0.061006 -0.072555 -0.381158 -0.019918 -0.187027 0.238799 0.168614 -0.075197 0.011741 -0.077881 -0.237540 -0.009320 -0.025567 -0.102910 0.130797 -0.049682
0.039867 -0.028708 -0.235615 -0.159394 -0.005261 -0.286867 -0.278244 -0.209709 0.304338 0.260904 0.167908 -0.074945 -0.181418 -0.059456 -0.060364 0.059653 -0.286188 -0.209012 0.069503 -0.012193 0.156755 -0.054794 0.192984 0.175511 0.314453 0.020830 -0.139891 -0.057314 0.057200 -0.201311 0.091795 0.105220 -0.062045 0.098949 -0.125514 0.310351 0.154989 0.073735 -0.503648 -0.083395 -0.072292 -0.259247 -0.045070 -0.057363 -0.065340 -0.688636 -0.212749 0.012232 -0.141214 -0.483766 0.230398 0.257092 -0.007147 -0.128546 -0.170568 -0.260272 -0.071266 0.044989 0.107150 -0.062007 0.206462 -0.012848 0.231406 -0.018997 -0.278468 -0.301220 0.313906 -0.042169 -0.016105 0.140611 -0.048945 -0.022740 -0.001152 0.215296 0.164779 0.167122 -0.104088 0.004781 0.074612 0.006236 0.248876 -0.051871 0.142357 -0.055982 0.022721 0.116690 0.032019 0.230579 0.049184 -0.068376 -0.216916 0.277530 -0.056090 -0.207318 -0.287972 0.141258 -0.023129 -0.003801 0.001225 0.068118 0.117624 0.153864 -0.693266 -0.047548 0.010494 -0.061824 0.065930 -0.168031 0.205527 0.041304 -0.049555 -0.030887 -0.052668 0.047517 0.093682 0.155995 -0.307188 -0.356500 -0.266035 0.100742 0.171572 -0.161514 0.028558 0.125425 -0.235455 -0.029616 0.173629 -0.231140
-0.097782 -0.112072 0.069164 0.212240 -0.328030 -0.006653 -0.230975 0.193986 -0.056588 -0.056693 0.054858 -0.198969 0.138904 -0.075782 0.156526 0.093540 0.123111 -0.079597 -0.301931 -0.046191 -0.194133 -0.114668 -0.145432 -0.105383 0.093030 -0.307334 -0.096557 -0.122011 0.021257 -0.035408 0.017849 -0.048501 0.019745 0.140762 0.032852 -0.060105 0.086122 -0.079958 0.050607 0.184089 0.020081 -0.133412 -0.182136 -0.047994 0.128087 0.182371 0.190019 -0.159807 0.018102 -0.054401 -0.108739 -0.130684 0.097260 -0.083362 0.033532 0.174587 -0.219242 0.102144 -0.019691 0.097491 0.150838 -0.014830 -0.040905 -0.094907 -0.236756 0.120437 -0.322426 -0.045481 -0.061418 0.122478 -0.074477 -0.229350 0.115804 -0.252563 -0.080156 0.110080 0.149899 -0.051093 0.023289 -0.095567 -0.469558 -0.017252 -0.005090 0.219617 -0.105549 -0.754186 -0.025531 0.070883 -0.047759 0.049790 0.079422 -0.071732 -0.100130 0.166761 0.132916 -0.126046 -0.049092 -0.001901 -0.075394 0.074719 0.047549 0.062724 0.043061 -0.023389 -0.013302 -0.207921 -0.257224 -0.230487 0.049034 -0.106293 0.099469 -0.073205 -0.131488 0.016394 0.005464 0.106635 -0.058735 0.133807 -0.329794 -0.075213 -0.043201 0.187052 0.250801 -0.083667 -0.064823 -0.009391 0.007121 0.026912
-0.083298 0.061800 -0.195703 0.261576 -0.040570 -0.323542 0.117870 0.019419 -0.047963 0.153995 -0.080582 -0.140937 -0.199529 0.027579 -0.309878 -0.106502 0.093750 0.028506 0.131291 -0.094114 0.093190 0.102831 0.027443 -0.032505 0.069392 0.069577 -0.007118 -0.150011 -0.017969 -0.060030 0.055649 0.154323 0.098775 -0.281101 -0.100017 -0.041830 -0.290867 -0.270852 -0.039642 -0.047573 0.001082 0.000406 -0.022913 0.287174 -0.197796 -0.209230 0.254043 0.077802 -0.284268 0.171958 -0.115752 -0.442002 0.061811 -0.116422 -0.134495 0.205780 -0.238560 -0.003962 -0.115520 -0.024101 0.022537 -0.282769 -0.139224 0.163300 -0.037239 -0.206775 0.172134 -0.051195 -0.089562 0.037550 0.029961 -0.252175 -0.007982 -0.249932 0.059618 -0.009585 0.189034 0.168271 0.044453 -0.339724 0.026134 -0.016856 0.218719 -0.230323 0.180421 0.013605 0.130067 0.061245 -0.003798 0.344831 0.193555 0.354339 -0.295182 -0.347628 0.119006 -0.069633 0.141712 -0.374179 0.018494 -0.084140 -0.251752 -0.303072 0.052474 -0.024786 -0.113552 -0.051134 -0.003440 -0.207234 0.279379 -0.358047 -0.184135 -0.096195 0.013002 0.381492 -0.222616 0.143216 -0.038245 -0.047163 0.249849 -0.025838 -0.070967 -0.108651 -0.058169 -0.083241 -0.048788 0.213616 -0.025809 -0.319965
-0.004373 -0.183240 -0.038329 -0.008514 -0.004009 -0.746132 -0.007864 0.089248 -0.385957 -0.206906 0.010948 0.091513 0.016886 -0.375967 -0.200206 0.275642 0.114218 0.248841 -0.197211 -0.052430 -0.015438 -0.437510 0.174897 0.345161 0.102239 0.078962 0.159059 -0.150825 -0.148215 0.255453 0.230970 -0.127242 0.226412 0.014196 -0.020254 -0.980476 0.213981 -0.545189 0.002868 -0.094751 0.039961 0.028314 0.345261 0.136058 -0.066541 0.274565 0.148808 0.198798 -0.103441 -0.396825 0.049215 0.078811 0.106873 0.028679 -0.161511 -0.094500 0.184258 0.167337 0.059709 0.262852 -0.053278 -0.517217 0.212727 0.161339 0.218344 -0.334300 -0.032241 -0.121949 -0.033464 -0.104664 -0.405514 0.272076 -0.028181 0.092359 0.027986 0.111297 -0.041704 0.040097 -0.288053 0.184493 -0.208913 -0.069296 0.089946 -0.150577 -0.028755 -0.124838 -0.114115 -0.465560 -0.105714 -0.085802 0.215294 0.074071 -0.731345 0.011319 0.096002 -0.083367 -0.005973 0.373618 0.036630 0.022637 -0.092849 0.107912 -0.083010 -0.049735 -0.125358 -0.036121 0.060011 0.014284 0.009680 -0.090396 -0.486724 0.084674 0.034332 -0.051565 0.104639 -0.270997 -0.101106 -0.038977 -0.305609 -0.201664 0.115861 0.415133 -0.330621 0.014985 -0.054692 0.219181 -0.207082 0.070359
-0.101187 0.100217 -0.118615 -0.333041 0.108188 -0.014801 -0.220081 -0.079522 0.023718 0.143025 0.184056 0.056596 0.291004 0.014214 0.065371 -0.243574 -0.231793 -0.145656 -0.218505 -0.027043 0.126764 -0.271683 0.154768 -0.036315 0.109296 -0.098969 -0.275730 -0.035344 -0.075212 0.010255 0.089542 -0.008149 -0.170253 0.019690 -0.140223 -0.135661 -0.144094 0.208227 -0.296672 0.162630 0.040530 -0.217824 -0.078292 0.080074 0.095966 -0.098351 -0.060294 -0.132927 0.332980 -0.267553 -0.102083 0.473545 -0.001688 -0.086725 0.002034 -0.056228 -0.010458 0.001637 -0.099082 0.107042 -0.141503 -0.142401 0.007950 0.114943 -0.099683 -0.117783 0.114769 0.067160 0.091646 0.078639 -0.159387 0.022740 0.042214 -0.032027 -0.119445 -0.116081 0.025402 -0.000645 0.159402 0.095591 -0.088017 -0.048745 0.143020 0.239379 -0.013212 -0.302777 -0.372919 0.092258 -0.057230 0.155465 -0.017206 0.095722 -0.079127 0.056737 -0.157768 0.221707 -0.178629 -0.436228 -0.082022 0.033129 -0.136290 -0.008158 -0.312066 0.038749 -0.495449 0.034204 0.005475 -0.318506 0.023093 -0.490009 -0.005445 -0.044455 -0.208612 -0.090197 -0.102157 0.037393 -0.109468 -0.238913 -0.311342 0.024042 0.391910 -0.031726 -0.466346 -0.068421 0.004608 -0.169218 0.012758 0.062897
-0.172209 -0.131675 0.128050 -0.114518 0.002426 -0.063926 -0.262299 0.125485 0.141793 -0.233180 0.150125 0.013364 -0.309032 0.056883 0.057656 -0.058447 0.004453 0.070951 -0.233092 -0.031148 0.009920 0.074414 0.005368 0.245061 0.118903 0.088370 -0.382607 -0.056788 -0.090138 0.108312 -0.206487 -0.204384 0.013343 -0.013946 -0.042708 0.135462 0.230035 0.127677 -0.014771 -0.175104 -0.156884 0.003034 -0.090997 0.075058 0.047983 -0.092794 -0.207881 0.200644 -0.089933 0.092495 0.074908 -0.030020 0.024436 0.078084 -0.029619 -0.082968 0.057131 -0.058822 -0.074662 0.021090 0.004286 -0.109106 0.126005 0.011044 -0.081977 -0.206982 -0.075453 -0.030385 -0.173040 0.239320 0.153996 -0.014190 -0.031078 0.028155 -0.100947 0.154460 -0.054061 -0.301559 0.026593 0.033039 -0.026021 0.119584 0.114839 -0.008093 0.140185 -0.009012 -0.124348 -0.133932 -0.129703 -0.004993 0.079175 0.117984 0.090158 0.174125 0.030874 -0.013678 -0.008156 0.046292 0.006275 -0.030534 -0.042792 0.032234 -0.069356 -0.011586 -0.195370 -0.194065 0.000280 0.084683 0.059544 -0.020982 0.026760 0.045951 -0.283058 -0.044251 0.065403 0.097876 -0.058366 0.085078 0.062055 0.088019 0.006588 -0.068282 0.245556 -0.058017 -0.062901 0.036749 -0.173490 0.066636
-0.042563 -0.133005 -0.044030 0.076754 -0.168684 0.030963 -0.050846 0.107421 -0.140391 -0.157651 0.059239 -0.115637 0.044158 -0.076285 0.057987 -0.260208 0.138936 0.100197 0.113380 -0.153627 -0.029710 -0.079658 0.129913 -0.045520 0.173575 -0.560795 -0.042412 0.087350 -0.038617 0.144647 -0.142975 -0.098283 0.029636 -0.072703 -0.094585 -0.047511 0.152804 -0.561337 0.138516 -0.158857 -0.208185 -0.107613 -0.076955 -0.118654 -0.053840 -0.121162 0.030903 -0.148419 0.135207 -0.016201 0.104055 -0.260744 0.069168 -0.241177 0.002443 -0.145203 0.077186 -0.158491 -0.103829 0.077482 -0.049347 -0.150951 0.031074 -0.185510 -0.076897 0.212378 -0.065447 -0.016892 0.028832 -0.166482 0.120000 -0.161410 0.152832 0.144753 -0.009476 -0.028833 -0.178054 -0.011128 0.183478 -0.038048 -0.268388 0.018997 -0.301055 -0.344048 -0.007949 0.133104 0.173462 -0.210597 -0.029918 -0.193924 -0.203546 -0.020265 -0.452554 -0.070473 0.194088 -0.124944 -0.037287 -0.147977 -0.002552 -0.064052 -0.109913 -0.003125 -0.129611 0.091965 0.019574 -0.304925 -0.257981 -0.084611 0.018677 -0.158461 0.130651 0.058969 -0.127920 -0.083562 -0.100621 -0.115206 0.029713 0.191754 0.032129 -0.204617 -0.137874 -0.141685 0.110743 -0.073347 -0.069431 -0.050263 0.094005 -0.000658
0.107868 -0.021688 0.033543 -0.006495 -0.238059 -0.086293 0.040699 0.037551 -0.226790 0.008646 -0.199514 -0.230807 0.363932 -0.163643 0.007618 0.187643 0.277467 0.148976 -0.097261 0.437570 0.000390 -0.116551 0.031351 -0.160514 -0.221477 -0.294072 -0.386052 -0.271990 -0.031103 -0.057179 -0.007379 -0.122281 -0.028872 -0.006839 -0.134626 -0.094544 0.060129 0.258137 0.021478 -0.108078 0.062150 0.188185 -0.017444 -0.029417 -0.085338 0.163727 0.233090 0.339677 0.116561 -0.241755 -0.352009 -0.086302 -0.246077 0.143102 0.110625 0.189688 -0.022799 -0.085923 0.159123 -0.025195 0.047957 0.166148 0.154291 0.113349 -0.119686 0.044037 -0.065546 -0.064850 -0.008042 0.200452 -0.239831 -0.188704 -0.033338 0.031611 -0.141113 0.061368 -0.045590 -0.133539 0.249807 0.021700 -0.498736 0.193439 0.088897 0.366208 -0.170210 -0.539366 0.084582 0.149579 -0.045331 -0.009412 0.171140 -0.086050 -0.025714 0.251383 0.270479 0.343047 -0.006391 -0.137337 -0.066839 0.222458 -0.096870 0.194430 -0.195244 -0.065434 0.064767 -0.194572 -0.272953 0.271597 0.277795 0.036440 -0.077831 -0.057279 -0.097579 0.096001 -0.094166 -0.012383 0.153977 0.099527 -0.125320 0.165746 0.083096 0.367913 0.162723 -0.008115 -0.064336 0.083583 0.027994 0.249055
0.082451 -0.061554 0.047135 0.185649 -0.161491 -0.308766 0.016325 0.012712 0.098244 0.119845 -0.128639 0.147015 0.065571 -0.122510 -0.145956 -0.077278 0.042744 -0.293181 -0.143540 -0.141390 -0.496592 0.091853 -0.151981 0.239139 0.021408 -0.232386 -0.477383 -0.466859 0.029404 0.114236 0.019977 0.088071 0.137382 0.308335 -0.127102 -0.103442 0.151559 -0.217487 0.044506 -0.015906 -0.037587 -0.138657 0.106950 -0.666473 -0.250683 0.067911 0.059956 -0.046168 0.002026 -0.244027 -0.129106 0.150969 0.092188 0.031423 0.166205 -0.248317 -0.106930 -0.074947 0.049234 0.123657 0.084036 -0.223106 -0.008517 -0.093750 -0.188552 -0.106157 0.086671 -0.088378 -0.030587 0.155287 0.151263 -0.224037 0.067396 -0.105697 0.022587 -0.044513 0.126769 0.129760 -0.021224 0.093678 -0.046880 -0.228174 0.106609 0.172654 -0.001929 0.005228 -0.061630 0.246311 0.007176 -0.083765 0.378339 0.212821 -0.048300 -0.060193 0.122624 -0.414055 -0.394691 0.111497 0.063127 -0.059291 -0.428147 -0.042569 0.133102 -0.025119 0.084540 -0.073862 -0.162136 0.002362 -0.064499 -0.009257 0.248320 0.006423 -0.052499 0.046508 0.180422 0.175116 0.045980 -0.127711 0.374384 -0.038906 -0.072694 0.066513 -0.153292 0.034502 0.069958 0.167994 0.089476 0.096542
-0.258584 -0.007459 0.169793 -0.162627 0.068230 0.042089 -0.064436 -0.113684 0.101955 -0.040763 -0.057286 -0.085860 0.003041 0.045814 0.071843 0.089523 0.058164 0.105762 -0.270885 0.092592 -0.080825 -0.183696 0.032193 -0.061790 -0.135443 0.049728 -0.323217 0.082572 0.012700 -0.091342 -0.045092 0.088490 -0.032636 0.169600 -0.251799 -0.167004 0.054433 0.063404 -0.050925 0.054842 0.003086 -0.019989 -0.018326 0.075560 0.147882 0.058086 -0.401242 0.018537 0.082741 0.046124 -0.140576 0.057206 0.013220 0.002100 -0.201504 0.080320 0.136920 -0.251075 0.140992 0.077085 0.025423 0.067464 -0.005257 0.289734 -0.053092 0.022402 0.069882 -0.029551 -0.060967 0.080985 0.214185 0.110777 0.153441 -0.381773 -0.139275 0.038501 -0.486446 0.005505 -0.241172 -0.101180 0.191405 -0.040438 0.086773 0.123511 -0.126868 -0.305267 -0.022916 0.049854 -0.054472 0.091324 -0.075243 -0.067975 0.258160 0.106727 0.154036 -0.017284 -0.149373 -0.052357 -0.044998 0.136135 0.014900 0.162750 -0.374316 -0.111196 -0.083583 -0.034268 0.014683 0.013597 -0.300059 0.042928 -0.146390 0.035533 -0.039182 0.206827 0.073207 0.149984 -0.032858 0.061429 0.139461 0.134378 0.074010 0.103965 0.063726 -0.083064 -0.159233 -0.048513 0.257051 -0.103369
-0.172731 -0.444972 -0.126310 -0.046847 0.158321 0.165982 0.132693 -0.090466 -0.038304 0.083396 -0.005150 -0.025842 -0.059296 0.064675 -0.098723 0.110009 -0.084152 0.238029 -0.082120 -0.063499 -0.030107 0.091722 0.233819 0.310385 0.057201 -0.352944 -0.175563 -0.192836 0.030320 -0.132098 0.127088 0.083036 -0.226274 -0.035456 0.123318 0.291558 -0.264589 0.183738 0.170440 0.312683 0.034703 -0.192438 -0.367579 0.037550 0.065636 0.049657 -0.205411 -0.116084 0.118428 -0.090189 -0.106614 -0.042209 -0.069485 -0.036606 0.261683 0.247994 -0.296252 0.034474 0.101285 0.363085 -0.008940 -0.089421 0.016778 -0.395533 0.063359 -0.280454 -0.178145 0.013726 -0.011252 -0.147059 0.011971 0.187834 0.130770 -0.043540 -0.362713 0.051504 -0.096852 -0.116329 0.102567 -0.110947 0.184955 -0.193742 -0.698770 -0.255450 0.250091 0.077140 0.165981 0.221926 0.015849 -0.309581 0.203241 -0.082143 0.123262 -0.300481 -0.169121 0.263083 -0.118208 0.216864 0.046582 0.078100 0.078022 -0.118486 -0.280878 0.062328 -0.084167 0.061404 -0.111949 0.191586 0.004113 -0.154436 -0.042854 0.016721 0.078276 -0.082587 0.035691 -0.127097 -0.071887 -0.187108 0.304220 0.032429 0.291196 0.044871 0.018862 -0.001706 -0.090845 0.125067 -0.020492 0.193027
-0.142539 -0.295877 0.020337 0.060789 0.012846 -0.176347 0.254270 -0.192480 0.065927 0.058584 -0.024171 -0.255146 0.035513 -0.007327 -0.092825 -0.220023 0.187914 -0.412666 -0.063533 0.165827 -0.005880 0.124900 0.055277 0.236422 -0.006995 -0.185846 -0.047431 -0.184352 0.078545 -0.124811 -0.214085 -0.014827 -0.130614 -0.580817 -0.160369 0.010756 -0.133309 -0.083962 0.002256 0.188380 -0.027061 -0.094789 -0.199883 0.016082 0.022053 -0.103604 0.172183 -0.254323 -0.036329 0.151432 0.167383 -0.054388 -0.151354 0.075347 0.059444 -0.418941 -0.094039 -0.271590 0.021493 -0.108356 -0.077919 0.086520 0.135189 0.350641 0.501116 -0.339208 -0.066290 -0.130665 0.124096 0.184791 -0.122774 -0.014876 -0.241009 0.049145 -0.022745 0.150752 -0.278657 -0.185127 0.017669 -0.154379 -0.217383 -0.138368 -0.396381 0.043358 0.057200 -0.020085 0.011580 0.471692 0.049270 0.109474 0.232420 0.018689 0.012396 0.191729 0.120826 0.109421 -0.575617 0.069131 -0.052118 0.222735 -0.070458 -0.050773 -0.078176 0.051935 0.168713 0.030519 -0.124808 0.055547 0.007087 -0.130603 -0.426841 -0.028089 -0.201157 -0.074456 0.162943 0.269898 -0.137598 0.182908 0.227594 -0.063960 -0.105085 0.090772 -0.095177 0.002794 -0.039489 -0.094023 -0.024749 -0.124657
0.064545 0.104341 -0.229311 0.069848 -0.369085 0.008922 -0.365415 0.186014 -0.052755 -0.228563 0.085010 0.020499 -0.305558 0.250570 0.009861 -0.095575 -0.107184 0.031476 0.098945 -0.042891 -0.015637 0.041051 0.051208 -0.335826 0.197516 -0.116288 -0.120896 0.067832 -0.078673 0.130253 -0.132877 0.019438 -0.134369 -0.137008 0.074253 0.081148 0.190458 0.066910 0.030301 -0.033033 -0.051704 -0.309613 0.245318 0.233832 0.240539 0.004978 0.053926 0.053408 0.177698 0.106430 0.234102 0.147782 -0.254636 -0.148873 -0.318952 0.199936 0.017922 0.068153 -0.151603 -0.125226 0.131139 -0.018135 -0.215470 -0.094393 -0.113317 0.002349 0.002239 -0.118393 0.125498 0.051578 -0.004903 -0.057388 -0.208106 -0.139937 0.040945 0.156709 -0.063661 -0.028318 0.075847 0.073770 -0.160291 0.209643 -0.167546 0.040013 0.169949 0.013458 -0.147241 -0.163091 -0.007280 0.078489 -0.096972 0.301618 0.064920 0.169208 -0.038563 -0.010041 -0.230728 0.098959 -0.084600 -0.034920 0.339394 -0.036999 -0.053752 -0.021255 -0.237828 -0.187159 -0.130030 -0.004508 -0.042197 0.129715 0.114989 -0.065987 0.250722 -0.018957 -0.026429 -0.015971 0.007429 0.004499 -0.134722 -0.108724 -0.224632 -0.068546 0.197096 -0.057444 -0.097832 0.017607 -0.179148 0.122222
0.060341 -0.247813 0.047491 -0.086351 -0.034183 -0.203709 0.274664 0.154877 0.176239 -0.256646 -0.112198 -0.001181 0.075089 -0.048264 0.093012 -0.289907 0.371766 -0.258826 0.008931 0.022264 0.172524 -0.065842 0.076172 0.147903 -0.107865 -0.318883 0.011729 -0.143202 -0.022090 -0.268606 -0.039191 -0.093661 0.003189 -0.019455 -0.108521 0.080608 -0.084031 0.105539 -0.119590 0.151265 -0.015847 0.062183 -0.037623 -0.144442 -0.062557 0.248431 0.111011 0.077012 -0.098718 0.210610 -0.045786 -0.044092 -0.030306 -0.108090 0.050646 -0.119416 0.071406 -0.134625 -0.040433 0.088909 0.181606 -0.022662 0.108954 -0.035905 -0.042325 -0.109525 -0.053327 -0.046057 -0.173703 0.268842 -0.244399 0.014028 -0.012238 -0.230382 -0.174385 0.052109 0.116952 -0.524435 -0.008572 -0.134082 -0.164221 0.005468 0.033855 -0.147368 -0.003178 0.089207 0.035204 0.001526 -0.111566 -0.060638 0.071881 -0.028353 0.115940 0.340293 0.021342 0.019405 -0.220215 0.414670 -0.084534 -0.082679 -0.043354 0.276212 0.095959 -0.029122 -0.093826 -0.086914 -0.366501 -0.066098 -0.144205 -0.165693 0.102518 0.008423 -0.206649 0.052973 -0.058211 -0.166327 -0.006090 -0.061650 -0.121515 0.115739 -0.123251 -0.029660 0.138191 0.027204 0.039261 0.027289 -0.149226 -0.160240
-0.081576 -0.015518 0.014979 -0.076961 -0.232287 -0.025901 0.096101 0.160791 -0.025929 0.338636 0.154055 0.211253 -0.279218 0.059026 0.020459 -0.214264 0.261709 0.087005 0.200561 0.054658 0.218579 -0.313257 -0.308180 -0.104277 0.067836 -0.058991 0.143935 0.051908 0.000347 0.163578 0.217302 0.246699 0.032133 0.149035 -0.200042 0.075047 -0.091068 0.071304 0.261265 -0.282745 0.017019 -0.036649 0.182287 0.009043 0.000338 0.074599 0.116058 -0.128270 -0.128386 -0.075693 0.135431 0.083654 0.231662 -0.135172 -0.229384 -0.155084 0.149178 0.241130 0.033221 -0.173576 -0.013444 0.102533 -0.204686 0.073140 -0.211625 0.009290 0.192494 0.044211 0.080569 0.054506 -0.102716 0.183942 0.118760 0.181501 -0.251985 -0.007835 -0.038557 -0.026495 0.118242 -0.010904 -0.611517 -0.012519 0.164315 0.180907 -0.023069 -0.133449 0.044898 0.137504 -0.067117 0.221712 0.079322 0.052897 -0.111548 -0.041968 0.016239 -0.215641 0.298783 -0.123589 -0.002822 0.011373 -0.139645 0.236596 -0.090518 -0.039633 -0.244771 -0.137088 -0.009945 -0.218428 0.016980 -0.165998 -0.163455 -0.121052 -0.232192 -0.017655 0.136429 0.171294 0.155137 0.221628 0.119666 0.090923 -0.482580 0.035604 -0.270540 0.009458 -0.082943 0.088718 0.211484 -0.223989
0.090797 0.020791 0.126686 -0.156548 0.235923 0.223923 -0.322357 0.127532 -0.347680 0.038984 -0.010698 0.202314 0.052351 0.145959 0.099791 0.053385 0.160484 0.171074 -0.366852 -0.276776 -0.108039 -0.055255 0.049211 -0.205220 0.295558 0.154176 -0.001431 0.127886 0.020542 0.033989 0.055409 0.143687 -0.098882 -0.164892 -0.172564 0.220419 -0.512501 0.136280 -0.249960 -0.167345 -0.200988 -0.299681 0.122794 -0.228390 0.024557 -0.139603 -0.183664 0.001876 0.327369 0.308215 -0.229772 0.132895 -0.313626 0.085051 0.064338 -0.068046 0.007459 -0.011894 0.064852 -0.171607 0.084598 0.192344 0.056557 -0.087797 -0.232674 0.307931 -0.336282 -0.051861 0.141841 0.017854 0.116559 -0.227420 0.124340 0.277349 0.081935 0.191155 0.055943 0.147378 -0.020970 -0.273577 0.080819 0.071711 0.064403 -0.000821 -0.174475 0.110717 -0.123919 -0.071275 -0.037532 0.205047 -0.021937 -0.008357 0.064656 0.085022 0.229129 0.017644 0.054278 -0.100141 0.072836 0.049936 -0.017820 -0.048307 -0.196874 0.002037 0.108986 -0.109643 0.025727 -0.104696 0.143149 0.012549 -0.190644 0.073784 0.022658 -0.248484 -0.064220 0.100373 -0.321156 0.157050 -0.056621 0.091136 -0.112810 0.004280 0.014529 -0.047729 -0.110744 -0.227408 -0.012198 0.035064
-0.119895 0.202417 -0.013105 0.194910 0.122561 0.133990 -0.014720 0.116418 -0.116999 0.390954 -0.069884 -0.028027 -0.004969 0.026266 0.179309 -0.258666 0.121038 -0.162847 -0.238414 0.129475 -0.097904 0.214481 -0.065338 0.098723 0.007686 -0.079380 0.263359 0.195085 -0.003803 0.004424 -0.127926 -0.138713 0.037954 0.003949 0.026923 0.158195 0.256460 0.305022 -0.133272 -0.177103 -0.065772 -0.139818 -0.060287 -0.226891 0.033944 -0.186948 -0.002031 0.288091 -0.003947 -0.013194 -0.245274 -0.484795 -0.148048 0.100507 -0.110461 0.079639 -0.169729 -0.064491 -0.115802 0.133808 0.031507 0.134390 0.161693 0.011345 0.014760 -0.107158 -0.286523 -0.096974 0.213369 0.050468 0.112090 -0.029325 0.044938 0.189927 0.204354 -0.144764 0.256842 0.149270 0.174783 -0.276657 -0.069035 0.128698 -0.384051 0.132886 0.018043 0.043222 -0.164859 0.108821 0.047861 -0.157877 -0.334841 -0.000901 0.108572 0.151201 -0.153771 -0.102491 0.053548 0.029233 0.059544 0.063476 0.009747 0.117437 -0.302858 -0.039495 -0.031606 -0.045574 -0.073653 -0.017517 0.217992 0.228502 0.241039 0.074944 -0.108459 0.055531 -0.309491 -0.128967 -0.126841 0.167673 -0.205029 -0.013503 0.103338 -0.013289 -0.084842 -0.026487 0.083774 -0.146209 -0.161575 0.097061
0.012737 -0.179023 0.010272 -0.161357 0.127960 0.074897 0.054296 -0.359297 -0.070287 -0.224076 -0.002540 -0.191732 -0.217323 0.038739 0.015293 0.025769 -0.147970 0.159903 -0.288670 0.170386 0.118331 -0.188670 0.167935 -0.168311 0.061014 0.055437 0.181560 -0.097101 0.012811 -0.148894 0.167689 0.166758 -0.104533 -0.297557 -0.032794 0.138368 0.005657 -0.086027 0.199193 0.378013 -0.134496 -0.526365 0.142414 0.156456 0.052114 0.129518 -0.302901 0.066301 0.391285 -0.073150 -0.036495 0.160894 -0.205918 0.013386 -0.229690 -0.204960 -0.146289 -0.343746 -0.061240 0.088602 -0.059082 0.129650 0.217721 0.126993 0.049630 0.084323 -0.141712 -0.023548 0.038531 0.239194 0.109010 -0.092601 0.061313 0.115202 -0.076293 0.155483 -0.084424 0.181609 -0.069643 -0.185209 -0.039624 -0.022599 -0.040627 0.032182 -0.169943 -0.068945 -0.231982 -0.008664 0.005162 0.135379 -0.034982 -0.229944 0.267828 0.110405 -0.306111 -0.068954 -0.169105 0.087867 -0.086665 -0.137173 0.151616 0.183209 0.103696 -0.115972 -0.318144 -0.328303 -0.106020 0.204737 -0.154971 0.351130 -0.071538 0.053732 -0.258638 -0.195302 -0.072848 0.133240 -0.037281 -0.007773 -0.203095 0.037332 0.201511 -0.188999 -0.056346 -0.023887 0.068447 -0.164399 -0.073492 -0.472167
0.142821 0.143530 -0.230349 -0.124019 0.111924 0.000326 -0.155909 -0.087677 -0.149911 0.017066 0.077769 0.072577 0.252275 0.211987 0.069245 0.050485 -0.310811 0.055014 0.007741 0.137925 -0.349379 0.144076 0.164124 0.067826 0.041607 0.033900 0.160946 0.006484 -0.008331 -0.136652 0.212157 0.169522 -0.120416 -0.543890 0.021405 0.116818 -0.013048 0.073991 -0.233798 0.090317 0.100141 0.223841 0.122025 0.008400 0.228338 -0.056682 0.137693 -0.177261 0.044267 0.037446 0.064754 -0.206397 -0.036338 0.031472 -0.023364 0.166587 -0.129759 0.137329 0.206016 0.120637 -0.090440 0.326091 0.010847 0.023914 -0.006884 -0.069382 0.117427 0.092457 -0.068252 0.040798 0.046289 -0.278694 0.066870 0.335429 -0.022753 0.024543 0.005804 -0.059226 -0.055494 -0.088250 0.065822 0.140692 -0.167341 0.022922 0.085087 0.027226 0.304795 -0.007261 -0.060572 0.126778 -0.064265 0.110579 0.252028 0.099687 -0.173636 -0.506209 0.025225 0.052776 -0.064053 -0.149899 0.023651 0.030535 -0.194578 -0.101486 -0.473657 0.102095 0.140670 0.041234 0.224451 -0.039351 -0.166608 0.013540 -0.132201 0.124411 -0.330451 0.202973 0.066290 -0.157087 -0.024332 -0.067136 -0.249720 0.141432 0.258419 -0.129579 -0.026174 -0.080088 -0.125362 0.151081
-0.161419 0.029495 -0.060605 0.388475 -0.319284 0.038716 0.026872 0.155441 -0.220751 0.192779 0.266376 0.260298 0.216156 0.263415 0.043034 0.212497 -0.297734 -0.035384 -0.211196 0.345939 0.136361 -0.150583 0.028306 -0.038563 0.058142 0.001452 -0.227135 0.214793 -0.010396 0.250964 -0.030846 -0.114944 -0.185258 -0.194443 -0.045793 0.039533 -0.030480 -0.071845 -0.141747 0.128491 0.095537 0.064822 0.279481 0.340452 0.169967 0.041544 0.022608 -0.013123 0.035303 -0.303377 -0.004710 0.104966 -0.068961 -0.024410 -0.134529 0.110149 0.147700 0.038810 -0.098162 -0.078739 0.092148 0.216927 -0.156705 0.056584 -0.237876 -0.066833 0.158514 0.003991 0.268111 -0.089025 -0.208437 0.014912 -0.130727 -0.120271 0.155763 0.043031 -0.190764 -0.083476 -0.001108 0.215624 0.000116 -0.041158 -0.109769 -0.016860 0.196993 0.195177 0.060595 0.160551 -0.080949 0.059824 0.008690 0.203930 -0.185459 -0.160814 -0.077396 -0.430075 -0.166111 0.209022 -0.106460 0.192077 0.229339 0.168816 -0.000849 -0.072085 0.043060 0.108888 -0.131136 0.287883 -0.123334 0.202225 0.028816 -0.039805 0.029741 0.082564 0.252907 -0.016532 -0.212169 0.104841 0.261652 0.266329 -0.007829 -0.107266 -0.160308 -0.075502 0.125816 0.033679 0.107387 -0.241422
-0.028803 -0.132063 0.289224 0.143600 -0.004885 0.225662 -0.076229 -0.007035 -0.156389 0.133488 -0.278718 0.006406 0.020838 0.170083 0.360933 -0.042699 -0.039504 0.008872 -0.170672 0.021741 0.027115 -0.037964 -0.184034 -0.172110 -0.106395 -0.044945 -0.321213 -0.025946 -0.037263 0.054429 0.276359 0.141198 0.019232 -0.151787 -0.162149 0.037756 -0.267069 -0.090443 0.008369 -0.134186 -0.046475 0.022844 0.123400 -0.077560 0.068455 0.247105 -0.239048 0.009491 0.152790 0.022071 -0.152665 0.196761 -0.125440 0.260338 -0.094227 -0.330919 -0.027815 -0.102740 0.212274 -0.202625 0.134228 -0.003620 -0.068398 -0.279283 -0.136501 0.189708 -0.087271 0.005408 0.172708 -0.163114 -0.127201 -0.302849 -0.055283 -0.184781 0.055904 0.089853 -0.188285 -0.138300 0.101687 -0.061556 0.136533 0.000287 0.280251 0.234763 -0.007526 -0.135503 -0.257159 0.101268 -0.019113 -0.011702 0.206088 -0.224502 0.001629 -0.067524 0.099729 0.022516 0.277153 0.022433 0.019455 0.015607 -0.027637 -0.074274 0.179687 -0.058595 -0.308555 0.245303 -0.059005 -0.101420 0.027073 -0.162020 -0.034555 -0.066601 0.114983 -0.261050 -0.042098 -0.009033 0.126979 0.098370 0.318685 0.310415 -0.150013 0.032524 -0.007910 -0.060757 -0.128040 -0.129884 0.088745 0.112108
-0.019485 -0.092918 0.037123 -0.075726 0.045581 0.099882 -0.240066 -0.020631 -0.140519 -0.073208 -0.054349 -0.202681 0.046237 0.200828 -0.081730 0.001414 -0.157073 0.246702 0.025776 -0.324677 0.168058 -0.279756 0.114443 -0.407293 0.087130 -0.036846 0.155089 0.182246 -0.025366 0.248706 0.166672 0.047103 0.097029 -0.424497 -0.092812 -0.077353 0.101699 0.038342 0.217999 -0.058713 -0.124553 -0.465427 0.175246 0.169119 0.011481 0.110118 0.165161 -0.191383 -0.084539 0.174505 -0.082719 -0.032886 -0.005488 -0.034205 -0.316175 -0.064148 0.224713 0.082293 0.244791 -0.000039 0.083163 0.041756 -0.255634 -0.111816 -0.322507 0.241049 0.260276 -0.081208 -0.135972 0.135333 -0.062316 0.105398 0.199006 -0.095842 0.102778 -0.017787 0.117888 0.124659 -0.001963 0.125617 -0.055373 -0.082005 0.170159 0.073310 0.188205 -0.221762 0.029988 -0.202003 0.000282 -0.009653 -0.335271 -0.080333 -0.163606 -0.010685 -0.144764 -0.473024 -0.006182 0.028091 -0.072270 -0.179668 0.187672 0.046385 -0.209172 -0.014520 -0.025040 -0.157864 0.006735 -0.112577 -0.050327 0.112590 0.002225 0.016398 0.120386 0.257270 0.073707 0.219469 0.202567 -0.049076 -0.357509 0.070583 -0.171423 0.125030 0.038395 0.012264 -0.009960 -0.217061 -0.156137 0.005456
-0.008944 -0.213205 -0.018831 -0.076840 -0.133302 -0.133041 0.136057 -0.100735 0.187281 -0.160172 0.178018 0.027411 0.018702 0.139874 -0.170361 -0.441294 -0.186065 0.111049 0.036947 -0.063538 0.077982 0.098498 0.003612 -0.035892 0.101002 -0.156967 -0.079415 0.223624 0.047345 0.297897 0.202959 0.091567 -0.006399 -0.431487 -0.001222 0.109119 0.068154 0.015431 0.434238 0.395229 -0.115196 -0.071034 -0.207015 -0.062446 0.137097 -0.065703 -0.186462 -0.286184 -0.208276 0.208025 -0.049733 -0.247824 -0.230181 -0.188623 0.007458 0.142978 0.107699 -0.045538 0.063994 0.114831 0.022566 0.250729 -0.248808 -0.112882 -0.308916 0.087097 0.119639 0.010733 0.188839 -0.054500 -0.161764 -0.015511 0.208561 0.277836 -0.127916 -0.043706 0.059289 0.116400 0.099177 -0.061980 -0.250941 0.102765 0.089536 -0.311193 -0.103424 -0.082627 0.030655 0.070420 -0.156741 -0.140798 -0.178668 0.132610 -0.100314 0.117862 -0.172430 -0.285896 0.169808 0.142857 -0.048694 0.150981 0.068016 -0.113656 0.061566 0.022840 -0.148128 0.033614 -0.181643 0.063218 0.024007 0.073202 0.371896 -0.064950 0.001198 -0.012683 0.053572 -0.037284 -0.085892 -0.276729 0.113757 -0.098223 -0.378788 -0.048689 0.214876 -0.122695 0.007279 -0.130252 -0.243561 0.213516
-0.022640 0.135740 -0.076748 0.000328 -0.055093 -0.371057 0.205314 -0.051427 -0.139246 0.413840 0.123613 -0.151110 0.218310 -0.103550 0.123981 0.028195 -0.069923 -0.136035 0.218826 0.156158 0.171277 -0.108907 0.112458 0.070548 -0.073075 -0.083544 -0.154799 0.010669 -0.025166 -0.101645 0.075508 -0.145034 -0.223183 -0.015919 0.168847 0.164983 0.096828 0.179694 -0.043035 -0.202295 0.054356 0.074141 0.237020 0.188769 0.083142 -0.322542 -0.056728 0.084202 -0.178743 -0.163702 0.117691 0.075195 0.263084 0.167493 0.075126 -0.090991 0.096873 0.099497 0.044695 -0.127571 0.150860 0.111855 0.004362 0.078615 -0.163103 -0.186599 -0.135808 -0.108682 0.138987 0.241989 0.100598 0.209460 -0.115152 -0.109138 0.039876 -0.069941 -0.081420 -0.183560 0.200261 0.251234 -0.047698 0.067949 0.157793 -0.317512 -0.241349 -0.006498 -0.002100 0.096091 0.043900 0.040620 0.103214 0.176037 -0.121731 0.101394 -0.014223 0.135879 0.113585 0.109290 0.106323 0.024333 -0.090261 0.178698 0.041890 -0.015644 -0.204349 -0.089306 -0.012993 0.311443 0.105437 -0.048887 0.097198 -0.059397 -0.104851 -0.053856 0.007717 -0.108102 0.000895 -0.139080 0.050097 -0.030161 -0.205464 0.148087 -0.004759 -0.035171 -0.111529 -0.057375 -0.094207 0.131490
0.091037 0.175350 0.032491 0.368979 -0.065309 0.290504 -0.073524 0.004188 -0.287468 0.345451 -0.010260 -0.142743 -0.123300 0.106927 -0.043164 0.092811 -0.139798 -0.160034 0.100525 -0.031245 0.233663 0.043630 -0.020518 -0.081534 -0.050826 -0.166743 -0.077660 0.142542 -0.094901 -0.025310 0.113498 -0.296628 -0.208660 0.310675 0.018973 0.122600 -0.312924 -0.168946 -0.237442 -0.067057 -0.117735 0.136798 0.033154 0.102331 0.385883 -0.479646 -0.092876 -0.138093 -0.016122 -0.290851 -0.039009 -0.310477 0.218439 -0.166063 0.072137 0.004793 0.197310 0.046064 -0.024000 0.309905 -0.001033 -0.013728 -0.368660 0.071793 0.114128 -0.166896 0.146415 -0.011571 -0.057099 0.027744 0.008523 0.030936 0.034507 -0.449783 0.217593 0.213618 -0.025864 -0.313428 0.068316 -0.133489 -0.056326 -0.974828 -0.041681 0.129036 0.074821 0.044888 0.234032 -0.252855 -0.004971 0.022405 -0.044191 0.160069 0.081167 -0.012053 -0.280223 0.196746 -0.072332 0.035947 -0.126277 0.130121 0.118160 0.035342 0.090619 0.031797 -0.041929 -0.029039 -0.107262 0.073435 0.087014 -0.193784 0.060378 0.033868 -0.052812 -0.106500 0.192643 -0.034093 0.128851 -0.021464 -0.086036 0.179877 0.162755 -0.045602 -0.082128 -0.139415 -0.059725 0.285571 0.223294 -0.177317
0.201358 0.252583 0.220550 -0.386451 0.248543 -0.024938 -0.189089 0.059797 -0.356950 0.257887 0.065821 0.205802 0.196149 0.171111 -0.395920 0.097553 0.042007 -0.051035 0.049527 -0.033982 0.269451 0.195382 0.089356 -0.167017 0.261944 -0.303205 0.031400 0.090847 0.052045 0.223374 0.072989 -0.003162 -0.497223 -0.072555 0.086796 -0.009138 -0.007283 0.092841 -0.331182 0.001044 0.057317 -0.400792 0.248356 0.119745 0.135529 -0.543832 0.065248 -0.007918 0.118897 0.045949 -0.002784 0.222275 -0.225238 0.025614 0.075849 0.189109 0.074680 0.221454 -0.000876 0.130153 0.022649 0.104098 0.101080 0.191456 0.063683 -0.168276 0.167584 -0.073299 0.153115 0.169259 0.070226 0.084222 -0.019457 -0.228698 0.131292 0.179345 -0.128112 0.186621 0.214010 -0.169816 -0.188943 -0.298263 0.255865 0.002427 -0.001595 -0.082790 -0.081305 -0.243711 -0.087477 -0.187145 -0.185388 0.075973 0.172979 0.157687 -0.488862 0.145746 -0.062970 -0.031737 -0.002390 0.078072 -0.016363 -0.038531 -0.301584 -0.045152 -0.191626 0.114591 -0.019448 0.068027 0.029564 -0.135335 -0.044888 -0.045558 -0.005522 -0.340690 -0.064207 0.079294 -0.239571 -0.184984 -0.443928 0.199439 0.098452 -0.184979 0.084931 -0.111299 -0.066166 -0.221559 0.044606 0.006966
-0.163959 0.044800 0.025450 0.379695 -0.124889 -0.092093 -0.088216 0.120109 0.085346 0.292317 0.318959 0.178881 0.075100 0.200171 -0.013298 -0.139879 -0.336507 -0.283820 -0.054447 0.292658 0.224774 -0.008600 -0.068006 0.088191 0.027614 -0.135437 0.212812 0.034139 -0.064188 0.055785 0.015029 -0.091070 0.032789 0.053698 -0.002695 -0.100770 -0.273624 0.011957 -0.062511 -0.140635 0.038254 -0.159910 0.016177 0.005376 0.004685 -0.433540 0.017856 -0.010774 0.023318 0.338655 0.051936 0.215689 0.098997 0.086556 0.124276 0.005326 -0.001226 0.253815 0.042732 0.244525 0.002739 -0.171952 -0.197177 0.165056 -0.587560 -0.096829 -0.134038 -0.053950 0.121917 0.080610 0.146114 -0.022621 -0.184104 -0.181882 -0.083675 0.144598 0.136496 -0.234662 0.214000 0.215241 -0.322463 0.163384 0.068674 -0.305517 -0.114911 0.023447 0.113466 -0.183318 -0.026200 0.194836 -0.295943 0.235201 -0.163387 0.037610 -0.063167 -0.091383 0.013625 -0.406906 -0.003997 0.114995 0.036394 -0.145774 0.168429 0.011956 0.166976 -0.063736 0.014592 -0.070691 0.279880 0.016388 -0.005027 -0.034016 0.158761 -0.015918 0.054122 -0.033637 -0.117487 0.027422 -0.182032 -0.183539 0.014721 0.272964 -0.230349 -0.001523 0.054065 -0.026293 0.181254 0.025224
-0.350127 0.344003 -0.057528 0.208848 -0.143378 0.050030 0.091812 0.001638 0.034280 -0.134082 -0.126293 -0.162861 0.037364 0.011084 -0.137671 0.024583 -0.295942 -0.117369 -0.459380 0.110693 0.021547 0.019067 -0.003795 -0.099573 0.064350 -0.190307 0.035076 -0.183090 -0.094256 0.015668 0.046571 -0.120078 -0.003065 0.296397 0.117423 0.426910 -0.216840 0.147900 -0.073855 0.295242 -0.051039 -0.067450 -0.190893 -0.042284 0.045956 -0.089695 -0.111334 0.280985 -0.018047 0.020709 -0.201806 0.133871 0.139321 0.065617 -0.087483 0.128947 -0.241666 0.138436 -0.022515 0.319430 -0.022719 -0.508085 -0.214590 0.043841 -0.233391 -0.376823 0.340993 -0.045346 -0.017941 -0.120075 -0.117733 0.045879 -0.348637 -0.395253 -0.228383 0.059082 0.097350 -0.154839 0.195722 -0.210086 -0.173996 -0.088042 -0.432909 0.136661 0.096828 -0.098464 0.081027 0.200131 -0.101571 -0.222519 -0.170073 0.007674 0.023958 -0.231959 -0.334590 0.079616 -0.120340 -0.102595 -0.014673 0.097792 0.158487 0.040029 -0.109717 -0.020373 -0.091821 -0.256501 -0.057698 -0.249701 -0.074735 0.154388 0.029438 -0.031798 -0.042350 0.122982 0.059306 0.138310 -0.001930 -0.125665 0.072587 0.072463 0.121417 -0.036806 -0.100423 -0.042750 0.017269 0.330473 -0.049060 -0.084708
0.228087 0.027216 -0.119026 0.056760 0.068630 -0.135471 -0.478645 -0.164195 -0.009797 -0.116500 0.243256 -0.138509 -0.361970 0.015863 -0.127025 0.072165 -0.371655 0.199914 0.055029 0.306913 -0.002194 -0.033634 0.222726 0.074664 0.083912 -0.059550 -0.063516 0.144328 -0.106970 -0.045936 -0.142806 -0.074476 -0.095263 -0.285831 0.077706 0.117234 -0.099660 0.059936 0.056921 0.146390 -0.166811 0.103743 -0.190852 0.066102 0.002951 -0.274066 -0.070514 0.017932 0.357597 0.074949 -0.203656 0.008423 -0.012691 -0.003752 -0.099746 0.192005 0.077034 0.269832 0.015377 -0.018891 -0.166074 -0.043098 0.050674 0.051838 -0.020253 0.090731 -0.151610 -0.026788 -0.060655 0.044815 -0.022227 0.164334 -0.037215 -0.018120 -0.140527 0.079396 -0.145915 -0.136783 0.161097 -0.193674 0.058276 0.065892 -0.045184 0.009043 -0.064280 0.213884 -0.085545 -0.158517 -0.046296 0.020317 0.078973 0.079222 0.168561 -0.047119 0.022489 0.166919 -0.083055 0.095967 -0.054053 0.253669 0.022014 -0.183708 -0.326224 0.052372 -0.171264 -0.001101 0.020759 -0.040803 0.105838 0.236027 -0.100440 -0.049908 -0.150165 0.218325 -0.173209 0.086794 -0.206367 0.138498 0.063244 0.091904 -0.138459 0.077974 0.035144 -0.051518 -0.000603 -0.113438 0.332443 0.042471
0.034309 -0.026453 0.093404 0.027366 0.253844 -0.027490 0.072315 -0.028207 0.004427 0.183746 0.155217 -0.179556 -0.266188 0.114755 0.389029 0.036118 0.226804 -0.029970 -0.228522 0.361380 -0.135464 0.076995 0.058414 0.185170 -0.179613 -0.196387 0.041079 0.103264 -0.019858 -0.280869 0.192884 -0.046296 -0.279790 0.059178 0.110851 0.153489 -0.294765 0.268163 0.140709 0.268617 0.088348 0.040749 0.045197 0.034204 -0.033601 -0.016380 -0.173314 -0.050206 -0.186995 0.001280 -0.047327 0.094197 -0.189417 -0.318211 -0.089621 -0.190918 0.049742 -0.147798 0.100300 0.003460 0.152395 0.137490 -0.218282 0.185720 -0.059292 -0.332290 -0.034169 -0.085820 -0.162837 0.035846 -0.142715 0.070427 -0.017113 -0.108898 -0.268387 0.232605 0.158045 -0.221509 0.050506 -0.236072 -0.120097 -0.015522 -0.077892 -0.181996 -0.512500 0.202650 0.273289 -0.211663 -0.146045 -0.234010 0.478030 0.044996 0.228741 -0.161024 0.072638 0.033479 0.426551 0.229880 -0.086687 -0.270948 0.031524 0.139266 0.168854 -0.046099 0.129081 -0.144521 -0.116828 0.109186 0.238275 0.025724 -0.116375 -0.152008 -0.082385 0.079025 0.083303 -0.126382 0.240063 0.018684 -0.032983 0.134123 0.358632 -0.017981 0.090299 -0.018380 -0.062670 0.009677 -0.063473 -0.122961
0.199748 -0.338540 -0.166377 0.036915 -0.413493 -0.327680 -0.163223 0.174221 -0.048741 0.126714 0.214553 0.124967 -0.008743 -0.068803 0.003035 -0.074183 0.143555 0.035823 0.058626 -0.110294 -0.160670 -0.266232 -0.242847 0.159320 0.163961 -0.020892 -0.162617 0.180145 0.062736 0.195570 -0.000734 0.092895 0.257679 -0.119138 -0.150980 -0.025500 0.046100 0.131522 0.379854 0.282923 -0.116650 0.094064 0.084327 0.034267 0.058262 -0.119782 -0.490546 -0.029789 -0.332107 -0.099018 -0.128462 -0.499050 0.221631 -0.005340 -0.137551 -0.034895 0.124280 0.166965 -0.064313 0.085469 0.100248 -0.009233 -0.188401 0.050236 -0.064866 -0.126160 0.289269 -0.032840 0.094941 -0.071774 -0.104378 0.013696 0.402544 -0.025033 0.072226 -0.040786 0.026810 -0.106971 -0.034695 0.103766 -0.130027 0.211771 0.329230 -0.024898 -0.494817 0.077490 0.006655 0.211242 0.013293 0.116562 -0.238796 0.270174 -0.028692 -0.039683 0.022680 0.097340 0.061324 -0.112222 -0.025148 0.054099 -0.254700 0.033372 -0.016837 -0.027917 -0.101264 -0.039093 0.281646 -0.066873 0.186578 -0.119416 -0.054616 -0.009994 -0.098892 -0.186411 0.175484 -0.041301 -0.033869 -0.237450 0.252313 0.314764 0.194973 0.023562 -0.201450 -0.041658 -0.024129 0.176754 0.008522 0.035419
0.216004 0.152312 -0.165085 0.228003 -0.446091 -0.025327 0.097115 0.175082 0.043168 0.154330 0.320035 -0.015763 -0.221358 0.024381 0.205786 0.180011 -0.096138 0.047686 0.125489 0.043467 -0.111722 0.175476 0.021637 0.076601 0.077708 -0.023245 -0.105761 0.030681 -0.086581 -0.066275 -0.120657 0.016726 -0.011665 -0.214717 0.002398 -0.096496 -0.081777 0.247770 -0.132677 -0.065229 0.114247 -0.006212 0.005541 0.165766 0.266702 0.096666 -0.274306 -0.062780 -0.012447 -0.007276 -0.046897 0.135827 0.117814 -0.009190 -0.177864 0.151563 0.212739 0.061821 -0.000401 0.006469 -0.022159 0.073081 0.055690 0.079407 0.122289 -0.122181 0.124647 -0.058400 0.286411 -0.071682 -0.291224 0.027358 -0.047617 0.144181 0.090212 0.102052 -0.082194 0.037840 0.305017 -0.082936 -0.075017 0.033047 -0.099576 -0.030785 0.111592 -0.157288 -0.326552 0.004401 -0.007059 0.205907 -0.035269 0.365689 -0.153514 0.117393 0.122545 -0.014069 -0.327120 0.033331 0.040716 0.173459 -0.038148 -0.444982 -0.224259 -0.072012 0.173185 -0.010510 -0.098230 -0.134891 -0.126478 -0.328956 -0.177196 -0.114284 0.035548 0.061676 0.033494 -0.085645 -0.268480 0.085692 0.163860 -0.570582 -0.053233 0.174976 -0.133322 -0.021377 -0.048358 0.056248 -0.064513 0.225479
-0.079928 -0.141704 0.105468 0.193246 -0.192789 -0.074080 0.104492 0.093822 0.022392 0.051583 0.066515 0.196995 -0.188383 0.218217 0.111776 -0.511623 -0.301899 0.026673 0.248687 0.062731 0.307682 0.069754 -0.378285 -0.141898 0.074173 0.089184 0.102125 0.055879 -0.023172 0.037079 -0.040502 0.164596 0.067971 0.135444 -0.066375 0.025367 0.186186 0.130573 0.099031 -0.061247 -0.139881 -0.336447 0.046093 -0.171539 0.045002 0.015402 0.027633 -0.028405 -0.054541 -0.130095 -0.063580 0.285059 0.144776 -0.053433 -0.068202 -0.180390 -0.051566 0.046950 -0.049744 0.021616 -0.057864 0.110171 0.020444 0.115497 -0.367366 -0.058544 -0.118725 -0.009114 0.057546 0.254923 0.103926 0.098857 -0.379554 0.072765 0.002669 0.014242 0.119290 -0.086669 -0.123232 -0.147827 -0.032873 -0.007633 0.150326 0.193549 0.135699 -0.341671 0.170808 -0.121386 -0.081480 0.043708 -0.101017 0.167947 0.059026 0.127016 0.002311 -0.124445 0.375778 -0.048785 -0.042061 -0.052953 0.059576 -0.210873 -0.105627 -0.063652 -0.095459 -0.102496 -0.087453 -0.165994 0.059464 -0.030196 -0.074697 0.104410 -0.137842 0.085690 0.116558 0.050024 -0.193570 0.289572 -0.079836 -0.456357 -0.307145 0.054727 -0.102915 -0.055447 -0.091582 0.068230 0.162052 -0.230674
0.160287 -0.080337 -0.296861 0.700379 -0.602437 -0.046503 -0.221248 -0.226673 -0.006561 -0.130548 0.269775 -0.085774 0.021872 -0.014169 -0.016135 0.203708 -0.172034 -0.153760 0.016800 -0.063557 -0.055522 0.022122 0.127635 0.019065 -0.239456 0.096155 -0.251474 -0.107795 0.097876 -0.098614 -0.136042 -0.041216 0.068624 -0.372255 0.107186 -0.553306 -0.168741 0.109344 -0.195462 -0.182008 -0.194918 -0.085095 0.133712 0.009388 0.238761 0.214610 0.024762 -0.275921 0.239433 -0.134845 0.085071 0.460873 -0.220889 -0.007420 -0.128811 -0.052392 0.046931 0.275390 -0.028512 -0.218132 -0.146727 0.161890 -0.319845 0.028314 0.086908 -0.044700 0.137777 -0.038334 0.093091 0.010683 -0.412842 0.115106 -0.007936 0.041215 -0.038557 -0.015453 -0.144941 0.338073 0.307509 -0.343870 0.525185 -0.238497 -0.190034 0.017404 -0.031307 -0.139449 -0.707220 -0.034616 -0.052051 -0.067487 0.003564 0.289987 -0.149709 -0.031092 -0.019415 -0.082873 0.247283 0.200564 -0.107951 0.178563 -0.119701 -0.343235 -0.353507 -0.043850 0.230609 -0.102175 -0.211516 -0.001400 0.002387 -0.364101 0.064462 0.014394 -0.202043 -0.017947 0.106390 -0.192294 -0.556466 0.076576 0.196114 -0.537503 -0.044422 0.376281 -0.127665 -0.046923 -0.068819 0.060219 0.283614 0.027911
0.157939 0.076775 -0.157526 -0.174508 -0.121076 0.174046 -0.203434 -0.004491 -0.075559 -0.283779 0.120998 0.129557 -0.277256 0.013017 0.092699 -0.041867 -0.230404 0.006752 0.181468 0.100402 -0.064578 0.149323 0.141579 -0.437187 -0.036092 -0.193365 0.260704 -0.097035 -0.019868 -0.034578 -0.163030 -0.026169 -0.177320 -0.369300 -0.110670 0.130855 -0.023141 -0.152073 0.198638 0.000596 0.092097 0.101868 0.022902 0.082041 0.121577 0.229349 0.057417 -0.075518 0.230547 0.112202 0.116861 -0.150901 -0.388370 0.039056 -0.133997 0.181006 0.071919 0.256340 0.095013 -0.086394 -0.081113 0.108827 -0.379189 0.000687 -0.218352 0.199336 0.058762 -0.058879 0.049733 -0.111370 -0.129638 -0.189612 -0.061013 -0.041377 0.116691 0.029947 0.235238 -0.096845 -0.127071 -0.038291 -0.045977 0.133514 -0.090783 0.044478 0.080215 -0.132753 0.092885 -0.192969 0.015464 0.041839 -0.268460 0.021038 -0.004978 0.132227 0.010080 -0.401181 -0.180133 -0.009488 0.004549 -0.064969 0.221618 0.065466 -0.223158 0.034657 -0.045210 -0.251245 -0.354892 -0.030774 0.007029 0.089704 0.111338 -0.034206 -0.016462 0.028196 -0.087932 -0.048267 -0.292820 -0.052485 -0.118430 -0.102231 -0.172613 -0.024207 0.217730 -0.018621 -0.090103 -0.104831 -0.396851 0.130458
-0.217278 -0.034271 -0.110828 -0.023268 -0.099851 0.189365 -0.070366 -0.024283 -0.332520 0.197945 -0.089004 -0.059131 -0.345682 -0.347390 -0.018666 0.180380 0.151368 0.125650 0.129039 -0.195536 -0.114033 0.093720 -0.354963 -0.104559 0.162619 0.041681 -0.119293 0.174151 0.017236 -0.114890 0.026592 0.025796 0.003298 0.047022 -0.135419 -0.082889 -0.167592 -0.113589 0.008340 -0.066408 -0.026915 0.117765 0.191759 -0.084093 0.137463 -0.198378 0.055389 -0.149202 -0.164795 0.255694 0.224113 -0.058022 0.177277 -0.093513 0.140015 0.080140 -0.156291 -0.294791 -0.264568 -0.266218 -0.079808 0.091740 0.203083 -0.058438 0.043145 -0.051848 0.056729 0.035876 -0.294249 -0.470229 0.042397 -0.162882 0.097689 -0.058062 -0.001137 0.047218 -0.059469 0.190366 0.022018 -0.107094 0.230596 0.026991 0.137384 0.001629 0.100986 0.091210 0.055178 0.269111 0.007508 -0.066765 0.067528 -0.000287 -0.310510 -0.831508 0.060180 -0.039448 0.118005 -0.538592 -0.058893 -0.159766 -0.108418 -0.074353 -0.209265 -0.009926 0.176081 -0.042916 0.137344 -0.135645 -0.092388 -0.333692 -0.022851 0.031415 -0.034891 0.070968 -0.399146 0.143326 0.227970 -0.259748 -0.178865 -0.007144 0.053858 -0.180430 -0.191525 -0.099354 0.061634 0.313545 0.124785 -0.143958
-0.255356 -0.116589 0.222341 -0.258342 0.157783 0.047398 0.217988 -0.246927 -0.245912 -0.152527 -0.185764 0.332052 0.159240 0.048972 0.020746 0.175615 0.103465 0.037538 -0.161708 -0.007216 0.206746 0.079566 0.088820 0.169813 -0.116916 -0.171833 -0.088911 -0.016121 -0.042373 0.097486 -0.162809 -0.101269 0.002725 0.026368 -0.096320 -0.290187 -0.076169 0.105742 0.028016 -0.000938 0.052849 -0.219823 0.169338 0.098115 -0.202324 0.039924 0.354811 0.175776 0.234883 0.013000 -0.205951 0.115552 0.008979 0.113113 0.036066 0.020552 -0.054304 0.072881 0.226723 0.000730 -0.184068 0.060618 0.078534 0.136627 0.135320 0.069545 0.087154 -0.081826 0.055931 0.060342 -0.255609 -0.139617 -0.001501 0.000325 0.368369 -0.068871 -0.325023 -0.079076 0.153957 0.264425 -0.306333 -0.116064 -0.096665 0.060032 0.124250 -0.120177 0.020896 0.030602 0.079061 0.117123 -0.028787 0.019904 -0.026381 0.260631 0.056324 0.124087 -0.085738 -0.545287 -0.120776 0.127355 0.206994 -0.148700 -0.439147 0.014399 0.009436 -0.121726 -0.103109 0.124495 -0.037258 0.150910 -0.115362 0.057005 -0.017098 -0.038269 -0.288346 -0.197469 -0.021458 -0.056191 0.066937 -0.098765 -0.076786 0.380468 -0.144962 0.042979 -0.023925 -0.030772 0.251075 0.076123
0.046351 -0.252338 0.057568 0.422493 0.024354 -0.079480 0.081603 -0.201514 0.025059 0.011181 0.230438 0.086398 -0.079798 0.009268 0.059403 -0.225277 0.048388 0.073820 0.228641 -0.093437 -0.047195 -0.211141 0.049554 0.296687 -0.054045 0.108034 -0.272853 -0.068090 -0.013390 -0.214894 0.280098 0.015233 0.145361 -0.094386 0.092450 -0.252959 -0.142487 -0.177892 0.301668 0.212903 -0.152621 -0.078817 0.222248 0.045893 0.060245 -0.201456 0.040733 -0.378002 -0.214302 0.065845 0.034955 0.147572 -0.124255 -0.029075 0.044085 -0.104578 -0.064017 0.144668 0.131502 -0.091854 0.403544 -0.008543 -0.292199 0.030124 -0.120004 0.040408 -0.255356 0.015187 -0.051586 -0.465627 0.086287 0.291753 0.196355 0.085295 0.152592 -0.274202 -0.081824 -0.047710 0.056941 -0.235241 -0.117947 0.017348 -0.231143 -0.253031 0.036202 -0.150920 -0.024740 -0.053096 0.009378 -0.066681 0.005157 0.437017 -0.111247 -0.092642 0.222466 -0.007532 -0.034771 0.057492 0.040181 0.336044 -0.241825 -0.357674 0.022743 -0.047603 -0.067964 -0.028903 0.016667 -0.130878 0.129341 0.112123 -0.130963 0.000388 0.022420 0.024569 0.218992 -0.273452 0.230354 -0.242977 -0.035202 0.212219 -0.202583 0.448305 0.239742 -0.079235 -0.059439 0.017601 0.091317 0.177884
-0.104786 -0.236688 -0.020035 -0.073938 -0.019390 0.101000 -0.174083 0.033886 -0.302143 -0.237076 0.244725 -0.094878 -0.296477 0.115950 0.104692 -0.180142 -0.296632 0.031725 0.198118 0.064470 -0.511477 -0.111462 0.648526 0.243196 0.180335 -0.073019 -0.058425 -0.196318 -0.067215 -0.022967 0.157862 -0.140606 0.169466 0.098608 -0.034244 0.149342 -0.218156 -0.072259 -0.258292 -0.027862 0.021746 -0.050382 0.181923 -0.113602 0.116134 0.073472 -0.147173 -0.141637 -0.313969 -0.328944 0.122413 -0.004734 -0.011845 0.034683 -0.205473 -0.167630 -0.061228 0.130688 0.073085 0.278206 0.121203 -0.049483 0.076145 0.052506 -0.137718 -0.197036 0.161653 -0.014430 0.331663 0.303647 0.253720 0.029721 -0.034856 0.314684 0.261949 0.079703 0.285213 -0.098849 -0.406646 -0.158915 0.130708 0.038892 0.272213 -0.061084 0.041594 -0.172119 0.024054 0.069365 -0.010493 0.059161 0.015823 0.265975 0.053578 0.096715 -0.019600 -0.148666 0.173761 -0.161626 0.071591 0.010159 0.014183 -0.177933 -0.265105 -0.065434 0.038198 -0.097474 -0.072893 -0.275964 0.058874 0.046211 0.043801 -0.055279 0.192601 -0.159340 -0.054487 -0.081443 -0.567365 -0.283912 -0.131649 -0.277559 -0.060321 -0.000572 -0.173811 -0.013749 -0.071202 0.186131 -0.361044 -0.032656
-0.039669 -0.333374 0.111232 -0.052611 -0.211984 -0.045761 -0.003078 0.143867 0.087721 -0.137118 0.044141 0.066346 -0.022804 0.047735 0.184821 0.147725 -0.062208 -0.086892 0.099292 0.108752 0.036209 0.110938 -0.088651 0.060901 0.201902 0.186209 -0.005707 -0.021576 -0.072194 -0.056023 -0.319729 -0.056433 -0.063316 -0.080246 -0.033237 0.270195 0.172715 0.052076 0.002867 -0.186628 -0.248598 -0.029028 -0.025035 -0.026897 0.047998 -0.076042 -0.023636 0.059268 0.061665 -0.042401 -0.084444 -0.004961 0.123690 -0.423656 -0.015605 -0.081572 0.007907 -0.038542 -0.048534 0.012125 0.134254 0.077568 0.020801 -0.042878 0.216639 -0.211673 -0.091759 -0.045828 -0.228646 0.260502 0.192112 -0.117876 -0.271797 0.034091 0.128366 -0.063802 -0.130570 -0.317211 0.038304 0.107090 0.037896 -0.066489 0.146059 -0.038658 0.082941 -0.026588 -0.237067 0.043996 -0.058691 0.015725 0.053553 -0.024689 0.179437 0.274794 0.228978 -0.042682 -0.119536 0.053686 -0.108421 0.047629 0.058605 0.021921 -0.171847 -0.007131 -0.055293 -0.037823 -0.018304 0.031669 -0.101190 0.130883 0.085923 -0.019735 -0.108720 0.050406 0.017275 0.048008 -0.062667 0.086979 0.111469 0.177912 0.235209 -0.078851 0.159867 -0.090272 -0.139278 0.050531 -0.053302 0.035638
-0.089812 0.101083 0.004316 -0.221187 -0.069047 -0.148800 -0.141283 -0.143377 0.086203 -0.052483 -0.197925 0.058060 0.136611 -0.042979 0.025633 0.098999 0.058313 0.030185 0.000280 0.144388 0.007871 -0.084207 -0.101757 -0.092274 -0.098387 -0.062547 -0.221802 -0.053526 -0.024567 -0.041493 -0.147652 0.078744 -0.225998 -0.050871 -0.027105 -0.088769 -0.128904 0.005227 -0.024176 -0.063867 -0.026256 -0.188222 0.012169 0.044966 0.164072 -0.272285 -0.348794 0.031889 -0.017194 -0.064301 -0.247063 0.114740 0.067578 -0.067094 0.031245 0.198901 0.000543 0.077453 0.076637 -0.092518 0.079767 -0.149932 -0.099610 -0.023971 -0.041879 0.068255 0.030034 -0.055491 0.141388 -0.181632 0.111597 0.155001 0.170259 -0.127654 -0.166284 0.063673 -0.340703 -0.008369 0.064070 -0.132349 0.183108 0.051482 0.011573 0.143869 -0.022544 0.016705 -0.457815 0.055020 -0.108190 0.100206 0.132491 0.083933 0.217480 -0.055264 -0.182274 0.084138 -0.178826 -0.123183 -0.111923 0.092642 0.037045 0.012500 -0.007896 -0.080438 -0.200343 -0.077073 -0.072865 0.197381 -0.058991 0.056842 0.059589 -0.055108 -0.175824 0.018867 0.044051 0.000819 0.162299 -0.084385 0.024003 0.064974 0.102884 0.112273 -0.110663 0.001519 -0.058913 -0.169577 0.182481 0.031777
-0.017783 0.045097 -0.093340 0.219061 -0.039396 0.180897 -0.180760 -0.250133 -0.446005 0.027883 -0.028698 -0.074891 0.144015 0.079918 0.040055 -0.093882 -0.162433 0.217427 -0.014944 -0.039586 0.067376 -0.094873 0.057422 -0.125956 0.025143 -0.252046 -0.110874 0.010053 -0.051375 0.166665 0.013860 -0.197167 -0.039300 0.136371 -0.071346 0.008078 -0.053536 0.098636 -0.012500 -0.124406 -0.089955 -0.012957 0.071790 -0.111331 0.049134 -0.643354 0.008657 -0.114544 0.038445 -0.156525 0.139279 -0.027168 0.142608 -0.072500 0.078510 0.033461 0.223747 0.205872 -0.047433 -0.004483 0.061178 0.106909 0.199652 0.126933 -0.107943 -0.191285 0.211393 -0.018823 -0.044109 -0.051650 -0.030530 0.025044 -0.024910 -0.001166 0.196728 0.137677 -0.076128 -0.055124 0.053232 -0.050912 0.075408 -0.202954 -0.112418 0.202696 -0.129569 0.029552 0.009183 -0.280987 -0.071593 -0.283587 -0.198415 -0.015380 -0.066211 -0.126319 -0.548805 0.304323 0.067464 0.172782 0.015204 -0.177646 0.036676 -0.046775 -0.243404 -0.043796 0.034092 -0.256579 0.056107 0.029025 0.085978 -0.088625 0.105540 0.100713 0.199368 -0.058208 0.262248 0.219578 0.104472 0.175068 0.127561 0.065767 0.001059 -0.109460 0.039709 -0.114760 -0.133059 0.019621 -0.000938 -0.076434
-0.166839 -0.317009 0.048286 0.781262 -0.027928 -0.151109 0.168444 0.105128 0.191465 -0.019691 -0.015524 0.011473 0.014573 0.158620 -0.443952 -0.244979 -0.088593 -0.359773 -0.171680 0.125727 0.232093 0.241720 0.123636 0.125227 -0.341411 0.031704 0.104503 0.362402 -0.010737 -0.011931 0.014482 -0.068800 0.193531 -0.270051 -0.115899 -0.187818 0.236143 -0.118628 -0.042871 -0.074635 -0.081846 0.017284 -0.236617 0.198354 -0.067883 0.157474 -0.205096 -0.051385 -0.369999 -0.089615 0.355775 0.769980 -0.053440 0.060021 0.154704 -0.247814 0.144492 0.047675 0.026893 -0.014286 0.008642 -0.467535 -0.386843 -0.013108 -0.102807 0.017203 0.337479 0.036552 0.059014 -0.058282 0.320900 -0.115718 -0.306520 -0.032335 0.399613 -0.446528 -0.338569 -0.032437 0.231587 0.153414 0.474976 -0.440364 -0.263482 -0.210607 -0.031583 0.039791 0.532017 -0.244009 -0.013024 0.025700 0.216527 0.296710 -0.410317 -0.249588 -0.176572 -0.468240 0.172415 -0.326162 0.013618 0.068296 0.200526 0.092569 0.272355 -0.042299 0.366347 0.069271 -0.112335 -0.302606 0.169829 0.019187 -0.114354 -0.074849 0.152282 0.116879 -0.000907 0.393901 0.144802 0.379279 -0.226807 -0.293359 0.239898 -0.060334 -0.432210 -0.057956 -0.168608 0.287050 -0.285687 -0.272893
0.204692 -0.258451 0.265998 -0.168387 -0.056213 0.049768 0.364365 0.129713 -0.109808 0.111343 -0.192684 -0.010985 -0.162978 0.094167 0.150777 -0.015319 0.201185 0.027990 -0.358229 0.123755 0.073228 0.159927 0.139051 -0.080003 -0.181634 -0.138825 0.071681 -0.083276 -0.031222 -0.007826 -0.399893 -0.134599 0.031379 0.055156 0.140040 0.050283 0.228476 0.219126 0.010957 -0.029764 0.059176 -0.151483 -0.171843 0.019779 0.096391 0.094818 0.222414 0.189260 0.002401 0.088728 0.230743 -0.065105 0.179455 -0.022594 -0.098593 0.117989 0.056255 -0.036640 -0.052777 0.202017 -0.004413 0.184630 0.038157 -0.108136 -0.019577 -0.396399 -0.277432 -0.044545 -0.139630 0.281012 0.075535 -0.149156 -0.200346 -0.008709 0.121827 -0.009335 0.027959 -0.333069 0.218846 -0.001803 -0.033664 -0.091297 -0.114235 0.214230 0.023410 -0.114900 -0.007959 -0.137876 0.024231 0.194078 0.015373 0.102625 0.180288 0.033476 -0.154215 0.015903 -0.038953 0.070808 0.003290 -0.183028 0.235253 0.018248 -0.394874 -0.047170 0.263591 -0.151816 -0.106505 0.350183 0.084526 0.040879 0.063912 -0.099417 0.014669 0.028328 0.301052 -0.362418 -0.423900 0.122956 0.020556 0.040955 0.010828 0.156597 -0.055755 0.002233 -0.073103 0.145767 -0.060188 -0.155850
0.107582 -0.098218 0.126773 0.066480 0.062554 -0.013482 -0.091569 -0.053161 -0.027055 -0.169367 -0.009039 0.152445 -0.066083 -0.194520 0.175453 0.160271 -0.122510 -0.073236 -0.130989 -0.171758 -0.170508 0.163488 -0.113879 0.175045 0.032743 -0.132493 -0.015870 -0.161775 0.004509 -0.090302 -0.069071 0.198818 0.232478 -0.009846 -0.091203 0.009055 -0.011602 0.082607 -0.184027 -0.340641 -0.181313 0.117764 0.056845 -0.011280 -0.010621 -0.317092 0.127718 -0.062732 0.010187 -0.358643 -0.081650 0.169522 0.253172 -0.082862 -0.450720 -0.039537 -0.096467 0.184257 -0.118178 0.042035 -0.049581 -0.090468 0.056201 0.220999 0.132958 -0.221338 0.014899 -0.027001 0.018943 -0.201980 -0.265593 0.026062 -0.060567 -0.201036 -0.163900 0.098963 0.049567 -0.015922 -0.155375 -0.233222 -0.000519 -0.040161 -0.007664 0.119625 -0.161875 -0.190938 0.006377 -0.155940 -0.008214 0.142036 -0.021322 0.109913 0.019272 -0.220468 0.280884 0.235859 -0.017292 -0.116428 -0.019971 -0.017121 0.135361 -0.051849 -0.304873 -0.054980 -0.073838 -0.090386 0.045531 -0.103814 -0.075740 -0.058381 -0.041340 -0.098261 0.073778 -0.054128 0.140369 0.111517 -0.140480 -0.008326 -0.136866 0.198913 0.277570 0.298501 0.055163 -0.069735 -0.149841 0.258141 -0.078159 0.001948
-0.028197 -0.024829 -0.138324 -0.323637 0.192105 0.049560 -0.181399 -0.234634 -0.388436 0.049995 -0.271134 0.006228 -0.078011 -0.221838 -0.237893 0.030495 -0.125473 0.163635 -0.151840 -0.144273 -0.217892 -0.174784 0.023438 0.023668 -0.101605 0.000838 -0.159539 -0.244231 0.021171 0.041155 0.207239 -0.171277 -0.035436 -0.035686 -0.131140 -0.268901 -0.241408 -0.096981 -0.136340 0.108441 -0.043627 0.020352 0.133129 -0.260632 -0.176028 -0.228467 -0.234761 -0.245778 -0.283181 -0.140996 0.136259 -0.023509 -0.169629 -0.052784 -0.039085 0.161787 0.038742 0.155695 -0.221524 -0.034110 -0.110265 -0.019781 -0.057379 -0.250310 -0.022048 -0.099360 -0.585671 -0.050918 -0.003569 -0.423995 -0.122134 0.071065 0.163042 -0.171028 0.085740 0.063010 -0.158025 0.136916 -0.654258 -0.254820 0.033919 -0.033201 0.005278 -0.441219 -0.054559 0.051954 0.021912 0.080815 -0.104842 -0.249248 -0.150252 -0.276198 0.128517 -0.339449 -0.172339 0.326480 -0.023615 -0.119311 0.000599 0.088050 -0.166007 -0.181444 0.151348 0.053340 -0.173549 0.001405 0.094754 -0.042518 -0.167484 -0.127939 -0.001508 -0.052823 -0.114809 -0.437357 -0.007153 -0.021432 -0.092503 -0.100973 -0.369022 0.004390 -0.016456 -0.135058 -0.490716 0.055452 -0.091368 0.163304 0.136984 0.188019
-0.168320 -0.153470 -0.080125 -0.000393 0.153968 0.035192 0.038847 -0.043512 -0.025090 0.016380 -0.062702 -0.180573 0.241761 0.150678 0.073644 0.239478 0.293294 -0.178213 -0.126882 -0.008944 0.124732 -0.381824 0.142718 0.011151 -0.111061 -0.047703 0.130993 -0.158214 0.072683 -0.014904 0.031701 -0.076986 0.029193 0.032446 0.178613 -0.470519 -0.196960 0.007638 -0.206724 0.216003 0.132939 0.132013 -0.091800 0.038445 -0.589685 0.111750 0.150852 -0.043437 0.146893 -0.133222 0.034917 -0.136640 -0.210907 -0.035766 0.237372 -0.071413 0.020048 -0.019788 0.148516 0.075790 -0.115951 0.036327 -0.107973 -0.286532 0.025600 0.091684 -0.211121 0.044559 -0.082068 0.096908 -0.084417 -0.426492 0.082859 0.079098 0.088751 0.156338 -0.297784 -0.192918 0.377263 -0.137800 -0.139497 -0.002191 0.095889 0.012311 -0.007243 -0.105827 -0.112460 0.015701 0.059071 -0.215599 -0.069952 -0.003868 0.001614 -0.021560 0.126776 0.019031 0.001858 -0.159892 0.004670 0.083326 -0.173709 -0.113037 -0.221380 0.028715 -0.156217 0.090531 0.115319 0.146289 -0.171022 -0.028668 0.110372 -0.021462 0.055393 -0.112783 -0.358315 -0.190751 -0.243841 -0.010884 0.020288 0.091748 -0.003751 0.108499 -0.107807 -0.053155 -0.049534 -0.150759 0.238970 0.021193
-0.152496 -0.198416 -0.218825 -0.002866 -0.095360 -0.314930 0.125870 0.181161 0.305029 -0.135819 0.030658 0.034608 -0.076625 -0.042491 0.064188 -0.000161 0.001927 0.189553 -0.108766 0.331641 -0.261509 -0.076273 -0.077339 0.078042 -0.096114 0.052939 -0.471036 -0.271787 -0.040695 -0.007049 0.250345 0.118376 -0.092897 -0.096488 -0.016507 0.101082 0.292394 0.099876 0.005827 -0.066316 -0.047355 -0.093425 0.045506 0.004291 0.031420 -0.071970 -0.290839 -0.014712 -0.291762 -0.148522 0.065216 -0.272603 0.031840 -0.226125 -0.123258 0.082229 -0.043651 -0.206374 -0.124895 -0.008829 -0.244064 0.076887 0.122645 -0.011322 -0.078592 -0.082571 -0.023486 -0.015476 -0.108541 -0.050414 -0.178117 0.163899 0.189139 -0.081230 0.012462 0.022978 0.023544 0.032930 -0.269783 -0.131031 -0.061330 0.233990 -0.124741 0.024466 -0.262214 -0.009049 -0.360818 0.426487 0.011823 -0.110669 -0.251152 -0.407725 -0.158287 -0.125674 -0.097313 -0.083760 0.236328 -0.134463 0.026626 -0.085915 -0.211862 0.090748 -0.000073 -0.011061 -0.061747 0.101024 0.104477 -0.106112 0.004099 -0.500798 -0.291830 -0.024678 0.019431 -0.443690 -0.020950 -0.024197 0.015478 -0.317118 -0.153033 0.001622 -0.053088 0.217380 0.116300 -0.056943 -0.064993 0.202069 0.243146 0.126239
-0.022694 -0.021269 -0.085119 -0.023844 0.099084 -0.175504 -0.179286 0.023544 -0.249607 0.108126 0.080542 -0.196044 0.264038 -0.170341 -0.179679 0.031431 0.149175 -0.063571 -0.240896 -0.252177 0.048048 -0.123231 -0.333218 0.205415 0.070080 -0.049377 0.075649 -0.006033 -0.020751 -0.009436 0.148321 0.119964 -0.061663 0.017507 0.073320 -0.390285 -0.044810 -0.011831 -0.221130 -0.066629 -0.011137 0.080693 0.122642 -0.115629 0.019879 -0.123073 -0.177888 -0.017556 -0.066634 -0.050878 0.263204 0.097147 0.075045 -0.073045 0.131637 -0.116730 0.092752 0.061190 -0.106648 -0.216079 0.189065 -0.042806 0.194146 -0.037063 -0.106385 0.086338 0.273927 0.012453 0.043380 0.127554 0.138462 0.083539 -0.165837 -0.228070 0.154403 0.009525 0.276249 0.303829 0.011551 0.067395 0.087800 0.238866 0.080370 0.016133 -0.053362 -0.125723 0.034541 0.189953 -0.097515 0.065981 0.303683 0.136297 -0.136268 -0.724447 0.104857 0.199517 0.122090 -0.390652 -0.047721 -0.192460 0.072245 -0.100181 0.114012 -0.064603 0.159689 -0.041443 0.023154 -0.162165 -0.210066 -0.249880 -0.181219 0.052659 0.072988 -0.156227 0.140554 0.261310 0.152806 -0.367674 -0.245727 -0.082848 0.131690 0.152076 -0.100234 -0.067908 0.006975 0.444393 0.180557 0.014655
0.047352 -0.042746 -0.045876 -0.120626 -0.101405 -0.120436 -0.097341 -0.126259 -0.273872 0.154890 0.199873 -0.044185 0.097026 -0.515150 -0.429669 0.173692 0.175677 0.062797 -0.210384 -0.071697 -0.306179 0.130746 -0.015893 0.048834 0.259771 -0.078133 0.029541 0.037560 -0.008134 -0.071159 0.232479 -0.131935 -0.093333 0.123770 -0.007672 -0.212894 0.139509 -0.329016 -0.271887 -0.114135 -0.078227 -0.008260 -0.056333 0.118844 -0.190343 0.047339 -0.168228 0.080266 -0.118579 -0.045266 0.049407 -0.055204 0.143855 -0.206007 0.099507 0.131279 -0.041338 -0.038453 -0.275402 -0.056445 -0.203837 -0.196756 -0.019784 0.063522 -0.000339 0.230225 -0.060387 0.000053 -0.139203 -0.082201 0.132994 -0.096105 -0.037127 -0.046589 0.332324 -0.269499 -0.119534 0.014481 -0.242281 -0.055978 -0.248477 0.074999 -0.155533 -0.031503 0.162950 0.054587 0.003049 -0.014425 0.028042 -0.351487 0.155130 -0.035503 -0.331897 -0.024692 0.077933 0.018804 0.138700 -0.376009 0.023640 -0.088130 -0.193871 -0.155383 -0.166118 -0.047406 0.011496 -0.029987 -0.107488 -0.210611 -0.014019 -0.223280 -0.021337 -0.057580 0.075025 0.330596 -0.246345 0.274327 0.216813 -0.253044 -0.258857 -0.189037 0.044445 0.196467 -0.150513 -0.001447 -0.039086 -0.075696 -0.053323 0.097370
0.078785 0.001325 0.141301 0.033314 0.304419 -0.008784 0.274466 0.007932 -0.261324 0.133999 -0.224942 0.039348 0.127401 -0.200735 -0.225797 0.291811 0.030656 0.061705 -0.332882 0.008624 0.017748 0.102996 -0.104091 0.259095 0.070810 0.005284 -0.205988 0.163909 0.006520 0.004424 -0.160441 0.197204 0.135308 0.027848 0.063066 -0.000608 0.215983 -0.024247 0.278911 0.070740 -0.130848 -0.158926 0.116656 0.045869 -0.175629 0.293535 -0.076285 -0.019937 -0.002766 0.055006 -0.048154 -0.426451 0.041498 -0.044648 0.129968 -0.125906 -0.450044 -0.004937 0.135607 0.136490 -0.316989 0.091909 -0.117453 -0.023376 0.178050 -0.123605 -0.334913 -0.004102 -0.233707 0.032635 -0.099097 -0.270986 -0.093097 0.039147 -0.018840 0.122124 0.135316 -0.053964 0.028095 0.038087 0.078225 0.157231 0.101170 -0.285527 -0.079778 -0.027893 0.260642 -0.027818 -0.065370 -0.086879 0.145580 -0.080579 -0.042596 -0.193829 0.255725 -0.218700 0.202132 -0.024514 -0.052202 -0.014657 0.239029 -0.334679 -0.013518 -0.012925 -0.019710 -0.128476 0.127450 0.090136 0.016985 -0.169394 0.211488 -0.007441 -0.134274 0.263995 -0.396070 -0.119608 0.254003 -0.112653 -0.117105 -0.526373 0.058020 0.096903 0.065708 -0.063276 0.046763 0.115465 -0.014923 0.009179
-0.294745 0.134011 0.018991 0.187196 -0.158070 -0.075923 0.127542 -0.119551 0.143395 -0.252231 0.366029 -0.428346 0.078753 0.057115 0.051407 0.103563 -0.107609 0.284377 0.144238 0.067764 -0.073546 -0.061173 -0.031247 0.265759 0.113184 0.203901 0.031194 -0.618763 -0.050605 -0.045732 -0.159763 -0.018243 -0.051740 0.012607 0.120769 0.133539 0.096750 0.208355 -0.117941 0.079360 -0.169919 -0.065988 -0.136554 -0.195134 0.187770 0.020063 0.127374 0.030315 0.092538 -0.073398 -0.048875 0.054766 -0.346698 0.121411 0.014271 -0.105228 0.122396 0.040747 0.126818 -0.108026 0.040420 0.000052 0.100741 0.051646 0.117109 -0.130883 -0.035914 -0.046038 -0.032122 0.180662 -0.273680 0.207425 0.112283 -0.113017 -0.121087 -0.072165 0.161425 -0.151331 0.041190 0.027101 0.096661 0.192061 -0.195214 -0.026408 0.018380 -0.079618 -0.243640 0.311455 -0.109824 -0.075137 0.111735 0.086146 -0.157753 0.075380 0.020153 0.193936 -0.173881 0.016542 -0.058108 0.165224 0.181233 -0.092522 -0.416028 0.032078 0.234576 0.050365 0.169647 0.109443 -0.446184 -0.309776 -0.131041 0.055573 -0.132610 -0.149567 0.192466 0.089110 0.034472 -0.078205 -0.116113 0.223205 0.071752 0.045742 0.043571 -0.004302 -0.168263 0.116478 -0.018547 -0.280926
-0.204435 -0.356300 0.216111 -0.061221 -0.172752 0.103939 0.089045 0.129617 0.065715 -0.094724 0.086947 -0.043613 -0.001204 0.230520 -0.100216 0.003566 0.206945 0.014398 -0.186579 -0.086518 0.060947 -0.008607 -0.158885 -0.017118 0.135889 -0.444711 0.140459 0.148935 -0.039205 0.038898 0.195701 0.023329 0.016084 0.107545 -0.013550 -0.100458 -0.006678 0.262002 -0.041182 0.131073 -0.013326 -0.187920 0.048148 -0.078456 0.017640 -0.077446 -0.103403 -0.026188 -0.206415 0.123982 -0.118674 -0.026529 0.129558 -0.055459 -0.094082 -0.039293 0.110933 -0.123192 0.102789 0.144662 -0.033075 0.083095 -0.173710 0.154047 -0.090155 -0.057943 0.043345 -0.039090 -0.103919 0.153153 0.085414 0.055119 0.064272 0.158873 0.158492 0.143348 0.026115 0.182081 0.056445 -0.204613 -0.480940 -0.026545 0.067668 -0.152602 -0.175344 -0.039712 0.012148 0.092247 0.013510 -0.001516 0.062080 0.224405 -0.008647 -0.096127 0.320500 -0.143196 0.137000 -0.083564 -0.025762 0.136122 0.002625 -0.061636 -0.012377 -0.105455 0.118777 0.050626 -0.044833 -0.465584 -0.075763 -0.149963 -0.455738 0.041065 -0.049629 0.034811 0.073304 0.023351 -0.059949 0.047967 0.040472 0.050853 -0.251268 0.049169 -0.217931 -0.014269 -0.012302 0.227072 0.090684 -0.237796
-0.204984 -0.121900 -0.042309 -0.065180 0.055154 0.024901 0.281237 0.000897 -0.354229 0.010111 0.121582 0.044939 -0.029171 -0.009283 0.140593 0.065155 0.322699 0.103817 0.177256 -0.030825 0.195040 -0.237909 0.075360 0.284752 0.202808 0.043140 0.156806 -0.003708 -0.030816 0.129317 -0.007725 0.115019 0.144750 -0.006366 -0.003559 -0.112678 -0.355268 0.199427 -0.232149 -0.134381 0.080513 0.085056 0.160752 0.034189 -0.046114 -0.319186 -0.116170 -0.081310 0.018748 0.105992 0.036473 -0.189864 -0.092494 0.150718 -0.033883 -0.083516 0.287425 0.238215 0.138716 0.100161 -0.015607 0.198371 0.261070 0.065462 -0.042270 0.046977 0.018580 0.077023 -0.105441 0.016962 -0.057843 -0.107378 0.087548 0.027375 0.219762 0.008233 -0.216144 -0.127508 -0.308965 -0.018407 -0.060314 -0.043849 0.065442 -0.014923 -0.098834 0.226819 -0.168519 0.122700 0.014255 0.160408 -0.048612 0.023599 0.002173 -0.062559 0.008443 0.174571 0.116110 0.290568 -0.013776 0.028147 -0.061573 -0.054762 -0.263742 -0.036427 0.227660 0.242706 0.042986 0.132827 0.096322 0.028267 0.018753 -0.031086 0.049507 0.001231 -0.118902 0.236604 -0.149382 0.120306 -0.097370 0.079924 0.064199 0.062754 0.178118 -0.030665 -0.047308 -0.026458 0.171074 0.201765
-0.031891 0.061419 -0.126256 0.136821 -0.206628 -0.210577 0.175833 -0.142976 0.014227 0.043913 -0.006065 -0.141758 0.098495 0.106610 -0.062325 -0.064265 -0.130680 0.096671 0.014436 -0.043068 -0.248036 -0.041797 0.038263 0.242254 0.296156 -0.070486 0.027855 -0.303028 -0.119011 -0.065959 0.222101 0.109198 -0.015740 0.232817 -0.018803 -0.035431 0.080079 -0.193734 -0.012393 -0.046417 0.028905 -0.088040 0.052111 0.066894 0.224990 -0.175433 0.151887 0.005447 -0.268405 0.144916 -0.069458 -0.034312 0.137276 0.132801 0.132813 0.077155 0.007946 -0.028621 -0.093385 0.122397 -0.154535 -0.462075 -0.027296 0.199305 0.127883 0.225662 0.092900 -0.093668 -0.182961 -0.034741 -0.055175 -0.077097 -0.144765 -0.298261 0.298711 0.101254 -0.040296 0.291856 -0.058175 -0.010030 -0.209649 0.248835 0.011445 -0.072102 -0.108561 -0.322346 0.089910 0.192626 0.054942 -0.055797 0.203538 0.107060 -0.084316 -0.202681 0.007627 -0.114713 0.284454 -0.134087 -0.031357 -0.273214 0.002905 -0.056063 0.198102 -0.033875 -0.174662 -0.105472 -0.035527 -0.158840 0.000495 0.102826 -0.259669 -0.002537 0.096016 -0.058633 0.042235 0.346073 0.184935 -0.182742 -0.138934 -0.062488 0.056651 0.011798 -0.085785 0.017893 0.041826 0.103985 -0.173489 0.124102
-0.270106 0.224413 -0.038773 -0.000101 0.513264 -0.053994 -0.189849 -0.344224 0.166936 0.059575 -0.181673 -0.080065 0.053359 -0.023647 0.045857 0.011671 0.381583 0.031701 0.028283 -0.050234 0.002323 0.046107 -0.000346 0.109405 -0.026759 0.150233 -0.013382 -0.042197 -0.039969 0.142462 0.132823 -0.260502 0.152829 -0.068882 0.128348 0.198358 0.228355 0.004963 0.094919 0.282604 0.070656 0.137481 -0.102357 -0.326203 0.070924 0.318971 -0.170219 0.267624 -0.024952 0.075478 0.164699 0.076510 0.125904 0.062525 -0.017972 0.086171 -0.106354 0.040726 0.034727 0.289608 0.018736 0.288378 -0.024378 -0.079861 0.248917 -0.014181 -0.211188 -0.123287 -0.054538 -0.157188 0.007808 0.093980 -0.090825 -0.150798 0.115234 -0.005288 -0.204799 -0.287284 -0.077224 0.108295 -0.057727 -0.008909 -0.010319 -0.089281 -0.306625 0.005133 0.045767 0.247451 -0.008890 0.091113 0.173827 -0.343487 0.327834 0.011454 -0.328988 0.176369 -0.029933 -0.183894 -0.067422 0.299989 0.070009 -0.041726 -0.018947 0.033115 0.503150 0.235506 0.373815 0.348013 -0.266331 -0.061033 -0.307320 0.015423 0.021052 -0.084003 -0.059433 0.043074 0.095887 -0.034443 0.137134 0.199841 0.145618 -0.076410 -0.148990 0.029669 -0.032326 0.007605 0.126692 0.066019
-0.156072 0.200899 -0.099706 -0.252563 0.150243 0.080265 0.213924 -0.342132 0.346464 -0.027186 -0.121860 0.021229 0.173794 -0.032555 -0.000639 0.066782 0.129465 0.264262 -0.293967 0.032149 -0.371382 -0.232122 0.006356 0.156458 -0.087980 -0.052331 -0.046060 -0.050146 0.108601 -0.040374 -0.048922 0.359398 0.218951 0.098233 -0.008935 -0.118731 -0.084359 -0.080319 0.118465 0.027773 -0.223012 -0.008108 -0.106265 0.096519 -0.010512 0.148372 0.062733 0.141390 0.177734 0.123676 0.000875 -0.167349 0.137729 -0.098811 0.126528 0.029541 -0.166558 -0.091300 0.171480 -0.034794 -0.124640 0.091063 0.024897 0.043691 0.038849 0.009601 -0.090284 -0.050587 -0.038295 0.031826 -0.089844 -0.379691 -0.213473 -0.188288 -0.136239 -0.066996 0.091850 -0.117658 -0.064364 -0.014094 0.066876 0.122072 -0.015166 0.080623 0.010082 -0.295529 -0.349269 -0.008375 -0.040113 -0.051428 -0.113607 -0.083711 -0.169232 0.046165 0.388514 -0.192281 0.038825 -0.213213 -0.045031 -0.262868 0.165605 -0.036236 -0.116226 -0.032858 -0.222662 -0.174872 -0.222202 -0.095838 -0.005137 -0.099457 -0.043160 -0.010595 -0.102335 0.183057 0.043579 -0.123740 0.116464 -0.082679 0.249123 -0.032131 -0.040002 0.251095 -0.012935 -0.054313 -0.067244 0.000364 -0.173837 0.112141
-0.396561 0.123101 0.050032 0.056447 0.075948 -0.024128 0.164123 0.000246 -0.241850 0.001162 -0.196106 0.130206 -0.018448 -0.043492 -0.069220 -0.122753 0.049641 0.088247 -0.330612 0.006901 0.100756 -0.204903 -0.430140 0.013481 -0.189233 -0.074411 -0.285613 0.079894 -0.033849 0.142129 0.039483 0.161007 -0.019808 -0.166918 -0.032547 -0.163893 -0.161534 -0.097854 0.043751 0.084682 0.043334 0.111375 -0.339618 0.152019 -0.257213 -0.100312 0.027392 -0.048434 0.076162 0.165200 -0.119682 0.010473 0.150987 0.161310 -0.132041 -0.059562 -0.098595 -0.124300 -0.185689 0.090745 -0.113582 0.111011 -0.088123 -0.268124 0.013264 -0.220340 0.152389 -0.055413 -0.349687 0.085802 -0.149496 -0.337456 0.018814 -0.380579 0.098975 0.223844 -0.207535 -0.003069 0.115523 -0.091637 -0.171248 0.010150 -0.183393 0.182732 -0.070224 -0.040639 -0.140157 0.181373 -0.016260 -0.197191 -0.147659 -0.251886 0.018326 0.166730 0.187324 0.097470 0.052120 -0.105125 -0.126508 0.162111 -0.239448 -0.098301 -0.124803 -0.008507 0.102451 -0.056511 -0.020010 -0.001867 -0.046566 -0.336077 -0.256842 -0.001562 -0.044921 0.072871 -0.122079 0.267577 0.021462 0.073230 0.205984 0.113217 -0.002159 0.058188 -0.088590 -0.036140 -0.117037 0.070496 0.296358 0.029890
-0.305521 0.009063 0.043256 0.179727 -0.005886 -0.246182 -0.121443 0.084924 0.009332 0.085734 -0.237494 -0.158003 0.145793 -0.489202 -0.028089 -0.062594 -0.242731 -0.019949 -0.238780 -0.175371 -0.132145 0.046134 -0.069362 0.118989 0.158441 -0.111100 -0.156197 -0.004254 0.033372 0.012962 -0.016069 0.137397 0.177736 0.098363 -0.178983 0.038330 0.060190 -0.357767 0.315431 -0.129407 -0.095224 0.065542 -0.118979 -0.119386 -0.018064 -0.091051 -0.058060 -0.062662 0.045698 0.130016 -0.122572 0.095166 0.061362 0.100586 0.036421 0.131522 0.125074 -0.276983 0.100744 -0.059624 -0.180682 -0.194891 -0.123582 0.083531 0.072445 0.197641 0.083129 -0.067317 -0.253947 -0.177388 -0.003286 -0.156518 0.073299 -0.165038 0.160564 0.014031 -0.092721 0.132462 0.100474 0.027239 0.037739 -0.155295 -0.038410 0.175560 -0.012669 -0.019708 -0.164698 0.103357 -0.070992 -0.360637 0.196233 -0.013016 -0.046800 -0.237529 0.036241 0.018046 0.025580 -0.046510 -0.030375 -0.067443 0.223625 -0.136223 -0.085181 -0.049494 0.198651 -0.054590 -0.052507 0.028293 0.009051 -0.137675 0.093490 -0.007448 -0.081103 0.354846 -0.052582 0.165894 -0.048265 -0.133601 -0.043793 0.260247 0.073964 0.002011 -0.007924 0.094279 -0.137999 0.201338 0.137565 0.009164
-0.002625 0.174906 -0.099379 0.146034 -0.092341 -0.095167 0.171795 0.151516 0.083888 -0.251443 0.071237 0.202909 0.041472 0.132884 0.010143 0.045635 0.143174 -0.129690 0.258705 -0.362615 -0.213319 0.328509 -0.006718 0.117581 0.011275 0.170057 -0.000131 -0.164695 0.077645 0.168027 -0.132875 -0.292048 0.170472 -0.026588 0.036652 -0.304239 -0.074695 -0.054285 0.115736 -0.445655 0.001480 -0.010231 -0.020343 0.017964 0.076617 0.104932 0.189623 -0.364443 0.003515 -0.037676 0.178290 0.185040 0.148972 0.220062 0.166394 -0.200460 0.156993 0.193991 0.010939 0.017678 -0.019070 -0.050013 -0.036313 -0.027960 -0.107586 0.065649 -0.054915 0.007642 -0.199729 -0.039039 -0.134990 0.148055 -0.163146 0.190109 -0.087811 -0.193325 0.178702 0.065146 -0.202609 0.206697 0.164287 0.051838 -0.113933 -0.066795 0.113492 0.030380 -0.247077 0.149849 -0.025849 -0.025505 0.029295 0.023606 -0.083990 0.061279 -0.055134 0.121457 -0.199911 -0.193610 0.007061 -0.122406 0.022421 0.123926 0.021990 -0.003586 0.242475 -0.092370 0.168966 0.248489 0.101791 -0.138627 0.053403 0.008255 0.140998 -0.121961 -0.059330 -0.001607 -0.030287 0.043878 -0.041436 0.033531 -0.062590 -0.168626 0.149282 0.002053 -0.198345 -0.057845 0.113198 -0.052322
0.073163 -0.229374 0.217153 -0.120108 0.127596 -0.005410 0.064349 0.135650 -0.041556 0.090772 0.013011 -0.272605 0.197575 -0.076075 0.093501 0.224018 0.168923 -0.006624 0.047690 -0.027032 0.107298 -0.172733 -0.115671 0.013855 -0.041780 -0.200610 0.047232 0.042214 -0.075824 -0.037591 0.149064 -0.210744 -0.099686 -0.025625 0.103409 0.139393 0.092919 -0.048935 -0.410280 -0.185887 0.019754 -0.326344 0.223739 -0.028035 -0.088130 0.172414 -0.091446 0.151931 -0.009025 -0.020194 -0.213803 0.171257 -0.139961 -0.212571 0.059657 -0.129234 -0.158984 -0.043583 -0.192412 0.024154 0.089937 0.006297 0.012896 -0.010973 0.052161 -0.066357 0.042145 -0.078496 0.051892 -0.196555 0.085240 0.031171 -0.316062 0.003889 0.169429 -0.008367 0.141227 0.015473 0.111707 -0.025544 0.144367 -0.162957 -0.294137 0.094407 0.206753 -0.140762 0.051860 0.059784 0.010923 -0.175068 0.050565 0.111232 0.224258 -0.016270 0.113405 0.180541 0.216152 0.056628 0.044673 -0.082351 0.219096 -0.076450 -0.048426 -0.046356 -0.127735 -0.110813 -0.209541 -0.042003 -0.187866 -0.180818 0.087680 0.000879 -0.040157 -0.028303 0.277419 0.137004 -0.005304 0.125771 0.101027 0.344243 0.096470 -0.105947 0.310672 -0.043660 -0.100586 0.025231 -0.075574 0.031459
-0.161646 -0.180615 -0.074009 -0.177864 0.122233 0.052835 -0.046608 -0.126375 -0.139241 -0.134625 0.095859 0.342339 0.102962 -0.052892 0.084382 0.219829 -0.018655 -0.175378 -0.069456 -0.193007 0.305615 -0.083363 -0.045782 0.152850 -0.039237 0.165953 0.136636 0.036110 0.042486 0.175546 -0.001540 -0.066725 0.125642 0.047303 0.039896 -0.200059 0.179695 -0.295318 -0.042246 0.018904 0.078240 -0.225774 0.043040 0.139156 -0.002071 -0.065122 -0.054350 -0.285203 0.042527 0.269791 0.181228 0.012295 -0.004148 -0.067895 0.028589 -0.297482 -0.017557 0.158173 0.037297 0.039531 0.199174 0.006835 -0.088110 0.154807 -0.002959 0.219599 0.021199 0.033358 0.116448 -0.165872 -0.048172 -0.104050 0.117247 -0.090988 0.044242 -0.144524 0.047894 -0.105478 0.042235 -0.038154 -0.002112 -0.201465 -0.158602 -0.095535 0.213571 -0.086962 0.093443 0.068956 -0.051346 0.172387 -0.347445 0.222343 0.067504 -0.026542 0.132863 -0.099218 -0.147205 -0.251883 -0.037693 0.016639 0.110786 0.026703 -0.091738 -0.073604 -0.076554 -0.092948 -0.088289 -0.023005 -0.005560 -0.033091 0.145396 -0.104873 -0.127771 0.248410 -0.094814 -0.025735 0.019048 0.038182 0.106006 -0.003433 -0.060693 0.080207 -0.144506 -0.058399 0.009717 -0.130900 0.002883 0.054616
0.016206 0.000792 -0.050486 -0.178299 -0.103074 0.445274 -0.001106 0.045926 0.175330 0.173056 -0.026974 0.137832 -0.339404 0.283122 0.105875 0.033974 0.074184 0.077731 0.111169 0.239921 -0.124452 -0.220063 0.016387 -0.279839 -0.189229 0.111667 -0.008588 0.186172 0.000933 -0.035379 -0.066411 0.077207 0.151714 -0.033930 0.045606 0.194945 0.068540 0.093211 0.151178 -0.105410 -0.171333 -0.229769 0.175005 0.023471 -0.041578 -0.195930 -0.220906 -0.247417 0.013448 0.196425 0.113674 0.062251 0.160641 0.042123 0.158760 0.218924 -0.092686 -0.026488 -0.169887 -0.339161 -0.195380 0.142825 0.028493 -0.130556 0.004382 -0.037855 -0.055690 0.005124 -0.398673 0.095441 0.232615 -0.020311 -0.086439 0.024506 -0.612496 0.044012 0.001932 0.179914 0.098663 -0.206580 0.144703 0.184379 -0.058125 0.037285 -0.035493 0.060227 -0.025241 0.054404 0.010841 0.125893 -0.400027 -0.218194 0.167322 -0.294138 0.028875 -0.285859 0.043813 0.137743 0.000914 -0.134057 0.173828 0.258023 -0.035429 -0.067732 -0.001617 -0.024733 0.092300 -0.179826 0.122331 -0.083565 0.011791 0.008017 0.181113 0.050231 -0.000508 0.193178 0.139842 0.263503 0.246619 0.018845 0.125459 -0.622708 0.082106 -0.100310 -0.151565 0.216338 0.148162 -0.049671
0.045656 -0.021783 -0.086368 0.044616 0.322808 0.066122 -0.222060 0.025633 -0.058355 -0.011168 0.156685 -0.040645 0.126810 0.047686 0.104376 -0.026323 -0.213946 -0.013208 0.090894 -0.007778 -0.058428 0.226267 0.185363 0.015888 0.121511 -0.039529 -0.035312 -0.013854 -0.086238 0.150491 0.153826 -0.156682 -0.025338 -0.368711 -0.108912 -0.130130 -0.017404 -0.042088 0.050702 -0.060579 -0.110169 0.054401 0.213338 0.311715 0.030263 -0.011930 -0.090191 -0.196567 -0.130122 0.113677 -0.015416 -0.273647 -0.084719 -0.273002 0.065582 -0.151648 0.100677 -0.034073 0.239998 -0.344747 0.197738 0.002531 -0.044894 0.097011 0.049097 0.157031 -0.194538 0.033513 0.172322 -0.240262 -0.015027 -0.141636 0.267794 0.222252 0.256912 -0.053814 0.020296 0.059236 -0.218096 -0.120395 0.002635 0.133544 0.020165 -0.295010 0.034488 0.161076 0.258273 -0.405743 -0.079030 0.153254 -0.282581 0.133404 0.227430 0.219468 -0.075912 -0.206083 0.089817 -0.162864 0.046488 -0.272857 0.186990 0.179936 -0.002940 -0.097987 -0.190458 0.021538 -0.050576 -0.116116 0.076196 -0.060326 0.118520 0.000838 -0.093485 0.161177 0.071543 -0.092070 -0.124450 -0.166447 -0.261053 0.170448 -0.013236 0.003726 0.108180 -0.104158 0.038288 -0.015946 -0.335024 -0.256061
-0.045246 0.087367 0.065531 -0.156723 0.013838 0.076593 -0.252946 0.010575 0.103769 -0.130112 -0.369654 0.217582 -0.034567 -0.108585 0.183825 0.058614 -0.001736 0.028124 0.030659 -0.236928 0.225827 0.004644 0.002924 0.000045 -0.182134 0.048225 -0.040693 -0.003945 -0.010614 -0.110519 -0.171198 -0.018561 0.162326 0.013978 -0.058481 0.125241 -0.166924 -0.158611 -0.093272 -0.326692 0.012537 -0.108224 0.121185 0.016951 0.132016 0.107410 0.108159 -0.004028 0.134180 0.074817 -0.005991 0.103314 -0.139094 -0.178586 0.162821 0.142640 -0.031840 0.028326 0.054018 0.110119 0.137543 -0.222563 -0.026640 0.167974 -0.198638 0.127065 0.068005 -0.071679 -0.122190 -0.473984 0.022729 -0.059924 -0.254343 -0.230385 -0.380351 -0.225074 0.228877 0.000877 0.006308 -0.141970 0.197473 -0.136498 -0.109360 0.001104 0.054544 -0.015860 0.007214 -0.067115 0.051054 0.082071 -0.109806 -0.069334 0.014760 -0.071724 -0.069369 0.173319 0.018372 0.060257 -0.153854 0.007166 -0.028628 0.301631 0.259186 -0.049391 -0.006597 0.132464 -0.157498 0.072828 -0.052102 -0.013871 0.116152 0.064499 0.130136 -0.024622 0.039273 -0.019672 -0.100267 0.082859 0.114805 0.027341 0.100344 -0.270938 0.011834 -0.088063 0.071226 0.055798 -0.265365 0.207195
0.217118 -0.147109 -0.069331 -0.067918 -0.147941 0.158585 0.184766 -0.062343 -0.044011 -0.064111 -0.010094 -0.013665 0.083051 0.009647 -0.122858 -0.016359 0.130705 0.056515 -0.082218 -0.202630 0.184996 0.185501 0.036574 -0.113556 0.355911 0.216614 0.134492 -0.090210 0.026169 -0.140143 0.039965 -0.261477 -0.232791 -0.031263 0.068413 0.149604 -0.039071 -0.095204 -0.107733 -0.044265 -0.073110 -0.011611 0.237128 -0.451517 -0.580119 0.023456 -0.348126 -0.173178 -0.224304 0.043026 0.099467 -0.078101 0.171601 0.022545 0.254193 0.040311 -0.130486 -0.061356 -0.075727 -0.082673 -0.195718 0.506576 0.020241 -0.037325 -0.140646 0.097624 -0.084395 -0.024223 0.147380 0.102920 -0.129100 -0.139220 -0.094207 0.139547 0.019833 0.181218 0.145162 0.092423 -0.220596 -0.105965 0.090947 -0.152784 -0.058059 0.054254 -0.021858 0.016661 0.078581 -0.005176 0.072197 -0.015342 0.132639 -0.110336 0.210240 -0.074043 -0.114678 0.090503 -0.274285 0.274909 0.037543 0.091845 -0.486439 0.183595 0.060269 -0.087542 0.162537 -0.123520 -0.101953 -0.120468 0.182749 -0.105071 0.004555 -0.042747 -0.113567 -0.179759 -0.167071 0.535406 -0.004027 0.150691 -0.127000 -0.051166 -0.038199 -0.112771 0.215172 -0.044718 -0.009830 -0.231749 -0.045958 -0.088442
0.202848 -0.453386 0.270034 -0.104204 0.035995 0.089632 -0.082376 0.112287 -0.196278 -0.112695 0.154805 -0.032111 0.103831 0.041280 -0.165114 -0.121512 0.141739 0.045577 -0.163887 -0.026252 0.157261 0.001778 0.196780 0.139645 0.130802 0.154908 0.247059 -0.080354 -0.040265 -0.015397 -0.066366 -0.321677 0.094738 -0.043686 -0.011824 -0.133867 0.163490 -0.111897 -0.029821 0.048957 -0.054459 -0.048711 0.212568 -0.099493 -0.348198 -0.364986 0.013712 0.148417 -0.195305 0.065992 -0.096886 -0.027868 0.245044 0.013897 0.032632 0.014145 0.087038 0.069963 -0.188966 0.078000 0.346429 -0.007441 -0.083591 0.188215 0.012735 0.157436 -0.490942 0.019351 -0.183992 0.070409 0.087924 0.124322 0.181132 0.040875 -0.033371 -0.273057 0.155690 0.238275 -0.034438 0.059873 -0.109355 -0.280998 0.187110 -0.426824 0.193485 0.240049 -0.163052 0.043846 0.062037 -0.108082 -0.024402 0.064338 -0.120092 0.045707 -0.211232 0.215198 0.041334 0.325712 -0.055807 -0.004949 -0.265341 0.236143 0.255929 0.058560 0.128949 -0.275346 -0.076193 0.172998 0.166575 0.090852 0.103282 -0.020237 0.002843 -0.244247 -0.004525 -0.147923 0.161798 -0.068311 -0.013581 0.134233 0.076553 -0.045799 -0.059309 -0.004943 -0.038931 0.199214 -0.245234 -0.102884
0.067511 -0.064983 -0.034776 0.023359 -0.152501 -0.367411 0.139836 0.011286 -0.013451 -0.319536 -0.068252 0.167841 0.278237 -0.066344 -0.326057 -0.252547 -0.142289 0.112329 0.101639 0.178207 0.180150 0.148322 0.217658 0.248779 0.290415 -0.104926 0.018362 -0.032448 -0.035425 -0.021102 -0.239956 -0.230015 -0.142252 0.256579 0.055632 -0.210646 0.003185 0.004848 0.414475 0.157126 -0.078640 0.004348 0.115444 0.236481 -0.067396 -0.196217 -0.007942 -0.197006 -0.097132 -0.150909 0.084630 -0.065023 0.299890 -0.306564 -0.081146 0.062519 0.209538 -0.269378 -0.254414 -0.208359 0.137735 0.236597 -0.279614 0.228456 0.237135 -0.024195 -0.339988 -0.037017 -0.133949 0.301110 -0.013210 -0.267968 -0.271503 0.049654 0.395734 0.252123 0.194763 0.197395 -0.105133 0.076801 0.185760 -0.106478 0.178188 -0.129078 0.246938 0.264114 -0.074820 -0.143455 -0.040624 0.164637 0.120302 0.167282 0.236927 0.166533 0.047123 -0.363064 0.095196 -0.161222 -0.117751 -0.215070 0.064111 0.179130 0.061990 -0.044170 -0.047304 -0.029911 -0.092815 0.016013 -0.047935 0.246022 -0.247751 -0.067644 -0.088488 -0.284298 0.163786 -0.079641 -0.167500 0.065149 0.228847 0.184309 0.053238 0.101703 -0.086437 0.008162 -0.066684 0.023783 -0.037004 -0.518948
0.085843 -0.031453 -0.100731 0.065063 -0.043802 -0.064607 0.194241 0.164137 -0.090339 -0.365939 -0.029466 0.074293 0.230356 -0.375776 0.116625 0.283117 0.049739 -0.053019 0.179644 -0.283153 0.001424 0.114528 0.233475 0.093343 -0.161409 -0.152475 0.022090 -0.241309 -0.032116 0.044042 0.100544 -0.265994 0.024114 0.082432 0.017554 -0.113804 -0.387503 -0.233503 -0.004930 -0.186096 0.021916 0.102878 0.088353 0.091016 0.100729 -0.114361 0.082661 0.314952 -0.130649 -0.041199 0.073639 0.189618 0.070221 -0.086476 0.257321 0.043385 -0.092546 0.096429 0.234556 0.078521 0.155142 -0.078271 0.038711 -0.005060 0.022739 0.317542 -0.058994 -0.071052 0.109815 -0.405574 -0.170902 0.236960 0.018444 -0.002915 -0.184661 -0.208065 0.024890 0.026358 -0.191848 0.211381 0.072441 -0.024046 -0.071514 0.021409 -0.175331 -0.001835 -0.048075 0.154623 0.014398 0.173237 0.002411 0.267899 -0.085477 0.083396 0.011711 0.018350 0.046617 0.274150 -0.044541 -0.075153 -0.316589 -0.019241 -0.071389 -0.070032 0.183506 0.040507 -0.071493 0.193051 0.038120 -0.081258 0.192608 0.009900 0.004814 0.036547 0.033396 -0.039211 0.076995 -0.105555 0.142531 0.133044 -0.044118 -0.062052 0.028136 -0.061850 -0.134943 -0.022961 -0.209431 0.168032
0.064312 0.159872 0.198693 -0.173923 -0.053356 -0.304230 -0.003947 0.024094 0.140323 -0.432618 0.013179 0.269389 0.132786 -0.175684 -0.070802 0.021979 -0.300041 0.259113 0.115376 -0.042491 -0.082564 0.223661 0.241853 0.108161 0.136399 0.020971 -0.035088 -0.156600 -0.010652 0.093999 -0.071393 -0.152410 -0.144416 0.190390 -0.109897 -0.329763 -0.111474 -0.065834 0.227138 0.011434 -0.039692 -0.297876 0.179860 0.206620 -0.024083 -0.211867 0.060461 -0.123684 -0.013362 0.015957 -0.285152 -0.118892 0.128549 -0.147724 0.056861 -0.029075 0.196121 0.021830 -0.349463 0.090746 0.107470 0.117454 -0.054785 0.189614 0.344664 0.105367 -0.430357 0.008126 -0.246987 0.105411 0.102883 -0.101058 -0.158292 0.142481 0.255299 -0.077932 -0.038296 0.177754 -0.130992 -0.170649 0.013876 -0.012384 -0.108141 -0.347469 -0.235053 0.160182 -0.061509 -0.159561 -0.076234 0.151944 0.180292 0.185557 0.092494 0.159313 0.192034 -0.270562 0.215329 0.055258 -0.072048 0.014896 -0.037409 0.229162 -0.193621 -0.032133 -0.019222 0.121174 -0.034537 0.061223 -0.003995 0.353221 -0.012250 -0.036195 -0.238073 -0.165676 -0.047176 -0.153025 0.179334 -0.039702 0.148906 0.016005 0.204158 -0.170261 -0.137450 -0.033938 -0.140583 -0.013393 -0.051761 -0.217250
-0.110248 0.072321 0.065294 0.105243 -0.033966 -0.175579 -0.019152 -0.166946 -0.023654 -0.287636 0.071077 0.092395 0.001548 -0.076018 -0.279573 -0.133003 -0.115804 -0.002361 0.161718 0.122418 0.098430 0.045836 0.259404 0.007867 0.259606 0.044574 0.079038 0.141054 -0.013705 0.006734 0.033801 -0.536349 -0.060515 0.070668 -0.031147 -0.486597 0.156762 0.142584 0.308116 -0.157711 -0.131723 -0.065911 0.231581 0.263167 -0.098361 -0.012370 -0.178874 -0.279954 -0.219839 -0.034406 0.062852 -0.199782 0.210857 -0.125892 0.001381 -0.090607 0.095197 -0.156493 -0.152183 -0.179977 0.173217 0.122094 -0.112891 0.194505 0.204291 0.178829 -0.358107 -0.105423 -0.131488 -0.064576 -0.038302 -0.219579 -0.017352 0.118079 0.204187 0.100419 -0.025700 -0.104108 -0.104095 -0.012027 0.090024 -0.111550 0.108814 -0.106514 -0.017278 0.069098 -0.118983 -0.220652 -0.016718 0.287851 0.000357 0.095830 0.043598 0.019855 -0.112652 -0.175341 0.231915 0.023898 -0.102875 -0.004518 0.017888 0.000727 0.119753 -0.049460 -0.348771 0.094915 -0.152581 0.075500 0.020687 0.299600 -0.088679 -0.065377 -0.028424 -0.196459 0.162764 -0.263756 -0.131085 0.056644 -0.051678 0.014799 0.026932 0.073496 -0.477248 -0.159951 0.071806 -0.016261 0.029724 -0.293374
0.055834 -0.220547 0.022358 -0.179559 -0.121158 -0.177143 0.022347 -0.086999 0.053656 -0.114565 0.101418 -0.248434 0.001163 -0.132620 -0.071777 0.147570 0.090185 -0.115003 -0.057354 0.138109 -0.114302 0.230424 -0.090001 0.168174 0.035280 0.210690 -0.091849 -0.177348 0.015023 0.128025 -0.042742 0.045608 0.414164 -0.057775 -0.025634 -0.059279 -0.029732 -0.200436 0.178498 -0.142960 -0.097441 -0.160925 -0.173905 0.238750 -0.023966 0.266892 0.249408 0.203764 0.138268 0.057177 -0.127570 0.033528 0.143799 -0.087890 -0.093172 -0.112199 -0.023418 -0.180347 0.136802 0.025536 -0.220184 -0.047908 -0.055470 0.037592 0.050794 0.064420 -0.098076 -0.057791 -0.115321 0.136738 -0.275900 -0.250655 -0.085048 -0.247548 -0.037144 -0.131220 -0.016448 0.165995 -0.023045 -0.019983 0.140720 0.049982 0.052929 0.077592 0.180901 0.128621 0.157236 0.136550 0.010063 -0.044024 -0.004861 0.012107 -0.215910 -0.049950 0.153583 -0.232230 0.087573 -0.058207 0.027715 -0.125532 0.051430 0.075356 0.181713 -0.021699 -0.202200 0.274988 0.012981 -0.002035 0.090135 -0.284777 0.087298 -0.068401 -0.116233 0.248895 -0.121653 -0.062987 0.210489 -0.122527 -0.072706 -0.015977 -0.046892 -0.054065 -0.058026 -0.069837 -0.045154 0.261866 -0.128596 -0.064352
0.179605 -0.248549 0.239816 -0.325938 -0.121747 -0.252833 -0.245937 0.182327 0.128229 0.018490 0.292887 0.008460 0.047106 -0.245970 0.057001 -0.083718 0.004059 0.223462 0.232070 0.061580 -0.117049 -0.075315 0.013232 0.022830 0.100787 0.127829 -0.247369 -0.026566 -0.086729 0.090442 -0.066635 0.244311 0.349085 -0.065229 -0.096721 0.091433 -0.129884 0.078491 0.192947 -0.109768 -0.089856 -0.024337 -0.039445 -0.101980 0.057724 0.223645 -0.017117 -0.139989 0.159197 -0.067169 -0.121215 -0.056428 0.107372 -0.331143 -0.185049 -0.093494 -0.031274 -0.124799 -0.078435 -0.167134 0.099877 0.195729 0.062769 0.142117 -0.136708 -0.065443 -0.087668 -0.002462 -0.134267 0.029806 -0.042698 -0.112854 -0.289042 0.156372 0.197304 -0.116541 0.080158 0.000483 -0.150783 -0.361355 0.091532 0.002851 0.106595 0.219625 0.235590 -0.093963 -0.307821 0.054431 0.007792 0.052520 0.083152 0.206408 0.221172 0.127239 0.328150 -0.025375 0.152407 0.199985 0.025811 -0.102856 -0.192460 -0.030603 0.189680 -0.007828 -0.175689 -0.117918 0.128123 0.242207 -0.262145 0.381507 -0.094180 -0.005280 -0.013153 -0.234534 0.303693 0.167919 -0.118548 -0.007271 -0.198694 0.116027 0.106830 0.080929 0.187088 -0.101052 0.069410 0.064061 0.178076 -0.386259
-0.148295 -0.203552 0.129490 -0.074608 0.012233 0.061946 -0.125454 0.040501 0.051287 -0.057245 -0.015740 -0.245568 0.209244 -0.128738 -0.040426 0.281724 0.246513 -0.163662 -0.271655 -0.287746 -0.064034 0.112834 -0.053206 -0.069549 0.158502 -0.139361 0.015869 -0.097987 0.019770 -0.095383 0.196235 -0.010058 0.071957 0.060703 0.022849 -0.006003 -0.049977 -0.180591 -0.109909 -0.071267 0.028144 -0.266210 0.054161 -0.038238 -0.013648 0.145015 -0.045757 -0.125200 -0.050021 0.082894 0.154993 -0.288419 -0.024979 0.089829 0.077833 -0.159890 -0.083841 -0.062207 0.417417 0.037009 0.116329 -0.111168 -0.273429 -0.245862 0.339992 0.024905 0.017688 0.019077 0.098503 -0.075110 -0.164480 0.083438 0.180559 0.089203 -0.052564 -0.223960 -0.117230 -0.019106 0.070108 0.090933 0.147357 -0.110791 -0.451633 -0.196344 0.235788 0.201581 -0.209329 -0.137912 0.039923 -0.107556 -0.182611 -0.192637 -0.085914 -0.011587 0.021671 0.107816 -0.026699 0.033572 -0.036003 0.039194 -0.218596 0.205248 0.054960 -0.016222 0.203026 0.093179 -0.243874 0.139237 -0.010001 0.164185 0.237016 0.105978 -0.047188 0.184739 -0.075688 -0.116852 -0.171581 0.102722 0.026414 0.093465 0.203739 0.210857 0.233111 0.050255 -0.120896 -0.096036 0.015699 0.148670
-0.004264 0.005020 0.112456 -0.227779 0.068247 -0.095813 0.270999 -0.192351 0.044791 -0.115468 -0.021614 -0.047574 -0.171413 -0.083717 -0.147041 0.114578 -0.095251 0.029916 -0.164925 0.097878 -0.189094 0.062050 0.068242 0.281240 -0.175356 -0.013612 -0.308440 0.080895 -0.118208 0.021634 -0.208623 0.085285 0.292289 0.109512 -0.134342 0.134540 -0.070482 0.136111 0.198373 0.165923 -0.091751 -0.144524 -0.247915 0.108299 0.127399 0.275122 0.155340 0.091501 0.069645 0.109815 -0.109665 -0.039976 0.030535 -0.025709 0.072462 -0.204306 0.073893 -0.155319 0.302509 0.043497 -0.095403 0.021050 0.135146 -0.157093 0.237563 -0.182206 -0.087162 -0.035073 0.034085 0.071436 -0.031572 -0.281413 -0.055139 -0.367496 0.012206 -0.100486 -0.061680 -0.016671 -0.034989 -0.091962 0.003062 0.056723 0.110401 -0.050345 -0.151312 0.072242 0.009665 0.146203 -0.061560 -0.146999 -0.312832 -0.144912 0.042796 0.020927 0.415950 -0.294408 0.111405 -0.309245 -0.082717 -0.126860 -0.006373 0.076004 0.021281 -0.032395 -0.097705 0.053080 -0.250736 -0.047215 -0.261651 0.089323 0.097506 0.006328 -0.130194 0.265068 -0.120271 -0.115493 0.139415 0.040933 0.134556 -0.156253 0.185970 -0.048384 0.024085 0.097819 -0.046436 0.124487 -0.091068 0.181284
0.048117 -0.028369 -0.007858 -0.036688 0.112809 -0.052269 -0.090536 0.021479 0.077212 -0.225208 -0.054879 -0.084830 0.231538 0.087176 0.081469 0.076590 0.028973 0.007643 -0.281476 0.090136 -0.241534 0.051094 -0.257845 0.260355 -0.167324 0.113636 0.050687 -0.157303 -0.046483 0.049420 0.109938 0.173597 0.310937 0.213715 0.061708 -0.041475 -0.094367 -0.154216 0.332708 -0.135983 -0.152829 -0.023719 -0.337112 0.145471 0.255996 0.194252 0.097674 -0.082242 0.065286 0.106808 -0.150072 0.087603 0.188040 -0.150363 -0.095463 0.070174 -0.076719 -0.304110 0.225602 -0.036974 -0.013042 -0.124570 -0.222870 -0.053438 0.007802 -0.016596 -0.013749 0.013894 -0.163927 -0.047605 -0.190738 -0.207792 -0.317077 -0.050589 0.031299 -0.275035 -0.017621 -0.060991 -0.015283 -0.247201 0.093682 0.211162 -0.050000 -0.096812 0.163756 -0.143269 0.038237 -0.006945 -0.025525 0.015777 -0.018135 0.132127 -0.090512 -0.126122 0.242515 0.122937 0.048829 -0.128448 -0.011622 -0.290870 0.185041 -0.087087 0.324739 -0.047537 0.034085 -0.021679 -0.046494 0.071789 -0.214501 -0.166230 0.055833 -0.060552 0.048449 0.203602 0.110591 -0.093632 0.100907 -0.052245 0.262310 -0.053865 0.047764 0.071903 0.120935 -0.065053 -0.040441 -0.020396 -0.166424 -0.097364
0.151352 -0.102060 0.045263 0.012438 0.141910 -0.178952 0.090133 0.198514 0.033604 0.113425 -0.251908 -0.135944 0.377132 -0.184145 -0.167335 -0.093793 0.178725 -0.146008 -0.182207 0.061265 0.016850 0.150503 -0.028594 -0.028395 0.152864 -0.208956 0.060090 0.096302 -0.099454 -0.053937 0.025732 0.081774 0.140946 0.089751 0.036144 -0.217027 0.059326 -0.145460 -0.278277 0.025831 0.014999 -0.005998 0.172037 -0.087942 -0.207453 0.086281 -0.010503 -0.261542 -0.382537 -0.003142 -0.051668 -0.095276 0.053527 -0.256640 0.130630 -0.315880 -0.006949 -0.466656 0.105360 -0.121558 0.229531 -0.245940 -0.309160 -0.059167 0.077050 0.303997 -0.198489 -0.036474 -0.174076 0.085931 0.144187 -0.281711 0.062563 -0.000411 0.223185 -0.046340 0.004825 0.099976 0.258814 -0.129716 0.016151 -0.145002 0.086793 -0.335110 0.001867 0.019299 -0.060616 -0.154747 -0.040566 -0.107522 0.121142 -0.182833 0.085549 -0.353548 -0.020226 0.066907 0.038087 0.115523 -0.079050 -0.154841 -0.223867 -0.019042 0.391811 0.050234 -0.140910 0.053919 0.015117 -0.048456 0.003064 -0.290271 -0.093505 -0.068024 -0.038848 -0.237325 0.055087 0.036872 -0.012059 0.057328 -0.015545 -0.225960 -0.168478 -0.190284 -0.006279 -0.056702 -0.097991 -0.025728 0.148729 -0.060876
0.025243 -0.005701 0.130821 0.214217 -0.299697 -0.038423 -0.246224 -0.042629 -0.064324 -0.167789 0.016707 -0.073617 0.192878 -0.322694 -0.190361 0.077957 -0.132864 -0.067203 -0.143919 0.047561 -0.049421 0.028636 -0.496253 0.026290 0.144887 -0.149279 0.042703 0.055244 -0.039035 0.018223 -0.082244 0.011858 0.303429 0.047064 0.128336 0.072941 0.007852 -0.721996 0.005414 -0.820879 -0.115993 -0.019103 -0.064792 -0.083707 0.124702 -0.069845 0.078191 -0.091089 -0.033741 0.072698 -0.121489 0.036517 -0.129074 -0.247739 -0.069931 -0.207087 -0.084690 0.171655 0.170170 0.119327 -0.077808 -0.012809 0.020267 -0.015899 0.211907 0.193599 0.042419 -0.006980 0.311975 -0.299964 0.120092 0.257928 -0.109135 0.017623 0.164164 -0.360606 -0.052543 0.292397 -0.037349 -0.083387 0.070068 -0.157044 0.157286 0.320796 0.248084 -0.311396 -0.220516 0.050002 0.037750 0.233775 -0.176917 -0.132520 -0.089878 -0.106835 -0.335948 -0.157688 0.111666 -0.356960 -0.031137 0.076018 0.003046 -0.049054 0.013918 -0.073168 0.232955 -0.131979 0.114518 -0.204487 0.119364 -0.124297 0.122603 -0.105134 0.111118 0.205164 0.174532 -0.121082 -0.206255 -0.121289 0.001651 -0.059805 -0.099655 0.063634 0.069886 -0.064413 0.020098 -0.101332 0.198309 -0.030094
-0.068914 0.112226 -0.022487 -0.009918 0.030132 0.008497 -0.227972 -0.155320 0.143376 -0.249642 -0.149723 -0.001604 0.139631 -0.055289 0.037182 0.107497 -0.020963 0.121428 -0.308948 0.287574 -0.287674 0.023259 -0.220026 0.248798 -0.136084 0.050980 -0.038472 0.048406 0.040893 0.129782 -0.057770 0.143141 0.184058 0.205689 -0.141880 0.003944 -0.189900 -0.033164 0.257111 -0.136801 -0.106177 -0.085828 -0.383152 0.193301 0.158535 0.116536 0.136050 0.230623 -0.005983 0.022072 -0.169419 -0.003063 0.182494 0.145704 -0.046152 0.187309 -0.116786 -0.034631 0.011233 0.003138 -0.144839 -0.258282 -0.120391 -0.152943 -0.080218 0.109676 -0.002687 -0.127954 -0.183936 -0.208384 -0.062929 -0.077072 -0.435976 -0.236500 -0.102908 -0.234962 -0.023360 0.064115 0.040345 -0.044230 0.053688 0.176926 -0.033834 0.073509 0.093306 -0.092179 0.043719 0.131721 -0.073756 0.050032 0.041832 -0.003053 0.037277 -0.166560 0.204354 0.119376 0.102389 0.019293 -0.030551 -0.354232 0.210473 0.021974 0.219671 -0.013852 -0.098834 0.201643 -0.052911 0.000477 -0.143415 -0.160518 0.068834 0.022987 0.029338 0.273210 0.170805 -0.123837 0.268451 -0.060904 0.298297 -0.110178 -0.114591 0.147947 0.012331 0.055549 -0.036666 0.098074 0.056957 0.063068
0.138620 -0.152336 0.251505 -0.258985 0.145338 -0.040396 0.180535 -0.064167 -0.298468 0.128454 -0.302145 -0.049787 -0.082445 -0.135496 -0.073358 0.010187 0.246750 0.057636 0.145733 -0.254679 -0.106228 0.033162 0.090964 -0.026447 0.119982 0.026018 0.055494 0.102477 -0.000614 0.082339 -0.089168 0.009199 0.183308 -0.051840 -0.150919 0.049463 -0.033970 0.101485 -0.040133 -0.060525 -0.114635 -0.193500 0.197340 -0.245615 -0.592955 0.049708 0.024330 -0.011762 -0.305643 -0.087663 -0.053910 -0.290511 -0.180465 0.099522 0.165442 -0.070498 -0.109902 -0.441786 0.018853 -0.035785 0.232692 0.172441 -0.057988 -0.066872 -0.073498 -0.016804 -0.052281 -0.016790 -0.177878 -0.092992 0.116155 -0.216927 0.266183 0.039965 0.067894 0.046188 0.033956 0.006105 -0.014717 -0.131911 0.049462 -0.113501 0.124761 -0.247601 -0.013728 0.162202 0.209061 -0.325171 -0.025968 0.004351 0.091348 -0.201341 0.164826 -0.043198 0.008266 0.033892 0.071381 0.144405 -0.037490 -0.213132 -0.114836 -0.044501 0.071138 0.002348 0.027220 -0.019038 -0.018821 0.023373 0.069526 0.299518 -0.131960 -0.043587 0.160310 0.007117 -0.430079 -0.086793 0.067151 0.045616 -0.118845 0.092717 0.266865 -0.011998 -0.025427 -0.078661 -0.113301 0.123548 -0.025865 -0.386113
-0.082381 0.085607 -0.139678 -0.001694 -0.155531 0.046197 -0.482205 0.079216 0.051981 0.116165 0.026108 -0.191457 0.050352 -0.209093 -0.156447 0.029634 -0.112581 0.072583 0.055938 0.052484 -0.290606 0.069434 -0.133607 -0.099969 0.100847 -0.133627 -0.139207 0.011358 -0.059348 0.101684 0.291352 0.132199 -0.020128 -0.133722 0.108846 0.093862 -0.130407 0.089461 0.051377 -0.346365 -0.034171 0.253412 0.153140 0.063028 0.136722 0.069075 -0.181178 -0.113600 -0.048420 -0.003308 -0.034881 0.060209 0.108483 0.021698 0.182273 -0.030842 0.040871 -0.100542 -0.334545 0.053993 -0.198887 -0.269930 0.011111 -0.192238 -0.025596 0.163726 -0.045654 -0.044943 0.026202 -0.043581 -0.111454 -0.005232 -0.269316 0.093209 -0.235622 0.049320 0.142790 0.336268 -0.410513 -0.060697 0.161183 0.162003 0.016106 0.137086 0.035684 -0.051040 0.094194 0.140191 -0.038369 -0.026326 -0.077097 -0.009717 0.077238 -0.294945 -0.077118 -0.051923 0.088515 -0.065416 -0.074673 -0.468906 0.070633 0.014266 0.368562 0.020239 -0.032481 -0.080051 -0.072859 -0.031727 -0.170100 -0.217170 -0.183273 -0.038057 0.092484 -0.194853 -0.181087 0.096701 0.191170 0.139026 -0.023150 -0.035731 0.192467 -0.096982 0.091260 -0.033795 0.064602 0.013843 0.166364 -0.086994
0.026759 0.199337 0.073587 0.132273 -0.047864 -0.017210 -0.067267 0.032582 0.065389 -0.167513 -0.060537 0.075250 0.088183 -0.151974 0.044371 -0.072664 -0.206648 -0.144672 -0.220912 -0.061260 0.006904 0.091966 -0.217531 0.129127 0.132805 0.047325 0.037168 0.115216 -0.032189 0.094732 -0.109557 0.063889 0.126770 0.234465 -0.152250 0.148879 0.079863 -0.489116 -0.071207 -0.441533 -0.100973 0.008125 -0.032458 0.086541 -0.164742 -0.033332 0.042249 0.059788 -0.105781 -0.039147 -0.009747 0.082786 -0.087131 -0.146850 0.100621 -0.059607 -0.048066 0.176056 -0.014584 -0.017217 -0.279030 -0.007475 -0.008190 0.011500 0.182233 0.271547 -0.066355 0.081433 0.214922 -0.228287 0.237707 0.033878 -0.261113 -0.018014 0.235722 -0.270188 0.049509 0.468375 0.200066 -0.234323 0.176320 -0.208301 0.191326 0.275916 0.246654 -0.386715 -0.236537 0.147020 0.018133 0.222973 -0.221818 -0.233592 -0.062237 -0.118089 -0.151903 -0.183666 0.072586 -0.533679 -0.076862 0.205754 -0.002814 -0.060437 -0.034275 -0.031544 0.244829 0.078525 0.097491 -0.172002 -0.134763 -0.009088 -0.026092 -0.115666 -0.121772 0.218659 0.309412 -0.012797 -0.151820 -0.077312 0.044440 -0.118931 -0.026643 0.076643 0.025215 0.059596 -0.100772 0.066850 0.323716 -0.063134
-0.041563 -0.186847 -0.092334 0.244736 0.123042 -0.160874 0.001902 -0.156306 -0.216109 -0.100364 0.301734 -0.161411 0.388628 -0.225200 -0.168156 0.321951 0.327222 -0.042661 -0.311985 -0.067630 0.119956 0.049426 0.075302 0.027259 0.002797 -0.047198 0.162622 -0.088212 0.017066 0.251969 0.046419 -0.097072 0.307713 0.008986 0.199620 -0.022149 0.049514 -0.124855 -0.073387 -0.054270 -0.182821 -0.061911 0.093940 -0.155504 0.077761 0.204226 -0.023100 0.167742 -0.429101 0.080168 0.112765 -0.217403 -0.013002 0.108925 -0.075572 0.059735 0.090237 0.076445 0.203643 0.059146 -0.010948 -0.038265 0.087941 -0.062129 0.103530 0.134818 -0.061225 -0.126111 0.090959 -0.147886 0.052499 -0.112869 -0.396738 0.106068 0.175612 -0.000426 -0.053090 0.163760 -0.077400 0.250187 0.242003 -0.117724 0.086673 0.019390 0.264292 -0.197906 -0.142433 0.051510 0.031014 0.007970 0.150147 -0.248160 -0.137198 -0.105673 -0.134604 0.126266 0.124666 0.019514 -0.061238 -0.244675 -0.225332 0.261200 0.299887 -0.007521 0.212171 0.067972 0.024782 0.004775 0.004782 0.004757 0.116014 -0.104249 0.174540 0.142356 -0.082074 -0.033321 -0.107925 -0.235813 0.042278 -0.017856 -0.071361 0.196804 0.089075 -0.005990 -0.066086 0.130656 -0.011493 -0.016486
0.098895 -0.041530 0.164950 0.055403 0.033509 0.012954 -0.041321 0.362751 0.183193 0.048148 -0.101274 0.207898 0.063956 0.085458 0.120994 -0.283431 0.136546 0.170288 -0.051645 -0.110365 0.093331 0.086151 -0.035593 -0.025853 -0.250497 0.208030 -0.105323 0.087468 -0.019475 -0.027304 -0.104752 -0.017961 0.126363 -0.206017 0.018834 0.063276 0.090222 -0.007097 0.038034 -0.042040 -0.225454 0.003464 -0.021355 0.328161 0.018870 -0.096551 -0.176618 0.035282 -0.209675 -0.050074 0.045665 -0.234681 -0.130095 0.036938 0.005116 0.023075 -0.050328 -0.012917 0.076855 0.054627 0.079866 0.111034 0.080226 -0.133158 -0.102496 -0.230436 0.110691 -0.073100 0.045012 0.174520 0.221667 -0.055636 -0.190902 -0.125774 -0.098697 0.183803 -0.040465 -0.106844 0.087387 0.057523 0.096727 -0.315758 0.037853 0.012561 -0.000205 0.039305 0.255561 0.061955 -0.036950 -0.165802 0.070031 0.124530 0.018474 0.030612 -0.224676 0.123073 0.023511 0.111305 -0.024766 0.061266 0.239860 -0.093970 0.097463 -0.141273 -0.117183 0.004699 0.156949 -0.213308 -0.051539 -0.035737 -0.052777 -0.102768 0.038931 0.328249 0.175989 -0.289695 0.168013 -0.006068 -0.107862 -0.037675 0.014045 -0.019184 0.140592 -0.037067 -0.136409 -0.140457 -0.119849 0.115728
0.064697 -0.025917 -0.000499 0.135661 0.341929 -0.320400 0.016373 -0.249337 0.027352 -0.019855 0.045946 -0.113933 0.131681 -0.128866 0.169242 -0.212185 -0.080827 0.071656 -0.086936 0.139166 0.072282 0.046046 0.013510 -0.028152 0.050630 -0.017440 -0.023976 -0.079528 -0.050904 -0.067388 -0.131481 -0.176220 -0.075277 -0.035326 0.087976 0.028883 0.007085 0.167847 -0.024071 0.069092 -0.005139 -0.220136 -0.258251 -0.110025 -0.004558 -0.200503 -0.314765 -0.033840 0.148881 0.201318 0.223267 -0.043516 0.040158 0.026073 0.101587 0.251190 -0.101210 0.213453 -0.084738 0.162859 -0.042902 0.087555 -0.109011 0.204379 0.406639 -0.392160 -0.191645 -0.027546 -0.031429 0.061745 -0.083256 0.296060 0.071245 -0.156411 -0.042421 0.161527 0.033234 0.084174 -0.012904 0.098836 0.013556 -0.040315 0.034342 -0.065486 -0.237493 0.037479 0.193605 0.050006 0.041595 0.183999 0.087442 -0.219572 0.024748 0.077637 -0.031904 0.144323 -0.231502 0.081302 0.025547 0.005698 0.089580 -0.079924 0.130278 0.010987 0.069715 0.065823 0.100075 0.237460 0.023001 0.029714 -0.197053 -0.023148 -0.001745 -0.167970 0.042381 0.415892 -0.375147 0.314018 -0.063670 0.066615 0.194814 -0.067892 -0.106693 0.029986 -0.006665 0.046634 0.140918 -0.050602
-0.078105 0.086068 -0.032235 0.134026 0.145737 0.093738 0.185165 -0.094568 0.316591 0.091992 -0.073249 0.125944 0.150932 -0.112238 0.038468 -0.057675 0.090780 0.271895 0.012421 0.121718 -0.105018 -0.006806 0.418320 -0.155603 -0.069547 0.172378 0.106836 0.068186 -0.030278 -0.172198 -0.271681 -0.019541 0.058476 -0.142756 0.079713 0.032385 -0.190105 0.149200 -0.284314 0.417963 -0.073808 0.182743 -0.345882 -0.155037 -0.417867 0.204004 0.047683 -0.172330 0.072162 -0.011641 -0.190138 -0.353937 0.202445 -0.088802 -0.019577 0.336194 0.091206 -0.123180 -0.263929 0.193556 -0.069215 0.457190 0.192808 -0.134284 -0.145441 -0.258301 -0.221017 0.011765 0.104568 0.037005 -0.046870 -0.251717 0.089651 -0.140640 -0.070706 0.118101 -0.069820 0.028418 0.206803 -0.042244 -0.228820 -0.019548 -0.344513 -0.103030 -0.257654 0.357683 0.248665 0.158660 0.025781 -0.417419 -0.077264 -0.139728 0.010690 0.130784 -0.014855 0.166666 -0.328251 -0.047855 -0.017418 -0.043186 -0.034363 -0.150668 -0.008223 0.078403 0.107799 0.109240 0.072240 0.250261 0.139485 0.205221 0.067958 -0.016264 0.001911 -0.197505 -0.211976 -0.148974 0.155115 0.027967 -0.170816 0.077235 -0.061032 0.125902 -0.027111 -0.079478 0.102772 0.006265 0.187187 -0.179815
-0.188816 -0.086422 -0.110988 0.131904 -0.012129 -0.345667 0.107153 -0.007120 -0.123532 0.284915 0.013465 -0.066714 0.125086 -0.100393 -0.167079 -0.474151 -0.166551 -0.158901 -0.169928 -0.270656 -0.025382 -0.132251 0.038605 -0.010283 -0.112916 0.107152 -0.239866 0.138701 -0.031034 0.057133 -0.044441 0.010423 -0.279122 -0.409619 -0.163233 0.072340 -0.489795 -0.259584 0.051042 -0.055677 -0.000015 0.188050 -0.361895 -0.030033 0.154633 -0.513010 -0.083129 0.050981 -0.585697 -0.149819 -0.038603 -0.132375 -0.095847 0.181297 0.069677 0.106460 0.015375 -0.079796 0.152300 0.055974 -0.036548 -0.219688 -0.151125 0.198902 -0.031991 -0.202669 -0.144591 -0.102693 -0.315253 -0.264424 -0.073782 -0.224540 -0.253785 -0.402646 0.000126 -0.098872 -0.000905 -0.033329 -0.012958 0.083402 -0.090500 -0.091693 -0.207439 0.165556 -0.296639 0.038050 -0.574308 0.249914 0.045873 -0.095259 -0.067171 0.105097 -0.009729 0.017873 0.125903 -0.020084 -0.133309 0.139168 -0.020662 -0.035656 -0.472831 -0.211987 -0.264107 -0.037907 0.040719 -0.074665 0.062511 0.131593 -0.102926 -0.234728 -0.248368 -0.120359 -0.025675 0.014204 0.039208 0.323431 -0.114325 -0.013012 0.017236 -0.067483 0.164757 0.096554 -0.207309 0.013586 -0.013892 0.027103 0.163940 -0.120400
-0.047699 -0.150706 0.001377 0.237985 -0.000488 -0.166167 -0.026429 0.093101 0.261613 -0.097174 -0.176356 0.016510 -0.112948 0.228949 0.033627 -0.243281 0.029667 -0.111442 0.069427 -0.088904 -0.032255 -0.035718 -0.219740 0.060529 0.053322 0.133115 -0.042435 0.083649 -0.097532 -0.158035 -0.258488 -0.035168 0.016825 -0.163544 -0.113144 0.032965 0.151556 0.099823 -0.188692 0.218334 -0.188826 0.112559 -0.058027 -0.053654 -0.202391 -0.339429 0.086289 0.121824 0.053770 -0.034431 0.092071 0.057560 0.014960 -0.229976 0.039938 0.022942 0.020930 0.105889 -0.202250 0.030894 0.061454 -0.038137 0.103637 -0.183745 -0.360856 0.134165 -0.076530 0.058914 -0.042116 -0.029149 -0.054349 0.017108 0.054642 0.009966 -0.036160 -0.072476 0.008108 0.023759 -0.055091 0.013007 -0.063309 -0.013788 0.142139 -0.101293 -0.015973 -0.178695 0.037616 0.063793 -0.024716 -0.268056 -0.251079 0.177521 0.081660 -0.012297 0.022850 0.178301 -0.221879 0.106846 -0.063296 -0.103126 0.009699 -0.123846 0.160488 -0.059913 0.034676 -0.041526 -0.233249 -0.093435 -0.016911 -0.339747 0.245151 -0.029383 -0.184479 0.038329 0.023217 -0.131332 0.042720 -0.102015 -0.026642 -0.103915 -0.335432 -0.169851 0.185395 -0.003029 -0.102177 -0.158577 -0.073431 0.110343
-0.145240 0.137714 -0.066301 0.095939 0.002191 -0.265704 -0.106973 0.175406 -0.105338 0.116842 0.056743 0.063249 -0.201754 0.005024 -0.110345 0.002633 -0.168188 -0.381375 0.095467 -0.097883 -0.095312 0.217116 -0.085817 0.318057 -0.040721 -0.036179 -0.137016 -0.150931 0.007138 -0.001190 -0.106632 -0.604393 0.284340 -0.055726 0.005176 -0.234074 0.125712 -0.029750 -0.050361 0.005893 -0.065778 0.160014 -0.085139 0.095517 0.149587 -0.069138 0.086264 0.201327 -0.353194 0.133593 -0.089612 -0.279810 0.274852 0.110237 0.026225 0.120798 -0.222716 0.119283 -0.025563 0.243530 0.080302 -0.016786 -0.092282 0.077841 0.034851 -0.191663 -0.065804 -0.071805 -0.211559 0.027470 -0.099579 -0.023907 0.088245 0.060232 0.003279 0.091672 0.136586 -0.114316 -0.131876 0.048969 -0.010201 0.232764 -0.276176 -0.079808 -0.397712 0.216391 0.144509 0.160018 0.002261 0.096438 -0.024894 -0.188351 0.007935 -0.143442 -0.170557 -0.489409 0.146617 0.026760 -0.025570 0.010134 -0.007828 -0.027776 -0.041073 0.032409 -0.051094 -0.007001 -0.095054 -0.027285 0.326113 -0.066607 -0.310701 -0.063964 0.010478 -0.031728 -0.099636 -0.132180 -0.121612 -0.080445 0.136806 0.308340 -0.075395 0.286703 0.025444 -0.039591 0.066727 0.039703 0.254304 0.016392
-0.292484 0.012558 -0.064293 0.105925 -0.008116 -0.195260 -0.223763 -0.004253 0.072340 -0.007714 0.188635 -0.173538 0.057094 -0.116691 -0.222672 -0.106068 -0.421854 -0.088171 -0.214231 0.192693 0.045700 -0.044505 -0.101157 0.192241 -0.241637 0.142680 -0.271250 -0.060219 -0.063248 -0.020545 -0.021055 0.013242 0.069361 -0.251197 0.051455 -0.242352 -0.008134 -0.074205 0.047888 -0.103199 -0.010172 -0.265126 -0.052909 -0.089548 0.098714 -0.075555 -0.143972 -0.002731 0.071500 -0.383798 0.113392 0.092150 0.134177 0.115030 -0.142637 0.105271 0.067790 -0.171647 0.014893 0.004187 -0.071196 -0.067261 -0.187375 0.162543 0.060285 -0.022263 0.204138 0.004420 -0.079486 -0.089431 0.005161 0.023884 0.033271 0.091842 0.109501 -0.093180 -0.381599 0.078588 -0.072884 0.117681 0.160338 -0.099545 -0.298062 0.086859 0.041844 0.127988 -0.034887 -0.070622 -0.006750 -0.005809 0.189287 0.091155 0.045230 -0.105759 -0.325297 0.045357 0.404909 -0.153193 0.042221 -0.011545 -0.073463 -0.137173 -0.195645 -0.077997 -0.204808 0.076016 -0.079650 0.004033 0.016585 0.131089 -0.130608 -0.068707 0.041403 0.041088 0.124548 -0.009299 -0.059852 0.093904 0.152521 0.154505 0.069011 0.137976 0.180364 -0.003674 -0.174668 0.105442 0.101278 0.007142
0.036810 0.053612 -0.222356 -0.009823 -0.001061 0.159013 0.140533 -0.071674 0.088534 0.180468 -0.043124 0.263624 0.066276 0.190393 0.116474 -0.116065 -0.022993 -0.109352 -0.000303 -0.124596 -0.006885 0.118122 0.062797 -0.145184 0.202325 0.078139 0.154158 0.082817 -0.017154 0.241992 0.079199 -0.298543 -0.385624 0.049604 -0.069571 0.068635 -0.010390 -0.182477 -0.280962 0.019108 -0.114250 -0.014096 0.189522 0.190979 0.016961 -0.089365 -0.031170 -0.043051 0.086714 -0.124759 0.159630 -0.154289 -0.130210 0.006768 0.261889 -0.035299 0.133961 0.182881 0.170669 -0.104312 -0.052625 0.114378 0.233464 -0.031067 -0.108251 0.173148 0.174168 0.033967 0.032996 0.068436 0.250457 -0.158692 0.057410 0.194142 0.025624 -0.029896 0.051623 0.101592 0.084360 -0.272483 0.137599 0.071679 0.178468 -0.083942 0.112696 0.014623 -0.062474 -0.016765 -0.051325 -0.033357 0.069724 -0.072855 0.004377 -0.068884 -0.321227 -0.066699 0.038757 0.105450 -0.149716 0.029431 0.010576 0.065085 0.042802 -0.064464 -0.013206 -0.127579 -0.052307 0.172956 0.112175 0.184973 -0.000894 0.019966 0.152099 0.014040 0.134299 0.211614 -0.157918 -0.009220 -0.051070 0.045021 -0.020408 0.051801 -0.003171 0.030512 -0.047298 -0.320074 0.064976 0.128275
0.108373 -0.118501 0.013438 -0.185724 0.183407 -0.142445 -0.295958 -0.078472 -0.282238 0.095726 -0.147852 -0.333392 -0.103014 -0.183346 -0.194976 0.189811 -0.032486 -0.075618 -0.088087 0.094871 -0.061398 -0.034419 0.230066 -0.012942 0.201505 0.010901 0.119061 -0.165505 -0.038133 -0.082552 0.115969 -0.058472 -0.147202 0.107017 -0.214270 -0.010748 -0.077285 0.125133 -0.115470 0.047709 0.077237 -0.051366 0.091430 -0.237599 0.077066 0.037924 0.121122 -0.139888 -0.023196 0.076391 0.067382 0.000639 0.228164 -0.126741 -0.063994 0.063124 0.216974 0.111998 -0.005394 0.017774 -0.049934 -0.191553 -0.196886 -0.369656 0.065619 -0.082330 -0.354815 0.029097 0.080117 -0.288214 0.008032 0.033824 0.156320 0.012194 0.028153 0.262326 0.064041 0.077891 -0.346283 -0.174565 0.129826 0.049797 0.009082 -0.486693 -0.090679 0.099167 -0.061959 -0.209051 0.006147 -0.104624 -0.071231 -0.121919 0.152162 -0.352499 0.179992 0.165028 -0.071734 -0.037452 -0.040785 -0.045598 -0.004412 0.317546 0.298221 0.064638 -0.011839 -0.117626 -0.031143 -0.126331 -0.042860 0.043350 -0.163049 -0.027614 -0.007234 -0.354182 -0.095794 0.204617 0.043953 0.007324 -0.126939 0.113817 0.132402 -0.036436 0.057672 -0.004259 0.009368 0.217780 0.038776 0.164834
-0.006993 -0.151984 -0.122715 -0.070962 -0.006808 0.060349 0.047317 -0.051429 0.080632 -0.087959 -0.191684 0.021064 0.005294 -0.009772 -0.137212 -0.220764 0.233075 0.051999 -0.080895 -0.130253 -0.008608 0.030564 -0.013145 0.179053 -0.047091 0.074240 -0.413250 -0.242130 0.015262 -0.053319 -0.140679 -0.225940 0.079816 -0.102061 0.051578 -0.171520 -0.067414 0.009426 -0.169328 0.022999 -0.046864 0.026221 -0.052089 0.044153 -0.159866 -0.029864 -0.183674 0.126471 0.016151 0.047953 -0.092126 -0.212002 -0.239554 -0.106808 0.098206 -0.132801 0.007106 -0.091873 0.130695 -0.004457 0.076172 0.178025 0.096507 -0.161275 -0.062302 0.086300 -0.076264 -0.014557 -0.119050 -0.150826 0.025300 0.041136 0.064757 0.050452 -0.364219 -0.057009 -0.298898 0.025599 0.051929 -0.166054 -0.118218 0.000044 -0.233172 -0.070061 0.007944 0.010688 0.041221 -0.007722 -0.005480 -0.102777 -0.009330 -0.142801 -0.015766 -0.035337 0.031611 -0.037952 -0.223436 -0.288625 0.029102 -0.004006 -0.144100 -0.015020 -0.056944 -0.003131 0.178309 -0.172705 0.062283 0.364305 -0.112633 0.062607 -0.137293 0.031872 -0.198726 -0.159471 -0.076309 -0.521362 -0.130962 0.093523 0.212048 0.013732 -0.068931 0.050012 0.066942 -0.001152 -0.038322 0.013353 0.105153 0.118715
0.014906 -0.095054 0.083688 0.071190 0.040564 -0.007987 0.102822 0.057905 -0.124073 -0.058717 0.015539 -0.087456 -0.001738 0.062515 0.167046 -0.023559 0.131609 0.074731 -0.159149 0.155258 0.155593 -0.094533 -0.257287 -0.315488 -0.005460 -0.508440 -0.073389 0.162996 0.066638 0.027551 0.011204 -0.043220 -0.106447 0.177708 -0.059393 -0.101769 0.104319 -0.012650 -0.036554 -0.055538 -0.105513 -0.012806 0.053774 0.080299 0.081789 0.015209 0.066895 -0.000421 -0.118780 -0.173861 -0.160537 -0.036038 -0.017006 -0.099871 -0.134415 -0.025316 0.150314 -0.309843 -0.127928 0.126563 -0.174905 0.033913 -0.094431 0.106106 -0.064292 -0.018820 -0.126971 0.026904 0.026150 0.205064 -0.195848 -0.055938 -0.039475 -0.102815 -0.122415 0.167797 0.028972 0.058521 0.000017 0.225071 -0.399315 0.005180 0.088827 0.099408 -0.053575 -0.329402 -0.000616 -0.053474 -0.076208 -0.076957 0.057549 0.167084 -0.092900 0.104620 0.161534 -0.005472 0.106227 0.061467 0.008179 0.208076 0.020402 0.084426 0.005176 0.031322 0.018640 -0.228699 0.077857 -0.374459 0.133361 -0.309759 0.045094 0.006270 -0.004588 -0.120025 -0.120362 0.000568 -0.060379 0.245106 -0.038282 -0.187565 -0.130464 -0.045088 0.120889 -0.076822 -0.083389 0.146578 0.058670 -0.057250
-0.216014 0.247272 -0.070411 -0.127650 -0.138175 0.112166 0.306728 -0.102592 0.026257 -0.096893 -0.033195 -0.013233 -0.225079 0.219564 0.165867 0.119657 0.019460 -0.099769 0.150358 -0.165098 0.055797 -0.377907 -0.094427 0.178756 0.220313 0.135202 -0.352391 -0.235700 -0.052829 -0.153550 -0.062617 -0.093416 0.071141 -0.413540 0.086384 0.061013 -0.161932 0.194901 -0.134841 0.058169 -0.069617 0.074864 0.235160 0.055754 -0.137720 -0.175956 0.292112 0.060812 0.192984 -0.237961 -0.115051 0.194836 -0.001748 -0.252488 0.306267 0.110528 -0.073592 -0.023609 0.225741 0.007282 0.061247 0.019996 0.187038 0.061451 -0.107367 -0.185636 0.055917 -0.071440 0.105565 0.045701 -0.042087 0.001731 0.157112 -0.184292 -0.180779 -0.140149 0.122010 -0.356767 0.100280 -0.016074 0.091595 -0.096377 -0.093210 0.091739 -0.145846 0.211128 0.050570 0.015188 -0.096585 0.275742 0.092096 -0.077274 0.032096 0.144672 0.092334 0.077996 -0.553858 0.103276 -0.057355 -0.038228 0.284590 -0.072773 -0.294001 -0.042344 -0.067750 0.090423 -0.047319 0.166739 -0.090507 -0.290464 0.190035 -0.058545 -0.008921 0.040977 0.110964 0.149593 -0.137222 -0.084629 0.147039 -0.177439 0.060022 0.017305 0.211938 -0.036311 -0.022347 0.199541 -0.068762 0.317408
-0.074180 0.277785 -0.132525 0.243605 -0.335082 -0.008416 -0.257182 0.134402 0.324808 -0.086711 0.097556 -0.444707 0.080181 -0.111310 0.192941 0.090910 0.154281 0.162185 -0.316938 -0.063785 0.188184 0.070914 0.000490 0.071157 -0.158908 0.076895 -0.303420 0.085516 -0.091662 0.052747 -0.054491 0.244721 0.088948 -0.446781 -0.154143 -0.240331 -0.070947 0.114592 -0.087120 0.126411 -0.250608 -0.167027 -0.041164 0.235679 0.445903 0.416497 -0.146984 -0.262852 -0.052472 0.189369 0.020056 0.348850 -0.004579 -0.066474 -0.189245 -0.117336 0.101875 0.046259 -0.032081 -0.025372 -0.215055 0.041548 -0.170361 0.203659 0.266129 -0.059644 0.106644 -0.100641 0.280239 -0.165748 -0.141892 0.131814 -0.251791 -0.053016 -0.025548 -0.000418 -0.271010 -0.005691 -0.007901 0.146211 0.202434 -0.026004 -0.280856 -0.015674 0.167478 -0.373583 -0.403657 -0.283258 -0.095379 0.188794 -0.038081 0.183165 -0.037733 -0.033407 0.128892 -0.218480 -0.237622 0.035273 -0.084399 0.151531 -0.038702 -0.343011 -0.281089 -0.086665 0.204458 -0.090448 -0.121088 -0.303230 -0.313430 0.128817 -0.332899 -0.059122 -0.043534 0.058870 0.148936 0.115451 -0.155610 0.052978 0.419299 -0.519889 -0.124439 -0.020949 -0.046470 0.037242 -0.035138 0.196301 0.132724 0.043177
0.039689 0.130303 -0.114212 -0.200235 -0.174228 -0.021457 0.144366 -0.010371 0.008608 -0.186165 0.055173 0.236395 0.305095 0.019106 0.252203 -0.049020 0.025950 -0.201454 0.067264 0.055383 -0.078181 0.054443 -0.020386 0.015438 -0.036553 -0.248651 0.260379 -0.242551 -0.076859 0.189817 0.013665 -0.110934 -0.048223 0.052019 -0.152016 0.073189 0.120273 -0.124933 -0.019281 -0.134379 0.001333 -0.206825 0.013767 0.012106 -0.011912 0.178504 0.029253 0.219623 0.221590 -0.109978 -0.120993 0.001707 -0.043987 -0.008416 0.069232 -0.296095 -0.122052 0.115075 0.242938 0.250295 0.117493 0.008184 -0.173983 0.191065 0.021384 0.175558 -0.003388 0.017512 0.247963 -0.069152 0.082665 -0.084401 -0.114854 -0.066029 0.081963 -0.153950 0.066814 -0.498026 0.153359 0.043362 -0.547979 -0.131264 0.015154 0.106347 0.034382 -0.043395 -0.161615 -0.027128 -0.103565 0.161767 0.138001 0.045253 -0.110387 0.546621 0.037707 0.125531 0.041682 0.044831 -0.001746 -0.076219 -0.110008 0.079195 -0.266680 -0.036704 -0.142752 -0.112648 -0.179394 0.136939 0.144212 0.109110 0.068557 -0.105967 -0.019402 -0.051572 0.169511 -0.118678 -0.122285 -0.386308 0.019951 0.058449 -0.598986 0.306467 -0.008065 -0.060504 -0.196140 -0.023068 -0.247131 0.153075
0.007994 0.041216 0.189973 0.001724 0.211155 0.061915 -0.483736 0.024065 -0.005737 0.118710 0.143860 0.063139 -0.233665 -0.068624 0.117653 0.159325 0.147442 0.052295 0.080322 0.225671 0.062715 -0.100799 0.051492 0.031850 0.055870 -0.038102 -0.218497 0.209865 -0.102283 0.037634 -0.121539 0.026460 -0.305445 0.083093 -0.084205 0.371422 -0.158184 0.169320 -0.185060 0.032110 -0.101916 0.122353 -0.041305 0.209499 -0.101199 0.051202 -0.318748 -0.085820 -0.004768 0.027429 -0.156526 -0.213886 0.017824 -0.104460 -0.148726 -0.152402 0.081935 -0.111272 0.086059 -0.080349 0.079550 0.120282 -0.033018 0.192240 -0.115430 -0.337490 -0.048494 -0.022552 0.058297 0.042812 -0.002386 -0.232834 0.202349 -0.066443 -0.022511 0.116097 -0.139170 -0.224622 -0.082210 -0.308116 0.010635 0.031339 0.177828 0.134983 -0.391729 0.269683 -0.033435 -0.351080 -0.053769 0.203266 -0.240341 -0.168727 0.147635 -0.034004 0.000611 -0.308702 0.134163 -0.006582 -0.012026 -0.130278 -0.106750 0.186018 -0.038844 -0.112578 0.064281 -0.241791 -0.091505 -0.024503 -0.008498 -0.045933 0.048901 -0.055101 -0.014661 0.260834 0.157125 0.037343 -0.034887 0.061852 -0.008760 0.116694 0.184437 -0.059975 0.128868 -0.045993 0.008994 -0.124869 0.226310 -0.254360
0.118598 -0.441378 -0.102617 -0.033433 -0.381084 -0.141305 -0.048060 -0.086029 0.134080 -0.054528 0.311893 0.074021 0.101082 0.006144 -0.134525 -0.260980 0.027370 0.062673 -0.057320 -0.137173 -0.153495 -0.085554 -0.051268 -0.000121 -0.047887 -0.139597 -0.252590 0.365044 -0.058321 0.357913 0.250936 0.192709 0.190228 -0.191912 -0.098709 -0.014082 0.189632 -0.028855 0.396183 0.169728 0.010572 0.039556 0.067081 -0.183898 -0.047276 -0.075993 -0.316436 -0.323614 -0.129651 -0.061412 -0.059796 -0.197333 0.162885 -0.024361 0.001218 0.067582 0.097659 0.159226 -0.097929 0.093994 -0.105495 0.035455 -0.376705 -0.046534 -0.060716 0.061316 0.167857 -0.019938 0.028189 -0.007792 -0.203400 0.241950 0.440286 0.230323 0.064418 -0.007300 0.002642 0.079653 -0.024915 -0.127892 -0.142357 -0.077577 0.023490 -0.125830 -0.017760 0.083703 0.050053 0.042873 -0.086057 -0.152733 -0.202886 0.162527 -0.266319 -0.177404 -0.082470 -0.159021 0.174732 -0.044235 -0.031259 0.039401 -0.102328 -0.136726 -0.064069 0.005317 -0.104168 -0.242577 0.071081 -0.073301 0.131268 0.031689 0.064856 -0.000733 0.030971 -0.005375 -0.068265 0.053991 -0.086031 -0.294205 0.064257 0.054102 -0.201277 -0.108549 -0.164329 -0.015528 -0.096509 0.017204 0.064570 0.077764
-0.262130 0.008752 0.105810 -0.014492 -0.236412 0.179266 -0.103736 -0.116127 -0.293587 -0.311903 0.204612 -0.082553 -0.197352 0.023730 0.046045 0.123920 -0.116118 0.057392 -0.072215 -0.028037 0.109739 -0.231704 0.099130 -0.308661 0.127025 0.264302 0.075898 0.076228 -0.045857 0.148561 0.075104 -0.121109 -0.083761 -0.051902 -0.030157 0.057407 -0.041225 0.039632 0.068682 -0.020006 0.122371 -0.207123 0.130276 0.056751 -0.012854 0.119452 0.230404 -0.083262 0.244384 0.147247 -0.011869 0.222376 -0.249428 -0.159774 -0.294452 -0.109064 0.103369 0.266962 0.193963 0.130523 -0.048045 -0.087535 -0.146862 -0.046474 -0.523879 0.135166 0.125509 -0.017072 0.098942 0.143532 0.163840 -0.045412 -0.168323 0.094728 0.077689 0.043074 -0.113109 -0.158646 0.031003 0.131640 -0.065316 -0.019708 0.002821 0.096586 0.216796 -0.127840 -0.029008 0.098768 -0.133461 0.113082 -0.187369 -0.018969 -0.006131 0.103485 -0.111505 -0.264742 0.166664 0.016676 -0.001479 -0.175885 0.218966 -0.117590 -0.401937 0.055963 -0.007513 -0.131350 -0.013980 0.093500 0.018404 0.113754 0.109768 -0.019217 0.147330 0.073708 -0.151081 0.388077 0.046092 0.065804 -0.202041 -0.061199 -0.211535 -0.076503 0.261618 0.040988 -0.137004 -0.261984 0.054863 0.005339
0.119924 -0.173000 -0.148559 0.035321 0.064102 0.041255 -0.129161 0.194683 -0.096734 0.132255 -0.117619 0.337981 -0.083913 -0.110452 0.069758 -0.160154 -0.318021 -0.038921 -0.114505 -0.020231 0.008811 0.199209 -0.084056 0.010996 -0.023960 -0.192115 -0.190295 0.036923 -0.003260 -0.324215 0.028286 -0.008382 -0.043347 0.315586 0.128567 -0.104426 -0.114675 -0.044090 -0.194803 -0.171913 0.085959 -0.052896 -0.016977 -0.072004 0.095575 -0.463732 0.213625 -0.150501 0.017833 0.158725 -0.168682 -0.324580 0.264176 0.023531 -0.042172 0.030889 -0.032437 0.118520 -0.138236 0.008935 -0.209683 0.022358 -0.147205 -0.269556 0.009584 0.073966 -0.591989 -0.054809 -0.170023 0.159502 -0.028176 -0.036682 0.020950 0.309480 0.032336 0.302468 0.033289 -0.065175 0.061512 0.211523 -0.087690 0.102375 -0.118881 0.062951 -0.036883 0.179916 0.032394 -0.242408 -0.029659 0.020653 0.072714 0.051925 -0.013533 -0.021249 -0.220916 0.270081 0.032415 -0.139847 -0.087469 0.110858 -0.110813 0.067854 0.005852 0.020324 0.196364 -0.171280 -0.153167 -0.117476 0.222606 0.074635 -0.059754 -0.013095 0.070753 -0.079183 -0.327979 -0.348898 -0.115790 0.020661 -0.068745 -0.022319 -0.248214 -0.001233 0.001423 -0.058050 -0.089685 -0.041651 0.059307 0.024817
-0.002143 -0.029734 0.107518 -0.075734 -0.242565 -0.035701 0.218110 -0.180262 -0.089568 -0.038135 -0.020521 0.071339 0.236756 0.086088 -0.093240 -0.442484 -0.012883 0.207252 -0.058549 -0.033673 0.151441 -0.219111 0.039107 -0.135712 -0.099450 -0.104654 0.116434 0.120658 -0.051986 0.149893 0.118865 -0.172618 0.364336 -0.295135 0.028027 0.032618 0.056939 0.042311 0.042498 0.301579 -0.106191 -0.086598 0.013255 -0.109438 -0.205027 -0.165632 -0.161271 0.014212 -0.171046 -0.188890 -0.164034 -0.181140 -0.053940 -0.156008 0.017142 -0.287447 0.084743 0.089293 0.079346 0.015674 0.043684 0.123212 -0.328528 0.215220 -0.221245 -0.043598 -0.113869 0.067594 0.121482 0.172503 -0.201392 0.133384 0.352264 0.068554 -0.085139 -0.082112 -0.006803 0.028341 -0.035724 -0.156096 -0.342010 -0.080175 -0.079783 0.117351 0.053179 -0.100181 0.157428 0.118931 0.046538 0.179700 -0.241041 0.123558 -0.032711 0.206990 -0.098556 -0.072523 -0.068316 -0.085486 -0.051499 0.089144 0.036879 -0.125776 -0.343437 -0.097805 0.072961 -0.172751 -0.220740 -0.003321 -0.115836 -0.052043 0.133328 -0.184438 -0.092826 0.164524 -0.098413 0.072856 -0.056502 -0.120540 0.088205 -0.055147 -0.284258 0.181230 -0.113453 -0.051254 0.038121 -0.179053 0.048485 -0.094096
0.096500 -0.180279 -0.130422 -0.113545 0.108755 -0.309476 -0.093147 0.016393 0.143655 -0.232984 0.161473 -0.067683 -0.059545 0.145983 0.134928 -0.323370 -0.272802 0.006280 0.031491 0.142777 -0.180330 0.100077 0.216518 0.060887 0.264225 0.034931 -0.204353 0.017362 -0.099284 -0.039804 -0.002244 0.223944 0.132084 -0.092484 -0.001743 0.369204 -0.002036 -0.075128 0.250127 0.022689 -0.124342 0.012250 0.090736 0.075280 0.148891 -0.060868 -0.672449 -0.043462 -0.333964 -0.046185 0.134801 0.024054 0.049906 0.165376 0.059980 -0.123269 -0.037404 0.035126 0.065031 0.418106 0.067061 -0.223928 -0.166093 -0.039876 -0.030278 0.059675 0.001680 0.025976 0.099780 0.146607 0.233941 0.025485 0.007721 0.243989 0.087748 -0.261992 -0.065325 0.039934 -0.296585 0.015209 -0.240874 0.150296 0.132197 -0.354236 0.138642 0.056796 -0.109674 -0.031850 -0.047200 0.160311 -0.108420 0.093864 0.090008 -0.082151 -0.113484 0.142571 -0.016127 -0.013476 0.024799 -0.023307 -0.124168 -0.083217 -0.112288 -0.138507 -0.177865 -0.179579 0.025726 0.031386 0.190107 0.065120 0.241606 -0.206209 -0.261438 0.016021 0.010806 0.329404 -0.305693 -0.230891 0.224960 0.012058 -0.116221 -0.244383 0.002875 -0.101948 0.014432 -0.101612 0.204395 0.000841
0.059491 -0.047658 -0.066577 0.195956 0.096133 0.072914 0.097483 -0.006847 -0.003363 -0.189710 0.190927 0.150728 0.145224 -0.010767 0.322466 -0.279960 0.072256 0.050176 -0.317413 0.120740 0.079943 0.104904 -0.130279 -0.041477 0.044297 -0.409453 -0.049322 0.060116 0.061133 0.430402 -0.335535 0.072905 -0.118578 0.022346 0.064679 0.038611 0.315311 -0.241169 0.118710 -0.034748 -0.211398 0.077551 -0.123265 0.235637 -0.157826 0.104121 0.121779 0.071761 0.018605 -0.194694 -0.164921 -0.115843 0.116178 -0.122648 -0.100000 0.041005 -0.081388 -0.058448 0.065698 -0.226985 0.056634 0.359955 -0.126968 0.369480 -0.511924 0.092202 0.128784 0.007520 -0.021955 0.094697 -0.161222 -0.135121 0.174107 -0.290179 0.054975 -0.067546 0.133912 -0.536752 0.193511 -0.087302 -0.646944 -0.018379 -0.249686 0.072646 -0.046959 0.018588 0.205396 -0.076116 -0.065452 -0.006940 -0.030522 -0.048297 0.134314 0.301203 0.013473 -0.073916 -0.082005 0.178399 -0.036702 -0.160057 0.070153 0.131556 -0.063552 0.005618 -0.181450 0.000270 0.139926 -0.130046 0.204663 -0.069408 0.322005 -0.059694 -0.001279 0.306100 -0.073920 -0.034248 -0.236297 0.133164 0.143475 -0.200534 -0.258519 -0.074777 0.140891 -0.068069 -0.135113 -0.275466 -0.050684 0.082828
0.123952 0.213853 0.069501 -0.051966 0.219474 0.065634 -0.358948 -0.149828 -0.172486 -0.039908 0.295788 -0.006642 -0.338011 0.097603 -0.231822 0.237773 -0.309271 0.158122 -0.222898 0.101333 -0.045254 -0.034129 0.281496 -0.119590 0.161278 -0.084794 -0.108715 0.045189 -0.073904 0.249145 0.161680 -0.127908 -0.094069 -0.171532 0.087915 0.197210 0.124359 0.105886 0.031547 -0.055834 -0.088483 0.008355 0.119654 -0.030099 0.087302 0.079648 -0.129607 -0.216694 0.199442 -0.055444 0.008580 -0.112576 -0.273598 0.239287 0.018091 -0.052353 0.125848 0.193336 0.057335 0.018864 0.046775 -0.002853 0.048064 0.103290 -0.387321 -0.214926 0.184686 -0.043127 0.167345 0.167472 0.057309 -0.155203 0.095580 0.010866 -0.048811 0.116947 -0.168660 -0.076670 0.024403 -0.135954 -0.189521 -0.066358 0.141572 -0.093313 0.150272 0.116725 -0.097400 0.083923 -0.042123 0.038656 -0.223083 -0.024612 0.019491 -0.073548 -0.266034 -0.122216 0.189548 -0.014891 -0.091734 0.059478 -0.151621 0.099596 -0.175322 -0.018310 0.102431 0.018001 -0.150502 0.115731 -0.026021 0.259146 0.163235 -0.036531 -0.030133 -0.011241 0.237921 0.070395 -0.051711 0.222280 -0.327199 0.038644 0.062536 -0.286257 0.246960 -0.108882 0.051199 -0.012815 -0.119411 -0.063367
0.350550 0.139227 -0.332925 0.025524 -0.082257 0.011733 -0.239507 0.083744 0.036282 -0.172419 0.041618 0.052128 -0.363508 0.053120 0.081892 0.211922 -0.386402 0.076439 0.121141 0.327725 -0.215127 0.060085 0.070223 -0.063166 -0.008387 0.084113 0.051108 -0.061824 -0.144959 -0.006495 -0.223721 -0.043220 0.015775 0.071554 -0.111415 0.175923 -0.239542 -0.060418 0.332991 0.006373 0.054213 0.149150 -0.046003 0.059970 0.172497 0.254031 -0.107950 0.226758 0.332332 0.280823 0.065049 0.246555 0.046198 -0.061330 -0.019561 0.380128 0.027821 0.151705 -0.074433 0.151050 0.095613 -0.131944 -0.120903 -0.013233 0.062534 -0.062887 0.056816 0.001738 -0.101316 0.203441 0.044641 -0.189133 -0.191218 -0.092960 -0.230008 0.043108 0.066614 -0.240993 0.036839 0.367140 -0.093217 0.273638 -0.403895 0.034941 -0.247406 0.050913 0.034290 0.086089 0.013984 0.201918 -0.023290 0.176546 0.060187 0.302074 0.054679 -0.368171 -0.319958 0.041121 -0.146233 0.059476 0.076846 -0.166866 -0.126638 -0.060735 -0.119937 0.025450 -0.029429 0.003537 0.188390 0.080870 0.079914 -0.105646 -0.137947 -0.016710 -0.143309 -0.014424 -0.032928 0.155846 0.123380 -0.362229 -0.186064 0.092323 0.054062 -0.034335 0.019558 0.322872 -0.206058 0.301643
0.037911 -0.104837 0.003955 0.031914 0.159893 0.198205 -0.117884 -0.006494 -0.395903 0.170415 -0.052288 0.133129 0.049506 0.012655 0.036447 0.040624 0.195846 0.106995 -0.021928 0.076903 0.074725 -0.006156 -0.100128 -0.148063 0.135442 0.155434 -0.233740 0.130350 -0.030240 -0.057959 -0.065913 -0.056551 -0.283305 0.064940 0.049709 -0.111609 -0.132555 -0.224663 -0.321707 -0.237606 -0.032581 -0.155143 0.303187 0.120119 -0.145752 -0.302028 -0.189845 -0.015221 0.046387 -0.080188 -0.199594 0.313387 -0.326801 -0.057493 -0.087006 -0.093514 0.130273 0.129116 0.060857 -0.156170 0.109398 0.099037 -0.148758 -0.242535 -0.216342 0.243178 -0.623576 -0.056631 0.092781 0.056583 0.156963 0.109071 0.089401 0.001346 -0.090267 0.104803 -0.179549 0.253193 0.032548 0.115688 -0.304594 -0.023430 0.263499 0.076009 -0.192617 0.038578 -0.247557 -0.168045 -0.045450 0.156607 -0.207013 0.005424 0.107042 -0.029564 -0.047034 0.087075 -0.055102 -0.169284 -0.034063 -0.036524 -0.322744 -0.015389 -0.006056 -0.018799 -0.275098 -0.188511 -0.062696 -0.039368 0.168801 0.044065 -0.094874 -0.120393 -0.269336 -0.050518 -0.274487 -0.075389 -0.023221 0.163910 0.202675 0.164526 -0.339435 0.052393 0.072376 0.007705 -0.053386 -0.046094 0.029303 0.053747
-0.084043 0.144734 -0.050504 0.124009 -0.092380 0.044268 -0.190327 -0.080639 0.048323 0.052665 0.091341 0.110892 -0.078142 0.127824 -0.109830 -0.093431 -0.040926 -0.089704 0.171541 0.116960 -0.128549 -0.122885 -0.094650 0.006823 -0.056777 -0.108100 -0.187869 0.033641 0.036460 -0.088203 -0.183160 0.064393 -0.118043 0.159924 -0.108209 0.159192 -0.493358 0.094087 -0.359144 -0.032511 -0.173143 -0.148444 0.169655 -0.029487 0.114922 -0.350434 -0.037586 -0.241068 -0.207420 -0.123262 0.080686 0.121737 0.243044 0.042225 0.014150 0.058721 -0.031087 0.019801 -0.157509 -0.051698 0.046947 0.138713 0.213221 -0.159615 -0.301902 -0.219452 -0.075835 -0.147459 -0.003873 0.048676 0.087417 0.089111 0.083599 0.036618 0.075560 0.125979 -0.111827 -0.152939 0.170801 -0.242719 0.228388 -0.166208 0.041456 0.031150 -0.102203 0.183937 -0.168628 -0.006592 -0.088103 0.024657 -0.244670 0.132912 0.008483 -0.192751 0.131917 0.047719 0.220417 0.220422 -0.177134 0.021932 0.109278 0.174219 -0.015821 -0.039474 0.010825 -0.292508 -0.001597 -0.091494 0.116900 -0.095705 -0.019904 -0.029450 0.018920 0.070915 0.047949 -0.101386 0.184989 0.169514 0.127598 -0.035189 -0.100772 -0.271441 0.032881 -0.135059 -0.135137 0.158726 0.054302 0.049191
-0.130306 0.147279 -0.101567 0.209864 -0.088827 0.025113 0.065154 -0.085073 0.037388 -0.036283 0.347363 -0.071678 -0.104577 0.284108 -0.044484 0.109972 -0.223219 0.180833 -0.186992 0.044265 -0.074457 -0.103013 0.182605 -0.013060 0.229117 0.130065 0.245640 0.256060 -0.091063 0.074484 -0.106880 -0.202202 0.307636 -0.505896 -0.245803 -0.034571 0.066922 0.039409 0.119838 -0.005371 -0.055412 0.191458 0.111771 -0.054382 -0.183984 0.064996 0.016762 -0.074283 -0.023643 0.118907 -0.118380 0.046657 -0.089880 0.197994 -0.549961 -0.062201 -0.027093 -0.027358 0.013748 -0.200271 -0.248870 0.091314 -0.288013 0.077781 -0.235381 0.143227 0.129326 -0.132798 0.103176 0.072516 -0.100559 -0.006056 -0.007595 -0.020113 0.021613 -0.084157 0.323431 -0.048318 -0.100320 -0.125000 -0.143670 0.034663 0.199913 0.179963 0.065564 0.082107 0.290017 -0.114960 -0.061816 0.001601 -0.130195 -0.090453 -0.399015 -0.083093 0.040601 -0.616947 -0.307191 -0.231570 -0.033083 -0.304815 0.186253 0.164457 -0.156389 0.093216 0.035893 0.129704 -0.000275 -0.051858 0.095443 0.066443 0.014028 0.024684 -0.111324 0.190947 -0.034391 0.152312 0.037390 0.038225 0.054843 -0.092948 0.130334 -0.009106 0.067954 0.061365 0.040343 -0.103293 -0.083160 -0.143377
-0.031493 0.110049 0.097469 0.147965 -0.094585 0.015801 0.057405 -0.226018 -0.083903 -0.053368 0.039495 -0.035672 -0.112283 0.104123 0.036054 0.030687 -0.252179 -0.007794 -0.123233 0.006096 0.112552 -0.115573 -0.110393 -0.031758 -0.033980 -0.173871 -0.152798 0.042917 -0.049738 -0.021874 0.112165 -0.004494 0.144765 -0.488457 0.145955 0.012917 0.183977 0.028353 0.089512 -0.091897 -0.125578 0.240266 -0.359946 -0.010230 -0.066917 0.042551 0.167350 -0.110427 -0.095638 -0.006187 0.019769 0.050986 0.180777 0.043741 0.005738 0.149245 -0.187374 0.072069 0.252013 0.259653 0.121264 0.003414 -0.239824 0.004644 0.272348 -0.067703 -0.001050 -0.034835 -0.027798 0.148695 -0.065838 0.002356 -0.025660 0.080801 -0.074614 -0.131495 -0.028601 -0.213652 -0.055288 0.057376 0.134735 0.038643 -0.401253 -0.124592 0.096391 -0.019766 0.176980 -0.169814 -0.067251 -0.159624 0.031363 -0.224610 -0.147086 -0.068613 -0.140793 0.034921 0.102065 -0.214421 -0.025100 0.136881 0.264459 -0.011139 -0.288232 -0.015046 -0.125386 -0.254887 0.009253 -0.141928 0.135401 0.024985 0.245758 -0.033806 -0.182359 0.176408 -0.053408 0.123241 -0.113950 0.091598 -0.106361 -0.007281 -0.133768 0.104792 -0.166113 -0.009149 -0.003836 0.131894 0.042946 0.143132
0.344150 -0.094537 -0.215813 0.097118 -0.262752 0.173746 -0.038200 -0.092940 -0.006109 0.188821 0.001987 0.078707 0.022718 -0.193565 0.058785 0.115138 -0.061761 -0.005882 0.121745 0.004367 -0.229927 0.024590 0.222201 0.380920 -0.173354 -0.000959 0.081718 0.098914 -0.008021 -0.100960 -0.019513 0.004100 -0.018047 0.033537 0.083473 0.028836 -0.200257 0.148423 0.042489 -0.145622 0.018807 0.130780 0.136152 0.078920 0.006160 -0.349896 -0.039600 -0.231219 -0.196691 0.007753 -0.100732 -0.127440 0.133030 0.017755 0.050723 -0.163629 -0.249796 -0.036997 0.023258 0.050839 -0.143719 0.100786 0.067397 0.060974 0.172896 -0.016289 0.029717 -0.070858 -0.005110 -0.046622 0.101075 -0.211993 0.208073 -0.234333 0.033202 -0.025611 -0.452111 0.061807 0.027481 -0.039259 -0.262850 -0.107926 -0.070876 -0.283109 -0.220795 0.229216 -0.149572 -0.174650 -0.027247 -0.218311 -0.060583 0.092180 0.258301 -0.295841 -0.174529 0.087073 0.142280 0.025563 0.048043 0.167569 -0.346598 -0.022701 -0.075319 -0.027858 0.181364 0.088664 0.049606 -0.097231 0.475855 0.028174 -0.170872 -0.034874 0.123434 -0.066593 -0.265907 0.039274 0.142157 -0.153520 -0.002811 0.156793 0.088482 -0.177504 -0.055994 0.049764 -0.031326 -0.043085 0.017855 0.166981
0.019366 -0.060933 -0.147807 0.171756 0.025413 0.139424 -0.050933 0.122471 -0.149696 0.254703 -0.124768 -0.081800 -0.184519 0.057208 0.021775 0.003280 -0.021213 0.066465 0.042921 0.397751 -0.037390 -0.096962 0.167230 0.082367 -0.302068 -0.443417 -0.171201 0.078798 -0.035491 -0.109488 -0.037584 0.283739 -0.040269 0.058478 -0.176043 0.296400 -0.229361 -0.159010 -0.472695 -0.199579 -0.052508 -0.005734 -0.131478 -0.130181 -0.026174 -0.139201 -0.305648 0.235356 -0.090678 -0.030504 -0.119919 -0.090947 -0.264459 -0.024781 0.323321 -0.033659 0.092453 -0.043959 0.029687 0.290031 -0.080422 -0.101724 0.032672 -0.145993 -0.287182 0.004209 -0.116751 -0.083289 -0.192706 0.255579 0.228164 0.014936 0.139518 0.060876 0.114946 -0.047316 -0.028581 0.116991 0.074917 -0.134266 0.066592 0.017041 0.080708 -0.137028 -0.020282 0.273440 0.081569 0.173987 0.033360 -0.102809 -0.082642 -0.121506 -0.058435 -0.161538 -0.268227 0.003914 0.039952 -0.057250 0.051580 0.001862 -0.114479 -0.186219 -0.102121 -0.057711 0.188963 -0.023873 0.055689 -0.196656 0.029361 -0.103047 0.003358 0.021828 0.132006 -0.099240 -0.294378 0.013318 -0.094771 -0.198076 0.124678 -0.060394 -0.346754 -0.012208 0.056698 0.012624 -0.059074 0.105893 0.129057 0.258703
-0.140598 0.260319 0.068599 0.268162 -0.167204 0.066337 0.301513 0.028450 0.043781 0.045292 -0.139518 -0.196983 0.064107 0.127292 -0.214323 -0.100476 -0.501727 -0.216041 -0.271672 0.073093 0.035503 -0.018160 -0.054115 -0.383389 -0.062009 -0.337530 -0.055565 -0.020103 -0.035092 -0.108162 -0.159707 -0.063490 -0.082277 0.209917 -0.016110 0.285736 -0.346235 -0.078701 0.127413 0.139716 -0.066417 0.112506 -0.328857 0.011596 0.125118 -0.037083 -0.121093 0.091859 -0.044333 -0.093896 -0.123681 0.088826 0.121554 0.157978 0.188208 0.188247 -0.357312 0.063383 -0.193177 0.248883 -0.106367 -0.290601 -0.318654 -0.128576 0.234622 -0.154313 0.195547 0.061209 -0.083424 -0.033458 0.140670 -0.000146 -0.274240 -0.831752 -0.104137 -0.018099 -0.005622 -0.216827 0.275524 0.041123 -0.103622 -0.184947 -0.458994 -0.072217 -0.016290 -0.031296 0.274760 0.154632 0.024313 -0.053695 -0.386900 -0.127551 0.097521 0.070699 -0.066753 0.039061 -0.101600 -0.087103 -0.060950 0.093110 0.225998 0.119403 0.106058 -0.024285 -0.099958 -0.066973 -0.153849 -0.248800 -0.193127 -0.045603 0.082358 -0.035283 -0.137616 -0.037088 -0.083253 -0.060784 0.098344 -0.157429 -0.168423 0.033188 0.043950 -0.070737 -0.065693 -0.045314 0.063258 0.147558 -0.140455 0.059094
-0.085717 -0.497723 0.103325 -0.359645 0.078320 0.084682 0.286982 -0.035795 -0.147253 0.145554 -0.365357 -0.222170 0.072022 0.132826 -0.358772 -0.170632 0.182807 -0.279330 0.087279 0.077877 0.041289 -0.071014 -0.168766 0.270682 -0.061166 -0.164161 0.210141 0.035874 0.063352 0.026472 -0.123967 0.213753 -0.094319 -0.112138 -0.213348 -0.203698 0.043372 0.082272 -0.271586 0.080610 -0.163097 0.005887 -0.078272 -0.540074 -0.148332 -0.208137 0.007002 -0.078720 -0.204981 -0.243997 -0.086688 -0.401496 -0.051615 0.051600 0.018823 -0.307518 -0.063525 -0.145037 -0.198763 0.072809 -0.010298 0.093568 -0.130265 -0.199149 -0.124077 -0.359436 -0.313854 -0.130205 -0.432109 0.135417 -0.061848 -0.282529 0.023887 0.129194 -0.017509 0.078609 0.099179 -0.092099 0.051202 0.019586 0.089262 -0.043212 -0.239006 -0.430159 -0.188258 0.087720 -0.012254 0.110497 0.042531 -0.501969 -0.127722 0.002431 0.119796 0.045809 -0.044812 0.049537 0.232171 0.143079 -0.085782 -0.074344 0.089382 -0.298064 -0.153209 -0.063566 -0.201223 -0.104217 -0.011129 0.066769 0.158851 -0.085770 -0.277439 -0.081322 0.006311 -0.061857 0.048291 0.244832 -0.040700 0.236388 0.010646 -0.021094 0.065807 0.042934 -0.055155 -0.008553 -0.060709 0.090621 0.020428 -0.112253
0.054471 -0.034798 -0.257599 -0.193489 0.139644 -0.313110 -0.255015 -0.012780 -0.162408 0.055554 0.182393 -0.241580 -0.542504 -0.102071 -0.397826 -0.189710 0.119360 0.159138 -0.026390 0.266452 0.078025 0.117256 0.027952 -0.023333 -0.185220 0.162979 -0.028253 0.350179 -0.007873 -0.068657 0.108868 0.045624 0.065838 -0.245518 -0.110973 0.074360 -0.286171 0.185358 -0.080646 0.129924 0.141295 0.067392 0.014460 -0.141188 -0.033984 0.006624 -0.422451 -0.036717 0.053549 -0.166000 -0.177241 -0.068296 -0.016373 -0.167526 -0.362433 0.158973 0.156803 -0.040562 -0.255239 -0.104568 0.123076 -0.037408 0.026909 -0.426092 0.083913 -0.064221 0.040215 -0.111981 0.032411 0.053766 -0.080761 0.154182 0.430868 0.097052 -0.148361 0.143493 -0.310113 -0.017520 -0.041711 0.067329 0.163335 0.033438 0.077937 -0.339017 -0.223505 0.147019 0.099338 -0.305845 0.047148 -0.269867 0.215535 -0.148083 0.187338 -0.225740 -0.089330 0.156721 0.095610 0.259353 -0.036109 -0.146273 0.058321 0.216477 0.244981 -0.060754 0.082237 0.142737 -0.182138 0.004233 -0.181744 0.149952 -0.050912 0.026451 -0.049113 -0.203710 -0.297561 -0.174370 -0.095765 -0.136900 -0.085954 0.152535 -0.016079 -0.024695 -0.223659 0.017141 0.093780 0.096437 0.158765 0.033140
-0.000355 0.223229 0.051440 -0.108837 0.120644 -0.075520 -0.091603 0.114930 -0.020452 0.242287 0.171794 0.031249 -0.136941 0.152627 0.084969 0.115025 0.187251 0.177381 0.166024 0.049305 0.172422 0.001004 0.223127 -0.137708 0.012863 -0.087351 -0.147602 0.052774 0.068416 -0.064056 0.056700 -0.533690 0.086877 -0.006738 0.016424 -0.051067 -0.026469 0.312540 0.000972 -0.067326 -0.074520 0.063264 0.202114 -0.189200 0.095345 -0.030408 -0.064701 -0.105707 0.117130 0.211742 0.061935 0.119280 0.047463 -0.258461 -0.035860 -0.030708 0.253780 0.127764 0.184599 -0.077053 -0.159575 0.277502 0.208520 0.297824 -0.150357 -0.075296 0.063876 -0.048014 0.224740 0.299866 0.253855 0.045395 -0.190153 0.011926 0.279535 -0.030056 -0.168532 0.065300 -0.124231 -0.127697 0.105612 0.129263 -0.102661 0.062543 -0.078904 0.329148 -0.066853 -0.226684 0.050591 0.007189 0.079058 -0.218476 0.232572 0.106545 -0.261393 -0.084423 -0.000452 0.077429 -0.066445 -0.087854 -0.099789 0.149087 -0.257704 -0.043945 0.181203 -0.218507 -0.076998 0.091305 0.323118 0.070930 0.000607 -0.022328 -0.013201 0.135597 -0.096027 0.031086 0.001623 -0.106640 0.118188 0.285774 -0.094478 -0.022904 0.094539 -0.021792 -0.061762 -0.284906 0.179513 0.203479
0.163676 -0.061374 0.017904 -0.111329 0.103635 -0.215056 -0.034901 -0.128845 0.084559 0.077672 0.252656 0.232237 0.180116 -0.091756 0.030515 -0.531955 -0.057881 -0.014488 0.029489 -0.176166 -0.010888 -0.139134 -0.002809 -0.084651 0.007007 -0.443436 0.118591 0.214671 0.026097 0.188294 0.116916 0.016436 0.181620 0.034088 -0.103298 0.056424 0.084336 -0.011096 0.178180 -0.032662 -0.179852 -0.043841 0.030427 0.016395 -0.064860 -0.113350 -0.267117 -0.089554 -0.341028 -0.115626 0.168302 -0.248781 0.085249 -0.044406 0.040329 -0.267732 0.071031 -0.017088 0.072392 -0.142100 -0.086807 -0.058570 0.130726 0.254594 -0.173772 0.028077 -0.041323 -0.032204 0.134096 -0.043887 0.024219 0.252369 0.137011 0.120900 0.038982 -0.058045 -0.093762 0.018285 0.096363 -0.009608 -0.436450 -0.118078 0.138314 -0.175007 0.062302 -0.021381 0.122765 0.157008 0.080973 -0.130686 0.073840 0.140303 -0.245833 -0.062978 -0.124153 -0.217892 -0.199587 -0.055872 -0.042387 -0.023703 0.108797 -0.099401 -0.314061 -0.120510 -0.007289 -0.076766 -0.068768 -0.082355 0.117841 -0.080030 0.134062 0.085011 -0.041433 -0.007904 0.066739 0.337809 -0.063667 -0.192060 0.064283 -0.104142 -0.031712 0.118772 -0.091016 -0.015393 -0.030085 0.123126 -0.030700 -0.080828
0.191733 -0.163197 -0.262730 0.080222 0.072968 -0.235706 0.032684 -0.016318 -0.139575 -0.148853 0.449445 0.023394 -0.235395 -0.131183 0.074386 -0.373474 -0.139699 0.029423 0.036317 -0.099022 -0.464319 -0.023600 0.177458 0.008958 0.320033 0.028960 -0.290839 0.086654 -0.034108 0.139789 0.178891 0.196598 0.023608 0.131900 0.038256 0.224845 0.120317 -0.004163 0.405418 -0.045651 -0.126073 -0.019673 0.009375 0.133470 0.163896 0.020559 -0.550151 -0.083092 -0.438998 0.047900 0.146854 -0.102209 0.028219 -0.120021 -0.086722 0.003458 -0.082297 0.127913 0.051716 0.208292 0.035192 -0.058434 -0.153469 0.007349 -0.258129 -0.117637 0.133021 0.075317 0.218215 -0.059205 -0.119919 0.124598 0.277735 0.170540 0.032271 0.148128 0.222695 -0.046894 -0.284627 -0.007450 -0.170025 0.144561 0.120951 -0.014432 -0.076898 -0.075951 -0.004354 0.203766 -0.028557 0.001049 -0.157366 0.234543 -0.209660 0.001622 0.038796 -0.066081 -0.152236 -0.039508 0.007434 -0.018874 -0.173428 -0.077100 -0.141202 -0.104374 -0.194480 -0.104145 -0.130016 -0.116257 0.085145 -0.101374 0.002877 -0.000468 -0.267728 0.026921 0.002137 0.186279 -0.160286 -0.214025 -0.150612 0.118394 -0.134191 -0.057607 -0.080003 0.027959 -0.055550 -0.048686 -0.045215 0.078140
-0.134408 0.033773 -0.092077 0.004467 -0.217161 -0.037262 -0.285735 -0.070632 0.148087 0.023662 0.252266 -0.252142 0.188350 -0.068995 0.138050 0.066912 -0.056135 0.016094 -0.353200 0.023896 0.186023 0.037681 -0.150126 0.144363 -0.163568 0.119742 -0.106576 0.092606 -0.107062 0.090516 -0.077026 0.101517 0.119704 0.108454 -0.087594 -0.201765 0.028107 -0.046990 -0.187096 -0.075901 -0.000084 0.081063 -0.088593 0.292991 0.490345 -0.142239 -0.430943 -0.257773 0.095855 0.275722 0.154378 0.314861 -0.007791 -0.121168 -0.068945 0.162347 0.105925 0.148216 -0.112587 -0.065109 -0.121947 -0.166903 -0.023103 0.122087 0.055418 0.210941 0.236771 -0.048113 0.057632 -0.061039 -0.150049 0.313563 -0.258543 0.043966 -0.126603 -0.194587 -0.370074 -0.008585 0.152925 -0.074641 0.098216 -0.117727 0.084226 -0.080378 0.129907 -0.359539 -0.494872 -0.455905 0.085872 0.054303 -0.201102 0.071285 0.008049 -0.072190 0.082540 0.168655 -0.224368 0.052459 -0.001586 0.107080 0.042678 -0.279451 -0.123978 -0.058590 -0.057273 -0.069951 -0.036877 0.013785 -0.202678 -0.143102 -0.112755 -0.163075 -0.090860 0.015332 0.130924 0.015565 0.042987 -0.085928 0.140268 -0.452103 -0.039413 -0.078484 -0.091763 -0.001617 -0.079093 0.295181 0.033171 -0.002134
0.004411 -0.169331 -0.115253 -0.324106 0.083838 -0.194868 -0.389915 -0.038967 0.280299 0.380925 0.144654 -0.103473 0.131020 0.006989 0.247505 0.254301 0.007105 0.138226 0.084671 0.083237 -0.305452 0.141345 0.133105 0.158632 -0.217482 0.264229 0.169724 0.134748 0.049462 -0.195846 -0.047806 -0.339663 0.258553 0.088246 -0.124635 -0.033226 -0.090624 0.354579 -0.160433 -0.059450 -0.013543 -0.113355 -0.317314 -0.122688 -0.107400 0.123297 0.252110 -0.151989 0.094511 0.076470 0.205807 0.188485 0.206818 0.000772 0.116693 0.132193 0.109081 -0.060245 0.111140 -0.246963 -0.009514 0.064761 0.013218 -0.144535 0.050568 -0.340701 -0.126837 -0.054803 -0.179434 0.006432 0.098679 0.087567 0.056416 -0.052318 -0.054177 -0.015846 0.259884 -0.121845 0.145788 -0.092066 -0.022594 -0.018601 0.142935 -0.046598 -0.047284 0.196068 -0.070886 0.220562 -0.084907 -0.027562 0.088667 -0.082340 0.289444 -0.100763 0.308187 0.236985 0.164212 -0.182276 -0.060588 0.002371 0.009006 -0.195537 -0.134414 -0.056309 0.259093 0.147278 -0.254331 0.100005 -0.167064 0.100192 -0.288300 -0.046148 0.037410 0.144695 -0.189361 -0.007620 0.051369 -0.102464 0.305653 0.240081 0.152935 -0.237583 -0.451555 -0.045567 -0.071347 -0.054243 0.132486 0.144309
0.059685 -0.064543 -0.165098 -0.238059 0.176855 -0.201211 0.004335 -0.123374 -0.276666 0.055432 0.257469 0.131633 0.123858 -0.016554 -0.036159 0.067395 0.282720 0.101037 -0.139137 -0.224973 -0.182420 0.135877 0.396825 0.057498 0.380011 -0.206098 -0.013844 -0.170989 -0.081776 -0.043784 0.132155 -0.060171 0.189900 -0.043598 -0.012689 0.228356 -0.086066 0.132183 0.069380 0.222180 -0.086740 0.155138 0.225621 -0.004867 0.100371 -0.015468 0.077047 0.058012 -0.289452 0.025101 -0.061360 -0.063733 0.101447 -0.035923 -0.168505 0.046135 0.078161 0.141738 0.094253 0.236698 -0.307042 0.015778 0.167615 0.337324 0.148268 -0.157824 -0.115495 -0.031967 0.251188 0.001185 -0.201178 -0.028426 0.024987 0.064023 0.078890 0.315676 0.029744 -0.061994 -0.314399 -0.264006 -0.344685 -0.196350 -0.079364 -0.376957 0.075279 0.060974 0.089300 0.231192 0.046981 -0.175250 -0.017432 0.068216 -0.325473 -0.107596 0.159183 0.256550 -0.490820 -0.409886 -0.087849 -0.058431 0.247631 -0.154344 -0.446036 -0.031009 0.004472 -0.071672 -0.063965 0.264553 0.012339 -0.052550 0.270259 0.074523 -0.241121 0.030705 -0.306318 0.202845 -0.336569 -0.279789 -0.286325 0.191493 0.164888 0.070222 -0.022737 -0.035446 -0.100377 -0.050219 -0.066553 0.196203
0.200924 0.068791 0.348604 -0.129151 0.051583 -0.216564 0.250707 -0.056141 0.039969 0.024031 0.017819 0.099909 -0.006454 -0.091848 0.085837 0.147686 0.287072 -0.079694 0.019289 -0.032154 0.086541 0.153142 -0.113871 0.122564 0.121321 0.103578 0.077979 -0.076444 -0.121174 -0.131689 0.028886 -0.174946 0.331456 0.221217 -0.054332 -0.388282 0.215393 0.091061 0.226991 0.067831 0.121687 -0.075112 -0.054041 -0.023478 0.046044 0.029949 0.070223 -0.048191 -0.017660 0.059924 -0.001087 -0.082832 0.283514 0.160703 0.267199 0.055228 -0.007279 0.040173 -0.108263 0.018486 -0.132074 0.153078 -0.016361 0.210893 0.075849 -0.300583 0.022336 0.009302 0.100617 -0.063037 -0.111792 0.029680 0.028520 0.063908 -0.015884 0.196036 0.024469 -0.148274 -0.030995 -0.032250 -0.252401 0.055336 0.214939 0.041125 -0.054734 0.028003 0.340287 -0.171127 0.008489 0.036725 0.147735 0.161169 -0.251911 0.073984 0.377229 0.205037 0.359000 -0.080344 0.029879 0.025998 0.061152 -0.076084 -0.144819 0.077374 0.054400 -0.076350 -0.118306 -0.004498 -0.036852 -0.017382 -0.018479 0.093134 0.067878 0.129194 -0.081388 0.005140 -0.111903 0.323290 -0.090015 -0.030125 -0.037993 0.132070 0.047582 -0.052446 0.093803 0.200202 -0.227362 -0.042181
-0.030214 0.043918 0.119606 -0.173169 0.341241 0.043258 0.103445 -0.198631 -0.122402 -0.043554 -0.074739 -0.045868 0.087037 0.106508 0.135560 -0.016209 0.045099 -0.037074 -0.105484 0.039561 0.097719 0.157757 0.020501 0.224950 -0.023245 0.164200 -0.262594 -0.059568 -0.062884 0.240097 -0.124979 -0.035513 -0.019961 -0.234728 -0.087125 0.001511 0.287244 0.096612 0.167455 0.016141 -0.119186 -0.038364 0.103397 0.273405 -0.094756 -0.215108 -0.171607 0.186494 0.268979 -0.124207 0.028654 0.221404 -0.252909 -0.086634 0.112449 -0.153045 0.036654 0.250779 -0.034964 0.203248 0.150421 0.046523 0.052134 0.080833 -0.177449 -0.202867 -0.184168 -0.005529 0.030655 -0.026980 0.107857 -0.023159 -0.230943 -0.154354 -0.018492 -0.183101 -0.211901 -0.160115 0.336733 -0.386886 -0.171725 -0.180524 -0.099137 0.204854 -0.111729 -0.203941 -0.165702 -0.192241 -0.083529 0.100733 -0.124693 0.061664 0.022876 0.256463 -0.089853 0.118631 -0.229408 -0.081010 -0.067752 0.026239 0.068828 -0.107089 -0.101174 -0.011193 0.097561 -0.108519 -0.147193 0.146435 -0.049230 0.173834 -0.069696 -0.047737 -0.076733 -0.162695 0.166513 -0.102505 -0.224141 -0.012262 0.060652 -0.053131 -0.123567 0.255098 0.086867 0.002888 -0.055279 -0.031777 -0.150779 -0.083231
-0.061724 -0.127500 -0.041590 -0.068072 -0.244343 -0.054160 -0.230881 0.028059 0.308462 -0.248906 -0.330110 0.091377 -0.010257 -0.048336 0.277851 0.047797 0.142459 -0.062950 -0.142653 -0.230847 -0.030501 -0.133086 -0.097218 0.183113 0.139146 -0.015782 -0.147253 -0.262418 -0.013803 -0.101150 -0.268953 0.128508 0.076481 -0.066690 -0.170975 -0.014112 -0.085203 0.041822 -0.042638 0.229821 0.013433 0.221830 0.131784 -0.193259 -0.196868 -0.019314 0.133703 -0.042441 -0.147822 0.228250 -0.082254 -0.366568 0.099382 -0.093578 0.179122 -0.133855 -0.323859 -0.205914 -0.104450 0.161135 -0.102694 -0.161474 0.106538 -0.230689 0.125864 0.017105 0.087993 -0.100002 0.015134 -0.051804 0.151837 -0.345343 0.129207 -0.068702 -0.128224 -0.238456 0.006388 0.037906 0.222943 0.019695 0.006562 0.047049 -0.073778 -0.091210 0.011699 -0.206979 0.151855 0.096277 -0.051509 -0.051271 0.132862 -0.304977 0.022609 -0.012515 0.132863 0.040409 -0.078299 0.192240 -0.099429 0.051134 0.080067 0.017234 0.202908 -0.035709 -0.151906 -0.043227 -0.077084 -0.063908 -0.125255 0.055007 -0.054533 -0.056012 -0.310466 0.026533 0.015434 -0.233213 0.115159 0.003323 -0.123897 0.166557 -0.269065 -0.038439 -0.051177 -0.004046 -0.009910 -0.071000 0.064506 0.118882
0.024855 0.069979 -0.261108 0.130529 0.001224 -0.106965 -0.114118 -0.315255 -0.162864 0.070730 -0.082625 0.017782 0.240833 0.352829 -0.086673 -0.130382 -0.023775 -0.078342 -0.127753 -0.068310 -0.001674 -0.419025 0.060578 -0.312264 -0.274276 -0.049700 -0.004798 -0.002472 -0.030522 -0.035060 0.226297 0.209379 0.085270 -0.259780 0.017757 -0.166525 -0.278229 0.156233 0.021717 0.170527 -0.151106 -0.213249 0.064730 -0.155378 -0.153388 0.099666 -0.157875 0.207531 0.060479 0.245849 -0.002873 -0.097286 -0.018035 -0.102074 0.363387 0.193857 0.197371 -0.023029 0.024089 0.170668 -0.089918 -0.025262 -0.143113 0.022161 -0.089500 0.119852 0.163246 0.007479 -0.025124 -0.042507 0.172832 0.110324 0.195374 -0.024523 -0.173236 -0.247650 -0.136810 0.152296 0.004493 -0.080692 0.061393 0.194490 0.097305 -0.117044 -0.181512 0.118706 0.082148 0.184244 0.045438 -0.110854 0.210310 -0.039854 -0.245787 -0.072146 -0.389853 0.006537 -0.118284 -0.009735 0.011459 0.240749 -0.031893 -0.189945 -0.046270 -0.101923 -0.001477 -0.180525 0.125084 0.019103 -0.097618 -0.229415 0.015804 -0.057184 -0.057537 -0.203526 0.249014 -0.044173 -0.093388 -0.249913 -0.116184 0.074426 -0.188206 0.191723 -0.238970 -0.088018 -0.023375 -0.097976 0.065233 0.032118
0.153590 0.026867 0.042815 -0.193338 -0.174997 -0.060513 -0.315907 0.191507 0.107642 0.050006 0.216429 -0.100587 -0.244216 0.118598 0.135208 0.162349 -0.209235 -0.112558 0.090644 0.134714 -0.168739 -0.027891 0.329590 0.201436 0.156039 0.006059 -0.267041 -0.090202 0.045509 -0.054975 0.374574 0.316287 0.017422 0.115366 -0.150804 0.052772 -0.329336 -0.122052 -0.248429 -0.033484 -0.073606 -0.059547 -0.044494 -0.033727 -0.065577 -0.055822 -0.246161 -0.254191 -0.031106 -0.233433 -0.330421 0.215571 0.034116 0.085381 -0.269352 -0.011254 -0.080756 -0.014206 0.087872 0.071342 0.216014 -0.077210 -0.003209 0.240639 -0.020920 -0.083854 0.129135 0.047118 0.150209 0.005908 -0.022033 -0.049141 -0.003601 0.201392 0.288039 0.074240 -0.432447 0.091034 -0.182196 0.019505 0.174301 -0.174855 0.251908 0.111339 0.044164 -0.019657 0.002321 -0.178695 -0.018283 -0.074150 -0.282230 0.229472 -0.042465 0.135895 0.189192 0.118124 0.201790 0.059077 0.028130 0.162278 0.136179 0.094902 0.075301 -0.103924 0.124771 -0.221523 -0.067784 -0.145465 0.100492 -0.125497 0.005024 0.016134 0.013867 0.033762 -0.039719 0.233503 -0.175788 -0.462790 -0.388523 -0.098160 -0.054540 -0.075045 -0.300719 0.099304 -0.127595 -0.198738 -0.184173 -0.164317
-0.335062 0.046398 -0.049273 -0.017758 0.054063 0.164830 0.150087 0.020479 0.187743 0.096762 -0.158564 -0.184458 -0.179715 0.078426 0.076296 0.018434 0.126515 -0.148914 -0.186066 0.101530 -0.034994 -0.124437 0.103156 -0.052561 0.075598 0.156251 -0.019545 -0.013160 -0.018082 -0.156828 0.183193 0.157366 0.120279 -0.031420 -0.111189 0.035822 -0.167407 0.259785 0.020494 0.123449 0.046116 -0.084659 0.089168 -0.110696 -0.277632 -0.065159 0.101823 -0.018689 -0.195035 0.120800 0.016153 0.034295 0.087792 -0.180266 0.063641 -0.139242 -0.008076 -0.164994 -0.309429 0.131939 -0.302817 0.011282 0.287258 0.023841 0.200125 -0.321643 -0.164144 -0.079871 -0.035705 0.234553 0.006562 -0.078223 0.016341 -0.098795 0.094392 -0.102803 0.047371 0.096220 -0.075029 0.044366 0.175611 -0.023415 0.006802 0.093731 -0.026590 0.091084 -0.379185 0.151642 -0.067728 0.036183 -0.125458 0.130972 -0.235598 -0.063801 0.123699 0.000700 0.067674 -0.105025 0.012753 -0.131091 -0.166524 0.128794 -0.002958 -0.033058 0.012267 0.079712 0.096710 -0.031769 -0.141936 -0.240671 -0.174169 -0.108537 -0.013053 0.007184 -0.179551 0.023934 -0.009976 -0.121912 0.012880 -0.108470 0.141037 0.059381 0.071613 -0.054501 -0.094355 0.206805 0.016357 -0.270883
-0.256621 0.177113 -0.197965 0.117344 0.015966 0.089570 -0.129095 -0.411083 -0.107277 0.100278 0.009030 -0.230678 -0.133762 0.003716 -0.071762 -0.035288 0.064093 0.057736 -0.148623 -0.258862 -0.170076 -0.096627 0.031086 0.036625 0.154300 -0.341328 -0.054392 -0.455736 0.102093 0.014028 -0.001284 -0.075241 0.107895 -0.088068 -0.011770 -0.069774 -0.183398 0.201027 0.285403 0.316519 -0.085819 -0.079854 0.048140 -0.093292 -0.064961 0.142369 0.006803 0.131774 -0.156208 -0.178961 -0.041994 -0.287428 0.173704 -0.176777 -0.109685 0.048871 0.029263 0.244233 0.004747 0.116755 -0.151426 -0.319011 -0.047709 -0.040418 0.011235 -0.309954 0.190178 -0.079378 0.072309 -0.058733 -0.278947 0.189612 0.040420 0.053835 -0.160038 0.114202 0.064045 -0.009786 -0.117709 -0.278689 -0.278490 -0.287832 -0.244945 -0.258082 -0.135866 0.301515 0.143370 0.113570 -0.029686 -0.188128 -0.041974 0.078292 -0.486088 0.116252 -0.143611 0.105272 0.043456 0.074459 0.045901 0.048576 -0.123009 -0.268835 -0.162727 0.017530 0.218332 -0.228962 0.036745 0.107344 0.193323 0.023401 0.042250 -0.039947 -0.044936 -0.009389 -0.137239 0.005231 -0.234401 -0.253752 -0.403201 0.003513 0.216723 0.217466 -0.057772 0.071319 -0.156671 0.061907 -0.237050 0.225249
-0.092580 0.005351 -0.051573 -0.195180 -0.140303 0.015455 -0.112034 -0.161113 0.082614 0.248062 0.071499 -0.283991 0.138504 0.130387 0.267674 0.256931 0.007916 0.189940 0.101484 0.156042 -0.234937 -0.088376 0.102507 -0.105210 0.025373 0.043025 -0.212200 -0.510958 0.025043 -0.199313 0.065767 -0.090636 -0.165478 0.124263 -0.115572 -0.009251 0.099641 0.321182 0.055976 0.136990 -0.085516 -0.200143 0.083042 -0.176183 -0.024420 0.042470 -0.451076 -0.021762 0.066239 -0.145606 -0.107996 0.068127 -0.005880 -0.284380 -0.049910 0.142610 -0.075983 -0.103085 -0.373369 -0.028379 0.188124 -0.495538 -0.023834 0.122448 0.151499 -0.305447 -0.049129 0.016250 -0.044568 -0.079424 -0.148750 -0.061581 0.122780 -0.170967 0.000775 0.386861 0.022986 -0.157260 -0.276055 -0.372505 -0.024683 0.127458 0.068462 0.057438 -0.452168 -0.132905 -0.024432 0.146578 -0.088234 -0.021496 -0.011906 -0.102333 0.126681 0.098280 -0.044300 0.052267 0.014454 0.258834 -0.013563 -0.046940 0.076494 0.110772 -0.243874 0.066483 -0.244572 0.032358 -0.266170 -0.117716 0.055076 -0.301449 -0.296551 -0.073124 -0.192352 -0.209286 -0.193934 -0.073809 -0.260525 0.179960 -0.079462 0.045661 0.238967 -0.139604 0.005848 0.003630 -0.051538 0.005009 -0.290263 0.181998
-0.166907 -0.135709 -0.332754 -0.006223 0.330973 -0.211070 -0.072758 -0.044257 -0.120895 0.119299 -0.110242 -0.055441 -0.725990 0.101524 -0.254132 -0.060087 0.059274 -0.281344 -0.220093 0.391365 0.390482 -0.183089 -0.008991 -0.010040 -0.161978 0.199024 0.073254 0.297018 -0.022196 -0.084148 -0.101130 -0.264613 -0.186782 -0.125810 0.035024 0.163407 0.039315 0.146059 -0.200928 0.081644 -0.010683 0.026689 -0.063327 -0.109405 -0.023279 0.051372 0.266280 0.439691 0.000903 -0.106678 -0.002263 0.261528 -0.199626 -0.326926 -0.036518 -0.151314 -0.071421 -0.215473 -0.110005 0.509936 0.144721 0.186721 -0.086727 0.043670 0.014494 -0.022874 0.197617 0.006637 0.180791 0.331674 0.365479 0.037999 0.272465 -0.150535 -0.088321 -0.034146 0.099529 0.110577 0.038319 0.337596 -0.148710 -0.049497 0.271063 0.074862 -0.135324 0.184599 -0.093476 0.275090 0.030991 -0.022522 0.180031 -0.389469 0.061607 -0.058538 -0.629690 -0.534328 0.149986 -0.293368 0.037391 -0.073715 0.017975 0.173655 0.258026 0.072952 -0.428212 -0.050218 -0.033335 -0.195486 0.259104 -0.166495 0.013639 -0.071257 0.028672 -0.044308 -0.063321 -0.213377 -0.087799 -0.156072 -0.021805 0.054409 -0.765746 0.204017 -0.062923 -0.084029 -0.015452 -0.201017 0.068035 -0.392642
-0.207272 -0.100111 -0.287796 -0.082031 0.015731 -0.394972 -0.131478 -0.372320 0.127969 0.116909 0.228628 -0.190580 -0.076223 -0.028360 0.006221 -0.093847 0.096719 -0.280121 0.137445 0.149610 0.178801 0.110322 0.332587 0.165824 -0.094089 -0.125946 -0.334658 -0.080349 0.003325 0.069292 -0.007198 -0.004447 0.258582 0.033545 0.042343 0.021689 0.009173 0.286374 -0.596802 -0.143285 -0.098934 -0.058479 -0.177471 -0.134747 -0.069210 -0.357585 -0.335946 0.015325 -0.071250 -0.332779 0.123790 0.367362 0.072907 -0.274808 0.149825 -0.066727 -0.010801 0.169898 -0.062890 -0.051245 -0.019203 0.104969 0.035623 0.005907 -0.396669 -0.054276 -0.149874 0.063279 -0.141301 0.167047 0.042674 0.191447 -0.150386 -0.054805 0.132211 -0.139164 0.027769 0.248280 0.173118 -0.247620 0.200909 -0.010038 0.023567 -0.121090 0.013754 0.312905 -0.151681 0.015933 0.000698 0.168808 -0.381817 0.113497 0.073862 -0.126748 -0.175545 0.245063 -0.121334 -0.096422 0.079973 0.206321 -0.054971 -0.270418 -0.328411 0.007358 -0.159540 -0.009435 -0.168320 -0.072294 0.007298 -0.112756 -0.036933 0.044812 0.009986 0.039766 -0.027418 0.008515 -0.278955 -0.242280 0.143900 -0.438911 0.176589 0.080523 -0.158126 -0.067601 -0.109066 0.251679 0.120793 -0.084206
-0.084126 -0.023722 -0.217683 0.088697 -0.050411 0.082339 -0.310654 -0.154770 0.052427 0.172626 0.031226 -0.453742 -0.089874 -0.148813 0.103870 0.164136 -0.045091 0.031520 -0.079460 0.073624 -0.074034 -0.070054 0.155411 0.065765 0.109637 -0.218188 -0.198305 -0.106928 -0.025313 -0.152902 -0.045710 -0.044537 0.152665 -0.063208 0.127201 0.004992 -0.021418 -0.010496 -0.032678 -0.184770 -0.085659 -0.195447 0.245128 -0.135446 0.034101 0.009327 -0.054279 0.245016 -0.119643 0.040729 -0.016806 0.059544 0.049743 -0.121285 0.038519 0.099426 -0.033631 -0.337422 -0.296047 -0.005599 -0.294792 -0.366552 -0.090641 -0.064830 0.124506 -0.141725 -0.104619 -0.018196 -0.070167 -0.107128 -0.039330 0.073485 -0.315345 -0.045456 -0.183449 -0.110959 -0.032159 0.079366 -0.207685 0.008752 0.322227 0.108737 0.163662 0.027042 -0.031237 0.060959 0.141637 -0.085659 0.040652 -0.187291 0.023962 -0.267840 -0.085866 -0.270569 0.016667 -0.080573 -0.165864 -0.052867 0.003639 -0.076143 0.118955 -0.043799 0.111838 -0.016742 -0.184849 0.141221 -0.079963 0.082495 -0.181131 -0.001764 -0.308545 -0.121170 -0.170703 -0.055471 -0.292736 0.128001 -0.040241 -0.059698 -0.183190 0.128380 0.082406 -0.045796 -0.222457 -0.042995 -0.124641 0.016308 0.013757 -0.254577
0.302620 0.006223 -0.113634 0.173331 0.124964 -0.165825 -0.099958 0.379299 -0.125798 0.198671 -0.030908 0.417789 -0.050137 0.052488 0.092693 -0.387387 -0.085614 -0.232664 -0.032449 -0.310385 0.025016 0.002287 -0.155283 0.192877 0.041615 0.158677 -0.085284 -0.038648 0.080523 -0.017289 0.090384 0.058886 -0.169227 0.074682 -0.166496 -0.356074 0.144517 -0.211565 -0.024016 0.058623 -0.074350 0.198034 0.230617 0.144370 -0.087319 0.138959 0.169719 -0.398296 -0.144522 -0.185767 -0.028475 -0.251145 0.304245 -0.120366 0.159168 0.181021 0.231152 0.199790 -0.166088 0.034095 0.276373 0.088264 0.048999 -0.296100 0.125992 0.014472 -0.152296 -0.092104 -0.275333 0.058728 -0.013981 0.001607 0.114287 0.179254 0.194343 0.271708 0.133450 -0.200638 0.221393 0.114593 0.210737 -0.009254 -0.276455 -0.135089 -0.089574 0.184322 -0.530286 -0.070000 0.034025 -0.063672 0.146734 0.360715 0.250824 0.057070 -0.049072 0.191496 -0.093397 0.036465 -0.069397 0.273504 -0.382063 -0.083740 -0.341719 0.062454 -0.105059 0.049884 0.129121 -0.014946 0.162188 -0.236315 -0.112953 -0.003736 -0.018170 -0.068856 0.006488 0.044542 0.029416 -0.102355 -0.027324 -0.198012 0.024908 0.143862 0.210689 0.031596 -0.031107 0.160265 0.065935 0.110386
0.085683 -0.029461 -0.083658 0.321123 -0.212607 0.044471 0.071247 0.096744 -0.272674 0.029493 -0.038442 0.057427 -0.139189 0.145037 0.175985 -0.455153 -0.100500 -0.330930 -0.124733 0.352906 0.011318 -0.378531 -0.436210 0.070319 -0.054729 -0.222790 -0.064813 -0.205552 -0.039991 -0.074994 -0.001722 0.066394 0.239647 0.011177 0.033563 -0.056253 0.145582 0.002573 0.186200 -0.123051 0.113844 -0.063803 -0.015684 -0.039797 -0.050776 0.167256 -0.071684 0.069574 0.022859 -0.024630 -0.046416 0.052124 0.013004 -0.110729 -0.197312 -0.146538 -0.237583 -0.090966 -0.172381 0.096772 0.185771 -0.118093 0.065538 -0.036315 0.119185 -0.099330 -0.030686 0.000672 0.301156 -0.065732 0.310172 -0.230233 -0.176666 -0.180447 0.194751 -0.112992 0.027930 0.111559 0.212436 -0.094001 0.081775 0.110753 0.075860 0.017659 -0.049411 -0.217468 -0.448700 0.118687 -0.037756 0.129415 -0.182892 -0.201397 -0.243567 0.012961 0.102528 0.016483 -0.141329 -0.037374 -0.003840 -0.062377 -0.187291 0.012094 0.124510 0.070213 0.145094 -0.092718 -0.121982 -0.237798 -0.076352 -0.139098 0.038075 0.020168 0.130747 -0.169438 0.175321 -0.099614 -0.277677 0.085307 0.090328 -0.149868 -0.266958 0.167312 -0.099734 0.051527 -0.124799 -0.060706 0.094896 -0.003105
0.027845 -0.066794 -0.061420 0.078388 -0.309263 -0.250514 0.035145 0.124824 -0.236534 -0.068004 0.101170 0.087418 -0.072472 0.033003 -0.164177 0.013339 -0.124597 0.055982 -0.129479 -0.129255 0.385065 -0.237091 -0.024042 0.044231 0.071268 -0.208089 -0.123426 0.033349 -0.104958 -0.031225 0.136507 -0.133959 0.081143 -0.199638 0.011032 -0.288369 -0.066875 0.198242 -0.203514 -0.101686 -0.241691 -0.155070 0.084991 -0.168366 0.047544 0.092733 -0.304456 0.268917 -0.289303 0.061990 -0.204823 -0.016472 0.029950 0.090083 -0.091941 -0.274227 -0.021258 -0.004907 -0.005391 -0.142847 -0.303132 -0.073676 -0.040040 0.142529 -0.084060 -0.111479 0.229185 -0.008888 -0.150279 0.225709 0.122856 -0.085332 -0.423985 -0.436597 0.103488 0.062419 0.024838 0.150321 -0.294696 -0.218609 -0.039398 0.063682 -0.004090 0.149268 0.048499 -0.122998 -0.112308 0.003021 -0.114734 -0.017571 0.321488 -0.058214 0.027116 -0.195154 -0.039805 -0.001852 0.182965 0.116471 -0.027519 -0.063155 0.006418 -0.138530 -0.290133 0.016137 0.056621 -0.157390 0.004672 -0.105694 -0.444953 0.275467 0.226943 0.024174 -0.162954 -0.105118 0.084686 0.296214 -0.133784 0.360956 -0.033924 0.065426 -0.226273 0.192721 -0.038101 0.017131 0.033766 0.199250 0.018388 -0.313781
-0.016124 -0.192307 -0.191896 -0.001974 0.051526 -0.078197 -0.261540 0.107261 0.052299 0.113308 -0.021109 -0.062922 -0.320896 -0.124719 0.006515 0.026310 0.101362 0.032948 -0.082634 0.151181 0.014216 0.118270 -0.101902 0.110993 0.266880 0.008774 0.217491 0.060205 -0.031431 0.013349 0.151862 -0.015208 -0.029618 0.016873 0.122172 0.307681 -0.027040 -0.005964 -0.048733 -0.016941 -0.084719 -0.013061 0.048363 -0.323698 0.240514 0.001351 -0.050062 0.112088 -0.463040 -0.038787 -0.251505 -0.010196 -0.031885 -0.061587 0.040151 -0.005868 -0.029198 0.047879 -0.013012 -0.030034 -0.091136 0.046406 0.084525 -0.244040 0.126178 -0.001751 0.150479 -0.038501 0.015554 -0.166355 0.041199 -0.036535 -0.094194 0.076765 0.080510 -0.137527 0.167159 0.303846 -0.285081 0.090717 -0.126177 0.339290 -0.006837 -0.024079 -0.121309 -0.114420 -0.197176 0.141498 -0.005394 -0.061628 0.071981 0.041005 0.131910 -0.262970 -0.029444 0.014733 0.159893 0.051224 0.047410 -0.237197 -0.136630 0.014671 0.191355 0.031911 -0.117203 0.179962 -0.070445 -0.163480 -0.121008 -0.240276 0.107478 0.010372 -0.065202 -0.288595 0.112940 0.054859 0.008198 -0.162902 -0.132788 0.098646 0.175559 -0.074244 -0.064853 -0.018090 0.035288 0.198513 0.041783 -0.045979
0.145027 0.014719 -0.030542 -0.009811 -0.047386 0.135151 0.108080 0.319033 -0.049402 0.250594 0.008502 0.100896 -0.038739 0.085555 0.241288 -0.066999 -0.050899 0.126218 -0.140285 -0.073454 -0.058030 -0.119477 0.052521 0.018649 0.154263 -0.148995 0.039914 0.142108 -0.050893 -0.089381 0.176575 0.252140 -0.137263 0.067682 0.039821 0.059419 -0.365238 0.020156 -0.244292 -0.467965 0.006829 0.211222 0.174135 -0.194305 -0.143219 -0.297408 0.027674 -0.166997 0.018147 -0.084628 -0.214745 -0.341886 -0.143696 -0.115623 0.039069 -0.212037 0.130645 0.231766 0.083027 0.119984 -0.062363 0.072837 -0.001128 0.088429 -0.021584 -0.014300 -0.251249 0.020726 0.147703 0.098360 -0.024061 0.084482 0.345661 0.157765 0.262061 -0.003177 0.102588 -0.188695 -0.006774 0.003254 -0.013739 -0.174984 0.154659 0.002384 -0.059823 0.083813 0.098972 -0.122121 -0.063212 0.163763 0.045673 0.013016 0.014272 0.162995 0.103738 0.010770 -0.091182 -0.365334 -0.050627 0.053392 -0.286267 -0.034201 -0.307281 -0.028942 0.142733 0.058580 0.108393 -0.088815 0.110025 -0.154537 0.012659 0.054811 -0.172403 -0.289083 -0.045981 0.125824 -0.479658 0.089608 -0.080899 0.064647 -0.267951 -0.008474 -0.016999 -0.083300 0.061685 0.026306 0.130697 0.280082
-0.071915 0.069615 0.036975 0.059745 -0.054445 0.044753 -0.319453 -0.116840 -0.017324 -0.274668 -0.068902 -0.252011 -0.125244 -0.058132 -0.052464 0.082757 0.225730 0.140036 0.051650 0.127394 -0.013303 0.145922 -0.044236 0.013774 0.063186 0.238372 -0.290143 -0.098506 0.000713 -0.084347 -0.391377 0.201242 0.030250 -0.125997 -0.027738 -0.004349 -0.102921 0.222088 -0.344740 0.396244 0.141045 -0.036775 -0.322717 -0.069087 -0.228760 0.227842 -0.148825 -0.273059 0.143497 -0.262360 -0.034928 0.000205 0.342518 0.155567 -0.108702 -0.399779 0.024762 0.014771 -0.100084 -0.349725 -0.153695 0.282682 0.251272 -0.168521 0.324961 -0.274751 -0.298750 -0.039902 0.048447 0.161884 -0.422040 -0.130759 0.345860 -0.324571 -0.164420 0.152686 -0.327138 -0.018154 -0.026523 0.081881 -0.026425 0.068529 0.182924 -0.000090 -0.308718 -0.037400 -0.293930 -0.089805 -0.085768 -0.320445 -0.054573 -0.238973 0.085828 0.026874 0.165000 -0.218270 -0.187114 -0.036844 -0.032391 0.129559 -0.389473 -0.154611 -0.456455 -0.050595 -0.164919 -0.051407 -0.093469 -0.385905 -0.121549 -0.014407 0.006916 -0.073894 -0.005476 0.230859 -0.140860 -0.344381 0.064958 0.193926 -0.059168 -0.002383 0.032102 0.212984 -0.053943 0.057263 0.074236 -0.115949 -0.048289 0.000361
0.039707 -0.074533 -0.155746 0.083280 -0.073461 -0.127559 0.078974 -0.253153 -0.048278 -0.174712 0.079228 -0.234027 0.177611 -0.031354 0.105695 0.134530 0.137543 0.068437 0.236985 -0.037681 0.003224 0.235216 0.166964 0.122908 -0.071929 0.230615 0.134177 -0.094847 -0.005532 -0.157822 -0.067594 -0.098473 0.000128 0.215167 -0.031794 0.024586 -0.163653 0.141473 -0.039962 0.067994 0.095885 -0.060564 -0.086832 -0.212235 0.363785 -0.052297 -0.097610 0.049544 -0.135086 -0.473202 0.056710 0.038601 0.258183 -0.118748 0.138282 0.074125 -0.265079 0.243914 -0.032869 0.204115 -0.406561 -0.203461 0.043040 -0.113913 -0.072929 -0.017260 -0.321379 -0.033493 0.280336 0.080950 0.069480 0.205949 -0.170768 -0.077007 -0.603623 0.081695 0.205449 -0.062965 -0.073064 -0.071160 -0.136082 0.058495 -0.092059 -0.101064 -0.103292 -0.152660 -0.073074 -0.027997 -0.040678 -0.238811 0.114545 0.159519 0.110281 -0.423736 -0.227727 0.147800 0.060379 0.033660 0.042110 -0.080106 -0.000971 0.180428 -0.059680 0.048011 -0.014797 -0.093867 0.013026 0.084423 0.173504 0.251650 0.037144 -0.018502 -0.107992 -0.156199 0.054993 0.163416 -0.136437 0.126884 -0.199085 0.081595 0.163268 -0.042095 -0.183308 0.013222 -0.094846 0.002294 0.094883 -0.151481
0.308046 -0.129462 -0.124397 0.174333 0.137870 -0.241125 0.248684 -0.127063 -0.062504 -0.065058 -0.255999 0.150946 -0.194230 -0.447369 0.104345 -0.030053 0.075828 -0.160096 -0.053335 -0.120512 -0.264841 0.225249 -0.130472 0.188437 -0.381801 -0.117080 -0.031936 -0.191653 -0.019262 -0.003506 0.136368 0.007590 -0.037486 -0.086439 -0.100866 -0.371288 0.256595 -0.106123 0.117145 0.030528 -0.053540 0.112505 -0.156713 0.005884 0.062752 0.052129 0.114585 0.343071 0.222336 -0.165432 0.003578 -0.309893 0.247937 -0.044375 -0.145585 0.112072 -0.464123 -0.215931 -0.056969 -0.048027 0.106050 -0.006944 0.131776 0.014930 0.148866 0.028559 -0.083849 -0.010122 -0.330094 -0.286512 0.021895 -0.117787 -0.187599 -0.011639 -0.062814 0.012143 -0.090248 0.194425 -0.022590 -0.052182 0.000275 0.009614 -0.031126 -0.378719 0.127017 -0.072894 -0.025844 -0.384661 -0.091690 -0.224754 0.031264 0.104789 0.131525 -0.125853 -0.234599 -0.149896 -0.090579 -0.347005 -0.079055 0.218464 -0.411846 -0.225147 0.119078 0.133199 0.146088 -0.207663 0.118771 -0.195819 0.414449 0.159013 0.219873 0.031601 0.024454 -0.034997 0.113198 0.155349 -0.065082 -0.245635 0.043486 -0.068451 0.095250 0.200919 -0.105387 -0.036216 0.037355 0.222576 0.005158 -0.024959
-0.195719 -0.022669 -0.173353 -0.094597 0.303253 -0.125495 0.073069 -0.011600 -0.035525 0.268522 0.037614 0.013730 0.065165 -0.082327 0.107400 -0.206225 -0.150592 -0.039282 0.102027 -0.168413 -0.035566 0.285508 -0.061307 0.263644 -0.074063 -0.103353 -0.034133 -0.149976 -0.036436 -0.215779 -0.317725 -0.207054 -0.111731 -0.103432 0.015605 -0.110381 -0.113136 -0.247106 -0.377923 -0.109921 0.173408 0.109142 -0.201392 -0.176126 -0.065561 -0.211256 0.095456 -0.018087 -0.025826 0.197073 -0.168013 0.052222 0.043104 0.007366 -0.142829 -0.052502 -0.048723 -0.057317 0.046318 -0.160572 -0.145838 -0.013863 0.155865 -0.164524 0.016878 -0.141781 -0.343735 -0.129663 0.200199 -0.021607 0.058031 0.186013 0.100528 -0.069115 -0.067299 0.078921 -0.366544 -0.102634 -0.311595 -0.228476 0.034237 -0.234317 -0.095466 -0.142060 -0.099038 0.320139 -0.238068 -0.314080 0.056281 -0.284625 0.119498 0.061852 0.091735 0.172408 -0.026546 0.095064 0.112867 -0.111933 0.047428 -0.062166 -0.368347 0.087825 0.225939 -0.051636 0.106283 0.104149 0.212123 -0.014782 0.135698 0.167702 0.109175 0.056810 -0.095025 -0.116016 -0.174420 -0.044497 -0.220979 0.124271 0.057106 0.014336 0.090968 0.261909 0.318487 -0.068458 -0.015721 0.201363 0.055856 0.261360
0.005997 0.064160 -0.154619 0.313455 -0.225728 -0.264928 -0.077578 0.050894 0.080812 -0.192202 0.056290 -0.062284 -0.024265 -0.101096 0.196947 -0.007455 -0.027954 -0.106874 -0.094700 -0.013749 -0.042920 0.026752 -0.173535 0.182439 0.007589 0.176149 0.152518 -0.450717 -0.013677 -0.060169 -0.111356 0.317447 0.115101 -0.181986 0.088717 0.209204 -0.024178 0.041071 -0.260282 0.288366 -0.071541 -0.257301 -0.116132 -0.317263 0.084467 0.021690 -0.027973 0.095588 0.150433 -0.111532 -0.418347 0.168125 -0.170410 0.096033 0.248944 -0.135708 -0.141656 0.250110 -0.115680 0.091582 -0.081685 -0.127487 0.127453 -0.314586 0.003996 0.080497 0.203640 -0.045766 0.082317 0.064443 0.014294 0.225499 -0.171436 -0.100331 -0.126248 -0.019707 0.251602 -0.145709 -0.194211 -0.325325 0.179563 -0.230979 -0.102672 -0.016319 0.110591 0.050080 0.014879 0.270710 0.047266 0.130238 0.214598 0.078994 -0.055684 0.008336 0.177475 -0.057218 -0.304703 0.213256 0.028664 0.092484 -0.118464 0.116620 0.049167 -0.060177 -0.459935 0.022106 0.083398 0.102474 -0.149550 -0.132780 0.133431 0.005654 0.026743 -0.126310 0.257161 -0.133468 0.067512 -0.149841 -0.219585 -0.064698 -0.159704 0.022571 0.046000 0.014480 -0.072685 0.357028 -0.036590 -0.246022
0.033770 -0.056919 -0.439477 0.114925 0.097400 0.194938 0.042753 -0.071470 0.070737 0.289650 0.163645 0.199728 0.126329 -0.216243 0.084086 -0.116477 0.199248 0.018367 0.027817 0.153980 -0.043562 0.039517 0.050745 0.173304 -0.028416 0.032293 -0.035599 -0.148282 0.011063 -0.434783 -0.027975 0.144976 0.176171 0.010669 -0.013464 -0.513426 -0.105871 -0.054113 -0.050874 0.100810 0.047991 0.135474 -0.188601 -0.211677 -0.007924 -0.218628 0.174196 0.377318 -0.144024 -0.031970 0.138003 0.072594 0.324545 -0.141197 0.301599 -0.011736 -0.198316 0.104543 -0.305968 -0.018222 -0.079730 -0.021942 0.193512 -0.094061 0.244609 -0.073080 -0.379059 -0.040489 0.000952 0.051584 -0.253052 0.124916 -0.014306 0.326643 -0.298199 0.214946 0.106208 0.051365 -0.022703 -0.163328 -0.006795 0.137948 -0.070243 0.109347 0.252798 0.006316 -0.124690 0.109947 0.069899 -0.075150 -0.080464 0.284993 0.070809 0.007606 -0.003788 0.039954 -0.121421 -0.286675 -0.060016 -0.020625 -0.376699 -0.407649 0.154257 0.124080 0.119099 -0.017318 0.140808 -0.191878 0.112472 -0.184958 0.011192 0.054594 -0.014529 -0.116352 -0.192553 -0.157144 0.057930 0.064066 0.056205 -0.051328 0.027012 0.077208 -0.150286 0.001515 0.046556 0.070034 -0.328707 0.020010
0.021492 0.008094 0.258757 0.000499 0.029847 -0.081106 0.045632 0.002621 -0.039368 -0.170391 -0.112493 0.091837 0.002994 0.032355 -0.198485 -0.036272 -0.073507 0.028952 -0.094888 -0.007225 0.304663 0.178481 0.210463 0.148322 0.377142 -0.115217 0.078076 -0.058500 0.000260 -0.188350 0.079814 -0.170878 0.195735 0.106721 -0.177503 0.124354 0.163266 0.079530 0.183695 0.047851 -0.012534 -0.177119 0.044756 0.033959 -0.079034 -0.194486 -0.110231 -0.108153 -0.299528 -0.090123 0.030672 -0.104606 0.161086 -0.249410 -0.030298 0.107778 0.278242 0.082626 0.068383 0.076327 -0.012486 0.011768 -0.224761 0.143655 0.172354 0.015915 0.053161 -0.058469 -0.089289 0.197886 0.160801 -0.277428 -0.221808 -0.008742 -0.059879 -0.083778 0.038692 0.130893 0.054680 0.015953 0.080656 0.003076 -0.144604 -0.154555 0.132935 -0.113207 0.012484 0.074747 0.010709 -0.000866 0.029290 0.031951 0.077554 0.044564 -0.020192 -0.000169 0.177815 -0.139001 -0.028474 0.136187 -0.038768 0.291762 -0.099115 -0.014106 0.034703 -0.069175 0.046006 0.195184 -0.381231 0.373851 0.070497 -0.055162 -0.120010 -0.105004 0.157071 -0.047266 0.116166 -0.142459 0.057668 0.053882 0.043042 -0.075874 -0.113577 -0.090821 -0.035783 0.018144 -0.007821 0.038478
0.070433 -0.016977 -0.079477 -0.110791 0.137941 0.086856 -0.118830 -0.351815 -0.224835 -0.239370 0.255562 -0.038642 0.272223 -0.030847 0.003914 -0.195706 -0.280191 0.119358 -0.087776 0.108805 0.172849 -0.021659 0.238797 0.309568 -0.051231 0.102119 -0.253151 0.011817 -0.093107 0.118266 0.190907 -0.150492 -0.075767 0.094035 0.042950 -0.390107 -0.173955 0.104477 0.040783 0.073129 0.117057 -0.121401 0.235815 0.147317 -0.057287 0.023839 -0.358282 -0.272236 -0.172428 -0.033493 0.057540 0.076116 0.058330 -0.142583 0.048104 -0.091315 0.062544 0.092622 0.045529 0.012725 0.059896 -0.091721 -0.209033 -0.102752 -0.165298 0.310242 -0.152849 0.033667 0.161242 0.005242 -0.166450 0.026855 0.181383 0.278474 0.177375 0.134148 0.012959 0.239999 -0.275799 -0.164984 0.125348 0.200558 0.163217 -0.141601 0.092062 0.134896 0.150128 -0.212699 -0.091805 0.151608 -0.544883 0.272761 0.151712 0.150685 0.158902 0.046190 0.034891 -0.461852 -0.123061 0.095381 -0.093789 0.066177 -0.093719 -0.036922 0.036302 0.194260 -0.176256 -0.050288 -0.006703 0.049346 -0.217210 -0.022002 -0.184018 -0.250526 -0.165726 0.200606 -0.164109 -0.093057 -0.167464 0.030443 -0.170871 0.100698 -0.074204 0.030551 -0.037852 -0.100720 0.103608 -0.121209
0.179278 -0.085414 -0.077404 -0.197409 0.215315 0.162095 -0.409041 -0.074344 0.111603 -0.379852 0.002987 0.077388 -0.149158 -0.129042 0.176823 0.230079 -0.422158 -0.137361 0.403923 -0.345089 -0.044235 0.161524 0.329100 0.107316 -0.008686 0.093296 0.189513 -0.339885 -0.013821 -0.021132 0.097036 0.081556 -0.033564 -0.367348 -0.048107 0.276041 -0.280707 -0.385154 0.184050 0.219524 -0.144933 0.148985 0.130287 0.147503 0.176338 0.002946 -0.033965 -0.014187 0.106898 -0.030310 0.198958 -0.087839 -0.106355 -0.004309 0.308387 0.021363 -0.072246 0.127084 0.077990 0.124321 0.119789 0.081454 0.139195 0.030420 0.221299 0.227788 0.153750 -0.080376 0.079269 -0.053346 -0.121152 -0.459069 -0.043211 0.066948 -0.084263 -0.095611 -0.086516 -0.184673 -0.437486 0.113535 0.142228 0.092999 -0.524009 -0.317902 -0.111221 0.016359 0.057086 0.016422 0.053387 0.263928 -0.185466 0.151354 0.275364 0.028750 -0.045148 -0.158400 0.005294 0.109628 -0.043999 0.109524 0.050359 0.135471 0.086913 -0.039639 0.035765 -0.146206 -0.235904 0.090991 0.361145 0.176745 0.293273 -0.124348 -0.290212 -0.096250 -0.127022 -0.010776 -0.234350 0.169994 -0.004689 -0.034786 0.075228 -0.251239 0.238458 -0.045996 -0.036848 0.005550 -0.664288 0.220655
0.106966 0.151060 0.075997 -0.018322 0.245254 -0.065848 0.182452 0.011502 -0.051005 -0.033981 -0.229943 -0.089296 0.281366 -0.041745 0.206007 0.125394 0.004701 0.039148 -0.046995 -0.127619 0.089704 -0.122517 -0.070548 0.002194 -0.287812 0.116787 -0.057196 -0.008578 -0.115370 -0.114110 0.201083 -0.156878 0.370211 0.018818 0.000044 -0.031577 0.105707 -0.167791 -0.157966 -0.254123 0.132787 -0.209425 0.038719 -0.065678 0.056809 0.189633 -0.136072 0.019886 0.030546 0.025975 -0.208788 0.122837 -0.016288 -0.065886 0.015939 -0.016943 -0.057583 -0.090143 -0.092174 0.295316 0.310050 0.237885 -0.114306 -0.055325 0.155656 -0.092917 -0.095866 -0.063627 0.078379 0.130161 0.227473 0.034166 -0.238913 -0.099409 0.060532 -0.021319 0.017936 0.013186 0.112484 -0.047304 0.233421 -0.122508 0.058673 0.021440 0.068721 -0.008794 -0.143990 -0.119671 -0.109089 -0.185581 0.133446 -0.285755 0.080923 -0.191229 -0.127850 0.220439 0.044081 0.203009 -0.016289 0.033323 -0.020073 0.054919 0.109236 0.008914 0.165485 -0.251340 0.123094 0.306214 -0.182799 -0.105922 0.164167 -0.134391 -0.015336 -0.015212 -0.009484 -0.117718 0.155331 -0.067243 0.352720 0.126396 0.115720 -0.034476 0.132524 -0.021076 -0.030521 0.130092 -0.117809 -0.147677
0.024283 0.076344 0.208016 -0.006840 -0.006594 -0.121336 -0.033807 0.062288 0.125651 -0.226492 0.142279 0.087531 -0.038339 -0.333623 -0.236031 -0.258274 -0.115719 0.028462 0.116349 0.314497 -0.213030 0.144755 0.154848 0.253300 0.292954 -0.231685 -0.268392 0.097822 -0.075626 -0.026985 0.085292 -0.226122 -0.004792 0.089864 -0.062220 -0.271372 -0.084272 0.071513 0.194844 -0.084173 0.000137 -0.148161 0.161816 0.078877 0.096824 0.048977 -0.013745 -0.373670 0.034232 -0.186406 -0.337753 -0.053724 0.125325 -0.134153 0.111104 -0.147244 0.022531 -0.127285 -0.358002 -0.017506 0.150005 0.125457 -0.226555 0.212080 0.034726 0.117659 -0.453492 -0.096156 0.229360 -0.092615 -0.151362 -0.214922 0.168367 0.359693 -0.003261 0.172764 0.090321 0.148754 -0.187271 -0.062198 0.046479 -0.012847 0.067469 0.087203 -0.119223 0.030179 -0.084177 -0.285976 -0.108531 0.284230 -0.094504 0.134040 0.018362 -0.002607 0.030218 -0.199457 0.039299 -0.134892 -0.050154 -0.102681 0.205444 0.014010 -0.084679 0.045505 0.181126 0.161965 -0.132010 -0.137477 -0.043330 0.230043 -0.071645 -0.034113 -0.078778 -0.011864 0.235109 -0.007209 -0.307193 0.023442 -0.145089 -0.109952 0.061709 -0.033249 -0.344121 -0.036459 0.048246 0.020064 0.071926 -0.294256
-0.019421 -0.150651 0.284346 -0.235721 0.043889 0.070938 -0.209548 0.018620 0.022311 -0.137873 -0.133596 -0.196392 -0.013507 0.161030 0.117566 0.014268 0.016829 -0.144313 0.000932 0.108667 -0.157795 0.138455 0.134690 0.090791 -0.006072 0.251446 -0.105167 0.087091 -0.014762 0.133218 0.142073 -0.293070 -0.117916 0.096230 -0.026477 -0.032367 0.083727 -0.098729 -0.049513 -0.084130 -0.065304 0.036058 0.347737 0.035706 -0.191047 0.014072 -0.181265 -0.098371 0.030442 -0.232724 -0.174482 0.263484 0.142800 0.126024 -0.007222 -0.151321 0.059647 0.102292 -0.064696 -0.121193 0.164798 0.060648 -0.101178 0.135164 -0.120968 0.034063 -0.192014 0.083316 -0.056904 -0.110140 0.139124 -0.103851 0.000674 0.002009 0.071310 0.121955 -0.054546 0.068258 0.190628 0.211219 -0.166671 -0.092724 -0.297485 -0.177449 0.192399 0.067841 -0.168976 0.017502 -0.043779 -0.054308 0.054065 -0.014684 0.171465 -0.100348 0.055126 0.014292 0.124379 0.117333 0.010164 0.054506 -0.107307 0.209796 0.032332 -0.061666 0.241508 0.016251 -0.026172 0.204912 -0.031085 0.149125 0.053141 -0.015409 -0.227021 -0.240099 0.196480 0.002667 0.137144 0.004220 0.048356 0.100935 0.142722 0.072552 -0.101943 -0.021397 0.016667 0.167159 0.287954 -0.159304
0.208506 -0.132882 0.087627 -0.135076 -0.000520 0.098135 -0.168404 0.058823 -0.182800 0.067491 -0.088401 0.290807 0.013154 -0.093408 0.328622 0.133425 0.129146 -0.106581 -0.422286 -0.170490 0.182588 -0.219366 -0.290471 0.035307 -0.115778 0.086641 0.150749 0.034078 0.000078 0.236890 0.039130 -0.092658 0.159432 0.241123 0.009866 -0.184134 -0.246947 0.004939 0.120225 0.054168 0.052230 0.079898 0.080320 0.203225 -0.083446 0.093272 -0.025362 0.007686 0.159601 -0.001378 0.144438 0.122401 0.122167 -0.123997 0.007985 -0.353364 -0.021271 0.306191 0.101660 0.015342 0.204288 0.105419 -0.029511 0.139128 0.029840 0.006632 -0.296047 -0.034708 0.118105 -0.208440 0.034679 0.047204 -0.044573 0.164699 0.065505 -0.065583 0.148323 0.087746 0.158629 -0.262128 -0.072977 -0.102706 -0.187301 0.030614 0.204818 -0.013577 -0.074549 -0.032367 -0.003172 0.283071 -0.428087 0.039145 0.060086 0.078979 0.130245 -0.083147 -0.082232 -0.031365 -0.140233 -0.113830 -0.001992 -0.300110 -0.248757 -0.014117 0.044423 0.021796 -0.198701 -0.056755 0.106131 0.058336 0.002421 -0.071494 -0.157100 0.140817 0.116103 0.018133 -0.009724 0.204660 0.333418 -0.135763 0.057783 -0.032320 -0.212720 -0.154100 0.065658 -0.006951 -0.066974 0.122103
0.013908 -0.161094 0.353428 -0.021769 0.090400 -0.298526 0.032078 0.008254 -0.062719 -0.268534 -0.302446 -0.245639 0.239360 -0.438259 -0.184992 -0.102009 -0.010577 0.018471 -0.178165 -0.038010 0.121065 0.171223 0.021607 0.433276 0.347980 0.092549 0.071807 -0.043833 -0.042275 -0.000973 0.066986 -0.301117 0.410645 0.062132 0.107258 -0.053781 0.106587 -0.008638 0.361834 0.260138 0.065437 -0.058050 -0.070523 -0.083693 -0.095678 -0.027787 -0.087920 0.072730 0.049344 0.197653 -0.055183 0.076478 0.388158 -0.084376 -0.071130 0.091498 -0.258101 -0.002042 -0.200930 0.182469 0.211972 0.272689 -0.015323 0.073882 -0.302179 -0.210423 -0.008177 -0.052061 0.201543 0.074188 -0.091957 -0.039534 0.058628 0.151621 0.062819 0.034684 0.228574 0.133497 -0.248360 0.036499 -0.127925 0.326906 -0.020956 -0.042217 0.033605 -0.156969 0.077090 0.216612 0.034539 0.203056 -0.269757 0.079516 0.170310 0.199094 -0.099762 0.188544 0.103275 -0.277766 -0.063062 0.016435 0.064665 0.043692 0.119477 0.028581 0.185546 -0.021757 -0.058723 -0.156244 -0.216294 -0.036301 -0.178711 -0.031266 -0.059294 -0.176679 0.248978 -0.066005 -0.188969 -0.270418 0.053442 0.070606 0.401707 -0.148197 -0.024689 -0.016374 0.055884 0.349701 -0.339129 -0.176340
-0.084167 0.004733 0.080871 -0.034893 0.040172 0.014979 -0.124500 0.046055 0.060789 -0.016392 -0.077102 0.081633 -0.287513 -0.011164 -0.075962 0.180215 0.143111 -0.019366 -0.132010 -0.547078 0.068006 0.060098 0.203573 0.072110 0.032596 0.142799 -0.050213 0.007398 0.003640 0.077125 -0.142761 -0.250421 0.081178 -0.066203 -0.085585 -0.105312 -0.008040 -0.141843 -0.001903 -0.049039 0.208673 -0.293858 0.270444 0.432131 0.239970 0.018332 0.102898 -0.127270 -0.131016 0.000913 0.064707 -0.126287 0.218140 0.071079 0.112647 0.113501 0.240388 0.105241 0.304489 0.045678 0.288493 -0.158238 -0.075772 0.116020 0.341532 0.112706 -0.031734 0.000182 -0.165615 -0.036919 0.027491 0.096317 -0.291292 0.074148 -0.039112 -0.012592 -0.117520 0.109092 -0.028061 -0.014423 0.176349 -0.069646 -0.288826 -0.252867 -0.067022 0.132144 0.212706 -0.064895 0.002535 -0.066671 -0.097862 -0.124113 0.253651 0.168766 0.096286 -0.048632 0.181740 0.031342 -0.140969 0.074577 -0.007659 -0.032531 0.267930 -0.128011 -0.034087 0.118750 -0.160228 0.205998 -0.037310 0.122388 0.072133 -0.128076 -0.087029 0.283134 -0.141263 -0.023618 0.093726 0.021156 0.084592 -0.053298 -0.136446 0.127319 0.085805 -0.017729 -0.077263 -0.095288 -0.075868 0.132100
-0.037106 -0.052508 0.013832 -0.352085 0.119699 0.041417 0.567241 -0.018243 -0.046158 -0.072675 0.025373 -0.182079 -0.023742 0.095741 -0.177376 0.092227 0.156033 0.174093 0.124372 0.299057 0.404698 0.157870 0.096596 0.066188 0.083806 0.061679 -0.032131 0.028292 -0.038663 -0.021197 0.074223 0.121320 0.127897 0.080357 0.060808 -0.073802 0.092022 -0.047185 -0.035826 -0.340004 0.025401 -0.284469 0.181173 0.022994 0.042538 -0.079865 -0.087468 -0.157875 -0.030949 -0.049190 -0.120775 0.355231 -0.074678 0.029251 0.154039 0.093522 -0.431970 -0.021666 -0.163609 0.177486 -0.129981 0.184920 0.149882 0.319242 0.114651 -0.130428 -0.190913 0.104986 -0.003498 0.096618 -0.193077 -0.068558 -0.455838 0.029562 0.174542 -0.171052 0.180129 0.170568 -0.035421 0.016484 -0.015440 0.022250 -0.303403 0.142557 -0.007815 -0.025214 0.046554 0.076300 0.035433 0.013727 -0.223724 -0.108704 0.263362 0.152374 -0.231320 0.201984 0.002304 -0.116336 -0.171099 0.067851 -0.006015 0.072742 -0.191869 -0.080426 0.177906 -0.041430 -0.162134 0.006323 0.145434 -0.438007 0.009339 0.019373 -0.261888 -0.160330 0.076449 0.141137 -0.345074 0.163579 0.073261 -0.019008 0.177552 -0.202578 0.115036 -0.037583 0.077639 0.069825 -0.035949 0.184458
0.124893 0.094823 -0.087355 -0.076452 -0.065370 0.242532 -0.065942 0.304527 0.001376 -0.370392 -0.047677 0.290712 -0.196340 0.118476 0.218881 0.168610 -0.185670 -0.005190 0.093263 -0.131380 -0.096020 0.008268 0.081388 -0.205050 -0.083252 0.057134 0.059652 0.115075 0.136507 0.037727 0.154455 -0.097221 -0.013856 0.147496 0.028237 0.024605 0.073315 -0.061294 0.011968 -0.363758 0.080015 -0.092070 0.028373 -0.073073 0.021180 0.089680 -0.026752 -0.112291 0.048086 -0.187579 0.060539 0.076835 0.166069 0.186686 -0.006704 0.052041 -0.045326 0.239587 -0.140535 -0.021824 -0.026497 -0.030416 0.134147 0.064935 -0.057391 0.000942 0.070237 -0.045855 -0.050204 -0.493715 -0.111173 -0.121339 -0.240471 -0.013400 -0.536335 -0.104581 0.092629 0.009188 -0.166475 -0.166618 -0.044115 -0.030552 -0.221416 0.257667 -0.069124 0.013067 0.116635 -0.076576 -0.033262 0.232983 -0.072519 -0.076049 0.161311 -0.025675 -0.156249 -0.080509 -0.103150 0.041772 -0.126358 0.093690 0.111554 0.244144 -0.070091 -0.000781 -0.036523 0.040207 -0.222209 0.200483 0.078691 -0.035281 0.167370 0.037225 -0.074805 -0.069147 0.127200 0.033081 0.039760 0.250858 0.047375 0.006620 0.071833 -0.335449 0.045545 -0.008234 -0.147064 -0.081453 -0.646946 0.119084
-0.000192 -0.028385 -0.120113 0.178192 -0.244756 0.136673 -0.215390 0.368238 -0.034649 -0.271558 0.067523 0.126696 0.163720 0.152062 0.348743 -0.027482 -0.147323 -0.530140 -0.079377 0.039576 -0.064300 0.054671 -0.195092 -0.161298 -0.183716 -0.175486 0.050092 -0.113339 -0.004690 -0.087509 0.033749 -0.018235 -0.239835 0.008546 -0.105204 -0.034242 0.142365 -0.421218 -0.220929 -0.079796 0.013118 0.237413 -0.019351 -0.065632 0.284307 0.155168 0.041654 0.127165 0.009850 -0.164176 -0.061204 0.100478 0.073141 0.012330 -0.075413 0.049315 0.084154 0.284690 0.041064 0.053094 -0.068584 -0.105016 0.022573 -0.107279 -0.010878 0.063183 0.110380 -0.046186 0.182021 -0.308143 -0.068350 0.106051 -0.200024 -0.078343 -0.513582 -0.324732 -0.043895 -0.023332 -0.059742 -0.137695 -0.118257 -0.112870 -0.158340 0.163300 -0.103607 -0.031639 0.110433 0.095313 -0.034728 0.124196 0.161692 -0.000760 -0.091832 0.328720 0.246388 -0.134711 -0.278401 -0.205565 -0.090780 0.274165 -0.025214 0.137395 -0.126667 -0.011652 0.246790 -0.049237 -0.076531 0.099840 0.085236 -0.053136 0.194160 -0.051848 0.061124 -0.067776 0.100204 0.190462 -0.101644 0.136968 0.090575 -0.045126 -0.103252 0.051319 -0.033240 0.007603 -0.062044 -0.057095 -0.114493 0.143014
0.195220 -0.026229 -0.326664 -0.064994 0.332881 -0.096188 0.085218 -0.209603 0.006934 0.273847 -0.141541 -0.345772 -0.016319 -0.280892 0.033299 0.277447 0.251017 -0.193834 -0.097781 -0.265374 0.061091 0.059510 -0.140829 -0.007495 -0.151474 0.097691 -0.384970 0.001726 -0.064390 -0.074195 -0.130570 0.148548 -0.066009 0.002082 0.035143 0.053087 0.068196 -0.109936 0.017436 -0.221404 -0.082209 -0.180262 0.185387 0.048264 0.075956 0.300618 0.001198 -0.013416 0.003154 0.151508 -0.160349 -0.168893 -0.060192 -0.119249 0.108879 0.177222 -0.194977 -0.065025 0.182080 -0.195635 0.001577 -0.267139 -0.011094 0.105345 0.001148 -0.054289 -0.042128 0.045454 -0.041496 -0.216713 -0.121007 0.199497 0.223137 -0.025298 0.083674 -0.101072 -0.018865 0.224784 0.159081 -0.275614 -0.085531 0.130611 0.147165 0.034917 -0.100272 0.039556 -0.103900 0.093472 -0.005467 -0.170396 0.070757 0.007504 -0.023844 -0.338890 0.138572 0.128666 0.032098 -0.081582 0.019103 -0.196630 -0.315599 0.195844 0.234557 0.023839 0.106116 0.006110 -0.082913 -0.297683 -0.353186 -0.112579 0.243513 -0.027071 -0.077259 -0.019144 -0.341681 -0.012102 0.050681 0.119086 0.013867 0.060324 0.107402 0.187206 0.324813 -0.045983 -0.066600 -0.008603 0.151123 -0.175874
0.124741 0.227429 -0.098668 0.113854 -0.261628 0.131607 -0.341630 0.249889 -0.248774 0.173679 -0.032399 -0.224864 -0.152620 -0.617855 0.265126 -0.008331 0.125400 -0.216227 -0.315459 0.077142 0.041926 0.094771 -0.388781 -0.093805 0.096372 0.160808 -0.052888 0.066230 -0.074756 -0.187421 -0.123527 0.153748 -0.280179 0.050656 -0.019305 0.069375 -0.024563 -0.122909 -0.089656 -0.366570 -0.063632 -0.394397 0.164578 0.079509 0.040746 -0.088244 -0.053876 0.038664 0.178371 0.007782 -0.386526 -0.063830 0.037442 -0.191025 0.023842 0.013058 -0.058723 -0.104165 -0.459059 -0.460430 -0.176238 -0.266525 0.011067 0.060563 0.052423 -0.043666 -0.221169 -0.081219 -0.163700 -0.245490 0.040113 0.128530 -0.469787 -0.259056 -0.224511 -0.171513 0.143695 -0.008454 -0.009134 -0.244836 0.425946 0.176029 0.121422 0.107357 0.211077 0.156998 0.061737 0.034812 -0.099220 -0.035559 0.171890 -0.044456 -0.293991 -0.154102 0.154407 -0.041659 0.015840 -0.166497 -0.025281 -0.140020 -0.048823 0.117147 0.150755 -0.007496 0.056761 -0.129282 0.039906 -0.163714 -0.253010 -0.265098 0.103901 0.040051 -0.084920 0.050205 -0.079311 0.096841 0.225184 0.176712 0.106838 0.216295 0.101077 0.116935 0.035815 -0.021005 -0.122773 -0.010308 0.121542 -0.158511
0.071481 -0.259669 0.082094 0.034076 -0.067151 -0.233054 -0.200169 0.065264 0.036712 0.002364 -0.128702 -0.060765 -0.218684 -0.528513 -0.123913 0.135669 0.058155 -0.070228 -0.146592 -0.186586 -0.000964 0.214284 0.005121 0.272714 -0.218888 -0.114074 -0.033070 -0.010505 -0.007741 -0.042154 0.050539 -0.186015 0.094303 0.024547 -0.018366 0.231983 -0.105285 -0.085607 0.035980 0.212502 -0.006544 0.010382 -0.069082 -0.008769 -0.118439 0.042063 -0.051300 -0.092621 -0.022099 -0.055520 -0.130840 -0.106092 0.000397 0.203662 0.241115 -0.177521 -0.327837 0.078412 -0.031065 0.224020 -0.221766 0.065544 0.002556 0.027121 0.286245 -0.037863 -0.457513 -0.103999 0.085576 0.038108 0.283383 0.120772 -0.202625 -0.105790 -0.290251 -0.118691 -0.112509 0.167233 0.242749 -0.276382 0.237469 0.349431 -0.165323 -0.288529 0.018096 0.149751 -0.300870 0.096138 0.092802 -0.024467 0.080085 -0.075232 0.006336 -0.011493 -0.058922 0.115430 -0.016493 0.070265 -0.008379 0.009184 -0.454518 0.027410 0.246239 -0.028364 -0.009686 0.020435 -0.184596 0.200850 -0.047387 -0.384921 0.006399 -0.099074 -0.165744 -0.019730 0.070770 0.033231 -0.045226 -0.006365 0.140983 -0.092575 0.022044 -0.175633 -0.037911 -0.124513 -0.188712 0.010818 -0.102851 -0.092456
-0.113418 0.126568 -0.268026 0.002675 0.122313 0.120886 -0.071176 -0.063284 -0.275876 0.033091 0.045657 -0.046863 0.084253 -0.054533 -0.117980 0.138432 -0.087666 0.091778 -0.226231 0.163073 -0.159072 0.130177 0.162873 0.130045 0.089139 0.246712 -0.122557 -0.092030 0.185592 0.147027 -0.033012 0.128516 0.000435 -0.171076 -0.116520 -0.083227 -0.142028 -0.106666 -0.137020 -0.181993 -0.155303 -0.404884 -0.052666 0.089988 0.396459 0.106897 -0.059320 0.012948 0.052521 0.041509 -0.038390 0.085569 -0.078299 -0.147348 -0.024234 0.003383 -0.107999 0.109980 -0.161894 0.130717 -0.087073 -0.263705 0.070981 0.109378 0.216101 0.150323 0.040920 0.083534 -0.042218 -0.472577 -0.139206 -0.112620 -0.102282 -0.188320 0.197928 -0.320797 -0.142474 0.038821 -0.028902 0.017382 -0.001724 -0.020688 0.193503 0.064668 0.077250 -0.031093 0.077335 0.062054 -0.056996 0.166802 0.002331 -0.256076 -0.150343 -0.412079 -0.155999 0.217367 0.071337 -0.218786 -0.076110 0.174188 -0.061006 -0.085779 0.205191 0.072306 0.053882 0.080074 -0.099212 -0.171944 -0.053390 -0.236233 -0.080872 -0.023375 -0.046988 -0.098047 0.121085 0.023646 -0.052802 0.045040 -0.145406 -0.108726 0.088888 -0.265874 0.139167 -0.111525 -0.064015 0.281085 0.126842 0.063448
-0.037080 -0.049084 0.101349 -0.046368 0.166473 0.161306 0.177117 -0.011016 -0.047126 -0.070689 -0.319321 -0.151301 -0.006245 0.133405 0.037508 0.300575 0.081249 -0.044378 -0.238935 -0.236557 0.124420 -0.013752 0.074497 0.041890 -0.133262 -0.019785 -0.149255 0.062321 -0.052930 -0.090515 0.008766 -0.018548 -0.043758 -0.244191 0.033229 -0.193558 -0.136366 -0.410832 0.034605 -0.216281 -0.076159 0.123704 -0.071345 0.228551 -0.035735 0.036057 0.323581 -0.232087 0.131679 0.150992 -0.073247 0.042759 -0.152524 0.092859 -0.023967 -0.362096 -0.041488 -0.014815 0.253176 -0.019983 -0.037752 -0.008402 0.067700 -0.404362 -0.111728 0.207588 -0.173282 -0.103951 -0.074871 -0.085769 -0.082590 0.180507 -0.286898 -0.195441 -0.223437 -0.052220 -0.247282 0.206719 0.033315 -0.304079 -0.065646 0.011222 -0.362447 0.030065 0.081907 0.166882 -0.468046 -0.137516 0.075353 0.065588 0.135354 -0.127593 0.184151 -0.131436 -0.198663 0.074444 -0.153112 -0.327167 0.070405 -0.080573 0.116561 0.161024 0.011703 -0.056976 0.105136 -0.014727 0.049560 -0.100476 0.164405 0.111316 0.056426 -0.008933 -0.044685 0.220348 -0.159083 -0.150819 0.321670 0.133928 0.208198 0.105925 0.042381 0.102742 0.166075 -0.054706 -0.085009 -0.074901 0.080799 0.279158
0.170449 -0.276606 -0.327155 0.062885 0.230637 0.288849 0.042890 -0.066758 -0.400562 0.188321 -0.025374 0.095660 0.048246 0.038722 0.092725 0.091186 0.171117 -0.037771 -0.188553 0.125412 -0.126625 -0.265718 -0.232900 -0.114236 -0.325788 -0.136755 -0.181455 0.168813 -0.150277 0.181575 0.169078 0.367192 -0.031981 0.052347 -0.035858 0.124326 -0.059796 0.069750 -0.064011 -0.157878 -0.021227 -0.227459 0.082053 0.156163 -0.148972 -0.013914 -0.027145 0.127111 -0.010805 0.001516 -0.238288 -0.218118 -0.303797 -0.172560 0.039849 -0.172491 -0.113080 -0.144103 0.337550 0.102005 0.118292 -0.023147 -0.260675 -0.215099 -0.460706 0.155877 0.036155 0.027314 0.010224 0.122472 -0.041714 -0.112328 0.161912 -0.396485 0.041969 -0.050883 -0.096932 -0.049245 0.058576 -0.301578 -0.048340 -0.041845 0.262402 0.115713 -0.042214 -0.105293 -0.199831 0.205940 -0.108882 -0.088974 0.119105 -0.061750 -0.069145 -0.134880 0.278947 0.089688 0.071685 -0.087689 -0.132679 -0.002918 -0.160528 -0.046650 0.101995 -0.060336 -0.203553 0.273048 0.016679 -0.175649 -0.014971 -0.203828 0.008147 -0.093447 -0.076245 0.003144 -0.242199 0.044492 -0.018048 0.169594 0.157051 -0.138335 -0.520075 -0.015159 -0.164478 -0.032784 -0.076792 -0.074603 0.294426 0.049902
0.167412 0.044509 -0.191240 -0.002831 0.262885 -0.045715 0.354659 0.123017 0.065002 0.238330 -0.031424 -0.049753 0.068901 -0.051319 -0.074170 -0.345899 -0.076281 -0.135216 0.124553 0.004577 0.137780 -0.046361 0.114299 0.168583 0.130508 -0.082473 0.053037 -0.220210 0.014602 -0.063967 -0.156867 0.170890 0.031603 -0.048180 -0.160290 0.101933 -0.006293 0.003267 0.033607 -0.083121 0.005910 -0.167023 -0.025582 0.030101 0.098329 0.140010 0.239641 0.074514 0.158249 -0.077159 -0.082143 -0.071481 -0.004956 -0.163803 -0.039538 -0.200155 -0.206841 -0.041043 -0.117025 -0.035448 -0.170500 0.035313 0.075268 0.064798 0.373650 -0.072237 -0.388822 -0.011694 0.201540 0.177741 -0.007474 -0.154874 -0.188382 -0.119832 0.152702 0.014387 0.271656 0.091628 -0.083562 -0.095337 -0.016733 0.212733 0.041682 0.102633 0.193177 -0.010301 -0.052581 0.177094 -0.105908 0.114788 0.101643 0.028204 0.086925 0.105692 0.085662 0.087003 0.067658 -0.100889 0.006579 -0.141868 -0.156303 -0.030596 0.268301 0.031127 -0.070339 0.036890 -0.054420 -0.151735 -0.147711 0.035843 -0.049933 -0.013785 -0.006867 -0.140707 -0.050379 -0.182970 -0.016533 -0.137668 -0.216317 -0.010439 -0.051569 -0.152631 0.038479 0.090580 -0.000807 0.129200 -0.018443 -0.099279
0.187001 0.145897 0.217953 -0.129888 0.185815 -0.031265 -0.000421 -0.031782 -0.025750 -0.144458 0.056165 -0.294499 -0.230877 -0.412400 0.158304 0.117611 0.098351 -0.031584 -0.194918 -0.155684 -0.049016 0.076873 -0.431454 0.229797 -0.100950 0.214300 -0.108212 0.229160 -0.018325 0.010837 0.000317 -0.126646 -0.004971 0.116816 0.025211 0.046399 0.158390 -0.051706 -0.091090 0.093645 -0.048007 -0.013634 0.130125 -0.182910 -0.056721 0.098385 -0.101714 -0.058919 -0.008534 -0.287962 0.062259 0.102371 0.189958 -0.360611 0.265751 -0.254579 -0.097362 -0.004689 0.238464 -0.054244 0.067394 -0.084636 0.023346 0.064756 0.113917 -0.073332 0.017875 -0.075081 0.070248 -0.193000 0.060771 0.326521 -0.003851 -0.236626 -0.410242 -0.254541 -0.079900 0.015347 0.106427 0.139926 0.094867 0.025195 -0.048189 -0.021504 0.230607 0.092098 -0.187152 0.033894 -0.027212 -0.195458 -0.030161 0.150613 0.065009 0.019167 -0.078163 0.139202 0.034032 0.223078 -0.102303 0.061160 -0.633187 0.063422 0.162914 0.000287 0.029984 -0.050116 -0.440455 0.018181 -0.178717 -0.054969 0.271142 -0.055407 -0.143189 0.187452 0.082469 -0.017068 0.028793 0.164333 0.095561 0.161234 0.160897 0.075025 0.062427 -0.052800 0.034771 0.088026 0.102446 -0.102048
-0.098099 0.339192 0.292948 0.080091 -0.028725 0.181814 -0.443326 0.174490 -0.019519 -0.004896 -0.122086 0.083111 0.007525 0.006649 0.125765 0.036698 0.000793 0.071467 -0.083399 0.246551 0.026840 0.253388 -0.206763 -0.187657 0.076793 -0.007383 0.012152 -0.009211 -0.007476 -0.201541 -0.247402 0.025105 0.054203 -0.249278 0.144106 -0.121694 -0.026086 0.130392 -0.139311 -0.158173 -0.221947 0.293858 0.215858 0.108940 0.165352 -0.023370 0.172614 0.269640 0.101884 0.197855 -0.226874 0.123028 -0.058724 0.093597 0.018439 0.223699 -0.246425 -0.195499 -0.225002 0.061265 -0.106289 -0.007089 0.022954 -0.093572 0.495100 0.025801 -0.330922 -0.106823 -0.046116 0.270946 -0.040546 0.134077 -0.776408 0.103606 -0.154909 -0.027347 0.146142 -0.049015 -0.117763 -0.098085 0.381223 0.121437 0.010907 -0.020375 -0.018021 -0.001646 -0.075191 -0.193908 -0.040201 0.090641 0.132255 -0.326060 0.255869 -0.082898 -0.111106 -0.023811 0.004777 0.067902 0.033979 -0.203685 0.068715 0.145949 0.148430 -0.062174 0.004486 0.019191 -0.081992 0.267652 -0.116652 -0.143850 0.107763 0.013814 0.025478 -0.012251 -0.016538 -0.252245 0.064976 0.092608 -0.077967 -0.119829 0.262285 0.053225 0.157715 -0.113618 0.095823 0.045053 -0.236920 0.017232
0.196099 -0.287131 0.009134 -0.223034 0.247211 0.313082 0.083256 -0.185054 -0.105109 -0.070892 0.044048 0.060890 -0.078645 0.073763 -0.135786 0.271824 0.022291 0.116649 -0.185518 -0.124506 0.036963 -0.229833 -0.135742 -0.203850 -0.033969 -0.025064 -0.023120 0.121270 0.010302 0.278613 0.209082 0.313751 0.113753 -0.366244 -0.146119 -0.238446 -0.358189 -0.035936 -0.105220 -0.143157 -0.050189 -0.355768 0.150755 0.282171 -0.129043 0.108920 -0.089366 0.172632 0.048866 -0.089603 -0.097164 0.087532 -0.218227 -0.121465 0.096432 -0.139414 0.187755 -0.025418 0.234523 -0.053983 0.034127 0.119978 -0.061339 -0.222623 0.008118 0.342028 -0.019537 -0.069073 -0.060416 0.131120 0.180294 -0.075410 0.188842 -0.161851 -0.095149 0.020481 -0.125036 0.026336 -0.193646 -0.133067 0.051121 -0.359317 0.244657 -0.033134 -0.229179 -0.060932 -0.065327 0.027344 -0.034553 -0.052329 0.007627 0.033716 0.156625 -0.117367 0.286747 0.140746 -0.152710 -0.008337 -0.065553 0.023623 -0.242412 -0.006209 0.230598 -0.022115 -0.142395 0.106587 -0.040540 -0.005680 -0.002801 0.034408 0.092069 0.045299 -0.164928 -0.339321 -0.147316 -0.173049 0.000026 -0.096060 0.065223 -0.194062 -0.135317 0.201903 0.095282 -0.061008 0.003636 -0.013380 0.222448 0.187326
0.177882 0.080717 0.062743 0.095117 0.054194 -0.252823 -0.127282 0.117756 0.121173 0.142885 0.019648 -0.097182 -0.152998 -0.847452 0.187880 0.051777 0.078009 -0.014251 0.015157 -0.435237 0.094856 0.015525 -0.076881 0.209109 -0.243716 -0.290652 0.045246 0.231532 -0.046045 0.185982 -0.006067 -0.211303 0.044581 0.206988 -0.113973 -0.080308 -0.199756 -0.167539 0.142308 -0.266455 -0.236148 -0.169058 -0.086172 0.103565 -0.057782 0.151922 -0.057855 -0.075993 -0.103871 -0.130563 -0.360802 0.191457 0.268658 0.049089 0.182198 0.106452 0.000732 0.029687 -0.026362 0.077067 0.069411 -0.222236 0.049917 0.146262 0.066539 -0.008667 -0.452468 -0.113224 -0.076070 -0.074377 -0.013302 0.357427 0.015807 0.021640 -0.562820 -0.413514 -0.038346 0.032169 -0.027993 -0.509077 0.037237 0.136395 0.089518 -0.239259 -0.076616 0.263812 -0.085964 -0.157384 0.080770 -0.028988 0.083069 -0.031791 0.041583 -0.174692 -0.036388 0.175469 0.081145 0.082559 -0.062280 0.072585 -0.343185 0.257920 0.399196 -0.060330 0.056818 0.020093 -0.055766 0.024736 -0.010648 -0.333978 -0.083580 -0.016010 -0.152974 0.175211 -0.035168 -0.049400 0.005551 0.085738 0.011739 0.108966 0.054306 -0.119049 -0.176138 -0.041007 -0.105089 -0.063086 -0.107025 -0.195801
0.159142 0.035550 0.017794 -0.263884 0.018635 -0.154582 0.221569 -0.028840 -0.202017 0.130864 -0.235932 -0.161064 0.124633 -0.128666 -0.110468 -0.245551 0.202170 0.081535 0.179269 -0.044644 0.140492 0.229542 0.021250 0.036878 0.097985 0.147199 0.066542 -0.023332 -0.035027 -0.000496 -0.037526 -0.007435 0.309383 0.159129 -0.168314 -0.103849 -0.103756 -0.277866 0.115531 0.101918 -0.036841 -0.043785 0.108152 -0.033057 -0.252859 -0.031222 -0.090541 -0.033933 -0.180250 0.087531 0.036678 0.003972 -0.088763 -0.270255 0.163566 0.133580 0.184806 -0.336706 -0.154994 -0.022482 0.030510 -0.050849 -0.428576 -0.103850 0.092984 0.044444 0.009096 -0.053796 -0.461480 -0.035409 0.231901 -0.004689 0.039084 0.075983 0.285851 -0.172721 0.027704 0.102340 0.013077 -0.151869 0.005670 0.016343 0.119055 -0.200050 0.013807 0.107745 -0.069924 -0.209363 0.052095 -0.293879 -0.012074 -0.138655 -0.021714 0.063282 0.044492 0.165993 -0.010781 0.215871 -0.098585 0.076380 -0.173689 -0.064487 0.098808 -0.054343 0.127815 -0.275429 -0.002198 -0.086831 0.018649 -0.277632 -0.108528 -0.105750 -0.124247 -0.146708 -0.228005 -0.218588 0.235994 -0.051318 -0.165257 -0.005534 0.133228 -0.022955 -0.122590 -0.050281 -0.058847 0.093268 0.196034 -0.175225
-0.182481 -0.024601 -0.050046 -0.186871 -0.261636 -0.429692 0.067638 -0.030573 -0.243093 0.163966 0.099759 0.161642 -0.166911 -0.285129 -0.116258 0.058080 0.092751 0.105375 -0.128889 -0.370089 -0.015317 -0.030538 0.092602 0.149782 0.112651 -0.085534 0.152054 -0.045970 -0.105810 0.250791 0.323655 0.013829 0.142354 0.043566 -0.015386 -0.666328 0.187475 -0.547373 0.191367 0.154079 0.015497 -0.049512 0.264697 0.184732 -0.266648 0.198259 -0.121297 0.318617 -0.043255 -0.256670 0.034017 -0.008360 -0.109404 -0.169708 0.160646 -0.046414 0.184203 0.047369 0.068835 0.139176 -0.032867 -0.515598 0.048309 0.239516 0.218654 0.042858 0.024524 0.077712 -0.353618 -0.127640 -0.504044 0.111907 -0.176525 -0.099161 0.211212 -0.176932 -0.085858 0.005880 -0.158976 0.035944 -0.341751 0.015567 -0.037314 -0.253177 0.014060 -0.003444 -0.287873 -0.374447 0.008644 -0.202892 0.392718 0.261982 -0.710929 -0.091759 0.045032 0.092939 0.000324 0.155024 -0.091458 -0.089117 0.016620 -0.034682 -0.059907 0.066897 -0.028348 -0.213128 -0.053292 0.012666 -0.107477 -0.167165 -0.453062 -0.005881 -0.066530 0.034564 -0.005575 -0.087677 0.001574 -0.222640 -0.233624 -0.250450 0.105939 0.232329 -0.241324 0.025381 0.008236 0.175688 -0.227360 0.159812
-0.156056 -0.173678 0.087223 0.256556 0.031153 0.149026 -0.495293 -0.030925 0.082710 -0.111408 -0.127113 -0.049425 -0.392402 0.036292 -0.236342 -0.240104 -0.062042 0.361296 -0.042490 -0.058565 0.123244 0.001161 -0.056584 -0.009349 -0.070611 -0.294566 -0.404521 -0.098307 0.084565 -0.299559 -0.114490 -0.078965 -0.316748 -0.134116 -0.025026 0.093532 0.116104 0.250768 0.396204 -0.204241 0.072012 0.185359 -0.273586 0.165115 0.032472 -0.118156 -0.119626 -0.242297 -0.139843 0.144726 0.049860 -0.046535 0.212781 0.102990 0.035677 0.071658 0.129433 -0.050704 -0.123618 -0.040293 -0.026771 0.199465 0.263405 -0.092864 -0.167431 -0.346157 -0.271372 0.033070 -0.439667 0.247325 0.129768 0.088664 -0.223210 0.203819 -0.125510 0.234755 0.100892 -0.464262 -0.092949 -0.061381 0.291636 0.265174 -0.106588 0.034888 -0.010726 0.132976 0.177076 -0.171869 -0.056712 -0.174517 -0.183655 0.166834 0.210573 -0.346222 -0.117444 0.020287 0.039943 0.242164 -0.028929 -0.036707 0.184302 0.238070 0.046736 0.010083 0.062555 -0.192966 -0.106957 0.012872 -0.025188 -0.018637 -0.188560 -0.030275 0.046466 -0.009257 -0.031558 0.092447 0.152003 0.012915 -0.013200 -0.359339 0.100867 -0.530831 0.042981 0.071157 -0.004644 0.006346 -0.054071 -0.369482
-0.157835 -0.167406 -0.184340 0.144220 -0.284717 0.014803 -0.122761 -0.201155 -0.259393 0.221641 0.190586 -0.228008 0.289356 0.212233 0.045438 0.197304 -0.081872 0.134203 -0.024638 0.100197 0.002234 -0.166322 -0.017137 0.025862 0.065289 -0.039212 -0.115642 -0.211476 0.018089 -0.395966 0.056771 -0.056657 -0.102077 0.216557 -0.033830 -0.439789 -0.395509 0.270671 -0.303118 -0.129044 -0.017759 -0.189838 0.014082 0.083746 -0.071257 -0.098415 -0.283450 -0.058098 -0.167270 -0.066856 -0.168956 -0.042331 0.036070 -0.119757 0.134441 -0.182338 0.013458 -0.281886 0.134171 -0.060768 -0.153357 -0.099787 0.067628 0.202787 -0.174389 -0.052537 -0.001433 0.070423 0.019542 -0.023874 0.017548 -0.092208 0.126210 0.021191 0.208059 0.279722 0.052864 0.384604 -0.180700 -0.058849 0.238032 0.213944 0.193675 0.074722 0.017508 0.200081 0.039247 0.223409 -0.048941 -0.059561 0.102360 -0.114348 -0.093742 -0.450534 -0.106802 -0.082916 0.079275 -0.585960 -0.055381 -0.005910 0.002289 0.087064 -0.131236 -0.004293 -0.424194 0.208259 0.036329 0.045822 -0.030096 -0.169315 -0.122383 0.003636 0.004162 -0.160026 -0.501558 0.111559 0.170732 -0.352221 -0.356586 -0.139376 -0.041613 0.198421 -0.162548 0.065004 -0.030540 0.025463 0.057603 0.084342
-0.021176 0.067166 -0.043851 -0.260187 -0.475460 0.161773 0.259957 0.001291 0.200853 -0.153217 0.086570 0.288090 -0.216709 -0.116085 0.066469 0.125791 0.193163 0.040039 -0.197602 -0.307121 -0.189018 -0.022563 0.120550 -0.068228 -0.281553 -0.385263 0.278948 -0.307093 -0.125878 0.034677 -0.119472 0.136644 0.241781 0.105733 -0.081434 -0.126603 0.095159 -0.064812 0.015516 -0.043161 -0.028008 0.148511 -0.519666 0.063027 -0.261251 0.158958 -0.109144 0.108542 -0.004021 0.130152 0.004405 -0.183905 0.217070 -0.055739 0.129010 -0.059328 -0.343892 -0.018082 -0.049412 -0.136430 -0.081504 -0.135912 0.187075 -0.232047 -0.086074 -0.023184 0.323423 0.070157 0.332168 0.077649 -0.126125 -0.226268 -0.211034 0.364768 -0.511935 -0.039932 0.197755 -0.070051 -0.047690 -0.033193 -0.063234 0.287482 -0.075861 0.123096 -0.113653 -0.180111 -0.312291 0.090490 0.017324 -0.350929 -0.143121 -0.265457 0.105855 0.021005 -0.055846 -0.370401 -0.367050 0.132980 0.035427 0.047203 -0.079869 -0.214359 -0.201257 -0.006393 0.169319 -0.067889 0.102671 0.013556 0.016301 -0.116905 0.136714 -0.035192 -0.071252 -0.053398 -0.053048 -0.380318 -0.220490 0.033934 -0.157693 -0.405232 0.033258 0.178267 0.118437 -0.006158 -0.045754 0.185112 -0.233437 0.166655
-0.098306 -0.132024 -0.110981 -0.079896 0.008531 0.081625 -0.292170 -0.240077 0.245202 0.187127 -0.001095 0.093983 -0.156721 -0.141771 -0.092233 -0.377849 0.089486 0.064622 0.263291 -0.423749 -0.201083 0.005922 0.017036 0.050768 -0.161965 -0.181858 -0.055450 -0.160952 -0.029013 -0.217324 -0.035359 0.061038 0.045778 0.041698 0.051404 0.049058 -0.194212 0.061492 -0.297746 0.100263 -0.088418 -0.054271 -0.178129 -0.006415 -0.084127 -0.456792 0.199141 0.149937 0.132929 0.201262 0.113840 -0.326207 -0.037527 -0.010312 0.270812 -0.090310 -0.235059 0.214022 -0.137670 -0.270709 -0.272227 0.268571 0.156579 -0.119643 -0.044642 -0.112050 0.114469 0.046022 0.181428 -0.035491 -0.218198 -0.179410 -0.105577 0.026271 -0.463163 -0.064556 -0.033912 0.052587 -0.115353 -0.001736 0.164798 0.214447 -0.231814 0.153112 -0.021690 0.051947 -0.199287 0.135225 -0.021208 -0.207937 -0.070816 0.035710 -0.123880 0.098896 0.238074 -0.127001 -0.008306 -0.023596 -0.014418 0.043583 -0.353220 -0.502672 -0.389142 0.031515 -0.001572 -0.040081 -0.005370 -0.080815 -0.371217 -0.223489 -0.068797 -0.058445 -0.075859 -0.068995 0.168848 -0.241202 -0.156189 -0.017068 0.004713 -0.048994 -0.196838 0.300073 0.036062 0.105738 -0.111279 -0.075957 -0.142670 -0.085572
0.096063 -0.105547 0.243618 0.126546 -0.176354 0.049842 0.031014 0.096421 -0.369671 0.216537 -0.108892 0.081578 0.110150 0.117353 -0.654218 -0.022288 0.088572 -0.249891 -0.078007 0.000667 0.168890 0.035103 -0.073949 -0.331977 -0.044196 0.288379 0.027204 0.178598 -0.116942 -0.372956 0.038410 -0.063614 -0.011007 -0.164512 -0.122524 0.164291 -0.057705 0.003588 -0.500446 0.064433 0.027893 -0.260839 0.122585 -0.213553 -0.236718 -0.034952 -0.167776 0.158318 -0.010862 -0.116559 0.093935 -0.208536 -0.234466 0.034479 0.189349 -0.183150 -0.141883 -0.024716 -0.110951 -0.035610 -0.052309 0.334483 0.007490 -0.311637 0.259424 -0.124989 -0.006095 0.013102 -0.054817 0.183617 0.222563 -0.154386 0.141090 0.089041 -0.251579 -0.153679 -0.246230 0.266121 -0.007343 0.102186 0.250091 -0.310618 0.008707 -0.198955 -0.036476 -0.104920 -0.150952 -0.015638 0.023865 0.039989 -0.149710 -0.141740 0.217292 -0.261530 0.109694 0.156715 -0.442653 0.227483 0.045552 0.186780 -0.260005 0.010307 0.044439 -0.033399 -0.445342 0.045287 0.255515 0.251455 -0.229838 0.106059 0.002908 -0.045844 0.100035 0.017215 0.315657 -0.114867 -0.049901 0.092969 -0.057632 0.174577 -0.031501 -0.033516 -0.078638 -0.041428 -0.046269 -0.258187 -0.055189 -0.186324
-0.029447 -0.143089 0.322878 0.249357 -0.009116 -0.005338 -0.060091 0.090128 -0.059939 0.190747 -0.178470 0.271112 -0.155890 0.169507 -0.059788 -0.091807 -0.016532 0.079150 0.108873 -0.492434 0.091731 -0.133870 -0.153429 -0.107525 -0.229918 -0.108458 -0.198515 0.155328 0.072896 0.087994 -0.211464 -0.065309 0.209437 -0.121794 0.226777 0.095735 0.273724 0.103233 0.167508 0.040715 -0.128631 0.123495 -0.106352 -0.103260 -0.133332 -0.166934 0.022640 0.259980 -0.153690 0.241678 -0.110197 -0.417938 -0.205317 -0.088615 -0.088700 0.008342 -0.073047 0.199015 -0.136386 -0.209172 -0.129087 0.123404 0.167607 -0.288491 -0.253907 0.157345 -0.007120 -0.026327 -0.067421 0.110442 -0.133701 0.116835 0.240072 0.015504 -0.137380 -0.172366 0.041340 0.101038 -0.017889 -0.084614 -0.235832 0.079543 -0.053674 -0.027016 0.009087 0.055169 0.045571 0.203500 -0.100077 -0.031399 0.083210 0.021678 -0.000642 0.138174 0.054799 -0.388311 -0.148082 -0.245470 0.065794 0.082241 -0.049687 -0.257614 0.116945 0.037551 0.120105 -0.157473 -0.057384 -0.077175 -0.054240 -0.398443 -0.146108 -0.034607 -0.159388 0.232680 0.284262 -0.113000 -0.027089 -0.022670 -0.074171 -0.147265 -0.413084 0.055965 -0.006253 -0.038379 -0.154945 -0.124874 -0.263145 0.084359
-0.266428 -0.106897 -0.087986 -0.474870 -0.125044 -0.486397 0.021738 -0.143011 0.124730 0.135569 -0.010648 0.136907 0.069113 -0.270282 -0.130312 0.268433 0.007207 0.093180 0.006990 -0.185876 -0.054907 -0.436983 0.046920 0.538063 0.165186 0.073970 0.274767 -0.184091 -0.023163 0.155529 0.367795 0.032874 0.252081 -0.013094 0.044241 -0.637147 0.047570 -0.327998 0.114391 -0.048069 -0.058047 -0.137472 0.281579 -0.077012 -0.269839 0.171994 0.123659 0.213643 -0.052155 -0.393376 0.111235 0.170132 -0.108477 -0.034196 -0.017518 -0.099720 0.178013 -0.084880 0.111258 0.191695 -0.304299 -0.253120 0.073341 0.188519 0.054382 -0.228663 -0.037222 0.040475 -0.168978 0.233222 -0.335287 0.123615 0.005612 -0.010262 0.177205 -0.162108 0.280779 0.047597 -0.197377 0.110921 -0.252818 0.020022 0.099711 -0.061508 -0.229942 -0.184531 -0.062245 -0.157910 -0.002305 -0.176295 0.057590 0.392497 -0.324415 -0.290632 -0.140809 0.300998 0.022182 0.052331 -0.011510 0.019548 0.009117 0.061206 0.138169 0.037176 -0.010768 -0.077278 -0.096247 -0.206693 -0.037411 -0.120085 -0.313443 -0.025229 0.157701 -0.002925 -0.065566 -0.069472 -0.261084 -0.195058 -0.092663 0.057602 0.237807 0.194844 -0.596139 0.026380 0.097928 0.295257 0.110093 0.124679
0.088776 0.119101 -0.051059 -0.039830 0.024227 -0.163373 0.189026 -0.393866 0.101592 -0.034150 -0.038558 0.010684 0.058587 -0.040687 -0.149586 0.029285 0.198968 0.170475 -0.290855 0.030447 0.069355 0.028440 0.248734 0.048117 0.114302 -0.080527 0.269040 -0.301791 -0.015015 -0.135508 -0.213945 -0.081027 0.032980 0.147583 -0.093595 -0.006261 -0.159553 0.327120 0.149036 0.065920 -0.114137 0.139113 0.047718 -0.050346 -0.106153 0.050292 0.028806 0.425930 -0.069597 0.114539 -0.042462 -0.161639 0.107990 -0.036193 0.085285 0.543314 -0.002661 -0.143032 0.025300 -0.176126 -0.227225 -0.054746 -0.125594 -0.051051 -0.004169 -0.046608 0.013198 -0.012928 -0.014380 0.221742 0.129662 0.158272 0.197489 0.148733 0.126390 0.194191 -0.100999 -0.277832 -0.225393 -0.113998 0.027550 0.292152 0.125425 0.140175 -0.191344 -0.107653 -0.160049 0.022712 0.040828 0.009075 -0.021000 0.051469 0.321074 0.046857 0.118411 -0.031218 0.077551 -0.251669 -0.061608 -0.135570 0.065937 0.024107 -0.047829 -0.119737 0.292616 0.086908 -0.101813 0.148761 0.049784 0.179561 -0.092320 -0.077712 -0.108248 -0.164027 0.002083 0.017985 -0.151156 -0.128382 -0.006283 0.070839 0.130358 0.235186 -0.188575 -0.031564 0.060059 0.296467 -0.095258 -0.036740
0.221893 0.150903 0.027740 -0.075185 -0.263810 -0.219234 0.040857 0.097078 0.095205 0.112501 0.027650 0.157962 0.321145 0.266983 -0.039210 0.042702 0.066038 0.204884 0.130969 0.117160 0.008680 -0.300777 -0.159749 -0.113050 0.016815 0.113936 0.153909 0.065726 -0.048023 -0.054355 0.014960 -0.283480 0.191709 0.060724 0.050103 -0.178980 0.063535 0.033190 0.149499 -0.006610 0.021031 -0.045824 0.011962 0.228458 -0.172211 -0.012694 -0.013328 -0.046585 -0.003048 0.046660 -0.004640 0.129979 -0.011796 0.095320 0.142143 0.023304 0.045765 0.060993 0.133213 -0.027082 -0.005896 0.111464 0.043647 -0.103768 0.057250 -0.289102 -0.001330 -0.046710 0.077084 0.184118 -0.040070 0.189566 0.015091 0.136631 -0.317817 -0.264083 0.190545 -0.119769 -0.138162 0.079602 -0.082189 0.122612 -0.065554 -0.190990 0.075166 0.255925 0.183610 0.384063 -0.047460 0.165031 -0.113029 -0.222911 -0.192967 -0.269137 0.101286 -0.024808 0.128454 -0.058979 -0.055545 -0.067857 0.157760 0.082223 0.020318 -0.055656 0.068791 -0.149691 0.195955 0.134225 0.151844 -0.317610 -0.358635 -0.081009 0.038223 0.212419 -0.038069 -0.031088 -0.107702 -0.105510 0.089462 0.124535 0.233036 0.019843 0.089131 -0.033849 -0.046390 -0.283490 0.036443 0.163893
-0.163102 -0.096974 -0.024091 -0.013141 -0.007179 -0.083078 0.005180 -0.154897 0.019627 0.029897 0.040920 0.103843 -0.139232 0.035427 -0.130299 -0.283780 0.077721 0.023584 -0.003831 -0.088334 -0.353990 -0.038484 0.077219 -0.068481 -0.130157 0.045617 0.178754 0.005445 0.026415 -0.102514 -0.082397 0.067170 -0.080477 -0.013218 0.056977 0.156647 0.078794 -0.011679 0.067700 0.128062 0.002939 0.000025 0.192882 -0.080891 0.060026 -0.179893 -0.110217 -0.225152 -0.093281 0.014800 -0.118847 -0.097530 0.145468 0.064252 0.018807 0.158653 0.058070 0.005143 0.115951 0.131932 -0.049724 -0.054806 -0.253155 -0.406866 -0.115595 -0.088042 -0.061588 0.021097 -0.172033 -0.130358 -0.129422 -0.098609 0.122528 -0.052799 -0.011246 -0.014371 0.125327 -0.030375 -0.091208 -0.197334 0.332451 -0.080624 -0.018842 -0.470439 -0.091649 0.084192 -0.048849 0.044155 -0.006466 -0.108161 0.089292 -0.078170 0.165978 -0.257226 0.045370 0.163450 0.134361 -0.003290 -0.020169 -0.036453 0.102343 0.051582 0.096282 -0.125126 0.049215 0.048588 0.018803 0.026505 -0.103474 0.118856 -0.013136 -0.008138 -0.086083 -0.182080 0.008430 0.013311 -0.086019 0.040690 0.101834 0.058244 0.148264 -0.131947 -0.540862 -0.024385 0.010084 0.037557 -0.038631 -0.040159
0.077877 0.182140 -0.079915 -0.204515 0.268061 -0.165903 0.215208 -0.324700 0.011471 0.149601 0.002387 0.037538 -0.084522 -0.150607 -0.170206 0.098301 0.062169 0.076718 0.084648 0.028259 0.062569 0.160883 0.009007 -0.031739 -0.275800 0.004028 0.023223 0.112218 -0.035288 -0.051518 -0.083621 -0.152809 0.051621 -0.069833 0.093129 -0.125568 -0.095641 0.008401 0.039528 0.120625 -0.213805 -0.013598 -0.283798 -0.069040 -0.035302 -0.110114 -0.090058 0.012288 0.225659 -0.169127 -0.228034 0.322529 0.089292 -0.116258 -0.230866 0.097099 -0.029518 -0.100230 -0.181172 0.138909 -0.047319 0.223188 0.122155 0.155787 -0.198756 0.019846 -0.149751 -0.050456 0.035560 0.209365 -0.117185 -0.051615 0.081743 -0.193288 0.108365 0.071895 -0.149148 -0.066966 -0.015539 -0.138008 -0.014729 -0.030576 0.138651 -0.273753 -0.102198 -0.081386 0.003247 -0.002163 -0.007824 0.088185 -0.417230 0.014927 0.135846 0.104837 -0.715687 0.146098 0.032915 -0.356733 0.025798 0.067130 0.124253 0.188395 -0.098519 -0.004177 0.221784 0.100185 -0.152013 -0.379535 -0.013013 -0.343130 0.113042 -0.035769 -0.092487 0.151953 -0.188408 0.236093 -0.147349 -0.067070 0.074689 -0.133108 -0.188086 -0.128219 -0.367859 -0.043060 -0.081840 -0.067557 -0.138003 -0.084502
0.105926 0.048832 -0.069600 -0.068448 -0.405730 0.118433 0.217896 -0.023034 -0.172232 0.011794 0.181689 0.024043 0.131285 0.063257 -0.042667 -0.069597 0.200105 0.071884 -0.001983 -0.205554 -0.070419 -0.247444 -0.039859 0.075803 -0.334588 -0.334646 0.149415 0.288401 -0.082187 0.121184 0.135646 -0.108271 -0.130687 -0.062244 -0.056704 0.088890 0.032966 0.196707 -0.020038 0.168322 -0.055299 -0.356368 0.111821 -0.042833 0.022553 0.128544 -0.494539 0.042730 -0.264698 0.131938 0.323484 -0.284286 -0.012788 -0.062540 0.019518 -0.369906 -0.264818 -0.128990 -0.015565 0.240764 -0.110177 0.189276 -0.044986 -0.169125 0.072646 -0.166031 -0.033841 0.029777 -0.187499 0.262715 0.102257 -0.109444 0.215267 0.225009 0.007761 -0.258859 0.055240 -0.197660 -0.212721 0.084057 -0.204936 0.215526 -0.290432 0.026585 -0.077329 -0.117371 -0.230016 -0.041401 0.032181 0.321060 0.183111 0.009361 -0.106947 -0.024164 0.075072 0.229698 -0.309304 0.230676 0.011133 0.050508 -0.145246 -0.161043 -0.231903 0.065745 0.082292 -0.088029 -0.083461 0.223336 0.071112 0.049538 -0.263240 -0.049276 0.165186 -0.267395 -0.118833 0.030864 0.065663 0.138185 0.409499 0.059304 0.006649 0.137412 -0.146532 -0.064192 0.006371 0.231606 -0.179698 0.114098
-0.257939 0.317302 -0.079311 0.144934 0.018819 0.060911 0.353663 -0.169884 0.054412 -0.081847 0.063818 0.209144 -0.074416 0.099376 -0.143520 -0.154401 -0.426751 0.309316 -0.305779 0.032659 0.168646 -0.036433 -0.037556 -0.210482 -0.191884 -0.221201 0.330201 0.302669 -0.073424 0.265310 -0.020099 0.112242 0.145530 0.137074 -0.039207 0.105692 0.144490 0.042289 0.100413 0.057143 -0.091386 0.264521 -0.120800 0.112351 -0.012028 -0.026477 0.018601 0.168470 -0.012588 0.206154 -0.106697 0.245987 0.068642 0.172238 -0.090650 0.025027 -0.282690 0.111953 -0.106336 0.253658 -0.171265 -0.257179 -0.270461 -0.189376 -0.020053 0.078322 0.283154 -0.076226 0.012375 0.027516 0.150700 0.096002 -0.200304 -0.218215 -0.435149 -0.103000 0.019011 -0.156233 0.024496 -0.163304 -0.270764 0.142304 -0.377332 -0.142788 -0.132202 0.068613 0.524243 0.009964 0.012562 0.078422 0.024105 -0.165838 -0.324098 -0.020109 -0.193960 -0.124607 -0.254740 -0.157883 -0.012783 -0.093109 0.330261 0.029661 -0.188162 0.017101 -0.578288 0.037787 -0.177545 -0.057924 0.183122 0.067360 -0.073683 -0.057935 -0.048973 0.092149 -0.121295 0.218545 0.106560 0.142056 0.050496 0.021709 -0.508762 0.030192 -0.331687 -0.143957 -0.008987 0.155314 0.002527 -0.114691
0.156393 -0.064765 -0.213469 0.025277 -0.228617 -0.131215 -0.339454 0.156664 0.232350 0.011105 0.354926 -0.089507 -0.112709 -0.098504 0.277794 0.033379 -0.096824 -0.005138 0.118200 0.165872 -0.237929 0.047144 -0.065551 -0.112743 0.021124 -0.203743 -0.152726 0.127710 -0.026834 -0.002128 -0.106885 -0.036493 -0.126953 -0.167427 0.098449 -0.037167 0.055461 0.097227 -0.067866 -0.136729 -0.142354 0.160900 -0.016601 0.104067 0.265152 0.168845 -0.243387 0.112197 0.195537 -0.042351 0.135504 0.171178 -0.028755 0.008779 -0.123017 0.119971 0.063288 0.091634 -0.075004 -0.093571 -0.085151 -0.003992 -0.066539 -0.096436 -0.063935 0.032391 0.061799 0.025289 0.441447 0.074445 -0.034910 0.140672 -0.110643 0.096215 -0.059766 0.005799 -0.064243 0.034644 0.220733 -0.047131 -0.267049 0.178821 -0.198617 0.115941 0.097627 -0.387046 -0.205176 -0.040724 -0.100966 0.279780 -0.007060 0.292507 0.068008 0.182261 0.008554 0.223596 -0.522917 0.137890 0.002809 0.137202 -0.142436 -0.423543 -0.201562 -0.009195 0.028184 -0.146602 -0.111392 0.081684 -0.076699 -0.074841 -0.008964 -0.005433 -0.063145 -0.097197 0.086368 -0.059139 -0.271398 -0.070532 0.169343 -0.335841 -0.423868 0.030815 0.031791 0.005064 -0.035964 0.052944 0.173704 0.234553
0.177614 -0.117214 -0.000272 0.088002 0.120686 0.255408 -0.216532 0.034404 -0.274826 0.146079 -0.240473 0.237349 0.092273 0.019810 0.101863 0.113503 0.108837 0.010267 -0.249040 0.041228 -0.044846 -0.034953 -0.056790 -0.114467 0.049326 -0.172277 -0.098052 0.212766 0.036535 -0.035995 0.102751 -0.021795 -0.260365 0.080536 0.021496 -0.022629 -0.173922 0.083762 -0.405342 -0.217345 -0.058408 -0.299844 0.183169 -0.056613 0.004404 -0.119019 -0.086979 0.123071 0.168899 0.005885 -0.143037 -0.005795 -0.361502 0.098409 -0.081079 -0.057600 -0.023766 -0.007392 -0.002306 -0.036979 0.168742 0.198573 -0.081708 -0.293679 -0.159402 0.271119 -0.611764 -0.037601 0.160870 0.086070 0.097205 0.117015 0.246718 -0.012942 -0.245108 0.089130 0.103165 0.038691 0.008885 -0.106252 -0.215460 0.120992 0.335396 0.034074 -0.178058 0.131499 -0.207037 0.029272 -0.023361 0.232771 -0.075831 -0.142118 -0.106650 0.028782 0.211045 0.073962 -0.115620 -0.044385 -0.061946 -0.041289 0.010525 0.043567 0.181391 -0.108539 0.009778 0.034935 -0.043220 -0.187948 0.228257 0.026462 -0.251944 -0.092840 -0.087373 -0.206709 -0.341499 -0.169022 0.019194 0.151350 0.061376 0.114714 -0.372020 -0.032458 0.058815 -0.106143 -0.062376 -0.253567 0.024478 0.056901
-0.253206 0.089900 -0.050967 0.217446 -0.131238 0.087226 0.076930 -0.154572 -0.091205 -0.036491 0.008719 0.038612 0.091692 -0.035930 0.043471 0.054542 -0.599377 -0.266919 -0.113206 0.162955 -0.158533 0.138960 -0.161322 -0.054216 -0.446703 0.029573 -0.144022 0.172771 0.025879 0.118371 -0.219091 -0.008208 -0.011514 0.062221 0.015459 0.067334 0.389110 -0.009352 -0.143989 -0.115986 0.027012 0.195640 -0.202480 0.035579 -0.035835 -0.320940 0.022498 -0.042540 0.157754 -0.486746 -0.135402 0.118837 0.276462 0.132423 -0.184585 0.233575 0.076504 0.082779 0.065796 0.438683 0.102185 -0.297679 -0.168905 -0.108191 0.054403 -0.415858 -0.271443 0.029508 -0.302623 -0.233188 -0.364145 0.068881 -0.033699 -0.203459 0.211666 0.063822 -0.382005 -0.376864 0.089573 -0.156454 0.172263 0.169309 -0.051051 0.004184 0.050190 0.360484 0.246516 -0.000773 -0.054399 0.086327 0.154619 0.106986 -0.228439 -0.098682 -0.250635 0.375789 0.247276 0.038523 0.011651 0.162368 0.081842 0.140415 -0.073353 -0.028034 0.044964 0.058373 0.056575 0.191124 0.276238 0.010575 -0.069899 0.046791 -0.187314 0.300135 -0.280010 -0.041628 -0.043524 0.115883 0.120365 0.233860 -0.481236 0.151892 0.168199 -0.099039 0.036924 0.405545 0.119775 -0.041120
-0.102642 0.480945 -0.169472 0.115287 -0.142686 0.041813 0.091024 -0.007341 -0.116270 -0.163100 0.108883 0.230464 -0.266400 0.168738 -0.242718 -0.173027 -0.265473 0.325611 -0.251511 0.057180 -0.041419 -0.026661 0.147860 -0.105658 0.434338 -0.297116 0.211322 0.104549 -0.032924 0.075145 -0.077830 -0.071254 -0.037591 0.279562 0.018053 -0.208566 0.039360 0.325583 0.278046 0.096612 0.166226 -0.136388 0.015216 0.056992 0.171882 0.101881 -0.114019 0.019234 -0.216294 -0.152417 0.012466 0.102968 -0.027422 0.210697 -0.351308 -0.010916 0.050863 0.077054 -0.174343 -0.087367 -0.012123 0.144607 -0.553290 0.103512 -0.249661 0.049239 -0.230411 -0.113484 0.322792 0.154707 -0.136782 -0.012068 0.035015 -0.039896 -0.041022 0.131336 0.498991 0.001845 -0.155285 0.066168 -0.254716 0.255493 0.121269 -0.021508 -0.175138 -0.127368 0.065262 0.078142 -0.169275 0.075997 -0.282702 0.245650 -0.372775 -0.035811 -0.329878 -0.068641 -0.183277 -0.192720 -0.095006 -0.137463 0.054578 -0.198351 -0.173889 -0.074292 -0.192387 -0.070110 0.018496 -0.252670 0.054302 -0.046225 -0.128866 -0.157786 -0.218803 0.076933 0.187516 0.004587 -0.096240 -0.004082 -0.141061 -0.056477 -0.190876 0.059934 -0.227665 -0.002807 -0.018902 0.032560 -0.098824 -0.127777
-0.009745 0.225070 -0.087612 0.216671 -0.258225 -0.266559 -0.182425 -0.079286 -0.036311 0.015553 0.059974 0.071905 -0.383335 -0.229591 -0.246624 -0.249540 -0.005824 0.020863 0.013640 0.206590 -0.017355 -0.026952 -0.082672 0.280464 -0.102811 0.131378 0.054039 -0.089758 -0.062421 0.080498 0.017463 0.204046 0.053204 -0.162291 0.145741 0.142530 0.401307 -0.117652 0.099741 0.224728 -0.070449 -0.186413 -0.056860 0.039914 -0.127386 0.095741 -0.132609 0.239483 0.013595 0.113339 -0.174128 0.004171 0.151803 -0.111911 -0.146860 0.218431 -0.349109 0.105592 -0.344456 0.041541 -0.080402 -0.240199 -0.064430 -0.053401 0.244884 -0.119701 -0.184259 -0.173102 0.222819 0.119697 -0.050105 -0.026684 -0.268654 -0.072310 -0.356614 0.124667 -0.108868 -0.046797 -0.264507 -0.065939 0.058264 0.095496 0.115826 0.074475 -0.350614 0.048255 0.080650 -0.008182 -0.059460 0.024339 0.093843 -0.084652 -0.041557 -0.072215 -0.050128 0.003636 -0.368959 0.052939 -0.080320 -0.110206 -0.197518 -0.106691 0.275182 0.019788 -0.334348 -0.051736 0.071893 -0.076576 -0.144124 0.014141 -0.086699 -0.033765 0.085991 -0.048292 0.233387 -0.123131 0.060710 0.030314 -0.194728 -0.336624 -0.095875 -0.243954 -0.282632 -0.009332 0.085158 0.328546 0.060010 -0.175802
0.095349 -0.078866 -0.099009 0.193052 0.417033 0.266703 -0.193587 -0.077936 -0.127193 0.168018 -0.058132 0.033307 -0.084729 0.167234 0.148425 0.048873 0.213040 -0.196465 -0.380930 0.133637 -0.176333 -0.252867 -0.111659 -0.044383 -0.114968 -0.050707 -0.254916 0.097796 -0.111303 -0.040378 0.032095 0.373244 -0.127272 -0.045056 -0.101000 0.445599 -0.323725 0.006479 -0.313496 -0.034587 0.124911 -0.032381 -0.258561 -0.133112 -0.071324 0.255587 0.109572 0.301918 0.325092 -0.172560 -0.028190 0.092537 -0.382921 -0.043088 -0.002286 0.036222 -0.187011 0.016571 0.144111 0.212075 0.120798 0.000721 -0.135076 -0.246327 -0.203735 0.162493 0.034815 0.002857 0.051099 -0.013570 -0.011783 -0.003052 0.163797 -0.119969 -0.065387 -0.066381 -0.194136 0.000410 0.130090 -0.239382 -0.124105 -0.041939 0.145354 0.038087 -0.113034 -0.128877 -0.198967 0.171469 -0.011609 -0.266183 0.168841 -0.506899 0.129382 -0.099427 0.072443 0.079365 -0.077983 0.018781 -0.040807 -0.026704 -0.072642 -0.121042 0.013564 0.014147 0.213488 -0.184496 -0.001657 -0.127400 -0.054755 -0.226008 0.178255 0.014215 -0.218059 -0.139979 0.019660 -0.005011 0.257911 -0.062927 0.078146 0.105015 -0.237365 -0.030898 0.157340 -0.019296 -0.093281 -0.103567 0.236321 0.192135
-0.052462 -0.091125 0.251223 -0.024736 -0.012301 0.132017 -0.020745 -0.011570 -0.121469 0.030719 0.154993 -0.057236 -0.148329 0.183679 0.112620 0.113906 -0.002935 0.112603 -0.296334 -0.099793 0.291296 -0.121058 -0.099159 -0.380279 0.037965 0.062965 0.135150 0.143580 -0.053891 0.240934 0.106130 -0.116270 0.028567 -0.215365 -0.099281 -0.086868 0.293491 0.049692 0.060543 0.370728 -0.130881 -0.366160 0.169869 -0.130557 -0.009475 0.137458 0.323618 -0.176318 0.064233 0.251717 -0.065425 0.252592 -0.205191 -0.099046 -0.496494 -0.266008 0.140689 0.101409 0.153122 -0.016950 0.085967 0.216016 -0.065902 0.041706 -0.357913 0.116429 0.166128 -0.039876 0.059724 0.149180 0.059329 -0.046815 0.105904 -0.125624 0.102917 -0.112903 -0.004627 -0.035357 -0.080290 -0.059598 0.120592 -0.048891 0.068965 0.138215 0.298369 -0.301584 0.264477 -0.028322 -0.119782 0.054034 -0.016884 0.088947 -0.089969 0.030504 0.074684 -0.396734 0.188226 0.065556 -0.033767 0.169891 0.279206 -0.067738 -0.261746 -0.034298 -0.039179 -0.215377 -0.077459 0.129061 -0.120416 -0.174184 0.018579 -0.054625 -0.064567 0.029658 -0.029580 0.239162 0.063620 0.049977 -0.184368 0.055959 -0.135384 -0.157012 0.274020 -0.059363 -0.104192 -0.183602 0.079622 -0.225476
-0.023170 0.014128 0.024481 0.064959 0.017773 0.341930 -0.170712 -0.048791 -0.337419 0.110534 0.082032 0.077687 0.075309 0.069254 0.327614 0.112783 0.052962 0.085229 -0.362086 -0.106430 0.050405 -0.058117 -0.061084 -0.333251 0.065765 -0.011745 -0.028259 0.147332 0.031223 0.000984 0.045018 0.031167 -0.032498 -0.138749 -0.048549 0.249168 -0.175567 0.147737 -0.046894 -0.038584 -0.182326 -0.270099 0.017991 -0.136096 0.102976 0.066285 0.182314 0.015583 0.277731 0.049351 0.102649 0.248223 -0.171526 -0.125576 -0.220947 -0.196997 -0.204109 -0.098406 0.081750 -0.046196 0.168804 0.160880 -0.073367 0.049672 -0.323916 0.248827 0.145524 0.006799 0.004072 -0.004842 0.151602 -0.057795 0.164116 -0.025709 -0.011532 0.132093 -0.304544 0.061838 -0.102866 -0.233545 -0.080769 0.005315 0.208619 0.164512 -0.116537 -0.123179 0.169007 -0.042296 -0.011760 0.104171 -0.185128 0.004908 0.028261 0.085839 0.115310 0.031916 0.014660 0.132068 -0.094970 0.008181 0.192236 0.050074 0.093071 -0.045237 -0.144833 -0.131505 -0.172329 0.073712 0.056293 -0.007183 -0.047334 -0.044449 -0.068864 -0.012500 -0.098505 0.081575 0.177205 0.143345 -0.043233 0.065023 -0.137008 0.049154 0.199966 -0.161542 -0.152221 -0.215349 0.018244 -0.233394
0.125907 -0.191266 0.194423 0.295220 0.016386 -0.028493 -0.231077 0.008525 0.040691 0.144178 -0.053399 -0.138659 0.030589 0.163527 0.246521 -0.004875 -0.116989 0.034294 0.242776 -0.027272 0.010527 0.058653 -0.043411 -0.118967 0.059679 0.266520 -0.159293 0.174553 -0.025096 0.351470 -0.125363 0.139584 -0.163666 -0.410048 0.136428 0.011776 -0.293683 -0.021531 0.024922 0.000316 -0.082216 -0.148207 0.051763 -0.086554 0.115303 -0.100921 0.041014 -0.345896 0.110814 -0.345195 0.095577 0.294754 0.025267 0.204608 0.074767 -0.132339 0.049922 0.146294 0.192948 0.078858 0.101852 -0.160422 0.101208 -0.140507 -0.070423 -0.096473 0.172965 0.059292 -0.000852 0.064625 0.112717 0.048061 -0.231634 -0.008959 -0.000405 0.053873 -0.089659 -0.312695 0.140636 -0.286971 -0.011736 -0.485168 -0.119454 0.068303 0.129158 0.180274 0.010123 -0.016936 -0.015446 -0.139483 -0.097534 0.128006 0.022500 -0.089250 -0.297215 0.381493 -0.087600 0.121413 -0.041889 -0.036870 0.259706 0.011423 -0.268478 -0.068596 -0.179333 -0.014640 0.037062 0.118646 -0.078253 -0.213497 0.060588 0.020468 0.046166 -0.055022 0.366666 -0.016533 0.281057 0.150917 0.018053 0.187001 -0.146573 -0.144950 -0.147749 -0.026220 -0.163873 -0.018756 0.183458 -0.144822
0.303475 -0.011831 0.272160 0.079841 0.006895 -0.046328 -0.083632 -0.034233 0.109281 0.215551 -0.017102 0.211486 0.014858 -0.087430 0.134246 0.032191 -0.238120 -0.187991 -0.050892 -0.068136 0.202956 -0.103349 0.104669 0.122196 0.097839 -0.291061 -0.018140 0.116929 -0.002480 -0.056890 -0.178657 -0.098663 0.173271 -0.103054 0.014230 0.159225 0.245635 -0.342698 0.105499 -0.060176 -0.055480 -0.034384 0.031407 0.108894 0.061140 0.184777 0.036996 -0.131315 -0.029578 0.147875 0.036933 -0.151171 -0.061219 0.035900 0.065293 -0.375028 0.019294 -0.074069 -0.042511 -0.010344 -0.061982 0.165733 0.063073 0.320307 -0.274553 0.010380 0.166764 -0.087774 -0.009704 -0.050603 0.041705 -0.368624 -0.001725 0.028744 0.122368 0.157340 0.098749 -0.181656 0.079928 -0.083756 -0.178382 -0.339005 -0.176082 -0.178300 0.133747 0.015188 0.241153 -0.038612 0.039704 -0.167540 0.071777 0.086696 0.152558 0.062348 0.208487 -0.030684 -0.277408 0.222430 -0.070776 -0.037941 0.188307 0.165303 -0.211219 0.006625 0.121941 -0.093242 -0.217066 -0.091394 -0.114643 -0.316967 0.127311 -0.002322 -0.212673 0.281516 0.085050 0.068685 -0.017992 0.094444 -0.057114 -0.005419 -0.056846 -0.026582 0.047922 -0.036911 -0.078894 0.034410 -0.031877 -0.186641
0.156774 0.025643 -0.211301 0.084606 -0.104501 0.188284 0.098863 0.017920 -0.067636 0.021135 0.027354 0.305420 -0.271418 0.149427 0.074230 0.207132 -0.372728 -0.437584 0.167108 -0.153799 0.042086 -0.287534 -0.117604 -0.070828 -0.143437 0.121451 -0.045026 0.116058 -0.001037 -0.314347 -0.338587 0.023992 0.011489 -0.093985 -0.041279 -0.070628 0.125613 -0.142297 -0.074938 -0.138300 -0.096380 -0.301416 -0.154589 -0.089143 0.106874 -0.424109 -0.010975 0.074047 0.076418 -0.247653 0.096183 0.341266 -0.020276 0.176378 0.147513 -0.345839 -0.074407 0.546331 0.058775 -0.295265 0.047207 0.133138 0.075982 0.021236 -0.088120 -0.126085 0.037234 -0.044929 0.036973 -0.085070 -0.112762 0.004582 -0.004948 0.323646 -0.419680 -0.033563 0.113148 0.313053 -0.175307 0.045510 0.030491 -0.017562 -0.082522 0.240078 0.052045 -0.082263 0.242786 0.105708 -0.099573 0.080481 -0.012559 0.168619 0.103368 0.075069 0.213424 0.132315 0.101825 -0.267957 0.093567 0.006939 -0.050395 0.225773 -0.400790 0.061740 0.045676 0.166965 0.152042 -0.343652 -0.185829 0.030610 0.204543 -0.041458 0.096115 0.147587 0.195404 0.032159 -0.122082 -0.006016 0.206834 -0.126425 -0.077354 0.173626 -0.019293 -0.012963 -0.055257 0.356096 -0.247911 0.127515
-0.140188 -0.076749 -0.075997 0.305507 0.074499 -0.052048 0.053829 -0.086162 0.122790 -0.048537 0.130150 0.393391 0.355605 0.053269 0.025293 -0.140101 0.113618 0.166737 -0.028732 0.128813 0.045185 -0.103046 0.060093 0.032977 -0.165208 -0.451634 -0.372810 -0.023375 -0.029392 -0.031147 -0.009941 0.098470 0.255687 -0.033444 -0.103857 -0.011432 0.014545 0.064568 0.157058 0.109763 -0.052208 -0.149123 -0.097620 0.015493 0.030273 -0.005752 -0.326385 0.085708 0.069520 -0.246143 -0.056011 -0.072935 0.179622 0.122634 0.153683 0.077943 0.114376 0.129910 -0.115424 -0.183094 0.116985 0.111823 -0.071197 -0.095218 0.015654 -0.047663 -0.071523 -0.091214 0.123115 0.105377 0.002866 0.232993 -0.025404 0.321895 -0.239699 -0.123850 -0.221174 0.098535 0.042623 0.116349 -0.129044 -0.069808 -0.071366 0.009587 0.125240 0.125231 0.019947 0.111698 -0.074842 -0.184116 0.000324 0.177112 -0.253168 0.264160 -0.060722 -0.104069 0.298876 -0.048292 -0.032853 -0.043774 -0.064219 0.011837 0.079957 0.012351 -0.405933 0.048821 0.066181 0.216403 0.001370 -0.047144 0.082244 0.032499 0.105244 0.003672 0.019522 0.004698 0.024499 -0.011943 0.126596 0.037418 -0.514667 0.151988 -0.179080 -0.096278 -0.002004 0.178898 -0.003598 0.011093
-0.109798 -0.178030 -0.248492 0.170277 0.022873 0.119654 -0.285153 0.322048 -0.171488 0.121603 -0.117711 0.135259 -0.066817 0.035167 -0.165391 -0.256962 -0.010044 -0.228538 -0.174724 -0.025699 -0.050162 -0.156886 -0.016498 -0.120374 -0.004124 0.012018 0.007680 -0.303959 -0.060045 0.009772 0.149372 0.396185 -0.147149 0.229502 -0.150739 -0.134398 -0.208750 -0.007894 -0.067342 -0.033120 -0.129954 -0.354352 0.010180 0.087989 -0.119349 -0.139286 0.105019 0.190956 0.343290 0.060518 -0.165009 -0.064755 0.021676 0.031439 0.053286 0.336300 -0.217003 -0.119000 -0.040074 -0.094810 0.074485 -0.213914 -0.135819 -0.121390 -0.058441 -0.163738 -0.100078 0.041267 0.058042 0.165897 0.038463 -0.226163 0.000865 0.046477 -0.014551 0.077750 0.059856 -0.086199 -0.349774 0.133046 -0.208065 -0.062814 -0.003517 -0.024395 0.219487 -0.231007 0.074951 0.133868 -0.051309 0.296751 0.286102 -0.155223 -0.119803 -0.174009 0.116588 0.024887 -0.250828 -0.349701 0.063680 0.269524 -0.384402 -0.206261 -0.150604 -0.066798 -0.246598 0.051747 0.070770 -0.199123 -0.146176 -0.164577 -0.281405 -0.035864 -0.055426 -0.152265 0.033688 0.134077 0.028251 0.036734 -0.179759 -0.418759 -0.311107 -0.105142 -0.387571 -0.038441 -0.061828 0.122019 -0.023918 0.039230
-0.025787 -0.056310 -0.231358 -0.088490 0.182213 0.087412 0.050710 -0.139200 -0.053674 -0.167754 0.249379 -0.023395 0.070452 0.040383 0.123208 -0.142794 -0.282327 0.145468 -0.129267 -0.180766 -0.089917 0.022294 0.267519 0.073544 0.208717 -0.160987 -0.141167 -0.048825 0.040866 0.139335 0.401522 0.136903 -0.064086 -0.100775 0.055991 0.076816 0.196157 -0.094831 0.136176 0.137630 0.113644 0.071698 -0.033682 0.020952 0.024928 0.033004 -0.218029 -0.339589 -0.098901 -0.062779 -0.162557 0.035764 0.039052 0.247248 -0.019532 0.289497 0.042935 -0.114240 0.117045 0.367854 -0.010665 -0.109810 -0.268704 -0.094336 -0.243397 0.059886 0.070989 0.005065 0.078047 0.118523 0.096612 0.160362 0.043859 0.170384 -0.006200 0.027575 0.274039 0.087000 -0.069030 -0.069083 -0.172657 0.131556 -0.024028 -0.077701 0.302845 0.102993 -0.005039 -0.051652 -0.040638 0.142291 -0.054294 0.182425 0.103147 0.087937 0.010596 -0.053073 -0.066708 -0.047086 -0.004830 0.012825 0.009112 0.055530 -0.167903 0.018692 -0.056746 0.027993 -0.229265 -0.087875 0.172115 0.011614 0.053998 -0.043366 0.025910 0.161592 0.108520 0.178332 -0.155367 0.020578 -0.020274 0.058779 -0.307766 0.165822 0.141362 0.029554 -0.073886 -0.098535 -0.195907 0.048313
0.010305 -0.105844 0.098487 0.038936 -0.199891 -0.032215 -0.025479 0.111369 0.028833 0.121039 0.183039 -0.058230 0.137879 -0.041761 0.176668 -0.280723 0.171423 0.125937 -0.173478 -0.015150 -0.123581 -0.092419 -0.036668 0.101412 0.018841 -0.008536 0.062913 0.003231 -0.123116 -0.261914 0.013558 -0.050611 -0.166743 0.008264 0.349390 0.150527 -0.146409 0.094981 0.242192 0.119264 -0.138351 0.063269 0.008548 -0.032648 -0.207742 -0.285824 -0.227332 0.176292 0.002720 -0.266198 0.312456 -0.117051 0.189602 -0.004822 0.298273 -0.083939 0.111515 0.046298 -0.251536 0.199858 -0.007519 -0.120571 -0.055060 -0.137526 -0.116440 -0.092280 -0.303078 0.044119 -0.139463 0.180029 -0.184874 0.149531 -0.057727 0.020379 -0.005572 -0.096917 0.344909 0.048574 -0.052579 0.464784 -0.054512 0.058865 -0.317928 -0.248510 -0.043611 -0.197992 -0.223484 -0.082704 -0.111541 -0.369215 0.005142 0.206240 -0.431843 0.093141 -0.130646 0.100764 -0.175784 0.201203 0.003377 -0.241309 -0.004598 0.296870 -0.039401 -0.037903 0.010222 0.102341 0.006588 0.124669 -0.023782 0.254566 -0.022349 -0.094134 -0.056602 0.076118 -0.147754 0.297666 0.162582 -0.084199 0.216056 0.013636 -0.006637 -0.034361 -0.008585 0.050903 -0.003709 0.199832 -0.188229 -0.081993
0.153102 0.168167 0.059389 -0.048521 -0.021815 0.101838 -0.069441 -0.152904 -0.279048 0.035260 -0.023349 0.033303 0.113375 0.201708 -0.022997 -0.015737 0.040056 0.018881 0.089234 -0.018791 0.039453 -0.003381 0.014632 -0.075064 0.029804 -0.061731 0.078010 0.133905 0.020077 0.005103 -0.068074 -0.513019 -0.193571 0.152299 -0.161998 0.136388 -0.260996 0.128514 0.012638 -0.082171 -0.250640 -0.336721 0.194300 -0.091851 -0.143443 -0.378550 -0.006909 -0.009864 -0.118068 -0.230081 -0.051732 0.064349 -0.167103 -0.207084 0.032357 -0.129228 0.056907 0.072379 -0.061682 0.095360 0.030403 0.067940 0.030865 0.098153 -0.300460 -0.075107 -0.321584 -0.049872 0.088125 0.028607 0.144849 0.006692 -0.046753 -0.117604 0.228539 0.162099 -0.057528 -0.019009 -0.115146 0.112089 -0.191422 -0.245121 -0.008603 0.162055 -0.085948 0.000034 -0.024805 -0.205835 -0.045274 -0.106999 -0.283591 -0.148974 0.021462 -0.080658 -0.553316 0.039227 0.015102 0.120754 -0.002182 0.005598 -0.041539 0.175671 -0.179259 -0.031660 0.174981 -0.337496 -0.193050 0.067997 0.047695 0.067643 0.134902 -0.042862 0.059595 -0.101586 0.095875 -0.149922 -0.140184 -0.062918 -0.075734 0.069886 -0.184431 -0.126736 0.047129 -0.038976 -0.179099 -0.213811 0.176297 0.144759
0.050203 -0.012436 -0.044192 -0.068655 -0.025377 -0.059361 -0.166957 0.132116 0.044819 0.061170 -0.068817 -0.117212 -0.001864 -0.047303 -0.051551 -0.028051 0.088277 0.166214 -0.286731 -0.195381 -0.116034 0.052870 -0.277189 0.286128 -0.221313 -0.039087 -0.216702 0.240585 0.023182 0.120956 -0.263373 0.315877 0.235602 -0.019064 -0.225046 -0.059819 -0.107691 -0.109470 0.188406 -0.110417 -0.073976 -0.054226 -0.245513 0.241785 0.339589 0.313610 -0.029061 0.091810 0.038435 0.138007 -0.318213 -0.128060 0.092226 0.020424 -0.017395 -0.108124 -0.003360 -0.208809 0.245680 0.095501 -0.131698 -0.001457 -0.336427 -0.017123 0.109779 0.136522 -0.069627 -0.080117 0.039853 0.065804 -0.369512 -0.243145 -0.020775 0.094093 -0.099502 0.058986 -0.042252 -0.055121 -0.113957 0.109855 0.154421 0.027249 0.127609 0.081120 0.101671 -0.010384 -0.201079 0.005082 0.083805 -0.015936 0.106827 -0.035647 -0.112364 -0.060135 0.237177 -0.225490 0.211408 -0.158614 -0.088316 -0.128876 0.134754 -0.155960 0.137794 -0.030538 -0.197244 -0.111995 -0.116445 -0.287183 0.035790 0.060848 -0.388016 0.058896 -0.026412 0.258644 -0.120054 -0.132466 0.250174 0.082074 0.225574 -0.287940 -0.063637 0.048751 -0.135884 0.044306 -0.147524 0.011023 -0.135069 0.065743
0.032111 0.050921 -0.014252 0.166742 -0.110701 -0.166282 0.063594 -0.074256 0.086255 0.012807 0.397882 -0.248524 -0.373323 -0.245080 0.254735 0.361750 -0.186014 0.039525 -0.161297 0.035393 0.206314 -0.020338 0.052989 0.079426 0.032169 0.009282 -0.187324 -0.123700 0.017567 -0.065682 -0.017774 -0.325100 0.084916 0.066823 0.348223 0.047033 0.030375 0.151636 -0.505528 -0.165059 -0.071120 0.096573 0.069948 0.157713 0.125376 -0.514482 -0.428158 -0.191085 0.092052 -0.117040 0.051219 0.228431 0.094218 -0.193109 -0.084695 0.085506 0.054714 0.001044 0.050800 -0.007594 -0.002877 -0.113838 -0.053626 0.174147 0.100361 -0.148005 0.107728 -0.057420 0.188669 0.095316 -0.236385 0.182683 -0.010633 0.015070 -0.039542 -0.066692 -0.561633 0.050937 0.179279 -0.232155 0.038426 0.258191 -0.362934 -0.002540 -0.137000 -0.136858 -0.277371 -0.323461 -0.132922 0.142496 -0.016385 0.068528 -0.041936 -0.099609 0.175779 0.148664 -0.425605 0.097930 -0.025895 0.120260 -0.131709 -0.210622 -0.216460 -0.074747 -0.118606 0.115472 -0.042369 -0.051542 -0.057353 -0.133776 0.005615 0.066914 -0.103998 0.218848 0.091562 0.075167 -0.204575 0.004200 0.131284 -0.132372 0.082450 0.006536 -0.294080 -0.016446 0.033079 0.318976 0.062867 -0.100143
-0.194858 0.134140 -0.379094 -0.091806 -0.114807 0.012752 -0.025079 -0.033876 0.312589 0.219226 -0.002885 0.052705 0.358266 -0.012212 -0.158365 -0.055205 -0.024259 -0.058707 -0.271021 -0.032840 -0.229928 -0.050696 -0.014931 -0.024213 0.096198 -0.184312 -0.196879 -0.323933 -0.011211 -0.137316 -0.157564 0.018601 0.046819 -0.022366 -0.112364 -0.391475 -0.123536 0.123046 -0.055270 0.006608 -0.154620 0.219249 -0.354529 -0.239259 0.166515 0.060583 -0.228245 0.277370 0.262123 -0.077099 0.089189 -0.090106 0.191497 -0.189141 0.158679 0.162912 -0.612179 0.028499 -0.047880 -0.233186 -0.011598 0.091907 0.145160 -0.050207 -0.049980 0.116714 -0.035385 -0.049322 -0.052361 -0.122615 -0.014315 -0.545875 -0.000670 0.471119 -0.252666 -0.088948 0.196971 0.051765 -0.040410 -0.050629 -0.072328 0.049552 -0.281115 -0.142342 0.055797 -0.169800 -0.301081 -0.054940 -0.095305 -0.152349 0.077769 -0.039034 0.142322 0.349260 -0.081026 0.015086 -0.230634 -0.036563 -0.015086 -0.085543 -0.147624 -0.041428 -0.130247 -0.078611 -0.122625 -0.106298 0.080124 -0.003925 -0.094722 0.053293 0.072096 -0.061639 -0.116140 -0.127172 -0.050710 0.089252 0.028528 -0.044920 0.066648 -0.064676 0.252577 0.184773 -0.141522 -0.006821 -0.036510 -0.134595 -0.066408 0.390281
0.169213 -0.061523 -0.146368 -0.015086 -0.155690 -0.149938 -0.092612 -0.091249 0.127936 -0.035194 0.196264 -0.155096 -0.232745 -0.105227 -0.090023 -0.252948 -0.024204 0.090783 -0.037831 -0.016455 -0.122991 -0.131799 0.061751 -0.270415 0.106062 0.029472 0.214541 0.203913 -0.062570 -0.013332 0.098736 0.011419 -0.107573 -0.380421 0.051680 0.098117 0.030377 0.062312 0.291808 0.184957 -0.181572 0.001535 0.016166 -0.000224 -0.025944 -0.175828 -0.030338 -0.109428 0.282320 0.124233 -0.048684 -0.231250 0.000296 0.105761 0.132107 0.265432 0.162176 0.055855 0.003912 0.102353 -0.025635 0.077608 -0.302783 -0.213746 -0.264335 -0.106453 -0.084450 -0.049328 -0.223131 0.106171 -0.048818 0.056957 -0.088659 0.085443 -0.055395 0.090142 0.217418 0.022890 0.097529 0.136172 0.324254 0.093727 0.004735 -0.170806 0.051892 0.057312 -0.122627 0.142697 -0.084947 -0.210077 -0.219394 -0.031447 0.047134 -0.141581 0.093029 0.032908 -0.025723 0.182805 0.035569 -0.130153 0.075743 -0.257309 0.159920 -0.008769 0.079596 -0.034911 -0.105890 0.055369 -0.009968 0.008808 -0.063630 -0.049325 -0.074956 0.062909 -0.155963 0.171215 -0.080225 -0.018014 -0.041136 0.132069 -0.019760 -0.026920 -0.120375 0.039301 -0.038204 -0.078261 -0.075693 0.163420
0.035628 0.029625 0.268749 -0.221536 -0.216616 -0.171459 0.225920 -0.076882 0.078853 -0.125827 -0.093978 0.061996 0.297796 -0.161997 0.153085 0.002736 -0.184915 -0.105583 -0.314025 -0.112984 -0.155021 -0.089809 0.040785 0.109008 0.122132 -0.124343 0.077059 0.011834 0.040181 -0.082158 -0.200174 -0.048519 0.015333 0.151445 -0.025596 0.084653 -0.014325 0.121823 -0.123463 -0.030414 -0.030095 -0.104788 -0.143678 -0.349503 -0.020563 0.085067 0.135393 -0.071331 -0.012815 -0.154039 -0.230580 -0.256052 0.193848 0.135839 0.068973 0.125001 -0.233039 -0.064306 -0.087255 0.173322 -0.028078 -0.269027 -0.044642 0.095183 0.174929 -0.038539 -0.424320 -0.096647 0.112783 -0.033633 -0.015929 -0.007055 -0.001183 0.207240 0.044077 -0.021431 -0.110260 0.252151 -0.049227 0.020520 0.192357 -0.198578 -0.038809 0.102468 0.080470 -0.198698 0.187476 0.020982 -0.018695 -0.049686 0.107661 -0.121092 -0.106278 0.064427 0.402195 0.214261 0.333096 -0.042125 0.025583 0.082497 -0.076547 -0.263397 0.081660 0.019869 0.047917 0.088342 0.091399 0.036156 -0.066723 0.087357 0.019823 -0.107125 -0.100604 -0.145429 -0.055319 0.108507 0.298219 0.157825 -0.410074 0.078766 0.422680 0.154940 -0.339155 0.004525 0.122054 0.104803 0.190698 -0.098765
0.360605 0.133504 -0.298887 -0.199727 -0.061725 -0.116616 -0.123499 -0.272654 -0.069557 -0.029078 0.085193 -0.184288 -0.575765 0.014378 -0.210594 -0.203752 -0.123948 0.324852 0.158630 0.135358 0.014507 0.092689 0.172162 -0.250762 0.074108 0.027271 0.106672 0.328165 -0.026997 0.215058 0.009460 -0.154525 -0.049361 -0.442149 0.059906 0.140404 -0.308001 0.104626 0.251542 0.156463 0.046321 -0.151540 -0.091471 0.172125 0.062879 -0.022855 0.099667 -0.095676 0.324253 0.068537 0.034472 -0.214240 0.127069 0.051013 -0.211158 0.226569 0.105377 0.029317 -0.034781 -0.052173 -0.138083 0.239041 -0.186829 -0.056791 -0.205763 -0.077139 -0.130931 -0.034413 -0.325293 -0.015024 -0.013317 -0.052513 -0.103048 -0.527453 -0.127270 0.235003 0.120717 0.079834 0.024809 -0.051087 0.127937 0.095271 0.119525 -0.439247 -0.099773 0.209128 -0.138549 -0.304629 -0.028510 -0.105251 -0.029247 -0.111859 0.013451 -0.230829 -0.013091 0.100633 0.121472 0.158738 -0.040232 -0.160489 0.063188 -0.257151 0.120999 -0.036235 0.026828 0.171644 -0.126163 -0.084422 -0.050291 0.264036 -0.321110 -0.095817 -0.215504 -0.246359 -0.018387 -0.008174 0.087678 0.299698 -0.321810 0.127032 -0.098581 -0.062338 -0.128914 0.046671 0.006297 0.042559 -0.009887 0.117164
-0.320605 0.052819 -0.079705 -0.016768 -0.110815 0.039646 -0.070255 -0.050604 0.224063 0.020674 -0.038812 -0.134982 0.084692 0.180920 0.199524 -0.096459 -0.091228 -0.143491 -0.086242 -0.212227 -0.256994 0.059769 -0.132363 0.125446 0.145598 -0.158900 -0.317086 0.124069 0.016568 -0.080329 -0.062189 -0.129953 0.173067 -0.233135 -0.148675 -0.079962 -0.321785 0.094685 -0.036475 0.175603 -0.080359 -0.306894 0.152327 -0.202674 -0.225878 -0.078453 -0.187232 -0.336818 -0.093934 -0.186787 0.031158 0.026201 0.153232 0.074019 -0.137124 0.069904 -0.071272 -0.161916 -0.144151 0.178684 0.090006 -0.102803 -0.144119 -0.116240 -0.053647 -0.242053 -0.206930 -0.086650 -0.323174 -0.168116 0.016779 0.129661 0.161352 -0.080917 0.102227 0.086229 -0.362710 -0.175184 0.025119 -0.089403 0.183815 -0.196780 -0.174334 -0.419546 -0.250317 0.090872 -0.044542 0.019813 0.090869 -0.050703 0.107387 -0.253872 0.139562 -0.055972 -0.000376 0.107354 -0.221280 0.181231 0.027479 0.160707 0.022802 0.026551 -0.015933 0.018360 0.175716 -0.128853 -0.088270 0.212359 -0.042021 -0.311451 0.181745 -0.072747 -0.089687 -0.170809 0.024904 0.098670 0.151108 0.085463 -0.145792 0.027321 0.137919 -0.197618 -0.061885 -0.051263 -0.021054 0.165584 0.000127 -0.179766
-0.110525 -0.091302 -0.018713 -0.152819 0.033861 0.361466 -0.086685 -0.010103 0.000218 0.141879 -0.239250 0.133350 -0.268493 0.040330 -0.418221 -0.579896 0.272970 0.042484 -0.275144 0.117989 0.034817 -0.192210 0.009757 0.032919 0.007562 0.026199 0.063520 0.003980 -0.164030 0.064716 -0.050294 0.126567 0.150343 -0.088955 0.074046 0.185458 -0.296765 0.175722 -0.033702 0.180060 0.024109 -0.067002 0.247207 -0.446741 -0.138547 -0.392753 0.104215 0.177018 -0.022088 0.153305 -0.213735 -0.109814 -0.046064 0.137037 0.177135 -0.127590 -0.119459 0.243331 0.098660 0.191239 0.148057 0.300580 -0.079360 -0.252642 -0.077542 -0.156793 -0.086200 -0.006400 -0.004060 0.126462 0.188860 -0.212964 0.070929 0.097775 0.093732 0.087231 0.126179 0.210848 -0.272066 -0.127553 0.051574 0.010381 -0.221757 0.036311 0.244555 0.172383 0.146556 0.039417 -0.065359 -0.032796 -0.135865 -0.011048 0.169716 -0.050050 -0.289186 -0.020710 0.135218 0.180072 0.026155 -0.165159 0.148984 -0.130657 -0.068715 0.051925 -0.180637 -0.026448 -0.089945 0.302908 0.174864 -0.083424 -0.017330 -0.018076 -0.077527 -0.253969 -0.071018 0.082190 -0.036903 -0.060147 -0.148270 -0.018916 -0.149077 0.042278 0.139111 0.138630 -0.029827 -0.087568 0.090156 -0.093319
-0.334218 -0.058907 0.027598 0.109483 0.236909 -0.368017 0.252335 0.151423 0.099131 -0.156017 0.029877 -0.069716 -0.013298 -0.261815 -0.303726 -0.004132 -0.119574 -0.403086 0.132221 -0.043287 0.088695 0.021597 0.050818 0.140660 0.216053 0.093628 -0.038083 -0.053553 0.014006 -0.144502 -0.071987 -0.115621 -0.049234 -0.005859 -0.071960 -0.060432 -0.126704 -0.007335 0.127917 0.180131 -0.206130 0.107080 -0.103524 -0.289034 0.026333 0.017127 0.189283 -0.152517 -0.048069 -0.025674 -0.250063 -0.096110 0.105879 -0.042482 0.129252 0.119834 -0.091280 -0.213638 -0.332875 -0.030290 -0.210528 -0.213278 -0.121887 0.214754 0.193588 -0.173346 -0.454662 0.016517 -0.142429 0.039579 0.060973 0.051547 -0.077881 -0.036543 0.069559 0.055581 -0.125883 0.051619 -0.069414 -0.024583 0.201389 -0.135131 -0.115005 0.010812 -0.066109 0.078468 0.052837 -0.062709 -0.061155 -0.015985 0.289292 -0.006552 -0.061510 -0.060328 0.347351 -0.241571 0.008442 -0.038536 -0.066499 -0.053230 -0.157077 -0.139530 0.052615 -0.059349 0.017330 -0.079608 -0.156971 -0.024752 -0.105970 -0.045861 -0.247710 -0.010559 0.009121 -0.120451 -0.044024 0.049766 -0.029009 0.040354 -0.122841 -0.267812 0.332509 -0.112106 -0.303443 -0.032496 0.068983 0.136129 -0.160522 -0.244215
-0.023667 0.069572 0.101185 0.130114 -0.150428 0.149891 -0.000183 0.078999 -0.074149 0.086128 -0.245637 -0.006680 -0.047022 0.005895 -0.150779 0.140011 -0.024050 -0.116893 0.077797 -0.407250 0.093480 -0.149033 0.251064 -0.316169 0.071082 -0.239763 0.019750 -0.038176 -0.088870 -0.184198 -0.072460 0.099993 0.141719 0.123064 -0.081203 -0.055205 -0.060146 -0.121336 0.070935 0.212975 -0.043473 -0.131665 -0.035367 -0.129757 -0.299438 0.128974 -0.035728 0.170556 -0.323770 0.183113 0.197886 -0.224909 -0.020613 -0.073618 -0.077292 -0.079793 -0.254960 0.063511 -0.146375 -0.108517 0.235736 -0.001591 -0.052083 -0.102354 -0.119870 0.004879 0.171738 0.025204 -0.009701 0.240905 -0.106974 -0.084933 -0.159375 -0.196935 -0.102131 -0.106437 -0.063372 0.117064 -0.039350 0.007968 -0.048051 -0.111816 -0.042202 0.008772 0.071078 0.030516 0.023361 -0.163631 -0.027673 -0.019593 0.213278 -0.269113 -0.013097 -0.026690 -0.070909 0.043553 -0.035976 0.057132 -0.037025 -0.029604 -0.356894 0.118707 -0.045984 0.033597 0.165760 -0.097274 -0.053284 -0.001230 0.019069 0.155779 0.051520 -0.109785 -0.006283 0.253418 -0.055056 0.210726 -0.032489 -0.106050 0.121891 0.175094 0.210406 0.169695 0.139369 -0.003064 -0.067139 0.122439 -0.030514 0.164301
-0.130699 -0.142761 -0.015580 -0.107051 -0.043980 -0.170895 0.044083 -0.019100 -0.081617 0.109153 0.134524 -0.017432 -0.066821 0.070866 0.148912 0.027349 -0.112644 -0.082220 -0.046874 0.017463 -0.057749 -0.009557 0.346027 0.145145 -0.109380 -0.199508 -0.444869 -0.024173 -0.009696 0.098472 0.136033 -0.009663 0.000571 -0.035739 -0.129811 0.076402 -0.012211 -0.406860 -0.270774 0.222730 -0.019002 -0.085160 -0.018558 -0.029568 0.092295 -0.146244 0.114642 -0.052107 -0.404102 -0.221658 0.027083 -0.017848 0.025134 -0.123129 -0.166836 -0.150525 -0.080558 -0.056046 -0.115955 0.280956 0.128177 0.051273 0.005060 0.188142 -0.281697 0.070719 0.062413 -0.092338 0.058306 -0.080371 0.030642 -0.050121 -0.045262 0.099962 0.300637 -0.035344 -0.426471 -0.116099 -0.077365 -0.165697 -0.070228 -0.242923 0.095790 -0.075978 0.277856 0.033376 0.068959 0.015157 -0.088609 -0.166991 0.158943 0.047109 -0.022572 0.118377 0.131572 0.183897 0.175137 -0.058095 0.046398 0.225798 -0.003479 -0.093888 -0.294604 -0.017644 0.295799 0.077716 -0.250728 -0.255510 -0.077411 -0.043111 0.204346 0.090341 -0.229738 -0.049426 0.051720 0.145448 -0.080575 -0.284489 -0.126137 -0.008987 -0.364092 0.019546 -0.093256 -0.046330 -0.047502 -0.053196 0.004670 -0.114507
-0.240025 -0.023064 0.131794 0.485623 -0.143256 -0.013057 -0.011213 0.023895 0.000799 0.097655 -0.108420 0.365522 0.142612 0.037046 -0.271526 -0.178282 -0.259363 -0.180778 0.032434 0.137935 0.076548 -0.031475 0.218810 0.258431 0.128412 0.115125 0.111222 -0.020172 -0.066669 -0.502711 -0.237128 -0.157478 0.119994 0.052922 0.041325 -0.347758 0.028601 0.107496 -0.019909 0.075791 -0.021954 0.444821 -0.146375 -0.079285 -0.092184 0.020064 -0.004851 0.082868 0.022194 0.049949 0.118733 0.039617 0.131033 0.064640 -0.046948 0.068635 -0.333406 0.017967 -0.315747 0.239278 0.033921 -0.026147 -0.128570 -0.011047 0.074411 -0.243110 -0.205128 0.024074 -0.031280 0.140678 0.137995 -0.205663 -0.212932 -0.036376 0.304815 0.141763 0.163481 -0.245251 0.233046 0.189758 0.102934 -0.072319 -0.333175 0.144947 -0.122533 0.264417 0.270312 -0.129704 0.060744 0.078231 0.038190 0.220868 -0.266613 0.104251 -0.573163 -0.040549 0.093127 -0.064260 -0.108307 0.103722 0.073323 -0.159876 0.144352 -0.020525 0.256459 -0.224714 0.073538 0.076478 -0.023323 -0.080312 -0.144812 -0.131271 0.122414 -0.032065 0.020217 -0.002956 0.053955 0.011902 -0.214779 -0.338930 0.055426 0.271198 -0.459069 -0.012079 -0.004972 0.186683 0.011282 -0.293193
-0.315931 -0.055468 0.078769 -0.155122 0.178510 -0.015622 0.123755 -0.513429 -0.431917 -0.002139 -0.135574 0.206796 0.075313 -0.257459 -0.274833 0.032903 -0.397597 0.260413 -0.264415 -0.027319 -0.215620 -0.225894 0.087190 0.132629 0.185433 0.021601 -0.029462 -0.536055 0.054471 0.003168 0.188399 0.080924 -0.019207 0.020432 -0.177364 -0.017562 -0.303396 -0.294718 -0.081252 0.136710 0.018046 0.028910 -0.047430 -0.152574 -0.243047 -0.201501 0.188431 -0.196110 -0.035609 0.090633 0.041332 -0.104578 -0.014421 -0.210883 -0.092588 0.138211 -0.083216 -0.045267 0.042897 -0.040301 -0.004040 -0.063723 -0.028701 -0.065257 0.022143 0.183663 0.006861 0.014209 0.154454 -0.420380 -0.042337 -0.223951 0.001957 0.039360 0.147395 -0.063429 -0.483138 0.145500 -0.451486 0.056076 0.104446 -0.084680 -0.073975 -0.195921 0.196200 -0.127996 -0.021388 0.080350 -0.163697 0.005373 0.075772 -0.246824 0.249198 -0.085716 0.034628 0.044975 -0.235124 0.075422 -0.038467 0.169147 -0.189457 -0.189139 0.033724 -0.044146 0.006557 -0.167983 -0.152977 -0.095435 -0.353744 -0.208651 -0.076339 -0.052622 -0.159133 -0.063384 -0.026428 0.070462 -0.079058 -0.145195 0.187360 0.092789 -0.106541 0.239492 -0.303353 -0.105143 -0.040044 -0.080626 0.152716 0.027146
0.019182 -0.644660 0.069174 0.052137 -0.284867 -0.095858 0.070068 -0.177417 -0.042378 -0.127138 0.086365 0.146523 -0.103965 -0.120824 0.019198 -0.081977 0.012878 -0.020064 0.143256 -0.221802 -0.056747 0.022497 -0.082515 0.208503 0.018966 -0.346000 -0.138003 -0.051701 -0.107280 0.393232 -0.077840 0.119913 0.124280 -0.027454 0.071114 -0.051169 -0.119662 -0.080792 0.132267 -0.223904 -0.147998 0.145624 -0.029782 0.150904 -0.208078 -0.043969 -0.012704 0.100266 0.113895 -0.249962 -0.084878 -0.477501 -0.088113 -0.239869 -0.112012 -0.004106 0.029791 0.153770 -0.477177 -0.063989 -0.114933 -0.062470 -0.006915 -0.215457 -0.135305 0.205087 -0.020834 -0.011768 0.125322 -0.063915 -0.052292 -0.232853 0.007360 0.085049 -0.018542 -0.036430 -0.274070 0.173626 -0.038573 0.057361 -0.319810 0.163009 -0.026367 0.019899 -0.051907 0.196079 0.080781 0.109104 -0.116003 -0.114001 0.010832 0.018458 -0.254697 0.172376 0.066808 -0.188524 -0.029811 -0.071013 -0.033692 0.125726 -0.038196 -0.234354 0.310896 -0.078577 0.072470 -0.014901 -0.102058 -0.130090 -0.066421 -0.160072 -0.131592 -0.033385 -0.153171 -0.089188 -0.171977 -0.151017 -0.022787 0.052780 -0.093086 0.165965 -0.206609 -0.042153 -0.037353 -0.032927 -0.056862 0.019429 0.162675 0.185586
0.215406 0.086999 0.081993 0.065118 -0.107489 -0.248378 0.148194 0.272416 0.237917 0.061764 0.059054 0.007195 -0.288658 0.039133 0.038069 -0.622986 0.003392 -0.132203 0.053841 -0.075502 -0.203881 0.067754 0.084796 -0.083704 -0.008671 0.125070 -0.072984 0.168247 -0.018328 -0.040333 -0.354733 0.057539 0.137404 0.279793 -0.248580 0.308763 0.172339 -0.037020 -0.183340 -0.165097 -0.044868 0.035706 -0.000160 -0.137837 -0.003413 -0.300701 0.096887 -0.315012 -0.374645 -0.227469 -0.027504 0.036894 0.061603 -0.065606 0.057515 -0.443146 0.050088 0.089003 0.027410 -0.036171 -0.052459 0.085202 0.148991 0.036959 -0.127394 -0.236295 0.031227 -0.026720 0.039352 -0.002474 0.262364 0.066454 -0.009277 0.185182 -0.142351 -0.073221 -0.013082 -0.206716 0.182260 -0.005699 0.059531 0.049360 0.257358 0.173627 0.054599 0.000043 -0.120442 0.012166 -0.068076 -0.272848 -0.085617 0.000190 -0.033272 0.108637 0.113888 -0.009757 0.164939 0.323824 -0.080628 -0.146349 -0.070702 0.181871 -0.113024 -0.056332 -0.082506 -0.194508 0.000621 -0.090453 0.170648 -0.069895 0.129291 -0.098217 0.037572 0.028966 0.131415 0.121495 -0.048799 -0.151805 0.000064 -0.295950 -0.286648 -0.257439 0.100235 -0.166287 -0.051142 -0.092369 -0.200333 0.092537
0.032410 -0.102837 -0.094926 0.264032 -0.188560 0.117113 -0.201798 -0.218274 -0.223527 -0.163081 -0.051954 -0.161049 0.248150 -0.005474 -0.261282 0.035245 0.115440 -0.019533 -0.111924 -0.214974 -0.370170 -0.131779 -0.000164 0.124027 -0.206612 0.201725 -0.185890 -0.184553 -0.018626 -0.101059 0.249740 0.092442 0.167661 -0.181194 -0.181378 0.087557 0.112318 0.171282 0.058358 0.414426 -0.023278 -0.080185 -0.032287 -0.160575 -0.129455 0.038712 -0.566352 -0.330970 -0.123986 -0.112350 0.204295 -0.296424 -0.213813 -0.070105 -0.021793 0.002390 0.125136 0.016469 0.139739 0.089035 0.101389 -0.128063 -0.282065 -0.000638 0.000512 0.019613 -0.187672 -0.019403 0.023080 0.038548 0.109856 -0.128433 0.395306 -0.026656 -0.096027 -0.194552 -0.075225 0.287781 -0.281272 0.048613 0.062988 0.217958 -0.165963 -0.205077 -0.158424 0.107592 0.193012 0.321657 0.036523 0.034044 0.112069 -0.010231 -0.096513 -0.021996 0.168083 0.095949 -0.304200 0.058278 -0.022085 -0.273770 -0.208393 -0.155115 0.099105 -0.014916 0.145783 0.017726 0.089955 0.044241 0.028463 0.080556 0.302286 0.000547 0.062408 0.042870 -0.347548 0.193259 0.248929 -0.025632 -0.136555 0.154993 0.220176 -0.121330 -0.416094 -0.094318 -0.013491 0.110769 0.084618 0.516339
-0.031923 0.030184 0.130321 -0.146133 -0.203286 0.075662 -0.287834 -0.091516 -0.173052 -0.078186 0.107274 -0.319918 0.040128 -0.077451 -0.181822 0.086468 -0.162081 0.061455 0.218731 0.000265 -0.262933 0.039113 -0.028718 0.163577 -0.019865 -0.341536 0.100839 -0.131938 0.000909 -0.079570 -0.088958 -0.108756 -0.026361 0.059286 -0.028886 -0.178148 0.046431 0.159760 -0.018819 -0.021575 -0.057265 -0.072459 -0.113629 -0.035078 0.097458 -0.151615 0.051477 0.036339 -0.335721 0.163812 0.222571 -0.068744 0.137391 -0.071564 -0.058206 0.023753 -0.252412 0.223348 0.075623 -0.210991 0.134809 -0.103054 -0.110489 -0.193364 0.267214 0.038771 -0.015770 -0.052790 -0.008697 -0.012032 0.198543 -0.027291 0.091126 0.163646 -0.082123 0.208096 -0.230444 0.130431 -0.148924 -0.120287 -0.201844 0.172601 0.071343 -0.027678 -0.175683 -0.076988 0.107766 -0.326483 -0.013120 0.230914 0.014108 0.008165 0.124682 -0.033627 -0.170413 0.171749 0.169461 -0.483524 0.001412 -0.132279 0.283704 -0.146062 -0.082684 -0.045408 -0.021258 0.199491 0.099341 -0.155993 0.159320 -0.043198 -0.102718 -0.042822 0.063957 -0.130802 0.087031 -0.061356 0.080053 0.273113 -0.115154 -0.157000 0.139670 0.003940 0.045210 -0.008727 0.034296 0.174698 -0.239824 0.191293
0.101651 0.108214 0.255026 0.240032 -0.119496 -0.114642 0.362220 0.158519 -0.018307 0.148344 -0.263962 -0.083235 0.255755 0.155166 -0.275786 -0.136069 0.206691 -0.059888 -0.143537 0.155362 -0.105718 0.191736 -0.142774 -0.224922 -0.221473 -0.088034 -0.148780 0.043730 0.035977 0.037756 0.050298 0.081577 0.042945 -0.008560 0.001531 0.050075 -0.121876 0.050316 -0.051656 0.081458 0.098134 -0.037418 -0.101967 -0.137055 -0.025849 -0.248839 0.181030 -0.141021 0.065567 -0.052249 -0.194905 -0.367494 -0.385118 -0.021582 0.490251 -0.010248 0.097248 -0.201857 -0.172940 0.131312 -0.095376 0.198423 -0.076060 -0.046441 0.181359 -0.089678 0.002796 -0.034822 -0.068261 0.131428 -0.015203 -0.073506 0.323787 0.114365 0.015907 0.292098 -0.187711 0.170257 -0.299967 -0.011719 0.219501 -0.362525 -0.210637 0.270077 0.155594 0.146043 -0.084388 0.153124 -0.053951 -0.134087 0.099243 -0.144752 0.066054 -0.321177 0.209337 0.151513 0.070842 -0.148437 -0.094899 0.113572 -0.300105 -0.040506 -0.212922 -0.060690 0.019136 -0.096206 0.049990 -0.174878 -0.285808 0.014046 -0.133342 0.026180 0.083766 0.223252 0.158639 0.001515 -0.079935 -0.199088 0.310606 0.142635 0.177221 -0.108103 -0.039016 -0.011929 -0.008586 0.054001 0.002130 -0.049602
0.225560 -0.025016 -0.261946 -0.109077 -0.079760 -0.020858 -0.012964 0.096124 -0.143605 0.043778 0.092246 0.145725 0.018221 0.106283 -0.231615 -0.064962 0.122763 -0.024233 0.389218 -0.067863 -0.039782 -0.096558 0.091281 -0.194600 -0.036314 -0.019771 -0.041814 0.045338 -0.088265 -0.059704 0.046927 0.037819 0.098584 -0.094354 0.051783 -0.062488 -0.287363 -0.213691 0.023096 -0.274184 0.072357 -0.059036 0.321288 0.070450 -0.034019 0.041576 0.033446 0.054754 -0.031313 0.014064 -0.029399 0.036851 -0.027896 0.180755 -0.194462 0.298974 0.028497 0.011438 0.121351 0.044829 -0.058816 -0.091632 0.040215 -0.047704 -0.053438 0.108761 0.114063 -0.067006 0.164730 0.195662 0.178402 0.253946 -0.199161 0.011573 0.209982 0.220150 0.167700 -0.018093 -0.076540 0.166181 -0.101600 -0.039876 -0.146410 -0.162986 0.106425 0.144414 0.030586 -0.250040 0.023230 -0.117872 -0.106827 0.340452 -0.264775 -0.001387 -0.254658 -0.158572 -0.002408 0.008695 -0.041608 -0.056729 -0.138376 0.142567 -0.245218 -0.049436 0.248146 -0.081802 -0.091128 -0.011686 0.446556 -0.027327 0.269893 0.043640 0.120302 -0.248440 0.062949 -0.065882 0.028240 0.168106 0.136320 -0.055087 -0.213242 -0.072970 0.150779 -0.093648 -0.002218 -0.221089 -0.021387 -0.041711
0.161973 0.145304 -0.085726 -0.132326 0.102425 -0.373792 0.266235 -0.042120 0.318146 -0.047787 -0.067660 0.164510 -0.113507 -0.486881 -0.202454 0.019104 -0.024190 0.005478 -0.146512 0.079697 0.066243 0.171061 -0.374974 0.093777 -0.079856 0.098089 -0.273499 -0.182452 -0.053557 0.063036 0.134162 -0.042529 -0.252064 0.118007 -0.042566 -0.017292 0.295752 -0.174212 0.020655 0.005975 -0.065087 -0.161399 -0.126869 0.098804 -0.101966 0.124920 -0.006308 -0.075803 0.035671 0.026119 -0.065373 -0.223331 0.272328 0.308199 -0.027270 0.316998 0.061379 -0.241931 -0.074283 -0.165042 0.104527 -0.007676 -0.341666 -0.013365 0.056943 0.055835 0.012698 -0.036663 -0.270689 -0.137317 -0.027987 -0.378221 -0.208325 -0.216011 0.069258 -0.162365 -0.061224 0.155100 -0.132613 -0.319872 -0.029487 0.254796 0.020041 0.115548 0.258850 0.071463 -0.168210 -0.451019 0.036109 -0.205202 0.095449 0.045230 -0.030911 -0.299777 0.198258 0.148977 0.139399 -0.329254 -0.029029 -0.132298 -0.186450 -0.028221 -0.111093 -0.030515 0.049875 0.067326 0.112103 -0.241232 -0.116306 -0.263866 -0.050759 0.049088 0.182641 -0.036941 0.108617 -0.012058 0.089263 -0.035860 0.006264 0.180485 0.160296 0.181473 -0.055157 -0.052633 0.076803 0.070442 0.119293 0.026212
-0.111230 -0.089745 -0.158378 0.364459 -0.019749 -0.032724 0.343513 -0.255345 -0.016146 0.150299 -0.121253 -0.041776 0.466004 -0.033610 0.320171 -0.248790 -0.148002 0.150934 -0.261645 -0.294087 0.151325 -0.107342 0.121228 0.319156 0.107326 -0.237251 0.034257 -0.085030 0.037587 0.060288 0.086128 0.106013 0.285614 0.035656 -0.014224 -0.017979 0.267259 0.162635 0.164285 0.010575 0.065410 -0.058412 -0.081653 -0.018201 0.177942 -0.099206 0.106082 0.138007 0.049816 -0.377620 -0.045602 0.222053 0.067865 -0.128336 -0.059851 0.196561 0.124377 0.081682 -0.096485 0.072830 0.136049 -0.020353 -0.002462 0.390436 -0.185116 0.022748 0.145405 -0.027986 -0.296653 0.012930 0.162346 0.063153 -0.029217 -0.144101 -0.151034 0.033268 0.004298 -0.199543 0.061603 -0.041503 -0.113555 0.028524 -0.043274 -0.143474 -0.097999 0.184385 -0.016542 -0.152978 -0.014365 -0.089740 0.009429 0.414773 -0.133304 0.157242 0.013083 0.093511 0.024410 -0.036149 -0.073138 0.020016 -0.025268 -0.130110 -0.147401 0.038536 0.167804 -0.034590 0.220044 0.120706 -0.331614 -0.201581 -0.177472 -0.089684 0.130064 0.012381 -0.013717 0.084906 -0.360677 -0.290659 -0.081249 -0.155423 0.245509 0.234211 -0.140571 0.020276 -0.033284 0.264567 -0.211188 0.157089
0.037127 -0.110286 -0.138839 -0.104663 0.116980 -0.000838 -0.152514 0.073192 0.232425 0.085685 0.005435 -0.110763 0.045607 -0.056801 0.124531 -0.018098 0.171826 0.175669 -0.213567 0.249880 -0.064418 0.036462 -0.066129 -0.003339 -0.322109 0.347077 -0.145047 0.011131 0.000222 -0.070704 -0.130908 0.047428 0.136915 0.231450 -0.041057 -0.137368 0.127556 0.277713 -0.238776 0.041639 0.126213 0.073786 -0.384396 0.061312 0.419976 0.109922 0.108709 0.035351 0.185373 -0.066250 -0.199728 -0.031420 0.250934 -0.170691 -0.153572 0.141416 -0.235896 0.000361 -0.174765 0.165095 -0.191341 -0.017026 -0.004553 0.109462 -0.218226 0.060092 -0.024687 -0.061534 0.329158 -0.080477 -0.202225 0.144966 -0.069421 -0.000780 -0.066781 0.119768 0.001454 0.092242 -0.097964 0.083860 -0.246746 0.427678 0.186137 0.187823 0.007495 -0.243021 -0.264415 0.206686 -0.052000 -0.094581 -0.013795 -0.203914 -0.080923 -0.071432 -0.040359 -0.155848 0.026850 -0.247030 -0.029155 -0.322233 0.137148 -0.275076 -0.075089 -0.026680 -0.007431 -0.088405 0.051522 0.041636 0.059307 -0.254132 0.038867 0.017864 -0.055081 -0.238713 0.068872 0.075203 0.129037 0.016454 0.013413 -0.237835 0.010186 0.024729 -0.032090 -0.040136 0.034282 -0.035819 0.043956 0.050232
0.047856 0.238243 -0.086894 0.078248 0.015325 0.086620 0.005319 0.001721 0.050387 -0.133030 0.095506 0.088292 -0.182775 -0.166049 -0.011526 0.023780 -0.032031 -0.052740 -0.059314 -0.091485 -0.368090 0.066989 -0.251618 0.231840 -0.207575 -0.110036 -0.408863 -0.135362 -0.012698 -0.201699 -0.033241 0.345738 0.258933 0.228994 0.036100 0.007186 -0.307501 0.000743 -0.087647 0.254887 -0.022134 0.031610 -0.338898 0.153432 -0.104019 0.247197 -0.076200 -0.089096 0.116242 0.080543 -0.288521 0.089577 0.364361 -0.021301 0.062844 -0.128673 -0.346606 0.081601 0.110705 -0.291610 -0.319750 0.070074 -0.127189 -0.080527 0.261511 -0.221433 0.118980 -0.046573 0.069949 -0.123288 -0.045514 -0.063646 0.061452 -0.396927 0.021020 -0.056443 -0.039184 -0.011856 -0.015420 -0.102489 0.245956 0.197255 0.167983 0.028517 0.021638 -0.103177 0.066290 -0.295197 -0.081372 0.067636 0.031445 -0.121864 -0.052065 -0.194021 0.438251 -0.612234 -0.131538 -0.387083 -0.135157 -0.066745 0.027039 -0.079051 -0.141510 0.045836 0.007106 0.015681 -0.196308 -0.172399 0.213486 -0.356728 -0.149462 -0.009046 -0.055269 0.397133 0.121011 0.016428 0.171116 -0.016159 0.119958 -0.418710 -0.026540 0.174275 -0.045033 -0.014140 0.056582 0.073602 -0.163713 0.012556
0.029511 0.136618 -0.149680 0.012386 0.009814 0.077038 -0.221562 -0.172364 -0.078504 0.338112 0.108907 -0.044707 0.067637 0.167735 0.122912 0.034631 0.134193 0.141739 0.190809 0.091223 0.077702 0.122335 -0.088103 -0.103417 0.036813 -0.403583 0.203120 0.056574 -0.013050 0.102931 0.007672 -0.039308 0.003175 0.024565 0.001346 -0.055931 0.227577 0.130758 0.035590 -0.052874 -0.077526 -0.039909 0.135102 0.036177 0.205432 -0.234921 0.124237 0.004807 0.047191 -0.095590 0.170402 0.045746 -0.145899 -0.139478 -0.175229 0.142202 0.364209 0.230895 -0.266514 -0.109158 -0.008095 0.073919 0.095930 0.388524 0.049502 -0.215890 -0.108445 -0.052398 0.085793 0.106286 -0.213776 0.004795 0.043530 0.058264 -0.099576 0.394607 0.176690 0.007329 -0.218064 -0.167359 -0.242894 0.236934 0.002866 0.109291 0.007079 -0.247062 0.123766 -0.186131 -0.085225 -0.038219 -0.110915 -0.056072 -0.048782 0.086595 -0.092473 -0.023169 -0.000664 0.095311 0.029043 -0.171546 -0.026698 -0.037189 -0.280814 -0.105336 -0.061170 -0.142463 0.145781 -0.162770 0.190354 0.050155 -0.249598 -0.067344 -0.060841 -0.047877 -0.097821 0.112614 -0.216119 -0.085192 -0.253277 -0.015086 -0.088227 -0.054067 0.047609 -0.081177 0.013006 -0.013245 0.028666 0.200971
-0.200831 0.100572 -0.267326 -0.245354 -0.122023 0.020523 0.277994 -0.453198 -0.044631 0.081527 0.080189 -0.108857 0.047072 -0.047657 0.093434 -0.278204 0.013005 0.072290 0.274180 0.162676 -0.155193 -0.068627 0.090869 0.181474 -0.400109 -0.075808 0.006612 -0.397409 0.017816 0.088195 -0.205597 -0.057385 0.249295 0.001799 -0.097384 -0.098084 0.023029 0.064645 -0.006958 0.068751 -0.101678 0.350627 0.012272 -0.195360 -0.000244 0.091217 0.257988 -0.010438 -0.057156 -0.035129 -0.042975 -0.398406 0.014651 0.069801 0.089510 0.052363 -0.191749 0.172151 0.081957 0.037225 0.121841 0.195232 0.374295 0.123173 -0.041650 0.034949 0.087179 -0.001670 0.354106 0.017539 0.153087 0.285175 -0.018394 0.072615 0.117259 0.216531 0.151807 0.132873 0.011277 -0.241118 -0.124829 0.362171 -0.088398 0.203237 -0.175507 0.108484 -0.123948 0.156330 0.112742 0.120188 -0.044366 -0.070191 -0.381505 0.256109 -0.208033 0.182755 -0.072782 0.114021 -0.004033 -0.324233 -0.103446 -0.089712 0.123451 -0.057258 -0.335255 -0.109483 -0.036308 -0.149274 0.014761 -0.411034 -0.020104 -0.011457 -0.101428 -0.249461 0.154061 0.062750 0.020668 -0.089281 -0.135114 -0.134805 -0.172426 -0.077152 -0.028766 -0.036844 -0.046894 0.230147 -0.260302 0.175954
-0.064588 -0.088588 -0.059409 0.233625 0.304490 -0.069379 0.014572 -0.088520 -0.190498 0.108502 0.076480 0.257009 0.105561 0.280933 0.020077 -0.050280 0.085500 -0.047527 -0.283304 -0.007189 0.132421 -0.042909 -0.110441 0.121490 0.203941 0.106737 -0.165514 -0.193197 -0.061842 -0.076625 0.148887 0.200878 -0.001975 -0.027332 0.084904 -0.205509 -0.086379 -0.092616 -0.191512 -0.165273 -0.121823 -0.143380 0.191171 -0.029814 -0.136419 -0.129846 -0.050479 -0.184122 -0.109126 -0.162385 0.038424 -0.020362 -0.131662 0.109810 -0.133908 -0.144176 -0.157208 0.078510 0.219300 -0.001819 0.188989 -0.104150 -0.289158 0.021780 0.126172 0.309860 -0.014655 -0.043603 0.291742 0.032442 0.053148 -0.016018 0.068780 0.190731 0.127690 -0.175027 0.271227 0.154876 0.057515 -0.067356 -0.062095 -0.150523 -0.041032 0.051956 -0.079165 -0.096333 -0.008272 -0.142357 -0.066596 0.089697 0.029929 -0.120834 -0.086819 -0.148456 0.076537 -0.005712 0.125682 -0.177083 -0.052702 -0.003853 -0.319874 0.045082 -0.186716 -0.006381 0.023889 0.099663 0.122934 0.146398 0.047237 0.228780 -0.121551 0.132759 0.014466 -0.182092 -0.244275 -0.102010 0.437384 -0.197452 -0.004463 0.028145 0.100458 0.078550 -0.128482 -0.050170 0.043082 0.000835 0.101793 -0.290597
-0.133256 -0.156281 -0.151078 -0.193844 -0.114665 -0.029235 0.057326 -0.044895 -0.077586 -0.136234 -0.208965 -0.124311 -0.024269 0.005795 -0.064608 0.064437 -0.066500 -0.090479 -0.120861 -0.100053 0.094370 -0.009143 -0.035817 0.034613 0.019641 0.192993 0.046476 -0.197863 -0.043237 0.151808 -0.229705 0.003159 -0.310396 -0.364863 -0.107868 -0.014244 -0.522752 -0.102471 -0.108232 0.101538 -0.010809 -0.010116 0.103392 0.102226 0.027223 -0.395758 -0.296766 0.161704 0.049414 0.027646 -0.029643 -0.049131 -0.440281 0.037047 0.211680 0.173856 0.175093 -0.048688 0.193076 -0.077372 0.025601 -0.099168 -0.242882 -0.492195 0.131293 0.193904 0.109930 -0.042730 -0.191246 -0.037820 0.052858 0.006312 0.102053 -0.128074 0.032032 0.006366 -0.151800 -0.116739 0.109716 -0.148323 0.106424 0.149240 -0.335376 -0.145719 0.078090 0.197940 -0.483981 -0.070832 -0.108847 -0.053630 0.016722 -0.029714 0.213252 0.092419 -0.166256 -0.076275 -0.027187 -0.022366 -0.050782 -0.073472 -0.158867 -0.036948 0.092038 -0.042949 -0.108824 -0.099358 0.105769 0.264904 -0.103457 0.144060 0.060621 -0.142140 -0.201139 0.099588 -0.000735 -0.399552 0.201825 -0.008909 0.264598 0.242577 0.032847 0.133266 0.069946 -0.066839 -0.093021 -0.114528 -0.071171 0.369629
0.006008 -0.079429 0.244432 0.075061 -0.011102 -0.260774 0.034260 0.001970 0.092967 0.146756 -0.008497 0.142829 -0.029656 -0.079310 0.122715 0.193801 0.135072 -0.368714 -0.116261 0.082374 0.144033 -0.180218 -0.009528 0.119094 -0.016732 0.267936 0.324467 0.115583 -0.063372 -0.047186 -0.007950 0.034084 0.042224 0.090023 0.071825 0.208330 -0.150701 -0.070737 -0.352505 0.091757 0.066525 0.100714 0.041721 -0.581189 -0.178857 0.042776 -0.057490 -0.062493 -0.138388 -0.387335 0.104555 -0.054660 0.112954 -0.023797 -0.000252 -0.132294 -0.253282 0.004786 -0.278387 0.050379 -0.005175 0.093823 0.250710 -0.038088 -0.075094 -0.217221 0.116575 -0.023769 0.100015 0.119698 -0.122844 0.182569 0.174274 0.017582 -0.166513 -0.256829 0.059008 -0.250863 -0.043480 0.216826 -0.041962 0.134224 0.086537 0.019617 0.095315 0.294922 0.080755 -0.114637 -0.069632 -0.027788 0.074988 -0.133344 -0.062369 0.266326 0.028078 0.257497 0.048290 0.265199 -0.010174 0.023512 0.044303 -0.186884 -0.034641 -0.047100 0.109059 -0.050155 0.138967 -0.028234 -0.208503 -0.076152 -0.329584 -0.038875 -0.091367 0.047325 -0.007867 -0.240874 -0.180292 0.004550 -0.052325 0.159835 0.096255 0.313930 -0.122391 0.059299 -0.004821 -0.004356 0.130614 0.029328
-0.118347 -0.022029 -0.102156 0.155079 0.002976 0.239503 -0.072725 0.150017 -0.342081 0.236304 -0.332781 0.254866 -0.132588 0.040766 -0.180079 -0.132255 -0.201185 -0.224788 -0.205426 -0.199880 0.043132 -0.090321 -0.017488 0.330456 0.073660 -0.156973 0.163383 -0.169300 -0.040494 0.043356 0.126734 0.571961 0.080435 0.095854 -0.198859 -0.260352 0.097973 -0.042528 0.038916 0.129210 0.037439 -0.107666 0.002744 0.308513 -0.240544 -0.253258 0.002505 -0.019222 -0.298519 0.174585 -0.231465 -0.183455 -0.082945 -0.121102 0.072219 -0.013018 -0.061191 0.193018 0.265674 0.197298 -0.051233 -0.290949 -0.039228 -0.091279 0.163897 -0.115333 0.016115 -0.053736 -0.176323 0.257102 -0.136992 -0.292766 0.004190 -0.166991 -0.152750 0.022863 -0.045939 -0.169462 0.132173 -0.044475 -0.052168 0.162153 -0.209533 -0.114991 0.077417 0.004120 0.545903 -0.250335 -0.035170 0.120408 0.075682 -0.053900 -0.113320 -0.009364 0.125423 0.373944 -0.012339 -0.177264 -0.013785 0.011182 0.054592 -0.374162 0.285606 -0.070533 0.068242 0.142206 -0.020963 0.199382 -0.226870 -0.032583 -0.427545 -0.048518 0.066552 0.102664 -0.260955 0.072851 -0.006619 0.040400 -0.274699 -0.311147 0.013143 0.063339 -0.278066 -0.006941 -0.102435 0.384844 -0.109284 0.060342
-0.016323 -0.126603 -0.049004 -0.245756 -0.130581 0.120185 0.049283 0.127517 0.075695 -0.096074 -0.207104 -0.023859 0.016404 -0.113437 -0.103934 -0.128059 0.198988 -0.019080 0.143249 -0.021367 -0.069350 0.095383 -0.073936 0.055357 0.232970 -0.177882 0.278095 -0.106734 -0.074331 -0.041078 0.090485 -0.014253 0.094427 -0.335083 -0.060985 -0.067554 -0.126751 -0.519013 -0.158075 0.066382 -0.062556 -0.271945 0.057135 -0.113412 -0.208815 0.090614 0.076397 0.001356 0.180018 -0.241541 0.013890 -0.314435 -0.176789 -0.159053 0.171761 -0.401300 -0.011404 -0.229595 0.145701 0.059905 -0.009065 0.055185 -0.183850 -0.153028 -0.111540 0.191231 0.073430 -0.025515 -0.096474 -0.112960 0.032691 -0.540938 -0.089881 -0.018723 0.017381 -0.216599 0.139124 -0.006089 0.027679 -0.012729 -0.266542 -0.102984 -0.133963 -0.049416 0.109358 0.051965 0.186009 -0.234028 0.027137 -0.189646 0.143729 -0.018851 -0.150720 0.121844 0.001360 0.079586 -0.142338 0.228250 -0.071425 -0.079652 -0.057239 -0.028334 0.114071 -0.042431 -0.090309 -0.021556 -0.210139 0.031964 -0.080115 0.039124 0.116125 -0.046730 -0.180479 -0.062653 0.006362 -0.102281 0.085400 -0.141064 -0.062965 0.093554 -0.225967 -0.062679 -0.020863 -0.054471 0.013992 -0.030483 0.086157 0.034232
0.086258 -0.137575 0.130189 0.182583 -0.128378 -0.118494 -0.252549 0.212170 -0.033613 -0.352339 0.145238 0.098034 -0.303463 -0.315013 0.113529 0.141888 -0.046302 -0.065633 0.144788 -0.219353 0.119724 -0.057063 0.099263 0.139439 -0.066807 -0.008798 0.120152 -0.102158 -0.128103 0.050610 0.012175 -0.112474 -0.091400 0.119172 -0.263500 0.034879 -0.057727 -0.084355 0.101502 -0.130059 -0.099981 -0.197260 0.164257 -0.034795 0.118406 -0.128585 0.139557 -0.273047 0.071655 0.101111 0.020866 0.092377 0.262640 0.042139 -0.022404 -0.059824 -0.006114 -0.070754 -0.020982 -0.066230 0.054442 -0.147244 -0.154801 0.072072 0.073543 0.015322 -0.269732 0.012075 0.044264 -0.103214 -0.222966 0.052602 0.009249 0.002641 -0.403040 -0.013121 -0.109177 0.027212 -0.040732 0.191476 -0.024627 -0.351627 -0.326341 -0.147098 0.109070 0.178860 0.316254 0.104978 -0.002030 -0.066407 0.055903 0.159224 0.007634 -0.043854 -0.051601 -0.018895 -0.162486 -0.152512 0.046971 0.068042 -0.157647 0.251859 0.046662 -0.017831 0.047247 -0.010395 -0.225793 0.068510 -0.102902 0.030247 0.185396 -0.032655 -0.003467 -0.021596 -0.021712 -0.004750 -0.017318 0.045750 0.152303 0.159493 0.244192 -0.335945 0.060781 0.008006 -0.049537 0.025637 -0.134200 -0.147612
-0.238470 -0.011918 0.046178 0.268360 0.132844 -0.194802 -0.090675 0.057350 -0.233842 0.006776 -0.068725 -0.190088 0.225484 -0.110162 -0.067768 0.036660 0.230725 -0.168175 -0.064037 -0.035347 0.123392 -0.021346 -0.107476 0.184437 0.038942 0.233358 0.100636 -0.149506 0.094012 0.127766 -0.039945 -0.208415 0.114165 0.080520 -0.079710 -0.136142 0.059699 0.018660 0.042198 -0.006064 -0.112073 -0.244934 0.180967 0.178412 -0.012435 -0.031143 0.070766 -0.178090 -0.120538 -0.243282 0.118165 -0.001637 0.097721 0.042902 0.019515 -0.010365 0.140008 0.203808 -0.181265 -0.014650 0.082064 -0.112256 0.028511 0.317464 0.028661 0.026523 -0.136597 -0.061418 0.093426 0.050721 0.007083 0.151586 -0.085214 -0.243471 0.263324 -0.041237 0.075007 0.210671 0.103232 -0.176121 -0.058075 0.106707 0.093430 -0.084400 0.162089 0.090944 0.108297 -0.013561 0.031286 0.201404 0.029786 -0.068638 0.370634 -0.113061 -0.311536 0.149528 0.253790 0.109410 0.017147 -0.039088 -0.032090 0.278664 0.096552 0.040621 -0.078858 0.080039 0.066114 -0.070713 -0.113997 -0.013543 -0.075172 -0.095401 -0.241928 0.074411 0.138335 -0.081933 -0.068961 -0.094785 0.176641 0.177488 0.243541 0.106373 0.113649 -0.007894 0.054288 0.069134 0.032461 0.101103
-0.048108 -0.075866 0.122766 -0.072636 0.149203 -0.222961 -0.169371 0.060771 -0.076517 -0.035638 -0.160772 -0.206483 -0.039589 -0.050067 -0.162569 0.146711 0.006056 -0.137026 0.227995 -0.152264 0.151930 0.228480 0.307515 0.236291 0.471399 0.196146 0.246507 0.020842 -0.040983 -0.013903 0.188146 -0.354279 0.036653 -0.044746 -0.067223 -0.120835 -0.503232 -0.018944 -0.064353 0.151619 0.281111 -0.188168 0.210862 -0.340059 -0.072967 0.123382 0.053072 -0.079603 -0.050979 0.114411 0.090181 0.243111 0.064282 0.160459 0.193135 -0.062601 0.042590 0.141421 -0.211761 0.031439 -0.190283 0.136979 0.152492 0.069879 0.092628 0.107933 -0.103521 -0.042580 -0.169792 -0.004648 0.168273 0.049829 -0.042635 0.013780 0.082593 -0.296914 0.319207 0.177434 -0.215200 0.183207 0.021058 -0.126346 -0.265817 0.144259 0.187454 0.187419 0.004867 0.085117 -0.086372 0.042814 0.421268 -0.032699 0.034639 0.103973 0.224772 0.158281 0.372546 0.156792 0.014797 -0.069924 -0.039105 0.176826 0.094150 -0.015829 0.130250 0.106489 -0.140883 -0.051412 0.078696 -0.126483 0.004868 0.056861 0.040599 -0.156549 0.113096 0.017826 -0.316075 -0.074957 0.180427 0.126918 0.214543 -0.092840 -0.078703 0.111087 -0.071128 0.008202 0.015535 -0.097568
-0.137028 -0.099432 -0.209096 0.031755 -0.022692 0.055595 0.050674 0.107718 -0.293459 -0.294795 -0.028180 0.006365 0.211736 0.018839 0.347974 0.025904 0.036229 -0.076629 -0.117341 -0.246808 0.454006 -0.035856 -0.037557 0.144579 -0.140267 -0.125913 0.221921 0.193101 -0.048210 0.183138 0.144701 -0.213466 0.009826 -0.073689 0.010307 0.018064 0.158774 -0.277696 0.024447 -0.040118 0.141119 0.075223 0.117026 0.160910 0.107201 0.156263 0.157734 -0.198971 -0.043758 0.085261 -0.107848 0.131674 0.141354 0.143162 0.040452 -0.016085 0.125265 0.183414 0.054720 0.011073 0.317591 -0.243987 -0.074734 0.017080 0.213198 0.151109 0.064271 -0.033903 -0.030247 -0.066993 0.103995 0.097418 -0.083596 -0.167328 -0.101929 -0.232005 -0.017274 -0.070914 -0.151241 -0.159523 -0.044461 -0.055317 -0.008578 -0.375060 0.171621 -0.038916 0.220573 0.047150 -0.059680 0.049305 0.328953 -0.079714 0.024579 0.072289 -0.042740 0.162802 -0.416903 -0.043457 0.051479 0.165635 0.245562 0.051820 0.464493 -0.042821 0.164030 0.047184 0.015445 0.001726 0.079244 -0.146039 0.395648 -0.013544 -0.152620 0.058498 0.181284 0.102490 0.163069 0.080318 0.040070 0.058026 -0.030109 -0.027453 0.049519 -0.070197 -0.118950 0.003696 -0.114436 0.102766
-0.387657 -0.075426 -0.030529 0.016969 -0.110708 -0.259006 0.170841 0.089992 0.201837 -0.143690 -0.323897 -0.051677 -0.079591 -0.003871 0.013497 -0.128616 -0.130960 0.049910 0.134613 0.040153 0.145493 0.072953 0.101978 0.140485 0.281604 0.251301 -0.008365 -0.038176 -0.016921 -0.197493 -0.102047 -0.042343 0.159450 -0.078666 -0.084430 -0.016411 -0.277971 0.089075 -0.133157 0.277695 0.232903 -0.001067 -0.164929 0.116880 -0.244436 -0.089113 0.057934 -0.336608 -0.014160 0.369240 0.061595 0.144646 0.080638 0.143229 -0.081540 0.150069 0.353116 -0.019844 -0.064198 0.170700 -0.226336 -0.019855 -0.074726 -0.089643 0.289636 0.103155 0.020455 -0.074126 0.010678 0.080059 -0.280274 -0.006441 0.094114 0.025279 0.154564 -0.107098 -0.120628 0.248142 -0.015363 0.127355 -0.319456 -0.155532 -0.232335 -0.036649 0.060915 -0.112551 -0.083967 0.239317 -0.152999 -0.272908 0.274909 -0.228799 -0.110385 0.011002 0.193646 -0.018782 -0.290549 -0.065938 -0.064411 0.391795 -0.090796 0.257057 0.117304 -0.100343 -0.072058 0.121499 -0.111749 -0.054189 0.122392 0.043881 0.238175 0.011833 -0.075662 -0.161283 0.037673 -0.064991 -0.269978 0.168157 0.004483 0.191661 0.065705 -0.091131 0.066403 -0.064406 -0.091669 -0.138829 -0.023097 0.104718
0.003139 0.061093 0.049774 0.050681 0.074635 -0.007012 -0.003511 -0.168098 0.084524 -0.019123 -0.001605 -0.002504 -0.032317 -0.166050 0.208306 0.071755 -0.027247 -0.069603 -0.041044 -0.280131 -0.228068 0.136027 0.230565 0.143278 0.014151 0.345809 -0.136355 -0.107803 -0.068791 0.280966 0.160351 -0.171522 0.030761 -0.154011 -0.058275 0.192384 0.096497 -0.279919 0.130424 -0.189005 -0.055946 -0.112736 0.224692 0.160786 0.208283 -0.025426 -0.017903 -0.236475 -0.104663 0.263529 0.001462 -0.095712 -0.118558 -0.207188 0.086798 -0.139139 -0.088413 0.188096 0.093627 0.009497 0.250025 -0.087772 0.239443 0.183807 0.142490 0.175607 -0.081681 -0.055306 -0.203170 -0.168742 0.298813 -0.165274 -0.036919 0.129522 0.063692 0.029443 -0.078888 -0.012289 -0.172455 0.070138 0.257126 -0.174492 -0.297052 -0.157883 -0.004275 0.067717 -0.077141 0.016251 -0.056205 -0.300657 -0.133970 -0.077889 0.229283 0.126941 -0.241414 -0.188107 0.305243 0.032510 -0.052642 -0.108647 0.115046 -0.087800 0.207608 0.097149 0.110742 0.058291 0.046498 0.156911 0.080230 0.195361 0.112534 -0.167733 -0.159603 0.129774 0.065280 -0.114461 -0.053136 0.043176 0.142834 0.013754 0.037501 -0.112516 0.107075 0.017047 -0.087899 0.068955 -0.054815 -0.094299
0.084296 -0.083081 0.272831 -0.276163 0.017763 0.153777 -0.092155 -0.074220 0.329758 0.129442 -0.228102 0.062458 0.145656 -0.198963 0.129908 0.201912 -0.034676 -0.035895 -0.088081 -0.285843 0.361274 0.060680 0.058193 0.085029 0.052614 0.106091 -0.038745 -0.094545 -0.023101 -0.035510 0.043136 -0.201347 0.033852 -0.177629 0.126949 -0.109867 0.162099 0.031273 0.063158 0.009876 -0.013038 -0.123081 0.235748 -0.168561 0.089801 0.255998 -0.098760 -0.109963 -0.127646 0.026999 0.183335 0.175191 0.275184 -0.003238 -0.001759 -0.151526 0.256829 -0.089770 0.141215 -0.123185 0.049926 -0.009632 0.012265 0.093886 0.237247 0.100014 -0.142826 -0.030404 0.060622 -0.024156 -0.047756 -0.119984 -0.111561 -0.217314 -0.014113 -0.164928 0.226564 0.303538 -0.037642 0.045881 0.266670 -0.068001 0.042724 -0.254789 0.037960 -0.000427 0.128359 -0.220636 -0.005359 -0.313847 0.135051 -0.213806 0.014221 -0.235317 0.040582 0.297940 -0.197122 0.080118 0.023975 0.151922 -0.257053 0.198136 0.381591 0.010318 0.101664 0.016804 0.166426 -0.080633 -0.099855 -0.127555 0.065208 -0.147926 -0.033025 0.039273 0.111193 -0.161987 -0.031250 0.034247 0.153668 -0.002041 0.100819 -0.082657 0.063921 -0.034834 -0.073608 -0.003658 0.090157 0.032282
-0.015118 -0.002037 -0.050274 0.109149 0.264479 -0.325741 0.193657 -0.086408 -0.013498 -0.267631 -0.140465 0.029316 0.004137 0.023043 -0.028799 -0.094615 -0.120572 -0.035293 -0.056678 -0.038373 0.073926 0.145781 0.327006 0.177999 0.200391 0.260719 0.045738 -0.082961 -0.009106 0.014225 0.101265 -0.081913 -0.036527 0.141630 -0.200760 -0.133381 -0.018270 0.089183 0.113270 -0.234536 -0.164544 -0.199400 0.198596 0.140869 0.039569 0.022761 -0.083645 -0.336410 -0.045967 -0.210858 -0.117223 -0.013051 0.154018 -0.312301 0.051969 -0.104924 0.289797 0.141845 0.012584 -0.081127 0.296055 0.025510 0.143864 0.238280 0.235333 -0.149613 -0.301540 -0.043779 0.053887 -0.197930 0.009724 0.013616 -0.110927 0.178554 0.204665 0.171512 0.004465 0.052269 -0.090559 0.068770 -0.001912 -0.093584 -0.039805 -0.113565 -0.088673 0.186745 0.128962 -0.405086 -0.022706 0.059500 0.008426 -0.021130 0.020809 0.058898 -0.043187 -0.066896 0.257494 -0.051904 -0.044039 0.309859 0.084635 0.134323 -0.217836 -0.008740 0.213501 0.021869 -0.064478 0.026565 0.181253 0.217053 -0.000877 0.006431 -0.238737 -0.218530 0.189471 -0.269944 -0.170108 -0.061628 -0.126919 0.126654 0.073925 -0.011301 -0.218154 -0.032989 -0.157066 0.031394 -0.310913 -0.246407
-0.226423 -0.201943 0.248032 -0.201540 0.052257 0.142496 0.060704 -0.050587 -0.046873 -0.279105 -0.086595 0.261816 0.153087 0.033482 -0.055391 0.227548 0.263978 0.106294 -0.358482 0.152020 0.159205 -0.159142 0.236955 -0.199065 -0.179898 0.286234 0.127578 0.026904 0.013583 0.125910 -0.215839 -0.266655 0.172240 -0.082441 -0.001643 -0.309155 -0.079320 0.030960 0.031180 0.098773 -0.158561 0.144153 0.042832 0.046416 -0.265287 0.048158 -0.048651 -0.056520 0.301653 0.243804 0.052393 -0.069227 -0.020094 -0.221620 0.149155 0.161499 -0.017414 0.045364 0.137195 -0.031369 -0.036876 0.203883 -0.000714 0.047861 0.074849 0.173513 -0.143200 -0.046348 -0.013836 -0.007334 -0.100805 -0.096488 -0.009596 -0.042121 0.085188 -0.100757 -0.013117 -0.226068 0.179881 0.096881 0.103424 0.096769 -0.221108 0.016608 -0.050802 0.015695 0.189711 -0.231605 0.027656 0.061830 -0.052240 -0.186637 0.080005 -0.053461 0.104798 0.062175 -0.044875 -0.096081 -0.092607 0.129423 0.007750 -0.013373 -0.122922 -0.017809 0.226993 -0.121784 -0.144046 0.215252 -0.036500 0.113547 -0.104901 -0.112035 -0.153857 0.269039 -0.237371 -0.323200 0.020444 0.295374 0.224592 -0.110496 -0.013829 0.203079 -0.001713 -0.106122 -0.130685 0.047358 0.029222 -0.029493
0.008031 0.012170 0.031405 -0.040911 0.298084 -0.069338 -0.029633 0.019623 -0.014273 -0.267722 0.063660 0.103676 0.051512 -0.187215 -0.082379 0.086002 -0.213016 0.179381 0.090704 -0.262174 0.050404 0.224879 0.211614 0.076371 0.332246 -0.097702 -0.126175 -0.057246 0.044491 0.061028 -0.200631 -0.221299 -0.080200 0.220585 0.002842 -0.287515 0.005943 -0.179784 0.081828 -0.028349 0.020678 -0.168333 0.243697 0.215513 0.039833 -0.210055 -0.023185 -0.182153 -0.210962 -0.013829 -0.018294 -0.136853 0.239990 -0.213882 0.137422 0.006195 0.132678 0.079185 -0.121049 -0.174912 0.160246 0.216193 0.151710 0.169362 0.250671 0.171705 -0.340742 -0.073164 0.132899 -0.226126 -0.182034 -0.231754 0.098658 0.314862 0.100828 0.144464 0.135039 -0.155689 -0.027929 -0.039292 0.030186 -0.042411 0.087036 -0.143223 -0.049109 0.077113 0.054604 -0.185414 -0.032263 0.202766 -0.083112 0.313026 0.131326 0.035766 -0.079344 -0.166860 0.191985 -0.104431 -0.080356 -0.049122 0.063974 0.130170 -0.093516 0.018424 0.114363 -0.170107 -0.315894 -0.016045 0.048236 0.277861 0.052972 -0.078358 0.125204 -0.118328 0.067118 -0.267197 -0.085886 -0.013339 0.120584 -0.134137 0.049580 -0.319969 -0.089430 -0.071655 0.020002 0.078698 -0.341295 0.034425
0.070406 -0.089103 0.227530 0.211683 -0.015464 -0.170065 0.005758 0.093893 0.322913 -0.144283 -0.027176 -0.359261 -0.001400 -0.376852 -0.127207 -0.071611 -0.105142 0.143085 0.053139 -0.110266 -0.055288 0.094006 0.229510 0.054700 0.003583 0.128186 -0.173638 -0.259191 -0.058235 -0.052063 0.037543 0.088381 0.282023 0.126457 -0.143464 0.196657 -0.099445 0.173561 0.063444 0.214874 0.107729 0.068268 -0.217079 -0.269910 0.138448 -0.086064 0.112822 0.100593 -0.061106 0.132802 0.029275 -0.015343 0.096900 0.028373 -0.108424 0.147835 0.214496 0.172527 0.112763 -0.088034 -0.200002 -0.111480 0.111423 -0.043662 0.069840 -0.047884 0.001102 -0.051992 -0.354568 -0.070393 0.003786 0.043655 0.039033 -0.120756 0.051769 -0.187179 0.072444 0.009747 -0.110962 0.225985 0.186318 -0.056057 0.006962 0.180906 0.128113 -0.026760 -0.065361 0.122639 0.018956 -0.130768 0.194360 0.022333 -0.108042 -0.120244 0.104785 -0.076591 0.068462 0.269299 -0.105194 0.302452 -0.049104 0.007477 -0.105541 -0.069107 0.103232 0.100688 0.027085 0.341146 -0.449959 -0.029926 0.076781 0.005952 0.007688 -0.129496 0.283656 0.174277 0.114030 -0.098415 0.045144 0.147662 0.208605 0.010388 0.185040 -0.015833 -0.065818 0.172730 -0.071674 -0.108428
0.228267 -0.054186 0.135776 -0.185475 -0.077818 0.186819 -0.121930 0.071336 -0.042638 0.075534 -0.443776 0.193511 -0.104070 -0.278619 0.073318 0.081424 -0.020995 0.084092 0.213759 -0.063855 -0.075147 0.158305 0.167178 -0.087435 -0.040886 0.258999 0.053382 0.213122 -0.080522 0.144257 -0.260518 -0.010980 0.108673 0.126503 0.034657 0.298596 0.368426 -0.031866 -0.078100 -0.511390 -0.052008 -0.207694 0.136115 -0.010196 -0.113260 0.004143 -0.114886 -0.108846 0.030780 0.224688 -0.181882 0.056481 0.196455 -0.217115 0.220427 0.218536 -0.224320 -0.235353 0.001144 -0.030604 -0.030747 0.235642 0.061870 0.073115 0.101967 -0.153221 0.023062 0.015487 -0.074979 -0.026913 0.082289 0.003419 0.215830 0.022082 -0.159736 0.030087 0.218255 0.112165 0.006599 0.206319 0.198974 -0.013992 -0.327792 -0.014269 0.092506 0.075906 0.106541 0.017146 -0.133394 -0.200523 0.092257 -0.179442 0.231519 -0.092129 0.077043 0.003809 -0.046199 0.002854 -0.094127 -0.000325 0.020656 0.230021 0.069658 0.005725 -0.000528 -0.076964 -0.139977 0.076433 0.045817 0.138222 -0.072336 0.005833 0.119966 0.077407 -0.020308 0.059946 -0.041812 0.040236 0.300389 0.033954 0.196120 -0.435095 0.088818 -0.081835 0.112730 0.179843 -0.153893 -0.058756
0.239168 -0.079420 -0.053678 -0.146107 0.116846 -0.110654 0.056144 0.025671 -0.054437 -0.124741 0.081461 -0.332660 -0.138817 -0.027794 0.139761 0.287493 0.311449 0.033656 -0.069394 -0.278970 -0.320186 -0.300202 0.090025 0.123758 0.083154 -0.030914 0.062118 -0.315316 -0.064937 0.106370 0.069345 0.236644 0.066805 0.031682 -0.224117 0.281879 -0.047204 0.075369 -0.133144 -0.063577 -0.056864 -0.100414 -0.102765 0.037102 0.078615 0.126419 -0.182272 0.167908 -0.056289 0.062296 -0.090154 -0.216689 -0.314198 -0.495798 0.125938 -0.294363 -0.032691 0.066118 0.126228 0.043944 0.084575 0.126477 -0.090294 -0.278248 -0.170524 -0.110238 0.301696 -0.120406 0.078750 -0.025080 -0.012770 0.065137 0.022049 0.139789 -0.153028 0.103487 0.068073 -0.035688 0.005305 -0.349501 0.054953 -0.059618 0.027047 0.145420 0.138150 -0.156585 0.056060 -0.020297 -0.077338 -0.352420 -0.000297 0.000089 0.024145 0.059631 0.291418 0.074738 0.094498 0.361320 0.103363 -0.049725 -0.193509 -0.109627 0.013917 -0.035518 0.158291 -0.014845 -0.046917 0.112086 -0.191495 0.026183 0.325866 0.116868 0.037077 0.199265 0.323372 -0.087232 -0.037426 -0.257545 -0.142384 -0.146729 0.018608 -0.000693 0.192103 -0.035955 0.008581 0.235576 0.028856 0.062095
-0.130060 0.044538 -0.004711 -0.110921 -0.117526 -0.047635 0.040947 0.062457 0.222711 -0.102128 -0.115912 0.016151 0.107853 -0.126229 0.132564 0.205443 0.031055 0.024391 -0.466734 0.185181 -0.096934 0.019392 -0.084507 0.167639 0.078256 -0.044990 0.219587 -0.067892 -0.093773 0.236931 0.019765 0.259917 0.237964 -0.032892 -0.107385 0.045478 0.048600 -0.013765 -0.021537 -0.028191 -0.041342 -0.092071 0.041347 0.192369 -0.095008 0.040384 0.034219 0.223021 -0.035546 -0.086209 0.140954 0.215507 -0.056451 -0.078863 0.243284 0.062791 -0.039677 -0.108353 0.069069 0.127244 -0.289893 -0.249699 0.106160 -0.039245 0.032536 -0.003558 0.121033 -0.097937 -0.028465 0.034131 0.104000 -0.203479 -0.210208 -0.004183 -0.138187 -0.013440 -0.111370 -0.072793 -0.070567 0.008352 0.223967 0.191574 0.021169 -0.017756 0.088745 -0.108574 -0.114393 0.188816 -0.164366 0.034539 0.045486 0.000149 0.102910 0.125758 0.312253 0.041770 0.047404 -0.151467 -0.028422 -0.339383 0.042473 0.121504 -0.036824 -0.051467 -0.300097 -0.067094 0.113700 0.038642 0.138020 -0.330809 0.208453 0.004817 0.011511 0.137962 0.013113 0.159322 0.135067 -0.004538 0.265653 0.037494 -0.009595 -0.161671 0.054408 -0.084708 -0.047974 0.268133 0.040579 0.214753
-0.029555 -0.018320 0.067812 -0.051113 -0.066236 0.268432 -0.155281 -0.227756 -0.152620 -0.216198 -0.010437 0.110419 -0.020694 -0.196468 -0.054331 -0.006106 -0.127380 -0.007201 0.082978 -0.118523 -0.113233 -0.085320 -0.227408 -0.102488 0.029254 -0.012004 -0.001684 -0.052375 0.030581 0.281780 0.001771 -0.003881 0.229200 0.259106 0.002763 -0.061917 0.134959 -0.483790 -0.055409 -0.390468 -0.013392 -0.436957 0.005763 -0.017240 0.229380 -0.117670 -0.006944 -0.071831 -0.202992 -0.003675 0.190378 0.151041 -0.012656 -0.217573 -0.127037 -0.079733 0.067810 0.233138 -0.071504 0.043285 0.103051 -0.023831 0.003017 0.047091 0.173149 0.097162 -0.136504 -0.007001 0.303670 -0.399419 0.065165 0.075323 -0.185398 0.058185 0.194320 -0.230408 -0.125212 0.370234 -0.173031 -0.038277 -0.022312 -0.094509 0.311459 0.032901 0.205928 -0.375629 -0.202916 0.041295 -0.000973 0.255714 -0.361724 -0.200457 -0.030545 -0.157065 -0.152635 -0.072987 0.062408 -0.263701 0.004557 -0.038177 0.164018 -0.159499 -0.011601 -0.001390 -0.057898 0.105094 -0.027592 -0.227007 0.090711 -0.336944 0.131786 0.046733 0.085647 -0.004119 0.141488 0.165289 -0.140072 0.238234 -0.073658 -0.143570 -0.088430 -0.298061 -0.009938 -0.061079 0.050651 0.008584 0.189332 -0.075903
0.002361 0.133843 0.209177 -0.187790 -0.200834 0.160554 -0.050866 -0.013399 0.099963 0.038965 -0.182527 -0.132303 0.068186 -0.280660 -0.152000 -0.019484 0.475593 0.057250 -0.148170 0.036323 0.220897 0.019839 0.233967 -0.004162 0.093070 -0.179538 -0.101971 0.116843 0.086464 -0.011326 0.325023 0.064452 0.102405 -0.122290 0.257601 0.081983 0.084788 0.098782 0.098710 0.135285 0.006388 0.112411 -0.020604 0.083900 0.058571 -0.086226 0.025130 0.148060 0.100338 -0.018809 0.071635 0.190138 0.107060 0.343523 0.242483 0.142654 0.045746 0.014461 -0.115198 0.135022 -0.100335 -0.010767 -0.285344 0.018084 -0.014054 0.043113 -0.103425 0.089710 -0.175224 0.010294 -0.207798 0.028084 -0.247425 -0.155299 -0.127319 0.030273 -0.219554 -0.019696 0.379100 -0.021440 0.126707 0.048101 -0.304176 0.031905 0.066641 -0.286648 -0.011646 0.102371 -0.082025 -0.281263 -0.031188 0.109138 0.232465 -0.105824 0.191089 0.288066 -0.082587 -0.059210 -0.025750 -0.042092 0.086574 0.084698 0.058925 -0.033103 0.061682 0.248689 0.085651 0.042962 -0.136258 -0.088477 -0.178410 0.018825 0.024771 0.040669 0.057006 0.213749 0.025370 0.097959 0.376765 0.170111 0.246904 0.177373 0.067937 -0.049777 -0.004206 -0.009258 -0.142800 0.076698
0.087294 0.208139 0.030771 0.264206 0.034182 -0.014299 -0.141416 -0.040538 -0.140033 0.103454 -0.222057 -0.095337 0.215425 -0.099381 0.097449 0.004695 0.038728 -0.046598 -0.123993 -0.131153 0.162850 0.253165 -0.209017 0.139421 -0.163324 -0.094787 -0.127828 -0.008071 -0.022310 -0.202553 0.116983 -0.041806 0.305900 0.066518 0.126497 -0.114828 0.197910 -0.165758 0.114983 0.064988 0.052302 -0.128252 -0.048143 0.086376 -0.085501 0.133556 0.006065 0.287391 0.184362 0.008776 0.090177 0.184629 -0.001921 -0.032881 0.186419 0.063256 0.107089 -0.027738 -0.007958 -0.117787 -0.204089 -0.123141 -0.145129 0.098239 0.188838 0.263765 -0.182715 0.005900 -0.154123 -0.059005 0.035262 0.187700 -0.343168 -0.429444 -0.210984 -0.360195 0.026080 0.168972 0.061521 -0.009539 0.172049 0.027122 0.006863 0.015725 0.095780 0.294851 0.100137 -0.098367 0.024001 -0.180836 0.141605 -0.546776 -0.124510 -0.117443 -0.283985 0.219954 -0.235159 0.020870 -0.015039 0.041202 -0.314559 0.170137 0.154107 -0.018548 0.116810 0.056633 0.049306 0.109598 -0.146339 0.288407 -0.018286 0.048174 -0.161058 -0.012576 -0.057517 -0.146716 0.099632 -0.027057 0.198296 0.077159 0.019626 -0.042147 0.084016 -0.023038 0.001058 0.007425 0.076643 0.035614
0.041074 -0.071476 -0.075522 0.210618 -0.106402 -0.029932 0.122135 -0.098861 -0.000421 0.035212 0.229346 0.025326 -0.206491 -0.460382 -0.014249 0.114865 0.079883 0.051577 -0.027155 -0.059705 0.067662 0.016053 -0.162493 0.082676 -0.033611 0.195171 -0.205186 0.303297 -0.015978 -0.035787 0.122478 0.098185 0.197955 0.072068 -0.035706 -0.191137 0.071464 -0.305767 -0.093014 -0.421856 -0.004743 -0.064016 -0.046362 0.135264 -0.025776 0.130478 0.223388 0.089820 -0.033000 0.093100 0.240370 0.040344 0.255078 -0.055278 -0.058550 0.075783 0.024352 -0.137431 -0.408529 -0.061519 -0.004116 -0.007313 0.052961 0.113013 -0.114516 0.080458 -0.206831 -0.046412 0.097768 -0.260392 0.037438 0.133592 -0.073156 -0.364712 -0.085977 -0.084620 0.108995 0.386395 -0.164276 -0.047112 0.213601 0.069498 0.316002 0.049889 0.278889 0.141158 0.052332 0.262663 0.030509 -0.121777 -0.004921 0.022417 -0.279539 -0.398475 -0.040110 -0.027728 -0.124695 -0.263449 -0.030848 -0.027885 0.130785 -0.044402 0.083749 -0.040849 0.171531 0.044826 0.001902 -0.217614 -0.213986 -0.379336 0.100329 -0.038460 -0.001800 0.024551 -0.004223 0.173674 0.167235 0.026264 0.030581 0.016156 0.031621 0.169898 -0.098850 -0.042972 0.044640 0.132516 0.142938 -0.218797
0.210169 0.010743 -0.196883 0.168190 -0.132870 0.332310 -0.304958 0.177866 -0.207417 -0.031519 0.081764 -0.135875 -0.110673 -0.152989 -0.113544 0.126456 0.036989 0.024091 -0.063163 0.077682 -0.269256 0.126251 -0.221189 -0.043576 0.373580 0.146978 -0.020580 0.097932 0.003114 0.055210 0.233786 0.187998 -0.070956 -0.125613 -0.186340 0.137737 0.023715 -0.020046 0.259385 -0.421789 -0.250405 -0.331085 0.270763 -0.058975 0.054828 -0.112999 -0.071842 0.107702 -0.139407 0.046571 0.019525 -0.115396 0.025611 -0.164847 -0.138237 0.102663 -0.035796 0.079082 -0.286976 0.009473 -0.399412 -0.288603 0.025397 -0.142417 0.148381 0.069967 -0.101050 -0.081536 -0.112133 -0.177065 -0.016423 0.025493 -0.424660 -0.043445 0.011263 0.092349 0.193754 0.443962 -0.314754 -0.168853 0.296038 0.102714 0.025737 0.138336 0.111412 -0.076495 -0.201472 0.118310 0.036279 0.162349 0.036244 -0.344857 -0.275831 -0.553471 -0.041282 -0.020132 0.123979 -0.012755 -0.005191 -0.297174 -0.110131 0.018672 0.402708 -0.081915 -0.000753 0.043677 0.026635 -0.123469 -0.275662 -0.253771 -0.002219 -0.051161 0.138314 -0.252267 -0.004429 0.128280 0.105395 -0.001698 -0.105883 0.141461 0.176843 -0.088554 0.199782 -0.085562 0.026780 -0.018012 0.214471 0.080777
-0.084190 -0.351817 -0.002425 0.048482 0.122598 0.071058 0.039905 -0.101424 0.052435 0.247872 0.006914 -0.140483 0.206568 -0.016275 0.072890 0.086588 0.147221 -0.181630 -0.050890 0.158833 0.116790 -0.050577 -0.122876 0.152187 -0.198847 0.057164 0.051366 0.066932 0.009223 -0.040213 0.191907 -0.111666 0.288303 -0.199430 -0.097604 -0.006774 -0.347862 -0.277415 -0.129360 -0.050271 0.090535 -0.213750 0.141917 0.068601 -0.284832 0.103869 -0.334475 0.232914 0.012282 0.023950 -0.219104 0.066731 0.047063 -0.213158 0.028126 -0.330791 -0.152770 -0.121376 0.494795 -0.167299 0.329626 -0.137571 0.012426 -0.228559 -0.166075 0.206924 0.237122 -0.000530 0.167457 -0.251430 -0.014924 0.099937 -0.059261 -0.270207 -0.000392 0.096151 -0.285851 0.072584 0.119716 -0.138521 0.131721 -0.060671 -0.039951 0.009966 0.014017 -0.049639 -0.071492 0.031741 -0.073391 -0.246215 -0.111383 0.217879 -0.030845 0.162450 -0.031863 -0.182382 -0.024526 -0.084830 -0.083944 -0.122761 -0.149409 -0.029338 0.071849 -0.073653 0.022377 0.104953 -0.095364 -0.055377 -0.255466 0.138625 -0.086252 -0.043627 0.011561 0.132627 -0.095239 -0.135310 0.122908 0.011989 -0.044024 0.203431 0.165987 0.240580 0.020785 -0.017411 -0.031046 -0.083432 -0.039863 -0.304268
-0.068779 0.045109 -0.003477 0.196999 -0.113605 -0.115391 -0.105194 0.133413 -0.202248 0.062977 0.154652 -0.039732 0.061156 -0.337499 -0.122838 0.027920 0.037805 -0.097693 -0.056806 -0.011010 -0.020658 0.100079 -0.239438 -0.003568 0.164412 -0.094945 0.139807 0.128605 0.010598 0.205749 0.064726 -0.031138 0.119162 0.100530 -0.058259 0.033396 -0.180873 -0.415616 -0.105129 -0.498731 0.036843 -0.037359 -0.018590 -0.076115 -0.003710 -0.074961 0.052438 -0.036950 -0.099316 0.051721 -0.147178 0.157370 -0.020469 -0.132042 0.045981 -0.191860 0.010040 0.099960 -0.021849 -0.128079 0.094384 -0.115124 0.048566 -0.001225 0.016849 0.128941 0.160492 -0.078784 0.244279 -0.291941 0.176635 -0.001093 -0.156925 0.003132 0.264056 -0.308044 0.032704 0.266186 0.041056 -0.387148 0.174949 -0.104156 0.050064 0.274352 0.150514 -0.015398 -0.182424 0.196885 -0.120698 0.075056 0.170617 0.113546 -0.227157 -0.055773 -0.002258 -0.032573 0.019207 -0.481524 -0.015219 0.083042 -0.024889 -0.019777 0.033010 -0.023492 -0.046209 0.046202 0.070239 -0.154382 -0.016916 -0.126389 -0.021652 -0.043353 -0.039720 0.187104 0.190549 -0.008497 0.280711 -0.314837 0.089664 0.036443 -0.118978 -0.098521 -0.069844 0.056269 -0.060392 0.197799 0.262746 0.015770
0.140896 0.012673 -0.123359 -0.219059 0.208041 0.133320 -0.105831 -0.005582 -0.304175 0.277792 -0.057207 -0.135870 0.218153 0.036907 0.253065 0.080975 0.077775 -0.190096 -0.433663 0.017890 0.157493 -0.219255 -0.162518 -0.131960 -0.091420 -0.039818 -0.199320 0.230050 -0.051735 0.033998 0.185197 0.201176 0.049981 -0.113035 -0.013856 0.155406 0.030039 0.040085 -0.191377 -0.055898 -0.129272 -0.247463 0.016491 0.183667 -0.026278 0.114549 -0.095922 0.224677 0.122846 -0.029809 0.019420 -0.295082 -0.038084 0.029325 0.023785 -0.136647 0.338374 -0.109190 0.281157 -0.175844 0.199580 -0.193482 0.016215 -0.210519 0.103576 0.130644 0.064523 -0.065000 0.077206 -0.171341 -0.115187 0.226328 0.108741 -0.253523 -0.251373 0.151816 -0.225775 0.059045 0.164639 -0.199408 0.049935 -0.197470 0.167569 0.004005 0.063454 -0.111327 -0.232322 0.180971 -0.066112 -0.134071 0.089529 -0.361332 0.123434 -0.293713 0.192798 0.005892 -0.051885 -0.071697 0.030988 0.132829 0.054425 0.162178 0.199840 -0.031466 0.096709 -0.297589 0.059869 -0.336637 -0.014068 -0.082419 -0.043111 -0.028806 -0.142020 0.100968 -0.118092 -0.205084 0.169330 0.028699 0.071355 -0.043271 -0.035220 -0.098291 0.076985 0.033093 -0.041194 0.127626 0.117469 0.010684
-0.203416 0.013064 -0.056621 -0.044651 0.092544 0.044312 -0.092214 -0.098308 0.284760 -0.243047 0.035890 -0.107705 0.130537 0.083137 0.065901 0.067281 -0.137577 0.095544 -0.681190 0.208185 -0.189486 -0.113504 -0.315020 0.197222 -0.095934 0.017685 -0.005240 -0.216693 0.020570 -0.051666 0.172184 0.255843 0.254369 0.099592 0.110854 0.082166 -0.135648 -0.049717 0.133320 -0.091893 -0.145393 0.130829 -0.316945 0.221818 0.112724 0.214946 0.191195 0.152788 0.029084 0.018929 -0.224214 0.097451 0.234335 -0.090464 -0.190398 0.210708 -0.111485 -0.256257 0.248700 -0.080587 -0.105047 -0.234029 0.072912 -0.102534 0.034837 0.045079 0.333156 0.016749 -0.121172 -0.062156 -0.200337 -0.155850 -0.521782 -0.060333 -0.060628 -0.140389 -0.065312 0.085395 -0.018045 -0.050163 0.026252 0.181231 -0.016261 0.070776 0.107507 -0.247100 -0.026295 0.056408 0.033821 0.043142 0.076679 -0.170331 -0.078902 -0.103351 0.359500 0.214276 0.155401 -0.033573 0.108699 -0.362461 0.181411 0.044821 0.348620 -0.048976 -0.131518 0.106109 -0.077790 -0.024794 -0.164175 -0.229913 0.163271 -0.057020 0.092728 0.238354 0.075399 -0.079853 0.137318 -0.168776 0.288435 -0.119824 -0.034934 0.169917 -0.014214 0.014216 -0.095882 0.095476 -0.073693 0.032126
0.167250 -0.161863 0.149517 -0.041119 -0.000355 0.017820 0.035543 0.088498 -0.051805 0.153340 -0.107573 -0.061279 -0.024161 -0.236991 0.182415 0.043565 0.010493 0.121979 -0.080487 -0.050026 0.093225 0.039743 0.039380 0.134836 -0.013656 -0.123235 -0.146661 -0.080521 -0.048519 -0.064978 0.089186 -0.043826 -0.039555 -0.002475 -0.159590 0.356862 0.022411 0.040342 -0.380297 0.240776 -0.085672 -0.053007 -0.165421 -0.171717 -0.118546 0.137240 0.032052 0.113145 0.021161 0.024167 -0.254720 -0.179010 -0.137795 -0.049279 0.148549 -0.022670 -0.201848 -0.144623 0.035442 0.150416 -0.111324 -0.185725 0.178293 -0.060235 0.075752 -0.160773 0.131044 0.045387 0.174717 -0.016399 0.055990 0.179573 -0.063771 0.055448 -0.091636 0.140595 0.099679 0.059642 -0.055431 -0.297192 0.012911 0.020537 0.062825 -0.034521 0.092215 0.076487 -0.388541 0.204378 -0.075350 -0.237243 0.144333 -0.314232 0.047829 -0.001931 0.220567 -0.066520 0.071598 0.064957 0.036431 -0.006223 -0.299354 -0.027436 -0.148627 -0.084134 -0.050333 0.217335 0.131172 -0.262009 -0.091147 -0.110217 0.313741 0.043560 0.027889 0.139046 -0.127484 -0.193315 -0.204260 -0.076503 -0.066548 -0.165119 -0.085208 -0.097620 0.054027 -0.078135 0.034744 0.160317 -0.157953 0.107601
-0.069310 0.082401 -0.083034 -0.060769 0.103154 0.105724 -0.334099 -0.181477 -0.442912 0.071421 -0.023281 -0.048599 -0.051929 -0.187724 -0.343625 -0.019538 0.002238 -0.039268 -0.011650 -0.254667 -0.136341 -0.177938 0.041437 0.054076 0.079399 -0.050780 0.237832 -0.139078 0.086843 -0.119981 0.051612 0.028497 -0.023022 -0.066327 0.013407 0.051405 0.030381 -0.011691 0.002994 0.147343 0.082586 -0.279562 0.305781 -0.079870 -0.033779 0.073308 0.068314 0.002907 0.068610 0.262830 -0.088512 -0.260745 -0.085489 -0.022313 -0.013101 0.148637 0.043976 0.164531 0.102040 -0.016101 -0.064943 -0.111696 -0.049710 0.079210 -0.099728 0.057795 -0.061304 0.030859 0.117679 -0.311120 -0.006933 0.105208 0.006691 -0.215357 0.061238 0.038834 0.173443 0.148166 -0.526790 0.127946 -0.042683 0.001875 -0.003569 -0.362549 -0.104914 -0.419889 -0.077586 -0.237407 -0.099298 0.204975 -0.279569 -0.184809 -0.008843 0.030983 0.059576 -0.151243 -0.193430 0.051058 -0.052264 -0.440966 0.056736 0.129698 0.084023 -0.056531 0.205704 0.114478 -0.083824 -0.058664 -0.437274 -0.158318 -0.060914 -0.060529 -0.076700 -0.085927 0.007135 0.037577 -0.012247 -0.380068 -0.218700 -0.078873 0.084981 -0.026895 -0.116010 -0.064123 -0.069038 -0.104053 -0.219929 -0.062976
-0.015484 0.119123 -0.100772 -0.064226 -0.076327 -0.164334 0.178522 0.202429 -0.158282 0.094681 0.181110 -0.055582 -0.097443 0.076789 0.130717 0.031958 0.182277 0.131178 -0.205759 -0.439993 0.055459 -0.027869 -0.078853 0.240778 0.221708 -0.103134 -0.251205 -0.299898 -0.023953 0.042859 0.227879 0.083349 -0.106683 -0.164244 -0.023507 -0.032265 0.053699 -0.222009 0.094788 -0.102812 0.040683 -0.105376 0.178594 0.063400 -0.023297 -0.146420 -0.033214 -0.043511 0.020258 0.072063 0.012251 -0.422705 -0.396188 -0.151452 0.047699 0.105445 0.348713 0.023802 0.039028 -0.526618 0.125095 0.078550 0.005654 -0.375535 0.013035 0.129943 -0.048281 -0.059808 -0.236808 -0.168041 -0.301033 0.113039 0.340841 -0.189622 -0.042419 0.084669 -0.146026 0.030553 -0.038393 0.146369 0.000385 0.131681 0.262141 0.113675 0.074325 0.195125 -0.021823 -0.034271 0.035367 0.095536 0.037272 -0.203850 -0.231464 0.088075 0.146124 -0.206609 -0.198632 -0.013054 -0.053371 -0.177776 -0.311752 -0.187887 -0.123903 0.034261 -0.194735 -0.044997 0.011142 -0.006376 -0.252997 -0.267474 -0.127568 -0.011005 -0.048852 0.058093 0.177199 -0.233715 0.303459 0.006110 0.130009 -0.088809 0.057888 -0.025251 0.040365 0.079233 -0.111841 0.064586 -0.254588 0.234366
0.001718 -0.229084 0.023540 0.352322 -0.077700 0.081114 0.093055 0.021036 0.116902 -0.046793 0.093303 -0.166429 0.068254 -0.129983 -0.146256 -0.036742 0.012908 0.137497 -0.421305 -0.182854 0.081303 0.100212 0.149286 0.092294 -0.115087 0.065563 -0.129748 0.102996 0.025455 -0.038070 0.088754 0.102328 0.114456 -0.277513 0.136561 -0.153406 -0.313849 -0.056936 -0.286813 -0.055276 -0.118889 -0.126538 0.200609 0.171648 -0.132201 -0.184070 -0.061883 -0.188183 0.048295 0.314803 0.365587 0.064181 -0.225947 -0.122651 0.168214 -0.090103 0.237887 0.164719 -0.157123 -0.272756 -0.106642 0.026994 0.044342 -0.275573 -0.061182 -0.099843 0.044711 0.014448 -0.177729 0.170278 -0.057650 -0.164742 0.050123 0.104798 -0.007485 -0.173898 -0.224388 0.044781 -0.130763 0.118265 0.301024 -0.011130 -0.200931 0.246457 0.107411 0.075618 -0.587848 0.194254 0.013832 -0.032830 -0.092033 0.159979 -0.135577 -0.233492 0.292874 -0.164273 -0.148529 0.278719 0.125950 -0.075883 -0.197836 -0.090800 -0.201519 0.026394 0.266143 0.131740 0.176901 -0.036784 -0.182711 -0.230920 -0.176913 -0.094138 0.082299 -0.325652 0.214285 -0.035365 -0.064503 0.211573 -0.071148 -0.048015 0.335946 0.110133 0.287203 -0.028299 -0.108508 0.025933 0.116189 0.132913
-0.120961 -0.112625 -0.029065 0.044558 0.013711 0.098751 0.182661 0.123608 0.048058 0.039820 -0.192842 -0.004244 -0.119014 -0.104249 0.286036 0.160898 0.095794 0.105770 -0.276804 0.044964 0.047321 0.196838 0.008774 0.109594 0.117814 -0.395992 0.121485 -0.204555 -0.034829 0.076237 -0.339863 0.182461 -0.089377 -0.247817 -0.135829 0.110290 0.129524 -0.066841 -0.185019 0.015139 -0.008288 -0.069327 -0.054766 0.148786 0.129701 0.005816 0.022536 0.268979 -0.063730 0.040912 0.066793 -0.478879 -0.093068 -0.320225 0.232977 0.216138 -0.049434 0.124522 -0.106106 0.288927 -0.078523 -0.098184 -0.113813 -0.324240 -0.222011 -0.279888 -0.149035 -0.012578 0.160214 0.071597 -0.014927 -0.007072 0.215903 0.043457 0.067992 -0.045206 0.056044 -0.131568 0.215101 -0.104749 0.021856 0.063230 -0.103074 -0.094256 0.059505 -0.009001 0.217382 0.001635 -0.019076 -0.046889 -0.386646 0.109478 0.101709 0.002946 0.298304 0.270543 0.098474 0.030802 -0.008515 0.076299 0.018310 -0.213747 0.036278 0.042789 0.136316 -0.008457 -0.006854 0.046039 0.118355 -0.330527 0.105610 -0.001392 0.041686 -0.062290 -0.200613 -0.301979 -0.099819 0.037887 -0.141920 -0.138119 -0.074421 -0.028313 -0.114673 0.019513 -0.059182 -0.008738 0.104511 -0.146105
-0.211116 0.187804 -0.059888 -0.080348 0.231632 -0.056094 0.076111 -0.083636 -0.071434 0.198816 0.106574 0.075583 -0.190536 -0.276169 -0.158272 0.128004 0.017719 -0.109074 -0.180289 -0.002464 -0.406198 0.091487 0.016070 0.035658 -0.308384 -0.321735 -0.173609 0.011309 -0.012628 0.113032 0.038568 0.066146 0.078749 0.031364 -0.066628 0.061146 -0.281921 0.008511 0.104856 0.045927 -0.051991 -0.009665 -0.287260 -0.019661 0.041029 -0.038740 0.031646 -0.027441 -0.213751 0.057532 -0.148247 0.099122 0.136520 -0.108726 -0.105484 0.007628 -0.053222 -0.222109 -0.107118 0.071750 -0.408152 0.100908 -0.203482 -0.007798 0.149674 -0.401274 -0.295803 0.035197 0.227456 0.131919 -0.174344 -0.551966 0.059279 -0.160187 0.069280 0.089431 -0.086344 -0.047118 -0.066126 0.017394 -0.070739 0.236227 0.196079 -0.115581 -0.340957 0.113376 0.130001 -0.162090 -0.043550 0.071565 -0.204351 -0.311665 0.026753 0.083915 -0.139854 -0.055766 -0.126269 -0.248838 0.036252 0.058485 -0.280594 -0.066296 -0.127435 -0.021640 0.066117 -0.182922 0.207254 -0.216046 0.092819 -0.728757 -0.252121 0.001696 0.043870 0.077102 0.275797 -0.107142 -0.112970 -0.099223 0.108428 -0.110312 -0.072739 0.211020 -0.057756 -0.009558 -0.140228 0.031825 0.069216 -0.011752
-0.265688 -0.518201 0.060204 0.039200 0.173995 0.129739 0.115789 -0.157224 0.012951 0.149662 0.098935 0.100855 -0.117322 -0.069148 0.197315 -0.119668 0.017301 -0.139624 0.212793 0.316772 -0.110159 0.024454 0.073777 0.567709 0.244547 -0.180583 0.289144 0.079847 -0.000460 -0.015254 0.167486 -0.032038 0.184605 -0.357748 0.020353 -0.011342 -0.032008 -0.015816 -0.099010 -0.256191 0.024784 -0.013763 -0.036606 -0.014170 0.151525 0.009547 -0.294405 0.270322 0.000214 -0.233329 0.158607 -0.071580 0.173601 -0.093580 0.027633 0.015012 -0.187332 -0.104500 -0.065923 0.288781 -0.260662 0.206363 -0.323604 0.149359 0.056169 0.037170 -0.048351 0.040681 0.017347 0.285723 -0.040394 -0.269818 -0.204757 -0.063367 0.341983 0.188977 0.126858 -0.020945 -0.448984 0.155031 0.054196 0.265769 -0.014815 -0.385450 0.189183 0.002904 -0.064675 -0.205490 0.086932 0.024667 0.072583 0.068687 0.178889 -0.276239 -0.280771 -0.001849 0.154185 0.096833 0.049977 -0.263580 0.223826 -0.067211 0.082247 -0.056206 0.103889 -0.009575 0.001929 0.092514 -0.116034 -0.032062 -0.054590 -0.028908 -0.015142 0.054939 0.141267 0.395906 -0.080713 0.133011 0.086325 -0.048922 -0.018967 0.056626 -0.163149 0.001789 0.007963 -0.050629 0.047317 -0.400845
-0.099806 0.031822 0.059489 -0.119056 -0.051929 0.000466 -0.059122 0.034886 -0.324929 -0.097627 0.051582 0.181721 0.069592 -0.139460 0.000721 0.047335 -0.087929 -0.047066 0.067258 -0.174057 -0.128116 0.112059 -0.064319 -0.092088 -0.005756 -0.393450 0.043814 0.084475 0.022748 0.124254 -0.001874 -0.000612 -0.138628 0.059569 -0.120534 0.094324 -0.202797 -0.409825 -0.055554 -0.337461 0.040196 0.063583 -0.094520 0.003867 0.189907 -0.223450 0.207632 -0.202261 -0.119050 -0.021609 -0.005522 -0.000266 0.061116 -0.015013 0.018189 -0.135326 -0.052209 0.108559 0.132224 0.040022 0.004738 0.095657 -0.073072 0.051677 0.017981 0.097386 -0.058318 -0.056447 0.173979 -0.239757 0.054924 -0.085543 0.113029 0.078235 -0.051047 -0.059121 -0.145312 -0.067878 0.020714 -0.011449 -0.000984 -0.212058 -0.014665 -0.112146 0.034622 0.100123 0.058367 -0.024270 -0.185577 0.115437 0.171299 0.013117 -0.130624 -0.220602 0.036446 -0.068582 -0.031217 -0.526847 -0.000843 0.011730 -0.097818 -0.050020 0.055846 -0.078312 -0.019326 0.051302 -0.036548 -0.156449 0.011210 -0.149493 0.181333 0.048873 -0.058542 0.148538 -0.014796 0.035545 0.229835 0.064191 0.034836 -0.016797 -0.022697 -0.405664 -0.071865 -0.131068 -0.134560 -0.060574 0.002871 0.101464
0.081012 -0.279761 0.041731 -0.034176 0.012384 -0.340669 -0.147025 -0.159714 -0.217418 -0.001249 -0.072590 0.078450 0.046188 -0.178919 -0.056391 0.008186 -0.119354 0.191112 -0.114340 -0.021571 -0.018931 -0.214082 0.107250 0.013054 0.098668 0.044842 0.231113 0.356415 0.000453 0.022457 0.203410 -0.129745 -0.072832 0.067073 -0.224141 -0.290472 -0.044853 -0.223702 0.142503 0.070009 -0.053064 -0.205395 0.165069 0.227580 -0.104982 0.190029 -0.081102 0.014243 0.006917 -0.052332 0.119547 0.079757 0.126608 -0.064343 -0.244324 0.091971 -0.024276 0.114550 -0.255537 0.157081 -0.100223 -0.244576 0.196174 0.096864 0.217849 -0.092325 -0.055461 -0.022599 -0.600775 -0.061900 -0.128084 0.128909 -0.065315 -0.206179 -0.120168 0.280166 0.080652 -0.075490 -0.091561 -0.123488 -0.034924 -0.052868 0.200228 -0.274377 -0.171902 0.229748 0.059569 0.052197 -0.052379 0.085138 0.068890 0.198962 -0.507866 -0.140313 0.119491 -0.033650 0.048029 0.136941 -0.059423 0.226739 0.010063 -0.212337 -0.006684 -0.021209 -0.132814 -0.157461 -0.008634 -0.077922 -0.066337 -0.219468 -0.347286 -0.008291 0.047026 0.043956 0.131849 0.007810 -0.210285 -0.001750 -0.300020 -0.080566 -0.002108 0.127498 -0.441938 0.072735 0.031567 0.141337 0.007779 -0.392557
0.134055 -0.088452 -0.027555 -0.022212 -0.126048 0.097007 -0.209158 0.210011 0.181209 -0.300182 0.131640 0.038066 -0.239504 -0.020264 -0.039446 -0.108954 -0.037533 -0.024490 -0.056178 0.001405 -0.150686 -0.116842 -0.085178 -0.247334 0.013471 -0.189245 -0.070868 0.229789 -0.043752 -0.002159 -0.116667 0.055895 0.063347 0.112231 -0.039465 0.040496 -0.008392 -0.032069 -0.129963 -0.018109 -0.059644 -0.122871 -0.090085 -0.034097 0.167413 0.061705 0.165993 0.043566 0.071949 0.027120 -0.224489 -0.224448 0.134100 -0.169525 0.039137 0.065661 0.036836 0.018767 0.001569 -0.160864 0.190278 0.209359 -0.040164 0.018662 0.155058 0.177745 -0.151979 -0.043979 0.057583 -0.162301 0.013116 -0.096903 0.152762 -0.043201 -0.185615 -0.035596 -0.094681 -0.040046 -0.010264 -0.504712 0.133712 0.063269 0.098048 0.154042 0.017030 0.105735 0.022920 -0.112309 0.031724 0.158329 -0.042935 -0.004717 0.025235 -0.020439 0.103403 -0.376341 -0.012690 -0.101769 -0.058334 0.005222 0.016857 0.105032 0.189129 -0.157965 -0.123763 -0.289943 -0.192839 -0.175180 0.173306 -0.289077 0.205891 -0.107647 -0.108418 0.123261 -0.015268 0.050332 0.106957 0.228570 0.030250 -0.103788 -0.006216 -0.280092 0.106445 -0.050451 -0.088176 -0.007109 -0.089902 0.011716
-0.180162 0.048377 0.182160 0.112483 -0.493672 0.256135 0.141954 -0.029540 0.105710 0.160647 0.151755 -0.077053 -0.036473 0.253527 0.256771 0.094641 0.150383 0.013902 0.035846 -0.101864 -0.056585 -0.060936 0.131888 -0.058853 -0.025256 -0.367750 0.073150 -0.047243 -0.050103 -0.058354 -0.134900 -0.224533 0.189633 0.122179 -0.008046 0.022304 -0.194403 0.055126 -0.028034 -0.026245 0.043376 0.061365 0.082318 0.081494 -0.025549 0.158059 -0.007006 -0.066239 0.071081 0.069858 -0.033566 -0.142327 0.139409 -0.133316 -0.276380 -0.174809 0.103843 -0.426626 -0.018212 0.031060 0.063055 -0.038600 0.016116 0.192270 0.026193 0.175279 -0.228359 0.081098 0.092621 -0.024509 0.223598 0.201779 -0.028488 -0.127499 -0.191070 0.074170 0.190477 0.017879 0.033916 0.063786 -0.357703 -0.055857 -0.114450 -0.119052 -0.096754 -0.131459 -0.068341 0.093561 -0.051093 -0.154958 -0.007172 -0.009471 -0.114236 -0.046169 0.098292 -0.231802 -0.032218 -0.195790 -0.041541 -0.145404 -0.165138 0.176737 -0.075221 0.027357 0.075344 -0.081133 -0.041626 -0.461452 0.036743 -0.070140 0.016768 0.115372 -0.127349 -0.206577 -0.116066 0.040608 0.035610 0.180454 -0.036018 0.215626 -0.036729 -0.043635 0.147273 0.003772 -0.006685 -0.057256 0.058132 -0.230628
-0.018895 -0.029818 0.045536 -0.049112 -0.060990 -0.104734 -0.035149 0.017301 0.009967 -0.252713 0.028226 -0.046337 0.007170 -0.006198 -0.005147 -0.057515 0.112576 0.061085 -0.096502 -0.143536 0.035338 0.209085 -0.010591 -0.244867 0.062256 -0.144411 0.046361 -0.036520 0.027903 -0.149333 -0.028847 0.027200 0.056798 -0.020581 0.102406 0.019919 0.001813 -0.086182 -0.059236 0.016867 -0.014513 -0.261400 -0.135116 -0.157811 0.050939 0.257592 0.036499 -0.052860 0.088893 0.046860 -0.186783 -0.399762 0.080625 -0.197225 0.073249 -0.159826 -0.096920 -0.037984 0.030269 0.121429 -0.001174 0.048791 -0.215423 0.004953 0.174952 0.136540 -0.024367 0.037563 0.111196 -0.054143 -0.054565 -0.186821 0.070286 -0.058357 -0.042171 -0.106925 -0.148163 0.103784 0.101013 0.088089 0.015984 -0.019738 0.027397 0.064328 0.080757 -0.086604 -0.010682 -0.081698 -0.088334 0.006364 0.001869 -0.262783 0.055827 0.090949 0.007744 -0.135924 -0.141482 0.113135 -0.035301 -0.054977 -0.050199 -0.006433 -0.054891 -0.100115 -0.021665 -0.114540 0.009633 -0.127951 -0.069771 -0.008221 0.010744 -0.067368 -0.052019 0.027609 0.033959 -0.015954 -0.142172 0.146686 -0.095353 0.156398 -0.089110 -0.104278 0.001209 0.055405 0.023169 -0.063058 0.032774 0.018338
0.189597 -0.116764 0.107550 0.162272 0.189554 -0.004799 0.052546 0.175041 0.172220 -0.232608 -0.023451 0.003913 -0.116601 0.080426 0.071011 0.027220 0.174450 -0.087424 -0.281397 0.055179 0.035426 0.304760 0.004981 0.048515 -0.108639 -0.192899 -0.197057 -0.052270 0.075581 -0.318266 -0.501207 -0.149391 -0.132510 -0.127633 0.003496 0.176474 0.207529 0.071902 -0.018663 -0.219555 0.097142 0.107893 -0.102367 -0.054317 0.058716 0.013533 -0.154755 0.068000 0.078915 0.008080 -0.053975 0.112687 0.068799 0.004723 0.108912 -0.289185 -0.173765 -0.011215 0.001944 0.085536 -0.173497 0.010078 -0.032749 -0.057208 -0.064508 -0.186848 -0.075160 -0.064397 -0.163461 0.259816 -0.072111 -0.137107 -0.317074 0.167522 0.031599 -0.075828 -0.093078 -0.384955 0.244615 0.075149 -0.010985 0.069887 -0.205741 -0.053578 0.058455 -0.087381 0.061197 0.107666 -0.032947 -0.060668 -0.050843 -0.021493 0.016019 -0.135554 0.020762 0.223249 0.060507 0.116862 0.012011 -0.080227 0.152654 -0.031694 -0.251969 -0.042787 0.169174 -0.040806 -0.094953 0.108897 0.087368 0.119839 0.178828 -0.002265 -0.167419 0.218755 0.118635 -0.309378 0.040526 -0.022203 0.146253 -0.190583 -0.239696 -0.187647 0.067346 0.031287 0.046716 -0.167023 -0.209728 -0.066075
0.055993 0.244603 0.073553 -0.084503 0.116156 0.002362 0.252107 0.101874 0.155149 0.525200 0.152997 0.160711 -0.109394 0.165833 0.008245 -0.153566 0.244721 -0.227558 -0.118774 0.146681 0.043374 0.339580 0.004020 -0.111389 0.279564 0.014038 -0.210274 -0.011372 -0.026179 -0.128491 -0.120104 -0.004341 -0.053785 0.535477 0.141349 -0.051809 0.309896 0.120120 0.022593 -0.098514 -0.043075 -0.013829 -0.121143 -0.024634 0.221505 -0.336817 0.137539 -0.113092 -0.009765 0.286600 0.013239 -0.086765 -0.040784 0.118618 -0.290936 0.146469 0.001165 0.464757 -0.076509 0.155427 0.043209 0.018411 -0.107651 0.174985 0.136581 -0.417284 0.083465 0.059270 0.158737 0.029589 -0.298533 0.115026 -0.351663 0.171953 -0.135048 0.334051 0.102019 -0.400466 -0.013469 0.025033 -0.107425 -0.370373 -0.083449 0.156892 0.295441 -0.300772 0.232571 -0.277334 0.001606 -0.087280 0.208805 0.040064 -0.139629 0.169848 0.110758 0.226523 -0.107508 -0.042107 0.000971 0.003758 0.343392 -0.232070 -0.191829 0.018109 -0.013533 0.086623 -0.051884 0.183304 -0.026333 0.190887 0.141137 0.002178 -0.091658 0.052246 -0.001895 -0.056454 -0.083789 -0.263282 -0.199751 0.058815 0.059586 0.017326 -0.053103 0.047462 -0.064764 0.082066 0.117632 -0.012380
-0.079164 0.038529 0.124888 -0.190438 -0.104000 -0.090602 0.127495 0.096991 0.315452 0.108934 0.269678 0.166287 0.259884 0.052222 -0.083075 -0.251138 -0.073482 -0.237326 0.271706 0.154771 0.114558 0.224881 -0.002355 -0.019672 -0.020416 -0.383584 -0.122296 0.019110 0.019172 -0.278472 -0.383341 -0.001201 -0.257210 0.271622 -0.111907 0.051640 -0.095232 0.201914 -0.315255 0.010451 -0.160678 -0.168929 -0.128977 -0.021746 0.250827 -0.344644 -0.082633 0.027691 -0.173933 -0.183290 0.029414 -0.035311 0.213702 -0.019981 0.121256 0.158986 0.073794 -0.181939 0.161300 0.255014 0.108619 0.071346 0.089328 0.190713 0.112619 -0.147828 0.051385 -0.009745 -0.027411 0.165377 -0.056723 0.113305 0.163291 0.139248 0.011629 0.285976 -0.089481 -0.247640 0.168101 -0.258103 0.206951 -0.142517 0.114913 0.109427 0.068968 0.132442 -0.039088 -0.085922 -0.075919 0.070775 0.040256 0.225788 0.141795 0.207316 0.088991 0.308554 0.038718 -0.070727 0.013028 0.371892 0.263286 0.136790 -0.141643 -0.068567 -0.139584 -0.193488 -0.097377 0.190065 0.261459 0.095406 0.078533 -0.163731 -0.217500 0.055085 0.065083 0.055208 -0.037748 -0.151636 0.142606 0.108906 -0.005324 0.040555 -0.189777 -0.079775 -0.170918 -0.175349 0.233824 -0.008566
0.013314 0.157232 -0.083526 -0.028100 -0.162416 -0.000488 0.126991 -0.088514 0.068570 0.036327 0.060329 -0.064581 0.404505 0.060426 0.014197 -0.293306 0.010087 -0.162274 0.047420 0.083209 0.023983 0.151841 0.064198 0.025074 -0.017563 -0.172046 0.010616 -0.109973 -0.114190 0.074616 0.213710 -0.081924 -0.202105 0.013223 0.012378 -0.149624 0.157013 0.268824 0.045592 -0.072066 0.082186 -0.055670 0.071177 -0.116274 -0.027188 -0.061094 -0.047587 0.103830 -0.060263 -0.054832 -0.035834 0.035709 -0.181861 -0.152073 0.180161 -0.321492 0.074140 0.143889 0.201482 -0.007679 -0.091713 -0.053678 -0.163904 0.001496 0.063302 0.087370 0.027259 0.033928 0.151000 -0.034748 -0.033647 -0.169814 -0.119796 -0.106872 0.034213 -0.011844 0.017492 -0.375177 0.057034 0.125467 -0.254308 0.131793 -0.095177 0.125724 -0.151669 -0.337553 0.166355 -0.074677 -0.070208 0.120524 0.012690 -0.070104 -0.036815 0.385824 -0.064069 0.353494 -0.237704 0.027825 -0.212210 -0.007007 -0.434158 0.102427 -0.361115 -0.043353 -0.086240 -0.200513 -0.302682 0.264539 -0.022091 0.217687 -0.023683 -0.069763 -0.134446 -0.064160 0.147614 0.018119 -0.007121 -0.423445 0.067024 0.186071 -0.151286 0.094300 -0.214290 -0.042025 -0.179643 0.055741 0.003842 0.083464
0.037402 0.049542 0.216796 0.090979 -0.023634 0.498871 -0.201473 0.037649 -0.144501 0.170944 -0.039863 -0.120673 -0.140319 0.077610 0.232672 -0.060499 0.028373 0.018898 -0.207601 -0.224387 -0.018676 -0.086242 -0.109399 -0.027954 0.045788 -0.072305 0.227411 0.096187 -0.115099 0.254531 -0.055758 -0.058081 -0.042306 -0.117524 -0.043528 0.036754 0.066402 0.096657 -0.078941 0.358242 -0.159654 -0.301981 0.309756 0.163256 -0.257621 -0.188571 -0.053910 -0.102079 -0.193812 -0.042283 0.060381 -0.422105 0.081619 0.006364 0.101829 -0.188244 0.377777 -0.029959 -0.235833 0.067274 -0.019133 0.028311 0.185444 0.071392 0.265459 -0.264698 0.152859 -0.042663 -0.212912 0.117066 -0.050104 0.166307 0.194914 0.093522 0.150419 -0.076633 -0.151347 -0.108536 -0.010726 0.053394 0.074082 0.123755 -0.191414 0.048112 0.272823 0.175890 0.049831 0.090393 0.009170 0.070650 -0.114080 -0.213610 -0.067177 0.280055 0.149046 0.005300 -0.302533 -0.008583 -0.019493 0.163781 0.133078 -0.356298 -0.151945 -0.017882 0.079791 -0.132860 0.194256 -0.085090 0.011570 -0.070447 -0.350992 -0.053802 0.100685 -0.062099 -0.283331 0.256690 -0.032939 0.065710 0.086168 -0.116465 0.135248 -0.119071 0.074637 -0.020085 -0.093235 0.100493 -0.068660 0.083750
-0.312620 0.056245 -0.204500 -0.103487 0.166668 0.139184 0.040684 0.027832 0.116398 -0.183321 -0.025343 0.213023 -0.141063 0.075535 -0.016337 0.123997 -0.207321 -0.151166 0.173430 -0.089330 -0.042255 -0.150010 0.012215 -0.024810 -0.012642 0.074748 -0.114029 0.006206 0.029063 -0.096987 -0.087467 0.080761 -0.187268 0.121249 -0.004096 0.003168 -0.398381 0.019034 0.015410 -0.061189 -0.094700 -0.049583 0.000316 -0.330539 0.048221 -0.129938 0.148066 -0.000596 -0.011989 0.004390 -0.064705 -0.071240 -0.124564 0.071024 0.187676 0.167556 -0.280423 0.105881 0.033408 0.086675 -0.134995 0.045292 -0.012143 0.066631 -0.261967 0.092330 0.025210 0.039184 0.175823 0.233718 -0.063257 -0.171761 -0.140388 0.258389 -0.018522 0.071481 0.189664 0.087692 -0.044943 0.191258 -0.190221 0.152674 -0.136684 0.035993 0.152126 -0.091344 0.015898 -0.186551 -0.047212 0.036731 -0.198751 -0.002360 0.158456 0.085683 -0.093905 0.206190 0.036729 0.170704 0.076139 -0.248442 0.212721 -0.184958 -0.028220 0.023839 0.110000 -0.076633 -0.059453 0.187612 -0.231224 -0.131397 0.008919 -0.116711 -0.127399 -0.397031 0.021484 -0.210653 0.056942 0.060601 -0.183444 -0.144970 -0.140910 0.082165 0.037702 0.029982 -0.005931 0.044264 -0.050506 0.030277
0.056380 0.255989 -0.012501 0.150430 -0.010260 -0.006178 -0.048658 0.012337 0.106559 0.027358 0.099390 0.056503 -0.159242 -0.035147 0.007766 -0.189415 -0.189433 -0.130942 0.075458 0.063481 0.070667 0.179951 -0.063827 0.013278 -0.009807 -0.147369 -0.087924 -0.042089 -0.037554 0.021858 0.080016 -0.263291 -0.011797 0.139954 -0.033186 0.023540 0.205424 -0.108428 -0.408447 -0.377245 -0.079627 0.022881 -0.045435 0.032754 0.078722 -0.428109 0.268844 -0.378026 -0.093048 -0.150978 -0.104356 0.072364 -0.075734 -0.291041 -0.070911 0.057011 -0.020594 0.075718 -0.055397 0.127914 -0.035418 0.095684 -0.188675 0.123947 0.156697 -0.331272 -0.168096 -0.030324 0.013753 0.077887 -0.020862 0.104619 -0.003362 0.113158 -0.071314 0.104144 -0.302519 -0.193528 0.138533 -0.101388 -0.173398 -0.531577 -0.197238 -0.120608 0.005171 0.024182 0.226502 -0.069387 -0.112098 0.159074 -0.175834 0.250398 0.019710 0.252827 0.074578 0.116670 -0.130487 -0.004956 -0.119210 0.163356 0.154162 -0.136458 -0.027119 -0.060933 -0.035883 0.015479 -0.329401 -0.085230 -0.080709 -0.331590 0.108697 -0.093513 -0.004257 -0.086622 -0.185879 0.140979 -0.070146 0.054586 -0.198012 -0.089339 -0.145344 0.109895 0.096877 -0.126054 -0.125066 0.127829 0.024234 0.026025
-0.150381 0.041595 -0.281286 -0.092628 0.126137 0.132708 -0.198527 -0.068212 -0.117341 -0.150006 0.229629 0.007591 -0.157029 0.301529 -0.133257 -0.044178 -0.485172 0.203831 -0.007325 -0.168479 0.183336 -0.177649 -0.004535 -0.319879 0.013282 -0.317495 0.017698 -0.002376 -0.091138 0.196191 0.056924 0.109729 -0.032760 -0.506068 0.144115 0.057251 0.132574 0.021249 0.285546 0.115074 0.061834 -0.009092 0.131783 0.159996 0.278033 -0.096039 0.043047 0.064190 0.200122 0.216036 0.037368 -0.047110 -0.446975 0.448155 -0.065983 0.149267 0.168791 0.070430 0.157511 0.037037 -0.181794 0.027343 -0.289841 -0.201033 -0.297264 0.210836 0.130841 0.104308 -0.167121 -0.036506 0.068910 -0.082716 -0.024003 0.152467 0.185268 0.188844 0.182089 0.061037 -0.070246 -0.174546 -0.140532 0.131693 -0.107724 -0.133694 0.063047 -0.103009 -0.156052 -0.035359 -0.107582 -0.163520 -0.436658 -0.223453 0.072548 0.037576 0.008590 -0.346331 -0.119842 0.002447 -0.029274 -0.346566 0.199384 0.055740 -0.058419 -0.071310 -0.172282 -0.107644 -0.192935 0.176297 0.087319 0.144210 0.131571 -0.126584 -0.039450 -0.046583 -0.284865 0.050475 0.084933 -0.004438 -0.667139 0.134452 -0.213128 -0.075972 0.238187 -0.076157 -0.070132 -0.323514 -0.687645 0.178668
0.200976 0.091184 -0.247949 -0.081609 0.205780 -0.166126 -0.371271 -0.039887 0.129009 -0.001388 0.167371 -0.057544 -0.485336 0.203485 -0.027420 -0.304292 -0.116225 0.341700 0.156872 0.091124 -0.160030 0.034847 0.076662 -0.075067 -0.054279 0.004566 0.005286 0.297065 -0.156201 0.188150 -0.078615 -0.091536 0.013399 -0.220018 -0.045023 0.219391 -0.422750 0.298379 0.252973 0.045273 0.089332 -0.113390 -0.098625 0.361148 0.089245 0.044074 -0.124721 -0.106070 0.375927 -0.027339 0.053204 -0.352190 0.122165 -0.059315 -0.057694 0.262919 0.031835 0.060315 0.239378 -0.095437 -0.055980 0.159077 -0.275073 -0.071669 -0.211026 -0.203491 -0.016438 0.025751 -0.410833 0.158608 0.084361 -0.011120 -0.014377 -0.231242 0.023083 0.221927 0.178473 0.130644 0.186607 -0.089603 0.092816 0.003961 0.122959 -0.552172 0.080002 0.214669 -0.050870 -0.068586 -0.032534 -0.139757 -0.014925 -0.050522 0.078406 -0.265178 0.021429 0.032435 0.126843 0.257651 -0.123923 -0.286818 0.062753 -0.295300 0.138630 -0.028968 -0.077049 -0.135664 -0.050636 -0.044960 0.034306 -0.175807 -0.304290 -0.052995 -0.241387 -0.155118 0.012144 0.089427 0.214031 0.253965 -0.151948 0.072628 -0.136489 -0.091599 0.122369 -0.076774 -0.086965 -0.041720 -0.136634 -0.019397
-0.391465 -0.007235 -0.142948 -0.287906 -0.180072 0.323325 0.101646 -0.000573 -0.047247 0.017457 -0.082564 0.174992 0.077133 0.217301 -0.120071 -0.436450 -0.079397 -0.256540 -0.294196 -0.310791 -0.131768 -0.324729 0.055126 -0.005943 -0.078575 0.096524 0.049421 0.041177 0.033432 0.162997 0.136106 -0.067649 0.125383 -0.244927 -0.095612 0.054572 -0.249358 -0.153629 -0.128873 0.077328 -0.007918 0.052797 0.194090 -0.130123 -0.099544 -0.052699 -0.492347 -0.140821 0.027442 0.058450 0.033413 0.092362 0.032023 -0.077334 0.110403 -0.311941 -0.050679 -0.034681 0.182863 -0.019247 -0.011044 0.125689 -0.092678 -0.243170 0.069795 0.143835 0.155814 -0.143256 -0.034966 0.078880 0.200252 -0.243578 0.100518 0.243568 -0.161765 -0.160345 -0.116868 0.090112 0.158298 0.152131 -0.129123 0.131069 -0.275428 0.072093 -0.275835 -0.079284 -0.299483 0.161170 0.004944 0.134603 -0.043280 -0.018938 0.147029 0.153301 -0.010775 -0.007871 -0.134123 0.109443 -0.059756 -0.010521 -0.169051 0.099494 -0.231638 0.015601 -0.068030 -0.104107 -0.171320 0.055275 0.072037 0.029563 -0.198936 -0.091393 0.062235 -0.201875 0.074273 -0.101767 0.074095 0.074320 0.316621 0.364723 -0.185189 0.084087 -0.114673 -0.035586 -0.240712 -0.083504 0.124624 0.009032
-0.043149 0.031580 -0.111687 0.302122 -0.211589 -0.097737 0.049861 0.131856 0.111036 0.249972 -0.168750 -0.034174 0.159849 -0.043316 -0.066316 -0.254488 -0.133129 -0.043210 0.111554 -0.117005 -0.015104 0.110600 -0.172237 0.023869 -0.012921 0.199068 0.040370 -0.046649 -0.007436 -0.172689 -0.251273 0.307782 -0.074002 0.024415 0.097937 0.087895 -0.042233 -0.004941 -0.140321 0.118965 -0.012430 0.085257 -0.058272 -0.189526 0.144458 -0.326960 -0.149409 -0.205427 0.178402 -0.120221 -0.081889 -0.213831 0.147376 0.048312 0.140223 -0.134314 -0.140133 0.019570 -0.234976 0.154092 -0.009632 0.047310 0.229425 0.015881 0.037328 -0.015417 0.066626 0.055427 0.167745 -0.055897 -0.123101 0.116398 0.197316 0.282968 0.132040 0.148636 -0.207270 0.065930 0.140252 -0.134196 0.321231 -0.025737 -0.133861 -0.390825 0.094544 0.271777 -0.300521 -0.195254 0.021875 0.066721 0.068613 0.191707 0.199502 0.025318 -0.158878 0.351351 0.225304 0.396160 -0.031572 0.023897 0.050587 -0.001459 -0.036860 0.018122 0.011850 -0.128442 0.026012 -0.080999 0.207226 0.185817 -0.247016 0.042301 -0.059301 -0.260632 0.030742 -0.009271 0.221230 -0.021309 -0.159669 0.059562 0.077502 -0.115232 0.021067 -0.010214 -0.002779 0.249966 0.031373 0.142799
-0.009512 0.487619 -0.014929 0.121804 -0.194085 0.083037 0.029727 -0.167616 0.125103 0.114009 0.155592 -0.368027 -0.153590 0.082629 0.049803 0.201479 0.002954 0.002614 0.070896 0.085788 -0.075400 0.066565 0.024934 -0.287326 0.061174 -0.031310 0.086355 0.061989 -0.009369 0.042863 -0.019887 -0.197620 -0.127789 0.276128 -0.024494 0.018727 0.203105 0.109113 -0.074999 0.043935 0.035437 0.047767 0.282073 0.022543 0.279709 -0.044139 -0.033706 -0.268009 -0.100187 -0.040592 0.150451 -0.189900 0.139262 -0.142255 -0.418305 -0.009903 0.028605 0.068834 0.032507 0.008978 -0.070161 0.087374 0.060851 -0.145308 -0.088743 0.047447 0.212084 0.031743 -0.040887 0.042475 -0.106238 0.016420 -0.161174 0.078140 0.019977 0.185117 0.103505 -0.024997 -0.011065 -0.169634 -0.022407 0.048743 0.047895 0.145203 0.210279 0.052238 0.210554 0.008979 0.004608 0.059315 -0.288344 0.024058 -0.014422 -0.060924 0.032032 -0.027238 -0.148125 0.171957 -0.068181 -0.040414 0.307454 -0.295181 -0.105637 -0.090936 0.001910 -0.140014 -0.059077 0.092684 0.212659 -0.138484 -0.276900 -0.038757 0.063543 0.095506 0.009034 0.131498 -0.102913 0.040837 -0.163394 0.012555 -0.207558 0.025189 0.079996 -0.066191 -0.072406 0.260692 -0.007366 -0.066342
-0.157423 0.138601 -0.045881 0.083359 -0.359986 -0.385425 0.098071 0.198499 0.009299 -0.020575 0.025263 0.279914 0.072803 0.149423 -0.026147 -0.346466 -0.097733 0.034780 -0.034969 0.110935 0.226541 0.072627 -0.231192 -0.353658 0.013388 -0.004147 0.040038 0.159765 0.021184 0.407523 0.097330 0.140664 0.197351 -0.043338 -0.105802 -0.243743 0.053631 0.172299 0.087848 -0.210340 -0.215005 -0.190928 0.057957 0.043253 0.011843 -0.042339 0.142566 -0.060880 -0.047566 0.030943 -0.012023 0.044374 0.298329 0.068579 -0.156258 -0.039730 0.000430 -0.039462 -0.006387 -0.037623 -0.033871 0.228476 -0.076421 0.020972 -0.118350 0.219554 -0.021026 0.070582 0.082037 0.099739 0.031459 -0.077860 -0.063941 -0.006254 0.059750 0.088669 0.138316 -0.135626 0.123810 -0.213129 -0.403557 -0.055095 0.162557 -0.016031 -0.028306 -0.125090 -0.060842 0.053092 -0.054635 0.259024 -0.011324 -0.006133 -0.142365 -0.127758 -0.076517 0.109842 0.175753 -0.106741 -0.029818 -0.012854 0.033153 -0.006515 -0.042973 -0.025513 -0.501321 -0.233937 0.031930 -0.160872 0.031594 -0.010244 0.063482 -0.006586 0.134652 0.001222 0.092814 -0.020554 0.250717 0.079061 -0.085135 -0.148892 -0.366363 -0.130290 -0.256824 -0.082104 0.004839 0.026836 0.286430 -0.167036
0.168596 0.105839 -0.167755 -0.105048 0.440385 -0.046088 0.023411 -0.127557 -0.067564 0.472192 0.110966 -0.099250 -0.187288 0.185365 0.057926 0.036546 0.163358 0.056490 -0.179962 0.072007 0.134016 0.216966 0.050282 -0.038216 0.197868 0.075135 0.222508 -0.170171 -0.031729 -0.091222 0.134309 0.016506 0.062327 0.140101 0.040808 0.120049 -0.102900 0.160677 0.062035 -0.013429 -0.155171 -0.146941 -0.072159 -0.211550 0.021293 -0.147069 0.149734 0.204397 0.136837 -0.132892 0.179681 -0.056810 -0.086771 0.080859 -0.149699 0.138263 0.146736 0.094386 -0.278298 0.161725 -0.073842 -0.152820 0.151650 0.143013 0.229293 -0.077030 -0.096402 -0.033082 0.139593 0.267448 0.003767 -0.273008 0.072888 0.032013 -0.078390 0.037698 0.121033 0.224100 0.068675 -0.143577 -0.045375 0.039214 0.229220 -0.081289 0.021480 -0.130355 0.333639 0.175193 -0.065047 -0.178214 -0.269153 0.009832 -0.126732 -0.058624 -0.430523 0.133421 0.066453 -0.102964 0.016761 0.039465 0.086305 -0.130454 -0.135439 -0.011422 0.000922 -0.215761 -0.102748 -0.409388 -0.075658 -0.301149 -0.234711 -0.091521 -0.103768 0.157316 -0.383005 0.027206 -0.410418 -0.243802 -0.078652 0.000447 0.137352 -0.020316 0.056415 -0.022433 -0.084275 -0.400987 0.142270 0.017872
0.200820 -0.081806 -0.191108 -0.205781 -0.300790 0.100877 -0.080166 0.107439 0.024131 -0.173906 -0.006440 0.298327 -0.449548 0.195057 0.111351 0.144313 -0.195342 -0.186287 0.044078 -0.102682 -0.131092 -0.037755 0.101780 -0.040018 0.029849 -0.042746 0.147221 -0.049942 0.095408 0.061666 0.067773 0.165565 -0.170080 -0.274724 -0.006958 0.020581 0.051947 -0.151682 0.115658 0.083341 0.001696 -0.005422 0.012424 0.031670 0.229543 -0.036135 -0.066986 -0.129166 0.306553 0.092972 0.319047 0.077075 -0.152287 -0.059600 -0.006936 0.136109 0.114743 0.381353 0.148501 -0.251282 0.024189 0.074197 0.017716 -0.032962 -0.126114 0.099583 -0.034197 0.014815 -0.136178 -0.065693 -0.073779 -0.087069 0.231266 -0.011246 -0.158092 0.130020 0.173695 -0.077702 -0.198246 -0.200298 0.048120 0.209639 -0.214651 0.155737 -0.263272 0.134642 0.259897 0.094469 -0.013887 0.352548 -0.144260 0.345815 0.223707 0.284941 0.052446 -0.168501 -0.069560 0.062069 -0.072098 0.172917 -0.007914 -0.013026 0.054341 -0.024154 -0.136197 -0.038065 -0.160635 0.038003 -0.058054 -0.374893 0.154231 -0.001378 -0.062077 0.020180 -0.070351 -0.051869 -0.218652 0.137424 -0.148141 -0.069257 -0.030471 -0.229049 0.322962 -0.023213 -0.088575 0.056233 -0.389562 0.108030
-0.141283 0.084977 -0.048980 -0.011068 -0.146908 0.146571 -0.285652 -0.375072 -0.006760 -0.171661 0.301445 -0.325022 -0.028825 -0.182123 -0.091816 0.125583 -0.256730 0.157325 0.194440 0.213044 -0.108678 0.014969 0.183484 0.095032 0.182811 0.200434 -0.132193 0.158646 -0.020936 0.029445 -0.018223 0.027817 0.101638 -0.719037 0.037584 0.182937 -0.234571 -0.044031 0.164276 -0.065317 -0.046933 0.141839 0.052049 -0.123539 -0.071269 0.430787 0.207702 -0.054211 -0.080986 0.134856 -0.291890 -0.167168 -0.303519 0.083142 -0.360877 0.172815 -0.170330 -0.122798 0.046755 -0.016516 -0.047326 0.192472 -0.214217 0.061923 -0.072305 0.009815 0.278870 -0.019815 0.068544 0.020117 -0.045967 -0.005498 0.064222 0.061103 0.136640 -0.129762 -0.156983 0.110735 -0.049415 -0.039160 -0.106359 0.102278 0.143671 0.003179 -0.016941 0.021448 0.198660 -0.125997 0.000510 0.060748 -0.063567 -0.103720 0.045618 -0.136492 -0.067567 -0.536141 -0.274160 -0.144715 0.030574 -0.220042 -0.064415 -0.042434 0.155544 -0.137073 0.156836 0.035459 -0.015189 0.111878 0.002996 0.285056 -0.249216 0.055213 -0.094434 0.250399 -0.144827 0.011434 -0.088444 -0.187045 -0.131050 0.040338 0.164438 0.053672 0.182214 0.017068 -0.038335 -0.146362 -0.082198 -0.203411
0.010559 0.083243 0.065399 0.132227 0.113898 -0.425306 0.046997 0.119295 0.058486 0.204457 0.121308 -0.079908 -0.200844 -0.020209 0.197258 -0.039017 -0.042674 -0.038156 -0.155716 0.111424 -0.048248 -0.066444 -0.170511 0.306862 0.069056 0.206138 -0.148377 0.233488 -0.041282 -0.014180 -0.034173 -0.050697 0.007344 -0.059186 -0.005224 0.356033 -0.082592 0.064517 -0.027309 0.065715 -0.022487 0.082175 -0.040331 0.047153 0.094904 -0.260552 0.397155 -0.293956 0.193287 0.047655 0.272031 -0.279409 0.347478 -0.108612 -0.196377 -0.220172 0.095692 0.071484 -0.200945 -0.180000 0.060286 0.205977 0.108561 -0.185408 0.002664 -0.138731 -0.113891 -0.059364 0.002365 -0.020922 -0.145907 0.284068 0.055484 0.065414 -0.036880 0.128489 -0.166248 -0.152134 0.176632 0.130453 0.112541 -0.180217 0.213658 -0.211867 -0.027383 0.215526 0.129032 0.151768 -0.027452 -0.116806 0.269169 0.051803 -0.025294 -0.170795 0.236620 0.015987 0.126875 -0.116021 -0.121590 -0.056516 -0.106112 -0.248872 -0.066316 -0.051525 -0.181412 0.069347 0.115045 -0.020454 0.092166 -0.052402 -0.012514 -0.138542 -0.027211 -0.043780 -0.005959 0.035101 0.307717 -0.031663 -0.126011 0.179357 0.264458 0.058238 -0.187646 -0.025406 0.004810 -0.043316 0.163597 -0.240204
0.068809 0.169860 -0.233617 0.264238 -0.044397 0.131168 0.055703 -0.025977 0.228090 0.302934 0.068913 0.064328 0.277335 0.130638 0.161555 -0.280986 -0.326810 -0.083261 -0.110945 0.063789 -0.005586 0.224668 -0.045019 -0.023395 -0.259722 0.044313 0.151337 0.273919 0.012892 0.050214 -0.095190 -0.267093 -0.026937 0.063412 -0.016496 -0.229699 0.081286 -0.079279 -0.093600 0.080100 0.025008 0.057085 0.083183 -0.152503 -0.072193 -0.353965 0.039253 0.018151 0.202544 -0.136071 0.175147 0.198395 0.041843 0.183528 0.229121 -0.103278 0.056635 0.121871 -0.134933 0.264021 -0.106961 -0.152290 0.157739 0.040470 -0.103155 0.076508 0.148189 -0.001249 0.063999 -0.049857 0.430303 -0.015915 0.072645 -0.398728 0.137975 -0.042208 -0.105859 -0.113006 0.038745 0.005656 0.058781 0.099917 0.063007 0.272484 -0.083047 -0.079482 0.388998 -0.038137 -0.042473 0.062853 -0.476542 -0.158619 -0.211376 -0.025996 -0.453236 0.297757 -0.037112 -0.279688 -0.024632 0.005624 -0.041416 0.053719 -0.006221 -0.069061 0.165368 -0.010601 -0.083913 -0.212065 0.230935 -0.100240 -0.355606 0.012869 -0.223204 0.154892 -0.163469 0.128102 0.009038 0.090252 -0.410157 -0.048176 -0.105002 0.099645 -0.230034 0.079627 -0.068839 0.104280 -0.151460 -0.212844
0.157944 -0.333239 -0.162156 0.044943 0.089803 -0.276673 -0.097682 -0.100793 -0.253518 -0.079776 0.238223 0.158294 -0.137821 0.042855 -0.136622 -0.299319 0.090575 0.087245 -0.016018 -0.136590 -0.409885 -0.041049 0.193220 0.113721 0.100368 -0.023790 -0.085654 0.012207 0.006161 0.044724 0.187484 0.304265 0.178372 -0.063548 -0.174153 -0.028448 0.004112 -0.146420 0.082227 -0.101940 0.077994 -0.168669 0.064131 0.118255 0.097075 -0.036481 -0.339899 -0.258536 -0.396291 0.063277 0.166245 -0.272536 -0.108483 0.006414 -0.219183 -0.236087 0.168017 0.078794 0.118238 0.271219 0.078960 0.003778 -0.186302 0.185685 -0.223823 -0.003316 -0.013309 -0.033347 -0.043950 0.111368 -0.180087 0.145204 0.189972 0.287992 0.225652 0.089384 -0.030447 0.047312 -0.145276 -0.315215 -0.193848 0.169425 0.338968 -0.188244 -0.118057 -0.136897 -0.143547 0.172008 -0.044957 0.008483 -0.241967 0.299864 -0.265223 -0.071761 0.022136 -0.287565 0.023386 -0.250452 0.009448 -0.205846 -0.096168 -0.178987 -0.041389 -0.042772 -0.231808 -0.214562 -0.319100 -0.320946 0.143427 -0.201576 0.019188 -0.173305 -0.245409 0.007905 0.012499 0.191248 -0.042106 -0.278213 0.004585 -0.148412 -0.126398 0.162155 -0.282908 -0.017060 -0.009722 -0.117180 0.059391 0.201189
0.103646 -0.129479 0.170266 0.013323 0.227962 -0.006285 -0.387191 -0.021618 0.118737 0.032983 0.182637 -0.040632 -0.646559 0.060583 -0.070601 0.133437 0.116341 0.089045 0.073851 0.139177 0.072384 -0.098738 0.083663 0.193009 0.026825 -0.128490 -0.173924 -0.316401 -0.065186 -0.079916 0.146898 0.091699 -0.086642 -0.077625 0.118381 0.231606 -0.272768 0.178077 0.074263 -0.073506 0.042020 0.281403 0.062344 -0.071421 -0.034409 -0.179083 -0.264988 -0.127113 0.134342 -0.086231 -0.018108 -0.115695 -0.166450 -0.172101 0.047454 -0.311445 0.087391 0.202865 -0.059753 -0.084364 -0.121959 -0.000316 0.259005 0.070123 -0.234829 -0.506095 -0.072264 -0.038743 -0.102008 0.034056 -0.002553 -0.135591 0.178990 -0.353182 0.108787 0.370914 0.066626 -0.119751 0.119213 0.047343 -0.101741 -0.061993 0.091587 0.056760 -0.259530 0.213612 -0.121815 -0.107439 0.101224 -0.109370 -0.372316 -0.102026 0.328464 -0.004386 0.172723 -0.056057 0.190702 0.084272 -0.092137 -0.026873 -0.092436 0.109545 -0.322223 0.020216 0.243613 -0.113789 -0.246014 0.044202 -0.179438 0.137141 -0.188880 -0.026252 0.020188 -0.116576 -0.001544 0.045793 -0.108616 0.093763 -0.111151 0.198700 0.310591 0.018306 0.298318 0.013574 -0.088019 -0.021105 0.231524 0.087428
-0.007143 0.194879 -0.135473 -0.111057 0.085197 -0.261291 0.112713 0.009421 -0.069860 0.087761 -0.066449 0.226077 -0.182005 0.016046 0.115743 -0.004222 0.019279 0.090961 -0.167861 0.256131 -0.344619 0.078369 -0.007885 -0.200987 0.015826 -0.358941 -0.153146 -0.194845 -0.008705 -0.081941 -0.031304 -0.026296 0.061402 0.360614 0.016831 0.415196 -0.066465 0.269218 0.177379 0.165919 0.076061 -0.075614 -0.076279 0.073309 -0.045141 -0.065084 -0.086731 0.239833 -0.119580 0.120874 0.018742 0.036593 0.317909 0.112698 0.077687 0.189540 -0.336977 0.276813 -0.032491 0.326708 0.043890 -0.474158 -0.154816 -0.109026 -0.334518 -0.341232 -0.109640 -0.055083 0.005756 0.039512 0.336245 0.022629 -0.022424 0.039640 -0.044971 0.025467 -0.185572 0.122765 0.040229 -0.191962 0.021431 0.053606 0.005208 -0.005013 0.050318 -0.208013 -0.082705 0.302458 -0.018772 -0.131598 -0.115605 0.029001 -0.131468 -0.208590 -0.271996 0.003174 -0.344181 -0.031888 -0.083248 0.104689 0.138580 -0.219446 0.061881 0.039655 -0.363400 -0.022946 0.052236 0.209704 0.023729 0.138357 0.075231 0.019463 0.027343 -0.259890 0.062605 -0.092660 -0.117503 -0.218231 0.023928 -0.027555 -0.244344 -0.138134 -0.180156 0.007029 -0.051806 0.263872 0.170813 -0.065506
0.259500 0.244948 -0.170848 -0.017231 0.033255 0.175852 -0.183658 -0.085792 -0.329257 0.092145 -0.295478 0.210714 0.169448 0.211696 0.025396 -0.123760 -0.002609 -0.133327 -0.005435 0.099387 -0.068317 -0.049399 0.062858 -0.257836 0.066913 -0.054660 -0.049542 -0.285097 0.046619 -0.085807 -0.104548 -0.426534 -0.111505 0.197502 -0.162853 -0.004001 -0.097049 0.042629 -0.108042 -0.256919 -0.059424 -0.252853 0.081236 0.053526 -0.015032 -0.259592 -0.038819 0.210144 -0.018259 0.140596 -0.136940 0.131906 -0.131097 -0.220406 0.010235 0.003410 -0.164531 0.272929 0.002855 -0.060457 0.120938 0.004712 0.064419 -0.077645 -0.053755 -0.116148 0.033267 -0.123512 0.087191 -0.003957 0.362779 -0.212038 0.016145 0.012998 0.151838 0.159772 0.013248 0.267127 0.151484 -0.095635 -0.166733 0.159935 -0.042358 0.074061 -0.221693 0.285737 -0.116867 -0.174876 -0.000991 0.003470 -0.294186 0.004749 0.047030 -0.059206 -0.473631 0.072826 0.008287 -0.092512 -0.009697 -0.021114 -0.007611 0.090553 -0.137700 -0.038040 0.065993 -0.135168 0.101124 -0.095066 0.318322 -0.060440 0.128730 0.069989 0.110653 0.111996 -0.318266 -0.103582 0.049844 -0.125809 -0.101156 0.008521 0.047027 0.068096 0.093121 0.009541 0.033141 -0.179628 -0.128180 0.218298
0.117013 -0.094555 -0.205058 0.236317 -0.198757 0.254976 -0.227877 -0.368817 0.122245 -0.183227 0.338121 -0.145725 -0.171711 -0.139530 -0.091940 0.216179 0.023042 -0.090579 -0.010329 -0.015835 0.076001 0.011443 0.186403 -0.085772 -0.134917 -0.092855 -0.176122 -0.057014 -0.082088 0.012272 0.174468 -0.010608 -0.211087 -0.657975 0.017491 0.042452 0.018026 -0.072481 -0.196081 0.061788 -0.029559 0.126924 0.230071 -0.119929 -0.023531 0.249604 -0.058332 0.047979 0.213195 -0.237869 -0.002295 0.285555 -0.286185 -0.051807 -0.099732 -0.111821 -0.002512 0.256950 0.059802 -0.030347 -0.043261 0.108622 0.012866 -0.073936 -0.017001 0.014186 0.113186 -0.015190 0.002548 0.135719 -0.132197 -0.279051 0.212285 0.065335 -0.028303 -0.119131 -0.014799 0.054789 -0.113514 0.084466 0.216210 0.129829 -0.091383 0.053409 -0.101460 -0.186066 -0.114654 0.058322 0.003297 -0.104629 -0.179734 0.292224 -0.084119 -0.076346 -0.078799 0.016823 -0.173659 0.202500 -0.084996 -0.008738 -0.058132 -0.002774 -0.439407 -0.041449 0.447975 0.061986 0.021696 -0.083067 0.087470 0.009855 0.206356 -0.066280 -0.096306 0.010584 -0.139759 0.167698 -0.259125 -0.015346 0.158590 0.009800 -0.011123 -0.152938 0.133684 -0.031663 0.013240 -0.027259 0.039988 0.115345
0.156459 0.234741 0.164956 -0.114377 -0.102045 0.099238 0.016464 0.220433 -0.033717 0.120944 0.405155 0.168733 -0.334907 -0.038973 -0.027970 0.002992 -0.306221 0.004008 0.076795 -0.010139 0.152388 0.190157 0.109668 -0.174959 0.046023 0.340099 -0.260112 0.302903 -0.027101 0.115752 0.120868 0.053742 -0.031071 -0.025287 -0.110894 -0.067734 -0.168370 -0.013355 -0.084481 0.109062 0.029792 -0.155697 0.048327 0.015791 0.156051 0.317051 0.069082 -0.287358 0.101288 -0.131596 -0.036340 0.300881 0.117192 -0.142596 -0.156630 -0.182411 -0.144765 0.205731 0.124777 0.200917 0.051066 0.054357 -0.214431 0.198546 -0.146997 -0.124375 0.223716 0.066385 0.131695 0.133154 0.083940 -0.168751 -0.019512 -0.101101 -0.094248 0.254736 -0.326126 -0.059808 -0.285991 -0.136805 0.131209 -0.162417 0.158890 0.031629 0.031853 -0.007123 0.021574 -0.067242 -0.109306 0.060057 -0.431944 0.171889 0.044878 -0.126716 -0.044773 -0.028243 -0.113221 -0.070090 -0.050328 0.126322 0.189620 0.084924 -0.116076 0.058368 -0.117583 -0.028209 -0.080038 0.050991 -0.058758 -0.040148 -0.093232 -0.139315 0.091747 0.046427 0.032139 0.182255 -0.137141 -0.170914 -0.194437 0.195415 -0.161627 -0.119839 0.033556 -0.061784 0.000530 0.037168 0.098736 -0.515326
-0.422127 -0.101440 -0.035854 0.529656 -0.031978 0.185076 0.181015 -0.053593 0.009301 -0.009638 0.051798 0.024630 -0.056942 0.161769 -0.227139 -0.205462 -0.012128 0.132168 -0.149597 0.132821 0.113800 -0.014523 -0.020105 -0.084912 -0.268349 0.105397 -0.067823 0.000480 0.011560 0.160992 -0.144244 -0.349689 0.007649 -0.084252 -0.044800 -0.049017 -0.174061 -0.111052 0.107277 0.266096 -0.151957 0.449266 -0.241539 0.299926 0.151123 -0.289726 0.254696 -0.200567 0.030460 0.272449 -0.015589 -0.027146 0.362318 -0.035584 0.033882 0.146230 0.028054 0.214241 -0.064098 0.459585 -0.035938 -0.248794 -0.239864 0.058898 0.239688 -0.028644 0.286812 -0.062557 -0.219933 -0.080859 -0.101718 0.088650 0.092207 -0.296318 0.111057 0.074636 -0.519110 -0.353693 0.176220 -0.119101 -0.153848 0.111265 -0.147684 0.144067 0.154233 0.041547 0.509078 0.235225 -0.001611 0.041797 0.247000 -0.053210 0.004236 0.031850 -0.184431 0.063519 -0.000569 -0.065044 -0.130542 0.233276 0.433340 0.173021 0.065953 0.000394 -0.048646 -0.033191 0.044549 -0.093020 0.065078 -0.015672 -0.170400 0.049082 -0.179268 0.285065 -0.000346 0.092813 0.078678 -0.354233 0.173167 -0.034624 -0.013881 0.238348 -0.201714 -0.003934 -0.053432 0.133685 0.217815 -0.062303
0.032889 -0.138448 0.018736 0.062967 -0.261495 -0.095828 -0.092893 -0.113172 0.121651 0.186980 -0.064840 0.050533 -0.165646 -0.271024 0.004887 -0.303748 0.003305 -0.334820 -0.086579 0.231703 -0.000920 0.115798 0.117812 0.047870 -0.210552 0.185396 -0.206029 0.472235 -0.037561 0.042460 0.403110 -0.013845 0.056070 -0.068569 -0.153243 0.037565 0.029030 -0.060946 0.002597 -0.179471 -0.107558 0.119641 -0.406590 -0.507578 -0.095084 -0.128729 0.213585 0.161609 -0.046487 0.121664 -0.058808 -0.236672 -0.097671 0.019967 0.190237 0.082803 -0.226502 0.037205 -0.090038 0.372011 -0.466190 0.040428 0.001823 0.110863 0.063288 -0.150780 -0.112220 -0.127557 0.099649 0.153986 -0.046958 0.002851 -0.015582 0.160171 0.120081 -0.260240 -0.132290 0.180321 0.041384 -0.097944 0.066770 0.142794 -0.108885 -0.093122 0.026035 0.012713 0.017038 0.245132 -0.069744 0.029952 0.314772 0.155878 0.076950 0.091167 0.133876 -0.179072 0.134946 -0.301906 -0.043833 0.078039 -0.076956 -0.240942 -0.063226 0.006715 -0.154584 -0.123452 -0.108667 -0.065461 0.172707 -0.190992 0.136045 0.093332 -0.030538 -0.007886 0.088916 -0.103720 -0.220190 0.117186 -0.081336 -0.034992 -0.165347 -0.052287 -0.168031 -0.023057 -0.126339 -0.002866 -0.052299 -0.101107
-0.124205 0.207132 -0.209984 0.508586 -0.442760 -0.188464 -0.575716 -0.079236 -0.080240 -0.000573 0.396845 -0.115242 -0.447722 -0.009555 0.210924 0.148387 -0.367574 -0.097751 0.236731 -0.019270 0.029414 0.012405 -0.136657 -0.050211 -0.108157 0.075621 -0.122428 -0.045022 0.027649 -0.005168 -0.337928 -0.010827 0.114577 0.019966 0.128286 -0.224026 -0.002840 0.140233 0.037009 -0.015747 -0.108281 0.105938 0.024382 -0.108801 0.078402 0.097754 0.194140 0.037850 0.101499 0.072934 -0.021311 0.165594 0.080048 -0.160136 0.030974 0.109359 0.135391 0.421627 0.110437 -0.354418 -0.247163 0.237681 0.079704 -0.040284 -0.079724 -0.257686 0.139597 -0.166534 0.189835 -0.126302 -0.401926 0.265711 0.079619 0.186961 -0.167820 -0.038345 0.108362 0.150786 0.148961 -0.008015 -0.080907 -0.083734 -0.110643 0.115572 0.114047 0.126182 -0.550537 0.311179 -0.102657 0.121459 0.102833 0.241634 0.055675 0.066085 -0.040586 -0.384323 -0.296030 0.004004 0.031187 0.088442 0.018853 -0.476855 -0.304236 -0.029876 0.392353 -0.108269 -0.076154 0.158338 -0.108359 -0.475573 -0.386747 -0.005598 -0.272019 0.113894 0.044272 -0.238485 -0.478963 -0.144206 0.213131 -0.677592 -0.039267 0.333148 -0.000519 -0.067804 0.054537 -0.349993 0.080724 0.118027
-0.095880 0.054568 0.038419 -0.051919 -0.050037 0.185575 0.031548 -0.037797 -0.115847 -0.011525 -0.044559 -0.035664 0.151426 0.286242 -0.045889 -0.163563 0.018075 0.022110 -0.172437 0.058124 -0.127528 -0.164412 0.141372 -0.032960 -0.048990 -0.233645 0.075175 -0.187391 -0.007384 -0.098089 -0.113141 -0.046319 -0.312424 -0.177450 0.083262 -0.047111 -0.120590 -0.012536 0.055215 0.120809 -0.117947 -0.080560 0.123847 -0.286367 -0.378111 -0.204413 0.020889 0.112014 -0.004845 -0.067592 -0.143954 -0.390148 0.012493 -0.138876 0.234444 0.248771 -0.011475 -0.039278 -0.123727 0.218583 -0.030831 0.063095 -0.168093 -0.132376 0.038661 -0.072765 -0.153645 0.051343 -0.073534 0.053226 0.197400 -0.213474 0.191000 -0.110000 0.169133 0.041497 0.267969 -0.000336 0.127344 -0.326736 0.149853 -0.057322 -0.217473 -0.162187 0.033769 0.041329 -0.038975 0.025991 -0.064368 -0.045188 0.064762 0.110840 0.069808 0.210798 -0.085609 0.055895 0.121340 0.253088 -0.073744 0.054830 0.025263 -0.009234 -0.136402 -0.043329 0.012607 -0.126550 0.157823 0.098477 0.052847 -0.036019 -0.261384 -0.063738 0.026141 -0.351474 -0.079820 0.250879 -0.127407 0.109081 -0.006985 -0.043796 0.119505 -0.006162 -0.144033 -0.041085 0.044454 -0.221766 0.173540 -0.114420
-0.070672 -0.202669 -0.079970 0.080133 -0.228706 -0.180217 0.148134 0.436502 0.180489 0.186642 0.141931 0.098552 0.031048 0.283544 -0.297125 -0.257959 0.045366 -0.312874 0.269508 0.059046 0.164476 -0.224777 -0.176277 0.018386 -0.202393 0.014173 0.105348 0.197369 0.033557 -0.215319 -0.156853 0.069161 0.382209 -0.537602 -0.093926 0.183744 0.178567 0.146827 0.169675 0.306273 -0.054362 0.040249 0.072009 -0.038931 0.009062 -0.105735 0.022357 -0.307353 -0.512224 -0.171782 0.051970 0.145317 0.016025 0.229298 0.098043 -0.308718 -0.088464 0.073966 -0.114907 0.067298 0.011990 0.177468 0.176609 -0.301742 -0.056711 -0.287582 0.206627 0.065830 0.008789 0.123388 0.322413 -0.135915 0.058205 -0.105847 -0.170801 -0.201533 -0.336143 -0.020214 0.378513 -0.195513 0.027038 -0.090682 -0.121691 -0.064823 -0.440620 0.047341 -0.006166 0.308196 -0.054264 -0.046020 -0.158723 0.300612 -0.126174 -0.260577 0.006330 -0.058728 -0.259519 0.279040 -0.054798 -0.042707 -0.141931 -0.216564 -0.141921 -0.026365 -0.236405 -0.096090 -0.040818 0.082845 0.119980 -0.082718 0.180403 -0.006265 0.114570 0.052061 -0.023644 0.131456 0.068687 -0.301799 0.258362 -0.162486 -0.069213 -0.044158 -0.013934 0.017558 -0.076422 0.136138 -0.245146 0.214959
-0.419420 -0.092191 0.077947 -0.223913 -0.005341 -0.026470 -0.136841 0.039472 -0.071971 0.028169 0.055708 -0.148823 0.107776 -0.051213 0.132645 0.064308 -0.016979 -0.061065 0.002708 -0.064238 0.239816 0.070349 0.082131 0.218680 0.102168 0.069577 0.279924 -0.324186 -0.068091 -0.173442 0.012388 0.173499 -0.036116 -0.150390 0.036106 0.142414 -0.285111 -0.041973 0.012776 0.035708 0.020309 -0.099856 0.052109 0.155265 0.117639 -0.059516 -0.185565 -0.002996 -0.188582 0.279707 -0.101580 -0.145486 -0.124332 -0.136226 -0.250285 -0.005644 0.043439 0.140755 -0.026190 -0.118190 0.035562 -0.011235 -0.213653 -0.168299 -0.112775 -0.080774 0.106495 -0.187454 0.178729 0.023863 0.051956 0.018317 0.024816 0.097759 0.097210 0.058552 -0.148669 -0.051408 -0.377811 -0.234628 0.128553 -0.137276 -0.065575 -0.279319 -0.084821 0.020585 -0.243188 0.007638 -0.140082 0.050378 -0.005551 0.086786 0.056592 0.191786 -0.034410 -0.040975 -0.179522 0.127621 -0.060326 -0.169449 -0.089504 0.039909 -0.168475 0.029014 -0.025013 -0.097311 -0.122488 0.030374 -0.150339 0.091830 0.177136 -0.004164 -0.217992 -0.023737 0.027940 0.055539 0.070384 -0.101233 0.116915 -0.058303 0.155455 0.196245 0.136743 -0.065044 -0.087007 0.110703 -0.142780 0.110948
-0.545774 0.018875 -0.018126 0.194860 0.200099 -0.221571 0.177832 -0.054379 -0.024344 0.229409 -0.168249 0.037551 -0.156943 -0.042732 -0.426660 0.011188 -0.056496 -0.168989 0.105816 -0.427348 -0.149026 0.065850 0.115067 0.059679 -0.088807 0.142898 0.065217 0.027372 -0.021832 0.044779 -0.001710 0.232041 0.179380 0.193367 0.120893 0.070053 -0.095172 0.179178 0.132197 -0.082461 0.036859 0.117528 -0.002244 -0.227847 -0.072502 -0.117948 -0.133812 -0.202921 -0.144162 0.210506 -0.010289 -0.205855 0.105591 -0.104611 0.364858 0.140520 -0.007072 -0.150380 -0.002711 0.075955 -0.260632 -0.264523 -0.089233 -0.170249 0.257241 -0.406851 0.297251 -0.067061 -0.032794 0.127659 -0.208792 0.123246 0.092989 -0.000385 0.400100 0.079348 -0.190235 0.031826 -0.186452 -0.176129 0.220188 -0.210329 0.001099 0.115877 0.017429 0.038960 -0.091692 0.146154 0.065311 -0.074814 0.232072 -0.045745 -0.072896 -0.265735 0.165337 -0.127397 -0.011144 -0.293774 -0.018234 0.038414 -0.110758 -0.134958 -0.009704 0.028075 0.127561 0.271173 -0.033653 -0.313351 -0.047297 -0.190786 -0.148418 -0.139826 -0.214028 0.347826 0.051048 0.156855 -0.345548 0.160642 -0.056555 -0.193602 0.162599 -0.055386 -0.058390 0.032921 -0.156483 0.154387 -0.158015 0.030682
-0.098857 -0.195173 -0.181711 -0.181666 -0.159918 -0.145424 0.019287 0.053418 0.221193 0.122578 -0.016414 -0.156717 0.117289 -0.032639 -0.061332 -0.283743 -0.033724 -0.026669 0.027931 0.187818 -0.024105 0.050867 0.046108 0.228100 -0.077151 -0.023436 -0.051422 0.022436 -0.002511 -0.019365 -0.000498 -0.018493 -0.113784 -0.065313 -0.329994 -0.050650 -0.111426 -0.196286 -0.220006 0.070808 -0.092725 -0.190672 -0.135092 -0.200946 -0.048162 -0.198300 -0.161045 -0.059170 -0.008942 -0.120578 0.059906 -0.015789 0.024003 -0.314821 0.175565 0.130637 0.103703 -0.396353 0.023020 0.138975 -0.170368 0.018391 0.005496 -0.071027 -0.043379 0.022454 -0.220408 0.018619 -0.406969 0.239826 0.037860 0.025122 -0.167281 0.042126 -0.012046 -0.045328 0.130805 -0.127578 0.141235 -0.022258 -0.143907 0.013677 -0.145966 -0.067284 0.092435 0.006397 -0.078830 0.156191 -0.176374 -0.433171 0.137324 0.005753 -0.247082 -0.137180 -0.068935 0.118871 -0.190422 0.235241 -0.005632 -0.110911 -0.049619 -0.270622 -0.143522 0.015870 0.068384 -0.040081 -0.042640 0.129184 -0.144013 0.185880 -0.411512 -0.067809 -0.228968 -0.237275 -0.025531 0.039313 -0.064745 -0.248043 0.048734 -0.035025 -0.128855 0.211124 -0.386344 -0.053703 -0.197197 0.103223 0.278315 -0.044000
-0.380826 0.233659 -0.028303 0.178266 0.097941 0.184426 0.028182 -0.329433 -0.139121 0.344899 0.099874 -0.095633 0.235267 0.315757 0.065364 0.295380 -0.107766 -0.031608 0.045143 -0.077466 0.213349 -0.249399 0.057986 -0.133114 0.023749 0.070873 0.169016 -0.548645 -0.074448 -0.217159 -0.179758 -0.002137 -0.214670 -0.038960 -0.200396 -0.351633 0.007537 0.129666 0.036731 0.291376 0.004591 0.200969 0.319702 -0.439365 -0.186733 -0.129701 -0.302942 0.170071 0.016776 -0.147214 0.176851 -0.152200 0.092980 -0.165743 0.191965 0.244970 -0.005059 0.100235 0.029380 -0.091221 -0.081838 -0.018398 -0.015539 0.017797 0.265958 0.019833 0.040684 -0.030146 -0.322912 0.012335 -0.188731 -0.204226 0.178460 0.041765 0.075861 0.345493 -0.231440 -0.091043 0.106893 -0.123614 -0.158547 -0.032732 0.001569 -0.058177 0.186758 -0.151868 0.080380 -0.161869 -0.049807 -0.191500 0.173848 -0.214140 -0.109044 0.214695 0.078713 0.347668 0.128576 -0.065941 -0.075977 0.261065 0.249484 -0.217806 -0.266822 -0.064792 0.188938 0.001928 -0.016536 -0.066975 -0.092707 -0.138272 -0.068241 0.010651 0.034529 -0.013615 0.015747 0.007238 -0.118998 -0.021449 -0.475205 -0.075323 -0.024424 -0.025719 -0.144032 -0.014744 0.015336 -0.018495 0.059188 0.155848
-0.091575 -0.112411 0.009410 0.222959 -0.472805 -0.180386 0.338732 0.224117 0.182592 0.404433 0.116501 -0.218022 0.016748 -0.106197 -0.174132 -0.209665 0.204179 -0.040945 -0.116442 0.163688 0.016964 0.176187 0.168603 0.091890 -0.023590 0.216109 -0.091205 0.164061 -0.070232 -0.263545 0.185717 0.055843 0.173601 0.044711 0.069114 -0.030601 0.165357 0.007446 -0.004418 0.055913 -0.057066 -0.210605 -0.234234 -0.061617 -0.173294 -0.021648 0.096200 0.213675 0.065996 0.046422 -0.259035 0.284021 0.306409 -0.060996 0.057774 -0.192859 -0.163684 0.037575 -0.271440 0.024712 0.056031 -0.038585 0.167452 0.198818 0.146073 -0.573580 -0.169920 0.018851 0.048496 0.319141 -0.078895 0.323434 -0.073289 -0.450163 0.080498 -0.179124 0.159111 -0.002262 -0.114103 -0.022889 -0.155127 0.455811 0.039521 -0.167295 0.147922 0.080025 -0.125262 0.255174 0.008962 -0.052891 -0.411229 -0.061464 -0.194844 -0.016004 -0.081003 -0.137871 0.119716 -0.153838 0.020564 0.055770 0.049462 0.099623 -0.244480 -0.067615 -0.062189 0.179602 -0.005047 0.031171 0.025767 -0.081617 -0.350852 -0.079101 0.029233 0.015572 -0.111336 -0.104401 -0.061279 -0.197729 0.017701 -0.179220 -0.144979 0.058134 -0.202556 -0.037380 0.080053 0.250379 -0.032326 -0.067780
0.249622 -0.355040 -0.051227 0.256556 -0.321755 -0.041416 0.063801 0.009878 -0.233241 0.118645 0.016943 0.259102 -0.183893 -0.237676 0.158531 -0.175671 0.047976 0.135816 0.082215 -0.308355 -0.283282 -0.090999 0.096090 -0.138844 -0.093247 -0.094215 0.084004 0.046314 -0.036798 -0.070516 0.196383 -0.248892 0.210128 0.016563 0.013147 -0.197608 0.195708 -0.353159 0.063598 -0.210844 0.011561 0.125841 -0.189741 0.075954 0.072705 0.035309 -0.120106 -0.079464 -0.101626 -0.133912 0.094119 -0.379186 0.036297 -0.069360 -0.287721 -0.249647 -0.005516 0.417671 -0.197191 -0.083597 -0.064266 -0.050462 -0.006653 0.039712 -0.097055 -0.069938 0.095241 -0.097083 0.290809 -0.164355 -0.343446 0.126385 0.190878 -0.202549 -0.279297 -0.097659 -0.007954 0.322021 0.000105 -0.098013 -0.135930 -0.195637 -0.165453 -0.044163 -0.424028 0.070359 0.177197 0.096642 0.006227 -0.051343 -0.143644 -0.039651 -0.373204 0.084922 -0.060379 -0.526710 0.038525 -0.120559 0.011322 0.050170 -0.213351 -0.178277 -0.231711 -0.034619 0.590308 -0.011978 0.065466 -0.166231 0.080854 -0.082073 -0.156812 0.012185 0.175481 0.324105 0.019047 -0.074479 -0.058625 0.099968 -0.259457 0.044556 0.032987 0.103777 -0.065788 -0.084550 0.002721 0.125409 -0.108034 -0.123333
0.076175 -0.169057 -0.020567 0.066751 -0.019505 0.158437 0.037650 -0.063369 -0.030553 0.068497 -0.228523 0.068764 -0.098857 0.084122 -0.075215 -0.326303 0.130306 -0.093551 -0.052407 -0.278145 0.020874 -0.106517 0.154769 -0.011655 0.148679 -0.395776 -0.025371 0.149200 -0.000189 -0.107206 -0.087448 -0.033993 0.114854 -0.152959 0.100674 -0.181534 0.033020 -0.064635 -0.094186 0.016068 -0.008983 -0.064255 0.032973 0.049407 -0.417126 -0.023024 -0.043767 -0.108532 0.140667 0.048464 0.058908 -0.285012 -0.024455 -0.445248 0.016257 -0.163735 0.112237 -0.247681 0.022030 0.007456 0.054857 0.115594 0.068486 -0.309891 -0.312187 0.129959 0.139337 -0.032919 -0.105782 -0.155190 -0.076042 -0.307842 -0.033002 -0.045444 -0.310894 -0.326067 -0.117734 0.219793 0.087432 -0.054811 -0.134640 0.071558 -0.135194 -0.186048 -0.074441 0.188946 0.016356 -0.177268 0.012211 0.044599 -0.427193 -0.065747 0.017665 -0.019069 0.136508 -0.067718 0.013270 -0.132849 -0.052514 -0.056392 0.034012 -0.057404 0.007293 -0.014099 0.236872 -0.090038 -0.068235 0.004847 0.000308 0.028206 -0.003778 -0.108728 -0.097872 0.034141 -0.107844 -0.243312 0.206924 -0.080212 0.106115 -0.227287 0.002001 0.026051 0.193844 -0.007362 -0.114689 -0.293491 0.103839 -0.139885
0.063318 -0.092782 -0.017331 0.145093 0.048759 0.033885 -0.259617 0.035991 0.032736 -0.152115 0.015159 0.073843 -0.257775 0.131610 0.277408 -0.149930 -0.333590 -0.289341 0.143417 -0.013814 -0.115444 -0.028713 -0.018106 0.095594 -0.026408 -0.161701 -0.190086 -0.051445 -0.036597 0.128691 -0.251136 0.176045 -0.049008 -0.009249 -0.043525 0.235799 0.065680 -0.071441 0.037769 -0.175951 -0.176354 -0.079161 -0.246965 0.087112 0.006779 -0.355534 -0.128990 0.084444 -0.050052 -0.098295 0.013202 0.162715 0.204406 -0.130005 0.106832 -0.006874 -0.000087 0.400024 -0.067518 0.063364 -0.138200 -0.076121 -0.072048 -0.011273 0.180722 -0.315361 0.183266 -0.119410 0.190630 -0.027503 0.071936 0.255780 -0.057588 0.071656 0.038100 -0.053458 -0.058749 0.113119 0.083569 -0.172789 0.017968 -0.128892 0.037921 0.174148 -0.096814 -0.134139 0.143312 0.136028 -0.025407 0.177289 -0.189082 0.267208 0.082218 0.105475 -0.075045 0.018055 -0.070862 -0.074465 0.046555 0.356701 0.083203 -0.184432 -0.257181 -0.011372 -0.074325 -0.167100 -0.114213 0.132149 0.105168 0.035002 0.236394 -0.103207 0.223270 -0.021397 0.156878 0.143898 -0.249591 -0.032385 -0.003028 -0.589438 -0.154766 0.095589 0.150547 0.018317 -0.078710 -0.056997 0.007619 0.215469
0.084704 0.212006 -0.203826 -0.080516 -0.099631 0.157089 0.143088 -0.146263 0.142847 0.056007 -0.222805 0.138895 0.065762 0.055694 0.054609 -0.067403 0.211286 0.175737 -0.207384 0.011062 -0.343116 -0.161307 -0.066625 -0.062794 -0.070962 -0.084299 -0.027702 -0.146669 0.026529 0.102266 0.067083 0.479353 0.065477 0.373253 0.063241 0.023081 -0.075491 -0.097017 0.034054 0.200906 0.006373 -0.196387 -0.173435 -0.092680 -0.352977 0.195306 -0.078468 -0.089388 0.093393 -0.105988 0.011512 -0.229298 -0.216652 0.023901 0.226289 0.251180 -0.114902 -0.022667 0.089177 -0.190683 -0.175700 0.123791 0.168336 -0.018451 0.053363 -0.006952 0.268515 -0.083674 -0.328102 0.002721 -0.228673 -0.058456 0.256134 -0.241935 -0.191907 0.318586 -0.022381 -0.074300 -0.023331 0.036592 -0.028793 -0.060232 0.035063 0.186297 -0.053395 -0.497730 -0.367759 -0.168704 -0.080313 -0.327375 0.051867 -0.151405 -0.142759 -0.234137 0.247668 -0.012447 -0.072096 0.099048 -0.074625 -0.049297 0.038167 -0.122521 -0.111831 0.022135 -0.169544 0.220759 0.028435 -0.213431 -0.034293 -0.215931 -0.175041 -0.001142 0.106993 0.169733 0.013776 -0.058118 0.163381 0.043604 0.005118 0.120882 -0.042512 0.095432 0.116026 -0.017648 -0.051994 0.001491 -0.128873 -0.149692
-0.082975 0.165677 0.034862 0.015649 0.007346 -0.043542 -0.045800 0.231454 0.105941 0.099197 -0.424427 0.309677 0.001922 -0.215535 0.027519 -0.221201 -0.113814 0.004733 0.045853 -0.132233 0.249646 0.044422 -0.264874 0.066002 -0.173686 0.024160 0.035192 0.160472 -0.050161 -0.224128 -0.273220 0.241301 0.080526 -0.149140 -0.154326 -0.076057 0.030543 -0.096507 -0.111858 -0.006080 -0.068614 0.320900 0.157170 0.146231 -0.118928 -0.115152 0.408821 -0.020028 0.183355 0.139765 0.001337 0.018376 0.059184 -0.176542 0.169430 0.171055 -0.228784 -0.105845 -0.040007 -0.158215 0.032733 0.140694 0.085583 0.113460 0.104712 0.083955 -0.122117 -0.016244 0.083756 -0.214145 0.041863 -0.208665 -0.157408 -0.410837 -0.333596 -0.013085 -0.297490 0.020488 0.084751 -0.174125 0.051549 0.011512 -0.142423 0.129235 -0.142777 0.233206 0.011891 0.008282 -0.137435 0.286140 -0.052291 -0.126593 0.089250 -0.143389 -0.077221 -0.033363 -0.228828 -0.064307 -0.123261 0.063555 0.022050 0.040900 0.027874 -0.087813 0.129327 0.123524 0.093876 0.227326 0.068180 0.330099 -0.068776 -0.025402 0.004086 0.082697 -0.106946 -0.085877 0.092137 0.082367 0.043100 -0.142221 -0.069273 0.006347 -0.064208 -0.055431 0.064136 0.111415 -0.020452 0.012294
0.009738 0.146346 -0.165837 -0.049545 -0.044531 -0.255216 -0.149835 -0.146705 -0.011623 0.099803 0.283412 -0.002141 -0.049113 -0.078527 -0.103668 0.017074 0.079346 0.159386 -0.181911 -0.165188 0.218785 -0.122027 0.031687 0.026869 0.083069 -0.029772 -0.176409 -0.268319 -0.014628 -0.139345 -0.184016 -0.399566 0.199891 0.063895 -0.059981 -0.248623 -0.264343 -0.141613 -0.013788 0.172332 0.016940 0.025002 0.117915 0.000756 0.019105 -0.211526 -0.006652 -0.104141 -0.204784 0.025504 0.080949 -0.183095 -0.134742 0.022361 -0.196602 -0.071035 0.037351 0.052487 -0.234782 -0.061949 -0.134101 0.170198 0.322570 0.161979 -0.025575 -0.157161 0.257242 -0.023721 0.065238 0.150723 -0.248443 0.296003 -0.041033 0.310157 0.032008 -0.115598 0.225730 -0.012496 -0.032017 -0.097577 -0.131554 0.302423 -0.175449 -0.178561 0.481243 0.198589 -0.221050 -0.052986 -0.135409 -0.234009 0.046539 0.124301 -0.115328 0.123874 0.057631 -0.123317 -0.032963 0.133598 0.039457 -0.045107 -0.293492 -0.068026 -0.300699 -0.092465 0.075307 0.214784 0.059394 0.118989 -0.094182 0.069788 0.040692 -0.014386 -0.160914 -0.029545 0.001485 -0.116657 -0.309666 -0.227927 -0.150551 0.024669 -0.158427 0.235123 0.119280 -0.040240 0.042943 -0.383624 -0.131443 -0.215486
0.088829 -0.097491 0.125199 -0.021410 0.079983 0.145465 0.115453 0.067684 -0.023777 0.335245 -0.380870 0.287726 0.100819 0.100392 0.142932 0.025046 0.077719 -0.230287 -0.034770 0.039635 0.220405 -0.272008 0.057862 0.052777 -0.054172 -0.128573 -0.048985 -0.108769 -0.019379 -0.159287 0.181174 0.154013 0.043881 0.045410 0.137590 -0.128621 0.351850 -0.141465 -0.248655 0.122779 -0.055317 -0.105468 0.174734 -0.127859 -0.026596 0.131319 0.022093 -0.106622 -0.040150 -0.311228 -0.225145 -0.392356 -0.230032 -0.086278 0.109272 0.074041 0.124472 0.249918 0.039628 -0.017126 0.133986 0.120441 0.067920 -0.129483 -0.183097 0.090488 -0.193721 -0.007774 -0.179389 0.036997 -0.007628 0.006286 0.059135 -0.100116 -0.065250 -0.058283 -0.123692 -0.009748 -0.070020 -0.077421 -0.086279 0.219856 0.210204 -0.020464 0.116626 -0.043919 0.061720 0.003415 -0.006226 0.188486 0.025162 0.116920 0.039049 0.188587 0.270703 0.021325 -0.083626 -0.044335 -0.028261 0.055473 -0.287978 -0.227485 0.100850 0.044424 0.059008 -0.018084 -0.052174 0.045272 -0.114016 -0.156879 0.021887 0.127446 0.094347 0.078865 -0.182621 -0.278139 -0.004378 -0.044864 0.220848 -0.098625 -0.062596 -0.177531 0.059430 -0.054136 -0.020614 0.064505 0.087765 0.201728
-0.122368 -0.037833 -0.038603 -0.114495 0.337497 -0.257798 -0.108449 -0.058786 0.075775 0.178502 0.118889 0.080482 0.121768 -0.049950 -0.007884 -0.201954 0.113489 -0.120120 -0.082162 0.143104 -0.062584 -0.092351 0.273224 0.007092 -0.007756 0.033090 0.090827 0.080220 -0.030309 -0.114741 0.150882 -0.050682 0.157841 0.033887 -0.058084 0.123574 0.202966 0.097001 0.048956 0.096126 0.045564 -0.358575 -0.372124 -0.099692 -0.154893 -0.321782 0.115172 0.236436 -0.185944 0.067010 -0.274132 -0.068461 0.049536 0.215772 0.076354 0.112249 -0.043475 -0.209519 0.084293 0.187699 -0.116194 0.109673 -0.017017 0.178749 -0.006824 -0.016549 -0.412407 -0.166437 -0.179300 0.387365 0.198344 0.047115 0.119326 0.131770 0.060858 -0.046717 0.086634 0.141025 -0.145135 -0.124623 -0.535654 0.287467 0.119303 -0.239288 -0.092507 0.266864 0.007813 0.165075 -0.017944 -0.065532 -0.071372 -0.015522 -0.164408 -0.006017 -0.166683 -0.044172 0.080436 -0.115064 0.067777 0.111572 0.198187 0.019660 -0.151621 -0.052987 0.085856 0.057751 -0.070076 0.000326 0.215991 -0.197885 -0.123410 -0.095942 -0.018100 0.077051 -0.212361 -0.019094 -0.161868 -0.098807 0.185484 -0.070030 -0.032626 -0.129109 -0.194365 -0.104091 -0.019931 -0.071540 -0.003258 -0.201227
-0.056402 -0.082416 -0.026281 -0.199389 0.095899 0.129504 -0.169048 -0.031201 -0.172097 0.062867 0.110574 0.336437 -0.206256 0.286319 -0.282708 0.084039 0.182183 0.105126 0.036679 0.238004 0.073929 -0.267219 -0.034619 0.084052 0.004162 0.121017 0.085579 0.207727 0.045169 0.011447 0.164425 -0.009955 0.035551 0.010368 0.173262 -0.130852 -0.054193 0.042046 -0.289822 0.078301 0.072059 0.043988 0.031520 0.112824 -0.104123 0.011462 -0.095828 0.031620 0.020850 -0.047136 -0.010076 0.282201 0.148825 -0.223801 -0.155018 -0.055931 0.054174 0.153181 0.079699 0.130933 0.016885 0.019860 0.096793 0.007818 -0.131087 0.018579 0.092983 -0.064729 0.227647 0.065932 0.198107 -0.102878 0.015022 0.311910 -0.014051 0.005495 0.179577 0.296812 0.084855 -0.073631 -0.373478 0.015777 -0.058181 0.020482 -0.145196 0.067168 0.065490 0.152111 0.011970 0.268961 0.045954 -0.044389 0.186755 -0.056105 -0.276767 -0.116920 0.182327 -0.243696 -0.118081 0.327828 -0.307590 0.224155 -0.023928 -0.011690 0.257300 -0.098426 0.043518 0.135623 0.290622 -0.228863 -0.275045 0.021829 -0.120932 -0.054983 -0.073125 -0.035203 -0.059028 -0.130092 0.240833 0.057669 0.041695 0.213059 -0.093103 -0.028447 -0.031538 -0.194664 0.375924 -0.117127
0.030507 0.016602 -0.038559 0.170481 -0.606926 -0.119524 0.024427 -0.006318 0.060741 0.194629 0.204394 -0.020434 0.212110 0.116846 0.013047 -0.262099 -0.063889 -0.056516 -0.009693 0.221059 -0.212299 0.078382 -0.246522 -0.000169 -0.088447 0.027787 -0.051181 0.089726 -0.113475 0.008845 0.070932 0.066823 -0.028703 0.064847 0.171940 -0.082484 -0.005204 -0.096568 0.050890 0.144225 -0.163169 -0.132796 -0.125056 0.059573 0.103138 -0.157051 0.047443 0.006838 0.136658 0.028023 -0.187700 -0.049411 0.221950 -0.037533 -0.002629 0.079399 -0.093349 -0.163843 -0.187522 -0.077250 0.028057 -0.103765 -0.005291 0.071373 0.129805 0.065494 -0.010072 0.086122 -0.102452 0.071845 0.134385 -0.441163 -0.065337 -0.146809 0.119535 0.035386 -0.084817 0.136483 -0.084643 0.189755 -0.240422 0.186083 0.081205 0.172753 0.015644 -0.191737 -0.153048 0.119735 -0.086331 0.154495 0.185700 -0.165007 -0.115079 0.042861 0.184523 0.153727 0.174088 -0.232074 -0.026522 -0.033452 -0.284189 0.140963 0.099404 0.058995 -0.277293 -0.268883 0.051820 -0.205257 0.106741 0.088051 0.030017 -0.042656 0.000982 0.005593 -0.013501 0.049703 0.092063 -0.016488 0.283627 -0.050320 -0.022190 0.027847 -0.184883 -0.019149 -0.008868 0.198714 -0.006039 0.036858
-0.312764 -0.428741 -0.069211 -0.004269 -0.167640 0.235416 -0.069140 -0.087339 0.030018 -0.251601 -0.193230 -0.027895 0.063881 0.022657 -0.128338 -0.065533 0.310222 0.002465 0.178200 -0.032439 -0.008591 -0.126595 0.249503 0.125194 -0.127990 -0.389217 -0.040345 0.232731 -0.036126 0.143019 0.082829 -0.216535 0.277423 -0.233598 -0.138121 -0.097632 0.209248 -0.379327 -0.057565 0.183025 -0.068643 0.188506 -0.230001 -0.075651 -0.085026 -0.089350 0.096926 0.182677 0.127011 -0.076486 0.193402 0.072735 0.025297 -0.023765 0.149757 -0.279495 0.076113 -0.022995 0.137935 0.154446 -0.444603 0.173704 0.135842 -0.160087 -0.123815 -0.134552 -0.312368 0.002993 -0.270701 -0.131846 -0.192419 -0.054969 0.219511 0.218446 0.267968 -0.365474 -0.132401 -0.133961 0.125572 -0.083113 -0.177957 0.021254 -0.255769 0.162799 0.192727 -0.212973 0.063711 0.043352 -0.005451 0.135839 -0.156867 -0.034982 -0.040031 0.306758 0.226157 0.125908 0.165586 -0.123672 0.005768 -0.047441 -0.476813 -0.172099 0.008026 0.046235 0.386334 -0.130928 -0.202461 -0.119898 0.076190 0.136686 -0.026838 -0.006443 -0.096198 -0.034584 0.002503 0.005815 0.220042 0.161399 0.193343 -0.052375 -0.262389 0.054893 0.100657 -0.101610 -0.003419 0.221102 0.060364 0.217968
0.220708 -0.066995 0.298187 0.089159 0.031577 -0.122834 0.171211 0.052516 0.383330 0.093816 -0.021295 0.169308 -0.136693 0.033758 0.064774 0.124107 -0.074789 -0.207854 0.124678 0.382431 0.192596 -0.240290 -0.091387 -0.123179 -0.100196 -0.342112 -0.117902 -0.028712 0.028734 -0.110818 0.193823 0.165766 -0.013315 0.242829 -0.089897 0.136455 -0.011034 0.130783 0.004830 0.208975 0.069503 -0.165376 0.126028 0.070562 0.130571 -0.076043 0.000532 0.122111 -0.218351 -0.043234 -0.065723 0.016103 0.168867 -0.271616 -0.126809 0.108826 -0.181216 -0.349358 -0.272162 -0.006154 -0.141497 0.194623 -0.094345 0.095118 0.081909 0.012181 0.157593 -0.030347 0.044388 -0.056331 -0.111092 0.156824 -0.037327 0.064438 0.236896 0.345702 0.199779 -0.074223 -0.074760 -0.077026 -0.224945 0.068918 0.126312 -0.114774 -0.144295 -0.068018 0.111435 0.225486 -0.017261 0.437734 0.011146 0.062229 -0.019989 -0.052420 0.179276 -0.030238 0.436083 -0.092790 -0.065835 -0.019919 -0.008098 0.219183 -0.242596 0.054132 -0.106682 0.037736 0.004695 0.049939 0.120991 -0.322609 -0.390765 -0.086990 0.051551 -0.264267 0.260661 -0.074800 0.053672 0.044154 -0.056479 -0.505106 0.038948 0.159997 -0.154777 0.053628 -0.053389 0.046745 0.054815 -0.174379
-0.245612 -0.006299 -0.016860 -0.022012 -0.244553 -0.193657 0.161335 0.043782 0.065208 -0.004252 -0.066672 0.276885 0.076606 -0.052970 0.038612 0.143892 0.192159 -0.086543 0.051693 -0.104893 -0.037645 0.270446 0.083887 0.180683 0.040636 0.032843 -0.093696 -0.345698 0.019230 -0.114282 0.129068 0.136596 -0.008770 -0.152630 -0.173064 0.015542 -0.261422 0.056661 -0.015961 0.143422 0.058291 0.089153 -0.204065 -0.080674 0.048526 0.234692 -0.224515 -0.071252 0.012725 0.039621 0.044484 -0.236612 -0.145984 0.014898 0.083595 0.001703 0.056608 -0.028113 -0.043521 0.132004 -0.007833 -0.120251 -0.140006 -0.090926 0.158945 0.078706 -0.107182 -0.072275 0.022212 0.082168 -0.236720 -0.383161 -0.016567 -0.184213 -0.194463 -0.026631 -0.138966 -0.219442 -0.117090 0.360597 -0.091154 0.173157 -0.237373 -0.137462 0.159734 0.145057 0.127253 -0.031004 -0.016174 -0.023309 0.239482 0.270635 -0.204354 0.206969 -0.020362 0.153616 0.036470 -0.102210 0.082336 0.186895 -0.145678 0.134016 -0.046819 -0.033464 0.016797 -0.301200 0.159885 0.203376 0.032029 0.159696 -0.024100 0.054293 0.009526 -0.155994 0.090977 -0.115896 -0.130932 -0.143213 -0.034757 0.050385 -0.088359 0.071817 0.008969 -0.009394 -0.101290 0.070236 -0.039581 0.055897
0.002898 0.115651 -0.029135 0.110201 -0.400788 -0.260456 -0.067428 0.170294 -0.015597 0.029814 -0.006317 -0.136785 -0.018701 0.082281 0.219138 0.087966 0.168066 -0.173619 0.084882 0.066898 -0.032072 0.207356 0.385559 0.224098 0.296299 0.038188 0.060498 -0.380495 -0.049821 0.027368 0.050475 -0.381076 0.304393 -0.006982 -0.109098 0.232436 0.122597 -0.083138 -0.247665 0.018819 -0.230346 0.096097 -0.141944 0.062028 0.247027 -0.082284 -0.030192 0.080999 -0.375481 -0.284567 0.220071 0.083371 -0.167385 -0.021962 -0.015769 -0.144805 -0.019896 0.273784 0.347869 -0.181860 0.185425 -0.509745 0.109561 0.176253 0.321680 -0.125503 0.270893 0.089539 0.269975 -0.079002 0.051764 0.000025 0.219861 -0.235202 -0.095886 0.155461 0.124224 0.182199 -0.036908 0.040927 -0.109510 0.247971 -0.203434 0.214819 0.050519 -0.141956 0.107825 0.319687 -0.008476 0.026382 0.034052 0.019709 -0.097278 -0.104427 0.177523 0.101090 0.317976 0.029288 0.032414 0.148631 -0.068695 -0.056340 0.067447 0.027603 0.421360 -0.213157 0.173760 0.204551 -0.015239 0.005341 0.045660 0.004710 -0.049845 0.115778 0.252070 -0.168364 -0.045532 -0.147936 -0.028254 0.356044 0.188109 0.109169 0.106490 0.026176 0.026620 0.139383 -0.290337 0.262265
0.266514 0.090144 -0.290390 -0.162744 0.122804 0.130481 0.165190 -0.274520 -0.082696 0.232371 -0.119081 0.207010 0.214904 0.246612 0.129658 0.044894 -0.028579 -0.025279 -0.084295 0.028902 0.198107 0.006177 0.014017 0.112005 -0.060058 -0.131682 -0.251065 -0.045899 -0.014126 0.048170 0.048201 0.167656 -0.252322 -0.052230 0.107112 -0.224814 -0.217194 0.032256 0.105648 -0.184841 -0.206179 -0.111909 0.290940 0.107981 0.011862 -0.304039 -0.124826 -0.093928 0.032672 -0.012860 -0.105056 -0.178793 -0.181875 0.072161 0.145289 -0.087595 0.099538 0.171828 0.030177 -0.237254 -0.210974 0.033603 -0.149927 -0.287053 -0.153618 0.197724 -0.019125 -0.107160 0.090577 0.041192 0.033187 -0.075751 0.236075 0.194116 0.085187 0.180207 -0.315874 -0.110461 -0.033392 -0.096791 -0.182741 0.004421 0.127505 0.117719 0.057354 0.073449 -0.045669 -0.133132 0.047757 0.065642 -0.025450 -0.006183 0.029881 0.120939 -0.068410 0.032218 0.022496 -0.057925 0.003281 -0.166010 -0.276531 0.028735 -0.114461 -0.021657 0.040953 -0.047132 0.108475 -0.203215 0.135028 0.107235 0.076897 -0.063618 0.024289 -0.073841 -0.252444 -0.018195 0.107832 0.023911 0.103221 0.060570 -0.272514 0.163103 -0.209570 0.015215 -0.090658 -0.130777 0.173795 0.058227
-0.002716 -0.150886 0.191026 -0.072472 -0.022081 -0.098309 -0.261815 -0.095973 0.061236 -0.187649 -0.075024 0.036402 0.006058 -0.183857 -0.160521 0.058162 -0.016258 -0.034747 0.122667 0.051596 -0.265079 0.024366 0.103119 0.132371 0.116314 0.102677 0.133060 0.244477 -0.030257 0.044756 0.010885 -0.336361 -0.098470 -0.151600 0.044132 -0.423455 -0.161812 0.026718 -0.146831 0.099229 0.219228 -0.267146 0.084070 0.036409 0.114368 -0.061448 -0.184492 -0.186022 -0.062050 -0.247181 0.052063 0.002908 0.205736 0.188316 -0.029841 0.027430 0.066284 -0.155307 -0.326577 -0.048792 0.067790 0.229689 0.072078 0.168103 -0.055980 -0.018336 -0.338460 -0.149542 -0.037478 -0.068542 -0.337256 -0.099781 0.129890 -0.116330 0.264367 0.116425 0.119506 0.211467 -0.134235 0.082467 0.086075 -0.069021 0.007187 0.091359 0.086830 0.009410 -0.286203 -0.184188 -0.082432 0.296449 0.140407 0.182840 -0.013183 -0.042544 0.293021 0.178568 0.159379 -0.221167 -0.102084 -0.071526 -0.023442 0.040367 -0.207905 0.004579 0.186050 0.050401 -0.084939 0.193230 0.021610 0.240856 -0.123879 -0.046354 -0.185150 -0.066430 0.322717 0.051630 -0.034803 -0.113007 -0.280511 0.001493 0.041546 -0.037067 -0.177082 -0.029540 -0.005845 0.006778 0.054168 -0.619798
-0.142602 0.189527 0.123302 0.124623 0.103365 -0.065340 -0.132223 0.126501 -0.024736 -0.054677 0.079835 -0.607285 0.113722 0.015539 0.195760 0.297953 0.031485 -0.191790 -0.027756 0.104946 -0.339282 0.238136 -0.052742 -0.127138 -0.027170 0.128736 -0.200026 -0.080412 -0.030204 0.047565 0.174314 -0.134495 0.282091 0.216932 0.005033 0.266221 0.285950 0.112091 -0.022029 -0.105172 -0.111074 -0.078034 -0.011882 -0.173803 0.061858 -0.024076 0.521925 -0.181190 -0.066507 -0.048789 0.172454 -0.066666 -0.045661 0.331949 -0.010481 -0.224888 -0.165397 -0.193102 -0.082017 0.064437 -0.084090 0.046650 -0.341176 0.022231 0.049847 0.237455 -0.068400 0.040178 0.233369 -0.069202 0.030408 -0.037212 -0.079710 -0.050102 -0.095698 -0.146586 0.101199 -0.011226 -0.031120 -0.151806 0.065114 0.062019 0.006586 -0.059824 0.321529 0.000133 0.006693 0.117923 -0.099851 -0.124144 0.012064 -0.213481 0.250001 -0.210274 -0.086500 0.033086 -0.001410 -0.065319 0.044682 -0.301718 -0.119269 0.050433 -0.090154 0.068047 -0.095909 -0.007276 -0.059915 -0.131238 0.008826 0.215993 0.345997 -0.078052 0.004780 0.177268 0.327302 0.059911 0.009350 0.177171 -0.084217 0.132842 -0.095983 0.035545 0.197148 0.029541 -0.087264 -0.022655 -0.039376 -0.061202
0.006684 -0.169472 -0.177792 -0.187953 -0.019839 0.061902 -0.192099 0.075985 -0.208529 -0.225839 0.170995 0.108498 0.008919 0.145199 -0.174678 0.152195 -0.108349 0.064830 -0.118731 0.016272 0.030688 -0.015117 0.070049 -0.027847 -0.025635 0.080199 0.060513 -0.081482 -0.120302 0.154412 -0.169391 -0.057498 -0.137660 -0.126104 -0.165336 0.105682 0.054259 -0.344531 0.013377 -0.246576 -0.214658 -0.079904 0.262154 0.046033 0.044701 0.073184 0.026926 0.013196 0.031649 0.055017 -0.157136 -0.194668 -0.044389 -0.180485 -0.147306 -0.018790 0.150744 0.060970 -0.065618 -0.302809 0.184099 0.081306 -0.151842 -0.015486 0.107493 0.122203 -0.078004 0.015601 -0.042922 -0.086631 0.015736 -0.165934 0.089408 0.223274 0.191220 0.102238 0.052745 0.102393 -0.057174 -0.219912 0.153988 0.122924 -0.145213 -0.208612 -0.117063 0.047862 0.103518 -0.184611 0.090840 0.123303 -0.069318 0.323514 0.127616 0.059870 -0.132615 -0.158223 -0.054108 -0.223066 -0.094081 -0.099303 -0.056672 0.096741 0.024529 -0.083855 0.179405 -0.079200 0.047017 0.040465 -0.027429 0.175564 0.146608 -0.026437 -0.086376 -0.028315 0.002308 -0.117770 -0.228397 -0.071363 0.003006 0.081754 0.208866 -0.185209 0.003723 -0.054852 -0.100496 0.238359 -0.288955 -0.219623
-0.146510 -0.125807 0.223889 0.052813 0.242257 -0.161475 -0.174979 -0.070795 -0.024745 -0.275427 -0.012404 0.020504 0.045750 -0.176611 -0.238367 -0.075056 -0.166332 0.125486 0.108559 -0.094195 0.011195 0.142857 0.135626 0.064449 0.283603 0.105422 -0.015551 -0.020965 -0.040426 0.099156 0.049469 -0.241606 0.237490 -0.216135 0.136828 -0.261671 0.038711 0.024806 0.163007 -0.055613 -0.034480 0.032372 0.248838 0.169597 -0.210333 -0.081435 0.060269 -0.066886 -0.139282 -0.089802 -0.014283 -0.201988 0.107457 -0.406030 0.015527 -0.011240 0.271804 -0.197231 -0.353049 -0.057032 0.215102 0.088509 0.114419 0.197713 0.194815 0.029865 -0.204308 -0.048219 0.122644 -0.310800 0.141819 -0.253500 -0.062877 0.111996 0.222123 0.024401 0.174330 -0.004650 0.006580 -0.265480 -0.053046 -0.102142 0.024056 -0.016211 -0.205222 0.174255 -0.081023 -0.122378 0.045020 0.071047 0.013567 0.103011 0.095922 0.086753 0.172244 0.035946 0.137375 0.014460 -0.008082 0.086486 -0.248174 0.014163 -0.026598 -0.000446 -0.037555 -0.206813 -0.264615 0.063383 -0.054690 0.169210 -0.143594 -0.173654 -0.069396 -0.236987 0.252071 -0.139046 -0.280907 -0.015265 -0.025240 0.141463 0.052779 -0.143025 -0.237937 0.064550 -0.067056 0.022558 -0.198049 -0.602011
0.082198 0.280581 0.145550 -0.056343 0.300078 0.011970 0.239368 -0.164343 0.014723 -0.069398 -0.344074 -0.083330 0.041678 -0.170836 0.026176 -0.013187 0.029796 0.091465 0.030854 0.201469 0.099443 0.181270 -0.029256 0.074275 0.104799 -0.000526 0.395714 -0.185133 0.039392 0.111421 0.128966 0.124357 0.119098 0.184106 -0.089679 0.029088 -0.016841 0.133409 0.287275 -0.211882 -0.090657 -0.120577 0.132340 0.109322 -0.090903 0.011433 -0.053290 -0.011191 0.076614 -0.012305 0.152983 -0.046582 0.117976 -0.002769 0.164494 0.216633 -0.156539 -0.027777 -0.049168 -0.123145 0.071274 -0.035329 -0.001853 0.118652 -0.115696 0.126127 -0.082678 0.035634 0.109937 -0.244909 -0.050394 -0.021313 -0.040841 -0.285045 0.075272 -0.067032 0.240561 0.037413 0.002853 -0.124723 0.075149 0.008019 -0.152856 -0.148849 0.193123 -0.036827 -0.221043 0.189456 -0.004355 0.137816 -0.207822 -0.052545 0.240541 0.129314 -0.022357 0.284277 -0.053295 0.163487 -0.093078 -0.191213 0.000983 0.254147 0.190393 -0.057978 0.101961 0.001079 -0.082585 0.170193 -0.046765 -0.185088 0.084361 -0.035061 0.034100 -0.041282 0.093564 -0.136580 -0.054566 0.092084 0.106954 0.238521 0.255908 0.163938 -0.033891 0.041112 -0.126320 -0.105234 -0.080718 -0.011810
-0.083778 -0.048308 -0.159679 -0.130475 -0.100213 0.274769 -0.178193 -0.117089 0.272147 0.140627 -0.051797 -0.094119 -0.410595 0.193698 -0.019057 -0.090519 -0.024440 0.175026 0.008917 0.148394 -0.152111 -0.360335 0.010361 -0.213641 -0.209916 -0.174487 -0.107370 0.224505 -0.098554 -0.106003 -0.078944 0.262680 0.244857 0.081780 -0.053801 0.162029 -0.095932 0.239869 0.106225 -0.286787 -0.045820 0.179862 0.177505 0.106388 0.081502 -0.219058 -0.185497 -0.201646 -0.123654 0.161852 0.167078 0.031698 0.179487 -0.013090 0.068506 0.104003 0.047101 -0.279850 -0.348103 -0.230651 -0.246486 0.242155 0.085370 -0.178011 -0.146264 -0.318121 -0.029279 -0.115130 -0.287062 0.241529 0.167920 0.110653 -0.075175 0.037615 -0.332784 0.117445 -0.102694 0.342575 -0.019361 0.063190 0.255180 0.064317 -0.018219 0.016779 0.094856 0.069925 0.019334 -0.068946 -0.009331 -0.033848 -0.430617 -0.043024 0.107738 -0.553102 -0.172424 -0.174180 0.020008 -0.019536 -0.054723 -0.210024 0.270168 0.265417 -0.092090 0.051112 -0.060673 -0.132707 -0.051802 -0.247151 0.036201 -0.071900 0.041750 -0.012659 -0.004025 -0.092901 -0.024778 0.138607 0.145966 0.358843 0.144937 0.115439 0.283900 -0.755304 0.124962 0.021860 0.008818 0.031990 0.164712 -0.041933
-0.008607 -0.013546 -0.056870 -0.018350 0.041879 -0.043570 -0.089253 0.057383 0.046680 -0.239817 -0.159235 0.070673 0.024284 -0.048921 0.355147 -0.051087 -0.080825 -0.024506 -0.072760 -0.264670 0.008506 0.147183 0.047022 0.017495 -0.086578 -0.105785 0.201194 -0.031472 -0.026848 0.065092 -0.093471 0.077932 -0.131436 0.117843 -0.068163 0.105221 0.060110 -0.233387 -0.026563 -0.125900 0.098399 -0.289114 -0.035131 0.078990 0.010801 0.035546 0.095598 -0.283573 -0.018249 0.079124 -0.277828 0.070097 -0.037984 -0.031783 0.116179 -0.187835 0.008516 -0.028983 -0.122865 0.006713 0.019743 -0.002873 0.005374 0.124718 0.145550 -0.015273 0.033665 -0.001760 0.096249 -0.348253 -0.086901 -0.141322 0.156436 -0.101306 -0.257983 -0.153849 -0.132558 0.179979 -0.021613 -0.052331 -0.019188 -0.260544 -0.152506 0.003851 0.123394 -0.063153 -0.054622 0.136276 -0.061253 0.145052 -0.235562 0.176899 0.069370 0.313409 0.084884 -0.070492 0.072384 -0.176364 -0.043151 -0.200007 0.082026 0.286809 0.052923 0.030947 -0.100202 0.076582 0.137177 -0.162358 0.034801 0.038302 0.181198 -0.069244 0.115049 -0.192138 0.262091 0.048930 -0.263828 -0.006940 -0.042837 -0.230210 0.174786 -0.091303 0.002897 -0.075278 -0.014810 0.048131 -0.218596 -0.277235
0.082308 -0.024130 0.270120 -0.129582 -0.177759 0.067326 0.263298 0.170898 -0.071872 -0.132869 -0.283796 0.150833 0.127401 -0.162046 0.046770 0.015761 0.137275 -0.059376 -0.196647 0.090745 0.258202 0.223141 0.205630 0.061513 0.178073 0.126764 0.269069 -0.082143 0.038549 -0.086558 0.305683 -0.028217 0.061042 -0.283917 -0.083394 0.056363 -0.205054 -0.111712 -0.181078 -0.229792 -0.050042 -0.087472 0.232869 0.081981 -0.006948 -0.063360 -0.073238 -0.266690 -0.054381 0.124480 0.157218 0.308170 0.199867 0.280927 0.104144 -0.167249 0.148069 -0.025815 -0.042805 0.165858 0.092250 0.285999 0.369933 -0.001302 -0.090458 -0.124817 -0.111790 0.080270 0.158471 0.183076 0.009607 0.116630 -0.169195 0.034599 0.116459 -0.026208 0.317464 0.253235 -0.138184 0.171656 0.089273 0.036103 -0.133855 0.124059 0.026469 -0.169796 0.004846 0.115400 0.022116 0.191780 -0.319301 0.007871 0.203441 -0.148753 0.078507 -0.015030 0.024374 0.007583 -0.035214 0.143711 -0.241267 0.381507 -0.100303 -0.018117 0.197089 0.263110 0.107837 0.061433 0.070569 -0.009091 -0.020825 -0.049607 -0.057172 -0.065552 -0.113983 -0.021421 0.046241 0.102283 0.121066 -0.024453 0.015868 -0.062009 -0.012968 -0.005123 -0.075823 -0.088118 -0.269719 -0.131116
0.122892 -0.105384 0.200237 0.028416 0.044847 0.184784 -0.060796 -0.091347 -0.469498 0.075089 0.136545 0.019423 0.221764 0.169338 0.112300 0.065890 0.223934 0.074682 0.218318 -0.010110 0.028384 0.072810 0.187412 -0.343071 0.129546 0.030875 0.148256 -0.256390 -0.019075 -0.162752 0.046941 -0.528985 -0.174551 -0.075141 -0.070998 0.032649 -0.316195 -0.026365 0.112116 0.001573 -0.137815 -0.062879 0.367557 -0.419204 -0.543681 -0.328901 -0.179922 0.000176 0.038900 -0.007623 -0.067524 -0.311701 0.193839 -0.057173 0.151288 -0.047455 -0.191807 0.109864 -0.317827 0.184697 0.133438 0.080704 0.162133 0.133087 -0.084058 0.121075 -0.473652 -0.020237 0.168033 -0.079151 0.181919 -0.017439 0.234044 0.147549 -0.004773 -0.119531 0.179792 -0.043227 0.034093 -0.293944 -0.234435 -0.269631 -0.101208 -0.088899 -0.068915 0.093808 0.094730 -0.213769 -0.035346 0.160228 -0.001826 -0.034627 0.202700 0.058145 -0.079603 0.180085 -0.035154 0.173897 -0.060922 0.026975 -0.322830 0.165422 -0.068102 0.000771 0.016612 0.061217 0.130210 0.041901 0.237998 0.183544 0.104452 0.056978 -0.302270 -0.280517 -0.140000 -0.047871 -0.110776 0.075935 -0.272521 0.296468 0.167619 0.056186 0.015682 -0.043028 -0.138193 -0.296356 -0.023936 -0.110705
-0.247173 0.199404 0.038533 0.063474 -0.000410 0.187361 -0.151229 -0.005277 -0.037754 -0.093884 -0.232890 0.270774 0.207414 0.103602 -0.052611 0.102964 0.046398 0.070732 0.114203 0.077938 0.330016 0.031323 0.092778 -0.100550 -0.192283 0.022282 0.037246 0.011230 0.031113 0.039315 -0.295521 -0.167883 -0.030300 0.077590 -0.070613 -0.367027 -0.312288 -0.239283 0.014971 -0.199245 -0.077296 -0.045978 0.174996 0.231056 -0.158290 0.056965 0.155887 -0.066249 0.156503 0.170439 -0.081038 -0.066592 -0.064291 -0.104933 -0.055758 0.011856 -0.096270 0.139218 0.116775 -0.024137 0.033820 -0.121343 -0.141114 -0.145418 -0.021694 0.308243 -0.357973 0.060726 0.000341 0.046114 -0.054346 -0.123005 -0.318870 0.048514 -0.015270 -0.091596 0.173843 -0.100199 0.066013 0.002028 0.215530 0.079441 -0.026681 -0.016030 -0.057009 -0.031649 0.053025 -0.100557 -0.016363 0.106493 -0.021792 -0.017286 0.114001 0.037620 -0.073235 0.104789 -0.035470 -0.152460 0.094458 -0.052918 0.005524 -0.114822 0.170525 -0.079796 0.254994 0.007290 -0.099218 0.111787 0.038463 0.008399 -0.177406 -0.050626 -0.016237 0.178655 -0.276834 -0.251396 0.199380 0.243448 0.099977 -0.068205 0.092592 0.291604 0.099779 0.118248 0.017961 0.025093 0.056804 0.147658
-0.041582 0.124979 0.367067 -0.105215 0.165785 0.305051 -0.119494 0.031477 -0.077073 0.138322 -0.151229 0.258500 -0.010993 -0.014133 0.226886 0.252588 0.086537 -0.095598 -0.053099 -0.259800 0.083950 0.254455 0.153932 -0.269760 0.100317 0.007158 0.177376 -0.097947 0.054827 -0.041582 -0.307813 0.002195 0.018295 -0.007073 -0.155738 -0.189154 -0.076360 0.038244 -0.230409 -0.195816 0.000116 -0.095892 0.002463 0.159753 -0.163404 0.028746 -0.061254 0.049738 0.299283 0.223727 -0.125989 0.139205 -0.097515 -0.100221 -0.010742 0.233485 0.000311 0.079707 0.279975 0.073986 -0.064199 0.144472 0.099195 0.001550 0.077524 0.099052 -0.265365 -0.077657 -0.267959 -0.009650 -0.043570 0.164579 -0.133666 0.272658 0.173937 -0.148315 0.038366 -0.252199 -0.039483 -0.025921 0.471104 0.149511 0.010489 -0.069502 0.090346 -0.056640 -0.117342 -0.332617 -0.047082 0.030856 -0.034959 0.046323 0.172410 0.081526 0.147770 -0.073484 0.055158 -0.065706 -0.078374 -0.045548 0.130939 -0.032189 0.265174 0.007716 0.073566 0.122968 0.057524 0.133579 -0.281880 0.174204 -0.061214 0.010047 0.020794 0.244958 -0.408987 -0.304643 0.130884 0.165455 0.150457 -0.152638 -0.013963 0.101200 0.065149 0.016563 -0.033091 -0.193547 -0.022722 -0.089149
0.000277 -0.026467 0.131551 -0.112956 -0.277496 0.252687 -0.261586 0.081210 0.048893 0.169962 -0.166618 0.014726 -0.077581 0.027554 0.196016 0.286460 -0.033034 -0.105916 0.053479 -0.043959 -0.165005 -0.009074 0.148634 0.004487 -0.006583 -0.059137 -0.129261 0.131063 0.053006 -0.114490 -0.015292 -0.455901 -0.066945 -0.314188 -0.104158 -0.090932 0.113293 0.458765 -0.230976 -0.019554 -0.243754 -0.132048 0.042587 0.012254 -0.192103 0.236592 -0.431732 -0.150103 -0.018444 0.188007 -0.036806 -0.104183 0.008713 -0.108082 -0.140224 0.201736 0.041535 -0.244205 0.008825 -0.158929 0.110184 0.222597 0.058173 -0.064458 0.088376 -0.160434 0.041526 0.015987 -0.151466 -0.137739 0.006739 -0.015997 0.170826 0.052893 -0.012313 -0.231470 -0.021804 -0.177195 -0.182352 -0.205213 0.249154 0.019920 -0.051729 -0.204622 -0.107582 -0.004090 0.075216 -0.053933 -0.018069 -0.053065 -0.219958 -0.060907 0.180579 -0.004234 0.122437 0.033560 0.088526 0.023082 -0.030784 0.076678 0.097715 0.129018 0.176674 -0.043098 0.062301 -0.084470 -0.205128 0.110830 -0.160332 -0.030997 -0.156675 -0.028728 -0.106037 0.185242 -0.280488 -0.325576 0.134397 0.178040 0.122182 0.154449 0.214814 -0.515645 -0.086153 0.009243 -0.085726 0.076588 -0.078786 -0.068077
0.191269 -0.019617 0.029104 -0.065542 0.250609 -0.007344 -0.090422 -0.040004 -0.095855 0.079315 -0.060902 -0.141893 0.001945 0.051124 0.240890 0.295806 0.086038 -0.190652 -0.388020 0.155391 0.040118 -0.228413 -0.189570 0.065494 -0.102053 -0.236560 -0.307008 -0.077153 -0.075043 -0.042392 -0.007147 0.108057 0.054362 -0.060433 -0.150152 0.325157 -0.477113 0.272142 -0.159787 -0.148500 0.011401 -0.335160 -0.065188 0.055811 -0.054317 0.097628 -0.047904 0.221209 0.003218 0.059603 0.039546 -0.077799 -0.439116 0.207674 0.036487 -0.156403 -0.042606 -0.114520 0.374845 0.317899 0.041347 -0.238949 -0.129132 -0.256117 -0.084093 -0.015075 0.019036 -0.060947 -0.025609 0.002837 0.012946 0.102207 -0.070458 -0.292777 -0.244716 -0.019136 0.020644 0.052185 0.134924 -0.144792 -0.060607 0.047255 -0.051268 0.009693 0.142815 0.108928 -0.245722 0.142124 -0.023235 -0.291572 0.235731 -0.117505 0.101208 -0.167050 0.053036 0.159139 0.096833 0.222945 -0.032044 0.056199 -0.043940 0.021917 0.099268 -0.006890 0.003925 -0.126722 0.014689 0.019267 -0.006638 -0.140708 0.133005 -0.063916 -0.178465 0.070119 0.068432 -0.130306 0.131426 -0.047632 0.125026 0.209397 -0.086164 0.057472 0.093882 -0.049945 -0.054977 0.127038 0.036163 0.264130
-0.078547 0.096726 -0.008162 0.031188 0.116350 -0.176769 0.088286 -0.154382 0.077711 0.283829 -0.050373 -0.352174 -0.216506 -0.393225 0.170760 0.024695 -0.020777 0.207459 -0.194302 0.009710 0.035988 -0.038397 0.003757 0.254074 -0.144492 0.080178 0.038300 -0.092323 -0.067883 0.086509 -0.011082 0.096919 0.148907 0.093992 -0.233573 0.303093 -0.047714 0.043604 -0.049533 -0.073568 0.016169 -0.082693 -0.243006 -0.133571 -0.162017 0.048022 0.106971 0.052396 -0.048789 -0.015265 -0.019991 -0.177486 -0.158430 0.303366 0.084263 -0.071211 0.023208 -0.072848 0.124093 0.149265 -0.102464 0.036736 0.017118 -0.054038 0.007710 -0.288609 0.180126 -0.063776 0.151408 -0.029336 0.002142 -0.007339 0.079506 -0.223012 0.069034 -0.268791 -0.016631 -0.069163 0.195512 -0.196668 0.070800 -0.045220 -0.114120 -0.137516 0.068551 0.304490 -0.331712 0.117278 -0.111908 -0.459899 -0.093493 -0.025675 -0.184390 -0.123528 0.020964 -0.026306 -0.046370 -0.100098 -0.055569 0.072642 -0.283008 0.047343 0.024544 -0.107874 0.199285 -0.065268 0.044348 0.037613 -0.119343 -0.201582 0.241121 -0.109115 -0.077928 0.161325 0.164119 0.124735 0.121811 -0.156771 -0.021869 0.266296 0.004293 -0.215318 0.081373 0.041704 0.029455 0.086975 -0.155480 -0.117944
0.136172 0.070303 0.244137 0.045520 0.021741 0.034858 -0.091482 -0.172467 0.084287 0.096575 -0.076369 0.099863 -0.167559 -0.663793 0.131118 -0.103908 0.094213 -0.066748 -0.281672 -0.198092 0.071946 -0.034701 -0.065654 -0.009964 -0.162142 0.173595 -0.193782 -0.065278 -0.047726 0.012779 -0.322317 0.313190 0.237758 -0.069670 -0.001794 0.300103 -0.063807 -0.180011 -0.319792 0.080649 0.180598 -0.103869 -0.122522 0.036078 -0.182143 0.067252 0.075698 0.227193 -0.179549 0.012351 -0.093634 0.244033 -0.118687 -0.113340 0.099074 0.028259 0.035662 -0.028677 0.076533 0.018650 -0.269335 0.182635 -0.032453 -0.074452 -0.016095 -0.135112 0.136400 0.029218 -0.185748 0.082482 -0.152403 -0.018648 -0.061435 -0.036891 -0.142173 -0.171569 -0.001514 0.142106 -0.002337 0.052628 0.166686 0.011473 0.108137 -0.069607 0.042464 -0.241205 0.023227 0.049041 -0.027206 -0.101482 0.028838 0.044165 0.268145 -0.430220 0.063382 -0.043469 -0.082279 0.272128 0.069073 0.137662 -0.343469 -0.118789 0.041601 -0.045726 -0.023919 -0.052684 -0.109279 0.092237 -0.116685 -0.148712 -0.006513 -0.104888 0.159341 0.327138 -0.008418 -0.032059 -0.276282 -0.192446 -0.113100 -0.307196 0.074139 -0.161433 -0.004032 -0.010008 0.009923 0.271370 0.046931 0.052915
0.152846 -0.268289 0.135587 -0.062364 0.023615 -0.077603 -0.039068 -0.010249 -0.133005 0.065278 -0.142441 -0.382703 -0.201924 -0.140870 -0.024707 0.154967 0.013385 -0.016170 -0.065120 -0.473887 -0.224252 0.077035 -0.140879 0.124513 -0.124654 -0.063787 -0.120980 -0.265632 -0.071696 0.184054 0.075802 0.229477 0.080103 -0.109679 0.079531 0.283829 0.027894 -0.031593 -0.173224 -0.161397 -0.042379 -0.421275 0.042216 0.049516 -0.149243 0.038136 -0.092485 0.056654 -0.352670 -0.052877 -0.249458 -0.393188 -0.222058 0.284646 0.026760 -0.202942 0.149516 -0.055139 0.060619 0.166057 -0.055470 -0.074199 0.026763 -0.036232 -0.110370 -0.054349 0.141496 0.067112 -0.038464 -0.130518 0.005630 0.022570 -0.123995 0.027264 0.266777 -0.053462 -0.156683 -0.051764 -0.041600 -0.403982 -0.025532 -0.073010 0.167434 -0.054722 0.152271 -0.064205 -0.659429 0.049766 -0.016695 -0.238565 0.212348 -0.163615 0.093971 -0.008155 0.040171 -0.020514 0.259893 0.201032 -0.063084 0.024886 -0.073247 -0.050007 0.132878 -0.000441 0.010841 -0.025829 -0.052862 0.173821 -0.408154 -0.096436 0.160317 0.008139 0.014411 -0.231808 0.313461 0.038806 -0.024519 -0.143639 -0.227344 -0.098494 -0.140750 -0.181084 0.251529 0.029118 -0.071740 0.133190 0.040548 -0.266850
-0.162368 0.227192 0.159840 0.035443 -0.000251 0.296104 -0.260720 0.170424 0.075011 -0.010060 -0.265591 0.029546 -0.060673 -0.075229 0.078491 -0.013142 -0.111207 0.088803 -0.038076 0.053272 -0.029875 0.353217 -0.331983 -0.218876 0.083107 -0.029904 -0.105011 -0.048343 0.018823 -0.095622 -0.058175 -0.029657 -0.028316 -0.248032 -0.090434 0.042630 -0.068077 -0.149070 -0.219983 -0.226135 0.003921 -0.069394 0.061745 -0.227782 0.173391 0.042603 0.180465 0.124640 -0.021303 0.093769 -0.227839 0.115707 -0.138162 0.027852 0.074915 0.205915 -0.281554 -0.306326 -0.316798 0.027273 -0.103108 0.161164 -0.049250 -0.204833 0.203081 0.046457 -0.449534 -0.019710 -0.032870 0.013632 0.119412 0.080901 -0.762116 0.005219 -0.335567 0.033723 0.278896 0.155075 -0.263911 -0.175683 0.467893 0.121404 0.089723 0.042567 0.039685 0.131789 -0.037794 -0.102361 -0.084577 0.046082 0.053649 -0.304345 0.275622 -0.046399 -0.051942 0.021714 0.181472 -0.106827 -0.037253 -0.218299 0.011812 0.315616 0.201941 0.012530 -0.032647 -0.036143 0.121963 0.103581 -0.170111 0.017549 -0.039535 -0.031890 -0.006817 -0.146433 -0.118893 -0.260372 0.012104 0.212786 -0.090840 0.038009 0.145729 -0.101419 0.139145 -0.093196 0.014721 -0.084843 -0.079182 -0.206378
-0.136505 0.119327 0.154248 0.026071 -0.095614 0.046534 -0.101244 0.169588 0.023349 -0.007340 0.030552 0.132853 -0.235911 -0.322590 0.110153 0.162946 -0.120332 -0.020698 -0.078153 -0.391382 -0.092368 0.117397 -0.143233 -0.115257 -0.200565 -0.134202 -0.138800 0.200964 0.057137 0.252628 -0.057674 -0.126880 0.015110 0.148188 -0.110104 0.067904 -0.029727 -0.182013 0.025881 -0.552988 -0.050498 -0.013435 -0.014018 -0.063899 0.239585 -0.216169 0.296032 -0.035897 -0.111055 0.046989 -0.026720 0.060697 0.187946 -0.391060 -0.068238 0.003078 0.064194 0.105646 -0.114613 -0.083038 0.137289 -0.056872 0.171894 0.037161 -0.021081 0.015929 -0.127788 -0.052462 0.181867 -0.203924 -0.076920 0.225854 0.047502 -0.036870 -0.183675 -0.047689 -0.006012 0.217698 -0.062844 -0.036391 0.182357 -0.110989 0.092895 0.276843 -0.061926 0.051635 -0.082856 0.162715 -0.007597 0.234999 -0.108895 -0.011855 -0.142485 0.029561 0.028429 -0.142575 -0.003505 -0.352566 0.040452 -0.012127 -0.178803 0.032482 -0.048865 -0.090774 0.082696 -0.012893 0.037745 0.008517 -0.019281 -0.045409 0.025796 -0.027403 0.135631 0.191854 0.126211 0.089733 0.163933 0.210659 0.140925 0.174711 0.083666 -0.237125 -0.001601 -0.041975 -0.126793 -0.020051 -0.010822 -0.023039
0.016748 -0.042700 0.315146 -0.098368 0.398335 0.024440 -0.257533 -0.211807 0.029830 0.089590 -0.060111 0.020963 -0.288102 -0.127539 -0.172693 -0.056798 0.266693 0.105342 -0.211243 -0.042662 -0.265683 0.047736 -0.002597 0.109250 0.031499 0.062237 -0.042640 0.217034 -0.049108 -0.015497 0.100181 0.099682 0.182016 0.076197 -0.072403 0.208767 -0.082080 0.109163 0.093102 0.099296 -0.100015 -0.453423 -0.210891 0.112628 -0.260631 0.088695 0.086900 0.239944 -0.035483 0.065640 -0.219858 0.011368 -0.088767 0.010830 -0.093347 -0.112301 -0.103803 -0.217742 0.150872 -0.011596 -0.004981 0.078125 -0.126608 -0.029491 0.034809 -0.163198 -0.490135 -0.023008 0.091071 -0.001414 0.275211 -0.119975 0.146591 -0.372001 0.032003 0.205079 0.162799 0.073024 -0.062227 0.013549 -0.378900 0.192150 0.287682 -0.034802 -0.610241 0.269306 0.034074 0.084991 -0.083896 0.067291 -0.105866 -0.484364 -0.041480 -0.023776 0.053375 -0.096883 0.091157 -0.266790 -0.031246 -0.001041 -0.229007 -0.027444 0.097801 0.010949 -0.001286 -0.067807 -0.146711 -0.170320 0.329602 -0.121049 0.057184 -0.033490 0.035932 0.061844 -0.319979 -0.100441 0.163917 -0.187392 -0.129910 0.059847 0.003989 -0.133831 -0.113287 -0.043286 0.020977 0.044628 0.032412 -0.256169
-0.129530 0.183008 -0.116054 -0.217901 0.290791 0.043393 0.284480 -0.007687 0.286238 0.255999 0.061356 -0.017167 -0.066279 -0.020776 0.051973 -0.065518 -0.099215 0.019005 -0.129165 0.173348 -0.102213 0.126289 -0.179546 -0.085396 -0.160278 0.198761 0.047421 -0.049713 -0.015872 -0.227728 0.089202 0.259854 0.007009 0.014804 -0.077136 0.314512 -0.031544 0.107834 0.106903 0.075259 0.009810 0.015205 -0.136726 -0.209412 -0.432581 0.117520 -0.147753 0.194683 0.222473 0.204912 -0.164097 0.028136 -0.014384 -0.103924 0.061575 -0.015514 -0.349194 -0.163786 -0.051997 0.167139 -0.308279 -0.123252 0.126477 -0.075400 0.319234 -0.328001 -0.049647 -0.050154 0.417028 0.258314 0.149395 0.198504 -0.097288 -0.121604 -0.394311 0.007177 -0.177388 -0.037417 0.110520 -0.218652 -0.040850 0.295924 0.102690 -0.128273 -0.207665 0.067653 -0.082976 0.340530 0.073142 -0.070593 -0.086386 -0.163432 -0.086617 0.049389 -0.155465 -0.020159 -0.209835 -0.112259 0.036737 0.181994 -0.170302 -0.040336 0.096317 -0.042272 -0.061771 -0.055066 -0.124813 -0.388259 0.135476 -0.406631 -0.139106 -0.037091 -0.106031 0.023687 -0.501647 -0.107294 0.036078 0.006167 -0.141432 -0.191975 -0.110599 0.033372 -0.062115 -0.040434 -0.002585 0.137279 -0.059974 -0.236135
0.211160 -0.144199 0.349061 0.073883 0.179113 -0.184071 0.261392 -0.152174 -0.449398 -0.127464 0.003843 0.073984 -0.117144 -0.181484 -0.192761 -0.263477 0.241732 0.066437 0.033207 -0.146401 0.090180 0.181600 0.032573 0.141210 0.255750 0.204231 0.281907 -0.072906 -0.033097 -0.120743 -0.183796 -0.138938 0.154924 0.139229 -0.115005 -0.080942 0.090184 0.059549 0.265858 -0.063520 0.057510 0.001547 0.199181 -0.038631 -0.052886 -0.212291 0.079868 0.130217 -0.133183 -0.062558 -0.089329 0.062172 0.020969 -0.078178 0.213753 0.140475 -0.089599 0.204736 -0.082216 0.225654 0.214485 -0.117059 -0.102093 -0.067201 0.215364 0.048341 -0.373535 0.059419 -0.333412 0.084865 0.220692 0.136757 -0.115452 0.092584 0.155200 -0.008703 0.153227 0.020112 0.048704 -0.264770 -0.062597 -0.101535 0.013912 -0.221607 0.080825 0.219671 -0.042246 -0.168286 0.025339 -0.029638 -0.039241 0.013712 0.111276 -0.041706 -0.138527 0.044616 0.069607 0.034543 -0.018225 0.027313 -0.224133 0.126898 0.106400 0.046273 -0.089584 -0.079590 0.048698 0.100880 -0.049229 0.221545 -0.048063 -0.062172 0.033906 -0.058789 -0.307681 -0.165065 0.101663 0.040985 -0.051533 0.042462 0.002383 -0.143940 -0.055300 -0.029983 -0.007331 0.074770 0.073867 -0.108275
0.099738 0.105945 -0.129768 -0.020006 -0.017805 0.021545 -0.065045 0.042857 0.062822 0.048380 0.078637 -0.373765 -0.201645 0.031759 -0.331215 0.160213 -0.025265 0.241541 -0.333341 0.099635 0.091600 -0.043354 0.002392 0.038960 -0.058281 0.232848 0.001878 -0.017105 -0.050914 -0.030957 0.140891 0.259471 0.379014 0.056408 0.193363 0.093312 0.038440 0.030939 -0.004592 0.048054 -0.077399 -0.020986 0.055374 0.049521 -0.187869 0.092329 0.035381 0.106223 -0.074834 0.265429 -0.321799 0.251916 0.060231 -0.139203 0.048473 -0.056506 -0.072520 0.127805 -0.185251 -0.251355 -0.157840 -0.034918 0.182931 -0.120712 0.028532 -0.082392 -0.201994 -0.124039 0.193354 -0.020117 -0.056441 -0.174746 -0.383631 -0.112204 -0.000493 -0.004644 0.238743 0.140745 0.001416 -0.049404 0.221836 0.078185 -0.010931 0.101359 0.105635 -0.056961 -0.090121 0.091219 -0.099533 0.017437 0.180311 -0.140527 0.128157 -0.324333 0.254118 0.053255 -0.004191 0.032970 -0.044371 0.045027 -0.242982 0.027632 0.127622 0.052582 -0.002697 0.251026 -0.069244 0.095116 -0.289432 -0.151658 -0.002984 -0.030143 0.063331 0.085066 0.060387 0.064584 0.192962 0.038958 0.394244 -0.094557 0.293476 0.061156 0.176385 0.012736 -0.144653 0.186305 -0.088050 0.136412
0.041532 0.024645 0.328192 -0.161455 -0.003011 -0.163792 -0.017139 -0.031399 -0.092032 -0.119797 -0.136307 0.070979 -0.244498 -0.291460 -0.293587 -0.053230 -0.144227 0.136197 0.144318 -0.259014 0.387140 0.092883 0.002207 -0.016244 0.049466 -0.135467 0.339622 -0.144215 -0.031616 -0.054391 0.085351 -0.070485 -0.075721 -0.154919 0.199707 -0.227772 -0.114847 0.057722 0.303913 0.297424 -0.140581 -0.257732 -0.070740 0.275418 0.099130 -0.080851 -0.097045 -0.006296 -0.205207 0.298139 0.046898 0.180293 0.293224 -0.035298 -0.057255 0.157895 -0.114149 -0.095779 -0.309862 0.120673 -0.126510 0.014571 0.180874 0.135824 0.172283 -0.382415 -0.371684 -0.060877 -0.068145 0.119754 -0.117270 0.087813 -0.340321 0.072792 -0.025889 0.093165 -0.092226 -0.081680 -0.140275 0.155077 -0.091677 0.067827 -0.049973 -0.227579 0.207169 -0.053891 0.016745 0.071983 -0.063932 -0.120115 0.012787 0.140011 0.160478 0.113544 -0.002216 -0.111942 -0.017408 -0.096155 -0.038523 0.146537 -0.087946 -0.027437 0.088985 0.045083 0.223243 0.080746 -0.089879 0.000746 0.002731 -0.152786 -0.003317 0.046184 -0.054744 -0.158809 -0.142874 -0.094859 0.138777 -0.329776 -0.238925 -0.134493 0.294102 -0.104123 -0.191394 0.051909 -0.033307 0.221967 -0.097637 -0.175529
0.018283 -0.137824 0.173086 0.076483 0.106950 -0.091508 0.068245 -0.035760 -0.449842 -0.128466 -0.283404 -0.146204 0.094377 -0.063437 -0.146031 -0.171288 0.262158 -0.113060 0.055644 -0.377794 0.151253 0.084521 -0.104177 0.016912 0.095696 -0.031044 0.314405 0.075054 -0.094913 -0.033034 -0.044504 -0.121891 0.224006 0.068802 -0.168520 -0.303824 0.038447 -0.067259 -0.097937 -0.113439 -0.020321 -0.086631 0.263273 -0.298591 -0.322863 0.007035 0.133194 -0.172615 -0.220962 -0.116522 -0.059635 0.119355 0.110942 -0.173605 0.235361 -0.083317 -0.063386 -0.342731 -0.211964 -0.091861 0.412629 -0.061693 -0.153902 -0.134456 0.095994 0.295778 -0.078066 0.043464 -0.280434 -0.065735 0.203166 0.146588 0.097371 0.070991 0.254048 -0.000510 0.018189 -0.045003 0.194681 -0.130678 0.033654 -0.140708 0.149064 -0.349198 -0.016091 0.088918 0.148753 -0.194002 -0.056907 -0.153312 -0.008754 -0.203937 0.193330 -0.085814 -0.000125 0.164456 -0.055013 0.127366 -0.013386 -0.166715 -0.206045 0.089517 0.222610 -0.021903 0.056104 -0.156874 -0.039155 -0.039372 0.161859 0.134666 -0.101332 0.056122 -0.011795 -0.024388 -0.217248 -0.103595 0.102316 0.236184 -0.114413 0.272814 0.052881 0.082260 -0.014027 -0.120895 -0.126273 0.105069 -0.106043 -0.258535
-0.362431 -0.272482 0.051328 -0.178611 -0.294140 0.066462 0.044878 -0.122398 -0.432186 0.126311 0.139760 0.004529 0.048266 -0.006641 -0.142534 -0.240299 -0.128411 0.080294 0.010790 -0.088704 -0.021804 -0.124922 0.210645 -0.019186 -0.086638 -0.583686 -0.115340 0.139564 -0.075585 -0.068779 0.111976 0.000175 0.086707 -0.063542 -0.114844 0.080286 0.093024 -0.331115 -0.150669 -0.185527 -0.106943 -0.050129 0.067120 -0.121581 0.161576 -0.106118 0.051387 -0.005563 -0.258368 -0.070499 0.022253 -0.089958 -0.004818 -0.032571 -0.253150 0.049099 0.000083 -0.144712 0.057543 0.235931 -0.384699 0.110233 -0.310445 -0.096575 -0.130664 0.088835 -0.071988 -0.050703 -0.003589 0.067257 -0.006348 -0.364828 0.020893 0.142991 0.159176 0.024038 -0.026272 -0.132684 -0.057214 0.273502 -0.135812 -0.062336 0.058200 -0.267494 -0.100004 -0.238137 -0.086272 -0.063351 0.007360 -0.101938 -0.142999 -0.066932 -0.096101 0.215816 -0.088940 -0.055302 -0.073608 0.040478 0.005613 0.028498 -0.045000 -0.053398 0.043023 -0.093684 -0.025627 -0.352786 -0.031840 -0.138404 -0.028359 -0.117762 0.020339 -0.088018 0.092269 -0.042202 0.170796 0.113334 -0.042768 0.013893 0.222379 0.052062 -0.243838 0.193539 -0.065580 -0.043479 0.047796 0.126964 -0.032180 -0.049226
-0.017854 -0.261603 0.045150 0.210666 0.135813 0.000582 0.239160 -0.099766 -0.040293 -0.038900 0.010765 -0.213230 0.337022 0.345053 0.313259 -0.200291 0.304325 -0.220281 0.062208 0.232525 0.141621 -0.399518 -0.147286 -0.113793 -0.230711 -0.119858 -0.021384 0.246215 -0.028435 -0.129457 -0.281988 -0.014115 -0.369896 -0.067419 -0.003748 0.284824 -0.087755 0.130190 -0.125173 -0.024511 -0.045565 0.140187 -0.368936 -0.487442 -0.123149 0.131302 -0.294076 -0.139899 -0.233559 0.031468 -0.087170 0.013442 0.022211 -0.150732 0.170956 -0.272949 -0.053502 -0.104153 -0.019525 0.194917 -0.123980 -0.139492 0.196394 -0.049766 0.207963 -0.090456 0.021549 0.075031 -0.287480 0.099814 0.122722 0.038236 0.016995 -0.022254 0.089739 -0.124929 -0.209893 -0.141569 -0.029257 -0.085684 0.132090 -0.196325 0.071502 -0.041618 0.108698 0.077694 -0.068557 0.103872 -0.011618 -0.241315 0.152974 -0.120972 0.045183 0.200289 0.015109 -0.136347 0.029071 0.124176 0.034629 0.257861 0.142939 -0.164620 0.015872 -0.074322 0.410877 0.132106 -0.029593 -0.063782 0.211898 0.220508 0.068453 0.009287 -0.053472 -0.082900 0.062644 0.099745 -0.014107 0.009305 -0.022490 0.108729 0.073954 -0.140846 -0.277147 -0.018791 -0.077980 -0.013093 0.005457 -0.009676
-0.001935 0.054674 0.100043 -0.300635 0.026954 -0.041885 -0.167956 0.021090 -0.019708 0.035602 0.054277 0.118035 0.099372 0.023884 -0.039016 -0.125540 -0.046333 -0.130276 -0.033372 0.039909 0.029969 0.154967 -0.161855 -0.044910 -0.088051 -0.039911 0.043310 0.058988 -0.045058 0.027532 -0.089526 0.101098 -0.261343 0.233216 -0.184415 0.122800 -0.205550 -0.129262 -0.381353 -0.225473 -0.100188 -0.290627 0.050892 0.041323 0.052564 -0.244110 -0.155229 -0.032226 0.057025 -0.324044 -0.095117 0.015358 0.058083 -0.051819 0.094563 -0.099815 -0.023130 0.042700 0.147289 0.157838 0.005937 0.077322 -0.101544 0.049911 0.011038 0.031670 0.060290 -0.076528 0.010626 -0.063801 0.088021 -0.131047 -0.145300 -0.130215 0.044219 -0.001568 -0.034096 -0.275631 0.160779 0.026788 -0.031388 -0.567654 0.016226 0.103445 0.039072 -0.206466 -0.170801 -0.265406 0.031592 -0.007700 0.063501 0.016456 0.107488 0.007654 -0.132610 0.122174 0.068034 0.142085 -0.017740 -0.163795 0.134683 0.126184 -0.029988 -0.092804 -0.271890 -0.049055 -0.047960 -0.015916 0.031284 0.038198 0.070691 -0.120585 0.064337 -0.085836 0.126787 0.088162 -0.024234 0.101583 0.171472 0.146586 -0.103131 -0.168802 -0.138917 -0.028639 -0.179210 -0.125349 0.006240 -0.071163
-0.137087 0.026283 -0.008768 -0.487264 -0.011053 -0.242570 -0.042931 -0.057844 -0.002491 0.133446 0.071345 0.137659 0.095690 0.056123 0.018003 -0.048977 -0.452941 -0.132033 0.141859 -0.182534 0.065346 -0.123115 0.043269 0.062950 -0.205789 0.030549 -0.142113 -0.358832 0.010412 -0.083872 -0.075557 0.112162 -0.351985 0.032591 -0.118364 0.086168 -0.025257 0.029078 -0.202377 -0.020573 -0.065031 -0.394366 -0.081200 0.025896 0.010780 -0.524412 -0.395184 0.080607 0.097807 -0.229550 -0.037431 0.033294 -0.061415 -0.178738 0.036171 -0.031726 0.111274 -0.181952 0.159168 0.147794 0.114976 0.124947 -0.039306 -0.075331 -0.005784 -0.002672 0.053997 -0.058096 0.017146 0.177765 0.008246 0.044084 -0.108401 0.189920 -0.079598 -0.029728 -0.225407 -0.355624 0.148404 0.020796 -0.115985 -0.199408 -0.192700 -0.072258 0.048273 0.016842 -0.329448 0.053762 -0.082584 0.010921 -0.146358 0.126368 0.131962 0.206055 -0.093370 0.067975 -0.024261 0.093015 0.021949 0.033022 0.011064 -0.042850 -0.261316 -0.033024 -0.283417 -0.176037 -0.107834 0.111592 -0.109484 0.129726 0.028096 0.050510 -0.112007 0.024564 0.125251 -0.089327 0.058448 -0.215405 0.100036 0.092217 -0.049816 -0.074039 -0.074282 -0.003761 -0.031578 0.046233 -0.008195 0.045194
-0.246102 -0.067427 0.091712 0.124038 0.034512 0.060972 0.262827 -0.302767 -0.031578 0.057043 -0.033433 -0.258527 -0.045420 -0.221541 -0.271136 0.090332 -0.074283 -0.048498 0.006368 -0.035169 -0.268779 0.022974 0.010223 0.281387 0.124862 0.035042 0.048428 0.118354 0.007570 0.052523 0.214777 0.327508 0.076460 0.240523 -0.104522 0.072541 0.158812 0.059019 0.156836 0.044064 0.192559 0.206649 -0.256119 -0.108427 -0.076162 -0.122888 0.101675 0.244543 -0.382369 0.016736 0.012595 -0.733497 -0.035128 0.063840 0.084291 -0.060127 -0.206912 -0.023854 0.070487 0.058950 -0.242356 0.035576 -0.083675 -0.068757 0.279961 0.152227 0.093896 -0.068169 -0.193993 -0.008822 0.074744 0.045859 -0.112229 -0.359138 0.012936 -0.217995 -0.064808 0.071599 -0.048275 0.070194 0.110595 -0.007503 -0.013954 0.091426 -0.032730 -0.162115 0.266128 0.121090 0.015313 -0.099446 0.094373 -0.272265 -0.075055 -0.088235 0.080302 -0.119608 0.035865 -0.202093 0.009559 -0.086706 0.023697 -0.233121 -0.032091 -0.057538 -0.251452 0.073200 -0.066113 0.050282 0.219150 -0.069982 0.203788 0.022984 0.154925 0.122854 0.225466 0.089036 0.163751 -0.112357 0.117991 0.005406 -0.289215 -0.020706 0.012595 -0.046421 0.063126 0.112769 0.091802 -0.271703
-0.118849 -0.005307 -0.041093 -0.079144 0.003900 0.004767 0.135639 -0.040284 0.208561 -0.003266 0.123666 -0.043099 0.123632 -0.011209 0.080659 -0.018965 -0.000699 0.144432 -0.164853 0.101955 0.032455 -0.133875 -0.031445 0.083918 0.021330 -0.013642 0.089383 -0.000726 0.001071 0.151101 0.040053 0.032112 0.021430 0.112534 -0.012035 -0.179185 -0.201629 0.070693 -0.237928 0.036934 -0.002227 -0.075654 -0.108154 -0.157838 -0.068731 0.031139 -0.142417 -0.247033 0.129758 -0.123327 -0.102753 0.184593 -0.012807 -0.035252 0.003414 0.171522 0.040134 0.116477 0.141803 0.094463 0.162651 0.063027 0.003550 0.253456 0.091452 -0.231370 -0.114637 -0.056082 0.057976 -0.000551 -0.187015 -0.045910 0.002018 -0.287163 0.116262 0.028096 -0.033041 0.148401 0.086011 -0.083582 -0.101169 0.077864 0.133279 -0.241774 -0.304359 0.115401 0.140954 -0.147060 -0.085911 0.109406 -0.203953 -0.045619 0.194861 0.183930 -0.160221 0.030485 0.135646 -0.211686 -0.024085 0.145967 -0.107661 0.174142 -0.174416 0.004121 0.053818 0.062562 -0.069962 -0.139740 0.115592 -0.096255 -0.074520 -0.040869 -0.071310 -0.074888 -0.102228 0.238973 -0.309492 -0.244759 -0.272286 -0.176654 0.056739 0.159849 -0.098571 0.082480 -0.006331 0.150705 0.231368 -0.003269
0.021530 -0.221909 -0.082499 -0.428612 -0.153680 -0.108613 -0.421196 0.057587 -0.266693 0.046944 0.036073 0.063303 -0.109289 -0.013771 -0.093480 -0.067766 -0.062165 0.051472 -0.148994 0.129048 -0.112596 -0.010535 0.158795 0.138357 -0.060338 -0.122170 -0.008051 -0.143658 -0.026787 -0.069861 0.201025 0.224786 0.230378 -0.117054 -0.137310 -0.100110 0.108320 0.191536 0.361518 0.129170 0.049607 -0.044338 0.015382 -0.006782 -0.026197 -0.099791 -0.150778 -0.180413 -0.015901 0.074753 0.022226 -0.116594 -0.420932 -0.073021 -0.470041 -0.050828 0.137248 0.035509 -0.023561 -0.123826 0.186986 0.083631 -0.439143 0.020385 0.069652 -0.036331 0.141730 -0.026008 0.130366 -0.143269 -0.083990 0.195951 0.253784 0.221278 -0.021638 0.134533 -0.149127 0.299987 -0.486071 -0.069512 0.118345 0.050846 0.395448 -0.069899 -0.304200 0.216734 -0.318226 0.014384 -0.005268 -0.055094 0.029787 0.242474 -0.134252 0.092619 0.031782 -0.177684 -0.163422 -0.189070 -0.034474 -0.089650 -0.034447 0.002025 -0.163586 0.114921 -0.051541 0.184211 -0.037285 -0.003817 0.100045 -0.214996 0.011892 -0.029965 0.030708 -0.083116 0.144439 -0.087706 -0.259206 -0.433965 0.068336 0.228241 0.055572 -0.004807 -0.141480 -0.057461 -0.002628 -0.002665 0.132531 -0.176437
-0.265131 -0.090412 0.023843 -0.105313 -0.027466 -0.011806 -0.191183 -0.130380 -0.509544 0.021700 -0.089058 -0.182564 -0.326177 -0.020504 -0.055194 0.178849 -0.157301 -0.030052 -0.119468 0.006526 0.032602 -0.281275 0.020889 0.089255 0.160233 0.069648 -0.104108 -0.440474 -0.009990 -0.121576 -0.023541 0.131318 0.090910 -0.379537 0.017997 -0.044957 -0.303536 -0.031416 -0.008487 0.031338 -0.056564 -0.237787 0.057641 0.129842 -0.008457 -0.121952 0.121131 0.027396 -0.216362 0.034389 -0.231778 -0.116880 -0.361162 -0.110827 -0.484391 0.012100 0.007309 -0.399338 -0.053219 0.101375 0.027877 0.264696 -0.063862 0.000909 0.012028 0.077979 -0.215704 -0.069522 0.191856 -0.216287 -0.025573 -0.042825 0.134639 -0.179257 0.236999 -0.006857 -0.504403 -0.007815 -0.224915 -0.175673 -0.011654 -0.153935 -0.085585 -0.288826 -0.070013 0.046289 -0.216308 -0.163165 0.011574 -0.081127 -0.110216 -0.251872 0.301814 -0.187275 -0.034558 -0.041839 -0.108173 -0.170869 -0.045681 0.090193 -0.172341 -0.122043 -0.054728 -0.046673 -0.031576 0.093272 0.055764 -0.072192 -0.224284 0.034260 -0.186717 -0.155473 0.109829 -0.243904 0.089767 -0.309519 -0.119458 -0.188228 0.035888 -0.116213 -0.013461 -0.111348 0.159482 0.018185 -0.183599 -0.056395 0.050485 -0.566637
0.133806 0.161543 -0.414798 0.016448 0.128310 -0.090214 -0.113648 -0.104037 0.180645 -0.363277 -0.055250 0.051763 -0.259044 0.406598 -0.278196 -0.085499 -0.212841 -0.315763 0.024846 0.056956 -0.139054 -0.153866 0.090203 -0.212154 0.196738 -0.294283 0.023619 -0.087114 -0.123807 0.036664 -0.436927 -0.004550 0.369364 -0.346838 -0.258645 0.010077 0.042836 -0.156683 -0.009640 0.419455 -0.135675 -0.005154 0.070351 -0.273263 -0.285781 -0.234141 0.026393 -0.092566 0.367011 -0.406889 -0.031100 0.298694 -0.084627 0.013346 0.351783 0.170362 0.131250 0.497136 0.034320 0.027775 -0.558000 0.011543 0.132715 -0.227929 -0.450483 0.320909 -0.039239 -0.039218 -0.530053 0.100364 0.011530 0.198968 0.197091 -0.124330 -0.090352 -0.022943 0.238600 0.221634 -0.180024 -0.004710 0.159081 0.251213 -0.287197 0.121683 0.037655 -0.222194 0.177316 0.234623 0.021985 0.011250 -0.362583 0.050654 -0.208877 -0.178320 -0.141921 0.305580 -0.176945 -0.213573 -0.030465 0.037274 -0.152695 -0.146384 0.147985 0.048036 0.242683 -0.128609 0.000127 -0.232800 -0.116015 0.257186 -0.058860 -0.007599 -0.182135 -0.008586 -0.113806 -0.118370 -0.586662 -0.003866 0.015023 -0.078071 -0.358915 -0.182945 0.415138 -0.076163 -0.112547 -0.123304 0.009006 0.238274
-0.163715 -0.080981 -0.205667 -0.064169 0.072473 0.166686 -0.237353 0.214310 0.054953 -0.055828 0.063442 0.174065 -0.651888 0.275177 0.048331 -0.173587 -0.243251 -0.120161 0.068739 0.239420 -0.111470 -0.400609 0.106866 0.159898 -0.196873 0.228987 -0.170499 0.103971 -0.075459 -0.144299 0.056156 -0.055040 -0.025370 0.049788 -0.223621 0.075221 0.126241 -0.097527 0.094375 0.016023 -0.182249 0.066600 0.066072 -0.021677 0.067987 -0.178153 -0.071845 -0.237440 -0.004457 0.106796 0.159949 0.029908 0.136349 0.194833 -0.060394 -0.025635 -0.059756 -0.098638 -0.129145 -0.482357 0.003768 0.257635 0.465424 -0.081675 0.128561 -0.477004 0.122837 -0.120966 -0.183222 0.175671 -0.011481 0.067661 0.231775 0.139143 -0.140113 0.051353 0.004674 -0.206034 0.056850 -0.032275 0.215659 0.177182 -0.103678 0.217682 0.001675 0.222837 0.186081 0.080494 0.000273 0.213448 -0.287888 0.108854 0.133869 -0.210786 0.167590 0.073998 0.172211 -0.048817 -0.027989 0.258924 0.124937 0.173739 -0.181804 -0.026124 0.037430 0.102637 -0.270734 0.007569 0.127308 -0.037680 -0.083601 -0.055188 0.077071 0.077796 0.268323 -0.008880 0.152621 0.144061 0.133947 -0.032021 0.228160 -0.166531 0.112620 -0.108970 0.040712 0.167940 0.016037 0.058327
-0.307528 -0.006207 0.426131 0.369959 0.030994 0.038520 0.065510 0.021198 -0.107805 -0.080601 -0.028217 -0.046076 -0.536664 0.046057 -0.093011 -0.444990 -0.294216 0.210608 -0.098357 -0.152638 0.019120 0.289717 -0.226176 -0.263472 -0.080316 -0.531171 0.306928 -0.050588 0.099539 -0.050676 -0.211624 -0.175866 0.099457 -0.000299 -0.036467 -0.111172 0.266986 0.240786 0.330217 0.048663 -0.308538 0.040582 -0.140820 0.023597 -0.066851 -0.050068 0.067160 0.245788 -0.022002 0.179238 -0.021678 0.263885 0.017400 -0.152947 0.053027 0.284733 -0.024098 -0.008953 -0.254801 0.056066 -0.158893 -0.193213 -0.158667 -0.237654 -0.364714 -0.011415 0.061295 0.060640 0.141621 0.217909 0.119070 -0.052899 -0.289752 -0.293298 -0.121684 0.002322 0.249876 0.168345 -0.050830 0.114730 -0.161284 0.112848 -0.388802 0.172053 -0.112865 -0.148087 0.273006 0.121938 -0.001868 -0.164483 0.084964 0.371820 0.221213 -0.075085 0.040928 -0.118785 -0.170491 0.088937 0.098310 0.134645 0.186510 -0.135104 0.340271 -0.007188 0.063309 -0.198325 -0.032521 -0.088463 -0.045204 0.110761 -0.212689 -0.152780 0.055957 0.024094 -0.124620 -0.134102 0.116747 0.273498 -0.172942 -0.545145 -0.366323 0.124291 0.030415 0.026362 -0.012063 0.076353 -0.153302 -0.027729
0.081407 -0.102978 0.213551 0.354373 -0.014257 0.064725 0.115090 0.151577 0.142204 0.218393 0.072928 -0.059995 0.094234 0.064394 0.063242 -0.275968 0.094850 -0.408409 -0.092803 -0.087924 0.088750 0.032240 0.025186 0.144605 0.133970 -0.103230 -0.007220 0.097121 -0.109465 -0.267684 -0.196395 0.173608 -0.280854 -0.038039 -0.016141 0.155202 0.034233 -0.044641 -0.287748 -0.087275 0.023607 0.175616 -0.318037 -0.015354 0.051803 -0.287137 0.058801 -0.120294 -0.048862 -0.088656 0.245298 0.124398 -0.050865 0.070777 -0.123774 -0.283841 0.045171 0.013203 0.211218 0.035931 0.179379 0.016648 0.329216 0.293156 0.238933 -0.046801 -0.032846 -0.009147 0.235132 0.155844 0.077783 0.232381 -0.081209 0.139897 0.099872 0.195185 -0.132770 -0.225691 0.127873 -0.363096 -0.081161 -0.332151 -0.434528 0.066291 0.209589 0.019859 -0.008776 0.189412 0.022210 -0.246533 -0.014245 -0.086644 0.034812 0.161623 -0.010585 -0.009979 -0.501346 -0.041616 -0.033587 0.174579 0.241369 -0.100537 -0.161593 0.017858 0.204579 -0.138646 -0.154326 -0.080522 -0.023518 0.035469 0.001343 -0.080252 -0.109861 -0.005254 -0.013725 0.336396 -0.039677 0.141523 -0.051638 -0.061598 0.237808 -0.072845 -0.120289 -0.020344 0.020955 -0.210206 -0.009956 0.012522
0.191573 0.038128 -0.008322 0.065995 -0.053555 0.076918 -0.103567 0.230251 -0.037490 0.139681 0.350198 0.029230 -0.036961 0.133657 -0.100506 0.091440 0.144705 0.132824 -0.187292 -0.018276 0.282650 -0.003796 0.141019 0.142914 -0.082809 0.167261 0.092978 0.016435 -0.168697 0.002468 -0.055181 0.000036 0.058600 -0.158109 0.090426 0.113939 0.153032 -0.222854 -0.062234 0.126869 0.001274 0.077172 0.122163 0.127963 -0.233683 0.055630 -0.115431 -0.132447 0.210915 -0.281940 -0.076114 0.067411 -0.000550 0.204722 0.111629 0.056270 0.131439 0.175623 0.163546 -0.017214 0.110687 -0.151474 -0.082141 0.059066 -0.308915 0.027394 -0.080151 0.043412 0.061113 0.056226 -0.107504 -0.059563 -0.046045 0.171103 -0.098895 0.050142 0.154837 -0.130317 0.111682 0.291074 -0.176740 -0.134765 -0.240562 -0.001856 0.138951 -0.035805 -0.065212 -0.158519 0.094120 -0.015943 0.056986 0.381854 -0.164287 0.132607 -0.162430 -0.023900 -0.053813 0.188892 -0.002183 0.008332 0.052828 0.167887 -0.149234 -0.005729 -0.015258 -0.014216 0.049532 0.224292 0.120989 -0.251924 -0.058832 0.032290 -0.122873 0.209147 0.129478 -0.126997 -0.075788 -0.142183 0.038243 0.266623 -0.148990 -0.208230 -0.049482 -0.035229 -0.123642 0.103843 -0.016084 0.043150
-0.133740 0.255646 0.226133 -0.120221 0.154441 0.205669 -0.190582 0.119915 0.133661 0.125737 0.045148 0.075943 -0.240420 -0.118800 0.158035 0.087219 -0.009319 -0.071489 -0.017057 -0.285644 -0.027224 0.056588 -0.100578 -0.223049 -0.000335 0.000102 0.161249 -0.023383 0.054082 -0.516227 0.064582 0.090208 0.131121 0.141340 -0.030744 0.437972 0.134453 -0.222412 -0.089027 0.068936 -0.037133 -0.305404 -0.058180 -0.199084 -0.173265 0.222619 -0.207083 -0.178525 0.029975 -0.157868 -0.009634 0.089555 -0.052060 -0.136283 0.169985 0.067836 0.008080 -0.114728 0.096974 -0.143839 0.009542 -0.163492 0.181873 -0.386436 -0.173340 0.041145 -0.021775 0.027588 0.175512 -0.125816 0.088465 -0.293754 0.153202 0.160241 0.018656 0.192318 0.123729 0.129373 0.001994 -0.183531 0.124368 0.009260 0.080948 -0.058616 -0.002493 0.049721 0.027894 -0.108048 -0.057283 -0.085716 0.335720 -0.257797 0.163691 -0.266034 0.233301 0.277938 0.155785 -0.008160 -0.055880 -0.165588 -0.034983 0.099859 0.251619 0.005046 -0.031632 0.005078 0.051761 0.031245 0.043550 0.131099 0.037510 0.093140 0.028825 0.062484 -0.143636 -0.038425 0.161650 0.034797 -0.273834 0.085063 0.250849 -0.204054 0.082588 -0.053466 -0.023732 -0.044156 0.116299 -0.050925
0.083243 0.084618 -0.027351 0.328699 -0.260298 -0.105009 -0.079291 0.093984 -0.060697 0.031989 0.212802 0.206522 -0.069306 0.017513 -0.293457 0.053838 -0.170114 0.040178 -0.051854 0.109827 0.142490 0.031864 -0.064104 -0.017211 0.303170 0.079195 -0.304135 0.070646 0.058309 0.287681 -0.006953 -0.113657 0.141339 -0.116473 0.087288 0.108247 -0.150756 0.025543 0.170542 -0.121260 0.022383 0.144007 0.188774 -0.023255 0.128162 0.212482 -0.189827 -0.221901 0.075695 -0.146996 0.006166 0.317027 -0.056572 0.064426 -0.309220 0.192513 0.083508 0.044904 -0.077248 -0.249609 -0.051262 0.039152 -0.496837 0.294503 -0.282111 0.011525 0.217192 0.071652 0.037537 0.002560 -0.170889 0.327777 0.098798 -0.048426 -0.014333 -0.026857 -0.092195 -0.095913 -0.062826 -0.022645 0.038378 -0.000976 0.230996 0.254373 0.078771 0.170435 0.111221 -0.176165 -0.133914 0.080937 -0.197771 0.027442 -0.174260 0.073012 -0.301979 -0.461584 -0.205188 -0.048069 -0.069227 0.059594 0.197878 0.162953 0.065631 -0.003478 -0.305443 0.124625 -0.202092 -0.006865 -0.176999 0.216545 0.056085 0.023889 -0.049638 0.055604 0.206029 0.020426 0.060866 -0.078723 0.079677 0.181336 0.002729 0.217703 0.117361 0.028565 -0.090163 0.186734 0.162568 -0.122090
-0.015716 0.134244 -0.110124 -0.136537 0.080638 0.134699 -0.218185 0.070104 -0.132468 -0.239577 -0.022383 0.095190 0.000082 0.233500 -0.205259 -0.117717 -0.330563 0.183966 0.016498 -0.095711 0.051411 0.004750 0.101740 -0.258018 0.258154 -0.153353 0.222950 0.056090 0.025020 0.129628 0.025658 0.051985 0.056292 -0.474374 -0.127521 0.084768 -0.013404 -0.052907 0.217187 0.093516 -0.048794 -0.014427 0.175720 0.086565 0.169643 -0.069515 0.030184 -0.168311 0.000762 0.120618 0.125156 -0.056526 -0.174488 -0.227018 -0.063564 0.133401 0.124702 0.042731 0.076220 0.091773 -0.034859 -0.018545 -0.432579 0.033191 -0.566599 0.136962 -0.091434 -0.072752 -0.022028 0.065843 0.079456 0.052006 0.067335 0.155441 0.055284 0.021139 0.220880 -0.072212 0.051293 0.218549 -0.061534 0.133402 0.043056 -0.095496 0.136548 -0.116067 0.069943 -0.099723 0.001347 -0.091366 -0.528552 0.078555 -0.137865 0.010156 -0.192061 -0.230155 -0.126409 -0.009438 -0.094975 -0.277452 0.205347 0.129104 -0.025721 -0.108867 -0.169586 -0.103844 -0.002920 -0.085160 0.150763 -0.033875 0.147557 0.010647 0.081025 0.097258 -0.076406 -0.064676 -0.061854 -0.159770 -0.214634 0.013609 -0.304002 -0.013341 0.257468 -0.014987 0.053668 -0.224478 -0.258063 0.014930
0.141488 -0.113174 0.015341 0.463763 -0.202090 0.055364 -0.234313 0.079523 -0.055667 0.326902 0.155051 0.028337 -0.111156 -0.016059 -0.114586 0.228087 -0.131817 -0.075081 0.174207 -0.006976 0.141234 -0.055217 -0.099909 -0.196680 -0.172522 0.049446 -0.099284 0.039418 -0.034523 0.105756 -0.094626 -0.126053 -0.286299 -0.132797 -0.058744 0.118628 -0.299465 -0.004939 -0.389748 -0.090309 0.004404 0.043994 0.218011 0.315321 0.258671 -0.208392 -0.048940 -0.165651 -0.065612 -0.354193 0.022147 -0.121881 -0.216361 -0.158410 -0.142452 -0.002244 0.217808 0.161708 -0.062568 -0.038176 0.079135 0.012864 0.117507 0.176062 -0.239386 -0.086389 0.132010 -0.006020 0.034680 0.008329 -0.159694 0.055214 0.029791 0.030753 0.216892 0.173130 -0.227545 -0.372998 0.149235 -0.175701 0.009284 -0.726270 -0.251114 0.227408 0.191811 0.068807 0.094826 -0.124399 -0.021793 -0.000466 -0.098092 0.153785 0.080354 0.208027 -0.042859 0.167158 -0.078914 0.177350 -0.047631 0.128016 0.343596 -0.171977 -0.216768 0.025857 0.236533 -0.040802 -0.091877 0.154721 -0.219686 -0.152147 0.027133 -0.101064 -0.005850 0.122567 0.079504 0.001489 -0.104522 0.112462 0.058568 0.127520 0.075928 -0.177356 0.135505 -0.016931 -0.098563 0.065481 0.085989 0.035952
-0.107267 0.007951 0.049999 0.056996 0.065034 0.094155 -0.224446 0.101279 0.194014 0.249175 -0.142173 -0.110367 -0.042282 -0.045277 0.095320 -0.080298 0.277922 0.062266 -0.126462 -0.044899 -0.038028 0.228446 0.042836 0.111973 0.029367 -0.060554 0.227349 -0.178762 -0.009035 -0.476942 0.234480 0.099421 -0.289986 -0.008152 -0.008021 0.208686 -0.169322 0.012193 -0.240877 0.331070 0.041730 0.112282 -0.125617 -0.214014 -0.066047 0.136315 -0.118752 0.078499 -0.009934 -0.203167 0.102475 -0.025740 -0.077833 0.037285 0.226556 -0.335737 -0.001632 -0.362806 -0.340159 0.192487 -0.118556 -0.113601 -0.061342 -0.302846 -0.046281 -0.044052 0.078324 -0.202665 -0.055658 0.037643 -0.293259 -0.055632 0.076359 0.048597 -0.040424 0.109528 -0.101646 -0.066808 -0.021610 0.114762 -0.036681 0.110175 -0.046749 -0.174514 -0.023502 0.066756 -0.081004 -0.282508 -0.051807 -0.357951 -0.027787 -0.079553 0.295483 0.125268 -0.027965 0.042481 0.020263 0.251703 -0.080824 -0.078956 -0.200969 0.064738 0.129650 0.068140 -0.006480 -0.035101 -0.007829 -0.124764 -0.209233 0.089666 -0.223060 -0.019204 -0.029022 -0.004873 0.081559 0.096875 -0.042932 -0.044895 -0.002810 0.515289 0.303166 -0.231941 -0.050855 -0.088154 -0.000822 -0.046719 -0.039418 -0.066131
0.098122 0.011536 0.107335 0.101573 -0.047970 -0.030980 -0.063286 -0.017214 -0.219178 0.058469 0.096034 0.025850 -0.163205 0.307521 -0.102187 0.014410 -0.117088 0.321606 -0.101004 -0.168637 0.102296 -0.165479 -0.063085 -0.354245 0.170720 -0.093754 0.175792 0.182365 -0.088033 0.270286 -0.000285 0.052896 0.129640 -0.413162 0.073443 0.033932 0.290522 -0.019387 0.177945 0.063422 -0.122248 -0.357068 0.110234 -0.092141 0.106081 -0.055256 0.199423 -0.099303 -0.103795 0.083375 0.087574 0.101341 -0.076519 0.034590 -0.285144 -0.017133 0.234531 0.081811 0.198833 0.137754 0.167732 0.054856 -0.382250 0.102870 -0.655765 0.046629 0.213293 -0.020071 0.075907 -0.000325 0.102742 0.091373 0.146584 -0.201216 0.220870 -0.006673 0.040806 -0.170524 -0.069631 -0.196738 -0.017675 -0.169793 0.190945 0.036430 0.193491 0.032837 0.094235 -0.230025 -0.141026 0.094889 -0.359927 0.195016 -0.295619 0.048041 -0.072389 -0.166260 0.073481 0.084645 -0.111808 -0.186585 0.346776 -0.020712 -0.113332 -0.090903 -0.201552 0.029859 -0.046934 -0.112372 0.155441 -0.278654 -0.066199 -0.088703 0.011432 0.210605 0.012932 0.089212 0.130003 -0.136774 -0.283379 0.019880 -0.214849 0.194842 0.037186 -0.094752 -0.112844 -0.107877 0.058114 -0.157963
-0.059267 0.076709 0.241875 -0.062221 0.003656 -0.001071 -0.019826 0.006251 -0.140472 -0.029734 -0.204735 -0.042268 0.306116 0.154711 -0.054558 -0.372679 0.108860 -0.167759 -0.006271 0.165509 -0.080499 -0.049856 0.061772 0.011384 -0.194195 -0.101407 0.187227 0.039527 -0.073108 -0.026230 0.095834 -0.479072 0.223599 -0.077059 -0.086424 0.253706 0.096247 -0.160087 0.240396 0.049563 -0.199233 0.073884 -0.248631 -0.061356 -0.188265 0.128764 -0.243651 0.213452 0.007719 -0.159948 0.221241 0.091824 0.054728 -0.069136 -0.107779 -0.433200 0.016441 0.089906 0.240123 0.168477 0.072892 0.225261 -0.120065 0.231415 0.126224 0.099170 -0.031367 -0.006256 0.384923 0.151477 0.211921 -0.061804 -0.095650 -0.172463 0.148580 -0.280296 0.086820 -0.114648 0.023795 -0.230979 -0.330645 0.148100 -0.123824 0.348706 -0.213981 -0.359391 0.000059 0.166571 -0.120050 0.287314 0.168006 0.071071 0.009793 0.182873 -0.011258 0.066148 0.079936 0.030178 -0.042967 0.041031 -0.237873 0.090364 -0.336333 0.047945 0.068278 -0.154017 -0.010815 0.139704 0.303258 -0.097241 0.041000 -0.037931 0.112362 -0.317867 0.180181 -0.137421 -0.043037 -0.123742 0.408806 -0.155483 -0.544857 0.114632 0.110758 -0.053008 -0.104553 0.005568 -0.138994 0.003182
0.043737 -0.268403 0.195549 0.139318 -0.258453 0.041284 0.197480 0.056049 -0.040355 -0.040641 -0.012799 0.034171 0.041094 0.425728 -0.230784 -0.266973 0.046321 -0.068838 0.039760 -0.060703 0.010295 -0.259325 -0.088724 -0.032077 0.195612 -0.091226 0.046510 0.067123 0.003085 -0.057325 0.128438 0.061268 0.258076 -0.184960 -0.015260 0.215261 -0.059039 0.103505 -0.123912 -0.153057 -0.144025 -0.103406 0.115234 -0.144116 -0.224204 -0.193174 -0.242696 -0.314508 -0.225412 -0.035292 0.200401 -0.044530 0.067236 0.055262 -0.021785 -0.275015 -0.115450 -0.146393 0.056487 0.175836 -0.192705 0.205074 -0.260047 0.037507 0.000561 0.034679 -0.101775 -0.080143 0.304090 -0.047141 0.054625 -0.202745 -0.117979 0.237308 0.072777 -0.113716 0.045350 0.257176 0.281799 -0.055865 -0.331264 -0.181437 -0.026867 -0.150222 0.092975 -0.228036 -0.174253 -0.100702 0.007495 -0.077822 -0.140652 -0.100826 0.019409 0.174102 -0.073036 -0.190035 -0.147570 -0.001909 -0.016587 0.125540 -0.197458 0.061881 -0.158809 -0.042174 0.093894 -0.194207 -0.060255 -0.137892 -0.008880 0.098119 -0.229416 -0.141859 0.031714 -0.221400 0.131585 -0.118222 -0.064758 -0.129433 0.234232 0.103227 -0.054688 0.008041 -0.159838 -0.087731 -0.134790 -0.084170 0.181799 0.007657
0.080739 -0.172854 0.281598 -0.003731 0.216832 0.200754 -0.066190 -0.084267 -0.051875 0.061901 -0.228334 0.031346 -0.091638 0.179092 0.162828 -0.048391 0.192233 0.125098 -0.157530 0.120716 0.074059 -0.066929 0.018388 -0.024290 0.020556 -0.320235 -0.051297 0.058876 -0.091799 0.223265 0.015688 -0.063327 -0.082482 0.030311 0.029789 0.035836 0.114891 0.287214 -0.213476 -0.002019 -0.128040 -0.440589 -0.068812 -0.007987 0.000246 -0.331460 0.134034 -0.236490 0.023883 -0.072729 -0.067829 -0.221102 0.027105 0.102458 -0.419543 -0.167806 0.027788 0.059417 -0.163388 0.185403 -0.148525 0.166165 0.158938 0.064871 -0.177078 -0.310307 -0.080831 -0.098753 -0.039402 0.056314 -0.083335 -0.064673 0.172212 -0.081738 0.083665 0.231197 0.075432 -0.026776 -0.128864 -0.316943 0.011920 0.169979 -0.007826 0.198782 -0.329622 0.026682 0.234489 -0.068097 -0.064673 0.064686 -0.043419 -0.187658 0.010155 0.054637 0.091535 -0.185146 0.334701 0.003770 -0.027597 0.072743 0.076874 -0.078953 -0.152766 -0.031889 0.096835 -0.112661 0.012721 0.089028 0.243813 0.029046 -0.031471 0.123300 0.109665 0.141696 0.212194 0.043044 0.092242 -0.051864 -0.069353 0.269106 0.071306 -0.053063 0.031191 -0.086577 0.003055 -0.064333 0.197585 -0.197761
0.118325 0.266043 0.180630 -0.098859 -0.015516 0.130378 -0.365586 0.235148 0.134725 0.351543 0.110906 0.092599 -0.173972 -0.109869 0.053514 0.212960 -0.008144 0.114815 0.030886 0.008867 -0.034175 0.185687 0.101141 -0.063927 -0.288218 0.221445 -0.383811 0.121899 0.031961 -0.032769 0.082207 0.029330 -0.096052 0.239318 0.022519 0.308196 0.005612 0.029588 -0.012015 -0.382025 -0.083502 0.212217 -0.114788 -0.007526 0.142105 0.091610 0.184365 -0.105361 0.126282 -0.042613 0.186355 -0.142266 0.155186 -0.099819 0.095227 -0.400298 -0.039438 0.118835 0.103885 0.124688 -0.095898 0.189337 0.002021 -0.042413 -0.383842 -0.245823 -0.006065 0.029671 0.168481 0.084065 -0.008210 -0.110160 0.077702 0.073353 0.143137 0.155611 0.056011 -0.001300 0.041205 -0.008677 -0.163734 0.207680 0.292544 0.293984 -0.128360 0.417015 0.208867 -0.099055 -0.010596 -0.032877 -0.214779 -0.066808 -0.032103 -0.087417 -0.007309 0.042140 0.271465 0.063952 0.060957 -0.173427 0.216747 0.194946 0.003417 0.013662 0.116889 -0.236992 0.010661 -0.254904 0.265467 0.081556 -0.221487 -0.105033 -0.101046 0.080499 -0.324101 0.082439 0.219880 0.062224 -0.050325 0.091693 -0.005729 0.108647 -0.067104 0.031407 -0.027977 0.093745 -0.060114 -0.015510
-0.021308 -0.416646 -0.068521 -0.197155 0.333827 -0.013694 -0.002017 -0.349655 0.056016 -0.108891 -0.005436 0.057429 0.059266 0.124101 0.022106 -0.407716 -0.182815 0.143826 -0.057098 -0.018516 0.063996 0.325564 0.098307 0.266916 -0.003810 -0.087498 -0.103718 -0.003527 -0.036947 0.359521 0.202782 0.096112 -0.198691 -0.082206 0.021926 0.086311 0.191500 0.130431 0.052271 0.131775 -0.074540 0.150552 -0.101101 0.057299 -0.032419 -0.124609 0.038914 -0.299003 0.144451 0.132321 -0.257613 -0.198712 -0.000581 0.060995 0.021940 -0.052116 0.102439 0.007362 0.162203 0.079950 0.168945 0.001157 -0.103351 0.461641 -0.244428 0.049312 -0.083484 0.020590 -0.263658 0.079660 -0.112753 0.020833 0.098396 -0.038514 0.332579 0.081706 0.118256 -0.191307 -0.063170 -0.177247 -0.272401 -0.051148 -0.047296 -0.372109 0.033285 0.177879 0.081503 -0.147920 0.027930 -0.229049 0.069966 0.093239 0.137503 -0.083493 -0.046470 -0.070372 0.046932 0.162718 0.033107 -0.346612 0.086713 -0.191296 0.168407 0.132136 -0.332541 -0.000824 -0.084683 0.020673 -0.054253 -0.167099 0.304994 0.029680 0.000310 0.058642 -0.313131 0.505946 0.063619 -0.005427 -0.457199 0.108911 -0.021291 -0.165772 0.167975 0.053068 -0.062483 -0.099699 -0.127623 0.081016
-0.113707 -0.092465 0.099726 -0.181253 0.128526 0.126668 -0.064738 -0.091914 0.077076 0.102266 0.057892 0.039313 -0.208759 0.106750 0.086760 0.121537 -0.118186 0.071218 -0.111313 0.055326 0.266129 -0.190700 0.127728 0.045930 -0.305586 0.110807 -0.089818 -0.291661 -0.061712 0.086459 0.190577 -0.062107 0.130047 -0.156846 -0.086265 0.018098 0.077151 -0.083062 -0.209275 0.089584 -0.082776 -0.265875 -0.046880 0.011308 0.349791 -0.072180 -0.168865 -0.056467 0.077150 -0.044394 -0.017593 0.276673 -0.007265 0.242595 -0.476776 0.145114 -0.095669 0.092261 -0.177133 0.123921 0.346364 0.069478 0.075651 0.255736 0.031696 -0.241613 0.161162 -0.056916 -0.149026 0.135673 -0.173015 -0.037350 -0.156978 0.081473 0.149157 0.080578 -0.105674 -0.175653 0.066709 -0.219006 0.102010 0.016707 0.072570 -0.072581 0.019194 0.437985 0.210210 -0.306431 -0.020704 -0.004915 -0.406955 0.032449 0.187659 0.163433 -0.327815 0.034206 0.242754 0.061579 -0.009691 0.249103 0.182954 0.136810 -0.360881 0.084183 -0.078553 -0.255847 -0.056960 0.115330 0.012808 0.001387 0.045855 -0.070897 -0.090188 -0.083682 -0.085590 0.087295 -0.091583 0.197822 0.031365 0.148594 0.167009 0.137426 -0.109719 0.015178 -0.004385 0.065900 -0.008432 -0.107812
0.017480 0.082436 -0.178130 0.340751 -0.104268 -0.384279 0.008622 -0.227148 -0.201180 0.447066 0.021204 -0.417542 -0.228391 0.000669 -0.127904 -0.266405 0.363984 0.024910 0.164360 -0.062148 0.210951 0.012461 -0.274359 0.124249 -0.369573 -0.135915 -0.064296 0.036968 -0.017558 -0.343878 0.154140 -0.212363 -0.016846 0.055086 -0.043980 0.082456 0.381426 0.269919 0.085188 0.142249 -0.200694 0.046980 -0.156907 -0.061754 0.102921 0.151618 -0.193527 -0.199243 -0.028508 0.154349 0.125331 -0.376614 0.111953 0.207331 0.170590 0.043500 0.109557 -0.132764 -0.014054 -0.056800 -0.151835 0.355490 0.124520 -0.041416 -0.122278 -0.492258 -0.009406 -0.013810 -0.083105 0.211806 -0.184401 -0.021925 0.105448 0.120139 -0.027938 0.036714 0.157504 -0.453904 0.064874 0.147368 0.156636 0.092807 -0.208309 -0.481575 -0.153041 0.333926 -0.033267 0.214551 -0.059041 -0.182279 0.239489 -0.059988 -0.000894 0.005041 0.162499 -0.081407 0.157435 0.279159 -0.071174 -0.239278 -0.144026 -0.073468 0.371706 -0.024638 0.014862 -0.049974 -0.090998 0.052002 0.113241 -0.078825 -0.185973 0.062092 -0.112255 -0.242380 0.019401 -0.108339 0.167484 0.005145 0.110472 0.091923 -0.299979 0.094456 -0.091426 -0.050355 -0.005520 0.147621 -0.265994 0.015573
-0.093597 -0.083460 0.345164 -0.051342 0.230824 0.124540 -0.076132 -0.118519 0.008213 0.105431 -0.211802 0.072130 -0.206540 0.000552 0.250388 0.064365 -0.034118 -0.174159 -0.158822 -0.164664 0.071181 0.044424 -0.038817 -0.102281 0.192587 -0.438221 0.127678 0.004919 -0.099953 0.146884 0.026168 -0.029040 -0.094799 0.136772 0.145911 0.011440 0.011023 -0.034181 -0.104830 0.173923 -0.139071 -0.023934 -0.075835 -0.130606 -0.158969 0.052062 -0.016418 -0.308807 -0.067989 -0.043858 0.117945 -0.426743 -0.194288 -0.023880 -0.256087 -0.190723 -0.192626 -0.130799 -0.018265 0.138770 -0.088922 0.174396 -0.076494 0.113111 -0.089911 -0.098805 0.097470 -0.085495 0.056529 -0.119012 -0.038837 -0.647098 0.171111 -0.092543 0.150776 -0.040625 -0.067245 -0.055483 -0.119278 -0.044035 0.041816 -0.029111 0.180374 -0.087100 -0.113435 -0.189768 0.065880 -0.229127 -0.018713 0.085008 -0.294648 -0.143665 0.072695 0.096152 0.053592 -0.257481 0.103260 0.019645 0.010722 -0.128698 0.080808 -0.025569 -0.140428 -0.008782 0.121611 -0.142383 -0.151135 -0.090139 0.005991 -0.220876 -0.245031 0.111433 0.128707 0.374933 0.031194 0.041237 0.003211 -0.044336 0.014906 0.009439 -0.014714 0.092475 -0.159435 -0.018878 0.044550 -0.052249 0.183889 -0.044079
-0.096935 0.066037 0.038656 0.306686 -0.426842 -0.134924 0.105262 -0.140820 0.016868 0.031049 0.198107 0.099018 -0.045227 0.059059 -0.113671 -0.136298 0.085397 0.083295 -0.180067 -0.188631 -0.008614 -0.075512 -0.160038 -0.091359 0.022216 -0.175755 -0.029717 -0.048993 -0.021565 -0.020044 0.346837 0.156141 0.364130 0.005928 0.132708 -0.033307 -0.065536 0.078297 0.026784 0.086650 -0.088274 0.046255 0.115111 0.072553 0.019791 0.042543 0.086395 -0.135288 -0.033581 -0.068688 0.126343 -0.031694 0.136475 -0.046252 -0.258407 0.199694 0.288863 0.136237 0.025611 0.066752 -0.004609 0.016145 0.088819 0.064500 0.017113 -0.103536 0.202580 -0.123595 0.057407 0.251536 0.151860 0.116050 -0.119246 0.052170 -0.145431 0.138698 0.050756 -0.003623 0.107172 0.180722 -0.429241 0.130908 -0.084885 0.085388 -0.019770 0.025731 0.139956 0.161075 0.036537 -0.018205 0.245785 0.234206 -0.193846 -0.103237 -0.005942 -0.216501 0.016389 -0.094265 -0.022011 0.216454 -0.162089 -0.178597 -0.064379 -0.004073 0.266221 0.154951 0.093996 -0.023047 -0.035452 -0.191262 -0.127305 -0.028428 -0.017620 0.039759 -0.077762 0.060612 -0.074864 0.069781 0.135979 -0.197571 -0.268620 -0.103435 -0.419277 -0.066092 -0.087204 0.030293 0.152986 0.065286
0.277448 0.070287 0.074759 0.202527 -0.332522 0.113596 -0.025722 -0.045689 -0.057339 -0.235410 0.207302 -0.239949 -0.554072 0.081384 -0.130801 -0.196696 -0.118877 0.176319 0.015275 -0.111609 0.090510 -0.124208 -0.118187 -0.290493 0.070322 -0.239654 0.205937 -0.087069 0.003727 0.121358 0.066395 -0.021916 0.276898 -0.252216 0.095115 -0.081626 0.181940 0.073806 0.269221 0.060575 -0.092831 -0.022245 0.180672 0.099853 -0.012266 0.352484 0.187714 0.104037 0.146924 0.297910 0.173012 -0.185049 -0.155352 0.047676 -0.211207 0.123898 0.041680 0.156265 -0.235869 -0.231655 -0.071375 0.100476 -0.168037 -0.150883 -0.028247 0.069363 0.082765 0.006358 0.105827 0.068360 0.107255 -0.144858 -0.006446 -0.166782 -0.094770 -0.007501 0.121495 0.063611 -0.041404 0.009949 -0.190343 0.122940 0.119714 0.135300 0.071250 -0.138836 0.263135 0.031611 0.014211 0.098216 -0.162151 -0.053783 -0.087131 -0.008997 -0.011275 -0.283463 -0.310529 0.048310 -0.109593 -0.077478 0.172027 -0.169244 0.126703 -0.092335 0.131933 -0.080163 -0.186802 -0.362458 -0.103325 -0.148564 -0.174705 -0.048213 0.054625 0.072133 -0.083673 -0.105327 -0.048231 0.146300 -0.151353 -0.044363 0.003794 0.127408 0.029838 0.007200 -0.081446 0.107632 -0.214545 0.091874
-0.187582 0.065121 -0.190403 -0.130680 0.024672 0.095259 0.041421 -0.148541 0.169036 -0.090596 -0.324227 -0.042461 0.075111 0.212727 0.124251 -0.086666 -0.083921 -0.036822 -0.021827 -0.039030 -0.014446 -0.095774 0.017852 0.167283 -0.040574 -0.065861 0.075822 0.046996 -0.011766 -0.044294 -0.153485 0.032837 0.031452 0.062667 0.035609 -0.146382 -0.200288 -0.100618 -0.074004 0.057215 -0.079644 -0.209927 -0.138353 -0.194097 -0.175888 0.076720 0.245086 0.090715 0.115888 0.012692 -0.039255 -0.225249 0.149709 0.039957 -0.022399 0.071485 -0.228574 -0.422562 -0.106437 -0.060250 -0.107458 -0.015632 -0.182159 -0.138208 0.140587 -0.052845 -0.095797 -0.055351 -0.121550 -0.320678 0.020311 0.001323 0.012112 0.036415 -0.014208 0.168623 -0.346922 -0.223848 0.130041 -0.110761 -0.109649 -0.312566 -0.053953 0.171026 0.160693 -0.040681 -0.146572 0.179933 -0.059173 -0.201352 0.029874 -0.167896 -0.045485 0.038504 0.160954 -0.159022 0.020112 -0.095381 -0.064057 0.118100 -0.301279 0.116957 -0.220158 -0.065906 -0.128392 -0.116964 -0.146516 -0.034932 -0.139094 0.112575 -0.153326 -0.011374 -0.104805 -0.165556 0.041071 -0.024772 -0.255205 0.048473 0.225096 0.049146 -0.035466 0.142576 -0.238570 0.003213 -0.006540 -0.074374 0.169335 0.142516
0.144437 -0.082079 -0.131400 0.040789 -0.342168 0.083319 -0.306586 -0.200614 -0.051002 0.175299 -0.058502 0.251702 -0.211339 -0.051615 0.025928 -0.163772 -0.246967 -0.152694 0.054934 0.040747 0.165527 -0.052496 -0.341525 -0.007273 -0.180011 0.123416 -0.044014 0.042129 0.075421 0.015452 0.086492 0.234711 -0.147015 0.055753 -0.030463 -0.205990 0.201545 0.110985 0.047262 -0.016574 -0.164819 -0.157232 0.027125 0.240323 0.126692 -0.023566 0.282638 -0.007905 0.002401 -0.147990 -0.076955 0.015871 -0.008761 -0.005079 -0.022993 0.089315 -0.220023 0.127733 -0.188442 -0.102917 0.114683 0.061358 -0.075352 0.171533 -0.181765 -0.073682 0.010037 -0.103786 0.127398 0.040330 -0.104122 0.045447 0.115999 -0.199134 -0.052192 0.312577 0.184700 0.086661 -0.105593 -0.090457 -0.206552 0.175296 0.220799 0.142630 -0.157771 -0.336562 0.148727 0.273021 -0.059305 0.078778 0.057797 0.147501 -0.121068 -0.066441 -0.019507 0.190619 0.242299 0.095619 -0.059213 0.180541 -0.180596 -0.012863 -0.120680 -0.054421 0.019763 -0.358213 -0.110444 -0.413757 -0.040116 -0.188402 -0.077744 0.080915 -0.297431 0.122864 0.038550 -0.054859 -0.206730 0.046007 -0.196933 -0.221288 -0.154685 0.149671 -0.031102 0.024091 0.074068 0.006345 0.088555 -0.248642
0.072711 -0.067103 -0.173306 0.106904 0.048780 0.106108 -0.082071 0.017150 0.094458 0.042631 0.194116 0.023117 -0.142276 0.106139 0.108785 -0.094331 -0.082446 0.074312 -0.037569 -0.100064 0.109655 0.071100 0.214653 0.050130 -0.132346 0.209403 -0.047418 0.022642 -0.024423 0.024948 0.005101 -0.066954 -0.118223 -0.024496 0.085821 0.074219 -0.040269 -0.083871 -0.236346 0.088612 -0.253492 -0.125549 0.109072 -0.246563 -0.276760 0.032183 -0.175476 0.049463 0.149519 -0.254737 -0.025042 0.339744 0.048869 0.031732 0.159417 -0.395665 0.026222 0.195850 0.146020 0.117790 0.187384 -0.186382 0.059394 -0.149540 0.126211 0.178261 0.178541 -0.027120 0.164773 0.254028 0.023755 0.135283 -0.096968 0.100516 -0.032469 -0.029748 0.091628 0.220207 -0.063116 -0.116360 -0.109801 0.063076 0.309795 0.146321 0.272337 0.014361 -0.208984 -0.234058 -0.113892 -0.458315 -0.160498 0.050261 -0.160939 -0.025347 -0.231210 0.095533 -0.104803 -0.350013 -0.040664 0.024762 0.149310 -0.251690 -0.028462 -0.055890 0.074650 -0.237717 -0.194037 0.067487 0.227242 0.115170 -0.040972 -0.007678 0.105070 -0.014776 -0.085163 0.323684 -0.015947 0.199760 -0.131322 -0.042736 -0.044812 -0.033960 -0.025778 0.104050 -0.083416 -0.113445 0.081045 -0.469292
0.211314 0.077246 -0.241582 0.066865 -0.170492 -0.178250 -0.176250 0.078508 0.160214 0.098485 0.128247 0.100935 0.103697 0.270903 -0.243142 -0.322466 -0.107644 -0.015970 -0.103612 -0.067811 -0.088037 -0.385285 0.024935 0.029188 0.106368 -0.220724 0.032664 0.019353 -0.082835 0.072074 0.011282 0.050624 0.126315 0.110258 0.207047 -0.009251 0.036675 0.200398 -0.036354 0.067720 -0.040791 0.302773 -0.006482 -0.249030 -0.015917 -0.144101 -0.029662 0.049320 -0.044078 -0.272462 0.093442 -0.166928 0.009259 -0.255980 0.295227 0.177837 -0.024897 0.395365 -0.161749 -0.099479 0.156309 -0.088395 0.102450 -0.117920 -0.392199 0.176630 -0.032825 -0.048929 0.057007 -0.006640 -0.153227 0.396970 0.150895 -0.196432 0.046997 0.054801 0.207667 0.381325 -0.199686 0.061927 -0.253112 0.279387 -0.024883 0.291980 0.168786 -0.083315 -0.122870 0.269773 -0.054492 -0.090432 0.049731 0.272494 -0.206989 -0.097419 -0.094088 0.211809 0.151341 -0.176641 -0.058385 -0.000423 0.377125 -0.315734 -0.010584 -0.119034 0.258669 -0.153816 0.064311 -0.307148 -0.052920 0.029209 -0.174552 -0.165025 -0.010252 -0.018405 -0.083345 0.234528 -0.138502 -0.261659 0.013001 -0.302618 -0.435916 0.214102 0.069867 -0.009720 -0.016741 0.164730 -0.062996 0.227166
0.144141 0.187146 -0.214048 0.399923 -0.566753 -0.191962 0.113887 -0.061636 0.134663 0.106390 0.290290 -0.232251 -0.118861 -0.069682 0.229149 0.056289 -0.099370 0.050972 -0.058861 -0.063696 0.276588 0.134789 -0.318393 -0.070704 -0.144791 0.009673 -0.332405 -0.051655 -0.031497 0.108445 -0.038630 -0.017478 -0.042349 -0.047402 -0.100294 -0.434480 -0.635007 0.161796 -0.202088 -0.144263 -0.151783 -0.169380 0.167075 0.295375 0.326065 0.054357 -0.000045 -0.283320 -0.108496 -0.192062 0.233745 0.124237 -0.090274 -0.335225 -0.203570 -0.016878 0.261329 0.205850 -0.004303 -0.154676 0.031821 -0.103597 -0.109072 0.153911 -0.026489 -0.120825 0.145285 -0.016388 0.144982 -0.242338 -0.408073 0.344744 -0.050981 0.140047 0.095530 -0.040308 -0.453898 -0.108006 0.256090 0.227725 0.246630 -0.109568 -0.230654 0.034203 0.229267 -0.230215 -0.284070 0.060963 0.060175 0.124268 0.108217 0.363818 -0.256964 -0.160048 -0.062700 0.359366 -0.100882 0.127252 0.066591 0.307445 -0.068964 -0.459977 -0.245080 -0.008249 0.183759 -0.218935 -0.101854 0.043060 0.004827 -0.086693 -0.070139 -0.124912 -0.083710 0.051245 0.066629 -0.074757 -0.476594 0.022160 0.027089 -0.304410 -0.136917 0.345549 -0.041695 -0.006137 -0.013961 -0.030855 0.064148 0.065859
0.058641 -0.299756 -0.169376 -0.149320 0.136787 -0.191182 0.033939 -0.098023 -0.228602 0.161477 0.348565 0.091129 -0.111934 0.113838 -0.057928 0.227957 -0.242160 0.013089 -0.045515 -0.453453 0.072312 0.073766 0.201925 0.170387 -0.018066 -0.104761 -0.066722 -0.099587 0.020239 0.080806 0.023657 0.028113 0.143274 -0.267575 -0.127091 -0.033227 -0.284805 0.122498 -0.256052 0.169140 -0.090898 -0.156164 0.187300 -0.009512 -0.188165 -0.172937 0.187422 -0.102167 0.016260 0.164085 0.236951 0.357706 -0.219123 0.134483 -0.053203 -0.030382 0.116899 0.105244 0.163146 -0.327140 0.353488 -0.021288 -0.405656 -0.147111 0.083890 0.210952 0.071797 -0.090372 -0.134250 0.033542 -0.089055 -0.083952 -0.138094 0.139881 -0.090994 0.021848 0.183110 0.316330 -0.187252 0.125776 0.049868 -0.097357 0.052877 0.050607 0.098292 0.097046 0.068615 0.084622 -0.065359 -0.038790 0.286727 0.303823 -0.064861 0.098305 0.056818 -0.064969 0.074068 -0.464420 0.017646 -0.123610 -0.091028 -0.163616 -0.076944 0.058681 0.224107 -0.037898 -0.035036 0.191654 -0.239885 0.178510 -0.317678 -0.004642 0.223244 0.095634 -0.025934 -0.107158 0.003457 -0.012955 0.070062 0.019628 0.085069 0.222064 -0.028206 -0.024665 -0.001409 -0.192588 0.172670 -0.188513
0.142895 -0.132977 -0.007262 0.062944 -0.149515 -0.281090 -0.129338 0.153568 0.001726 0.189411 0.274838 -0.172864 -0.276540 -0.033879 -0.112382 -0.576154 0.028541 0.099734 0.031418 -0.087838 -0.252510 0.014334 -0.005862 0.032996 0.407207 0.119275 -0.032601 -0.015935 0.012570 -0.147631 0.243954 0.135241 0.130555 0.172421 0.191643 0.500985 -0.066508 -0.145395 0.093227 0.014946 0.068140 -0.265756 0.064639 -0.454523 0.275503 -0.213105 -0.250512 0.064086 -0.676418 0.013772 -0.254867 -0.008901 0.214962 0.085948 -0.245198 0.073852 -0.173546 0.232972 -0.185653 0.156133 -0.097553 -0.146996 0.093262 -0.398798 -0.145532 -0.143200 0.163267 0.076488 0.156428 0.047643 0.442634 0.093440 0.001956 0.128307 -0.020376 -0.270188 -0.075649 0.094902 -0.379446 -0.080098 -0.060206 0.068297 0.192638 -0.166342 -0.187565 -0.020277 -0.198139 0.145243 -0.013612 0.009857 0.215080 0.268858 -0.040651 -0.240893 -0.150548 -0.158105 0.037033 0.188254 -0.078007 -0.159954 -0.075134 0.040231 0.124898 -0.090850 -0.035499 -0.271476 -0.055495 -0.241101 -0.033666 -0.341123 0.215304 0.036061 -0.124675 -0.344519 0.173386 0.367247 -0.151189 -0.020570 -0.187986 0.004959 0.040270 -0.355110 -0.188756 0.034132 0.015995 0.056299 0.260455 -0.082835
0.137780 -0.198665 -0.139814 0.180327 0.044317 -0.158624 0.090481 -0.023357 0.048706 0.064678 -0.137085 -0.018336 0.091967 0.053089 -0.286249 -0.541284 0.218782 -0.371253 0.040253 0.130468 -0.013381 -0.099418 0.188574 0.048813 0.227870 -0.151065 0.118037 0.215812 -0.027026 -0.286764 -0.301701 0.087363 0.223178 -0.213420 -0.152097 0.061230 -0.105888 0.111544 -0.453548 0.012913 -0.048398 0.180158 0.098634 -0.195386 0.011174 -0.228366 0.148024 0.107280 -0.167102 -0.116741 0.175636 -0.243842 0.127574 -0.150610 0.303629 0.141853 -0.011242 -0.056446 -0.031324 0.276329 -0.006059 0.108550 0.175156 0.024432 -0.263598 0.062497 -0.132084 0.002790 -0.111733 0.190264 0.208411 0.250779 -0.036229 0.016373 0.227396 0.113841 -0.055634 0.012231 -0.044802 0.278755 0.225726 0.090006 0.315698 -0.125255 -0.009799 -0.255793 -0.059224 0.039869 -0.047525 -0.052432 -0.382901 0.068234 -0.014051 -0.063782 0.057613 0.184760 -0.365764 0.247229 -0.076974 -0.103713 -0.038324 -0.257225 0.146845 0.102781 0.431945 0.059654 0.076915 0.220568 -0.003125 0.041100 0.122511 -0.137375 0.156510 -0.139377 0.010433 0.065705 -0.101929 -0.263331 0.081386 0.078902 -0.501195 -0.156880 -0.197417 0.103672 -0.110721 0.174969 -0.099636 0.030557
-0.048424 -0.296539 0.252623 -0.064606 0.095851 -0.169595 0.080252 0.035841 0.111178 -0.204518 0.009068 -0.137768 -0.015773 -0.313023 -0.372993 0.037449 -0.123491 -0.011879 -0.010246 -0.338941 -0.220007 0.123269 0.228222 0.316308 0.264468 0.212173 0.205113 -0.445430 -0.054028 -0.037158 0.244611 0.079220 -0.046566 -0.210742 0.179148 0.094039 0.006891 -0.223060 0.140549 -0.020522 0.239284 0.146600 -0.023688 -0.141053 0.036214 -0.356778 -0.416281 -0.301355 -0.001864 0.048562 0.091374 -0.023174 -0.121619 -0.141520 0.056702 0.177050 0.189318 0.186423 0.092348 -0.156004 -0.037165 -0.044722 0.144511 0.113076 0.063552 -0.191398 0.190675 -0.010947 -0.181184 0.015860 0.010924 -0.161271 0.159442 -0.126214 -0.134464 0.068584 0.132875 0.022851 -0.325444 0.127551 0.316781 0.034035 0.034089 0.126717 -0.029949 0.039031 0.027446 0.077254 -0.087916 0.186045 -0.143696 0.080550 0.019728 -0.106983 0.285706 0.008499 0.189158 0.228316 0.035728 -0.002665 -0.143840 -0.086132 -0.340085 -0.022843 0.152121 0.050595 -0.033604 0.049461 -0.072108 0.024968 -0.165137 0.057598 0.140904 -0.359025 0.276615 -0.130641 0.175792 0.264629 -0.108342 0.011112 0.230337 0.103277 0.079062 0.048409 -0.022959 0.109536 -0.168325 0.114466
-0.177479 -0.138271 0.126640 0.061019 -0.100355 -0.392532 0.111337 0.124562 0.163454 -0.288668 -0.298924 -0.030017 0.041683 -0.048352 0.055668 0.092578 0.113590 -0.026723 0.092829 0.208722 0.019021 0.160151 0.232030 0.180627 0.037639 0.352682 -0.149777 0.279652 -0.036387 -0.111988 0.048477 0.098468 -0.094201 -0.192887 0.006257 -0.210170 -0.197539 0.063864 -0.276550 0.012345 -0.058967 -0.224185 0.038932 -0.351839 -0.068625 -0.259666 0.242375 -0.043897 -0.061882 -0.276979 -0.107850 0.257788 0.425820 0.018680 0.175044 -0.090339 -0.449830 -0.053065 -0.090068 0.075172 -0.078697 -0.043145 -0.134492 -0.074256 0.069127 -0.008634 -0.153018 -0.021708 -0.064538 0.142400 0.028312 0.347261 -0.295377 0.071516 0.081971 -0.042941 -0.048412 0.027229 0.078567 0.122868 0.112974 -0.237995 0.023725 -0.065578 -0.050580 -0.072437 0.147073 -0.060919 0.011673 -0.042500 0.000567 0.178983 -0.100918 -0.039423 0.190044 0.089416 0.095413 0.056229 0.057298 -0.068114 0.108072 -0.233498 -0.126699 -0.115307 0.277035 -0.063095 -0.011718 0.016075 0.089120 -0.209583 -0.043527 -0.028486 -0.035203 -0.107867 0.073606 0.397202 0.067861 -0.049775 -0.142412 -0.252528 0.344807 0.160944 -0.184179 0.003001 -0.058239 0.161464 0.003173 -0.279920
-0.149943 -0.114446 0.048707 -0.301847 0.088332 -0.176400 0.428414 0.069735 0.082116 0.216132 0.128812 -0.053418 0.000237 -0.094707 0.167912 -0.088811 0.107729 -0.107597 0.168472 -0.020358 -0.134665 0.338074 0.031303 0.248934 0.238692 0.069673 0.258214 0.009782 -0.041372 -0.320981 -0.055614 0.021691 0.103324 -0.278743 0.013674 -0.248377 0.148640 -0.159132 -0.439648 -0.120521 -0.078433 -0.032508 -0.096027 0.041032 -0.009928 -0.074891 0.178915 0.112370 0.163430 -0.001403 0.080586 -0.109347 0.065354 0.110554 -0.137833 0.036209 -0.096001 -0.103768 -0.164166 -0.048073 0.032275 0.311643 0.158280 -0.262547 0.123554 -0.119841 -0.091940 0.024750 0.103235 0.126173 0.336140 -0.144140 0.188913 0.172294 0.360324 0.303219 -0.158082 -0.205904 0.076961 -0.067356 -0.304641 0.175347 -0.047500 -0.222978 0.021425 0.203311 0.242430 -0.046358 -0.061181 0.080443 -0.279380 0.226666 0.298858 0.039353 -0.159198 -0.035194 -0.127462 -0.020019 0.028850 -0.134468 0.266768 -0.190340 -0.291269 -0.066959 0.386208 0.030214 -0.032668 -0.065147 -0.012756 0.450132 0.082013 -0.044592 0.066158 0.031339 -0.142498 0.043396 0.105898 -0.383584 0.087259 -0.169329 -0.318584 -0.176508 -0.226023 -0.112973 -0.035660 0.008587 0.083948 -0.174255
0.001693 0.249252 0.127908 0.055823 0.067532 0.016199 -0.163107 0.054953 0.102914 0.041761 -0.153185 -0.058021 -0.104556 -0.108190 -0.105757 -0.154744 -0.008588 0.026662 -0.075435 -0.128881 -0.105483 -0.104550 -0.043474 -0.297724 0.065070 -0.049583 -0.213506 0.058913 -0.023584 0.072937 -0.070145 -0.049721 0.159683 0.225831 -0.102802 0.036739 -0.264763 0.160712 0.009754 0.098194 0.020810 -0.076121 0.211571 -0.218291 -0.039585 -0.135768 -0.037913 -0.194188 -0.230622 -0.025470 -0.124603 0.101711 -0.151533 0.020764 0.097761 -0.128183 -0.004796 -0.054969 -0.193994 -0.181142 -0.041314 0.090400 0.049730 -0.153985 0.032911 -0.195538 0.012218 -0.028162 -0.003528 -0.112781 -0.010556 -0.109517 0.032523 0.038378 0.001402 -0.098560 -0.201601 0.022211 -0.107362 -0.201703 0.038058 -0.128236 -0.057083 -0.105309 -0.126702 -0.043970 0.032950 -0.137455 -0.070731 -0.186212 -0.075321 -0.244438 0.171324 -0.139710 -0.071151 0.143156 -0.185700 0.103648 -0.028497 -0.134098 0.009540 -0.036793 0.075844 -0.012421 0.034340 -0.180321 -0.120980 -0.087479 -0.162375 0.033309 0.084762 -0.022615 0.019922 -0.054156 0.158650 0.098016 -0.041675 -0.011478 0.101001 0.093388 0.019671 -0.030016 -0.014596 -0.058882 -0.099345 0.028569 0.015268 0.279520
-0.304898 0.181974 0.038220 -0.048930 -0.351274 -0.132242 -0.345343 -0.094762 0.287668 -0.127732 0.307253 -0.219180 0.129882 0.165156 0.050136 0.064145 -0.015242 -0.021985 -0.071321 0.076932 -0.454905 0.014027 0.007968 0.056174 0.148019 0.303745 -0.171403 -0.349662 0.041596 -0.386682 -0.036378 -0.207000 -0.059278 0.193302 -0.021502 -0.092104 -0.003501 0.147273 0.117929 0.342394 -0.182927 0.018349 -0.374681 -0.292466 0.160057 0.122340 0.010557 -0.032401 0.023779 0.360704 -0.309357 -0.377674 0.013160 -0.047802 0.024951 -0.050975 -0.301104 0.121703 0.116293 -0.247067 0.135806 -0.043483 -0.007721 -0.041553 0.173374 0.094775 -0.424875 -0.142621 -0.254984 0.358771 -0.070402 -0.040231 0.083974 -0.094097 0.016177 0.002798 0.154113 0.036678 -0.053283 0.151270 -0.250549 0.054247 -0.117293 0.098228 -0.337009 -0.168742 0.017451 0.126608 -0.143615 0.039709 0.215665 -0.274704 -0.046424 -0.017010 0.216060 0.054804 0.093711 -0.046331 -0.101151 -0.162158 0.012126 -0.050970 0.151635 0.038573 -0.097294 -0.287238 -0.109330 -0.020460 -0.003928 -0.089937 -0.177224 0.031743 0.168268 0.068902 0.085147 0.083657 0.236894 0.168607 -0.125579 0.141306 0.165656 -0.013721 0.270760 -0.066417 0.054330 0.154393 -0.179979 0.040072
0.118396 -0.108167 -0.225646 -0.149361 -0.286324 0.088117 0.265145 -0.237958 -0.391949 0.199246 0.122458 -0.085728 -0.063953 0.073610 0.212329 0.019821 0.004286 0.174075 0.252702 -0.014188 -0.116001 -0.128655 0.193066 0.101869 -0.315328 -0.121038 -0.076160 -0.060711 -0.024024 -0.138351 0.124063 0.023376 0.198213 0.198787 0.039049 -0.249923 0.129444 -0.045768 -0.129725 -0.037800 0.001771 -0.148549 0.163134 0.068651 -0.039767 0.019588 -0.394605 0.304695 0.115806 0.098840 0.181579 -0.071631 0.048046 -0.027194 0.195650 0.148329 0.118991 -0.007718 -0.208565 0.410693 -0.188642 -0.251171 -0.204557 0.019380 -0.113257 -0.238931 0.002321 0.041993 -0.056707 0.145524 0.176892 -0.029903 0.215242 -0.235350 0.227025 0.089726 0.119244 0.029207 -0.015488 -0.001363 -0.025188 -0.072301 0.142728 -0.521404 0.168762 0.025411 0.029130 -0.016431 -0.053294 0.163944 0.067354 0.411547 -0.012896 0.271092 -0.032513 -0.028044 0.205538 0.059299 -0.037666 0.191080 0.025012 0.000546 0.090523 -0.061927 -0.030758 0.169086 0.173337 -0.291853 0.121637 -0.267213 -0.083273 -0.037176 0.076001 0.195725 -0.090135 0.081782 -0.130428 -0.139899 -0.230999 -0.075268 -0.136192 0.437534 -0.014674 -0.044636 -0.010299 0.103170 -0.002120 0.061221
-0.058296 0.089576 -0.093462 0.047805 -0.206063 -0.075099 0.103483 -0.031436 0.115935 0.040599 0.200798 -0.026717 -0.234881 0.162275 0.333416 -0.029919 -0.015737 -0.161370 0.160862 -0.319913 -0.077570 0.190099 -0.090043 -0.028455 -0.037365 0.117360 -0.274290 -0.419394 -0.013507 0.026865 0.037572 -0.063984 0.188682 0.149289 -0.052023 -0.241561 -0.158423 0.280673 0.111617 -0.030458 -0.143539 0.108314 0.072537 -0.148072 -0.013395 -0.257362 0.016549 -0.037084 0.147494 0.013148 0.098327 -0.014356 -0.022750 -0.141772 0.141500 0.106628 0.167074 0.361409 0.143091 0.119640 -0.096650 0.025775 0.234634 0.042619 0.057595 -0.215866 -0.021494 -0.014391 -0.054667 0.128655 -0.215544 0.200460 -0.239067 -0.063188 0.078175 -0.073233 -0.027037 -0.214664 -0.095578 -0.320349 -0.050246 -0.240978 -0.143969 0.099140 0.241939 -0.007697 -0.480446 0.198748 0.056138 -0.068483 0.133197 0.086599 0.092226 0.088427 0.022161 0.154496 -0.466234 -0.014514 0.020440 0.209053 0.117340 -0.500246 -0.471196 -0.080651 0.075244 -0.106283 -0.185693 0.126367 -0.298507 -0.203296 -0.116351 -0.033014 -0.086954 0.261784 -0.031210 -0.144393 -0.296417 0.030996 0.039388 -0.530526 -0.068779 0.054990 -0.067816 -0.079945 0.097502 -0.083258 0.322549 0.262906
-0.417667 -0.034667 0.208580 0.134405 -0.051942 -0.282845 -0.095372 -0.106388 -0.196580 -0.272481 -0.207013 -0.312534 -0.429414 0.013984 -0.224463 -0.108567 0.168223 0.155001 0.006240 0.069277 -0.043832 -0.031913 0.225186 0.176126 -0.007631 0.127487 0.302280 0.221105 0.113050 -0.031964 -0.278610 -0.315858 0.337641 -0.107493 0.056042 0.127491 0.109759 0.015896 -0.434274 0.130777 -0.072091 0.088617 -0.036265 -0.287557 -0.155393 0.180044 0.141134 0.062526 -0.143259 -0.233898 -0.046291 -0.001729 -0.205396 0.159306 -0.021516 0.109866 -0.032590 0.230338 -0.009633 -0.032128 -0.143775 -0.110292 0.045012 -0.055626 0.288782 -0.230857 0.131688 -0.006103 0.217342 0.038954 -0.384630 0.270228 0.155275 0.094698 -0.243209 0.204390 -0.002659 0.222638 -0.160577 0.151734 0.133803 -0.297549 0.178935 -0.042721 -0.147777 -0.060208 -0.280453 -0.156539 -0.099039 -0.216908 0.168951 -0.404546 -0.546622 -0.003654 0.064838 -0.095391 0.050434 0.261124 -0.043690 0.287899 0.087885 0.186538 0.237039 -0.105292 0.462995 0.064842 -0.023391 -0.024845 -0.112062 -0.223500 -0.126128 -0.124160 -0.057311 0.112197 0.050574 -0.186576 0.028104 0.102665 -0.070291 0.099031 0.271397 0.350967 -0.124659 -0.057714 -0.062243 0.213470 -0.330549 0.257610
0.032569 -0.047908 -0.112703 -0.035132 0.011759 0.077858 -0.145991 0.119751 0.011720 -0.057265 0.146967 0.207845 -0.542978 0.080133 0.046127 0.069102 -0.122901 -0.294682 0.168151 -0.095951 -0.085446 0.008415 0.008991 -0.089783 0.006590 -0.142480 0.060992 0.015770 -0.096121 -0.100492 -0.086635 -0.073932 -0.110181 -0.062079 -0.110936 0.009737 -0.232609 -0.205526 -0.222047 -0.076996 0.020911 0.002990 0.017883 0.074133 0.123329 -0.371842 0.057473 -0.039005 0.166080 0.017234 0.091982 0.063289 0.026883 -0.170021 0.072683 -0.090105 -0.045697 0.323098 0.032444 -0.103171 -0.048869 0.023336 0.050459 -0.017659 0.075123 -0.052140 0.148857 -0.019866 0.176590 -0.242674 -0.183863 -0.051467 0.128600 0.168602 -0.213526 0.061607 -0.070067 -0.133213 0.022888 -0.241248 0.045599 0.069601 -0.354530 0.016125 0.120224 0.221684 -0.027264 0.174119 -0.048915 0.258257 0.031756 0.261511 -0.107743 -0.059550 0.082482 -0.249097 -0.048838 -0.091251 -0.085115 0.161000 -0.195212 -0.026314 -0.306138 0.009210 0.198675 -0.066079 -0.009583 0.089482 0.035553 -0.114961 0.059190 -0.084226 -0.062395 0.015911 0.060579 -0.147020 -0.199737 0.047602 0.123152 -0.323444 0.089159 -0.216637 0.073622 -0.025378 -0.087130 0.192055 -0.287157 0.060671
-0.056129 -0.190678 0.193121 -0.045929 -0.054665 -0.002110 0.093969 -0.171850 0.051501 -0.037088 -0.035298 0.045192 0.097966 0.003215 0.111315 0.207094 0.203287 0.181944 -0.177779 -0.094141 0.161640 0.052894 0.003087 -0.009217 -0.078491 -0.276911 -0.167771 0.150273 0.022727 -0.027266 0.021321 0.039309 0.137744 -0.156544 -0.007720 -0.278559 0.104790 0.177161 -0.176681 0.072475 0.257866 -0.006570 -0.109536 0.026859 -0.025850 -0.108620 0.084356 0.121382 0.150464 0.041953 -0.017032 -0.029413 0.132137 0.101360 -0.040155 -0.004134 0.138718 -0.075322 0.005097 0.051375 -0.172890 -0.102948 -0.044228 -0.185619 -0.142899 -0.025900 0.137534 -0.036658 0.025535 -0.224403 -0.006454 -0.213546 0.059723 -0.118484 0.130707 0.050230 -0.489173 0.070029 0.135485 0.061074 -0.153718 -0.155467 0.003771 0.009373 0.083303 0.234833 0.069671 0.050195 -0.060120 -0.254703 0.114876 -0.019065 -0.100490 0.127401 0.156466 0.046150 0.024702 -0.242681 -0.057348 0.265189 -0.082148 -0.081496 -0.176077 0.062092 0.087989 0.037064 0.140125 0.011798 0.116804 0.076032 0.033987 -0.094495 -0.006815 0.075184 -0.361749 -0.245548 -0.089349 -0.120616 -0.071526 -0.033926 -0.135754 -0.020844 -0.177836 0.011420 -0.038859 -0.061928 0.190500 -0.032185
0.064333 -0.219256 -0.150913 0.230210 0.161120 -0.099102 -0.260340 0.234093 0.021257 -0.046359 -0.082273 -0.019727 -0.331507 -0.169655 -0.248079 0.198079 -0.141321 -0.222923 -0.141141 -0.120402 -0.109208 0.099674 0.239000 0.359133 0.066358 0.135682 0.081322 -0.170328 0.003760 0.072357 0.168120 -0.187321 0.032814 -0.226965 0.143981 -0.374522 0.022455 -0.207293 -0.275283 0.334633 0.048245 0.082104 -0.029937 -0.038238 0.033601 -0.207971 0.087993 0.110402 -0.058505 -0.064784 -0.128527 -0.050503 -0.001513 -0.240715 0.023479 -0.304217 0.006898 0.000807 -0.003545 0.187725 0.215171 0.204684 0.306358 0.248988 0.078413 -0.061504 -0.203747 -0.038435 0.056575 0.217277 -0.083849 0.233749 0.072157 0.195863 0.010168 -0.392775 0.005266 0.201445 -0.302286 0.081050 0.353120 -0.319169 -0.167226 0.185337 -0.239268 0.046514 -0.051531 -0.044194 0.026334 0.140398 -0.013118 -0.011832 0.100080 0.047144 0.316559 -0.430411 0.099503 -0.221911 -0.007433 0.228809 0.203949 -0.313967 -0.295352 -0.045363 0.085996 -0.108046 0.015202 -0.097272 0.347764 0.079044 -0.371477 -0.064917 -0.024700 -0.087787 0.201536 -0.042080 -0.073997 -0.015313 0.112847 -0.106527 0.107234 0.053269 -0.228505 -0.095876 -0.015229 -0.227824 -0.303707 -0.273019
0.098212 0.008344 -0.195357 0.286593 -0.257064 -0.099862 -0.152228 0.323045 -0.105518 0.245834 -0.032975 -0.018403 -0.189293 -0.156925 0.184712 0.076783 -0.017395 -0.248168 -0.137738 0.223973 0.288965 -0.154757 -0.517184 0.137153 -0.017778 -0.155196 -0.145173 0.048559 -0.015604 -0.085715 0.167573 0.317181 -0.161131 0.214514 -0.100953 0.006403 0.035111 -0.019134 -0.002504 0.058020 0.183021 -0.160606 0.232076 0.101831 0.212042 0.069895 -0.012194 -0.095222 -0.007495 -0.116153 -0.117904 0.052452 0.053380 -0.120290 -0.289918 -0.168376 -0.011756 -0.062821 -0.214909 -0.056821 -0.149888 0.012235 -0.097856 0.186053 -0.198812 -0.132335 0.271129 -0.082411 -0.002581 0.215027 0.092973 -0.113023 -0.168702 0.033845 -0.016115 0.251292 0.220627 0.102365 0.092435 0.148553 -0.132709 0.212839 0.189629 0.177760 -0.152575 -0.134940 -0.187866 0.276693 -0.006374 0.236264 0.152930 -0.052296 0.008545 -0.076060 0.243983 -0.046269 0.204199 -0.081764 -0.049212 -0.040050 -0.180418 0.140218 0.023533 -0.036002 -0.101049 -0.004979 -0.135616 -0.486977 -0.129953 -0.122201 -0.337021 -0.056030 -0.084837 -0.325749 0.016322 0.069087 -0.325650 0.196276 -0.075184 -0.270221 -0.136507 0.207346 -0.014716 0.037602 0.092246 0.158117 0.127393 -0.159341
-0.073670 -0.081200 0.050444 -0.107505 0.039048 -0.264214 -0.170706 -0.074839 0.326690 0.000944 0.299275 0.084313 0.305872 0.012037 0.075122 0.112901 -0.292101 -0.091184 -0.294326 0.148302 0.029746 -0.025187 0.188221 0.030317 0.021852 0.040462 -0.055885 -0.453381 -0.061890 -0.022625 0.006492 0.180809 -0.237164 -0.309672 -0.037866 -0.077315 -0.105592 -0.491471 -0.407234 -0.039534 -0.115047 0.109165 0.190763 -0.021737 0.219946 -0.296464 -0.069648 0.005275 0.305019 -0.334529 0.065380 0.166611 0.033740 0.074752 -0.087887 0.000529 0.025990 0.175219 0.014213 0.077295 0.106768 -0.124158 0.040222 0.041764 0.111969 0.123742 0.116612 -0.076701 0.174165 -0.056537 0.093579 -0.088588 0.065401 0.264942 -0.041464 0.188272 -0.179667 -0.058530 -0.270170 -0.262031 -0.095248 0.134237 0.176936 0.114557 0.119083 0.008852 -0.026474 0.233953 0.006205 0.122198 0.121698 0.147041 0.034303 -0.129393 -0.092580 0.272742 0.020492 0.089097 0.024762 -0.257899 0.102616 -0.076865 -0.140328 0.028892 -0.003751 -0.203765 0.236579 0.006105 0.063445 -0.024569 0.071993 0.020582 -0.038416 -0.175045 -0.042787 0.492534 -0.130717 -0.312932 -0.415288 -0.036139 -0.236989 -0.150449 -0.136802 0.028855 -0.002594 -0.084600 0.109749 -0.261670
0.118672 -0.016167 -0.031971 0.058127 0.120083 -0.154733 0.099017 0.181143 -0.063524 0.077638 -0.072814 -0.049647 0.234524 0.305508 0.263857 0.032187 -0.131376 0.155385 0.086128 -0.090672 -0.087455 0.077992 0.150415 0.279423 0.221739 0.206073 0.141722 0.033966 0.071274 0.013059 0.063773 -0.025123 0.320466 -0.208405 0.034215 -0.007097 -0.006580 0.198801 0.076951 -0.120182 0.046865 0.134119 -0.316047 -0.283819 -0.018704 -0.186912 -0.260510 -0.100718 0.073157 -0.008182 0.264262 0.125908 -0.113745 -0.109307 -0.246535 0.139101 -0.197058 0.087704 -0.194700 0.322128 -0.245179 -0.176160 0.217484 0.301281 0.115567 -0.112597 -0.095260 0.005118 -0.055216 0.046853 -0.119041 0.029385 -0.307001 0.112516 0.178596 0.166089 0.264111 0.008574 -0.255208 -0.229131 0.175543 0.209762 0.000259 -0.103299 0.109426 -0.469701 -0.090315 -0.008911 -0.037115 0.054545 0.048033 -0.108263 0.007125 0.039771 0.095260 0.090029 0.056407 0.045874 -0.081228 0.038128 0.101223 -0.210789 -0.123995 -0.031101 0.178950 0.161993 -0.075455 0.108029 0.398198 0.281758 0.093719 0.019945 0.061434 -0.243407 0.085630 0.357712 -0.321860 -0.038942 0.125463 0.146331 0.404312 0.013951 0.131963 0.047633 -0.049671 0.277985 -0.087172 -0.101950
-0.213464 0.124970 -0.078435 -0.146931 -0.271749 0.062175 0.053099 -0.202057 0.088576 0.247399 -0.025592 0.054239 0.187460 0.025994 0.097241 -0.071279 0.054831 0.149138 0.003789 -0.010549 -0.178901 -0.258279 0.424946 0.191057 -0.056639 0.037955 -0.021982 -0.344395 0.030822 -0.030333 0.228799 -0.283075 0.404551 0.279900 0.099351 -0.049570 -0.103366 0.055148 -0.164368 0.290416 0.073753 -0.058739 0.004747 -0.055230 0.113109 -0.275991 -0.216071 0.326321 -0.075551 -0.048422 -0.176130 -0.124284 0.164837 0.037865 -0.061776 -0.281929 0.023747 0.153380 -0.003934 0.114969 0.114079 -0.089358 0.316233 0.231681 -0.012551 0.090245 -0.088959 0.045315 0.006790 -0.120834 0.117604 0.158863 0.024893 -0.093643 -0.093004 0.130728 -0.029025 0.186739 -0.212691 0.031835 -0.424916 0.304479 0.145152 0.046584 0.206149 -0.123522 -0.114817 0.265102 -0.076902 0.209608 -0.265689 0.005567 -0.027396 0.127062 -0.115549 -0.014729 0.268584 0.042050 0.039017 -0.289103 -0.039728 -0.015581 0.148901 -0.032685 0.396866 -0.226119 0.153534 0.186388 0.070710 -0.088138 -0.118997 0.033590 0.030879 -0.123564 0.167494 0.145800 0.137787 -0.344830 0.065002 -0.080893 0.195216 0.252872 0.036639 0.020124 -0.054003 0.203582 -0.091650 0.109642
-0.015665 -0.072995 -0.098023 0.077611 0.127560 -0.038010 0.176232 -0.223741 0.056071 0.079432 0.225815 -0.352334 -0.266128 -0.035505 -0.183247 -0.091733 0.129456 -0.045205 -0.355199 0.149451 -0.067873 -0.149776 -0.012126 0.298949 -0.142940 0.031834 0.105477 -0.011334 -0.017328 0.000801 0.121924 0.024733 0.284731 -0.258527 -0.035761 -0.046082 0.050332 0.164867 -0.310100 0.203593 0.020697 -0.100481 -0.174928 0.034433 -0.310906 -0.239000 0.084654 0.108694 -0.320360 0.115903 0.022390 -0.089274 0.083750 -0.100522 -0.140796 -0.274949 0.031109 0.203070 -0.247175 0.131757 -0.056023 -0.074594 0.131294 -0.087252 -0.106385 -0.431030 -0.230768 -0.147224 0.021353 0.309477 0.043663 0.203183 -0.187862 -0.128132 -0.033113 0.119873 0.081780 -0.023622 -0.150164 -0.055676 0.153182 0.131134 0.267338 -0.108432 -0.162222 -0.130816 -0.123844 -0.028631 -0.042366 -0.037558 -0.405688 0.104419 -0.260361 -0.130561 0.025279 -0.190047 -0.050528 0.027329 -0.026795 -0.030674 -0.100174 0.026612 -0.101023 0.074926 0.339076 -0.058501 0.036223 0.000078 -0.229164 -0.125432 -0.234435 -0.047142 -0.066180 0.167911 0.031274 0.064380 -0.009476 -0.063439 -0.310863 -0.201288 -0.288662 0.316276 0.065011 0.074189 -0.071643 0.196588 0.037867 0.010312
-0.442341 0.121288 -0.101973 0.064283 -0.199649 -0.012243 -0.078873 0.138808 0.191522 -0.091632 -0.215579 0.141098 0.119368 0.121263 -0.089975 -0.185719 -0.187427 -0.051537 0.026129 -0.093064 0.275837 -0.069737 0.164266 -0.138920 0.045593 -0.038461 0.102364 0.029198 -0.050140 -0.086779 0.186964 0.213867 -0.112199 0.126058 -0.045921 0.007558 0.184944 0.019392 -0.043146 0.289420 0.020316 -0.266100 -0.103623 -0.109286 -0.144852 -0.038637 0.411251 -0.079285 -0.236474 -0.238240 -0.292943 0.217476 -0.106276 0.063332 0.147489 -0.317744 0.067354 -0.298881 -0.240468 0.205373 0.090259 0.074292 0.190704 -0.076669 -0.251116 -0.174625 -0.192134 -0.210825 -0.009982 0.064627 0.173969 -0.164819 -0.059906 0.025820 -0.130099 -0.147737 0.186867 -0.197157 0.017952 -0.028050 0.190489 -0.078191 0.099187 -0.151303 0.098991 -0.197036 0.130394 0.178879 0.021774 -0.140298 0.056982 -0.088494 0.229034 0.297304 0.163642 -0.329273 -0.046146 0.127165 -0.050041 0.290965 0.119790 0.048149 -0.100278 0.047032 -0.058031 0.131797 -0.050623 -0.213431 0.096856 0.245236 0.035015 -0.027152 0.044615 0.014991 -0.030172 0.193643 0.009455 0.004407 -0.291211 -0.075819 -0.397852 -0.008821 0.209971 0.042420 0.029727 -0.040586 -0.010532 -0.248824
0.316032 0.231870 -0.107000 0.143223 0.015116 0.018567 -0.169383 0.045831 -0.394942 0.192437 0.109983 -0.148711 0.007741 -0.147594 0.092940 -0.034527 0.009631 -0.001428 0.058461 -0.083443 -0.157388 0.027103 -0.019717 -0.027961 -0.203807 -0.120515 -0.175351 -0.145084 -0.000624 0.100520 -0.113426 0.235492 0.111851 0.160690 -0.000316 0.313625 0.127438 -0.139527 0.241904 0.010475 -0.043203 -0.192769 -0.098889 0.192880 -0.314721 0.399743 0.034883 0.075367 0.353805 -0.185674 -0.184324 -0.167397 0.076038 -0.166208 0.205879 0.020176 -0.055762 0.036100 0.099373 0.168842 -0.039810 -0.229658 0.153011 -0.050701 -0.033637 -0.312991 -0.141100 -0.107670 0.124570 0.123542 -0.210815 0.111219 -0.108796 -0.181545 -0.048233 0.083747 0.250509 0.033073 0.177657 0.131811 -0.358672 0.270168 -0.071431 0.076065 0.161084 0.031452 0.203380 0.218307 -0.046834 -0.100783 -0.303616 -0.012694 -0.417726 -0.047559 0.168615 0.140397 -0.138600 -0.419033 0.078272 -0.105307 0.007983 0.042117 0.089322 0.012354 0.084072 0.120426 -0.038103 -0.236878 0.066139 -0.186370 0.032932 -0.038524 0.112695 0.208176 -0.235867 -0.115201 -0.305440 0.175185 0.023708 -0.014432 0.042875 -0.032231 0.091694 0.005397 -0.037201 0.047410 -0.041094 -0.088401
-0.018971 -0.164381 0.041538 0.151316 -0.078633 -0.030910 -0.075358 -0.007791 -0.113632 0.190880 0.297838 -0.006582 0.019544 -0.314399 -0.334893 0.107697 -0.170252 -0.059519 -0.124489 -0.116732 -0.117395 -0.232148 -0.114235 0.289382 0.249188 0.066079 -0.091485 -0.318678 -0.064383 -0.218095 0.250084 0.321274 0.039619 0.198671 -0.007103 0.032678 -0.012476 0.093203 0.009167 -0.213283 0.263442 -0.152160 0.199035 -0.086594 -0.096833 0.072164 0.012053 0.051797 -0.342555 -0.083415 -0.232593 -0.284114 0.009933 -0.127204 -0.213944 0.010943 -0.155215 -0.201769 -0.021226 -0.178401 0.019966 0.099912 -0.068505 -0.024930 0.179456 0.135376 0.421579 -0.019454 0.335407 0.057160 0.002007 0.050019 -0.168059 -0.171326 0.375478 -0.116142 -0.047760 0.393758 0.141693 -0.059132 0.033233 0.177329 0.052549 -0.084770 0.344008 -0.068137 -0.052812 -0.076519 -0.027360 -0.080957 -0.031727 -0.014382 -0.096369 -0.389280 -0.002583 0.125592 0.340848 -0.150703 0.014487 -0.010186 -0.160474 -0.155342 -0.134817 0.041240 -0.009225 -0.026269 0.011084 -0.071674 -0.094034 -0.285312 0.071475 -0.052298 0.001151 -0.077885 -0.015093 0.083442 -0.051770 -0.261303 -0.011006 -0.063802 -0.140526 -0.007027 -0.044396 0.017901 -0.066713 0.072355 -0.040304 0.167928
-0.215173 -0.616273 -0.110460 -0.237598 0.021491 -0.085501 0.143301 0.189873 -0.001751 0.110507 0.283748 -0.114700 0.244070 0.289669 -0.057125 -0.040358 0.215621 -0.078542 -0.037035 -0.171735 0.020090 -0.032220 0.169928 0.016423 0.390421 -0.030634 0.070868 0.252440 -0.022751 -0.063782 -0.098488 -0.007918 -0.068410 -0.031358 -0.146657 -0.253724 -0.019762 -0.128753 0.056125 0.000833 0.101984 -0.129530 0.086278 0.239028 0.276289 -0.323122 -0.195728 -0.057266 -0.058168 0.014172 -0.402957 0.206169 0.159808 -0.023070 -0.042328 -0.064707 -0.014435 -0.122884 0.028810 0.092052 0.045438 0.017438 -0.138048 -0.098443 0.144254 0.029985 0.098074 -0.000399 -0.198680 0.058044 -0.047553 -0.264018 0.093925 0.316294 0.289670 0.234256 -0.224998 -0.107743 -0.170550 -0.092347 -0.151522 0.346389 0.073229 0.067657 0.247031 0.200888 -0.238900 -0.044719 0.001965 -0.067594 0.214737 0.293367 -0.166478 0.041769 0.106782 -0.010076 -0.202654 -0.387611 -0.046840 -0.010660 -0.085348 -0.135369 -0.218499 -0.071900 -0.029392 -0.127151 0.019336 0.031118 -0.127489 -0.100474 0.140857 -0.051561 -0.061020 -0.021964 -0.359255 0.062364 0.072407 -0.368953 -0.255924 -0.060626 -0.109984 -0.051927 -0.293100 -0.006838 -0.080788 0.012745 0.187501 -0.215743
0.062423 0.129108 -0.244554 -0.207367 -0.055677 0.095674 0.261586 -0.005011 0.264730 -0.149739 0.019861 0.077035 -0.063114 0.027846 -0.042291 0.028237 0.010033 0.161963 0.090110 0.115862 -0.435225 0.110294 -0.186585 0.288434 -0.089795 0.163793 -0.363321 -0.092552 -0.047147 -0.157410 -0.204199 0.230562 0.322467 0.311927 -0.123311 -0.162280 0.029663 -0.066066 0.025783 -0.006302 0.127021 0.052082 -0.339344 0.177097 0.207249 0.295419 0.107554 0.007749 0.058901 0.111835 0.045418 0.075323 0.170374 -0.062017 0.061814 0.017458 -0.348970 0.053391 0.149094 -0.071825 -0.105911 0.116064 0.063713 0.017039 0.081060 -0.000736 -0.174799 -0.172837 0.114079 -0.010066 -0.170718 0.136804 -0.071793 0.294995 -0.199551 -0.106968 0.063377 -0.033246 -0.005623 0.117392 0.153391 0.103842 0.029895 -0.009032 0.227266 -0.091881 -0.300914 0.011124 0.026627 -0.078535 -0.175566 -0.136705 -0.031602 0.174990 0.138462 -0.384506 -0.076055 -0.176890 0.036960 0.038297 -0.153167 -0.299067 -0.061122 -0.031431 0.050358 -0.002002 -0.056677 -0.199171 0.027346 -0.172895 -0.242949 0.014240 0.077958 0.138550 0.129231 -0.016178 0.086820 -0.018865 0.146913 -0.172777 0.055527 0.237302 -0.044748 0.025566 -0.070566 0.037755 -0.175574 -0.024885
-0.074945 -0.045619 0.176147 0.182778 0.025732 0.133335 0.335488 0.173352 -0.032634 0.161068 -0.258521 0.083298 0.164462 -0.189760 -0.079790 -0.326809 -0.185075 -0.088326 -0.341741 -0.244949 0.058029 -0.077930 -0.079456 -0.075628 -0.194129 0.083778 -0.114865 0.174303 -0.029685 0.120499 -0.056492 0.345710 0.051985 -0.155512 -0.041610 0.065553 0.188375 0.096237 0.063342 0.107682 0.047631 -0.048692 0.124615 -0.230304 -0.174547 -0.062706 0.193752 -0.078858 0.185687 -0.145875 0.077088 -0.020556 -0.118010 0.048605 -0.051454 -0.001964 -0.097674 -0.148044 -0.013209 0.212175 -0.045070 0.092171 0.095583 0.127914 0.029289 -0.255488 -0.281332 0.042098 0.278035 0.414158 -0.074077 0.042219 -0.191919 -0.059011 -0.047108 0.097640 0.297211 -0.107475 -0.138970 -0.215466 -0.047007 -0.007783 0.332038 -0.125241 -0.108542 -0.089639 0.127546 0.090481 0.029335 -0.054959 0.190605 -0.257682 0.106983 -0.068925 0.016363 -0.182889 -0.161049 -0.409037 0.098183 0.352564 -0.089577 -0.041196 0.142510 -0.010725 0.303243 0.037303 -0.031245 0.045822 0.164420 -0.118131 -0.360612 -0.034921 0.053587 -0.112148 0.107552 -0.073881 -0.150849 0.081118 0.165041 -0.035846 -0.251134 0.209187 0.059389 0.015542 -0.058312 0.116242 0.045257 -0.208835
0.059613 0.029496 -0.107743 -0.042124 -0.447715 -0.213325 0.090517 -0.033413 0.347289 0.194875 0.089518 0.048090 0.280938 -0.107233 -0.013579 -0.312341 0.104288 -0.148798 -0.174166 0.309395 0.091952 -0.084880 0.209667 0.033945 -0.133577 -0.345916 -0.101280 -0.272286 0.016940 0.061642 -0.356232 -0.038716 0.421699 0.065486 -0.002651 0.283341 0.339252 0.045297 -0.029856 0.004731 0.129285 -0.006449 -0.169067 0.007503 0.100039 0.000644 0.057999 0.161333 -0.120531 -0.202152 -0.184941 -0.103968 0.050030 0.008042 0.091283 -0.041419 -0.334613 0.091381 -0.021210 -0.259680 -0.272012 0.036413 0.140751 0.144905 -0.343785 -0.195462 0.096084 -0.001972 0.055488 0.071617 0.155545 0.092504 0.171844 0.009387 0.107394 -0.124195 0.195394 0.242320 0.005800 -0.050973 -0.014158 0.132962 -0.110969 -0.086160 0.152965 -0.204628 -0.269201 0.349049 -0.046769 0.009385 -0.164732 -0.084378 -0.047423 -0.014901 0.036583 -0.343396 0.017925 0.083507 -0.131076 -0.120862 -0.163660 -0.207192 -0.052831 -0.020822 0.357402 0.152467 0.011277 0.123168 -0.228652 -0.166794 0.191774 -0.015276 -0.205472 -0.201932 -0.077877 -0.044603 -0.158019 -0.307037 0.005081 -0.041339 -0.203766 -0.076452 0.068027 -0.066690 -0.002163 0.238086 0.048053 0.102864
-0.060081 0.055466 0.243136 0.013036 0.193570 -0.082009 -0.117562 0.093013 -0.051813 -0.024982 -0.380622 0.045505 0.378051 -0.131127 0.293578 0.005102 0.374662 0.038049 -0.134649 -0.145147 0.246512 -0.050706 -0.227425 0.013515 -0.070919 -0.287677 0.007218 0.176412 0.083446 0.457400 0.251052 0.171410 0.330286 -0.187584 -0.010467 0.024978 -0.199119 0.000385 0.122019 -0.427371 -0.028387 0.171036 -0.216922 0.050944 0.018587 0.005468 0.085780 0.171791 -0.000113 -0.085628 -0.078319 0.452654 -0.166955 -0.179062 0.083090 -0.229725 -0.170341 0.083924 -0.250950 0.110596 -0.136993 -0.065869 0.147164 -0.033413 0.026294 0.028019 -0.078772 -0.043814 0.343985 0.160879 0.097045 -0.054847 -0.164502 0.166879 0.043483 -0.226184 0.133304 0.197914 0.195904 0.039455 -0.306808 -0.016329 0.116045 -0.058619 0.056720 -0.214395 -0.094771 -0.073397 0.035214 0.269648 -0.030404 -0.015304 0.042808 0.325717 -0.046013 -0.057761 -0.080229 -0.096118 -0.000810 -0.295296 -0.063349 -0.085942 0.238719 -0.055967 0.095346 -0.202313 0.137468 -0.340163 0.041746 -0.035581 -0.071920 -0.007624 -0.260103 0.080274 0.075063 -0.120131 -0.068734 0.130484 0.140237 0.157703 0.065300 -0.087652 -0.079111 -0.034022 -0.155690 0.132579 0.044434 0.202816
-0.130267 0.129459 0.081077 0.230367 0.191307 -0.209362 -0.347586 0.119636 0.136200 -0.273378 0.049522 0.068087 0.097463 -0.193879 -0.017717 0.024450 0.116852 0.184858 0.230224 0.018432 0.209787 0.312346 0.162477 0.109175 -0.009921 -0.169147 0.107205 0.033879 0.013312 0.107996 0.012107 -0.363785 -0.155152 0.027905 0.017701 -0.227840 0.079573 0.003909 -0.008046 -0.482584 -0.061960 -0.090956 0.160604 -0.019682 0.210121 -0.242606 0.050532 -0.082355 -0.064261 -0.095385 -0.057582 0.188012 0.323879 -0.012476 0.000996 0.214673 0.053339 0.043321 -0.241885 0.114058 0.142080 0.029047 0.108514 0.144520 0.037268 0.307360 -0.125821 0.015557 0.049532 -0.014120 -0.032427 0.210232 -0.186955 -0.226438 -0.173249 -0.025001 -0.003294 0.159765 -0.058935 -0.193554 0.072540 -0.043509 -0.080032 -0.139025 -0.128932 0.064997 -0.172290 0.179620 -0.037777 0.010137 0.065686 0.251874 -0.102467 0.144229 0.234943 -0.043205 -0.113484 -0.021433 -0.018022 -0.012008 -0.161063 0.052939 -0.055296 -0.113944 0.243921 0.001570 -0.137836 0.183237 -0.210504 -0.021997 0.049637 0.005415 -0.156696 -0.140753 0.160208 0.098896 0.136263 -0.023494 0.154361 0.060774 0.240501 -0.163540 -0.056896 -0.053084 -0.097931 -0.036098 -0.239558 -0.138716
0.047836 0.208758 -0.057318 0.032800 -0.005166 0.134590 0.030703 0.176719 0.035381 -0.237923 -0.061027 0.156880 0.017503 -0.137075 0.350172 0.017125 -0.081793 0.009045 0.113523 -0.121033 -0.021064 -0.104409 -0.011952 -0.162735 -0.260744 0.244728 0.197838 0.162171 -0.081423 0.140986 -0.131960 0.005868 -0.026762 0.149211 -0.111078 0.041335 -0.007680 -0.109150 -0.142719 -0.542142 -0.188331 -0.064309 0.010576 0.002824 0.125934 0.015347 0.035476 0.063261 0.082352 -0.246596 -0.024309 0.178952 0.212393 -0.149623 0.069428 0.119516 0.117338 0.282320 0.113127 0.001543 0.079463 -0.159551 0.080988 -0.101929 -0.093789 0.039851 0.139421 0.084130 0.134661 -0.359567 0.043255 0.048218 -0.166893 -0.302509 -0.385587 -0.201020 0.208077 -0.045808 0.019451 0.156894 0.020388 0.119796 -0.117633 0.106804 0.052640 0.148765 0.099979 0.049957 0.024845 0.032221 -0.098428 0.051909 0.005285 0.056727 -0.143292 -0.053680 -0.192143 0.072810 -0.005814 0.045688 -0.048480 0.042576 0.097820 -0.057410 0.069738 0.013298 -0.068083 0.020801 0.159868 -0.107033 0.107776 -0.147054 -0.013907 0.168763 0.067497 -0.032518 0.100712 0.161054 0.115752 -0.041155 0.248983 -0.038677 -0.134458 -0.073025 -0.045632 0.218794 -0.247341 0.064423
0.147507 0.111182 0.297126 0.026960 0.080159 -0.124877 -0.080764 0.171664 0.195124 -0.233349 0.002051 -0.171478 0.048316 -0.144246 0.079131 0.043660 -0.207979 -0.026058 -0.038046 -0.086882 -0.072473 0.099491 0.089381 -0.064378 0.143215 0.126129 -0.064916 -0.038113 -0.143985 0.231117 -0.024404 -0.024389 0.203102 0.026382 -0.109213 0.186842 0.065870 0.048337 0.143158 -0.211906 -0.040398 -0.119539 -0.122083 -0.110931 -0.029607 0.095976 -0.096215 -0.062247 0.223791 -0.014602 -0.245768 0.252055 0.002928 -0.241606 -0.095817 0.041380 -0.071750 0.016550 0.063319 -0.050091 -0.117765 -0.207614 -0.034013 0.104721 -0.070070 0.136442 0.077482 0.023008 0.207848 -0.323995 0.041729 -0.152603 -0.166420 -0.084508 0.028685 -0.293374 0.122012 0.265306 -0.259883 -0.194244 0.035846 -0.024012 0.075236 0.277348 0.158364 -0.100249 -0.142747 0.157004 -0.070129 -0.041205 -0.118186 -0.043436 0.217389 -0.096166 -0.089553 -0.002959 0.050280 0.124149 0.003180 -0.013706 0.133277 0.074545 0.057441 -0.046122 0.220083 -0.017405 0.067383 -0.129085 -0.179871 0.182343 0.176607 -0.048641 -0.072344 -0.007165 0.319477 0.208480 -0.111308 0.051764 0.111612 0.166620 -0.065076 -0.052490 0.244224 0.021915 -0.041075 0.072654 -0.047647 -0.042538
-0.288355 -0.083984 0.070573 -0.022641 0.035249 -0.084567 -0.301130 0.131110 -0.164131 -0.345865 0.090645 -0.061193 -0.071570 0.124694 0.053821 0.140813 -0.076227 -0.167760 -0.025057 -0.001072 0.026921 0.024504 0.186466 0.161466 0.059171 0.238651 -0.289839 -0.229354 0.044948 0.066840 -0.019365 -0.507866 0.067960 -0.361234 0.112066 0.030106 -0.181378 0.042785 0.138514 -0.014227 -0.146418 -0.448115 0.043732 0.087836 -0.121769 -0.041650 -0.250256 -0.359478 -0.258935 0.004430 0.027345 0.054701 0.048849 0.172978 0.024484 -0.242537 -0.043837 0.076425 0.089726 -0.059008 0.196495 -0.069821 0.237513 0.127505 0.237271 -0.177708 -0.028567 0.026702 0.146390 -0.135893 -0.258901 0.089956 -0.092717 -0.046865 0.014192 -0.121007 -0.119708 0.058025 0.112817 -0.067666 0.118377 -0.076387 -0.187657 -0.122231 0.051566 -0.096355 0.065520 0.128059 -0.010214 0.115747 -0.174402 0.019636 0.081037 0.136974 -0.013155 0.034251 0.149304 -0.093275 -0.098476 0.160225 -0.036417 0.066617 0.088925 0.066506 0.145601 0.111821 -0.158263 0.086901 -0.306664 0.268036 -0.026837 0.024569 -0.193525 -0.088649 0.015079 -0.155305 -0.039161 -0.037966 0.107823 0.253566 0.084695 0.016885 0.138603 -0.043056 -0.016968 -0.184719 0.113315 0.024446
0.025837 0.184148 -0.187040 -0.057065 -0.489829 0.201003 -0.136547 0.322772 -0.001614 -0.288058 0.042912 0.151325 -0.001573 0.274806 0.689331 -0.107123 -0.087918 -0.364724 0.037006 -0.236710 -0.234499 -0.002762 -0.147559 -0.312638 -0.268116 -0.291982 0.158428 -0.040092 -0.056985 0.003614 -0.053097 0.011437 -0.115440 -0.082064 -0.283775 -0.025336 0.114146 -0.197685 0.026797 -0.194469 -0.234675 0.225577 -0.128088 -0.137461 -0.009374 0.106415 -0.099203 -0.004839 0.179805 -0.032679 -0.055361 0.221119 0.126886 -0.195093 0.081725 0.189017 0.049997 0.298026 -0.002042 0.026277 -0.040766 -0.304935 0.025663 -0.066594 -0.226415 -0.130897 0.273861 0.034927 0.215060 -0.413483 -0.181731 0.243995 -0.194656 -0.012143 -0.535977 -0.096046 -0.183458 -0.121799 -0.088942 -0.033307 -0.008321 0.046822 -0.262806 0.106682 -0.182348 -0.015441 0.110418 0.192833 -0.164534 0.343506 -0.056726 0.226738 0.192382 0.329904 0.085974 -0.030382 -0.265332 -0.219779 -0.175116 0.111465 0.003481 0.176073 -0.277764 -0.109985 0.137665 0.021662 0.179178 0.038332 0.215995 -0.010340 0.060280 -0.085041 -0.286208 -0.060585 0.098306 0.029228 -0.197443 0.159407 0.046532 -0.138888 0.121216 -0.053859 0.065635 -0.047231 -0.159484 0.037983 -0.300967 0.293528
0.230987 -0.035015 0.168824 -0.050197 0.130247 0.093143 -0.316122 -0.211266 -0.070165 -0.076528 0.129642 0.030946 -0.201352 0.159872 -0.082681 0.075723 0.036464 -0.216575 -0.303215 -0.145096 -0.069856 0.044332 0.091088 -0.244878 0.225150 0.032027 0.252441 0.204796 -0.034467 -0.023823 0.163579 -0.358151 0.030021 -0.138740 -0.092097 -0.062129 0.018588 0.189392 -0.250052 0.052851 0.070981 -0.364358 0.022749 -0.037464 -0.037630 -0.002888 -0.304571 -0.100197 0.147884 0.072873 0.071135 0.080842 -0.049910 0.106902 0.136233 0.237498 -0.102039 -0.008617 0.019194 0.052634 0.129384 0.047035 0.188831 0.303160 0.031197 -0.070228 -0.147526 -0.005278 -0.212339 0.374561 0.278150 0.061262 0.035285 0.190664 0.114910 -0.101996 0.351943 -0.307592 -0.096266 -0.114668 0.085726 -0.029118 -0.378168 -0.125896 -0.083698 0.014905 -0.073368 -0.070173 0.026082 -0.045297 -0.052079 -0.135205 0.210537 -0.057037 -0.016299 0.091706 -0.002356 0.134306 -0.009515 -0.203452 -0.055874 0.019517 0.333882 -0.021966 0.037148 0.122970 -0.135113 -0.143434 0.087606 0.146116 0.045864 -0.019742 0.093014 -0.153886 -0.051963 -0.105320 0.026137 0.378334 -0.025432 0.224671 0.135012 0.076749 0.291000 0.090661 0.025133 0.050377 0.088205 -0.310246
0.160781 0.130023 0.178340 -0.356791 0.047374 0.380409 -0.140891 0.120840 0.188936 0.002955 0.060109 0.098022 -0.005088 0.046848 0.315462 0.057849 -0.077245 -0.058982 -0.113757 -0.164121 0.004162 0.011355 -0.222590 -0.161941 -0.143857 0.008848 0.028643 0.073030 0.038507 0.142557 -0.060943 -0.068725 -0.001206 0.056877 -0.072102 0.065315 -0.002190 -0.330726 0.064029 -0.132214 -0.200409 -0.016327 -0.025003 0.071813 -0.039721 -0.057632 -0.126907 0.239896 0.016748 0.246875 0.081929 0.238323 0.043870 -0.056815 -0.089055 0.011452 -0.113417 0.153926 -0.053213 0.094713 -0.045040 -0.224502 -0.042738 -0.052588 -0.321118 -0.061633 -0.059311 -0.003305 -0.166529 -0.198810 -0.011891 0.176206 -0.002136 -0.044883 -0.204689 -0.272638 0.019025 0.138772 -0.011062 0.001926 -0.061599 0.057495 0.091235 0.080672 0.011303 -0.120444 -0.050273 0.152984 0.073566 0.261190 -0.164667 -0.109264 0.037716 -0.003486 -0.010837 0.038145 0.119917 -0.044101 -0.053062 0.101345 -0.031754 0.174153 0.104563 0.017194 0.032373 0.105624 -0.035184 0.007034 0.150215 0.023670 -0.016579 -0.085796 -0.132477 -0.024606 -0.069140 0.141875 0.033038 0.159414 0.160515 0.071191 -0.015626 -0.287694 0.080544 -0.000076 -0.006258 0.057503 -0.048949 0.016011
0.238052 -0.277582 0.012422 -0.007728 0.320221 -0.045632 -0.225120 0.234030 0.312753 0.079855 -0.319003 -0.136859 -0.162172 -0.058071 0.065873 0.184130 0.037615 -0.126553 0.083941 0.051944 0.134916 0.195636 -0.038637 0.116421 0.177462 0.142250 0.057069 0.210742 0.050320 0.029604 0.371890 -0.047554 0.154419 -0.042421 -0.143067 -0.028459 -0.220602 0.029465 0.116446 -0.359204 0.070028 -0.088522 0.245217 -0.098861 -0.034816 0.156209 -0.235118 0.071560 -0.083206 0.067956 0.028427 0.291040 0.046893 -0.099449 -0.450634 -0.085232 -0.028651 0.064273 -0.112046 -0.147069 0.100034 0.015710 0.226579 0.023975 -0.260702 -0.054983 0.210053 0.054709 0.127238 0.068806 0.051795 -0.010502 0.024512 -0.096831 0.053247 -0.153693 -0.027856 0.023211 0.174307 0.167647 0.189224 -0.022110 -0.077430 0.087653 0.010105 -0.040028 -0.016150 0.307088 -0.054188 -0.079115 -0.107298 0.186129 0.228529 0.044710 0.205613 0.135496 -0.045969 0.050691 0.012550 0.018670 -0.163974 0.395288 0.067095 0.018535 -0.116372 0.242997 -0.051542 -0.120814 0.147992 -0.126317 0.099939 -0.034006 -0.057211 -0.056335 0.306810 -0.117838 -0.176822 0.012879 0.437420 0.023563 0.213436 -0.264195 0.235591 -0.074780 -0.073209 0.101322 0.094726 0.070988
-0.020711 -0.168705 0.033540 -0.049893 0.168614 -0.018426 0.133962 -0.099760 0.030420 -0.078395 0.145071 0.008408 0.194349 -0.138477 -0.079696 -0.090988 0.304354 0.241856 0.173719 -0.365179 -0.124601 -0.000633 0.182110 0.243460 -0.117151 0.005003 -0.108797 0.015770 0.009458 0.108906 0.311428 -0.544963 0.319109 0.158981 0.045478 -0.008324 -0.132685 0.029077 0.030877 -0.046400 -0.076859 0.215439 0.092656 -0.139802 -0.063928 0.039381 0.252972 -0.277572 -0.248070 0.092039 -0.011966 0.087274 0.605479 0.020202 0.184558 0.153035 -0.137658 0.028139 -0.096492 -0.073440 -0.276492 -0.111168 0.012988 0.145955 0.049868 -0.166625 0.024177 0.022471 0.000477 -0.094989 -0.198443 0.353909 0.117424 -0.063635 0.004763 0.130816 0.133271 0.061597 0.046533 0.095962 -0.164074 0.114658 -0.307493 0.023736 -0.149242 -0.034647 0.189445 0.146610 -0.083130 -0.232324 0.360791 0.143982 0.131879 -0.041342 0.139002 -0.062770 0.016471 -0.171793 0.042086 0.090031 -0.308136 0.155266 -0.152984 -0.117609 0.230172 -0.097360 0.074089 0.249947 0.250868 -0.133623 0.013303 -0.033412 0.159893 0.176613 -0.029985 0.169304 0.387242 0.063242 0.035165 0.070847 0.062337 0.016052 -0.009448 0.002100 -0.065914 0.115772 -0.070298 0.104910
-0.137815 -0.071994 0.041257 0.259557 0.093082 -0.208071 -0.096471 0.190301 -0.058536 0.040949 -0.114701 -0.002368 0.333627 0.028840 0.081977 0.004908 -0.096277 -0.180931 -0.159305 -0.046808 0.102563 0.165183 0.129782 0.235072 0.311610 -0.191610 0.020207 -0.033962 0.027989 -0.101244 0.396123 -0.496867 0.223229 0.053607 -0.095007 -0.103307 -0.082170 -0.194157 -0.053730 0.053180 -0.121249 -0.249171 0.047086 -0.342078 -0.085135 -0.009064 -0.195259 -0.073123 -0.042993 -0.225691 0.051934 0.117784 0.167097 0.163037 0.139880 0.227275 -0.109422 0.406810 -0.296285 -0.046486 -0.106878 -0.138196 -0.119590 0.035216 0.030453 -0.012416 -0.366708 -0.008150 0.080835 0.139963 -0.036480 0.172039 -0.011999 0.145345 0.006205 -0.057853 -0.003431 0.206852 0.008131 0.099651 0.168067 -0.139740 -0.134105 -0.084740 -0.057881 0.004198 0.158598 0.112603 -0.026481 0.057044 0.189956 0.203412 0.078211 -0.093557 0.087424 0.113013 -0.132517 0.189665 -0.048420 -0.065844 -0.351436 0.078136 0.081687 0.076780 0.026711 -0.219135 0.169438 -0.104861 -0.111251 -0.052379 -0.145808 -0.054278 -0.089294 -0.289710 0.199070 0.199121 0.006368 0.136767 -0.036338 0.118272 0.262426 -0.013372 0.003896 -0.023579 -0.206151 0.076651 -0.089232 0.155130
0.159285 -0.007243 0.245308 0.018175 0.212567 0.230893 -0.191177 0.067313 0.156838 -0.074498 -0.199039 -0.041980 0.155094 -0.114716 -0.043934 0.074938 -0.071929 -0.086606 -0.038994 -0.273136 -0.065496 -0.008439 0.002247 -0.007278 0.130324 0.178840 -0.219265 -0.012302 0.011888 -0.017377 0.349344 -0.210805 0.038749 -0.065040 0.143642 -0.107294 0.045511 -0.095385 -0.008322 0.022252 -0.010132 0.133893 0.110708 0.205926 -0.129603 -0.001531 -0.037319 0.019295 0.052551 -0.114705 0.170637 0.097496 -0.016558 0.055672 0.124848 -0.081986 0.015491 -0.027692 -0.109372 -0.087582 0.095719 0.067838 -0.140801 0.010666 0.247664 0.070157 0.030617 -0.005776 0.071740 -0.089816 -0.027377 0.157700 0.065716 0.151716 -0.072078 0.005712 0.141692 0.119677 -0.040554 0.016508 -0.062607 -0.273165 -0.201286 -0.205138 0.011499 0.079992 0.013023 -0.130240 0.075886 -0.053848 0.086766 -0.144419 0.135625 -0.169465 -0.121073 0.180089 0.011326 0.074358 0.022218 0.192550 -0.206843 0.229912 -0.148366 -0.060580 0.170177 0.172696 0.189422 0.061597 0.128925 0.346691 0.083809 0.011708 0.025161 -0.150145 0.201771 0.081129 0.143597 0.017870 0.215836 0.175256 0.119553 -0.089189 0.155525 -0.049782 -0.131555 0.355320 -0.207434 0.239488
0.076111 0.325625 0.224289 0.176851 0.011210 0.098896 -0.219883 0.322149 0.066774 0.075914 -0.137381 -0.196665 -0.062486 -0.143146 0.239757 -0.035312 0.141434 -0.272884 0.014572 0.029465 0.020431 0.238318 -0.201862 0.035971 0.014078 0.263730 0.026491 0.086052 -0.070908 0.058543 -0.463339 -0.189614 -0.021064 0.125361 -0.153759 0.225335 0.029525 -0.090160 -0.105575 -0.255618 -0.063588 -0.177547 0.039292 0.046398 -0.007726 0.073407 -0.005074 -0.035708 0.176161 -0.065419 -0.075069 0.100112 -0.185865 0.185289 0.054398 0.086703 -0.260910 0.148580 0.037660 -0.159942 -0.000233 -0.134076 -0.073249 0.100401 0.243804 0.023095 -0.354951 -0.183062 -0.036672 -0.146203 0.216562 0.175013 -0.458806 -0.155686 -0.275905 -0.257779 0.087500 -0.149170 0.225987 0.099810 0.298463 0.031623 -0.100836 0.264489 0.104555 0.177519 -0.103453 -0.006215 -0.008743 -0.105309 0.028070 -0.170425 -0.042174 -0.094805 -0.051529 0.089900 -0.347422 0.083540 -0.111133 -0.190969 -0.210372 0.300170 0.224472 -0.019471 0.236910 0.075450 0.096891 0.152468 -0.325660 0.051288 0.078328 -0.033135 -0.124672 0.138303 0.029522 -0.062666 0.073832 0.193284 0.111457 0.167374 0.335926 -0.215454 0.280777 -0.022257 0.010606 -0.014195 -0.094092 0.047228
-0.023749 0.052617 0.093621 -0.215657 0.058787 -0.177027 0.257948 0.139636 -0.377398 0.100579 -0.055501 -0.047285 -0.021876 -0.190490 -0.063177 0.001810 0.148446 0.150739 0.117390 -0.213242 -0.052677 0.068080 0.037738 -0.030780 -0.013812 -0.151991 0.082199 0.054761 -0.053377 -0.118449 -0.008422 -0.028760 0.273040 -0.105984 -0.100009 -0.254996 -0.271751 0.101159 -0.058556 0.061402 0.056031 -0.211566 -0.041010 -0.108797 -0.138755 -0.036240 0.125285 0.071847 -0.049656 0.155981 -0.099375 0.016432 0.100732 -0.015671 0.015788 0.234593 -0.147200 -0.315730 -0.129967 0.004761 0.129664 0.253511 0.068426 0.065683 0.146993 0.075359 -0.136578 -0.155293 -0.118342 0.053455 0.141731 0.192063 -0.054544 0.295813 0.010902 -0.040828 0.115391 0.084758 0.052560 -0.212359 -0.042082 -0.008216 0.149623 -0.303020 0.097179 0.288191 0.005192 -0.113774 -0.059621 -0.085191 -0.034082 -0.023080 0.070430 0.163342 0.072178 -0.063990 -0.107027 -0.012597 -0.078926 0.079029 -0.318366 0.020217 0.101658 -0.042245 0.190365 -0.118111 0.060758 0.069073 0.099079 0.042668 0.102098 -0.029693 0.053720 0.170806 -0.301260 -0.152834 0.032825 0.201463 0.006012 -0.058197 0.214010 -0.040251 0.272884 0.000757 -0.084436 0.112012 -0.141507 -0.176071
-0.158907 -0.149397 -0.058930 -0.189060 0.186300 0.077134 0.121567 -0.029587 -0.185557 0.110606 -0.239458 -0.148086 0.022946 -0.012927 0.214179 0.319155 0.191600 -0.062569 -0.206979 -0.237960 0.180959 0.114862 0.027369 -0.023831 -0.021665 -0.187306 -0.218685 -0.055479 0.008160 -0.039631 -0.042060 -0.041283 0.044963 0.174476 0.008643 0.007196 -0.063245 0.093052 -0.369124 -0.093988 -0.071684 -0.191371 0.019341 0.018466 0.070611 0.174503 -0.017558 -0.016420 -0.000609 0.234513 -0.175036 0.037720 0.072794 0.022513 -0.045214 -0.146900 0.045636 -0.098774 0.110367 0.049300 -0.054108 -0.235231 0.055378 -0.474983 0.304115 0.066623 0.092703 -0.117687 -0.084295 -0.234455 0.122173 -0.053427 0.188793 -0.241194 -0.199311 -0.329804 -0.372281 0.015225 0.356348 -0.003083 -0.022963 -0.130013 -0.488011 -0.064067 0.113503 0.233153 -0.126933 -0.101173 -0.022793 -0.222507 -0.020862 -0.130356 0.098219 -0.051664 0.077566 -0.048380 -0.042937 -0.112111 0.005889 0.227081 0.026763 0.249424 0.105936 0.053824 0.023375 -0.102951 -0.044882 0.065866 -0.028922 0.089990 0.209015 -0.052910 -0.119096 0.020529 -0.072014 -0.367421 0.062606 0.022208 0.115696 -0.060152 0.172480 0.067662 0.065348 -0.091690 -0.009869 0.073566 0.075056 0.102314
-0.021567 -0.031563 0.058383 0.091641 -0.048297 -0.336433 0.429149 -0.048615 0.051492 -0.106383 -0.018588 -0.251311 0.264345 -0.152135 -0.192990 -0.069442 0.158943 0.160843 0.148573 -0.294704 0.287026 0.350358 -0.151715 0.008970 -0.025713 0.071104 0.169996 0.001341 0.046795 0.093552 -0.063009 -0.170384 0.219084 -0.069407 -0.200852 -0.056285 0.069716 -0.017300 0.196736 -0.014504 -0.127148 -0.329032 0.214430 0.127231 -0.062287 0.048110 0.209899 0.013494 -0.105717 0.058504 0.057453 0.107786 0.277500 -0.202327 0.049987 -0.025008 0.083573 -0.181996 -0.168184 0.121641 0.055330 0.052530 0.017662 -0.017852 0.085994 0.150467 -0.090391 0.015389 -0.536584 -0.015011 0.066680 0.196451 -0.269228 0.039922 -0.108895 -0.051252 0.136912 -0.057293 -0.011602 0.019095 0.054625 -0.029328 0.107338 -0.478098 0.162873 0.074216 -0.106074 -0.045144 -0.009503 -0.322840 0.216128 0.054341 0.149029 0.032891 0.035786 0.148656 0.143915 0.102497 0.047982 0.035999 -0.240581 0.044000 0.235597 -0.013578 -0.103602 -0.040975 -0.022289 -0.144266 -0.079525 -0.096564 -0.018756 -0.109069 0.044044 -0.116337 -0.211447 -0.095001 0.190732 -0.069552 -0.126241 -0.018113 0.033128 -0.318419 0.051060 -0.036504 -0.113952 0.155260 0.005999 -0.101835
-0.108670 -0.070404 0.005292 -0.084921 -0.146441 -0.047212 -0.169287 0.093905 0.171112 -0.095511 -0.035125 -0.202937 0.055148 -0.124074 -0.043265 -0.060485 -0.018503 0.162588 -0.023519 0.059327 -0.121735 -0.275959 -0.023314 -0.084891 0.032936 0.181859 -0.043144 -0.097944 -0.024498 0.210541 -0.043527 0.295786 0.332229 -0.225431 -0.097253 0.233324 0.018706 0.058020 0.232312 -0.124765 -0.027923 -0.189072 -0.178039 0.034824 0.084341 0.283152 0.126259 0.037793 0.235481 0.026423 0.100790 0.139856 0.118107 -0.115561 -0.164836 0.096926 0.122883 -0.143183 0.075943 -0.322147 -0.245036 -0.067953 0.198965 0.000213 -0.123995 0.034913 0.489770 0.054951 -0.090347 -0.047305 0.009222 -0.200970 -0.571280 -0.141007 -0.103675 -0.157853 0.021864 -0.120977 -0.052299 -0.257192 0.104279 0.027656 -0.065412 0.006207 0.188156 -0.176990 0.107724 -0.063761 -0.028750 -0.203795 0.231711 0.169277 0.015783 0.086336 0.247548 -0.087271 0.072058 0.065021 -0.047314 -0.304421 0.134226 -0.051078 -0.000204 -0.058700 -0.238849 0.071359 0.154214 0.212580 -0.445615 -0.141069 0.153489 -0.023975 -0.227605 0.205326 0.376914 0.205265 0.044191 -0.033642 0.101297 0.134954 0.224486 -0.167071 0.154685 0.050408 -0.072718 0.180058 0.027120 -0.001013
0.199752 0.072571 0.037343 0.075584 0.185114 -0.108554 0.061234 0.071261 -0.220518 -0.153436 -0.126504 -0.019364 0.271626 -0.005349 -0.268062 -0.026604 0.063550 0.015129 -0.133843 -0.354400 0.049384 0.051058 0.014530 -0.057542 -0.099764 0.044593 0.076739 0.019023 -0.038853 -0.134707 -0.005639 -0.057844 0.163641 0.053903 -0.054363 -0.170857 0.093332 -0.062651 0.125915 -0.072587 -0.000683 -0.165591 0.146618 -0.075439 -0.190765 -0.016617 0.220085 -0.047302 -0.275158 0.138282 -0.047834 -0.098023 0.158470 -0.163930 0.109415 0.311650 -0.058687 -0.085113 -0.193656 -0.172918 0.293201 -0.086071 -0.001106 -0.118829 0.023336 0.240974 -0.463575 -0.051930 -0.094001 0.119941 0.159293 0.353023 0.025305 0.137687 0.151089 -0.007503 -0.009444 0.072190 0.141169 -0.107054 0.009629 0.005541 0.038766 -0.251913 0.340309 0.191756 0.140165 -0.193206 -0.028158 -0.222670 -0.137784 -0.110708 -0.063611 -0.021397 0.017980 0.353942 -0.064165 -0.001501 0.000084 -0.001493 -0.275937 0.181246 0.118214 -0.036591 0.116491 -0.082852 -0.018088 0.033279 0.040996 0.020508 0.168239 -0.023682 -0.006733 -0.209084 -0.004466 -0.203246 0.214422 0.075258 0.048070 0.064749 0.122716 0.091931 -0.058683 0.000058 -0.157257 0.284500 -0.108634 0.080690
0.112523 0.047785 0.133942 -0.085875 0.025481 -0.115168 0.120847 -0.038135 0.032667 0.054502 -0.144478 -0.293973 -0.145194 -0.171586 -0.008556 0.086737 0.028077 0.083850 -0.283232 -0.100306 -0.172345 -0.178255 -0.161578 0.102851 -0.107427 -0.053402 0.092033 -0.132335 0.012630 0.157220 0.104437 0.321022 0.232499 -0.130847 -0.081234 0.209574 -0.038188 0.204993 0.055277 0.159565 -0.205088 -0.312883 -0.071983 0.072983 0.070764 0.255198 -0.150414 0.113001 0.022147 0.065335 -0.071284 -0.289645 0.021023 0.070635 0.007357 -0.022502 0.064615 -0.063419 0.156912 0.051648 -0.038787 -0.078192 0.197318 -0.076482 -0.077935 -0.224825 0.475730 -0.055952 -0.186826 0.042592 0.062265 -0.108215 -0.337416 -0.365927 -0.067948 -0.141233 -0.123583 -0.056104 -0.009568 -0.199131 0.029664 -0.051162 0.075411 -0.162276 0.042790 -0.008165 -0.224023 0.004469 -0.099453 -0.300976 0.286233 0.037165 0.115934 0.011197 0.220609 -0.067500 -0.048448 0.284145 -0.030350 -0.113812 -0.099192 -0.182803 0.290692 0.005415 -0.310070 -0.125681 -0.102327 0.028909 -0.467872 -0.148219 0.251629 -0.142631 -0.025395 0.195406 0.224828 0.031602 0.110981 -0.179697 0.014077 -0.038260 -0.008004 -0.084431 0.076668 0.021979 0.015337 0.106227 -0.035975 0.027211
0.203808 -0.209893 -0.191503 0.015663 -0.100709 0.172490 0.021494 0.014278 0.249124 -0.002575 0.042396 -0.312992 0.138416 0.038542 -0.014154 -0.170552 0.047508 0.204248 -0.014861 0.017770 -0.207151 0.069903 -0.166049 -0.131675 -0.042196 0.208869 -0.026811 -0.164424 0.039477 0.104731 0.153945 0.271190 0.090065 -0.031316 0.095312 0.159921 -0.170320 -0.151026 -0.028700 -0.415746 -0.000464 -0.145367 -0.070249 -0.076752 0.128113 0.022794 -0.082022 -0.108632 -0.043988 0.157210 -0.347668 0.183505 0.007456 -0.197571 -0.091471 -0.012906 0.012612 -0.122028 -0.338020 -0.003027 -0.177323 -0.055161 0.066248 0.089332 -0.132713 0.107813 0.246975 -0.009940 -0.176257 0.074861 -0.014338 0.016985 -0.414513 -0.064016 -0.118090 0.015892 0.284472 0.182685 -0.079530 -0.053088 0.068013 -0.015061 -0.048726 0.052575 0.137486 -0.286723 -0.095911 0.265646 0.009081 -0.056538 -0.112730 0.062430 -0.020937 -0.185250 0.099126 -0.094869 0.073282 0.130495 -0.067216 -0.330338 -0.036256 0.047956 0.161442 -0.023846 -0.113436 -0.111726 0.105475 -0.245891 -0.087101 -0.374995 -0.012770 0.038778 -0.093433 -0.043654 0.148568 0.220396 -0.081512 0.088161 0.168474 0.147699 0.058043 0.000715 0.173065 -0.032073 -0.000617 0.030291 -0.097997 0.045422
-0.079432 0.138558 0.151843 -0.106142 0.129793 0.300405 -0.107150 0.173996 -0.033244 0.102953 -0.373934 0.096120 0.072789 -0.083232 -0.029284 0.121653 0.152276 0.060112 -0.120107 -0.131049 0.061295 0.127496 -0.066818 -0.124604 0.000560 0.115734 -0.004246 0.097103 0.004883 0.077533 -0.204333 -0.086130 0.017352 -0.232515 0.032765 -0.087938 -0.351890 -0.025691 0.115190 -0.149471 -0.018268 0.042634 0.054889 -0.076153 -0.111049 0.091147 0.231184 -0.057301 0.145691 0.154109 -0.037274 -0.012638 -0.060182 0.123342 0.157822 0.066700 -0.099682 -0.140674 0.021481 0.049010 -0.059621 0.254232 0.043693 -0.041880 0.122493 0.092086 -0.357375 -0.050102 -0.100601 0.102033 -0.081449 -0.026438 -0.258063 0.231719 0.042090 0.105877 0.059370 -0.067655 -0.022391 0.045115 0.311989 -0.012113 -0.021149 -0.130319 -0.053163 0.193553 0.060652 -0.248568 -0.034690 0.037552 -0.014042 -0.280549 0.084698 0.013103 0.146891 -0.039780 -0.064077 -0.112934 -0.082373 -0.142683 0.164129 0.048100 0.013441 0.003604 0.204587 -0.002321 0.019976 0.194982 0.188741 0.183416 0.112530 -0.063011 -0.104598 0.215328 -0.356597 -0.203606 0.088288 0.184905 0.137598 0.079106 0.273752 0.090204 0.053479 -0.029698 -0.032420 -0.105976 -0.033103 -0.126249
0.124239 -0.158052 0.291682 -0.136385 0.190895 0.131598 0.088328 0.007139 -0.374670 0.108291 -0.156339 -0.120510 0.201975 -0.059223 -0.182242 -0.085259 -0.014851 0.154546 0.137581 -0.349028 0.260669 -0.008015 -0.027226 -0.056230 0.203921 0.141177 0.301801 -0.235147 -0.094710 -0.207937 -0.024148 -0.118530 0.139239 0.174478 0.008797 0.019760 -0.190211 -0.216387 0.125488 -0.137182 -0.075740 0.036698 0.360725 -0.278154 -0.351310 -0.041611 0.076835 -0.089568 -0.217541 -0.153388 -0.144828 -0.134053 0.100930 -0.046594 0.128604 -0.052873 -0.165556 -0.162893 -0.219535 -0.062973 0.039733 0.068005 -0.064467 -0.007360 0.114793 0.098032 -0.233421 -0.052477 -0.059712 -0.013631 0.137737 -0.040590 0.124070 0.053530 -0.076973 -0.124757 0.149693 -0.017848 0.079664 0.092806 -0.074259 -0.127374 -0.009376 -0.226315 -0.064148 0.168066 0.046588 -0.398591 -0.005359 -0.134474 -0.110130 -0.067790 0.078294 0.028118 -0.154131 0.208960 -0.158930 0.130248 0.067506 -0.043292 -0.355998 0.153370 -0.088234 -0.061164 0.000529 0.146765 0.110200 0.009769 0.217161 0.228351 0.300560 -0.088991 -0.305905 -0.076939 -0.424980 -0.059523 0.151281 0.183004 -0.119143 0.096317 0.071785 -0.040212 0.028100 -0.047548 -0.061009 -0.114360 -0.054062 -0.107672
0.079643 0.038507 0.202225 -0.070856 0.431110 -0.373946 -0.002760 -0.036391 -0.239041 0.069925 0.010739 0.078748 0.305607 -0.324822 -0.353878 0.010521 0.145871 0.025803 -0.166919 -0.122543 0.201699 0.190564 -0.210963 0.110596 -0.117716 -0.203351 0.139797 0.100795 -0.000856 0.132172 -0.090233 -0.038027 0.240200 0.181276 -0.084673 -0.110613 0.065210 -0.045107 -0.071748 0.046830 0.075435 -0.121152 -0.021463 0.182496 -0.083611 -0.166072 -0.048965 0.105845 -0.237856 0.067351 -0.134812 0.178044 0.149015 0.051754 0.070305 0.257748 0.168084 -0.202522 -0.032487 0.071515 0.037120 -0.164334 0.047065 0.162844 -0.000774 0.126678 -0.137518 -0.102815 -0.181642 0.079245 0.294251 0.117263 -0.139526 0.065243 0.117274 -0.146492 -0.016222 -0.028456 0.283618 -0.342444 0.056187 -0.115225 0.266515 -0.327323 0.170379 0.241009 0.044333 0.045113 0.001831 -0.234954 0.249180 0.040407 0.035955 -0.137680 -0.124861 0.143209 0.147379 -0.123723 -0.012320 0.191779 -0.339095 0.070042 0.193652 0.006213 0.001760 -0.035914 -0.245808 -0.160083 0.147584 -0.524538 -0.035924 -0.139001 -0.162135 -0.146844 -0.175732 -0.155981 0.168594 -0.211356 -0.095436 -0.223562 0.054323 -0.223543 -0.034535 -0.152054 -0.058124 0.056366 0.251645 0.182133
0.080324 0.104064 0.171291 -0.252248 0.018572 -0.053266 -0.011871 -0.098841 0.125843 -0.200439 0.170000 -0.078221 -0.106350 -0.168626 0.181366 0.068928 0.011766 0.310959 0.147297 -0.001208 -0.136864 -0.336709 -0.080984 0.016059 0.027879 -0.001837 0.004656 -0.014889 -0.021587 0.189046 -0.062341 0.361195 0.304942 -0.030972 -0.148108 0.110222 -0.000591 0.272865 0.079465 0.086145 -0.070934 -0.311870 0.046909 0.129618 -0.192113 0.252204 -0.174457 0.036462 0.097109 0.040351 0.225634 -0.063510 0.015872 -0.291951 -0.059364 0.034350 0.128166 -0.083600 0.103286 -0.468090 -0.122514 -0.078861 0.165859 -0.021005 -0.184223 0.034356 0.416960 0.003021 -0.183379 0.006841 -0.062619 -0.066739 -0.608708 0.006254 -0.004294 -0.433259 0.089757 0.012176 -0.078391 -0.250362 0.011676 -0.028701 -0.102824 -0.023002 0.151773 -0.182090 -0.261571 -0.036465 -0.015032 -0.218129 0.186139 -0.129235 -0.155717 0.173745 0.405401 -0.051621 0.060817 0.175117 -0.067268 -0.195251 -0.173422 -0.134710 -0.053011 -0.028896 -0.184808 -0.139024 0.147100 0.125774 -0.515913 -0.150488 0.129524 -0.064509 -0.067705 0.180498 0.352978 0.086276 -0.052271 -0.011112 0.147297 -0.110348 -0.023609 -0.053257 0.115423 -0.042763 -0.004722 0.150277 -0.036809 0.153945
0.078636 -0.027050 -0.025221 0.035585 -0.109561 -0.049455 0.030857 0.133906 -0.016831 0.104725 0.109350 0.132696 0.204659 -0.013250 -0.032104 -0.174072 0.398194 -0.060452 0.035523 -0.020551 -0.010885 0.029679 0.015266 0.061655 -0.086010 0.087907 0.054634 -0.039335 0.031683 0.076648 -0.100664 0.120924 -0.140538 0.057002 0.061774 0.067409 0.025506 -0.124638 -0.230052 0.262863 0.022603 0.120621 0.097850 -0.097770 0.021925 0.061738 0.098686 0.163990 0.073162 -0.040382 0.082877 -0.360356 0.201175 -0.050272 0.013989 -0.084215 -0.024452 0.218698 -0.294410 -0.118155 0.154989 0.114711 0.204971 0.087369 -0.043253 0.034234 0.016533 -0.014305 -0.111971 0.187277 0.129124 0.334532 -0.053497 0.264382 0.021125 0.047306 0.128580 -0.022288 -0.254495 0.026874 0.268820 0.045281 -0.123370 -0.039103 -0.102741 0.066902 0.212684 0.108396 0.021889 0.043743 -0.057598 0.179178 0.043629 -0.055543 0.059947 -0.162517 -0.192959 0.064633 0.088359 0.032663 -0.104306 0.014282 0.080985 0.033907 -0.031410 0.053065 0.225023 0.116471 0.014717 0.034242 -0.017905 0.030431 0.044552 0.011934 0.065427 0.096161 0.048848 0.124127 -0.041334 0.003846 -0.091102 0.054351 0.009481 0.036105 -0.003156 -0.026794 0.266415 -0.063522
0.046725 -0.126289 -0.088906 -0.083208 0.001541 0.042002 0.055830 0.011400 -0.218490 0.059810 -0.098437 0.010929 0.213940 0.034961 -0.134095 -0.176023 0.050984 0.083627 0.189073 0.004343 0.023010 -0.004064 -0.011665 -0.111462 0.192589 -0.240771 -0.079668 0.275893 0.011055 0.195039 -0.037779 -0.038242 -0.321819 0.005192 -0.091914 -0.038320 -0.217054 0.008623 -0.044564 0.061898 -0.184315 -0.122104 -0.027266 0.198557 -0.044673 -0.271021 -0.411158 0.137191 0.118145 -0.047186 0.079054 -0.248816 -0.210296 0.233724 0.107837 0.082758 -0.004702 -0.175060 0.011009 0.059238 0.288255 0.135284 0.025408 -0.005471 -0.351728 0.193981 0.138212 -0.015479 0.154562 -0.079421 0.075818 -0.144447 -0.037732 0.098599 -0.022184 -0.006249 -0.005129 0.042528 0.066994 0.000962 -0.211012 0.055331 -0.030362 -0.369134 -0.032764 -0.050635 0.085800 0.116443 -0.028218 -0.087167 0.103941 0.132296 0.025843 0.017180 -0.277945 0.160311 -0.088776 0.117260 -0.007494 -0.002800 -0.051000 -0.081472 -0.058774 -0.066785 0.142945 -0.053711 0.183986 0.357739 0.134236 -0.129490 0.039765 0.055008 0.308163 -0.216003 0.121548 -0.076835 -0.113914 0.086264 0.155208 -0.020301 -0.363713 -0.071004 -0.119604 0.056830 -0.018669 -0.044106 0.082647 -0.009393
-0.202859 -0.084183 0.062400 -0.141238 -0.205233 -0.083402 -0.149764 -0.666317 -0.382496 0.135184 -0.076704 -0.097590 0.029653 0.110476 0.010451 0.242878 0.176880 0.182487 0.036155 -0.235561 -0.119338 -0.149683 0.246514 -0.019942 -0.112602 -0.138473 0.085263 -0.200490 -0.062837 -0.149181 0.222373 0.015215 0.031953 -0.079832 -0.015668 -0.515036 -0.200009 -0.092612 -0.055523 0.103459 -0.061022 0.043714 0.391090 -0.235796 -0.203834 -0.045307 -0.344811 0.215169 0.019677 -0.081920 0.027037 0.099370 0.091719 -0.083821 -0.051212 0.268874 -0.196630 -0.042720 -0.224471 -0.020592 -0.128920 -0.426412 0.306812 0.052869 0.187840 -0.047593 -0.015246 -0.008978 -0.284493 -0.175731 -0.393875 -0.024239 0.073214 -0.144978 0.139769 0.131160 -0.297685 -0.007749 -0.367413 -0.303288 -0.333270 0.013680 0.152965 -0.190699 0.003160 0.113759 0.083020 -0.272695 -0.028643 -0.147953 0.108821 -0.198319 -0.333871 -0.234452 -0.154516 0.347705 0.057832 0.033748 -0.024318 0.237994 0.091954 -0.188207 -0.272468 0.008574 -0.114334 -0.056901 -0.017583 0.176643 -0.086874 -0.252390 0.251773 -0.024721 -0.105807 -0.182562 0.132408 -0.137005 -0.252870 -0.014488 -0.013856 -0.013382 0.154493 0.301439 -0.560801 -0.063567 0.027150 0.281226 0.084565 -0.100692
-0.139531 0.103856 -0.075140 -0.099086 0.026278 0.010239 -0.162581 0.090401 0.480101 0.159990 0.121666 0.093663 -0.273497 0.222717 -0.152471 -0.024055 -0.521168 -0.251414 0.082709 -0.025885 0.055094 -0.036530 -0.005962 0.148008 0.104877 -0.221165 0.069034 -0.086721 0.008695 -0.036855 -0.229346 0.093063 0.195945 0.050301 -0.082627 0.020629 -0.375272 0.022207 0.002275 -0.037777 -0.089162 -0.149360 0.098325 -0.049606 -0.105229 -0.144808 -0.024964 0.050249 -0.133806 0.101172 -0.119892 0.174658 0.271571 -0.011657 -0.060514 -0.166694 -0.150925 -0.192871 -0.116238 0.122108 0.133386 -0.115434 -0.230397 -0.301055 -0.281913 -0.082966 0.113054 0.004378 -0.020219 0.096445 -0.027044 -0.027775 -0.029557 0.087015 -0.123101 -0.055128 0.228700 -0.001193 0.084640 0.066672 0.144407 -0.120345 -0.232835 -0.108377 0.078298 0.094040 0.194384 -0.151875 0.018835 -0.347297 0.089054 0.173552 -0.433363 -0.098453 -0.366262 -0.141575 0.129819 -0.075346 -0.040953 0.045130 0.097158 -0.107874 0.047194 -0.018550 0.066197 -0.013879 0.089736 -0.032210 0.144861 0.125589 -0.135272 0.047957 0.086784 0.092435 -0.005030 -0.069410 -0.032321 -0.070647 0.048426 0.011763 -0.318741 0.019461 -0.530026 -0.018240 -0.135353 0.163272 -0.104765 -0.098228
-0.039415 -0.228819 0.028157 -0.215933 0.216666 -0.122548 -0.090380 -0.109235 -0.127085 0.176547 0.060800 0.013866 0.038484 0.204160 0.048104 -0.061955 0.111423 -0.052188 0.201016 0.276775 -0.025909 -0.153742 0.076849 0.027229 0.032964 -0.249946 -0.059751 -0.094851 -0.061401 -0.086164 0.019432 0.040861 -0.249811 -0.116280 0.044635 0.028749 0.003881 -0.090415 0.039982 0.286498 0.068561 -0.148224 -0.002041 -0.120817 -0.137043 -0.233666 -0.263560 0.002268 0.069782 -0.101656 0.235110 0.090267 -0.134433 -0.163694 -0.148500 -0.035048 -0.000271 -0.237331 -0.063809 0.025926 -0.026687 -0.042343 0.197814 0.142838 -0.152316 -0.117634 0.000461 0.003241 -0.183136 0.219465 0.064119 -0.102174 0.432790 0.277039 0.121304 0.121260 -0.177041 -0.053046 -0.075943 0.072456 -0.209631 0.251514 0.072204 -0.365135 -0.098102 0.143240 -0.022360 0.014831 0.021057 -0.133297 -0.083773 -0.034046 0.129849 0.082266 -0.213832 0.059260 0.107861 0.185420 -0.079779 -0.092643 0.157121 0.106714 -0.402807 -0.028048 0.236170 0.192225 -0.091543 0.241756 0.030310 -0.365957 0.043675 -0.095440 -0.021145 0.085893 -0.265555 -0.001453 -0.202345 -0.452772 -0.071899 -0.036053 0.029874 -0.056950 0.024680 -0.023489 -0.111713 -0.258518 0.107766 0.037326
0.202808 0.130334 -0.175288 -0.082283 0.088744 -0.083700 0.220132 -0.136950 0.130316 0.066641 0.005085 0.199146 -0.311513 0.001563 0.051398 -0.165796 -0.160920 -0.232412 -0.112976 -0.111595 -0.215435 -0.598075 0.294397 0.371189 -0.113686 0.204104 -0.107379 -0.379254 -0.063506 -0.126983 0.304366 0.119449 0.018991 0.015033 -0.043189 -0.344453 0.131380 -0.156224 0.105251 -0.460784 0.067638 0.020609 0.066593 0.036854 -0.063121 -0.208918 -0.055125 0.210571 0.129761 -0.371683 0.131742 -0.078456 -0.159119 0.015127 -0.012528 -0.096856 0.315203 0.121947 0.162466 -0.185128 0.031241 -0.309903 -0.008957 0.049945 0.179604 0.037311 -0.063001 0.009509 -0.197301 -0.108625 0.142027 -0.075086 -0.096760 -0.027906 0.002051 0.101827 0.132301 0.087807 0.102534 0.087849 0.195774 -0.255087 -0.114913 0.081215 -0.227249 0.376840 0.036946 0.267015 0.113250 -0.206490 0.011399 -0.080263 0.087093 0.083181 -0.057799 -0.054766 0.170440 -0.153418 0.019856 0.172896 -0.317653 -0.277880 0.257138 -0.065521 0.181813 -0.085547 0.242268 0.154956 -0.022255 -0.244364 -0.517941 -0.014896 0.144645 0.076664 0.333082 0.085517 -0.106989 -0.217239 0.071591 -0.036528 0.029166 0.058662 -0.125713 -0.010101 0.014050 0.054656 0.200195 0.065315
0.012413 0.108781 0.128442 -0.253261 0.249824 0.245732 0.042676 -0.041583 -0.107120 -0.023893 -0.223887 -0.083438 0.096041 0.135316 -0.213687 -0.017187 0.094073 0.038080 -0.260925 -0.093989 -0.017873 -0.058023 -0.132702 -0.389592 0.055083 -0.204369 0.082851 0.095688 -0.095765 -0.122984 0.092706 0.235914 -0.065139 0.058948 -0.239427 -0.132314 -0.417061 0.110855 0.091903 0.171387 -0.111411 -0.075212 0.114518 0.144413 -0.041593 -0.052801 -0.145039 -0.082500 0.019552 0.085136 -0.376321 -0.075748 0.001441 -0.145645 -0.066197 0.215035 0.135802 0.015463 -0.025788 0.027992 0.170420 -0.159070 -0.041173 0.011092 0.117619 0.046675 0.088030 -0.045581 0.135114 -0.354981 0.092693 0.092391 -0.007184 -0.412813 -0.076387 0.025203 -0.232682 0.233279 -0.632382 -0.083836 0.138132 -0.019864 0.134507 -0.107541 -0.112206 -0.142807 -0.181978 -0.187516 -0.080619 0.080538 -0.122254 -0.245905 0.103691 -0.341427 0.047165 -0.021451 -0.108098 0.063460 0.036654 0.036867 0.108171 -0.002905 0.167329 0.052176 -0.267636 -0.167570 -0.083507 -0.046017 -0.043112 0.077878 0.002916 -0.045237 -0.151383 0.038679 0.160739 0.133539 0.181431 0.100314 -0.008516 0.004224 0.124915 -0.111508 -0.027238 -0.086904 -0.057584 -0.067809 0.098646 0.038048
-0.081868 0.208474 0.267515 -0.055794 0.034902 0.031635 0.148693 -0.094169 -0.149711 -0.375813 -0.170845 -0.107855 -0.075617 -0.285099 -0.169678 -0.169593 -0.082516 0.017064 -0.093991 0.164790 -0.345937 0.064543 0.063326 0.253858 0.048638 -0.083125 -0.095824 -0.303287 0.043182 0.090202 -0.371566 0.162844 0.162292 0.080636 0.087793 0.143261 0.115936 -0.227652 0.064596 0.287390 -0.130508 -0.194974 -0.177256 -0.113224 -0.404651 0.239381 0.050384 0.168077 0.011078 0.033643 0.094948 -0.309758 -0.173462 0.139731 -0.129298 -0.257923 -0.232775 -0.419199 -0.044347 0.014305 -0.045991 0.026053 0.277612 -0.076868 0.076832 -0.261674 0.032810 -0.067440 0.022333 -0.166487 -0.052910 -0.320531 0.227017 -0.096211 -0.049437 -0.169292 -0.049728 -0.041984 -0.018553 -0.015524 0.023643 0.058155 -0.041784 -0.473647 0.033853 0.238795 -0.002642 -0.270429 -0.058241 -0.176753 -0.084070 -0.030955 -0.256145 -0.260862 -0.043199 -0.421011 0.108621 -0.155506 0.035905 -0.195442 -0.088865 -0.107314 0.076883 -0.059795 0.227776 -0.001137 -0.114579 -0.186375 0.096477 -0.168272 -0.011535 -0.050765 -0.085482 0.387414 -0.294733 -0.144893 0.024961 0.089718 -0.059867 -0.122532 -0.045807 -0.062101 0.027454 -0.012805 0.011733 0.055737 0.061848 -0.045754
0.033673 -0.011176 -0.077748 0.035180 0.085871 -0.069537 -0.069620 0.021957 -0.008000 0.032198 -0.110914 0.011092 -0.160043 -0.049308 -0.004729 -0.069688 -0.049805 0.024302 -0.044358 0.043837 0.158539 -0.062822 0.089272 0.048055 0.017067 -0.037754 -0.044762 -0.012648 0.080503 -0.012285 0.052175 -0.112914 0.112820 -0.022318 0.027252 0.051619 0.118660 0.020268 0.016178 -0.151465 -0.053261 0.004418 -0.025798 0.058833 0.060986 0.004845 -0.025428 0.026048 -0.069114 -0.097483 0.049868 0.132446 0.058332 -0.044547 0.042942 -0.001138 0.045393 -0.033206 -0.063441 -0.027290 -0.065211 -0.077263 0.038647 0.026745 -0.036829 0.060297 -0.088793 -0.061905 -0.029720 0.032180 0.027442 -0.008289 -0.016064 -0.051610 -0.069247 -0.030174 0.041121 0.019188 0.043915 0.058459 0.049110 0.049223 -0.035616 -0.060162 0.028933 -0.109001 -0.038862 0.137898 0.055281 0.019100 0.007662 0.030852 0.020423 0.045542 -0.053753 0.111917 -0.002276 -0.005965 0.022438 0.022971 -0.039045 -0.021837 -0.052045 0.026563 -0.009534 -0.041203 0.059096 -0.008092 -0.099177 -0.006985 0.027610 -0.027155 -0.009620 -0.158896 0.017298 -0.011208 -0.000452 -0.051570 0.001250 0.033259 -0.112491 -0.004964 0.016432 0.051350 0.073012 0.012798 0.063028 -0.051165
-0.162076 -0.607230 0.131957 0.166833 -0.173817 0.202276 -0.038173 0.058124 0.116217 -0.253795 0.335766 0.043830 0.051931 0.222732 0.128883 -0.008609 -0.174420 0.325494 0.051410 0.121817 0.253014 -0.156591 0.106796 -0.058196 0.148079 0.399425 0.109552 -0.371892 -0.017707 0.124970 -0.088073 0.158812 -0.035904 0.071047 0.037457 0.035500 -0.295769 0.394116 0.118155 0.132909 0.060585 -0.294775 -0.202811 0.197353 -0.034767 -0.212423 0.137417 0.148905 0.135394 0.112917 -0.076446 0.210968 -0.198580 0.128955 -0.122579 -0.093114 0.085504 0.074249 -0.049344 -0.136910 0.047332 0.207917 0.199952 -0.259309 -0.229989 0.032904 0.042976 -0.015165 -0.233044 0.152296 -0.031785 -0.099606 -0.036339 0.093087 -0.081744 0.303212 0.033462 -0.070219 0.163719 -0.205865 0.018288 -0.049474 -0.012175 -0.028298 0.502753 0.187795 0.021884 0.156469 -0.025130 -0.235397 0.093611 -0.022035 0.226493 0.275840 -0.116245 0.015265 -0.141296 0.125546 0.011680 0.113288 -0.186039 -0.262419 -0.396951 -0.024970 -0.441596 0.314540 0.124678 0.220842 -0.410225 -0.133862 -0.052487 -0.050962 -0.001748 0.136537 0.037526 0.141531 -0.016877 -0.042918 -0.110541 0.280847 -0.182551 0.173500 0.113580 -0.022328 -0.004465 -0.110058 0.260069 -0.211835
-0.043572 -0.236794 0.018838 -0.261854 -0.139152 -0.297128 -0.042217 -0.213312 -0.096413 -0.174035 0.078529 0.146661 0.231497 -0.071583 -0.031090 0.076446 -0.006178 0.154332 0.165394 -0.249650 -0.015456 -0.208836 0.094831 0.138068 0.123360 0.055166 0.000403 -0.064182 0.007497 0.145306 0.210140 -0.033778 -0.017937 -0.068549 0.044684 -0.505766 0.120133 -0.116225 0.087285 -0.086211 -0.009008 -0.147718 0.135882 -0.127160 -0.090530 -0.155870 0.014654 0.344345 -0.087135 -0.335684 -0.030419 0.125455 -0.115750 -0.043192 -0.052100 0.127706 -0.134545 0.213054 -0.044434 0.035891 -0.235176 -0.449244 0.265456 0.211747 0.146145 -0.048473 0.121983 0.008727 -0.098314 -0.064463 -0.055744 0.103919 -0.222044 -0.064733 0.228403 0.151071 0.103254 -0.190644 -0.347456 -0.051072 -0.152949 0.020542 0.030691 0.040061 0.009502 -0.192961 -0.108019 -0.217364 -0.033302 -0.198732 0.163700 -0.087671 -0.507112 -0.084096 -0.149446 0.194525 0.123776 0.076941 -0.001092 0.155092 0.067549 0.114074 -0.054162 -0.009111 -0.048862 -0.275201 0.055821 0.189014 0.090967 -0.360951 -0.299260 -0.089325 0.096541 0.048804 0.244066 -0.071687 -0.236506 0.103394 -0.030790 0.020178 0.090666 0.244393 -0.410030 0.024038 0.042919 0.138564 0.138656 0.089629
-0.300604 -0.267841 -0.202725 -0.101970 0.177740 -0.010135 -0.125180 -0.139178 -0.180248 -0.038767 -0.009986 0.063849 0.257968 -0.006341 -0.072382 -0.188048 0.180782 -0.105982 -0.021683 0.006733 0.104748 -0.173343 0.080415 -0.049387 -0.012530 -0.241047 0.293446 0.079791 -0.064558 -0.008282 0.066072 0.007041 -0.128993 0.107716 0.012932 -0.019006 0.099861 0.154002 0.183006 -0.139900 -0.004541 0.016095 0.169529 -0.237719 -0.147221 -0.017692 0.201559 0.228808 0.005973 0.077499 -0.074527 -0.160485 -0.007438 0.393516 0.122232 0.082361 -0.065017 -0.352496 -0.007365 0.358897 0.074261 -0.004529 -0.309768 -0.045418 0.001385 0.113499 0.081349 -0.017386 -0.028097 0.044471 0.226961 -0.082318 0.182267 0.015679 -0.177196 0.000583 0.094792 -0.031101 -0.069310 -0.181775 0.015972 0.006929 -0.010884 0.031218 -0.066701 0.128103 0.148806 0.308938 0.015464 -0.047819 0.177368 -0.220790 0.007079 -0.134947 -0.443707 -0.157308 -0.191494 0.122262 -0.022477 0.155187 0.135755 0.052105 -0.022430 -0.027069 -0.328441 -0.104888 -0.055480 0.005226 0.176649 -0.179449 0.071530 0.046304 -0.160289 -0.133497 0.151621 0.134413 -0.276646 0.259197 0.206461 0.346064 -0.294520 0.071672 0.024971 0.005569 -0.020094 -0.095554 0.229726 0.057487
-0.050667 0.130368 0.184923 -0.010011 -0.082279 0.039831 0.334278 0.024301 -0.182202 0.231432 -0.008863 -0.017620 0.274669 0.272333 -0.024359 -0.252356 0.063677 -0.112658 -0.322934 0.236413 0.052288 -0.094372 -0.012143 -0.170897 -0.200176 -0.166727 0.215730 0.044922 -0.003466 -0.043399 0.106575 0.048442 0.273741 0.062468 0.044632 0.016970 -0.009963 0.061459 0.069334 -0.201829 -0.120576 -0.337354 0.047061 -0.089619 -0.179122 -0.048352 0.062180 0.140538 -0.001556 -0.168185 0.070242 0.181585 0.015017 -0.083722 0.099077 -0.322769 -0.077773 -0.056236 0.145073 -0.143640 0.137631 0.256444 -0.102838 0.047090 -0.336060 0.188828 0.112464 0.028576 0.196890 0.057753 0.207219 0.147319 -0.041748 0.016110 0.131591 -0.285397 0.096780 0.281915 0.050927 -0.115272 -0.150389 -0.060850 0.055442 0.313948 -0.011975 -0.263715 -0.099669 0.166490 -0.073998 0.215594 0.091746 -0.197300 -0.180186 0.042121 0.020099 0.062118 0.179015 -0.085665 -0.019894 -0.123862 -0.169889 -0.029613 -0.068748 0.055330 -0.011797 -0.155989 -0.065238 -0.043057 0.156316 0.195939 -0.174227 -0.073606 -0.082565 -0.108958 0.310652 -0.149120 0.115355 -0.058171 0.266783 0.063939 -0.159790 0.187722 0.014415 -0.029414 -0.102244 -0.003231 0.229886 -0.148724
-0.007268 0.039101 0.128368 0.124153 0.050271 0.057142 -0.134876 -0.133210 -0.248071 0.011894 -0.145304 -0.117096 -0.148421 0.228698 -0.062983 -0.210709 0.141297 -0.053695 -0.258954 0.000593 0.106257 -0.275475 -0.178453 -0.168839 0.275941 -0.189637 0.075128 0.184894 0.023543 0.069073 0.173760 -0.089434 0.330611 -0.052605 0.023371 0.149850 -0.108376 0.177996 0.110243 -0.021605 -0.011141 -0.141807 0.020862 -0.171547 -0.171661 0.072254 0.052625 -0.178428 -0.292716 0.008969 0.085027 0.117009 0.177522 0.116804 -0.161658 -0.322146 -0.110493 -0.026714 -0.172652 -0.140612 -0.128575 0.163883 -0.229524 -0.048204 0.091213 0.125459 0.189444 -0.081073 0.183820 0.109234 0.188447 -0.020254 0.065433 -0.061964 0.266112 -0.185028 0.107094 0.297661 0.162110 -0.004547 -0.400691 -0.016619 0.149504 0.247850 -0.082957 -0.346563 -0.231683 0.203499 -0.024397 0.234918 -0.068305 -0.242942 -0.147586 0.019356 -0.012011 -0.311371 -0.011090 -0.124950 -0.007346 -0.048542 -0.137734 -0.008720 -0.029715 -0.059205 -0.104825 0.103903 -0.117629 -0.161027 -0.025901 -0.424289 -0.110370 -0.115842 0.191614 -0.054146 0.383932 -0.144465 0.032060 -0.188190 0.234298 0.271157 0.048600 -0.074331 -0.195417 -0.035816 0.043868 0.104177 0.255743 0.127772
-0.001228 0.163867 -0.289196 -0.221803 -0.044183 0.143908 -0.119949 0.140644 -0.181274 -0.168210 0.013092 0.118091 -0.003543 0.443375 -0.376753 0.005266 -0.190679 0.193882 0.066411 -0.116774 0.108366 -0.049563 0.249085 -0.098237 0.253775 -0.199133 0.121191 -0.119481 -0.059502 -0.087308 -0.020604 0.107582 0.051505 -0.273290 0.057103 0.008136 0.179057 0.192297 0.192543 0.131195 -0.037597 -0.242150 0.232070 0.055585 0.182820 0.119698 0.034871 0.037391 0.015401 0.173700 0.053139 -0.332275 -0.146379 -0.056930 -0.151474 0.231255 -0.054281 -0.028701 0.037770 -0.076655 0.194247 0.110539 -0.450084 0.020459 -0.369665 0.082656 -0.015732 -0.032153 -0.090850 0.201822 0.152567 -0.219414 0.114177 -0.060156 0.063587 0.134105 0.150384 0.098965 -0.115981 0.181535 -0.159868 0.138796 0.027373 -0.153736 0.153030 -0.243180 -0.104400 -0.122349 -0.070347 0.088977 -0.240301 0.050162 0.038383 0.133094 -0.190277 -0.100757 -0.089880 0.032837 -0.007987 -0.443650 0.073431 0.014851 -0.139098 -0.008340 -0.017381 -0.109065 -0.056984 0.080521 0.093250 0.035046 0.283847 0.071048 0.120830 -0.102272 -0.123805 0.009220 -0.259985 -0.071742 -0.321161 0.150226 -0.010396 -0.055441 0.183058 -0.019379 -0.051278 -0.125042 -0.221799 0.144593
0.131937 -0.198003 0.066603 0.020275 -0.109419 -0.372694 0.006862 0.009412 -0.045843 0.058966 0.071756 0.082871 -0.050380 0.151223 0.060169 -0.424090 0.065976 0.131605 0.007212 -0.030247 -0.062198 -0.304109 -0.241734 -0.001702 -0.060168 0.186114 -0.083077 0.032568 -0.022850 0.065718 0.080369 -0.083569 0.172021 0.060164 0.158105 0.122106 -0.056453 0.046086 0.345474 0.170128 0.025043 -0.204153 0.071868 -0.140856 -0.053808 -0.082497 0.008901 -0.047768 -0.275739 0.012723 -0.103093 0.022852 0.208236 -0.283995 -0.099581 0.058428 0.097401 0.302689 -0.205936 -0.156658 0.025331 -0.023541 -0.256128 0.019571 -0.214492 -0.063397 0.162134 -0.092926 0.099919 0.098971 0.214919 0.206589 0.057665 0.002418 0.074744 -0.024415 -0.113599 0.185477 -0.023222 0.114294 -0.499142 0.056030 -0.002251 0.156680 -0.395483 -0.184781 -0.038332 0.338427 -0.162407 0.153001 -0.214141 0.153429 -0.127501 0.026406 -0.057750 -0.100845 0.042617 0.073776 -0.005271 0.049956 -0.004210 -0.015545 -0.008805 0.002536 0.138945 -0.167011 0.247948 -0.033162 0.123629 -0.327760 0.015815 -0.076722 -0.120150 -0.249338 0.150104 0.390695 -0.059943 -0.151649 -0.061896 0.039443 -0.157966 -0.181094 -0.045460 -0.085168 -0.134084 0.151838 0.191161 0.101628
-0.262088 0.267057 0.075567 -0.072016 -0.183032 -0.289298 -0.256202 0.138138 0.029055 0.204977 -0.057716 0.497873 0.010525 -0.000912 -0.012891 -0.670925 -0.285547 -0.135595 0.014734 0.334367 0.111480 0.176419 -0.385293 -0.064246 -0.102370 0.005172 0.121124 0.215109 -0.005862 0.157798 0.142640 0.132540 -0.104589 0.075096 -0.178132 -0.082670 0.078699 0.068483 0.089539 -0.067217 -0.083043 -0.000528 -0.057659 0.254423 -0.024061 -0.224079 0.104857 0.008752 0.098874 0.042192 -0.212622 0.233023 0.141784 -0.025709 -0.235934 0.161568 -0.291471 -0.009018 -0.055074 0.063877 -0.082845 0.153050 -0.134584 0.125707 -0.124657 0.003514 -0.302321 -0.200000 0.102134 -0.056479 0.034339 -0.166641 -0.303304 -0.118547 -0.199991 -0.044360 -0.140188 -0.138102 0.036389 -0.099171 -0.176490 -0.162182 0.199978 0.107462 0.057731 -0.067064 0.367756 -0.049755 -0.132350 0.190150 -0.101571 0.034303 -0.293449 -0.117903 -0.088219 0.118438 0.034659 -0.113028 -0.084552 0.273191 0.008970 -0.007333 -0.001078 -0.115547 -0.269197 -0.017064 -0.107373 -0.051643 -0.136060 0.007384 0.017688 -0.163816 -0.008782 0.131364 0.225441 0.023988 0.169284 0.060893 -0.072837 -0.345921 -0.563265 -0.174291 -0.224416 0.059143 -0.065546 0.153628 0.063844 -0.127777
0.241551 0.210718 -0.372423 -0.003365 0.031799 0.069261 -0.041868 0.006724 0.033814 0.067560 -0.097956 -0.183553 -0.053194 0.173786 -0.004236 -0.188529 0.030113 0.028677 -0.062691 -0.000626 0.004952 -0.105214 -0.184042 0.037601 0.124334 -0.106332 -0.174469 0.078791 0.057013 0.016588 0.108053 0.096985 -0.083092 -0.068994 -0.072504 0.114927 0.192916 0.167287 0.147329 0.095832 -0.016054 0.154477 0.082444 0.077872 0.004989 0.155364 0.091980 -0.162412 -0.005516 0.079389 0.279706 0.097343 -0.079838 0.032595 0.083223 0.241335 0.137835 -0.070939 0.064097 0.040588 0.175123 0.068898 -0.536196 0.019729 -0.356707 0.075528 -0.187439 -0.140448 -0.202180 -0.069539 -0.047266 0.060907 0.033293 -0.077200 -0.069992 -0.018757 0.059764 -0.063394 -0.046007 0.053693 0.004180 -0.113579 -0.082774 -0.705113 0.048929 0.096570 0.076571 -0.237013 -0.029425 -0.247882 -0.145311 -0.133639 -0.026488 0.207304 0.167910 -0.059464 0.008561 0.270741 -0.039605 -0.142439 0.148129 0.057272 0.427587 -0.055393 -0.321094 -0.190184 -0.191085 0.026938 0.143012 0.081444 0.341262 -0.013074 0.111964 0.156322 -0.080068 -0.185399 -0.100170 0.067961 -0.289443 0.152991 -0.169568 -0.246883 0.214604 -0.098915 -0.088059 -0.330054 -0.208971 0.267696
0.180800 0.094113 -0.211436 -0.078040 -0.201351 0.057554 -0.137857 0.071720 -0.029116 -0.125227 0.248741 -0.022539 -0.372968 -0.030950 0.000459 0.186980 -0.286472 -0.007134 0.159164 0.195764 -0.012697 -0.011925 0.112302 -0.340894 0.019000 0.026034 -0.103510 0.163886 -0.031841 0.013758 -0.234362 0.146246 -0.157765 -0.251686 -0.036813 0.045464 0.023544 -0.076566 0.122375 0.020919 -0.195802 0.092677 0.183004 0.186754 0.187638 0.031256 -0.032816 0.168356 0.412812 0.091839 -0.238297 0.310558 -0.286736 -0.131192 -0.180920 0.231760 -0.040611 0.171933 -0.118873 -0.061547 -0.032370 0.018567 -0.228853 0.047728 -0.460162 0.196579 -0.047217 0.044957 0.173609 0.003236 -0.018046 -0.080688 -0.308133 0.071843 -0.044486 0.166534 -0.036235 -0.047960 0.068540 0.288520 -0.056651 0.233695 0.010182 0.162922 0.160079 -0.013772 -0.050488 0.060823 -0.062222 0.099619 -0.067487 0.081378 0.142433 0.146749 0.065300 -0.514307 -0.111649 0.164353 -0.097502 -0.205537 0.095862 -0.228117 -0.144306 0.011310 0.038996 -0.061250 -0.067122 -0.020545 -0.046645 0.088471 -0.041254 -0.058532 -0.239375 -0.077058 -0.050781 0.110615 -0.061667 0.055189 -0.054514 -0.004426 -0.292102 -0.046959 0.168656 -0.005392 0.004023 -0.265085 -0.003053 0.199795
-0.230012 0.003981 0.304188 -0.032729 0.427075 0.249458 -0.253641 -0.096605 0.030370 -0.147788 -0.148952 0.065752 -0.081169 0.182566 0.221683 0.259473 0.129316 0.089299 0.084854 0.119483 -0.153206 -0.220544 0.097951 -0.114020 0.072988 0.008730 -0.256640 -0.152582 -0.022629 -0.097673 0.082459 0.131391 -0.262519 0.031002 -0.334024 0.314809 -0.190644 0.272745 0.070665 0.107744 -0.058001 -0.104878 -0.124774 -0.002128 0.125058 0.071549 -0.428057 -0.140968 0.156789 0.106810 -0.113472 -0.355454 -0.232475 0.080146 -0.258372 -0.292301 -0.026537 -0.053177 0.268346 -0.082755 0.023513 -0.048097 0.000862 0.029325 0.023720 -0.180985 -0.051538 -0.066662 0.180119 0.036974 -0.089758 -0.358037 0.245647 -0.013303 0.137770 0.195654 -0.280730 -0.072827 0.097847 0.323320 0.025821 -0.100947 0.099383 0.160355 -0.323879 0.090213 -0.083710 -0.144886 -0.106653 0.324610 -0.107683 -0.462861 0.338576 0.334172 0.100257 -0.208236 0.335082 -0.129237 -0.138931 0.068005 -0.032189 0.170577 -0.052232 -0.000435 0.094499 -0.130766 -0.331469 0.149846 -0.026476 -0.006614 0.054164 -0.072129 -0.014118 -0.131582 0.093345 0.007087 -0.121945 0.128935 0.027882 0.190101 0.238564 -0.188953 0.220945 0.013068 -0.012864 -0.473260 0.129284 -0.029160
-0.172858 0.037946 -0.041220 -0.028980 0.307162 0.114470 -0.008614 -0.231038 -0.035666 -0.067107 -0.063678 -0.030500 0.081488 0.098801 0.044136 0.153347 -0.294995 0.152319 -0.131941 -0.022702 0.158815 -0.119565 0.227856 0.008065 0.109941 -0.330368 0.105631 -0.253615 -0.026005 -0.124791 0.317780 -0.131592 -0.026072 -0.211788 -0.221600 0.181694 -0.117484 0.128042 0.142152 0.237149 0.117531 0.220706 -0.069597 0.055539 0.019125 0.060235 0.036673 -0.203421 0.015403 0.206637 -0.148240 -0.492553 -0.435570 0.136802 -0.086303 -0.068178 0.040228 -0.257440 0.177680 -0.063662 0.138626 0.186884 -0.268529 0.145464 -0.063480 -0.043948 -0.066297 -0.053776 0.152584 0.015189 -0.037071 -0.077035 0.111701 -0.169876 0.006863 0.069886 0.039845 0.254850 0.135769 -0.232186 -0.023556 0.034410 -0.042944 -0.152844 -0.095128 -0.001311 0.001779 -0.210172 -0.047130 -0.136772 -0.447038 -0.139348 0.103280 0.300894 0.004453 -0.107548 -0.019242 0.258027 0.049029 -0.117478 0.248523 0.122505 -0.192004 -0.062140 -0.385393 -0.147074 -0.224108 -0.016504 -0.080101 -0.036867 0.084446 0.005118 -0.108320 0.164840 -0.030452 -0.148457 -0.065353 0.005802 -0.231186 0.173908 -0.059051 -0.083253 0.319298 -0.104046 0.024151 -0.361520 -0.131155 -0.034747
-0.091559 -0.003940 0.094735 -0.065891 0.232772 0.378588 -0.330215 -0.127216 0.050255 0.033888 -0.064646 0.011019 -0.065867 0.083057 0.233877 0.214950 0.147067 0.196943 -0.074449 -0.026078 -0.332560 -0.127739 0.077291 -0.184674 0.014757 -0.134302 -0.416091 0.055143 -0.056196 0.024357 0.075328 0.138289 -0.272532 0.095841 -0.078733 0.186270 -0.181598 0.137411 -0.199270 0.102530 0.051049 0.150926 -0.234348 -0.056953 0.188277 0.296071 -0.433921 -0.084470 0.219805 -0.162886 -0.026846 -0.109053 -0.052140 0.009962 -0.199479 -0.170887 -0.088793 -0.028603 0.133550 -0.040263 0.023110 -0.145056 -0.153780 0.054659 -0.122872 0.011723 -0.142421 -0.025727 0.266783 -0.027558 -0.113668 -0.278509 0.276198 -0.056627 0.160849 0.294712 -0.424283 0.055205 -0.055474 0.025844 0.162633 -0.023997 0.234986 0.260997 -0.351909 -0.145107 0.170356 -0.224378 -0.052703 0.326232 -0.234074 -0.331413 0.106253 0.081318 -0.006075 -0.011868 0.315653 -0.116365 0.029994 0.039872 -0.007681 0.263065 -0.187513 -0.060525 0.232250 0.015369 -0.322247 0.026767 0.139359 0.131583 -0.162274 -0.007385 -0.047806 0.142624 0.104277 0.347956 -0.197543 0.016611 -0.044013 0.300744 0.051160 -0.113866 -0.009636 -0.060104 0.086653 -0.190440 0.179093 0.033407
-0.163714 0.149012 -0.079474 0.151959 0.000680 -0.251983 -0.131509 -0.135515 -0.060760 0.089624 0.066647 0.380698 0.097133 -0.019054 0.022453 -0.318930 -0.164462 -0.143354 -0.123931 0.259122 0.149718 -0.161656 -0.335331 -0.277280 -0.402382 0.236465 -0.245073 0.194599 -0.053260 -0.153019 0.107061 0.223617 -0.081723 0.151828 0.028398 -0.088194 -0.184287 0.165334 -0.221201 0.205790 0.140759 0.025756 -0.238170 -0.034615 0.011475 0.012253 0.085918 -0.266919 -0.000081 -0.087196 -0.271275 -0.076794 0.391089 0.216955 -0.103938 -0.170084 -0.168695 0.107986 0.071160 0.034862 0.212379 0.096905 0.027659 0.124796 -0.018499 0.049290 0.071347 0.020019 0.190749 0.071180 -0.074148 0.005874 -0.219219 -0.210310 -0.081335 0.182944 -0.140515 -0.043373 0.121422 -0.109589 -0.173029 -0.222056 0.294524 -0.074483 -0.088003 0.197655 0.105889 -0.175922 -0.014258 0.275948 -0.034835 -0.199459 -0.123448 -0.028012 -0.115999 0.067555 0.103530 -0.100192 -0.077027 0.153697 0.075537 -0.195882 0.042848 -0.056917 -0.008156 0.091624 -0.206806 -0.016050 -0.190968 -0.107358 -0.036829 0.042827 -0.205141 -0.198281 0.024119 -0.177503 0.044589 -0.112511 0.040805 -0.257315 0.017457 -0.201593 -0.403452 -0.048044 -0.057741 -0.039636 -0.103547 0.081193
0.171966 0.294201 -0.208631 -0.016555 -0.449151 0.350006 -0.345261 0.055412 -0.058040 -0.254402 0.122899 0.123483 -0.538663 0.008808 0.223095 0.025420 -0.181024 0.210724 0.104862 0.354167 0.031598 0.199919 0.005180 -0.504996 0.339604 -0.219794 0.054114 0.052723 0.041251 -0.051907 -0.163615 0.062875 -0.148487 -0.504085 0.112687 0.114911 -0.216200 -0.097245 0.384335 -0.006896 -0.050932 -0.121841 0.132895 0.240338 0.372651 0.303763 -0.115498 0.171085 -0.029763 0.076130 -0.112251 0.013064 -0.325038 -0.071795 -0.395988 0.289612 -0.171534 0.171680 -0.015597 -0.011591 -0.201594 -0.009607 -0.415732 0.047486 -0.122465 0.023914 0.170304 0.087410 0.298457 -0.138727 -0.018218 -0.169303 -0.136287 -0.076008 -0.118306 0.110491 0.260017 0.034718 0.004889 -0.384433 -0.308627 0.306705 -0.224503 0.078862 0.158277 -0.183292 -0.005064 -0.137130 -0.045837 0.119867 -0.138555 0.215180 0.033711 0.231033 0.130199 -0.740054 -0.382711 0.113809 -0.094712 -0.012504 0.168102 -0.118740 -0.006217 -0.070086 0.248183 0.090756 -0.049968 0.020974 -0.084082 0.103246 0.092525 0.030938 -0.137058 -0.026149 -0.049038 -0.062134 -0.128842 0.113082 0.019975 -0.316213 -0.477087 0.096311 0.189012 0.083064 -0.051283 -0.019681 -0.374829 0.138001
0.003658 -0.224595 0.044820 -0.127364 -0.076832 0.229477 -0.293948 0.047260 0.316792 0.042710 -0.165029 0.120985 0.189580 -0.097755 0.195016 0.148485 0.014713 -0.079334 -0.102346 0.086379 -0.033324 -0.005269 0.000827 0.313856 -0.153900 0.084305 -0.106031 -0.085084 -0.046959 0.096843 0.054690 0.017870 0.031290 -0.153780 -0.098206 0.098588 -0.193570 0.015405 -0.259573 0.045166 -0.032518 -0.056350 -0.110986 -0.102854 0.058654 -0.248103 -0.166943 0.064939 -0.307243 -0.210375 0.017771 -0.051756 -0.293444 -0.034753 -0.329023 -0.201465 -0.088528 -0.136898 -0.268783 -0.019562 0.005779 0.090492 -0.164057 0.074475 -0.304223 -0.214985 -0.111743 -0.131498 -0.112543 0.180922 0.064220 -0.039755 0.307508 0.006765 0.047499 0.115433 0.065845 -0.042326 -0.175738 -0.099276 0.035660 0.175038 0.086744 0.007894 -0.528067 -0.170827 0.195008 -0.186730 -0.094934 0.092925 0.161740 -0.247607 0.118064 -0.171217 0.007952 0.090796 0.045708 0.093673 -0.050489 -0.050328 -0.011830 0.064217 -0.012677 -0.055741 0.049034 -0.132887 0.041962 0.112602 -0.070289 0.005403 -0.108211 -0.021382 0.040785 0.130825 0.169763 0.238481 -0.104230 -0.117265 -0.109175 -0.107894 0.149969 0.012438 0.156422 0.123099 -0.027362 0.061793 -0.028426 -0.197231
-0.212856 0.183687 -0.036398 0.036601 -0.153239 0.030379 0.228255 -0.154866 -0.532218 -0.020472 0.017477 0.084047 0.046870 -0.068529 0.240364 -0.164077 -0.118479 0.002113 -0.159157 0.012617 -0.208563 -0.093444 0.052602 -0.020156 0.064932 -0.278631 -0.071786 -0.002543 0.013145 0.221301 -0.029952 -0.304966 0.081490 0.035521 -0.073851 -0.081745 -0.314413 0.059548 0.137803 0.066300 -0.062564 -0.074485 -0.001222 0.197187 0.101349 0.127793 -0.243561 0.167481 -0.036524 0.016827 0.070528 -0.044996 0.315392 0.034177 -0.013921 0.042404 0.082748 0.237495 0.012717 0.209296 -0.123719 0.027860 -0.165640 -0.011875 -0.169529 -0.074321 0.191394 0.066974 -0.265090 0.058988 -0.091936 -0.079451 0.205437 0.150700 0.037699 0.124610 0.112576 -0.233115 -0.109360 -0.071078 -0.185102 -0.017317 -0.332808 -0.254730 0.117684 0.032475 0.009971 -0.151194 -0.013365 -0.167545 -0.002007 0.080561 -0.024318 -0.244431 -0.208800 -0.042374 -0.285368 0.238883 -0.068707 0.026590 -0.028594 -0.336135 -0.212108 0.062837 0.150393 0.035119 -0.105313 0.086919 -0.170446 -0.074425 0.008702 0.036433 0.127890 0.139913 0.028001 0.084850 -0.116540 -0.259463 0.095443 -0.054009 -0.073498 0.234167 0.038021 -0.053907 -0.049248 0.004336 0.033388 -0.040763
-0.016303 -0.150836 -0.232836 0.359430 -0.859712 -0.305064 0.081802 -0.451011 0.151011 -0.187308 0.117898 0.111070 -0.196612 0.068308 0.156757 0.045732 -0.213188 -0.132932 0.172836 -0.031529 -0.104374 -0.084829 -0.116173 0.208512 -0.094161 -0.400385 -0.263275 -0.090360 0.001484 -0.061936 0.209725 -0.125905 0.131542 -0.288907 0.100865 -0.095412 0.119475 -0.123527 -0.204049 0.037028 0.008615 0.239623 0.004526 -0.041737 -0.329103 -0.088490 0.193056 -0.058577 -0.010968 0.005994 -0.300375 -0.187999 0.150699 -0.000180 -0.203861 -0.272371 -0.199334 -0.011229 -0.080592 -0.162687 -0.032308 -0.216678 0.120383 -0.257439 0.014096 -0.171908 0.006872 -0.089138 -0.058291 -0.151158 0.170428 -0.272228 -0.187641 0.130822 -0.070918 -0.212213 -0.025572 0.039989 0.230443 -0.062026 0.170637 -0.052013 0.020874 0.075538 -0.111000 0.146847 -0.017764 0.292111 -0.059052 -0.166700 0.248823 0.318279 -0.215559 -0.148093 0.071687 -0.143872 -0.090849 -0.023664 -0.100203 -0.154763 -0.066186 -0.030100 0.223282 -0.071770 -0.232243 -0.000720 -0.208386 0.134509 0.022056 -0.062924 0.006579 -0.027511 -0.017891 0.137750 0.095550 -0.088897 0.031518 0.156615 -0.075323 -0.437023 -0.517052 0.269381 -0.119878 -0.088841 -0.025397 0.106832 0.109351 -0.156091
-0.102991 -0.126629 -0.086083 0.217130 0.096992 -0.304105 0.167146 0.047631 0.166203 0.141717 -0.116514 -0.053728 0.049122 -0.116933 0.080331 -0.325356 -0.067031 -0.057326 -0.097948 0.066245 -0.086054 -0.223221 0.049018 0.128267 -0.040119 -0.072542 0.000838 -0.293527 -0.078724 -0.136597 0.071431 0.048949 -0.039863 -0.263641 0.151564 -0.095393 -0.172120 -0.091047 -0.326127 0.031723 -0.052566 -0.368759 -0.003970 0.071582 0.096511 0.013740 -0.240511 0.040984 0.182766 -0.228309 0.055111 -0.072448 0.457229 -0.155287 0.170172 -0.223230 -0.198821 -0.217460 -0.168034 0.070264 -0.155672 -0.008381 0.127582 0.033593 0.014783 -0.143799 0.039729 -0.072578 -0.063488 -0.248000 -0.027534 -0.039741 -0.098125 0.134638 0.061444 0.057520 0.056991 -0.003435 -0.101118 -0.283628 -0.024865 -0.009884 -0.031642 0.054691 0.289579 -0.304054 -0.266361 -0.174451 -0.016798 -0.321834 0.101364 0.079138 0.028859 -0.196519 0.203394 0.058316 0.055684 -0.105434 0.059520 0.089144 0.101434 -0.016292 -0.234194 -0.091811 -0.282045 -0.105985 -0.026495 -0.263759 -0.194604 -0.006892 -0.100238 0.120897 -0.026085 -0.429634 0.031602 0.245159 -0.010745 -0.327200 0.056168 -0.314455 0.068001 0.098693 -0.082574 -0.062248 0.088870 0.274101 -0.004868 0.110964
-0.319318 0.177911 -0.227456 0.006568 0.120526 0.177568 0.010539 -0.096194 0.139533 0.172121 -0.058554 0.010008 0.029338 0.094039 -0.015783 -0.244909 -0.040961 -0.141447 -0.468400 -0.025032 -0.098859 -0.023235 0.040781 0.223421 -0.095544 -0.051645 -0.160971 -0.093017 -0.000350 -0.040485 -0.097998 0.119269 0.068445 0.192315 0.064411 0.226957 -0.067989 -0.048699 0.167418 0.082379 0.019731 0.177669 -0.406446 0.021813 -0.021789 -0.419662 0.300134 0.015285 0.077214 0.061009 0.110020 -0.020711 -0.103973 0.084917 0.397276 0.151577 -0.325203 0.178001 0.133302 0.326318 0.207776 -0.277712 0.144329 -0.227865 -0.065218 0.078996 0.142728 -0.035651 0.008715 -0.139362 0.191088 -0.120499 -0.065777 -0.159144 -0.400336 -0.154913 -0.300818 -0.111014 0.147226 -0.155670 -0.039605 0.232544 -0.172630 0.057581 -0.159648 0.214907 0.339952 0.122232 0.015097 -0.141370 0.052635 -0.185261 0.145721 -0.037706 -0.064814 0.244926 -0.152984 -0.089609 -0.096629 0.030834 0.020637 0.071257 0.169554 -0.005285 -0.172678 -0.217631 -0.188244 -0.270837 -0.019704 -0.074238 0.023295 -0.096802 -0.049172 0.075836 -0.231253 -0.197264 0.149058 0.035187 -0.170209 0.033647 -0.053623 0.119183 -0.039214 0.015517 -0.029921 -0.021045 -0.065077 0.374395
-0.287565 -0.072448 0.089320 0.065273 0.133085 0.115210 -0.010585 -0.029692 -0.260583 -0.133177 0.190899 -0.017446 -0.312369 0.174124 -0.036643 -0.009521 -0.068600 0.080347 0.016869 0.029633 0.117177 -0.011432 0.234092 0.155100 0.038841 0.011940 0.016783 0.157321 0.010266 0.085945 0.142663 0.010496 0.022115 -0.126418 -0.025418 0.120830 0.020369 0.085238 -0.048012 0.117473 0.050679 0.003133 -0.030977 0.029608 0.075273 -0.222767 0.023677 -0.136832 0.195702 -0.116813 -0.095746 -0.323024 -0.209635 -0.021559 -0.110394 -0.281868 0.113233 0.356013 0.239577 0.030698 0.200850 -0.117504 0.041604 -0.156201 -0.178420 -0.247399 0.236115 0.032712 0.081054 0.102341 -0.014041 -0.054088 0.154698 0.185734 0.024546 0.128117 -0.208838 -0.281436 -0.138659 0.016141 0.162602 -0.094323 0.143689 0.170676 0.148740 -0.014900 -0.296059 0.053945 -0.093296 -0.025759 -0.092687 -0.069891 -0.090482 0.016236 0.084615 0.016455 0.096182 0.122611 -0.081887 -0.131647 0.188786 -0.053423 -0.247969 -0.074429 -0.302715 0.041650 -0.098749 0.127288 0.059164 -0.036379 -0.059962 -0.044902 -0.106023 -0.094458 0.043323 -0.008335 -0.154876 0.079550 -0.096654 -0.026333 -0.021458 0.147922 0.166938 -0.083364 -0.100567 -0.169101 -0.186741 0.155589
0.138855 -0.057115 -0.139605 -0.152880 0.052519 0.045117 0.037174 -0.248341 -0.009975 -0.168958 0.021922 0.004496 -0.133868 -0.008314 -0.205463 -0.273993 -0.187877 0.025004 0.120326 -0.032136 -0.040064 0.062166 -0.017033 -0.249766 0.189711 -0.368664 0.125518 -0.015598 0.066893 -0.004621 -0.135601 0.103299 -0.175958 -0.322724 0.119375 0.052186 -0.147741 0.088445 0.036761 0.151267 -0.052540 0.191569 -0.032849 0.037931 0.015664 -0.237725 -0.062243 0.115035 0.446998 -0.056963 -0.018812 0.159394 -0.150435 0.096860 0.143664 0.445938 0.078251 0.188988 -0.071438 0.064494 -0.103593 0.063015 0.139279 -0.167039 0.013360 0.151501 0.062233 -0.029725 -0.013794 -0.021043 -0.109317 0.038489 0.104332 -0.199672 0.136057 0.020322 0.224069 0.248423 -0.253518 0.227451 0.196537 0.112555 -0.047202 -0.042142 -0.000047 -0.124867 -0.017483 -0.096961 -0.104733 0.020640 -0.117289 0.021024 0.061578 -0.006502 -0.043843 0.179464 -0.068606 0.069185 -0.054919 0.039337 -0.031970 -0.332473 0.130944 -0.073170 -0.081957 -0.036410 -0.179768 -0.139265 -0.166849 -0.001388 -0.017626 -0.055709 -0.177997 -0.036108 -0.263791 0.044161 -0.075690 -0.140664 -0.093343 -0.166146 -0.149252 -0.105902 0.195891 0.064216 -0.060407 -0.049533 0.169754 0.224137
-0.213736 -0.027064 -0.231488 0.155763 -0.135519 -0.063476 -0.086850 -0.040774 0.220135 0.032274 -0.121816 0.092826 0.103237 -0.131922 0.141135 -0.068999 -0.063937 -0.121205 -0.289417 -0.145184 -0.227733 -0.097618 -0.008996 0.168712 -0.007029 0.057364 0.098262 -0.012497 0.005334 -0.243222 -0.202172 0.138826 0.153772 -0.191855 0.144179 -0.283563 -0.126490 -0.056519 -0.225869 -0.095225 -0.200241 0.019277 -0.303160 -0.110130 0.181236 0.100776 -0.264816 -0.006062 0.020435 0.030172 0.106958 0.001344 0.136988 0.062949 -0.033715 0.253570 -0.142776 0.057286 0.077075 0.251936 -0.056099 -0.247931 0.016790 0.157524 0.075864 -0.021902 -0.300278 0.052830 -0.110136 0.011006 -0.260077 -0.116595 0.032882 0.192351 -0.223009 -0.049282 0.130835 -0.101621 -0.007181 -0.164633 0.218379 -0.061124 -0.166542 -0.222660 0.038828 -0.090009 -0.280348 0.059048 0.003236 -0.005576 0.240016 0.238840 0.036630 0.094149 0.132408 0.093667 0.026492 0.006257 -0.001412 0.068877 -0.106811 -0.155831 -0.110035 -0.031495 -0.103338 -0.054142 0.069077 -0.163464 0.008790 0.062652 -0.317403 -0.047354 -0.153394 -0.060068 -0.034266 0.209549 -0.235461 0.056054 0.229904 0.009200 -0.005147 0.295738 0.048012 0.028899 -0.130692 0.077422 0.221909 0.403425
-0.055342 0.275072 0.064822 0.328798 0.012472 -0.036999 0.108954 -0.075560 -0.032961 -0.132032 -0.197493 -0.101617 0.000065 0.095089 -0.201938 -0.045784 -0.278087 -0.179185 -0.223933 0.022868 0.089611 0.186267 -0.053904 -0.064749 -0.327112 -0.162540 -0.020994 0.059854 -0.094500 0.084281 -0.060404 0.006201 0.046292 0.063463 -0.064377 0.145998 -0.290033 0.034846 0.204341 0.250106 -0.051612 0.162225 -0.141807 0.011179 -0.053865 -0.247406 -0.149006 0.005803 0.125099 -0.238949 0.002224 0.199604 0.003259 0.007245 0.068118 0.142509 -0.344140 0.133301 -0.078986 0.267777 -0.001253 -0.162210 -0.625545 -0.176684 -0.007756 -0.179062 0.082158 -0.096141 -0.101529 -0.153765 0.160493 0.069681 -0.594950 -0.469063 0.089741 0.000758 -0.112652 -0.292527 0.117313 -0.128233 -0.057537 -0.404235 -0.249440 -0.081691 0.004250 -0.036730 0.079444 -0.020510 -0.024249 -0.075474 -0.271501 -0.006817 -0.103539 -0.015606 -0.023337 0.063722 -0.097607 -0.091507 -0.070487 0.000972 0.177972 0.133632 0.150827 0.001201 -0.186501 -0.237093 0.075473 -0.103183 -0.067286 0.022100 -0.056277 -0.023151 -0.123052 -0.018332 -0.077657 0.085638 0.100064 -0.158033 -0.252860 -0.128788 0.069835 -0.057720 -0.141618 0.062953 -0.023754 0.256095 -0.175427 -0.204867
0.011281 -0.013886 0.000939 -0.223035 -0.046746 0.149235 -0.103567 0.082747 -0.402402 0.150919 0.190157 0.164911 0.103257 0.006369 -0.097538 -0.038469 0.035502 -0.033357 -0.346815 0.116408 0.047654 0.045418 -0.100686 -0.303279 0.090020 -0.183939 -0.035881 0.113717 -0.048828 0.012443 0.124308 -0.058953 -0.387304 0.121990 -0.050174 -0.131108 -0.319254 -0.003801 -0.158476 -0.154145 -0.140701 -0.156118 0.347728 0.105876 0.003318 -0.027601 -0.192922 0.114536 -0.026874 -0.165566 -0.166076 0.008953 -0.146257 -0.068822 -0.117862 0.063026 0.221276 0.230200 0.015108 0.008911 0.064576 0.050805 0.110704 -0.001173 -0.651576 0.202741 -0.175922 -0.023005 0.250924 0.045442 0.233038 -0.001815 0.052970 -0.005900 -0.106178 0.064296 0.110905 0.041137 -0.004284 0.016489 -0.123631 -0.067459 0.305856 0.030564 -0.079230 0.238421 -0.045192 -0.089227 0.057480 0.102481 -0.569696 0.055987 0.140070 0.083615 -0.343985 0.032279 0.065896 0.071282 -0.030411 0.056750 -0.154710 0.249820 -0.162009 -0.027037 -0.062553 -0.073793 -0.065315 0.141725 0.155086 -0.041225 0.134047 -0.020832 -0.116624 -0.228185 -0.119208 -0.123941 -0.017347 0.099825 -0.137421 0.011205 -0.256696 -0.035753 0.039081 -0.003336 -0.038881 -0.185826 0.144960 -0.314893
0.095678 0.353936 -0.177294 0.050936 -0.221596 -0.349891 0.044434 0.100045 0.029384 -0.080419 0.229184 -0.318122 -0.239682 0.079110 -0.035877 0.109445 0.039714 0.093069 0.046239 0.096550 0.020907 0.015812 0.139610 -0.061789 -0.284540 -0.028596 -0.049325 0.115021 -0.043808 -0.081050 -0.114515 0.019779 0.151176 -0.154358 0.163528 0.017471 0.213798 0.239499 0.114344 -0.007852 -0.119375 0.031123 0.042334 0.119805 -0.070388 0.027266 -0.028342 0.042402 0.084928 -0.326382 0.011395 0.351702 0.055889 0.166855 -0.342825 -0.009167 0.209950 -0.115680 0.098583 -0.085732 -0.097891 0.136361 0.003190 0.041621 -0.040569 -0.283575 -0.125745 0.021805 -0.001261 0.292033 -0.267627 -0.043364 -0.224160 0.026176 0.153809 0.134865 0.110810 0.107568 0.173601 -0.127538 -0.033595 -0.111988 -0.013301 0.211738 -0.019215 -0.026286 -0.056861 -0.030465 0.057929 -0.149867 -0.013916 0.043860 -0.050960 0.018902 0.036952 0.109607 -0.253535 0.116619 -0.070612 -0.143463 0.055746 -0.159379 -0.106422 -0.019935 0.387147 -0.063510 -0.099317 0.047392 -0.227237 -0.208461 -0.083221 -0.030664 -0.041037 -0.003651 -0.242353 -0.061718 -0.086363 -0.065815 -0.048079 -0.502081 -0.309823 -0.001582 0.120435 0.004182 -0.079299 0.137212 -0.324951 0.137258
0.091100 0.043423 -0.207175 -0.393993 0.157396 0.023833 -0.298449 -0.129790 -0.155380 -0.157012 0.047929 -0.073064 -0.347378 0.108099 -0.492590 -0.091460 -0.214250 0.214728 -0.158718 0.098117 -0.014335 -0.156792 0.100954 -0.117879 -0.187400 -0.129328 -0.105595 0.263071 0.093452 -0.047190 0.087484 0.123761 -0.283031 -0.310453 -0.187375 -0.150591 -0.208644 0.104914 0.180703 0.210038 -0.146873 -0.115755 -0.071322 0.144050 -0.006707 0.154568 -0.334220 0.148243 0.163715 0.110035 -0.252062 0.002855 -0.200358 0.076960 -0.056122 0.226417 0.117019 0.033691 -0.046148 -0.064552 -0.018101 0.052006 0.076965 0.140918 -0.315506 0.004818 -0.037548 -0.037913 -0.313485 0.030951 -0.098067 0.026529 -0.098106 -0.138588 -0.148448 0.116453 -0.049173 -0.226548 -0.188062 -0.378378 0.067233 0.071643 0.091962 -0.216723 -0.059540 0.174394 -0.067652 -0.082592 -0.046848 -0.003568 -0.142954 -0.023540 0.032950 -0.052028 0.083498 0.090833 0.144982 0.152278 -0.017839 0.105081 -0.006007 -0.055907 -0.031237 -0.008764 -0.236170 0.008459 -0.145407 0.044854 -0.038161 0.015115 -0.304496 0.001166 -0.151502 -0.134137 -0.004751 0.003893 0.144724 0.105726 -0.040468 -0.014303 0.104485 0.167967 0.075023 0.008425 0.104715 0.076408 0.155251 0.063698
-0.078894 -0.045864 0.073416 0.028121 0.074336 -0.304943 -0.174569 -0.272042 0.063051 -0.093918 -0.134005 0.169077 -0.036194 -0.387943 -0.062915 -0.032958 -0.502392 0.009728 -0.034264 0.086191 0.059015 -0.011021 0.027444 -0.018951 -0.158035 -0.060941 0.187132 -0.388328 -0.073717 0.041989 0.164906 0.272528 0.031523 -0.084836 0.019223 -0.026674 -0.115971 -0.126806 -0.067762 -0.060946 -0.061082 -0.147138 0.026958 -0.065415 0.046782 0.262242 0.180233 -0.097950 0.112384 0.140177 0.134548 0.036838 0.123051 0.164275 0.039461 -0.068554 -0.043732 -0.019565 0.063788 0.044971 0.073288 -0.015701 -0.092281 -0.054226 0.053235 0.128532 0.211725 -0.100707 0.202551 -0.350153 0.164335 -0.205000 0.087770 0.215179 0.061418 -0.001733 0.010175 0.090411 -0.234192 0.058296 -0.101507 -0.017449 0.008814 0.148460 0.034693 0.045634 0.039103 0.095861 0.076282 0.022702 0.107164 0.094649 0.000086 -0.129075 -0.077171 0.045340 -0.237464 0.170440 -0.089699 0.101116 0.003371 0.076788 0.130905 -0.026411 0.003465 -0.098752 0.006586 0.075178 0.193792 -0.152510 -0.015339 0.034693 -0.256801 0.207382 0.047537 0.006462 -0.058163 0.172865 -0.014449 0.002968 -0.177019 0.188716 -0.074426 -0.073625 0.004966 -0.028676 0.106916 -0.068582
-0.121256 -0.394405 0.129533 -0.117951 0.207331 0.012140 0.242966 -0.102511 -0.041522 -0.118295 -0.048859 0.233320 0.134708 -0.044956 0.146890 0.043796 0.018306 0.004659 -0.054980 0.090924 0.131684 -0.012328 0.142052 0.195428 0.102926 -0.231910 -0.185386 0.129636 -0.067841 0.184897 0.083806 -0.071200 0.068405 0.101422 -0.012348 -0.134536 0.034203 -0.010266 0.052503 -0.019785 -0.021510 0.002154 -0.037960 0.145616 -0.275817 0.030096 0.083603 0.162145 0.209939 0.019227 -0.104082 0.122566 0.063720 -0.257943 0.057256 0.012756 0.160995 0.053227 0.056343 0.124310 0.196925 0.048592 0.035862 0.287478 -0.100797 0.038680 0.088318 -0.111958 0.120187 0.095112 -0.114871 -0.103251 0.014376 -0.161301 0.229330 0.013399 -0.015509 -0.000590 -0.022886 0.041228 -0.502554 -0.308830 -0.212223 -0.046306 0.116394 -0.041319 0.169790 -0.001876 -0.025975 0.020319 -0.156554 0.146075 0.041346 0.173308 0.118128 0.183123 0.112047 -0.359463 -0.064697 0.164792 0.105759 -0.185697 -0.259444 -0.004412 0.101345 -0.231780 -0.237365 0.100905 -0.066343 0.049348 0.046283 -0.044425 0.062494 0.083223 0.017430 -0.046047 -0.090254 0.046501 0.119690 -0.204519 -0.192175 0.126548 -0.171535 -0.024532 -0.085000 -0.027554 0.133119 0.042084
0.060348 -0.153289 0.027220 -0.110771 -0.189040 -0.264293 -0.067250 -0.127309 -0.116046 -0.202217 0.175326 0.245330 -0.142603 -0.070991 -0.113150 -0.279069 -0.321400 0.129638 -0.065885 0.035153 -0.238493 0.076144 0.188053 0.369702 0.271705 0.024245 -0.100683 -0.118741 0.038234 0.112536 0.175609 0.065667 0.168935 0.186571 -0.091121 -0.056848 0.174949 0.041666 0.075005 0.012537 -0.008812 -0.101680 0.005889 0.028879 0.013951 0.063091 -0.138170 -0.154928 -0.226462 -0.180278 -0.123900 -0.060092 0.072615 -0.067558 -0.213339 -0.140016 0.058806 -0.158645 -0.147488 0.243999 0.132843 -0.008403 -0.221950 0.168863 -0.156097 -0.095530 -0.025705 0.025619 0.186123 0.090471 0.093108 -0.086366 0.197452 0.355582 0.054157 0.063509 0.106865 -0.137731 -0.286525 0.003728 -0.118145 0.251410 0.458734 0.104038 0.010479 -0.214902 -0.085340 -0.113980 0.007959 0.337585 -0.094867 0.317786 -0.156825 0.038048 0.078754 -0.164670 -0.047543 -0.146344 -0.078494 0.012909 -0.065143 -0.071419 -0.049418 -0.018976 -0.109050 -0.031590 -0.205699 -0.296731 0.045296 -0.139481 -0.103495 0.013132 -0.080127 -0.085837 0.323270 0.155156 -0.341915 -0.117001 -0.121460 0.001443 -0.189723 0.082238 -0.585278 -0.046691 -0.022310 0.102098 0.358901 -0.083908
0.119768 -0.041327 -0.029096 0.109382 0.047358 -0.094969 -0.380180 0.218191 0.311592 0.009505 -0.212254 -0.146462 -0.116913 0.003687 0.193780 0.207540 0.035981 -0.116970 -0.136572 -0.013061 -0.083001 0.164857 -0.019690 -0.397403 -0.008536 0.068784 -0.040701 0.082807 0.028269 -0.160592 -0.295488 0.048671 0.047857 -0.004641 -0.080095 -0.074698 0.101565 0.330612 0.100492 0.095701 -0.008987 -0.118177 -0.000489 -0.315986 -0.130714 -0.018762 -0.183049 -0.208281 0.203397 -0.150023 -0.152112 -0.163077 0.002435 -0.073079 0.112901 0.468397 0.096686 0.053845 -0.178941 -0.252636 -0.136867 0.003022 -0.368275 -0.019322 0.034122 -0.107250 -0.088824 -0.010816 -0.343552 -0.039695 0.050042 0.382273 0.138076 -0.024881 -0.073301 0.020747 -0.120238 0.058223 -0.207376 0.000510 0.175109 -0.049779 0.133304 -0.074605 -0.101706 -0.002727 -0.002583 -0.021238 -0.080059 -0.078633 0.076409 0.034184 0.056797 -0.010696 0.302479 -0.058734 0.060573 -0.079669 -0.098749 0.021964 -0.107577 -0.178627 0.051972 0.073997 -0.207042 -0.144373 -0.175810 0.015222 -0.133581 -0.101916 0.046526 0.048266 -0.030155 0.083635 -0.122448 -0.152143 0.315015 0.153698 0.062173 0.088549 0.200688 -0.284915 -0.145676 0.081767 0.034341 0.211027 0.063228 -0.014694
-0.398660 -0.069184 0.190343 0.004273 -0.186939 -0.084002 -0.205191 -0.122389 0.169381 0.128275 -0.042177 0.001162 -0.011226 0.019424 0.139887 0.350455 0.202442 0.035986 0.120548 -0.192274 0.027492 0.171009 -0.036605 0.243226 0.044485 -0.321872 -0.252105 -0.462598 -0.072567 0.043952 -0.065476 -0.068397 -0.008937 -0.036260 -0.020037 -0.345139 -0.150821 -0.078513 -0.161875 -0.197116 0.061093 -0.258742 0.093883 0.028033 -0.057716 -0.235852 -0.370222 0.169406 0.041051 -0.004434 -0.176477 -0.105486 0.048868 0.151477 -0.167903 0.192478 -0.093371 -0.312149 -0.234236 -0.035968 -0.323339 -0.231841 -0.057826 0.027378 0.167093 -0.078324 -0.224954 0.020944 0.073892 -0.005056 -0.418665 0.015224 -0.097880 -0.150174 -0.018835 0.096237 -0.108477 -0.146056 -0.236043 0.055430 0.113139 0.036216 0.315099 -0.264102 -0.042390 -0.012918 -0.226693 -0.076726 0.015773 -0.006735 0.067258 -0.241999 -0.001940 0.071824 0.184751 0.284498 -0.036060 -0.175627 -0.075462 0.149751 -0.158927 -0.210854 -0.319531 -0.026558 -0.001079 0.113374 -0.213684 0.156291 -0.188680 0.021327 -0.020781 -0.091319 -0.067932 -0.195216 -0.019445 -0.069923 0.073107 -0.113739 0.029022 -0.006594 0.137025 0.194032 -0.139375 -0.021224 0.044567 0.170543 -0.001772 -0.195766
0.056131 -0.017698 -0.035094 0.190482 -0.262472 0.105798 0.098386 0.015658 -0.093630 0.176069 -0.012789 0.025102 -0.030406 -0.024364 0.167878 -0.339918 0.003415 -0.139678 0.144833 -0.275255 -0.243856 0.007566 0.086016 0.033763 -0.032785 -0.411904 0.046608 -0.170433 0.081610 -0.015068 -0.341701 -0.351631 0.274937 0.386010 -0.033224 -0.041266 -0.020311 0.281339 0.081260 -0.374593 0.019837 0.310209 0.195839 -0.294276 -0.130430 0.185022 -0.115967 0.140684 -0.041796 -0.259074 0.185334 -0.180358 0.145537 -0.283111 -0.001599 0.232774 0.019343 0.320063 0.026289 -0.104934 -0.019842 0.219125 0.021350 -0.129322 -0.224585 -0.142643 -0.027282 -0.082031 0.228779 -0.028062 -0.308232 0.054042 0.105682 0.188080 -0.074285 0.077388 0.260175 -0.116982 -0.015031 -0.261863 0.121609 -0.296068 -0.245409 -0.058326 -0.099321 -0.292041 0.056422 0.208002 -0.054367 -0.020910 -0.066579 0.365511 0.195715 0.106295 -0.180001 0.141284 0.031758 -0.006539 0.048770 0.318123 -0.144552 -0.154256 -0.036652 -0.045099 0.356712 -0.230343 0.047043 0.161603 0.113919 -0.119681 -0.136749 0.133998 0.108833 -0.170239 -0.087732 -0.131782 -0.194580 -0.014412 -0.222389 -0.360070 0.071250 0.119500 -0.018374 -0.024729 -0.088996 0.145162 -0.001665 0.070327
-0.073038 -0.399124 0.005467 -0.003082 -0.416861 -0.126657 0.014113 0.051068 0.183347 -0.213673 -0.486069 -0.019282 -0.067903 -0.024365 -0.126399 0.085523 0.045151 0.047507 -0.176041 -0.204142 -0.058833 0.108158 0.230052 0.030638 0.005409 -0.095676 -0.025669 -0.292801 -0.054629 -0.210675 0.117561 0.127068 0.189792 -0.237656 0.142698 -0.184014 -0.003084 0.039626 0.041006 0.158979 -0.234694 -0.008935 -0.040461 0.102205 -0.218348 0.039165 -0.030284 -0.230457 -0.054744 -0.062727 -0.037745 -0.419284 -0.145392 -0.054522 -0.080134 -0.079304 0.179278 -0.014886 -0.394523 -0.222527 -0.053947 -0.100779 0.034354 -0.182507 -0.017341 -0.175045 -0.042652 -0.023121 0.065174 0.003640 -0.241149 -0.040428 -0.034284 -0.207649 0.045938 0.127803 0.027200 -0.136973 0.115166 0.025345 0.212997 0.087582 -0.188600 0.056912 -0.146030 -0.053032 -0.197885 -0.168313 0.012792 0.127432 -0.229917 0.092493 -0.049824 0.152928 0.360792 -0.038464 0.097807 -0.172313 -0.028800 -0.090164 -0.072344 -0.023944 0.152265 0.007291 0.094003 0.019296 -0.172188 0.010757 -0.060247 -0.805184 0.028840 -0.028263 0.050795 -0.198168 0.066645 -0.194462 0.132272 -0.015727 -0.215236 -0.060280 0.083285 -0.051027 0.128947 -0.018370 -0.104290 0.322173 -0.208822 0.001769
-0.001593 0.016740 -0.096762 -0.071267 -0.075064 0.052883 -0.161264 0.036843 -0.007866 -0.166867 0.001874 0.051615 -0.063006 -0.074148 -0.105646 -0.036187 -0.040607 -0.006343 -0.451213 0.034453 0.009442 0.031663 -0.137279 -0.167044 -0.012126 -0.142379 0.023339 0.051145 -0.016354 -0.049770 -0.151483 0.037170 -0.066741 0.083183 -0.035359 0.079050 -0.107111 -0.168389 -0.070910 -0.159063 -0.286445 -0.001880 -0.034744 -0.104078 -0.034532 0.133414 0.023345 -0.122387 -0.069558 0.151587 -0.143190 -0.188766 0.034995 0.046696 0.049785 -0.035759 -0.020677 -0.028011 0.033885 -0.090126 0.003443 0.251370 -0.233444 0.031876 0.056891 0.187205 -0.104898 0.008667 -0.081574 -0.105295 -0.007573 -0.143849 0.035663 0.047501 -0.005066 -0.031171 -0.058060 0.027568 0.023114 -0.154795 -0.023629 -0.180289 -0.154563 0.116389 -0.043329 -0.094726 -0.229298 -0.201344 -0.033508 0.001063 0.147855 -0.073516 0.075265 -0.063676 0.070365 -0.220490 -0.088176 -0.034521 0.004697 -0.233106 0.002965 0.082110 0.075148 0.022985 -0.212169 -0.017193 0.134075 -0.046896 0.093115 0.093272 0.096153 -0.064134 -0.089483 0.197605 -0.066457 0.055915 -0.058426 0.163237 0.231008 -0.050505 -0.000500 -0.089105 -0.059782 -0.114493 -0.110223 -0.152732 0.002242 -0.019958
0.060890 -0.223129 -0.093883 -0.070190 0.227292 -0.092365 -0.139859 -0.079761 0.225512 0.606204 -0.159234 -0.220561 -0.087806 0.094249 -0.109151 -0.117823 -0.117546 -0.213504 0.257003 -0.110045 0.115792 0.163428 0.326634 0.269795 -0.116709 0.103046 0.512001 -0.235632 -0.048694 -0.332889 0.366156 -0.347317 -0.116046 0.078573 0.139207 0.156094 0.127145 -0.134696 -0.130441 0.154833 0.012728 0.010899 -0.223094 -0.286332 -0.320703 0.064834 -0.223839 0.334082 0.136541 -0.049199 0.072304 0.143043 0.119874 -0.000747 0.253408 0.134664 0.206720 0.065145 -0.254034 -0.008468 -0.347095 0.027916 0.176353 0.076192 0.149659 -0.087121 -0.246867 0.045981 -0.324868 0.145648 0.176354 -0.304250 0.089243 -0.045619 0.079530 0.040784 0.265033 -0.169230 -0.087478 0.055027 0.215560 0.048720 -0.299780 0.078602 -0.055160 0.029290 0.245068 -0.070165 -0.048963 0.021881 0.066559 -0.128369 0.272569 -0.111134 -0.151119 0.504839 -0.402677 0.136225 0.028093 -0.003380 -0.040948 0.165589 0.031970 0.067589 -0.360824 0.069462 -0.105323 0.031749 0.014640 0.385779 0.015101 -0.049568 -0.050193 -0.432556 -0.361138 -0.082304 -0.051172 -0.001149 0.189840 -0.201104 0.051239 0.188355 -0.025069 0.016002 -0.081104 0.053102 -0.002342 -0.244031
-0.134379 -0.126514 -0.303827 -0.399061 -0.032978 -0.050827 -0.185335 0.177347 -0.084068 -0.008630 0.010758 -0.133150 -0.005704 -0.033761 -0.232102 -0.052120 0.374716 -0.103848 -0.181545 -0.076151 0.047494 0.060142 -0.018236 0.051283 0.002600 -0.009070 0.200392 -0.067193 -0.087149 0.021664 0.273261 -0.038602 0.063413 -0.069835 -0.118278 -0.285485 -0.060741 -0.141802 -0.165755 0.422658 -0.034934 -0.366104 0.115051 -0.012781 0.117584 0.171597 -0.414647 -0.029467 0.199615 0.071112 -0.205690 0.064535 0.061090 -0.031501 0.025679 0.193438 0.094523 0.210646 0.110463 0.154904 -0.049208 -0.337058 -0.212286 -0.108330 -0.167172 0.172529 0.035376 -0.151272 -0.201076 -0.401866 -0.359782 0.199778 0.169161 -0.480064 0.190836 -0.047820 0.152003 -0.077260 -0.451299 -0.112715 0.063106 -0.041150 -0.182565 -0.586883 0.203694 0.015540 -0.061020 -0.157944 -0.000977 -0.191885 0.170821 -0.134913 0.046221 -0.102508 0.181878 0.175204 0.064939 -0.255205 0.080662 -0.140418 -0.026617 -0.039060 0.245153 -0.054014 -0.021410 -0.002360 -0.248976 -0.171235 -0.533269 0.063304 -0.097865 -0.020341 -0.138006 -0.372178 -0.324071 0.105152 0.119430 -0.173783 -0.049221 -0.005216 -0.118835 -0.193820 0.053925 -0.019556 -0.064046 0.088929 -0.160792 0.033067
0.076398 -0.182271 -0.004914 0.347425 -0.262166 -0.021963 -0.175908 0.000801 -0.292129 -0.318286 -0.105743 -0.003946 -0.238134 -0.184271 -0.086893 -0.321021 0.143853 -0.002889 0.049555 -0.202492 -0.537460 0.277238 0.426041 0.011627 -0.143539 -0.184788 -0.114027 -0.121464 0.025026 -0.258374 -0.093907 -0.057508 -0.060331 0.138904 0.207821 0.156176 -0.130638 0.267192 -0.360896 -0.287903 -0.014612 0.151646 0.040714 0.177205 0.231360 -0.040010 0.232695 -0.031341 -0.126726 -0.097579 0.373109 -0.316293 0.053738 0.185296 -0.326129 -0.151402 -0.302188 -0.073905 0.163343 0.015354 -0.055629 -0.399490 -0.023284 0.142431 0.018013 -0.441380 -0.427027 -0.013595 0.331937 0.020350 0.209683 -0.349713 -0.485315 0.179594 0.243764 0.006258 -0.035488 0.092419 -0.133692 0.042725 0.309097 0.080855 -0.169837 -0.102945 -0.317986 0.168337 -0.186567 -0.111430 -0.031761 0.232542 0.008717 0.261977 0.040485 -0.168711 -0.162468 -0.253987 0.015448 -0.643853 -0.002736 0.093973 -0.134486 0.092993 0.087692 0.018737 0.114902 0.161301 0.020402 0.074137 0.458758 -0.044084 0.168785 -0.005332 -0.111264 -0.159542 -0.569767 0.179207 0.056834 0.062144 -0.327297 -0.033662 0.200394 -0.090012 0.048256 -0.101315 0.022619 0.287571 -0.433918 0.067698
0.166558 -0.061253 0.024160 0.301732 -0.245021 -0.010955 0.033734 0.075963 0.080145 0.142368 -0.176607 -0.281684 -0.140233 -0.005662 0.110932 0.171927 -0.020293 -0.124700 -0.030426 -0.308529 0.007672 0.197784 -0.070813 -0.129345 -0.069760 -0.442522 -0.006759 -0.046811 -0.073894 -0.301771 0.084620 -0.311127 -0.044482 -0.385998 0.168076 -0.149993 0.108246 -0.129774 0.025663 0.283333 -0.011494 0.004783 -0.002656 0.196565 0.016987 0.119754 0.127131 0.096637 0.001700 -0.088643 0.109878 -0.240543 -0.014856 -0.156903 -0.080976 -0.006517 0.026504 0.114908 -0.443892 -0.202831 -0.142966 -0.091624 -0.029474 0.029769 0.093630 -0.019045 -0.027081 -0.074664 -0.045240 -0.199904 -0.132994 -0.124240 0.049153 -0.261576 0.132678 -0.210648 -0.022935 0.033500 0.134928 -0.141617 0.101825 0.067872 0.070977 0.162947 -0.166437 -0.014260 0.284836 -0.045311 0.002476 0.093558 -0.284257 -0.111706 -0.119982 0.215878 0.288919 0.055146 0.068729 -0.215269 -0.068771 -0.279369 -0.111425 0.240342 0.058247 -0.029885 0.183311 -0.235046 0.056658 -0.407175 0.082670 -0.315503 0.023287 0.031065 -0.120665 -0.029652 -0.083993 0.070755 0.109256 0.103114 -0.069127 -0.151686 0.024129 0.307579 -0.213606 -0.032882 -0.113497 0.130550 -0.160858 -0.369861
-0.126268 -0.109439 0.006342 -0.065371 0.248971 0.433849 0.135232 0.040854 -0.089894 -0.038752 -0.190186 0.066883 -0.237875 0.240873 -0.064449 0.157109 0.440214 -0.106875 -0.381616 0.051008 -0.253810 0.099436 0.086859 0.046139 0.123888 0.124485 -0.403969 0.133134 -0.090813 0.013457 -0.052686 0.205490 -0.137184 -0.169887 0.000408 0.111295 -0.165292 0.130134 -0.178758 0.098411 0.041903 -0.121205 -0.031473 -0.103512 -0.003832 -0.057425 -0.269080 -0.071084 -0.028496 -0.063340 -0.141911 0.014814 -0.041847 0.055557 -0.225805 -0.449238 0.107705 0.300087 0.367591 -0.254675 0.083428 -0.025975 0.186746 0.103223 0.164486 -0.603326 -0.122163 -0.025735 0.137839 0.297438 0.049011 -0.213864 0.318076 -0.102656 -0.174833 0.422338 -0.440503 -0.085335 -0.041496 0.264568 -0.225903 0.004626 0.079273 0.173267 -0.730820 -0.011999 -0.020658 -0.083934 0.012267 0.052249 -0.235624 -0.028675 0.130374 -0.034761 0.046460 -0.192430 0.204634 -0.354650 0.022138 0.088135 -0.213244 0.263819 -0.163086 -0.047998 -0.095549 0.152261 -0.184364 -0.098214 0.274468 -0.122305 -0.043815 -0.007244 -0.185049 -0.029695 -0.345736 -0.148998 0.129239 -0.122375 -0.179259 0.017880 0.012949 0.055177 0.049365 0.054533 -0.023188 -0.135989 -0.027423 -0.088568
-0.268416 -0.101233 -0.189244 -0.017949 -0.251676 -0.161323 0.077468 0.284901 -0.007653 -0.129468 -0.054484 -0.340832 0.021504 -0.114173 0.079786 -0.013578 -0.035583 -0.043982 0.228982 -0.210892 0.041080 -0.037199 0.105179 0.016785 -0.084529 0.047267 0.027526 -0.123393 0.024780 -0.051452 -0.131342 0.018446 0.000323 -0.254481 0.151123 0.073741 0.040215 -0.037144 -0.232556 -0.060489 -0.116821 0.019551 0.040232 -0.106421 0.059167 -0.051351 0.246293 -0.172363 -0.187083 -0.216447 -0.082731 -0.105862 -0.079509 -0.014561 0.076436 -0.068336 0.000177 -0.185355 0.055385 -0.350582 -0.077797 -0.102941 0.229052 0.021607 -0.275932 0.175575 0.033638 0.053819 0.041227 0.075758 -0.138675 0.182362 -0.305033 -0.257337 0.161531 0.221105 -0.000063 0.083410 -0.210991 -0.021590 0.175278 0.028029 -0.174487 0.061489 0.024879 -0.050966 -0.341613 0.376080 -0.021437 -0.289394 0.066282 0.007233 0.114445 -0.146763 -0.110656 -0.039791 -0.186549 0.275494 -0.028225 -0.242318 0.160734 -0.122534 -0.297132 -0.038882 -0.365405 -0.014737 0.012253 0.063911 -0.294360 -0.321214 0.029033 -0.004057 -0.055953 -0.204285 0.048450 0.193258 0.067348 0.003141 0.112845 0.181683 -0.052045 0.037886 0.393634 -0.026607 0.004575 0.282679 -0.206109 -0.002108
-0.069905 0.059030 -0.344942 0.083425 -0.012216 -0.144120 0.341224 -0.166425 -0.039852 0.338461 0.187983 0.081257 0.174874 -0.162478 -0.155643 -0.243757 0.108662 -0.096324 0.191278 -0.072858 0.105241 0.308656 0.176596 0.322539 0.172186 0.054445 0.019642 -0.377293 -0.000913 -0.139093 0.104423 0.361249 -0.014521 0.256668 0.240898 -0.036620 -0.011662 -0.325230 -0.078995 0.195080 0.118190 0.055276 -0.120272 0.052198 -0.316996 -0.080442 0.095453 -0.292333 0.015196 0.112374 -0.011295 0.050281 0.073205 0.032726 0.334640 0.224155 0.192910 -0.001133 0.126056 0.132713 -0.432822 -0.346501 -0.294503 -0.248536 0.083260 0.216532 0.038629 -0.055449 -0.500456 -0.070113 0.062258 -0.225076 -0.139577 0.003009 0.147493 -0.190141 -0.219102 0.013543 0.208778 -0.006152 0.214189 0.093425 -0.225267 -0.220934 0.216519 0.178692 -0.050044 0.047318 -0.024004 -0.268333 0.185403 0.240375 -0.205103 -0.225381 0.168172 0.149389 0.074051 -0.035761 -0.011213 0.109003 -0.376815 -0.185253 -0.355384 -0.058570 0.013191 0.019901 0.119904 0.111793 -0.013687 -0.035586 -0.080531 -0.072487 -0.098007 0.116166 0.075382 0.252699 0.043369 -0.339823 0.128295 -0.003104 -0.117779 -0.030989 0.012606 0.034901 0.050130 0.139877 0.090095 0.077892
-0.049082 -0.123523 0.064489 -0.050577 0.007751 0.189800 -0.139095 -0.085857 -0.140552 -0.029575 -0.317762 -0.083075 -0.085676 -0.444224 -0.198558 0.429203 0.083852 0.122100 -0.175264 -0.330341 -0.231854 0.012425 0.003228 -0.056658 0.129588 -0.214178 0.126174 0.050860 -0.012816 0.222717 -0.019731 0.165744 0.048648 -0.063890 -0.017773 0.057134 -0.053893 -0.341072 0.057069 -0.250455 -0.033035 0.036075 -0.106620 0.030092 -0.041090 -0.087279 0.144351 -0.282781 -0.520607 0.215213 0.062248 -0.313867 -0.173456 -0.196087 -0.132683 -0.002067 -0.110746 -0.039894 -0.076187 0.144723 0.030905 0.087980 0.044462 0.027375 -0.054548 0.020361 -0.081318 -0.045416 -0.143576 -0.134066 0.031645 -0.240700 -0.115338 0.187507 0.189195 0.267918 -0.176235 0.310929 0.011724 -0.041845 -0.166725 0.069245 0.057804 0.121768 0.121874 -0.081783 0.094949 0.156866 -0.059875 0.168395 0.015072 0.037823 -0.118884 -0.101088 -0.009274 0.018839 0.152337 -0.095533 0.031397 -0.235940 0.158905 -0.264527 0.067241 -0.060576 0.249129 0.030427 0.016350 0.159154 0.088919 -0.105444 -0.006629 -0.115639 -0.173501 -0.087090 -0.194497 0.165339 0.125424 -0.424777 -0.101543 -0.072457 -0.219976 -0.006731 -0.039533 0.021430 0.032300 0.347414 0.082779 -0.227782
0.028483 0.129591 -0.186290 0.154467 0.117214 -0.267145 0.036845 0.103986 -0.162542 0.403385 -0.186150 0.026423 0.225217 -0.035599 -0.223758 -0.220213 0.223598 0.044564 0.232813 -0.239644 -0.105919 -0.023837 -0.080850 0.225765 0.078684 0.146591 -0.006916 0.041202 -0.024959 0.024172 0.191655 0.368047 -0.139834 0.038041 -0.178628 -0.296176 0.160796 -0.189099 -0.049535 -0.071153 -0.074455 -0.066234 -0.055995 -0.272716 0.002135 0.114320 -0.068260 0.104183 -0.264305 -0.083058 -0.028437 -0.073510 -0.054774 0.228407 0.092593 -0.013620 -0.024635 -0.243714 -0.115166 -0.114496 -0.002452 0.267871 -0.080132 -0.061026 -0.277838 0.219356 0.218939 -0.016349 -0.283476 0.092363 0.121910 -0.112513 -0.239334 0.104546 0.064705 0.192115 0.018869 0.059237 -0.061568 -0.195156 -0.173543 0.155053 -0.048560 0.009215 0.250046 0.110558 0.074161 -0.170961 0.017709 -0.099655 0.244245 -0.094676 -0.100078 0.056224 0.103479 0.219834 0.058683 -0.109717 0.030050 -0.130530 -0.013346 -0.290790 0.068331 0.032131 0.107577 -0.066253 0.084071 0.052506 -0.021990 0.407128 -0.155628 -0.038378 -0.162187 -0.013413 -0.126736 0.395442 0.098395 -0.097868 -0.041569 0.101332 0.063441 0.218479 0.045302 -0.021552 -0.051981 0.096904 0.176595 -0.035251
-0.168763 0.143688 0.058076 0.135394 -0.531634 -0.015342 -0.019130 0.182600 0.013915 0.049326 0.151886 -0.164698 0.251783 0.097120 0.052156 0.033433 -0.037240 0.127044 -0.141617 0.034542 -0.117612 0.093769 -0.280381 -0.198703 0.098098 0.089777 -0.014566 -0.081594 0.028612 -0.135511 0.004851 -0.102301 -0.160258 0.319284 -0.070397 0.256082 0.186412 0.281626 0.002455 0.145422 -0.017546 -0.022761 -0.143087 0.029399 0.161326 0.079087 0.040057 0.043441 0.255676 -0.030972 -0.177785 0.073281 0.090871 -0.064092 0.068049 0.278485 -0.056732 -0.030037 -0.208181 -0.034933 -0.022610 -0.023649 0.027622 0.070931 -0.117778 -0.061727 0.169447 0.123389 -0.080214 0.172419 0.143585 -0.021520 -0.306406 -0.466856 -0.095651 0.108877 0.057977 -0.034282 -0.009560 0.114656 0.055555 0.187998 0.121550 0.135254 -0.164945 -0.324712 0.246673 0.211567 -0.094881 0.032264 0.110639 -0.186986 0.103800 0.072384 0.110609 -0.070207 0.112105 0.251053 -0.080501 -0.140993 0.076519 0.214446 -0.047910 -0.036797 -0.162990 -0.183491 -0.247435 0.107854 0.013363 -0.322524 -0.010404 -0.065207 -0.176797 0.100167 0.043253 0.297265 -0.027036 0.176865 -0.355174 0.155540 -0.012848 0.172193 0.053641 0.013771 -0.114979 0.042707 -0.133936 0.114992
-0.185663 0.147693 -0.221010 -0.350645 0.039702 0.080801 -0.011678 -0.040044 0.151980 0.168845 0.165503 0.083176 0.011090 0.001439 0.067494 0.182894 -0.009506 0.005731 -0.072294 -0.221226 -0.003282 -0.070642 -0.057071 0.346064 0.148948 -0.091599 0.047814 -0.069815 -0.082258 0.014037 -0.043813 0.239365 -0.070005 -0.008201 0.007497 0.130274 -0.082440 -0.137693 -0.019600 0.061274 -0.052323 -0.093935 0.193349 -0.013543 -0.119571 -0.006045 -0.037990 0.170783 0.008389 0.129359 -0.114791 -0.438926 -0.106019 -0.007413 0.295882 -0.155269 -0.065720 0.041917 0.232658 -0.138719 -0.257462 0.060908 0.241819 0.025364 0.155290 -0.269209 0.161416 -0.022485 0.131346 0.041574 0.100849 0.085965 0.084055 0.184461 0.219850 -0.042358 0.133724 -0.127418 -0.044581 -0.209318 0.150877 0.265754 -0.000173 -0.083025 0.081397 0.280516 -0.220973 0.070862 0.034015 -0.090028 0.001400 0.009659 -0.053643 0.176356 0.170894 -0.111255 -0.013865 0.112170 -0.004671 -0.174815 -0.130432 -0.200895 -0.268800 -0.006133 -0.188817 -0.003100 -0.012305 0.144827 -0.059876 -0.314520 0.058158 -0.089208 -0.337204 0.365450 0.054226 -0.018846 0.097120 -0.174158 -0.007737 -0.027536 -0.093152 -0.030658 -0.075340 -0.066865 -0.017980 0.000681 -0.021135 -0.001044
-0.110591 -0.015157 -0.368019 -0.272359 -0.024485 -0.227223 0.386756 0.068803 -0.293866 0.035486 0.086877 0.094039 0.040705 0.016541 0.049164 0.288096 0.140612 0.103661 -0.126089 0.077856 0.097875 0.001572 -0.099835 0.193009 0.000249 -0.178370 0.135149 0.032397 -0.027823 0.062741 0.155562 -0.000140 0.076327 0.002645 0.221192 -0.004627 -0.081068 0.123128 -0.147620 0.019120 -0.037889 -0.221541 -0.019070 -0.025680 -0.037458 -0.082151 -0.167113 0.102590 -0.056944 -0.030503 -0.003836 -0.062476 -0.184769 -0.037277 -0.077706 0.324588 -0.005972 0.223347 0.083345 -0.188271 -0.261431 -0.004128 0.022448 0.082176 0.253865 -0.249439 -0.229434 -0.025747 0.138186 -0.015321 0.218104 0.403677 -0.034658 0.050788 -0.112570 -0.006662 -0.071921 -0.258424 0.061026 0.141182 -0.277443 0.149363 -0.199496 -0.005244 -0.078053 0.145593 0.033607 0.041816 -0.037017 -0.042046 0.062801 -0.019668 -0.233803 0.070565 -0.086296 0.050858 -0.026133 -0.064257 0.131901 0.187381 -0.147179 -0.046534 -0.261809 -0.070583 0.054639 -0.139037 -0.159832 0.225313 0.053361 -0.140912 -0.058754 0.064601 -0.102188 -0.048039 -0.109153 0.035376 -0.093856 -0.042546 -0.220669 0.054206 -0.010025 0.342308 -0.039874 -0.046972 -0.027542 -0.049637 0.090124 0.136839
-0.120874 0.069488 -0.254533 -0.046372 -0.151383 0.105979 -0.078457 -0.076595 0.145443 0.253468 -0.007601 0.104469 -0.001888 0.095366 -0.002843 0.029625 -0.011477 0.000497 -0.222009 -0.107925 0.010226 -0.321194 -0.015397 0.125676 -0.154559 0.016091 -0.031940 -0.258183 0.002305 0.190338 0.198406 0.109872 -0.033375 0.112431 -0.056173 -0.203615 -0.144228 -0.055603 -0.286301 0.068714 -0.091958 -0.027548 -0.014695 0.034592 0.111533 -0.457459 0.156029 0.311030 0.260446 0.103248 -0.060695 0.013151 0.083999 -0.039170 0.046134 0.212912 -0.239101 0.051605 0.067544 0.167262 0.040437 -0.151952 -0.054227 0.228438 0.198063 0.044902 0.177446 0.018801 -0.103325 0.195042 0.200885 0.081131 -0.049251 0.098925 0.242409 0.272839 0.035131 0.189805 0.156726 0.117019 -0.199849 0.222763 0.039894 -0.035357 0.048948 0.337516 0.143855 -0.011425 0.026942 -0.088261 0.086936 -0.073912 0.035259 -0.003238 -0.105935 0.213110 -0.062214 -0.311029 0.021474 0.106049 0.055474 0.037178 -0.280343 -0.054497 0.138598 -0.158721 0.140066 0.077187 0.114749 -0.074864 -0.095859 -0.008723 -0.019722 0.030792 -0.106119 0.299863 0.039784 -0.038879 -0.061497 0.004243 0.102552 -0.002325 -0.105100 -0.054615 0.019238 0.075109 0.132330 0.408026
-0.078155 0.098166 -0.014181 0.060408 0.132286 0.029695 0.151843 -0.091443 -0.079264 0.172750 0.049914 0.059522 -0.206293 0.376985 -0.294986 0.063450 0.174731 -0.118306 0.183480 0.041757 -0.175966 -0.142439 0.358862 0.081990 0.075017 -0.094955 0.299399 -0.118300 -0.072444 0.003083 0.154549 -0.027894 0.228699 0.008667 0.005185 -0.002868 0.042222 0.415605 0.216107 0.057319 -0.036018 -0.092817 0.099658 0.071751 -0.025380 -0.407365 -0.099133 -0.063757 -0.273549 0.252407 0.254122 -0.013029 0.170237 0.156230 -0.179899 0.032918 0.300288 0.093956 0.280284 0.023734 0.124023 0.288210 0.306523 0.206909 0.092358 -0.201302 0.127744 -0.106970 -0.119400 0.112739 -0.007784 0.319841 0.128774 0.026820 -0.011366 -0.035114 0.066780 0.072672 -0.042872 -0.055086 -0.337926 0.015890 -0.091180 -0.287693 -0.492293 -0.031263 0.087469 0.288085 0.051782 -0.043318 -0.200117 0.243699 -0.060958 -0.002069 -0.101744 -0.004460 0.152687 -0.125035 -0.039193 0.046518 0.072378 0.057146 0.004186 0.003616 0.248628 0.130668 -0.124218 0.077689 -0.023715 -0.023583 -0.133398 -0.010047 0.317517 0.057132 0.043104 0.236728 -0.133228 -0.142743 -0.006168 0.258496 0.235191 0.145512 -0.242766 0.019420 0.041608 -0.022326 -0.110951 -0.127695
-0.116725 0.132361 -0.001467 -0.047328 0.334307 0.000624 0.142346 0.158398 -0.048259 0.177650 -0.189888 0.330686 0.164605 0.395356 0.014027 0.017138 0.058532 -0.050504 -0.065758 0.172953 -0.000203 0.070919 0.019504 -0.034894 0.018055 -0.007281 0.378779 -0.003715 0.021639 0.087576 -0.157440 -0.100480 0.048439 0.026661 -0.046142 -0.134910 0.119880 -0.048710 0.167548 0.050567 -0.018292 -0.138576 -0.145118 0.382108 -0.059251 -0.319172 0.085706 0.175338 -0.369164 0.186136 0.187278 0.342582 0.093535 0.456077 0.069563 0.261661 0.322014 0.015325 -0.019788 0.243122 0.213873 -0.146282 0.058788 0.060313 -0.077844 0.099168 0.115306 -0.010619 -0.229655 0.279586 0.296989 -0.130163 -0.200514 0.126826 0.116557 -0.171194 -0.033624 -0.022444 -0.140891 -0.036358 -0.080308 0.152383 0.051080 0.072954 0.124216 0.389245 0.274581 0.123523 0.001260 0.018631 -0.014838 0.158722 -0.161331 -0.102507 -0.012894 0.020407 -0.034247 -0.071363 -0.013071 -0.054909 0.099454 -0.067106 0.002406 -0.063311 0.264070 -0.114443 0.003371 -0.187866 0.312358 -0.366286 0.216052 -0.039281 -0.027187 0.105594 -0.160086 0.036689 0.325059 -0.163289 0.165357 -0.202418 0.152116 -0.030187 0.067067 0.030521 0.121326 0.176684 -0.163079 0.243845
-0.007760 -0.069439 -0.186974 -0.042318 -0.266379 -0.066386 -0.253728 0.152602 0.163569 -0.004764 0.021531 -0.096332 -0.108467 -0.052388 0.022112 -0.048167 0.040662 0.003240 -0.138341 0.164889 -0.085221 0.244521 -0.094637 0.094457 0.328190 0.086851 0.067599 -0.046432 -0.065978 -0.198565 0.200335 0.024839 -0.170153 -0.007586 -0.056999 0.268393 0.244308 0.163058 -0.078669 -0.146206 -0.058594 -0.053933 -0.032751 -0.316934 0.237939 -0.097678 -0.082960 0.226051 -0.048994 -0.131187 -0.076141 -0.029572 -0.082509 0.019170 -0.110986 0.212444 -0.112228 -0.017533 -0.308119 -0.009971 -0.045834 -0.041481 0.129017 -0.152799 -0.022727 0.014766 -0.066345 -0.121329 0.045543 -0.070745 -0.058227 -0.108563 -0.113920 -0.038459 -0.106989 0.089948 0.204441 0.162149 -0.184546 0.127554 0.082288 0.194198 0.049393 0.098949 -0.019870 -0.255159 -0.188323 0.137191 0.060352 0.021542 0.134898 -0.167118 -0.008717 -0.240645 0.045241 0.041601 0.099024 0.016123 -0.013799 -0.248019 -0.063086 0.121021 0.238110 0.025332 -0.052960 -0.124603 -0.125709 -0.107514 -0.126924 -0.170846 0.002469 -0.135075 -0.189521 -0.339415 -0.011523 0.022990 0.151039 -0.040230 -0.238935 0.089717 0.092912 0.091410 0.056459 0.052916 0.004931 0.053231 0.183662 0.090264
-0.007170 -0.171445 -0.117252 0.190058 0.200186 -0.211364 -0.285593 0.057692 -0.195356 -0.019448 -0.423982 -0.243503 0.103147 -0.167032 0.227788 -0.059394 0.154603 -0.071163 -0.283047 0.210265 -0.073044 -0.071170 -0.195509 -0.266580 -0.036645 0.036247 -0.130133 -0.007539 0.048689 0.272801 -0.246301 -0.028472 0.009167 0.015035 -0.078937 0.142388 -0.216563 -0.198928 -0.120644 -0.067464 -0.018195 -0.075349 -0.065116 -0.143716 0.106318 0.326138 -0.241141 -0.156820 -0.138063 -0.242247 0.023733 0.169274 -0.029217 0.050270 -0.035471 0.000669 0.157972 0.057208 0.038806 -0.201940 -0.005460 -0.015827 0.003400 -0.236819 0.246998 -0.013313 0.026907 -0.053420 0.011336 -0.054147 -0.035504 -0.278677 0.073460 -0.223101 -0.089183 -0.022241 0.088577 0.211050 -0.057429 -0.096736 0.047009 -0.082824 0.027843 -0.315615 0.031526 -0.166166 -0.075475 -0.039213 -0.121949 -0.205003 0.047558 -0.367026 -0.097360 -0.108686 0.018710 0.046810 -0.030417 0.329664 0.023153 -0.016157 -0.198742 0.123366 0.216170 -0.008499 -0.156217 0.015676 -0.094077 -0.105610 0.045104 -0.090040 0.096922 -0.029464 -0.088586 -0.146667 0.063291 -0.100493 -0.037125 0.193658 0.066668 0.137052 0.071568 -0.307248 0.151322 -0.113499 -0.045542 -0.062911 -0.076386 -0.053282
-0.124043 0.113080 0.058078 -0.044895 0.005578 0.217375 0.329737 0.146548 0.053215 -0.223709 -0.362661 0.007584 0.463383 0.210128 -0.024622 0.248106 -0.013012 0.107313 -0.183753 0.011485 0.197899 -0.037596 0.024721 0.137061 -0.194680 -0.036654 0.031778 -0.013328 -0.021815 0.162537 0.071711 -0.088572 0.171999 -0.116560 0.047487 -0.046272 -0.021623 -0.057615 0.051135 0.062437 0.007219 -0.040727 0.008610 0.148649 -0.066694 -0.053354 -0.040688 0.050365 -0.145673 0.010907 0.145621 -0.054264 0.317785 -0.386069 0.150006 -0.037783 -0.028393 -0.079287 0.121573 0.041240 -0.066238 -0.068568 0.168093 0.090550 0.063489 0.127470 0.016870 -0.019377 0.019778 0.171041 -0.093795 0.102691 -0.052821 -0.179614 -0.205365 -0.017404 0.162347 0.163043 0.065993 -0.185284 0.101325 0.099773 -0.219875 -0.086018 0.150895 -0.034151 -0.000276 -0.064322 -0.031711 -0.262644 -0.146885 0.074372 -0.118225 -0.118828 -0.141158 -0.004683 0.023520 -0.078610 -0.097836 -0.058128 0.282107 0.264422 0.075631 0.055390 -0.083425 0.144349 -0.038611 -0.181841 0.160915 -0.160662 0.141311 -0.138463 -0.114145 0.017126 0.162167 0.105026 0.144345 0.013992 0.120737 -0.067921 0.259527 -0.192511 0.194872 -0.083137 -0.017299 0.052744 -0.031323 0.257853
0.133071 -0.051181 -0.019912 0.067624 0.205843 -0.248397 -0.123021 0.073081 0.175974 0.236486 -0.177652 -0.133146 0.379640 -0.056002 0.223154 0.067630 0.047546 -0.220050 0.018457 -0.351016 0.253074 0.221261 -0.025172 0.086222 -0.028677 -0.014142 -0.000885 -0.015018 0.003758 0.201874 0.122293 0.211450 0.329763 0.005551 -0.089717 0.162080 -0.133521 -0.095151 0.056891 -0.037236 0.040485 0.030219 0.139696 0.089360 -0.077200 0.175329 -0.154568 0.261598 -0.001430 0.285693 -0.105541 0.077950 0.120044 -0.096783 0.063241 -0.218851 0.118501 -0.251616 -0.060742 -0.166684 0.007855 0.025086 0.035746 -0.103757 0.134235 0.308125 -0.028687 0.075662 0.302583 0.381323 0.150402 0.250563 -0.084078 -0.097473 0.323771 -0.177333 0.212146 0.544509 -0.068954 -0.181094 -0.009723 -0.037997 0.037271 0.236964 0.243865 -0.248189 0.013455 0.288472 -0.030841 -0.166332 0.144602 -0.058415 0.063576 -0.178606 0.149207 0.055211 -0.013859 -0.014939 -0.054555 -0.264340 -0.257597 0.161148 0.408509 -0.022225 -0.037911 -0.107568 -0.040823 -0.015626 0.158207 -0.066506 -0.013753 -0.025788 0.037774 -0.158404 0.395256 0.089263 0.135200 -0.085889 0.191613 0.035954 0.296705 -0.231817 0.197580 -0.073352 0.008453 0.032352 0.263494 0.022716
0.158861 -0.112735 0.134977 -0.394994 -0.031004 -0.012062 0.127291 -0.027889 -0.192112 0.141713 -0.037791 -0.211239 0.094568 -0.015852 -0.030958 0.034465 0.004502 -0.030070 0.068704 -0.357012 -0.127391 0.231265 0.154073 -0.278328 0.279108 -0.245674 0.072458 -0.029442 0.025500 -0.046398 0.063167 -0.352439 -0.040266 0.089620 0.004172 0.062089 -0.442791 0.102197 -0.063348 0.240223 -0.099063 -0.042608 0.288358 -0.331706 -0.363269 -0.123747 -0.202689 -0.000763 -0.211681 0.084964 0.033339 -0.212428 0.147035 -0.073980 0.266934 -0.160779 -0.258719 -0.053279 -0.280336 -0.060753 0.166136 0.122892 -0.047161 0.011499 -0.005413 0.196656 -0.156689 -0.065069 0.128822 0.114201 0.053866 0.111650 0.163575 -0.018838 0.098561 0.170155 0.036279 0.091477 0.050713 -0.051011 0.004584 -0.430068 -0.060582 -0.241643 -0.067161 -0.164625 -0.167980 -0.224986 0.030945 -0.112279 -0.136024 -0.044694 0.100138 0.224048 0.041780 0.078759 -0.038128 0.276330 0.001876 0.084224 -0.273075 0.198311 -0.164674 -0.051453 0.089102 -0.100503 -0.137313 0.016592 0.235584 0.154700 0.164940 0.076892 -0.134995 -0.149232 -0.149076 -0.160004 -0.066245 0.056213 -0.136869 0.275538 0.049977 0.059567 0.102403 -0.059253 -0.024471 -0.185327 -0.071199 -0.000878
-0.004217 0.094049 0.015811 -0.083773 0.034505 0.263419 -0.327117 -0.159922 0.086510 -0.038410 -0.026448 0.170691 -0.331960 -0.189975 0.384313 0.325204 0.323140 0.013439 0.017778 -0.374252 -0.073386 0.120095 0.035972 -0.137807 -0.169852 -0.191351 0.038342 0.154956 -0.034263 -0.250744 -0.057733 -0.499383 -0.041150 0.244014 0.035355 0.023892 0.088764 0.134936 -0.020320 -0.631071 0.085129 -0.109077 0.124260 -0.065295 0.157538 0.068707 0.011912 0.282074 -0.103455 -0.008109 -0.132272 0.283757 0.225878 -0.065390 -0.032594 0.302496 -0.360348 0.181336 0.072235 0.041178 -0.051958 -0.125142 -0.063436 -0.073178 -0.004487 -0.235452 -0.258439 -0.037496 0.011219 -0.519503 -0.123901 0.146920 -0.175927 -0.143438 -0.127372 -0.130695 0.023893 -0.166469 0.055554 -0.246578 0.055545 0.023291 -0.098294 -0.037186 0.162479 0.209395 0.005958 -0.130740 0.029170 -0.259294 0.153241 -0.171177 -0.103615 -0.038021 -0.121668 -0.071163 -0.114226 -0.076602 -0.028686 -0.025120 -0.228712 -0.005850 -0.183148 0.026243 0.150273 0.125719 -0.122752 0.177643 -0.047369 0.061284 0.094699 -0.111352 0.149687 0.028315 -0.088023 -0.221629 0.194155 0.143098 0.120979 0.175505 0.173909 0.223056 0.114094 -0.016655 -0.201397 0.039011 -0.255815 -0.165554
0.068365 0.173992 -0.186803 -0.101166 -0.007252 0.170659 0.232380 0.079988 0.086229 0.064435 -0.021959 -0.098815 0.232029 -0.084950 0.423646 0.266453 0.090529 0.050693 -0.245968 0.154795 0.204843 0.079783 0.117545 -0.018853 -0.214598 0.005170 0.065604 0.028745 -0.014212 0.213804 -0.003271 -0.150896 0.136891 -0.061923 -0.088709 -0.043314 -0.328390 -0.158523 -0.558296 0.068226 -0.013401 0.053619 0.068231 0.053496 -0.037713 0.251526 0.110620 0.223845 -0.090497 0.074503 0.120791 -0.045140 0.034148 0.002200 0.133058 -0.054081 -0.135376 -0.085310 0.141623 0.087333 0.308601 -0.087765 -0.023070 -0.001323 0.161741 -0.036385 -0.072833 0.020902 -0.089954 0.190879 0.086852 -0.034809 -0.084935 0.089701 -0.101162 0.133177 0.047758 -0.125459 0.076838 -0.081340 0.185745 0.021022 -0.169665 0.085000 0.203681 -0.157293 -0.016736 -0.020803 0.019729 0.116902 0.112757 -0.172050 0.109542 0.066456 0.045612 0.127132 0.019402 0.374058 -0.113630 -0.310041 -0.103334 -0.051651 0.184119 -0.079927 -0.041674 0.055628 -0.250921 0.059981 0.148012 -0.053776 -0.097590 0.010383 -0.008695 0.246132 -0.188879 -0.135675 0.118650 0.088074 0.103085 0.183728 0.022994 -0.310378 0.081175 0.003075 -0.172379 -0.054432 -0.000457 -0.147275
0.116910 -0.137502 0.253892 0.031770 -0.170109 -0.301850 -0.264492 0.335275 0.138124 -0.220267 -0.165919 -0.053546 -0.011034 0.095728 -0.167199 0.022978 -0.014098 -0.100807 -0.168552 0.080570 -0.110661 0.084745 0.075340 0.224784 0.003220 0.249208 0.022809 -0.117476 -0.065368 0.049995 -0.024732 0.029746 0.333558 -0.232857 0.013258 0.137020 0.170628 0.254007 0.298559 0.416741 -0.074848 -0.178611 -0.192145 0.180752 0.089330 0.126907 -0.019189 -0.025996 0.327529 0.017545 0.175141 0.123573 0.101536 -0.231684 -0.130109 -0.042374 -0.006911 0.070114 -0.133324 -0.177586 0.083603 -0.055576 -0.000377 0.176151 -0.077429 -0.081411 -0.073319 -0.149984 0.073666 0.224266 -0.016972 -0.023969 -0.438646 -0.392459 0.288070 -0.094515 0.066126 0.054388 0.055643 -0.045247 0.063659 -0.193121 -0.067610 0.059205 0.252991 -0.050981 0.204740 0.134890 0.030524 -0.191435 0.093666 -0.129993 -0.103095 -0.135341 0.087817 -0.115959 0.125668 -0.165449 -0.026988 -0.043536 0.316460 0.121262 0.003051 -0.026571 0.006361 0.138512 -0.081857 0.359385 -0.236247 0.165305 -0.033676 -0.059709 0.022658 -0.020636 0.397271 0.169601 0.033880 -0.021779 0.005710 0.086706 0.231322 -0.019477 -0.008605 0.009247 -0.031932 0.370698 0.000129 -0.300128
0.015512 0.049005 0.249160 -0.094154 -0.168831 0.156262 -0.355884 -0.053026 0.043846 -0.149024 -0.021713 0.207833 -0.057618 -0.014325 0.272388 -0.031161 -0.120265 -0.043948 -0.141946 0.017855 -0.112516 -0.050416 -0.216110 -0.325471 -0.254934 -0.097719 -0.008636 0.082993 -0.016242 0.227885 -0.100487 -0.057648 0.050537 0.169057 0.032302 0.018254 -0.015660 -0.110755 0.051442 -0.458626 -0.147823 -0.345536 -0.045302 0.058424 0.016558 -0.108629 0.144387 0.081538 0.144251 0.012130 0.146703 0.139714 0.085894 -0.158980 0.020827 -0.057887 0.052781 0.237909 -0.163982 0.131426 -0.210797 -0.076175 0.146043 -0.134943 -0.083365 0.200823 0.117954 -0.026780 0.075846 -0.381824 -0.013902 0.061857 -0.124610 -0.209099 -0.193974 -0.224015 -0.020562 0.254375 -0.167998 -0.344064 0.044125 -0.115744 0.103458 0.240249 0.055211 -0.073436 -0.103654 0.090898 0.023845 0.318635 -0.424276 -0.049170 -0.073945 0.171262 -0.089558 -0.077431 -0.044735 -0.232544 -0.009476 -0.122979 -0.152797 0.186970 0.032068 0.052576 0.087761 0.097839 0.049734 -0.229354 0.044126 -0.147704 0.131510 -0.063001 0.067177 0.028921 0.052683 0.141298 -0.012253 0.289515 0.183588 0.062580 -0.060811 -0.176054 0.160034 -0.052213 -0.014449 -0.122107 0.053691 0.002155
0.311609 0.151613 -0.014307 -0.013134 0.151406 -0.055111 -0.237676 -0.043320 0.144611 0.002886 -0.150945 -0.126547 0.188966 -0.177609 -0.160547 -0.007458 0.163414 0.166115 0.013395 -0.098336 -0.010996 -0.021252 0.093694 0.064981 -0.001048 0.001865 0.146779 -0.410773 0.055322 0.013818 0.121319 -0.019565 0.288223 0.039989 -0.087182 -0.026460 0.064483 -0.176813 -0.110177 -0.128119 -0.078812 -0.192838 0.103060 0.115412 -0.156938 0.221007 -0.184392 -0.255185 -0.058167 0.015062 0.223885 -0.083376 0.127996 -0.030200 0.064343 -0.095274 0.072225 -0.093582 -0.061185 -0.192408 0.082964 0.078831 -0.021849 -0.062684 0.151472 0.206446 0.125072 -0.072521 0.243275 -0.119512 0.088380 0.089790 -0.257761 0.311173 -0.115862 -0.258778 0.107390 0.069326 0.102585 -0.354922 0.093924 -0.028534 -0.248420 -0.042037 0.273048 -0.173961 -0.195768 0.047020 0.013128 -0.054408 0.087753 0.031833 0.245728 -0.133205 0.076214 0.332721 0.099044 0.015026 -0.070062 -0.238508 -0.130297 0.188517 0.410925 -0.059413 0.017865 -0.011414 -0.020595 0.172942 -0.101437 -0.052008 0.460290 -0.012114 -0.146185 0.207322 0.225925 -0.059525 0.164629 -0.002593 0.376477 0.251435 0.133129 -0.141283 0.076591 -0.069747 0.095370 0.121379 -0.052512 -0.134795
0.046882 -0.185615 -0.063343 -0.125056 -0.008859 0.056416 -0.260295 -0.092728 -0.091727 -0.177383 0.020156 0.009905 0.091028 -0.235652 0.214887 0.133449 0.241003 -0.053893 -0.040115 -0.446517 -0.011816 -0.119974 -0.080321 0.121243 -0.026483 0.052442 0.144964 0.216172 0.020502 0.215085 0.053585 -0.076095 -0.161434 0.052648 -0.060135 -0.068209 -0.137626 -0.170625 0.132029 -0.166240 0.004427 0.031122 0.126957 0.424471 0.230279 -0.062077 0.028616 -0.059977 -0.262696 -0.086796 0.128025 0.099440 0.178739 -0.224128 -0.079241 -0.252732 -0.203358 0.203352 0.161617 -0.047766 0.393646 -0.044136 0.009524 -0.125831 -0.176845 0.060008 0.035090 -0.128739 -0.027224 -0.244120 -0.114433 0.007656 0.132909 -0.128405 -0.054643 -0.172919 -0.291240 0.110941 0.318063 -0.277502 -0.171228 0.142690 -0.240595 -0.195199 0.111473 0.078064 -0.125185 0.032049 -0.050687 0.078301 -0.360370 0.206168 0.038329 0.089441 0.022702 -0.117251 -0.130688 -0.119956 -0.021518 -0.064534 0.084330 -0.171302 -0.014852 -0.038285 0.191136 -0.181872 0.051574 -0.139625 0.048108 0.025617 0.048373 -0.067467 -0.034088 -0.035947 0.097353 0.038427 -0.242240 -0.031037 0.023840 0.275895 0.138588 0.140264 0.131727 -0.035888 -0.142340 -0.308990 0.084987 0.024655
-0.167274 0.073592 0.230250 -0.071806 0.269166 0.152733 -0.231358 -0.070747 -0.227290 -0.085343 -0.342431 0.249226 0.065869 -0.019126 0.002160 0.141525 0.149952 -0.011024 -0.034368 -0.363028 0.240162 -0.049486 0.049351 -0.110964 -0.084669 0.212776 0.060865 -0.192668 -0.001310 -0.008847 -0.176242 0.136094 0.097280 0.100730 0.171848 -0.263752 0.123647 -0.084912 -0.080591 -0.190919 -0.165887 -0.226516 -0.039247 0.042327 -0.054413 0.125404 0.058036 -0.111663 0.086594 0.165378 0.043896 0.203210 -0.034387 -0.124342 -0.114469 0.071732 -0.046168 0.021274 0.295012 0.033038 -0.038777 0.097206 -0.208739 -0.189279 -0.057665 0.228103 -0.135344 -0.024523 -0.357772 0.004659 -0.095567 0.358808 -0.255976 0.051956 -0.031070 -0.375212 0.072054 0.031207 0.032681 -0.122990 0.149032 0.285025 -0.161802 -0.206267 -0.071588 -0.070395 -0.139175 -0.165008 -0.051757 0.223349 -0.205865 -0.040172 0.080334 -0.111219 0.003919 0.168177 -0.081947 -0.073188 -0.107085 0.005653 0.009966 0.022136 0.155284 0.007540 0.129370 0.077459 -0.051321 0.037270 -0.114167 -0.100209 -0.117040 0.012217 -0.048685 0.264626 -0.493474 -0.220577 0.144143 0.045358 0.125467 -0.033838 0.040732 -0.061878 0.176342 -0.020023 0.016887 0.030107 -0.008463 -0.018685
0.115202 -0.051022 -0.079395 0.113769 0.064607 0.047069 0.028267 0.120467 -0.294625 -0.059474 -0.126425 0.031328 0.059688 0.080851 0.042526 -0.089432 0.096798 -0.170032 0.064235 -0.109275 0.062817 0.127986 0.061196 -0.242724 0.011271 -0.376182 0.082645 -0.040967 -0.061163 -0.179721 -0.046799 -0.264576 -0.046495 0.111811 -0.052778 -0.100423 -0.469400 0.000576 -0.065340 0.402940 -0.079546 -0.308111 0.180672 0.014803 -0.157122 -0.199746 -0.131172 0.082679 -0.259585 0.007468 -0.224440 0.078018 0.156271 -0.076097 0.118445 -0.020678 -0.132582 0.124843 -0.296986 -0.060977 0.170304 0.006096 0.004419 0.036896 -0.003283 0.100127 -0.137054 -0.040421 0.078172 -0.130237 0.064294 0.032833 0.124408 0.005263 0.038435 0.037052 -0.021670 -0.014167 0.167243 0.106311 0.090336 -0.394006 -0.089114 0.049361 -0.140051 -0.125957 0.056619 0.033369 -0.134903 0.039470 0.040038 -0.062217 0.009372 -0.163674 0.096551 0.111148 0.001130 0.078759 -0.138827 0.038606 0.002017 0.106786 -0.060589 0.065469 0.115820 -0.250993 -0.003302 0.061145 0.009384 0.436439 0.048534 -0.104297 -0.169612 -0.081267 -0.054351 0.010886 -0.080283 0.048326 -0.047105 0.026446 0.070712 0.079814 -0.141943 -0.060787 -0.054587 -0.003715 0.078936 -0.179339
-0.065854 -0.127572 0.031839 0.131032 -0.267418 0.061340 -0.315311 0.266334 0.012706 -0.076494 0.163981 -0.134936 -0.211808 -0.164242 -0.085684 -0.111087 0.005157 -0.080368 -0.169627 0.077679 -0.041543 0.077828 -0.038479 0.256642 0.320813 0.244009 0.059500 -0.139916 -0.043029 -0.069575 0.209613 -0.004999 -0.170688 -0.290668 0.069644 0.284381 -0.080651 -0.208437 -0.409512 -0.272851 0.070415 -0.044802 0.095177 -0.278792 0.322533 -0.031387 -0.031141 0.122348 -0.197423 -0.227399 -0.393582 0.050484 0.067367 0.113992 -0.009170 -0.079566 -0.261411 0.029079 -0.208996 -0.013047 -0.179713 -0.160370 -0.033101 -0.315353 -0.117852 0.144410 0.040126 -0.040618 -0.010967 -0.091870 0.254384 0.002357 -0.017837 -0.041110 -0.058085 0.031876 0.287840 0.051263 -0.255138 -0.202422 0.150986 0.044405 0.033632 -0.003933 0.075193 0.079061 -0.280884 0.069801 -0.030074 -0.044141 0.143107 -0.031874 -0.038890 -0.174586 -0.010822 -0.065969 0.205399 0.142674 -0.066889 -0.281718 -0.059751 -0.097585 0.087742 0.106738 -0.175378 0.071946 0.155046 0.006733 -0.192054 0.028697 0.242768 -0.056236 -0.195861 -0.409017 0.103333 0.341664 0.107080 -0.043105 -0.340491 0.079011 0.100944 -0.178445 0.078686 0.039650 -0.164843 0.151415 0.245285 -0.081131
0.144450 0.186413 -0.215196 0.170832 0.103463 -0.010756 0.312332 -0.072409 0.039342 0.184906 -0.215690 -0.213061 0.172004 -0.317510 0.082890 -0.050294 0.096561 0.174957 -0.018327 0.129225 -0.135507 -0.061605 0.190472 0.093792 -0.025537 0.025630 -0.037707 0.075525 -0.027665 0.161590 0.185672 -0.125112 0.276042 -0.164725 0.082060 -0.008675 -0.051794 0.198068 -0.008053 0.035065 0.087103 0.198331 -0.266184 -0.208338 0.321474 0.122060 -0.217107 0.263138 -0.215554 -0.225657 0.152599 0.066572 -0.087553 -0.067013 -0.032496 0.287227 -0.189070 -0.024218 -0.094344 0.110083 -0.033326 0.171402 -0.143859 -0.216725 0.184087 -0.108298 0.181595 -0.051947 -0.010927 -0.159975 0.055819 0.424961 0.425453 0.038169 0.049006 -0.116710 0.358278 0.271281 -0.267938 -0.278506 0.036372 0.370063 0.000412 0.075065 0.096538 0.016266 0.066250 0.248261 0.016687 -0.072252 0.276718 -0.005984 -0.035704 -0.131215 0.051458 0.055267 -0.075173 -0.132362 -0.006274 -0.012581 -0.048904 -0.269466 -0.031331 -0.005108 -0.032923 -0.136316 0.072214 0.123412 0.026290 -0.107178 -0.084330 0.053934 0.031414 -0.022226 0.017318 0.103997 -0.178756 -0.125684 0.240492 0.021365 0.225455 0.114191 0.067194 -0.049133 0.102168 0.215860 0.045262 0.125820
-0.004544 -0.174169 -0.118196 -0.111012 0.177222 -0.116273 0.071162 0.088921 -0.061563 -0.025651 -0.259388 -0.183313 0.261791 0.102668 0.004272 -0.237855 0.180330 -0.238108 -0.197398 -0.038212 0.002328 0.043421 0.010362 -0.254632 0.145640 -0.121706 0.082539 0.159458 -0.098787 -0.072175 0.093268 -0.159209 0.155647 0.078037 -0.106762 -0.242893 -0.013362 -0.182226 -0.119200 0.174952 -0.109352 -0.098342 0.289612 -0.062274 -0.304424 -0.099291 0.181200 -0.134010 -0.101757 0.033706 -0.145828 -0.406969 0.061580 -0.105989 0.186398 -0.010376 0.093732 -0.521498 -0.118331 -0.115977 0.233480 -0.120613 -0.097170 -0.214274 0.153035 0.252656 -0.070185 -0.069150 -0.379941 -0.174224 0.027675 0.209392 0.079599 0.165215 0.081784 0.054212 0.151930 0.004501 0.219432 0.227623 -0.049494 -0.194007 -0.041603 -0.241453 -0.010731 0.041468 0.098232 0.024058 0.020122 -0.063955 0.095361 -0.056821 -0.110161 0.043324 0.156373 0.249726 -0.149272 0.036318 -0.036273 0.005423 -0.247697 0.083415 0.088903 -0.071256 -0.164587 -0.014216 0.040064 0.021347 -0.073137 -0.091247 -0.036044 -0.028435 -0.144353 -0.403143 -0.045345 -0.239192 0.093641 0.234645 -0.265894 0.200984 0.002409 0.044060 -0.021132 -0.132168 -0.016039 -0.044805 0.096063 -0.175908
0.067541 0.020330 0.270580 -0.164229 -0.091543 -0.393316 -0.292780 0.012482 0.052935 -0.320088 -0.005834 0.009802 0.000278 -0.169223 -0.375058 0.041873 0.050396 0.008568 0.335590 -0.217790 -0.181008 0.113661 0.223914 0.073424 0.279114 0.115744 -0.054747 0.052350 0.025876 -0.034485 -0.106589 -0.091465 0.101914 0.078494 -0.203537 -0.162840 0.040663 0.037269 0.205864 0.051893 -0.066756 0.046586 0.061611 -0.001907 -0.056285 0.042123 -0.078050 -0.350881 -0.080345 -0.104251 -0.101291 -0.361618 0.415198 -0.442996 0.206840 -0.122651 -0.001538 -0.098395 0.013688 0.143921 -0.008982 0.250004 0.084288 0.073636 0.184428 -0.085962 -0.012074 0.016528 0.146058 -0.152955 0.040189 -0.241029 -0.128480 0.121329 0.546819 0.279219 0.061345 0.139772 -0.199142 -0.107212 -0.102555 0.047599 -0.161219 -0.128151 -0.107365 -0.015947 -0.441171 -0.054466 0.020578 0.174361 0.167448 0.047823 0.173147 0.238518 0.239030 0.098497 0.183738 0.153636 -0.040744 -0.069843 -0.072941 0.013347 0.014752 -0.076376 -0.104179 -0.145886 -0.017405 0.156519 -0.095199 -0.086707 -0.153192 0.015852 -0.115058 -0.221821 0.046455 -0.001299 -0.322661 -0.143417 -0.220043 -0.350531 0.185455 0.155236 0.083201 -0.033337 -0.083600 -0.001963 -0.013103 -0.220804
0.004965 0.037795 0.115898 0.200394 -0.340307 -0.088971 -0.112365 0.036922 -0.045726 -0.131609 -0.055361 -0.056145 -0.088931 -0.135392 -0.133402 0.121093 0.014685 0.136127 -0.247113 0.151002 -0.017262 -0.071861 -0.195014 0.169842 0.112041 -0.088201 -0.107055 -0.004499 -0.081838 0.128033 0.142120 0.259749 0.196344 0.078950 -0.060546 0.044359 0.126001 -0.543983 0.031108 -0.201457 0.008176 -0.093483 -0.064048 0.012621 -0.110174 -0.053077 -0.261479 -0.009009 -0.149151 -0.156814 0.080026 0.161705 0.013456 -0.128039 -0.053812 0.009666 -0.006866 0.192044 0.158171 0.163288 -0.055836 0.001666 -0.049549 0.059732 -0.046663 0.218651 0.060944 0.094001 0.242190 -0.133207 0.266513 -0.070759 -0.205727 0.012525 0.320350 -0.385672 -0.076224 0.331481 -0.142575 -0.368702 -0.124178 -0.161290 -0.041211 0.108868 0.047698 -0.183961 -0.322984 0.107658 -0.167602 0.051354 -0.054878 -0.053865 0.121014 -0.256626 -0.093337 -0.270941 0.113856 -0.240579 -0.064527 0.072149 -0.102095 0.067657 0.093015 -0.123715 0.253766 0.083742 0.095541 -0.154804 -0.024998 0.092333 -0.010926 -0.008057 0.012151 -0.048877 0.221139 0.167535 0.058984 -0.190311 0.045676 -0.165640 -0.050160 -0.141104 0.113815 -0.047038 -0.049193 0.104939 0.060243 -0.015076
0.102078 -0.106913 0.019284 -0.186236 0.359050 0.073430 0.067161 0.124617 -0.270518 0.172039 0.053806 -0.044261 -0.116287 -0.296132 -0.242721 0.052239 -0.014881 -0.006791 -0.149640 -0.123185 -0.032909 0.049608 0.054221 0.147582 0.010908 -0.202909 -0.032832 0.347075 -0.061543 0.082520 0.154731 0.040881 0.026674 -0.022799 -0.017474 0.205535 -0.092826 -0.027210 -0.141985 0.026326 0.045282 -0.032371 -0.129177 0.015027 -0.072227 -0.252797 0.073245 0.143546 -0.268520 -0.052618 -0.157763 0.072126 0.053886 0.118402 -0.005475 0.204567 -0.052974 -0.197214 -0.083145 0.242748 -0.136652 0.037815 0.088573 0.143064 -0.188441 -0.022744 -0.165663 -0.097288 -0.037649 0.055141 0.056288 0.042345 0.071967 -0.088542 0.243388 0.101558 0.007547 0.275374 0.029798 0.019866 -0.117308 0.192112 0.078143 -0.010004 -0.057267 0.196023 0.155218 0.159549 0.001326 0.021156 0.017080 -0.003340 0.019389 -0.048881 0.034789 0.010966 0.156670 -0.052101 -0.083872 0.001773 -0.016347 -0.051303 0.058632 -0.053020 0.031074 -0.148805 -0.020050 -0.241484 0.158489 -0.589850 -0.094391 -0.047724 -0.194710 0.035838 -0.333056 0.089984 0.098745 -0.109470 0.054301 -0.054478 -0.146395 0.110348 -0.145178 -0.009799 -0.025316 0.135807 0.077410 -0.037317
-0.258692 0.078071 0.204991 0.198943 0.054663 -0.003956 0.172612 0.078188 -0.145602 0.344982 -0.039698 -0.399946 -0.117659 -0.348866 -0.116846 0.148601 0.151289 0.001523 -0.066486 -0.331072 -0.106303 -0.087972 -0.150442 0.268227 -0.221653 0.314334 0.011569 0.181138 0.018091 0.027659 -0.106543 -0.253337 0.197945 -0.202748 -0.043061 0.191216 0.077767 0.260835 -0.008725 -0.173684 -0.163991 -0.111382 0.010349 -0.234603 -0.033392 -0.075071 0.042176 -0.034847 -0.085587 0.015966 0.071682 0.035246 0.024668 0.167920 0.164423 -0.152207 0.101465 0.012486 0.008454 0.150410 -0.315676 -0.152121 -0.041284 -0.028299 0.006805 -0.227157 0.070864 -0.074987 -0.339205 -0.168118 -0.056895 0.228243 -0.105940 -0.049838 0.066053 -0.587548 -0.081421 0.120982 -0.087406 0.015452 0.079453 -0.026665 -0.139508 0.129578 0.046752 0.059534 -0.125399 0.306468 -0.141838 -0.595420 -0.029738 0.013437 -0.024546 0.093275 0.111284 0.049008 -0.102524 0.172405 -0.022077 -0.040999 -0.380945 -0.110837 -0.015389 -0.046275 0.156159 0.208180 0.156895 0.233072 -0.321145 -0.041868 0.115273 -0.078411 -0.081911 0.125863 0.150568 0.046251 0.043193 0.070475 0.332708 0.376395 0.050522 0.063196 0.063790 0.030099 -0.118065 0.195149 0.015429 -0.017003
0.066445 -0.013076 -0.089786 -0.080959 0.107951 0.000624 0.009699 -0.140956 0.245437 -0.191625 0.095446 0.034908 0.082654 0.032721 0.000900 0.047083 0.090049 0.222827 -0.077011 0.115189 -0.440029 -0.049240 -0.113663 0.203176 -0.195419 0.085555 -0.043547 0.152464 -0.068613 0.161955 -0.003348 0.148782 0.331175 0.019267 -0.085506 0.073457 -0.150379 -0.183115 0.149402 0.093109 0.003317 0.193544 -0.325623 0.012368 0.006265 0.375687 0.112580 0.215952 0.128638 0.096655 -0.087798 -0.075464 0.209904 -0.274411 0.019659 -0.057705 -0.392312 -0.304269 0.040116 0.000570 -0.285114 0.033646 0.026820 -0.225795 0.112388 0.082626 -0.149878 -0.053595 0.020166 0.030138 -0.169560 -0.151486 -0.432548 -0.099014 -0.215758 -0.313834 0.042650 -0.085359 -0.061084 -0.392864 0.009447 0.136073 0.226488 -0.072935 -0.038391 -0.094669 -0.184484 0.138141 -0.040567 -0.079158 0.161299 -0.226039 -0.052272 -0.050016 0.372360 -0.272451 0.094220 -0.204640 -0.066966 -0.393090 0.111810 0.005621 0.294850 -0.009491 -0.216012 0.005293 -0.091351 -0.101693 -0.237204 -0.305170 0.132339 -0.015406 -0.104916 0.245979 -0.115876 0.029222 0.150083 -0.059930 0.195390 -0.180942 0.043863 -0.108077 0.058871 -0.057955 0.035527 -0.005445 -0.119908 -0.015376
-0.079943 -0.014396 -0.070672 0.164865 -0.263257 -0.064991 0.095644 0.069798 0.110203 -0.073314 -0.042732 -0.083322 0.245298 -0.354865 0.022690 -0.038843 -0.140711 -0.302521 -0.263142 0.084211 -0.123345 0.120658 -0.211932 0.010956 0.032376 0.083868 -0.029094 -0.063413 -0.138249 -0.045450 0.130018 -0.040787 0.130277 -0.104622 -0.207572 0.146715 0.029806 -0.309020 -0.093703 -0.241527 0.092950 -0.102709 -0.010637 -0.072047 -0.059472 0.201539 0.063676 0.076640 -0.166742 -0.182454 -0.193511 -0.144423 -0.147780 -0.209430 0.133414 -0.189288 -0.093469 -0.079391 0.167692 -0.135833 0.142886 -0.057531 -0.050527 -0.164590 0.022900 0.002258 0.007706 0.008711 0.365286 -0.131206 0.265738 -0.030626 -0.105707 0.043055 0.111201 -0.107214 0.260113 0.287580 0.100536 -0.071265 0.087374 0.121681 0.102940 0.348139 0.208356 -0.076893 -0.123923 0.259439 -0.030547 0.054735 -0.014270 0.168797 -0.234410 0.125094 -0.106747 -0.028409 -0.037508 -0.078446 -0.071228 0.090995 -0.162871 0.036192 0.020411 0.013758 0.274351 0.067907 0.325790 0.082663 0.030202 -0.043597 0.039996 -0.038766 0.070935 0.162398 0.151285 -0.143204 -0.150833 -0.203923 -0.021454 0.143789 -0.299701 0.084159 -0.074536 0.035170 -0.162048 0.112718 0.143175 0.013709
0.023115 0.112908 0.171389 0.009299 0.035895 0.060752 0.168845 0.082837 -0.078988 0.038841 -0.383123 -0.205520 -0.022281 -0.161179 -0.085802 0.130489 0.177110 0.021626 -0.014933 -0.414658 -0.136295 0.030458 0.084535 0.027327 0.015227 -0.190753 0.137868 0.047692 -0.019634 0.167184 -0.051833 -0.052611 -0.053458 -0.056412 -0.010438 0.182627 -0.148582 0.188834 -0.008469 -0.264539 -0.058728 0.171559 -0.100156 -0.102065 -0.111475 0.044745 0.186508 0.074697 -0.144456 0.101881 -0.208770 -0.243914 -0.267492 0.007007 0.075902 0.092685 0.002819 -0.164753 0.095828 -0.016242 0.115227 0.155062 -0.040647 -0.199404 0.147378 0.055892 0.007722 -0.023499 -0.162330 -0.157434 0.205770 0.015760 -0.009947 0.008103 -0.034911 -0.288210 -0.216809 0.079745 0.069324 -0.290985 0.092903 0.010384 -0.292366 -0.027605 0.067470 0.174971 -0.139925 -0.060147 -0.040123 -0.259690 0.029943 -0.281615 0.000769 0.061977 -0.018083 0.106413 0.036178 -0.019648 0.002268 0.085875 0.184148 -0.003826 0.030377 -0.090262 0.263507 0.043790 -0.116025 0.288122 -0.159480 -0.222455 0.115998 -0.046200 0.019539 -0.047117 0.107030 -0.156062 0.078782 -0.099464 0.086398 0.131447 -0.000900 0.056466 0.031156 -0.007189 -0.046930 -0.032946 0.085214 0.161416
0.056876 0.123270 -0.258300 0.054109 -0.192004 0.167085 -0.495090 0.185194 0.108577 0.009065 -0.005989 -0.208757 -0.225751 -0.110422 0.107579 0.023086 -0.048898 0.113369 0.113368 0.221594 -0.245144 0.396946 -0.252782 -0.066809 0.330642 0.015665 0.080165 -0.166125 -0.130825 -0.202680 0.143335 0.097112 -0.143709 -0.059876 0.117270 0.302709 0.060607 0.099027 -0.101416 -0.270657 -0.075372 -0.106023 0.092369 -0.294838 0.237184 0.086228 0.112809 0.113386 -0.126585 -0.039488 -0.403963 0.064969 0.062576 -0.097912 0.054597 0.142273 -0.402007 -0.144808 -0.413681 -0.095360 -0.249962 0.025161 0.047040 -0.150828 0.054086 0.158766 -0.013380 0.024600 0.158277 -0.046937 0.116132 0.074152 -0.235710 -0.043953 -0.034312 0.118152 0.306574 0.360009 -0.415219 0.124467 0.430187 0.231288 0.079631 0.014258 -0.055078 -0.271370 -0.427283 0.155190 0.005064 0.011989 0.159194 -0.257664 0.050052 -0.384149 0.046318 0.019126 0.164824 0.050752 -0.026232 -0.377555 -0.122253 0.166761 0.334992 -0.065399 -0.477387 -0.040734 0.026038 0.023196 -0.140710 -0.403569 -0.028923 0.145276 0.086282 -0.418732 0.035086 0.130952 0.118178 0.074268 -0.222387 0.115687 0.173298 -0.197025 0.202303 0.034308 -0.003689 -0.062520 0.063066 -0.049251
-0.133002 0.225911 -0.006669 0.168967 -0.128755 0.173955 0.023886 0.157542 -0.144791 0.082391 -0.153153 -0.271563 0.065658 -0.065707 0.043424 -0.002505 -0.090594 -0.191207 -0.288339 -0.074776 0.093275 0.119948 -0.035165 -0.034979 -0.104445 0.070017 0.086688 -0.065496 -0.002261 -0.200267 -0.560656 -0.152061 -0.066154 -0.090959 -0.135728 0.062074 -0.137702 0.010672 -0.128222 0.084275 -0.014995 -0.118734 -0.060492 -0.108974 0.125765 0.014640 0.296692 0.130010 0.090033 0.130282 -0.030087 -0.143727 -0.191466 -0.085468 0.102809 0.245159 -0.038551 0.073074 0.002277 -0.135843 0.125511 -0.057928 0.096287 -0.112877 0.262931 -0.004074 -0.251793 -0.098263 -0.168578 -0.007276 -0.084492 0.161704 -0.567211 -0.325033 -0.243248 -0.173661 0.030817 0.019463 0.041729 0.019856 0.285285 0.005853 -0.048288 0.110357 -0.016413 0.029358 0.096763 -0.033503 -0.075405 -0.223490 0.118182 -0.300972 -0.076071 -0.220884 0.012342 0.076778 -0.333581 0.031157 0.017532 0.170953 -0.295756 0.039275 -0.006172 0.004710 0.150022 -0.358549 0.094904 0.324125 -0.427800 -0.046318 0.049431 0.006242 -0.047992 -0.041187 -0.112899 -0.098186 0.057084 0.160094 0.148886 0.130940 0.146897 0.142404 0.074278 -0.031891 -0.001528 0.212782 -0.157595 0.093953
0.122362 -0.310794 -0.042412 -0.162739 -0.096118 -0.014942 -0.130093 0.065276 -0.134549 -0.197572 0.074807 -0.075946 -0.177018 -0.135981 0.148126 0.003340 -0.123672 0.276302 0.003043 -0.058546 0.043006 0.064311 -0.198697 -0.054449 -0.143882 -0.020644 -0.320218 0.170721 0.014537 0.224846 0.061055 0.020339 -0.111866 0.017297 -0.093415 0.073591 0.133282 0.064346 -0.011376 -0.258495 0.040569 -0.265420 0.006187 0.164720 0.057303 0.074011 -0.216967 0.050539 0.107521 -0.111748 0.015850 0.018824 0.143121 -0.249560 -0.190989 0.125665 -0.036770 0.012164 -0.152705 0.069401 0.069352 -0.104440 0.234245 0.165074 0.127382 -0.033220 -0.134937 -0.017192 -0.423015 0.249077 -0.088582 0.085188 -0.149874 -0.219053 -0.223130 0.195584 -0.143179 -0.122346 0.179409 -0.062253 -0.048767 -0.007816 0.133375 0.001527 -0.199902 -0.031459 -0.165033 -0.297770 0.049558 0.214477 0.039998 0.183834 -0.155375 -0.035658 -0.037834 0.131704 0.079648 0.000585 -0.060192 0.021577 -0.050404 0.011951 0.121882 0.002982 -0.328680 -0.062135 -0.077776 -0.004102 -0.080344 -0.269603 -0.448191 -0.053641 -0.013015 -0.331564 0.099592 0.027532 -0.059024 0.300868 -0.080072 -0.115965 0.102563 -0.073059 -0.068239 -0.056922 -0.053103 0.044882 0.030295 0.026748
-0.321740 -0.028465 -0.248746 -0.001364 0.054894 -0.359383 -0.027751 -0.111839 -0.044871 0.095983 0.159620 0.010131 0.097085 -0.040313 -0.237316 0.125547 -0.327185 -0.083269 -0.040897 0.066293 0.133866 -0.103334 0.140222 0.047278 -0.099354 0.213100 -0.119516 -0.276885 0.014236 -0.109697 -0.051900 0.028753 -0.257797 -0.115749 0.060555 -0.084662 -0.437748 -0.058533 -0.425166 0.008304 -0.144246 -0.353753 -0.234801 -0.222623 -0.136321 -0.090945 -0.200624 -0.008263 0.162493 -0.462424 0.066921 0.172470 -0.231441 -0.094019 -0.056334 0.162642 -0.032489 0.144203 0.093134 0.054743 0.167226 -0.307065 -0.309625 -0.067626 0.016952 0.059462 0.105452 -0.057916 -0.001460 0.069165 0.183544 0.027752 0.107381 0.243508 0.000108 -0.215719 0.009115 -0.082037 -0.172498 -0.352632 0.422550 0.101845 -0.067139 0.047452 0.077527 0.152119 0.056537 0.165329 -0.015064 -0.095946 0.039288 0.158105 0.050478 -0.070079 -0.188303 0.148669 0.136967 0.027412 -0.019143 0.051975 0.070339 -0.154142 -0.360301 0.015023 -0.058933 -0.038746 0.012264 0.357766 -0.013724 0.118165 0.205259 -0.036211 0.125303 0.076599 -0.179017 -0.017185 0.013398 -0.242935 0.215874 -0.218971 0.264180 0.201080 0.188101 -0.065533 0.011296 -0.109002 0.352038 0.035309
-0.243841 0.303825 -0.106416 -0.053327 -0.183802 -0.175283 -0.066757 0.015456 -0.128900 -0.060523 0.135920 -0.134821 0.104474 0.136805 0.078616 0.111414 -0.000560 0.032766 0.123929 0.006137 0.007959 -0.001108 0.134253 -0.098088 0.034236 0.002522 0.257788 -0.368612 -0.054639 -0.170618 0.115067 -0.427753 -0.044281 0.154109 -0.195302 -0.047392 -0.061312 0.056723 0.042572 0.100307 -0.031022 -0.072084 -0.136017 -0.313638 -0.148304 0.009880 0.177323 -0.142953 -0.111113 -0.070634 0.040144 0.318198 -0.009137 -0.011748 -0.002734 0.135048 -0.308279 0.089713 0.085123 0.009042 0.312635 -0.036111 0.180579 -0.019198 -0.007714 -0.004389 0.224213 -0.078067 0.236805 0.046161 0.101319 0.209490 -0.075842 0.174588 -0.156434 -0.066934 -0.054958 -0.103944 0.015424 0.029538 0.048407 0.042411 -0.166173 0.025753 -0.225424 -0.048335 0.039079 0.065262 -0.035490 -0.182313 -0.035386 0.000431 0.057144 0.116829 -0.239432 0.171982 -0.055399 0.124767 -0.055073 -0.031795 0.193903 0.209801 -0.159891 0.028342 -0.155302 0.022513 -0.166283 -0.197719 -0.016376 -0.124901 0.069730 -0.048865 0.066780 0.075811 -0.175656 0.004906 -0.078220 -0.001817 -0.322544 0.039296 0.140698 -0.070946 0.049650 -0.065732 0.043077 -0.506371 -0.290194 0.162434
0.107496 -0.113658 0.016793 -0.169437 -0.239499 -0.026328 -0.021242 0.008724 -0.004889 0.237494 0.043513 0.017862 0.233362 -0.029671 -0.095757 -0.075839 0.003308 0.183293 0.039897 0.134386 0.029913 -0.153649 0.095744 0.083284 0.079682 0.004902 -0.114504 -0.014553 0.008409 0.027349 -0.008076 0.031062 0.148084 0.107758 -0.136329 -0.086305 -0.233468 -0.123784 -0.016958 0.075229 -0.014428 -0.015422 -0.116577 -0.000200 -0.254967 -0.122426 -0.243220 0.049094 -0.299181 -0.253196 0.157009 0.207453 -0.119117 -0.119450 -0.237027 -0.287906 -0.204025 -0.030446 -0.243682 0.230963 -0.300357 -0.062974 0.201719 0.336717 -0.111232 -0.083455 -0.437238 -0.106170 -0.103230 0.138808 -0.196758 -0.070973 0.149195 0.245424 0.022834 -0.096848 0.008136 0.075273 -0.072871 -0.013148 -0.527642 0.101721 0.046859 -0.374880 -0.174769 -0.241209 0.010604 0.118103 -0.036863 -0.042738 -0.213356 0.096911 -0.305132 -0.056023 -0.401466 -0.191080 0.074932 0.027763 -0.068180 -0.062214 0.025879 -0.059388 -0.563190 0.038066 0.050699 -0.054351 0.099234 -0.121052 0.181494 0.054723 -0.412038 -0.057388 -0.129852 0.130989 -0.050337 0.070323 -0.391826 -0.398803 -0.109820 -0.012080 0.131622 0.017108 -0.390992 -0.020033 0.008029 -0.171662 -0.162898 0.045791
0.177019 0.199471 0.132937 0.265677 -0.111624 -0.394083 -0.040181 0.125326 -0.052545 0.318563 -0.056906 0.041910 -0.160649 0.016999 -0.047091 -0.000489 0.224752 -0.381329 -0.046536 0.191631 0.185537 -0.052606 0.252003 0.197014 -0.078265 -0.026782 0.046123 0.101491 0.002806 -0.458998 0.016881 0.099995 -0.026451 -0.181789 0.087555 0.132590 0.089586 0.060982 -0.304137 0.037722 -0.011336 0.044801 -0.153776 -0.039477 -0.081786 -0.087745 0.135635 0.028035 -0.059576 -0.143870 0.097015 -0.193207 -0.214190 -0.015570 0.035820 -0.181312 -0.093134 -0.170283 0.084741 0.067678 0.212155 0.425629 0.162347 -0.252619 0.227613 -0.236802 0.012793 -0.036565 0.038295 0.282766 -0.253142 -0.054473 0.311143 0.170466 0.009523 -0.026625 -0.386662 0.064405 0.058911 0.154174 0.003251 -0.114609 0.141027 -0.225845 -0.240366 0.091563 -0.200675 -0.086670 0.062028 0.143566 0.151388 -0.061438 0.189643 0.177673 0.049453 0.100213 -0.200731 -0.251892 0.051550 0.121772 -0.198188 -0.124852 0.112491 -0.098485 -0.076166 -0.168790 0.167338 0.093040 -0.000938 0.052357 -0.367069 -0.041602 0.118770 0.210535 0.207154 -0.069511 -0.112529 0.149670 0.125643 0.201258 -0.083008 0.013740 -0.121237 -0.046954 -0.024095 -0.223258 -0.075007 -0.282880
0.089822 -0.226605 0.098411 0.112913 0.142682 -0.156038 0.039943 -0.267740 0.183239 0.090669 0.108323 0.037559 0.261143 0.092404 -0.172094 0.222922 -0.107478 -0.029744 -0.046843 -0.093193 -0.011304 -0.017213 0.075697 0.230363 0.120798 0.051280 -0.200305 -0.379673 0.037795 0.031930 0.084738 0.206496 0.093721 -0.042674 -0.030540 -0.122547 -0.556572 0.103469 0.022274 -0.321042 -0.035673 0.076419 -0.086409 0.036234 -0.033758 -0.495138 -0.156573 -0.008177 0.184471 -0.384055 0.129139 0.281416 0.039498 -0.122789 0.104298 0.138219 -0.266943 -0.136178 -0.195075 0.162378 0.209988 -0.174797 -0.351881 -0.176426 0.064151 -0.128319 -0.368901 -0.105795 0.017071 -0.082368 -0.035252 0.288358 -0.297311 0.080754 -0.063560 0.309789 -0.302672 0.214409 0.180275 -0.064229 0.133439 -0.534721 0.246523 -0.016560 -0.015610 -0.051165 -0.030805 -0.264413 -0.018464 -0.047407 -0.304663 0.196031 0.162178 0.011429 -0.287950 0.004828 0.086440 -0.396089 0.038780 0.312752 0.017226 -0.267287 -0.071421 -0.015795 -0.180951 -0.152000 0.003802 0.097808 0.117723 0.167439 0.006407 -0.098880 0.061960 -0.278425 -0.027615 0.322093 -0.208454 -0.233657 -0.331720 -0.344202 0.014642 0.064469 -0.500812 -0.033171 -0.123302 0.231017 0.195886 -0.310048
0.136972 0.089656 -0.093645 -0.028206 -0.038033 0.055745 0.111346 0.058001 0.104284 -0.188765 0.086537 -0.001397 0.158740 0.036738 -0.102068 -0.210767 -0.008765 -0.113012 -0.223442 0.110690 -0.069047 0.044009 0.011833 0.081220 -0.028396 -0.394239 0.104977 0.050100 0.037472 -0.062948 -0.264102 -0.013457 0.030759 0.060827 -0.151292 0.047141 0.011764 -0.285202 -0.201321 -0.233628 0.063512 -0.082060 -0.077604 -0.094289 0.111160 -0.156138 0.020526 0.084410 0.073872 0.004122 -0.239821 0.007432 -0.023716 -0.295110 0.209439 -0.194069 0.037336 0.107280 0.151112 -0.112784 -0.005533 0.052539 0.004129 0.055153 -0.051653 0.033363 0.159581 -0.028811 0.011792 0.035575 -0.092138 -0.168715 0.049563 0.114185 0.003248 0.021098 -0.116084 -0.728487 0.255414 0.180992 -0.377777 -0.222267 0.079108 0.105284 0.110050 0.097584 0.037619 0.031423 -0.085949 0.073504 0.019456 0.094030 -0.065652 0.168409 -0.028134 0.132903 0.041578 0.022792 -0.025943 -0.040494 -0.108754 0.131342 -0.370120 0.032502 0.024380 -0.110165 -0.076328 -0.154395 -0.000364 0.000156 0.134419 -0.025848 0.002350 0.184178 0.010705 -0.023402 -0.122848 0.047610 0.105897 -0.251328 -0.465412 0.067740 -0.052958 -0.046069 -0.114010 -0.069700 0.071674 0.022345
-0.439674 -0.022279 -0.213612 0.180243 -0.166824 -0.186220 0.102461 0.021850 0.257400 -0.025906 0.232079 -0.003657 0.300801 -0.073389 -0.117964 0.024050 -0.154863 0.086569 -0.299011 0.045279 -0.076881 0.087845 0.013920 0.165077 0.111939 -0.024225 0.032851 -0.337571 -0.027732 -0.197437 -0.008574 -0.038356 -0.241202 0.158212 -0.081861 -0.160727 0.099233 0.221643 -0.002264 -0.001841 -0.039965 0.007444 -0.366823 0.036013 0.237188 -0.039524 -0.060460 0.217752 -0.052119 0.152381 -0.081332 -0.650065 0.067446 -0.011854 -0.010319 -0.026205 -0.113639 -0.031726 0.128543 -0.081819 0.020597 0.016395 0.028175 -0.008749 0.282856 -0.016477 -0.313212 -0.058211 0.005312 0.152828 -0.119211 0.057100 0.075054 -0.121501 0.047669 0.001959 -0.271601 0.022123 -0.191279 -0.100228 0.141915 0.259622 -0.044924 -0.204571 -0.130225 0.188580 0.179646 0.098918 0.058124 0.111551 0.106203 -0.154655 -0.129361 0.020470 0.143072 -0.540363 0.087712 -0.118419 -0.098749 -0.067983 0.085160 -0.069103 0.115627 -0.034944 0.027326 -0.237821 0.160908 -0.020627 -0.069778 -0.178948 -0.181942 -0.024388 -0.024694 0.111245 0.005492 -0.000181 0.210451 -0.001112 -0.096629 -0.110512 -0.214018 0.127605 0.094623 -0.034689 -0.024173 0.010513 0.045175 0.065154
-0.088303 -0.206266 -0.079094 -0.200032 -0.139900 -0.033621 -0.179744 0.261646 -0.073809 -0.150779 -0.126753 0.146138 -0.155163 -0.064358 -0.088285 -0.151321 0.104780 -0.022989 -0.193054 0.251755 0.341968 -0.167102 0.008447 0.024078 -0.197749 0.146469 0.077325 0.236829 -0.046655 -0.050523 -0.014545 -0.189791 0.056587 -0.001848 0.081822 -0.138079 -0.124621 0.150858 -0.298948 0.190672 -0.030244 0.230086 -0.034775 0.003425 0.259751 0.022788 -0.119862 0.342975 -0.197223 -0.033373 -0.184901 -0.114876 0.206857 -0.208350 -0.166962 0.023455 0.161778 0.270174 -0.073501 0.287056 0.054074 0.145806 0.173564 0.273383 -0.160697 0.196289 0.231233 -0.061527 0.059049 -0.019752 0.151690 0.346568 0.133449 -0.058407 0.108287 0.020786 -0.162503 0.043496 -0.232986 -0.119821 -0.038502 -0.072583 -0.090586 -0.041562 0.010115 -0.195111 -0.018682 0.056228 -0.006726 0.233547 -0.150044 -0.201076 0.131177 -0.096914 -0.293808 0.107239 -0.036465 0.097935 0.010115 0.035812 -0.125613 -0.105423 -0.137449 0.009581 0.138276 -0.098473 -0.004191 0.003706 0.134887 -0.448535 -0.040790 -0.039707 -0.186652 -0.242460 0.086025 0.161225 0.089557 0.054578 0.323551 -0.085539 -0.224583 0.108657 -0.230836 -0.076424 0.021608 -0.040051 -0.055807 -0.017377
-0.017591 0.130392 -0.106587 -0.093381 -0.095485 0.179431 0.153945 0.068439 -0.231515 -0.212365 0.113148 0.134067 -0.080424 0.243212 -0.025109 -0.479387 0.078679 -0.005503 -0.119605 -0.158271 -0.220422 -0.563965 0.149877 -0.085040 -0.176048 -0.342855 0.237518 0.272987 -0.066308 -0.125936 -0.113559 0.017209 0.242889 0.055309 -0.169132 -0.025700 -0.027857 -0.570976 -0.002055 -0.206578 -0.060297 0.143977 0.031744 -0.095463 -0.133126 -0.035187 0.010928 -0.133811 -0.023558 -0.088164 -0.133434 -0.009059 0.114399 -0.217783 0.186718 -0.537169 -0.088522 -0.137918 0.056658 0.132675 -0.142583 0.121551 0.207477 -0.017605 -0.299497 0.011268 -0.161279 -0.017811 -0.262355 0.208460 -0.009983 0.179744 0.026928 0.142541 -0.062628 -0.270454 0.036726 0.045360 0.222032 0.144467 -0.282406 -0.029211 -0.112810 -0.243159 0.169900 0.085092 -0.041152 0.058717 0.054094 -0.239798 0.008025 -0.129522 -0.205368 -0.024880 0.189992 -0.237753 -0.010709 0.001700 0.003662 -0.114731 -0.052578 -0.010965 -0.310425 0.034604 -0.069863 -0.064498 -0.203146 -0.042013 0.167657 -0.046082 -0.135952 -0.110639 -0.039259 -0.110202 0.080486 -0.019942 -0.135931 0.197448 0.207269 0.052824 -0.365340 0.202484 -0.073903 0.054915 -0.089763 -0.121957 0.127402 -0.036445
-0.525693 0.047409 -0.307624 -0.001264 -0.083814 -0.067729 -0.024818 -0.006090 0.081158 0.109620 0.293680 -0.032523 0.110196 0.297743 0.240844 0.208710 -0.114686 -0.020650 -0.242481 0.054111 0.033776 0.101616 0.037912 0.237904 0.135594 -0.170827 0.278293 -0.315725 -0.071530 -0.274257 -0.073841 -0.471407 -0.265824 0.327222 -0.113043 -0.142219 -0.107482 0.198338 -0.142367 0.121274 0.054720 -0.055488 -0.291728 -0.012836 0.239582 -0.280347 0.080498 0.212949 0.050720 0.250418 0.219149 0.222949 0.080820 -0.024330 -0.114583 0.155260 -0.262427 0.212108 0.119956 -0.001259 0.334535 -0.278547 -0.021417 -0.179422 -0.055076 0.170706 0.233929 -0.006659 0.221991 0.129422 0.262771 0.056838 0.020225 -0.171655 -0.336292 0.032431 0.473024 0.027982 0.088364 -0.055143 -0.349960 0.423359 -0.327048 0.208616 -0.057610 -0.437173 0.046829 -0.173449 -0.037676 -0.136090 -0.362977 0.293107 -0.049354 0.006108 -0.596070 0.197463 -0.168879 -0.456921 0.019003 -0.042588 0.108821 0.054818 0.090562 -0.021000 0.032889 -0.034713 -0.092277 -0.588714 0.186345 -0.363153 -0.002007 -0.058355 0.057180 0.071356 -0.021140 0.090649 -0.027521 0.016635 -0.512629 -0.124925 -0.073526 0.179908 0.214112 -0.010643 -0.060217 -0.249731 -0.239910 0.142469
0.130233 -0.051932 0.182045 0.154772 -0.242178 -0.120724 -0.082575 0.010179 -0.177686 0.087969 -0.041553 -0.017313 -0.113351 0.043915 0.015643 0.127432 -0.019120 0.033090 -0.042126 0.097299 0.114939 -0.153593 -0.313458 -0.091926 -0.082572 -0.125149 -0.203092 -0.116358 0.024902 -0.088531 0.051811 -0.001822 -0.213949 0.176175 -0.027342 0.094106 0.222267 0.265979 0.052170 0.069242 -0.032554 -0.153525 -0.044557 -0.018491 0.087357 0.014966 -0.410928 0.115883 0.081942 -0.087399 -0.190757 0.070902 0.211845 -0.344030 -0.055092 0.034880 -0.157243 -0.525818 -0.569377 -0.290899 -0.382049 -0.259977 0.155078 0.302368 0.017401 -0.424405 0.071153 -0.064716 -0.179732 0.030297 -0.075157 0.095606 0.013793 -0.355687 -0.054445 0.263210 0.155406 -0.064470 -0.410757 -0.117814 0.187000 0.332844 0.135429 -0.093744 -0.173839 -0.097345 0.047253 0.112086 -0.032758 0.141354 0.245597 -0.045535 -0.073012 -0.203683 0.032202 -0.050576 0.158328 -0.478490 -0.090832 -0.124751 0.048631 0.198122 0.009770 0.000002 -0.259530 -0.207836 0.188807 -0.423919 -0.111034 0.011795 -0.248566 0.015139 -0.043064 -0.142147 -0.016025 -0.099500 -0.051767 0.216863 -0.050011 -0.236995 -0.076645 0.041234 -0.177098 -0.061009 -0.151716 0.046724 0.081232 -0.037149
0.091001 0.108213 -0.062285 0.183720 -0.189230 -0.076582 -0.294902 -0.006012 0.035348 0.090496 0.297296 -0.433162 -0.078690 -0.162177 0.173934 0.085447 -0.068833 -0.039466 -0.171082 0.127447 0.300816 0.014491 -0.148179 0.080748 -0.119773 0.128324 -0.172669 0.089719 -0.016355 0.215053 -0.036613 -0.155435 0.092273 -0.062002 0.027456 -0.222249 -0.170571 0.036866 -0.271812 -0.115528 -0.173197 -0.335914 -0.026080 0.344047 0.397127 -0.215192 -0.330818 -0.207653 0.121480 -0.103162 0.169378 0.233343 0.148919 0.080172 -0.132680 0.099829 0.317101 0.085955 0.061446 -0.044295 0.124462 -0.157540 -0.004055 0.176965 0.116929 -0.037960 0.118808 0.055055 0.117758 -0.006110 -0.211619 0.337067 -0.148399 0.094865 -0.139387 -0.134920 -0.204101 -0.009559 0.270044 0.212990 -0.131085 0.019324 -0.088576 -0.057610 0.159116 -0.355259 -0.537518 -0.398400 -0.059349 0.059800 -0.206714 0.209807 -0.024065 -0.097610 0.068298 0.336834 -0.231782 0.074301 -0.101187 0.091036 -0.049790 -0.248973 0.160204 -0.039441 0.141785 -0.294199 -0.097859 -0.183496 -0.275394 -0.105047 0.180110 -0.040285 -0.075809 -0.074284 0.216929 0.048916 -0.273622 -0.182229 0.094128 -0.487074 -0.119056 -0.092337 -0.160671 -0.006656 -0.041428 0.342523 -0.170314 0.170276
0.022131 -0.031480 -0.108058 -0.069945 0.165451 -0.016336 0.117225 -0.088650 0.225232 -0.152497 -0.081945 -0.045877 0.183131 -0.217353 0.159746 -0.335439 -0.181333 0.172481 -0.069800 0.210934 -0.059646 0.174787 -0.036347 0.149481 -0.115438 -0.316373 -0.048594 0.193308 0.072476 0.299307 -0.024641 0.140140 0.007807 -0.019797 -0.094990 0.131345 0.363731 -0.051798 0.249560 -0.058478 -0.036633 -0.082053 -0.332750 0.118416 -0.031263 0.116922 0.167463 -0.042880 -0.026524 -0.177601 -0.105895 -0.259791 -0.016576 -0.202104 0.051264 -0.162843 0.093155 -0.167245 -0.043476 -0.153676 0.151043 0.043362 -0.044787 0.394571 0.103337 0.004459 -0.241725 -0.100482 -0.045182 -0.086907 -0.214817 -0.018248 0.168493 -0.131466 0.012214 -0.276089 0.017485 -0.298510 0.121193 -0.089363 -0.446576 -0.211519 0.199807 0.006791 0.089275 0.186220 -0.126311 -0.143472 -0.008815 -0.061295 0.163418 -0.229355 0.122688 0.363203 -0.136461 -0.016133 -0.296266 0.100150 -0.152805 -0.154363 -0.002031 0.022234 -0.052013 0.021585 -0.175431 -0.004867 -0.106805 -0.129984 0.093253 0.178117 0.280143 -0.061666 -0.150441 0.260345 -0.017246 0.067348 -0.342313 -0.002132 -0.087916 0.057605 -0.193560 0.087748 0.037679 -0.052255 -0.122130 -0.249764 0.051867 -0.042872
0.171852 -0.065248 0.059419 -0.077621 0.217444 0.445260 -0.336560 0.022580 -0.118571 0.005340 -0.153021 0.225335 -0.036952 0.157439 0.208954 0.035022 -0.080545 -0.004328 -0.309436 -0.056441 0.037788 -0.053549 0.016510 -0.232852 -0.079558 0.265838 -0.250148 0.210947 -0.005777 -0.106001 0.310715 0.179260 -0.052738 -0.135743 -0.262881 0.141710 -0.274477 -0.100853 -0.002354 0.066526 -0.193809 -0.067041 -0.118079 -0.147390 -0.076315 0.178561 -0.042106 -0.080264 0.318923 -0.026333 -0.194079 0.161408 -0.224718 0.167771 -0.097773 -0.105950 -0.159460 0.073557 0.176325 -0.055311 0.148072 -0.020180 0.055334 -0.053031 -0.226700 0.435191 -0.051755 0.064816 0.041372 -0.087100 -0.005708 -0.164866 0.395459 0.069738 -0.292109 0.084344 -0.299538 0.007125 0.075861 -0.042931 -0.134480 0.008830 0.258643 0.108421 -0.303250 -0.233945 -0.140801 0.047453 -0.033652 -0.041327 0.081958 -0.297703 -0.003163 -0.027588 0.038587 0.014851 0.015980 -0.134011 -0.055043 0.116613 0.197879 0.021265 0.035678 -0.043053 -0.068925 -0.085891 0.150061 -0.056601 0.183239 -0.095274 -0.238850 0.029340 -0.209713 -0.098205 -0.076248 0.042725 0.158386 0.123467 -0.001474 0.198650 -0.319085 -0.024028 0.178991 -0.054424 0.009104 -0.269628 0.212403 0.095079
-0.111295 0.285486 -0.086859 0.124904 -0.115778 -0.111535 -0.080961 -0.014061 -0.016926 -0.026022 -0.095564 -0.049069 0.003055 0.170593 -0.021480 -0.160839 -0.495404 -0.179135 -0.415374 0.113963 0.086475 -0.040386 -0.170715 -0.278191 -0.247764 -0.316190 0.087775 0.222173 -0.021648 0.240892 0.164052 -0.043031 0.117025 0.103725 0.081465 0.326677 -0.093717 -0.010167 0.018458 -0.043739 -0.026471 0.173569 -0.093718 0.143405 -0.072448 -0.216848 0.107785 0.065215 0.054240 -0.273787 0.036870 0.444329 0.061204 -0.008891 0.064850 0.178523 -0.479528 0.155389 0.105557 0.331058 -0.002746 -0.217391 -0.552846 -0.051649 -0.087164 -0.177523 0.049252 -0.036921 0.040102 -0.199077 0.138825 0.089883 -0.401642 -0.575032 -0.102532 -0.129846 -0.142536 -0.094208 0.204493 0.260979 -0.064260 -0.128826 -0.192724 -0.062375 0.024888 -0.173311 0.448767 -0.233623 -0.004787 0.048099 -0.125759 0.016472 -0.201440 -0.214909 -0.185919 0.001043 -0.206444 -0.066564 -0.101843 0.014485 0.558515 0.127673 0.044724 0.019470 -0.389711 -0.051831 -0.178548 -0.020453 -0.011266 -0.018153 0.024650 -0.033296 -0.095573 0.254162 -0.189935 0.096769 0.134926 0.083300 -0.106056 0.004488 -0.186443 -0.038220 -0.260759 -0.008754 -0.198734 0.150779 0.074019 -0.383507
-0.004392 0.078518 -0.080123 -0.243691 0.299101 0.030178 -0.163597 -0.071733 0.276494 -0.219081 -0.156307 0.087381 -0.099966 0.019320 0.146126 0.024424 -0.055621 0.200226 -0.149409 0.149160 0.042280 0.152187 0.092988 0.279798 0.107171 -0.035377 0.095841 -0.142748 -0.049927 -0.056437 0.079033 -0.005056 -0.044891 -0.019950 -0.049357 0.168514 -0.063199 0.183433 0.038148 0.229702 0.103007 0.019568 -0.068739 0.322012 0.179657 0.136809 0.171150 0.162655 -0.002636 0.117929 0.130867 0.052674 -0.025119 0.243700 0.089500 0.205366 -0.000177 -0.212998 0.148240 0.159918 0.217012 0.090664 0.089915 0.039355 -0.159062 -0.124018 -0.203738 -0.064128 -0.059905 0.259971 -0.027688 0.085556 0.070381 -0.109977 0.032721 0.066467 0.030996 -0.338126 0.074897 0.188402 -0.113077 0.000247 -0.163449 -0.197600 0.091374 0.041387 -0.058799 -0.030330 -0.072386 -0.095312 -0.338122 0.027519 0.339586 0.284856 -0.110161 -0.005312 -0.141280 0.096324 0.028201 0.081472 0.035152 -0.034011 -0.191617 -0.028127 0.022501 0.134599 -0.068482 0.080399 -0.031229 0.030540 0.464999 0.008371 0.059414 0.056956 -0.115851 -0.241715 -0.116269 -0.317125 -0.281374 0.214577 0.084157 -0.162738 0.316787 -0.039559 -0.113799 -0.142776 -0.174956 -0.055782
-0.034028 0.036058 0.049389 0.140739 -0.190347 -0.007209 -0.117952 0.079715 -0.105061 0.098974 0.398202 -0.101595 -0.040951 -0.027011 0.033475 0.199665 -0.013188 0.068524 0.121458 0.212447 0.281954 -0.031819 -0.155037 -0.003732 -0.100452 -0.149444 -0.012841 0.313114 0.002450 0.024300 -0.095577 -0.245817 0.096186 -0.227605 0.027835 -0.061876 -0.177359 0.095662 -0.154170 0.063923 0.024622 0.039496 0.199583 0.161545 0.095231 0.002718 -0.040804 -0.075996 -0.229739 -0.199744 0.042839 0.216158 0.050956 0.009691 0.054678 -0.046951 0.347873 0.065102 -0.190147 -0.100120 0.217683 -0.056144 -0.070627 0.053605 -0.028878 -0.087691 0.162912 -0.025184 -0.090238 0.059952 -0.649133 0.174517 -0.130605 -0.112164 0.077006 -0.152905 0.026547 0.040541 0.302280 -0.185961 -0.240573 -0.034509 -0.127743 -0.048809 -0.179458 -0.029334 0.045973 0.171283 -0.011033 0.197454 0.078789 0.179257 -0.274317 0.015097 0.181749 -0.045582 -0.486421 0.027385 0.037268 0.223042 -0.053938 -0.148151 -0.175060 0.051390 0.040121 -0.152081 -0.024714 0.062121 -0.021915 -0.019234 -0.194504 -0.062776 -0.151835 0.083458 0.004601 -0.074550 0.021657 -0.008297 0.156442 -0.039049 -0.012555 0.113584 -0.007528 -0.043292 -0.053121 0.151220 -0.053115 0.270132
0.106855 -0.187171 0.116093 -0.206582 -0.285655 -0.059260 0.205189 0.066820 0.066599 -0.303277 0.237632 0.123100 0.139463 -0.040523 -0.525704 -0.113639 -0.185289 0.085970 -0.059251 0.064083 0.054541 -0.115160 0.008262 -0.181203 -0.225923 -0.221831 0.212507 0.138595 -0.008190 -0.062306 -0.225898 0.103936 0.194180 -0.043331 0.102489 0.105601 -0.007043 0.049751 -0.031398 0.197997 -0.035844 0.076375 0.126083 -0.135577 -0.011943 0.076164 0.109113 0.086266 0.122999 0.076145 -0.031971 0.035312 0.300946 0.026879 0.035474 -0.084782 -0.083125 -0.103391 -0.189976 0.246209 -0.105724 -0.083295 0.282209 0.067781 -0.072022 -0.019659 -0.122358 0.044607 0.058440 0.386898 -0.031602 -0.249737 -0.202201 -0.100370 -0.007110 0.317884 0.184901 -0.175102 -0.038175 0.118035 -0.039807 0.131300 -0.058061 -0.015444 0.099905 -0.114207 -0.035029 0.124242 -0.006612 0.106136 0.142303 0.309229 -0.058616 -0.171708 -0.178866 0.052459 -0.143072 -0.009698 -0.150715 0.071302 -0.008906 -0.025379 0.012162 -0.000266 -0.045415 0.195967 -0.235932 -0.048283 0.123117 -0.090375 -0.158219 -0.119506 0.165056 0.071780 0.077506 0.292348 -0.080782 -0.043848 -0.147233 -0.344759 -0.495443 0.143355 -0.172569 0.008460 -0.057160 0.285367 -0.152473 -0.121355
0.155786 0.189175 0.066819 -0.064743 0.197588 -0.194367 -0.020037 -0.096764 0.050280 0.058940 0.010042 -0.035085 -0.087344 -0.165527 0.133282 0.074556 -0.061795 0.124064 -0.116457 0.264252 0.173940 -0.027803 0.012010 0.343304 -0.148130 0.044985 -0.128909 -0.160834 0.039077 0.023964 0.157369 0.155184 -0.262010 -0.000378 -0.055314 0.175628 0.056902 0.155297 0.059239 -0.028363 -0.150244 -0.058490 -0.071337 0.117337 0.060937 0.020711 0.165717 -0.050905 -0.213568 -0.051119 -0.236790 -0.004364 -0.095947 0.080944 -0.265778 0.034713 0.131265 -0.151614 -0.016855 -0.049774 0.174878 0.124489 -0.037853 0.194770 -0.148373 -0.270375 -0.081770 -0.113310 0.045717 0.092667 -0.240695 0.093810 -0.077855 -0.045468 -0.177579 0.107210 -0.108597 -0.236578 0.030900 -0.217719 -0.058001 -0.019608 0.242720 -0.033010 -0.303655 0.306641 0.041753 -0.275142 -0.112940 -0.093500 0.092382 -0.205800 0.160842 0.061599 -0.122917 0.032156 0.056203 0.002727 0.017136 -0.252380 0.081759 0.113040 0.114126 -0.046351 0.002572 -0.104530 0.001162 0.013697 -0.091091 0.108855 0.058315 -0.043830 0.052772 0.164752 -0.159493 -0.009872 -0.011628 -0.063830 -0.057622 0.242699 0.107535 -0.238315 -0.041193 -0.002289 0.065215 -0.127027 0.104834 -0.139709
0.232102 -0.276891 -0.093923 0.046714 0.209038 0.008046 0.010777 0.082511 0.006583 0.056725 -0.098060 0.058933 0.053119 0.111259 0.281442 -0.021958 0.263689 -0.114550 -0.178869 0.049706 0.127844 -0.142980 0.002510 -0.094143 -0.345311 -0.315097 -0.078876 0.228442 0.014921 0.052963 0.046500 0.175521 -0.165694 -0.362377 0.139418 -0.225518 0.037636 -0.135397 -0.056476 -0.249143 0.079853 0.005548 0.139510 -0.085482 -0.169929 -0.001218 0.118092 -0.001700 0.353468 -0.084835 0.192747 0.043904 0.013040 -0.082777 0.075440 -0.049458 -0.077075 -0.012932 0.018086 -0.042851 0.023782 -0.001069 0.031991 -0.001267 -0.151586 -0.126250 -0.087746 -0.034230 0.229373 0.131167 0.147565 0.145886 0.296072 -0.319782 -0.078644 -0.111876 -0.087612 0.091644 0.074538 0.143662 -0.149239 0.017339 0.250734 -0.227473 -0.177255 0.003954 -0.235825 0.001782 -0.032397 -0.105171 -0.057750 -0.076505 -0.064871 0.305215 -0.197768 0.010156 -0.283119 -0.206597 0.045696 -0.196448 -0.189277 0.171093 -0.010155 -0.056962 0.132040 -0.202797 0.048105 -0.115072 0.388173 -0.162002 -0.007141 -0.025594 0.022305 -0.124070 0.034541 -0.011872 -0.036936 0.214117 0.399213 0.045753 -0.233590 -0.045722 0.131706 0.032216 -0.038863 -0.137744 -0.051812 -0.171649
0.068404 -0.034287 -0.266164 -0.244764 0.145906 -0.023166 0.028602 -0.052338 -0.003246 -0.296318 0.236106 0.077016 -0.224943 0.313150 -0.014401 0.052429 -0.525595 0.280229 -0.097941 0.031750 -0.006759 0.082278 0.247454 -0.065756 0.209494 -0.133459 0.210362 0.057563 -0.013231 0.074906 -0.002800 0.070125 -0.048584 -0.282384 -0.113789 0.244981 0.274808 -0.132381 0.285900 0.092619 -0.040938 -0.065631 0.124399 0.100152 0.167379 0.103681 -0.018972 0.022836 0.030165 0.223361 -0.297043 -0.421710 -0.355035 0.116267 -0.143852 0.153418 0.105410 0.045950 0.171551 0.067210 0.118094 0.034712 -0.310757 -0.033975 -0.546323 0.128044 0.091618 0.061775 0.043155 -0.059141 0.006207 0.044532 0.107687 0.066977 0.132758 -0.000038 0.151789 -0.056380 0.108352 -0.314928 0.010605 0.100874 -0.122136 -0.106389 0.306008 -0.013075 0.113031 -0.159019 -0.071302 -0.002986 -0.397038 0.045410 0.025745 0.256847 -0.223225 -0.492938 -0.121114 -0.057649 -0.054771 -0.194177 0.238930 0.106062 -0.137669 -0.053112 -0.069885 0.057937 -0.342630 0.152481 0.038857 0.177841 0.307103 0.027425 0.038814 0.073034 -0.094795 0.064191 -0.318731 -0.024202 -0.136555 -0.022934 -0.204319 -0.093793 0.468195 -0.011422 -0.020249 -0.330158 -0.549055 -0.038533
-0.322094 -0.256717 0.182832 -0.120863 -0.006194 0.144448 0.110465 0.081345 -0.205600 0.176870 -0.020707 0.087867 -0.018679 0.065123 0.013530 0.059487 0.087968 -0.000076 -0.134953 -0.161235 0.343908 -0.255614 -0.050993 -0.363926 -0.112844 0.301582 0.039774 0.055114 -0.061767 0.167638 0.318613 0.280408 0.040357 -0.275536 -0.180475 0.165480 -0.050658 0.028265 -0.183296 0.008533 -0.025324 0.296031 0.036153 -0.178406 -0.107591 0.169093 0.382426 -0.282395 0.034300 0.037155 -0.122285 0.167290 -0.127721 0.108998 0.011644 -0.338760 0.083543 -0.021386 0.334911 0.113383 -0.042810 0.108959 0.068218 0.271880 -0.074233 0.242128 0.273224 0.077514 -0.105799 0.247667 0.003505 -0.130849 0.223437 0.121158 -0.259784 -0.019175 -0.228708 -0.173724 0.016624 0.056020 0.005434 -0.161235 0.118138 0.118919 -0.001027 -0.249738 0.019645 0.064503 -0.013874 0.158469 0.220277 -0.276505 -0.037118 -0.145016 0.032766 -0.115832 0.203349 0.089789 0.012877 0.008271 0.211974 0.078302 0.068135 0.040857 -0.083346 -0.053706 -0.202122 0.141480 0.077922 -0.447990 -0.029237 -0.015315 0.018928 0.056562 0.072146 0.241113 0.299304 0.327628 -0.074191 0.156535 -0.424706 0.084239 0.141410 -0.062467 -0.101296 -0.061632 0.327751 -0.129307
-0.053244 0.011945 -0.083156 -0.117477 -0.236461 0.044449 -0.143135 -0.182786 -0.058871 -0.282085 0.146033 0.039049 -0.317104 0.265878 -0.349890 0.283885 -0.470126 0.256822 -0.067251 -0.096254 0.224374 -0.022612 0.283880 -0.322373 0.234900 0.078932 0.144209 0.029272 -0.067298 0.185509 -0.085008 0.049391 -0.053601 -0.600111 0.012158 -0.047497 -0.156189 -0.157514 0.277595 0.113006 -0.130412 0.024725 0.131253 0.048702 0.213671 -0.034315 0.188073 -0.034909 0.118232 0.149337 -0.164485 -0.346863 -0.330550 -0.158138 -0.064502 0.144084 0.229589 0.131420 0.150308 0.056128 -0.000736 0.171841 -0.500541 -0.116376 -0.659743 0.333314 0.187215 0.032304 -0.100203 0.078279 0.118788 -0.117456 0.051934 0.066710 0.267256 0.071413 0.148097 -0.064862 -0.087450 -0.019321 0.017773 -0.012657 -0.120574 -0.202090 0.355317 -0.086833 0.104422 -0.196829 -0.109416 0.066993 -0.228903 0.082886 0.161694 0.061071 -0.159444 -0.695292 -0.080298 0.067462 -0.067269 -0.241357 0.299288 0.184389 -0.100756 0.013808 -0.172259 0.005358 -0.172641 0.074837 -0.009618 0.238879 0.242889 -0.114709 -0.053328 0.078613 -0.072328 -0.022609 -0.136042 -0.102183 -0.101928 0.021523 -0.211649 0.043284 0.521658 -0.057409 0.001501 -0.364433 -0.430024 0.162596
-0.072017 0.044742 0.199114 0.367140 -0.178915 -0.032621 0.189789 0.164005 0.097855 -0.157982 -0.001065 0.140767 0.058253 -0.051320 0.024272 0.008720 -0.354508 -0.015658 -0.228169 -0.014774 -0.049568 0.161332 -0.113015 -0.038760 0.132163 -0.151374 0.240958 -0.238640 0.078030 -0.093597 -0.270536 -0.178192 0.034508 -0.005501 -0.079984 -0.090588 -0.034523 0.169012 0.208224 0.041097 0.074584 0.383785 0.096218 -0.073637 -0.101889 -0.013132 -0.029817 0.047796 0.001938 0.112161 -0.065449 0.187233 0.224836 -0.217190 0.000575 0.044278 -0.042541 -0.051812 -0.268245 -0.149858 0.176322 -0.259691 -0.178077 0.009650 0.190220 -0.120896 -0.156778 0.037922 0.043480 0.014045 -0.296172 -0.111416 -0.102681 0.084236 -0.137804 0.015289 0.198991 0.070995 0.170399 -0.183731 0.089131 0.023623 -0.168483 0.125233 0.050658 0.033480 0.503590 -0.042465 -0.005438 0.027318 0.112349 0.106383 -0.233290 0.124457 -0.013903 -0.635417 -0.053290 -0.389641 -0.000323 0.105518 -0.258723 0.049354 -0.292606 -0.116850 -0.124437 0.156432 -0.121479 0.259267 -0.106325 0.237515 0.120865 -0.026607 -0.009927 0.113836 0.124983 -0.104144 -0.062386 0.030114 -0.030241 -0.126504 0.062799 0.097258 -0.173166 0.094661 0.002446 0.203735 -0.039956 -0.119144
-0.050291 0.077791 0.067538 -0.033595 0.364068 -0.103576 0.028006 0.027874 0.249954 0.246588 0.122874 0.196154 -0.221600 0.055345 0.040024 -0.212146 0.006004 0.019777 -0.064896 -0.021197 0.189434 0.110505 0.192245 0.161692 -0.076307 -0.309958 -0.099278 0.142088 -0.035745 -0.124183 -0.056556 -0.029356 0.204884 -0.209019 -0.081230 0.033785 0.089065 0.004962 -0.048152 0.041283 0.034213 -0.071518 -0.148385 0.080172 0.151713 0.021680 0.045248 0.100292 -0.261833 0.095110 0.248121 -0.101989 0.031824 -0.030464 0.082641 0.163455 0.094126 0.077468 -0.020345 0.122599 0.054616 0.041647 0.211119 0.286796 -0.281370 -0.198365 -0.065232 -0.022542 0.058876 0.165483 -0.214475 0.229221 0.020225 0.050039 0.175305 0.099601 0.181230 0.123306 0.063279 -0.010480 0.067175 -0.148112 0.257783 -0.102312 0.298244 -0.067671 0.287924 0.094726 0.043751 -0.158657 -0.032680 0.156206 0.006333 0.234863 -0.171115 -0.043328 -0.052243 0.016646 0.073952 0.219179 0.161420 -0.205823 -0.041002 -0.046532 -0.054122 0.102172 -0.077075 -0.086448 -0.024079 0.088809 0.186136 0.044572 -0.055373 -0.031115 -0.144333 0.003571 -0.429453 -0.515096 -0.360692 -0.280503 0.150002 0.170076 -0.017303 -0.088122 -0.058076 -0.007909 0.005203 -0.012039
0.132699 0.125558 0.042984 -0.261201 -0.001999 0.203358 0.070480 -0.046516 0.031091 0.021242 -0.061206 0.160602 -0.381163 -0.094299 -0.036514 -0.057755 0.051489 0.166317 0.070005 0.208366 0.075394 -0.058076 0.012462 0.268576 0.002710 -0.091016 0.123962 0.149723 0.041987 -0.207505 -0.095861 0.118949 -0.089308 -0.009880 0.058529 0.195946 0.055418 0.295008 0.100268 0.090590 -0.054848 -0.189457 -0.191017 0.039213 -0.132610 -0.101256 -0.027239 -0.195436 0.020164 0.241159 0.203346 -0.190633 -0.170059 -0.054465 -0.337178 -0.089890 -0.099959 -0.379102 -0.329688 0.071770 0.117702 0.059571 0.084978 0.023696 -0.060087 -0.264222 0.033207 -0.073772 0.009833 0.152346 0.092910 -0.206835 0.126067 0.381368 -0.196615 0.262793 -0.007813 -0.060941 0.073879 -0.230419 0.104426 0.056133 -0.026350 -0.003094 -0.209891 0.147551 0.033660 -0.163159 -0.076500 0.018276 -0.087238 -0.224659 0.144796 -0.208776 0.023837 0.015792 -0.017839 -0.005341 0.004322 0.180647 0.117861 -0.007978 0.070717 -0.104763 0.072171 -0.129652 -0.102906 -0.023564 0.047553 -0.054767 -0.070049 0.052541 0.061677 0.125221 -0.037147 0.030396 0.203354 0.081414 -0.150598 0.100729 0.084224 -0.191283 0.049938 -0.065362 0.070972 -0.109950 0.063020 -0.186764
-0.103887 -0.204404 -0.092898 -0.100262 -0.166160 -0.085588 0.060793 0.080263 0.174733 0.023885 -0.052906 0.198043 -0.038790 -0.359509 0.032710 -0.177724 -0.097654 -0.056424 0.186524 -0.298912 0.019038 -0.199186 0.314535 0.291726 0.114799 0.113163 0.032849 -0.002770 -0.008217 -0.058362 0.162653 0.002452 0.016527 -0.300839 -0.035376 -0.208715 -0.411588 -0.096452 -0.109506 0.127022 0.059996 0.058390 0.229015 -0.018115 0.093038 -0.091259 -0.394992 -0.301155 -0.385586 -0.216856 0.157784 -0.201318 0.143061 -0.016259 0.119896 0.060179 0.068516 0.002920 -0.062181 0.062408 -0.058568 0.126305 -0.065733 0.178341 0.117742 -0.034130 0.109322 -0.044502 -0.184961 -0.171361 -0.087239 -0.151665 0.315291 0.162573 0.230536 -0.041707 0.008423 0.065126 -0.278047 0.095325 -0.025448 0.142053 0.170139 -0.084220 0.077264 0.033759 -0.186871 -0.170080 -0.014445 0.003711 0.000799 0.263540 -0.188454 0.096503 0.290652 0.091661 0.053349 0.107854 -0.029237 0.048517 -0.221226 -0.220910 -0.249878 -0.005795 -0.132173 0.088722 -0.062085 -0.324787 0.093168 -0.161426 -0.107363 -0.035277 -0.188086 -0.035225 0.317872 -0.003312 -0.169471 -0.197437 0.029657 0.134072 0.026233 -0.082411 -0.394943 -0.038559 -0.090955 0.084292 0.029205 -0.086902
-0.001210 0.107666 -0.071756 -0.023375 0.222902 0.155304 -0.042253 -0.169678 -0.132150 0.128032 -0.053250 -0.039642 0.220041 0.063018 0.022382 -0.084021 0.077228 0.114621 0.053925 -0.047627 0.135522 0.155398 -0.171459 0.002020 -0.009091 -0.240855 0.240250 -0.162923 -0.031777 0.004600 0.169015 0.191273 -0.192127 -0.040121 -0.109025 0.133504 0.016042 0.098074 0.039718 0.240027 0.099563 -0.013419 0.074579 0.056938 0.009976 0.049236 0.054970 0.004986 0.195951 0.081398 -0.054256 0.105982 -0.075031 -0.066069 0.007071 0.094690 0.009913 0.053986 -0.022969 -0.047533 0.029884 -0.052191 -0.072336 -0.002137 -0.023148 0.189254 -0.047141 -0.045617 0.002255 -0.092382 -0.042429 0.138716 -0.050686 0.154377 0.174703 -0.005102 -0.033639 -0.159959 0.006468 -0.215398 -0.033428 -0.170233 0.007629 0.094598 0.063264 0.043079 -0.036533 -0.153104 -0.100040 -0.059858 0.053561 0.104082 -0.076502 0.063387 -0.266697 0.245719 -0.121978 0.201020 -0.152195 0.091090 -0.191893 0.145913 -0.054881 0.015129 -0.070855 -0.325799 -0.068523 0.061716 0.033667 -0.112093 0.092073 -0.105874 -0.041191 -0.159261 0.113888 0.108669 0.053417 0.036342 0.030153 0.129491 -0.016167 -0.080004 -0.117010 -0.017525 -0.003778 0.019258 -0.021686 0.236715
-0.132833 0.119271 0.161425 -0.133102 -0.066757 0.146901 0.028022 -0.082092 0.081654 0.050401 0.080157 0.048006 0.110378 -0.077955 0.057673 -0.300906 -0.112337 0.005652 0.156646 -0.317143 -0.028012 -0.183233 0.096613 -0.115998 -0.031392 0.155407 -0.095820 0.077633 0.032906 -0.046052 0.077524 -0.158523 -0.094088 -0.046494 -0.085943 0.170446 0.103415 -0.010811 -0.015247 -0.058981 -0.091644 0.023024 0.258470 -0.130208 -0.007330 0.160936 0.083490 0.087871 0.000361 -0.237083 -0.010426 -0.325339 0.005822 0.011509 0.073707 -0.374289 -0.075746 -0.058845 -0.034057 0.321970 -0.133969 0.037011 0.084991 0.150487 -0.119243 -0.088656 0.057209 0.011682 0.095500 0.063988 0.145753 0.044514 -0.125266 -0.162538 0.152260 0.084291 -0.034082 -0.350262 -0.027685 0.010219 -0.201080 -0.286582 0.269077 -0.220363 -0.050461 0.058010 0.104339 0.200506 -0.122224 -0.185733 -0.072882 0.121805 0.025647 0.315419 -0.172388 0.142034 0.078776 0.158251 -0.053713 0.020809 -0.045445 0.053762 -0.363294 -0.050979 0.031613 -0.049185 -0.130040 0.030549 -0.036549 -0.117346 0.083945 0.024358 -0.058941 0.005057 0.097516 0.151255 -0.216674 -0.052534 -0.034793 0.021105 -0.459252 0.179068 -0.102226 -0.099800 -0.062923 -0.032430 -0.112777 -0.019027
-0.134439 -0.108282 -0.047840 0.227401 0.009049 -0.230462 0.132209 -0.021647 0.096492 -0.024550 0.046596 -0.331236 0.062978 0.041111 -0.008290 0.093339 0.094902 -0.251069 -0.046660 0.042948 0.119037 -0.151103 0.121908 0.132560 0.041857 -0.340316 -0.037143 -0.063138 0.035079 -0.263973 0.001935 -0.243019 -0.317965 -0.313960 -0.156242 -0.063170 0.045048 -0.019336 -0.206447 0.066026 -0.082560 0.037432 -0.190391 -0.044158 0.051351 -0.036514 -0.180886 -0.141859 0.077377 0.082031 -0.173353 0.071936 -0.063603 0.320921 0.134277 0.022890 0.178268 -0.098293 0.008656 0.002551 0.126082 -0.213162 0.137162 0.255857 0.324331 0.028343 0.034147 0.036163 0.015248 0.066974 -0.015562 -0.120554 0.024262 -0.083072 0.243102 0.158697 -0.079994 -0.105719 0.218659 -0.264885 0.106195 -0.219925 -0.611038 -0.085635 0.042218 -0.078347 0.045886 0.197563 -0.094814 0.141524 0.055123 0.106625 -0.064921 -0.017290 0.251702 0.182016 -0.456010 0.057441 0.032432 0.086160 0.017147 0.131440 -0.116960 -0.079345 -0.038416 -0.101246 -0.026163 0.017307 0.020809 -0.271059 0.048417 -0.038441 -0.080857 -0.078314 0.193591 0.337991 -0.137388 0.349699 0.056625 0.187681 0.018625 -0.068621 -0.188815 -0.066439 -0.018826 -0.037933 0.350445 -0.021064
-0.088230 -0.214955 -0.114658 0.132298 0.039902 0.018108 0.100866 0.017829 -0.017378 -0.244445 0.244197 -0.040756 -0.247367 0.280399 -0.229784 -0.475391 -0.198177 0.098187 0.079486 0.190095 0.047893 -0.007142 0.156967 -0.086266 -0.095227 -0.239128 0.269436 0.012919 -0.006435 0.000086 -0.064052 -0.058761 0.293828 -0.438565 -0.202859 0.124907 -0.150053 -0.015476 -0.127007 -0.139342 0.102849 -0.052791 0.106052 -0.150815 -0.167296 -0.091799 0.013370 0.002989 0.160712 -0.277016 0.071607 0.223363 0.255307 -0.092627 -0.136109 -0.024144 0.246707 0.008027 0.207168 0.217551 -0.170516 0.004763 -0.167095 -0.024499 -0.523174 0.065511 0.127167 0.034551 -0.041571 0.151624 0.208502 -0.014855 -0.241963 0.300520 0.254199 0.080047 0.163830 -0.121534 -0.148175 0.165442 -0.103601 -0.125073 -0.009869 0.035380 0.213678 -0.106065 0.294455 0.006881 0.028621 -0.070127 -0.226921 0.246698 -0.090944 -0.021229 -0.258600 -0.343164 -0.045871 -0.082548 -0.009484 -0.052435 0.233510 -0.174165 0.059020 0.017036 0.014307 0.095848 0.017021 -0.193572 0.008428 0.207456 0.075456 0.009820 0.052168 0.029647 0.066635 0.107870 -0.167031 -0.162001 -0.059784 -0.430695 -0.419075 0.021445 0.036840 0.011487 -0.120035 0.106873 -0.127351 -0.224330
0.216244 -0.171051 0.050372 0.161135 -0.177618 -0.448709 0.072534 0.125956 0.170460 0.177691 -0.012865 -0.022795 -0.205424 0.019360 0.009302 -0.345414 -0.005200 -0.091226 0.078163 0.251493 -0.086764 -0.096812 0.085303 -0.021704 0.110270 0.225524 -0.047349 0.156417 -0.023110 -0.092678 0.009382 -0.141698 0.026704 0.181261 0.053794 0.185419 0.032057 0.190314 -0.301851 0.085459 0.021963 -0.089673 0.056750 -0.389331 -0.109811 0.074634 -0.042139 -0.271351 -0.288414 -0.380330 -0.092636 -0.194557 0.041429 0.053004 0.090524 -0.175966 -0.003272 0.020863 -0.011314 -0.098186 -0.074034 -0.141453 0.019979 -0.107730 -0.144859 -0.100689 0.158420 -0.033553 0.119816 0.123816 0.148590 -0.062023 0.079422 0.081114 0.068957 -0.026475 0.093315 -0.016369 -0.000499 0.057256 -0.187329 0.050320 0.299545 0.151016 -0.079475 -0.218852 -0.408270 0.183901 -0.007591 -0.076304 0.043625 0.120180 -0.059819 0.037618 0.031177 -0.110713 0.179746 -0.115591 -0.038876 -0.303965 -0.158405 0.060270 0.036489 -0.078223 0.050122 -0.119744 -0.079439 -0.017799 -0.059496 -0.169086 -0.103290 -0.073168 0.114965 -0.281154 0.182442 0.216508 -0.001962 -0.138175 0.089683 0.035620 -0.172891 0.004874 -0.183448 -0.053229 -0.213228 0.188790 0.210134 -0.043554
0.301753 0.097785 -0.205581 0.047886 -0.393069 -0.027599 -0.264957 0.121879 0.050770 -0.092160 0.146329 -0.195379 -0.232012 -0.026512 0.140707 -0.123560 -0.269769 0.085589 -0.288064 0.085185 -0.104541 0.173178 -0.111574 0.060243 0.237533 -0.154461 0.065283 0.106059 -0.004001 -0.071597 -0.050353 -0.002203 0.091046 0.098015 -0.080256 -0.059510 -0.312386 0.028280 0.002098 -0.112706 -0.044477 -0.203489 0.016760 0.077095 0.185365 0.168492 0.221553 -0.046652 0.209173 0.032117 0.183596 0.057277 0.288787 0.064210 -0.198426 0.249598 -0.022210 0.148909 0.040001 0.118012 -0.244837 -0.022682 -0.229700 0.168498 0.334898 0.070338 -0.175697 -0.027094 0.094709 -0.056888 -0.000254 0.152479 -0.073340 -0.040883 -0.028569 -0.044579 -0.098873 0.143377 -0.033683 0.086853 -0.102349 -0.069734 -0.089358 -0.155122 0.015789 -0.209916 -0.118465 0.027050 -0.084096 -0.224218 0.033813 0.274817 -0.339093 -0.114154 0.010818 -0.042594 -0.045591 0.116852 -0.083147 0.021546 -0.073112 -0.104208 -0.180055 -0.079710 -0.153052 0.107979 0.066190 -0.020706 0.003444 0.050135 -0.117063 0.061474 -0.194815 -0.090593 -0.035059 -0.035497 -0.318575 0.018407 0.093713 -0.290472 -0.331128 0.054355 0.034687 -0.059644 0.022714 -0.036023 0.113078 0.305393
0.059353 0.187056 0.000685 0.127849 0.332508 -0.190170 -0.091287 -0.278593 0.111951 0.019960 0.049000 -0.140561 0.092817 0.250599 -0.075325 0.109360 -0.246137 -0.063657 -0.014072 -0.204223 -0.131843 -0.283700 -0.040789 0.052057 -0.139603 -0.091758 0.101615 -0.144988 -0.031614 0.050853 0.184098 0.058367 0.135996 -0.301405 -0.115575 -0.164924 -0.199639 -0.079955 0.338945 0.088714 0.030749 0.149900 -0.037692 0.014256 -0.045082 0.217110 -0.152088 -0.107758 0.152214 -0.494311 0.085903 0.329810 0.126628 0.258214 -0.297499 -0.001962 0.083195 0.186704 -0.000371 0.113838 0.047797 -0.114644 -0.047893 0.076374 -0.164737 -0.358539 0.132776 -0.028950 0.048970 0.093173 -0.218862 0.125604 -0.131923 -0.331756 0.060554 0.070719 -0.015040 -0.172726 -0.147800 0.174173 0.337954 -0.001205 0.063059 -0.117577 0.201195 0.016536 0.042518 -0.351755 -0.025923 -0.101291 -0.150639 0.039244 -0.002660 0.064580 -0.154370 -0.026103 -0.154957 -0.182402 -0.026852 0.040587 0.205762 0.147732 -0.177751 0.034459 0.026676 -0.165709 -0.023683 -0.172908 0.169063 -0.006255 0.128112 -0.036914 0.132627 0.149240 0.040430 0.174830 -0.175179 -0.244413 -0.149368 -0.087852 0.045620 0.211772 -0.325343 -0.050521 -0.057434 0.072124 0.101744 -0.075485
-0.036816 -0.087524 -0.009909 -0.109756 0.287634 -0.448404 -0.255304 -0.094557 0.142969 -0.397006 -0.013772 -0.125362 -0.059125 -0.174863 -0.153945 0.084338 -0.003366 0.107248 -0.096289 0.073180 -0.054786 0.031261 0.160683 0.164609 0.075936 -0.145699 -0.104003 0.155805 -0.001617 -0.071121 -0.148165 -0.327128 0.086055 -0.022277 0.022032 -0.019084 -0.309498 0.143046 -0.109910 -0.008762 0.024941 0.006954 -0.251123 -0.336703 0.111533 0.073385 0.037006 -0.076985 0.122855 -0.242857 -0.003867 -0.215637 0.057290 -0.146127 -0.139708 0.026261 -0.067099 -0.223364 -0.016627 0.104133 -0.101664 0.071147 -0.370288 -0.004707 0.179808 -0.242215 -0.206252 -0.006510 0.023968 0.030894 -0.044592 -0.170748 0.067426 0.087477 -0.294370 0.008946 -0.082394 -0.139037 0.240614 0.136661 0.000773 -0.246706 -0.086061 -0.242698 -0.064252 0.183347 0.062239 0.017561 -0.060755 -0.114171 0.051861 0.090640 0.084297 -0.119564 0.041488 -0.014805 -0.031640 0.034595 0.013396 -0.012665 -0.087341 -0.168030 -0.155691 -0.076064 0.140291 0.126827 -0.098857 0.173293 0.089384 0.084602 0.202668 -0.075600 0.038035 -0.053111 0.134816 0.080492 -0.046865 0.091307 -0.091292 0.038211 0.462827 0.111856 -0.326053 0.008896 -0.072020 0.083230 0.004287 0.156563
-0.338076 -0.145042 -0.239689 -0.060186 -0.051999 -0.323764 0.120870 0.055910 0.173956 0.140203 0.298329 -0.237153 0.013874 0.164953 0.037354 0.039001 0.027209 0.093429 -0.086943 0.241033 0.138466 -0.002146 0.193516 -0.091921 -0.188151 0.043969 0.285251 -0.174738 -0.047914 0.081850 -0.265135 -0.211182 -0.030601 0.233061 0.065241 -0.124147 0.105301 0.225551 0.178987 0.104021 -0.145952 -0.352620 -0.064602 -0.175758 0.081705 0.092529 -0.237400 0.121612 0.190218 -0.077598 -0.179533 0.097144 0.017198 0.160830 0.126124 0.155858 0.133546 0.194919 0.016944 0.008559 0.078825 -0.191530 0.154723 -0.076732 0.063939 0.017870 0.101451 -0.045666 -0.269516 0.230064 0.287435 0.041410 -0.009740 0.097624 0.161973 -0.426526 0.127759 -0.261256 0.139847 0.136321 -0.170533 0.526186 -0.106934 -0.006681 0.267231 0.254697 -0.014235 0.088846 -0.032378 -0.203527 -0.182659 -0.019648 -0.135265 0.389815 -0.328985 0.145530 -0.098720 0.108823 0.046929 0.007789 -0.085671 -0.005668 -0.382986 -0.003604 -0.102651 -0.050549 -0.039263 -0.098837 -0.058703 -0.102258 -0.019615 -0.030702 0.049420 0.060327 -0.087438 -0.071793 0.087221 -0.074420 0.215186 0.098019 -0.169451 -0.030932 0.051188 -0.086156 -0.061227 -0.000329 0.247945 -0.154558
-0.056389 -0.165418 0.019957 -0.064319 -0.052289 -0.606250 0.190980 0.020573 -0.079354 -0.041713 -0.212093 -0.007198 0.138686 0.159037 -0.135889 -0.071621 0.091105 0.029368 -0.217261 0.128975 0.010621 0.097549 0.135586 -0.116521 -0.127758 -0.017527 0.024984 -0.119142 -0.024266 -0.051370 -0.288937 -0.469338 -0.063712 -0.105594 -0.043676 -0.011597 -0.016011 0.205987 0.010540 -0.019094 -0.201805 0.131500 -0.089245 -0.077989 -0.195322 0.084685 0.003995 0.126283 0.144949 -0.052804 -0.009583 -0.158943 -0.389291 -0.043461 0.134371 0.174167 0.005999 -0.020284 0.057325 0.127971 0.074715 0.070098 0.003523 0.058970 -0.016763 -0.135159 0.082409 -0.017584 -0.171356 -0.084400 -0.130999 -0.076548 -0.022915 -0.012138 -0.167941 0.085381 0.165523 0.004438 0.242544 0.010810 -0.110067 -0.009170 -0.004080 0.264731 -0.070605 -0.117997 0.059693 0.120317 -0.062343 -0.301735 0.003426 -0.077567 0.040416 0.188674 0.060216 0.098442 -0.329331 -0.020978 -0.017724 0.155400 -0.098780 -0.205673 -0.025443 -0.009187 0.047299 -0.109123 -0.021647 0.281525 -0.047951 0.080418 -0.329452 -0.049871 -0.219053 -0.296988 0.074505 -0.119072 -0.145660 -0.011905 -0.136123 0.045180 0.078795 0.275339 -0.011220 -0.096646 -0.142974 -0.011744 0.011113 0.103013
-0.376775 -0.136639 -0.075962 -0.131524 0.062021 -0.031320 0.141146 -0.302832 -0.155574 0.192733 0.155355 0.000998 0.187925 -0.184483 -0.053678 -0.221206 0.259516 0.168060 0.089606 0.041421 -0.251346 -0.065692 0.069520 -0.017199 -0.115892 -0.319140 0.117947 -0.150818 0.014314 -0.116532 -0.224518 -0.273540 -0.016156 0.164070 0.040547 -0.063503 -0.318524 0.100505 -0.135690 0.231437 -0.172674 0.003617 -0.152866 0.020034 -0.239540 0.156454 -0.146276 0.296999 -0.109764 0.026208 0.074450 0.055928 0.019008 0.018161 0.039361 0.198673 -0.023160 -0.110804 0.149004 0.029795 -0.414107 -0.250726 0.284364 0.308746 0.051885 -0.296279 -0.032990 0.024937 -0.008932 -0.078360 -0.318376 0.204031 -0.079414 0.172542 0.093656 -0.337773 0.093966 -0.016898 -0.160332 0.048205 -0.213206 0.298809 0.121712 0.091174 -0.151540 0.241255 -0.161578 0.301782 -0.020558 -0.167799 0.157104 -0.091802 -0.418924 0.086001 -0.225675 0.106087 -0.103788 -0.359819 -0.033955 -0.067869 0.071938 0.003666 -0.227034 -0.062691 0.059573 0.313325 0.028023 0.045680 0.229708 -0.039876 -0.196437 -0.073478 -0.028346 0.095782 -0.558682 -0.047928 -0.065017 -0.147904 -0.346471 -0.110324 -0.156797 -0.175211 -0.161714 0.058555 0.007688 0.066555 -0.029456 0.030792
0.055822 0.055969 -0.075624 -0.120695 -0.301457 -0.366470 0.138508 0.051794 -0.048969 -0.022248 -0.019357 -0.047511 0.134243 -0.096938 0.015821 -0.128661 0.245677 -0.139114 -0.113358 -0.275165 0.062157 0.155899 -0.016542 -0.009514 0.169405 0.028515 0.062215 -0.138019 -0.044556 0.103881 0.366346 -0.248805 -0.082642 0.172447 0.062635 -0.180953 -0.253139 -0.302956 0.078850 0.084099 -0.053689 0.011317 0.052371 0.004954 -0.092633 0.173672 -0.240784 0.247418 0.131154 -0.261653 -0.114125 0.080119 -0.003016 -0.124835 0.280278 0.012569 -0.020369 0.143094 0.060076 0.217122 0.258939 -0.399509 -0.088064 0.138354 -0.020765 0.105015 -0.007908 -0.005031 0.011836 -0.167291 -0.228671 -0.016353 -0.004651 -0.309525 0.178067 -0.040750 0.077411 -0.227207 -0.037415 0.063735 -0.190887 0.027278 0.094706 -0.040688 -0.124751 -0.026587 0.075162 -0.247271 0.086889 -0.062260 0.241778 -0.038565 -0.521900 0.278956 0.165905 0.144880 0.032687 0.042514 -0.077364 0.112049 -0.196288 0.086040 0.019909 -0.143561 -0.253971 -0.004361 -0.254805 0.186707 -0.036184 0.076337 -0.033668 -0.011369 -0.166404 0.148109 0.089143 -0.117471 -0.061441 -0.177674 -0.193397 -0.096623 0.061300 0.198798 -0.083614 0.025877 -0.191794 0.014751 -0.330901 0.232041
-0.234069 -0.240854 0.039641 0.319488 0.036143 -0.148159 -0.054829 0.179950 0.053584 0.045754 0.033033 -0.351352 -0.100116 0.301842 -0.234344 0.115022 0.104131 -0.033147 -0.068550 0.178906 -0.049768 0.078156 -0.112585 -0.020600 0.151391 0.358079 -0.079549 -0.279902 0.019201 -0.034099 -0.356526 -0.126724 0.023412 -0.234652 0.007591 0.068808 -0.054544 0.276903 -0.228515 -0.137472 -0.114703 0.120916 -0.116931 -0.018815 0.147822 0.157497 0.100992 -0.002520 0.201874 0.052444 -0.107925 -0.259493 -0.226851 -0.320320 0.010119 0.074789 0.041218 -0.030941 -0.024110 -0.009020 0.008567 0.177105 -0.021807 0.119160 -0.062256 -0.050144 -0.078505 -0.023387 -0.216094 0.227382 0.176144 0.069105 -0.028295 0.045696 0.013048 0.145459 0.021156 0.154330 0.005307 -0.077247 0.273839 -0.235002 -0.465888 0.033568 0.047648 -0.136470 -0.255811 0.143428 -0.102565 -0.228490 0.055020 0.010937 0.229556 0.056758 -0.082895 -0.037239 -0.104984 0.123786 0.035091 -0.011223 0.042615 -0.189565 0.064030 0.035797 0.087252 -0.078040 -0.087734 0.439428 -0.568402 -0.126657 -0.140009 -0.033988 0.017834 -0.068792 0.242888 -0.161096 0.138072 -0.028316 -0.112228 0.170073 0.044812 0.169546 0.429392 -0.061298 -0.100589 0.014218 -0.079208 -0.258248
-0.121320 0.174876 0.226705 -0.045312 -0.519244 -0.113144 -0.207444 0.134510 -0.094545 -0.259306 0.184797 -0.112998 0.019539 -0.067223 -0.085161 -0.031200 -0.033222 0.112497 0.251624 -0.211106 -0.162165 -0.167346 0.298855 0.130693 0.057705 0.012591 0.206894 -0.171001 -0.055794 -0.033163 -0.010407 -0.252479 0.172301 0.113438 -0.083725 -0.060057 -0.056875 0.205969 0.037375 0.004731 -0.042901 -0.045220 -0.035901 -0.350432 -0.015804 0.109767 0.074724 -0.326802 -0.041158 -0.255495 0.013266 -0.002382 0.064447 -0.185804 0.056065 -0.070159 -0.591686 0.067279 -0.027150 -0.239304 0.052549 0.197496 0.197822 0.025589 -0.017384 -0.305711 0.082791 -0.067579 0.195242 0.089285 0.054498 0.024802 -0.303290 0.315721 -0.011310 0.159755 0.075686 -0.028294 -0.090952 0.163350 -0.007519 0.050545 -0.160804 0.128241 -0.188888 0.000696 -0.087679 -0.004101 0.006709 0.005919 -0.154176 0.146374 0.068381 0.207669 0.107980 -0.248306 0.243079 0.245207 -0.084337 -0.069960 0.117090 -0.176588 -0.296876 -0.013340 -0.043237 -0.241054 -0.098188 0.095693 -0.204795 -0.110745 -0.077325 -0.142094 0.144855 -0.023833 0.125365 -0.003558 -0.000542 -0.160264 -0.776557 -0.243773 0.109426 -0.088149 0.027939 -0.046379 -0.078632 -0.169213 -0.430664 0.000574
0.191023 -0.165858 0.129282 -0.119771 -0.103520 -0.094142 -0.192098 -0.154915 -0.414504 -0.082457 -0.188876 0.062371 0.016138 0.003757 0.023423 0.125521 0.213827 0.329808 -0.109763 0.036712 0.014998 -0.395665 -0.139769 -0.148518 -0.336574 -0.607591 -0.589747 0.015682 -0.080807 0.052879 0.156938 0.042282 -0.084798 -0.104318 0.027782 -0.244871 -0.016565 0.163909 0.133244 0.031397 -0.068212 0.108536 0.069036 0.015312 -0.188333 0.157057 -0.088112 0.199811 -0.168997 -0.257763 -0.315667 -0.075992 -0.128193 0.026222 0.069075 0.089650 0.014553 -0.088117 -0.038310 0.102240 -0.152734 -0.159308 0.194624 -0.044603 0.022346 -0.276786 0.036846 0.073258 0.053853 0.182793 -0.012608 -0.213099 0.208802 -0.013588 -0.123173 -0.028223 -0.122616 0.010395 -0.123770 -0.189038 -0.469083 0.118560 0.193967 0.198880 -0.196961 -0.055711 0.068328 0.057621 -0.038778 -0.127752 0.222288 0.132280 -0.248354 0.041177 0.014364 0.315974 -0.028977 -0.149484 -0.035850 0.279758 -0.281870 -0.093676 -0.150313 -0.080967 -0.003160 -0.272043 0.137015 -0.048362 0.183803 0.219404 -0.110191 0.072398 -0.148207 -0.050670 -0.313490 -0.062135 -0.214475 0.018281 0.006700 0.147352 -0.007074 0.117269 -0.074738 0.066101 -0.053017 0.044611 0.076983 0.052645
0.097742 -0.079696 0.195005 0.212766 0.066312 -0.246637 0.179988 0.214541 -0.098096 -0.077723 0.129942 0.078426 0.079961 -0.173547 -0.069332 -0.174480 0.078204 0.189371 -0.057342 0.176888 -0.276512 0.092225 0.089802 -0.073674 0.243221 -0.177195 0.119290 -0.140982 0.005903 -0.074440 -0.032781 0.092857 0.135216 -0.175951 -0.208893 -0.145677 -0.059990 0.148322 0.046901 0.015040 0.007031 0.166280 0.030952 -0.041885 0.009361 0.073774 -0.424893 -0.003847 -0.247792 0.028772 -0.012415 0.088501 -0.001728 -0.148320 -0.151878 0.041366 0.014151 -0.091688 -0.118738 -0.168281 0.143751 -0.146182 -0.450625 0.029775 0.112033 -0.056253 -0.329514 0.020684 0.105622 -0.028998 -0.426564 0.199278 0.121719 0.299616 0.047557 -0.017185 0.121414 0.144567 -0.105335 0.088642 0.040341 0.227627 0.282656 0.109269 -0.116623 -0.078712 0.037960 -0.061458 -0.005264 0.218205 -0.039853 0.268095 -0.075390 -0.023405 0.147822 -0.191145 -0.169222 -0.247501 0.058095 -0.051953 -0.431355 0.006428 0.097094 -0.034865 -0.255257 -0.210709 -0.170530 -0.170114 -0.034294 0.056601 0.052039 0.006067 -0.134888 -0.080862 0.051029 0.001653 -0.031066 0.018821 -0.176840 0.065773 0.127269 -0.100902 -0.424205 -0.030431 0.067862 0.162170 0.090659 -0.208215
-0.072963 -0.169189 -0.202334 -0.033980 -0.028734 -0.108654 0.073215 -0.377133 0.100624 -0.283022 0.029568 -0.068063 0.268531 -0.011676 -0.156822 -0.037177 -0.053640 0.015411 -0.113942 0.096041 -0.120679 -0.001304 -0.043607 0.058665 -0.052571 -0.281341 0.009335 -0.178419 0.080803 -0.286696 -0.010600 -0.232209 0.019686 0.025205 -0.174406 -0.238711 -0.118410 -0.160413 0.134481 0.358194 0.058738 0.091622 -0.225638 -0.030369 -0.035813 0.067501 0.316264 0.053208 0.114458 0.024236 -0.206286 -0.006091 0.008312 0.230836 0.060308 0.042297 -0.065749 0.067741 -0.127222 0.057896 0.114494 -0.211572 0.250487 0.065479 0.078736 0.056539 -0.077647 -0.123462 -0.024057 -0.043773 0.014184 0.058840 0.002489 -0.065113 -0.101586 -0.132472 0.100877 0.140407 0.105480 -0.202028 0.013188 0.122098 0.069581 -0.037282 0.066874 -0.259896 0.248459 0.324096 -0.055044 0.194434 0.224256 0.085621 -0.107852 0.135664 -0.013079 0.009567 -0.021622 0.080609 0.069374 0.311013 -0.251925 -0.102309 -0.256874 -0.033193 -0.180800 0.062740 -0.003354 0.180594 -0.019644 -0.154229 0.158560 -0.013407 -0.109828 -0.056998 0.155855 0.054079 0.103635 -0.146482 0.056630 -0.046466 -0.458067 -0.194452 -0.175030 -0.003996 0.053638 -0.282378 0.354458 0.049670
-0.029749 -0.065387 -0.023829 0.031832 -0.288626 0.048293 0.230615 -0.220061 0.198236 -0.046913 -0.029088 0.150903 -0.151212 0.181709 0.150286 0.223142 0.168983 -0.073255 0.144637 -0.156294 0.039571 -0.100394 -0.082629 -0.103943 -0.008890 -0.051609 0.240385 0.047175 0.047056 -0.032462 -0.190581 -0.279588 0.029616 -0.195657 0.149763 -0.163301 -0.268879 -0.337280 -0.049771 0.013181 -0.057078 0.211796 -0.211916 -0.159320 -0.077089 -0.162768 0.211698 -0.055505 -0.004622 0.114036 -0.277533 -0.383952 0.341102 0.022028 0.067379 -0.065305 -0.245162 0.094548 0.053717 0.165510 -0.058967 -0.077652 -0.034378 -0.291431 -0.231625 0.179337 0.069278 -0.003096 0.046218 -0.239583 0.140692 -0.215783 0.048103 0.198163 -0.090609 -0.129291 0.065812 0.031392 -0.025751 -0.047545 -0.059488 0.076197 -0.175219 0.007473 0.019818 -0.006421 0.159792 0.166421 0.000312 -0.024220 0.031111 -0.115283 -0.017289 -0.028755 0.260662 -0.103236 -0.188738 0.035327 -0.030659 -0.084508 -0.038088 0.041419 0.152645 -0.013516 0.003340 -0.117092 -0.040222 0.152055 0.191840 -0.166460 -0.066295 0.003686 0.090030 0.058947 0.008000 -0.217703 -0.083355 -0.091743 0.056574 0.050998 -0.234723 0.093741 -0.058328 -0.044864 0.120725 -0.127511 -0.079394 -0.053992
-0.113680 0.031256 -0.135114 -0.063654 0.376136 0.054354 0.321648 -0.416539 -0.184655 0.036866 -0.148572 -0.084361 -0.169030 -0.015506 -0.073659 -0.035024 -0.037308 0.071459 -0.148343 -0.033003 0.178125 0.072186 0.156631 0.136306 0.254050 0.046127 0.005968 -0.178726 0.090221 0.238224 -0.093579 -0.386811 0.207208 -0.359662 0.138177 -0.279123 -0.111806 -0.371387 0.087545 0.165534 -0.096964 -0.131553 -0.182596 0.034797 0.036461 0.066091 0.503607 0.212948 -0.342364 0.025700 -0.063435 0.253843 -0.003894 0.008745 -0.052407 0.333175 0.209485 -0.040406 0.057677 0.026387 0.264303 0.230135 0.238445 0.094423 0.143499 0.160967 0.137484 0.017523 0.139823 -0.254912 0.038761 -0.165599 -0.070892 -0.033833 0.233224 -0.152601 -0.232564 0.146350 0.085743 -0.464114 0.173344 0.072216 -0.066308 0.169912 0.244457 -0.192320 -0.157959 -0.087124 -0.056008 -0.033428 0.085449 -0.304228 0.060708 -0.033746 -0.014211 0.218241 0.011491 -0.123848 -0.085655 0.519677 0.183725 0.017055 0.031822 -0.049710 0.347008 -0.041870 0.214943 0.040910 0.084036 0.088941 -0.312399 -0.065387 -0.171326 -0.010312 0.140058 -0.005141 -0.257854 0.235531 -0.006317 0.023240 -0.293010 0.566516 -0.320644 0.011479 -0.013403 -0.100563 0.291532 0.106441
-0.057111 -0.030042 -0.412539 0.207309 -0.134260 -0.062115 -0.351322 -0.145186 -0.022490 0.292943 0.182646 0.042267 -0.004882 -0.128196 -0.009160 -0.208372 0.244904 -0.071937 -0.009999 0.019705 -0.006102 -0.141029 -0.158183 0.119819 -0.289375 -0.217441 0.146683 0.059975 0.055330 -0.086333 -0.308776 -0.422119 0.021964 0.137448 0.043803 -0.213508 -0.004371 -0.031276 0.011551 -0.019741 -0.157718 -0.257086 -0.277594 -0.038485 -0.086021 0.109383 -0.036279 0.465169 -0.105092 0.184281 -0.128370 0.114652 0.432923 -0.066821 -0.176420 -0.145053 -0.413090 -0.191118 -0.355064 0.067048 -0.109138 -0.246270 -0.031810 0.280754 -0.003287 0.015193 -0.051059 -0.032774 -0.111110 0.154643 0.177582 0.079464 -0.058669 0.015801 -0.389888 -0.062194 0.095690 0.095831 0.178390 0.017134 -0.152141 0.138613 0.061663 -0.145588 -0.279089 0.066662 -0.124861 0.137670 -0.045637 -0.147118 -0.145325 0.010121 -0.315670 -0.046350 -0.270967 0.119593 -0.083581 -0.386220 -0.013867 0.060428 -0.009056 -0.309678 0.283199 0.022631 -0.021810 0.143187 -0.136524 -0.024373 0.154574 0.090597 -0.420198 -0.020087 -0.006268 0.032329 -0.025365 0.032098 -0.195700 -0.202175 -0.139536 -0.243920 -0.072357 0.173075 -0.411004 0.022267 0.019389 0.186894 -0.036701 0.070386
-0.027889 0.105147 0.055104 0.100094 -0.308351 -0.055046 -0.204654 0.091250 0.162314 0.008917 0.023327 -0.160953 0.130947 0.128110 0.352919 0.057071 -0.141134 0.047059 -0.186652 0.148423 0.233986 -0.012066 -0.298120 -0.048556 -0.009771 0.138864 -0.087654 -0.033529 0.038251 -0.232934 -0.192119 -0.011485 -0.169927 0.241610 0.049241 -0.020567 0.107657 0.258241 -0.030845 0.073081 0.132916 -0.059043 -0.074557 0.003932 -0.027848 0.106871 0.209821 0.144272 -0.052665 -0.029110 -0.010991 0.057977 0.152963 -0.194948 -0.001931 0.222334 -0.103893 -0.120825 -0.500193 -0.142512 -0.114550 0.062113 0.033523 0.006021 -0.117866 -0.015823 0.200824 -0.094077 -0.239773 0.190686 0.068540 0.028869 -0.365917 -0.751259 -0.306622 0.173885 0.078425 0.037429 -0.031050 0.021911 -0.031579 0.193795 0.109339 0.183510 -0.133464 -0.058005 -0.084434 0.301803 -0.075774 0.042249 0.207691 -0.086861 0.057273 -0.074061 0.175073 0.035121 0.035024 0.080632 -0.108253 -0.013503 -0.116903 0.056932 0.019688 -0.105296 -0.248736 0.025416 0.053121 -0.094172 -0.500315 -0.356402 -0.106154 -0.009272 -0.001220 -0.150382 0.021270 0.195618 0.035253 -0.012035 -0.262635 0.017728 -0.089937 0.197261 -0.029069 -0.019902 -0.015502 0.124111 -0.085764 -0.197016
-0.102849 -0.040045 -0.109841 0.402916 -0.008636 -0.165612 0.094314 0.143242 0.335959 0.259541 -0.160693 0.153947 -0.052271 -0.144074 0.093115 -0.014162 -0.011099 0.040274 0.382782 0.023204 0.023349 0.453500 -0.003737 0.201795 -0.222497 0.234438 -0.243351 0.191144 0.008863 -0.280918 0.049693 -0.045688 0.206873 0.105748 0.021700 -0.104634 -0.067654 -0.081962 -0.203886 -0.206903 -0.008624 0.133855 -0.171406 -0.027910 0.082327 -0.069811 0.164938 0.236267 -0.097051 -0.256710 -0.051914 0.288175 0.076266 0.133211 0.271975 -0.040998 -0.268650 0.056350 -0.037604 0.307642 -0.261417 0.110220 0.482078 -0.012368 0.291996 -0.008825 -0.205548 -0.030749 0.208270 0.256952 0.050653 -0.028375 0.371042 -0.190976 -0.325748 -0.032613 0.332803 0.070353 0.183238 -0.045932 0.010123 0.188366 0.179123 -0.077677 0.081234 0.046540 0.048127 0.251992 -0.023226 -0.197249 0.063969 0.035936 -0.019976 -0.142687 -0.009053 -0.575167 0.069777 -0.375330 -0.072826 0.265917 -0.166969 -0.147566 -0.055834 0.012107 0.089678 -0.133562 -0.114086 0.271930 -0.115761 0.066957 -0.049697 0.012247 -0.075320 0.157747 0.181813 -0.015466 -0.102301 -0.090697 0.199218 0.327964 -0.212463 0.099187 -0.063157 -0.056015 -0.025273 0.137567 0.097174 -0.115167
-0.204238 0.038967 0.215889 -0.269224 0.256469 -0.102046 0.219362 -0.208458 -0.076241 -0.019122 -0.087566 -0.052741 -0.176206 0.037528 -0.109687 -0.034578 0.047945 -0.050058 -0.183830 0.007948 -0.035202 0.055931 0.020308 0.313576 -0.015262 -0.005344 -0.098360 -0.036745 0.053232 0.143207 -0.203938 -0.129957 -0.003345 -0.183868 0.035927 0.033413 -0.040753 -0.219079 -0.161588 0.100301 0.025696 -0.013980 0.001990 0.136782 -0.371624 -0.304237 0.004757 0.089194 -0.329525 0.114537 0.033178 0.352009 -0.160659 0.014816 0.041961 -0.050856 0.160525 0.060999 -0.022823 -0.070594 -0.159578 0.039503 0.199228 -0.218312 0.042799 -0.232916 -0.155288 0.044754 0.172555 -0.044933 -0.057130 0.064044 -0.126693 -0.360816 0.074951 -0.053808 -0.149041 -0.359056 0.084840 0.047814 0.068612 0.021942 -0.031091 -0.077789 0.026190 0.296974 -0.052825 -0.008363 -0.024771 -0.277459 0.008257 -0.105166 0.124006 -0.079929 -0.092716 -0.047933 -0.246171 -0.201900 -0.026101 0.068245 -0.242539 -0.090991 -0.153335 0.018001 0.138821 -0.123241 0.011909 0.094199 0.061167 -0.032067 0.277474 -0.008406 -0.083233 0.174286 -0.095360 0.044803 -0.064726 0.031930 0.051361 0.280275 0.031534 0.024795 0.143298 0.087993 -0.012416 0.237025 0.057527 0.047220
-0.252647 0.130554 -0.420860 -0.057196 -0.180442 -0.151731 -0.042924 0.123419 0.089739 0.308631 0.119653 -0.013765 -0.025096 0.005528 0.084632 -0.324194 -0.035537 -0.127106 -0.122616 0.272993 -0.110312 -0.116261 0.003288 -0.140024 -0.196127 -0.202445 0.134673 -0.273137 0.068171 -0.353177 -0.078552 -0.231140 -0.185888 0.089610 0.022104 -0.045380 -0.146734 -0.071344 -0.060162 0.163713 -0.014920 -0.031792 -0.207113 -0.331427 0.004942 -0.043110 -0.131640 -0.063086 -0.023670 0.035110 -0.080960 0.073618 0.157897 -0.016022 0.028194 -0.213561 0.045375 -0.195876 -0.054684 -0.335907 -0.045998 -0.134709 0.027657 0.180858 0.180607 -0.041563 -0.170007 -0.043158 -0.082314 0.277430 -0.527153 0.035330 0.019100 0.043226 0.175859 -0.044413 -0.227333 -0.005096 -0.360581 0.080104 -0.044037 0.170141 -0.063827 0.021454 -0.043831 -0.230315 -0.108116 0.064008 -0.088054 0.153338 0.037723 -0.004708 -0.406436 -0.018984 -0.132561 -0.083613 -0.008320 -0.052051 -0.059778 0.057978 0.078306 0.099382 -0.140579 -0.097047 -0.222102 0.050425 -0.053427 -0.026513 -0.068947 -0.168581 -0.273810 0.069496 0.001996 -0.167164 -0.180491 0.094931 -0.160956 0.074677 -0.119286 -0.475629 0.142635 -0.189514 -0.212980 0.055060 -0.066530 0.012980 -0.094741 -0.064186
-0.110698 -0.156209 0.128069 -0.009565 -0.192044 0.039542 0.165904 -0.020985 -0.199415 0.039896 0.068529 0.034436 0.073086 0.287233 -0.070178 0.021963 0.069650 -0.016922 -0.215313 0.194251 -0.115055 -0.042703 0.109925 -0.054826 0.122187 -0.071165 0.106616 0.037509 -0.167543 -0.035065 0.069412 -0.181099 0.238170 0.113881 0.061710 0.079080 -0.161963 -0.129797 0.127455 0.286183 -0.050329 -0.000861 0.232763 0.039145 -0.190254 0.006992 -0.322549 -0.014241 -0.083087 0.030512 0.176876 -0.007637 -0.030960 -0.285868 0.046074 -0.287835 -0.177454 0.064675 0.083705 0.146966 -0.086844 -0.180762 -0.158199 -0.255170 0.232998 0.054131 -0.106834 -0.041045 0.149507 0.073185 0.135518 -0.016855 -0.190809 -0.025170 0.197347 -0.150941 0.054206 0.047045 0.292712 0.134614 -0.001561 0.029472 -0.073251 -0.230251 0.020286 -0.381453 -0.064413 -0.071088 0.010101 0.082906 0.048539 0.015081 -0.132087 -0.026795 -0.081891 0.119957 -0.097151 -0.009412 0.021168 0.265068 -0.133480 0.087008 0.000129 -0.011804 -0.048607 -0.033908 0.183943 0.193505 0.177472 0.212345 -0.210489 0.067286 0.179136 -0.039593 0.192597 -0.142654 -0.172865 -0.238918 0.376662 0.013294 -0.019650 0.125349 0.098376 0.029457 -0.057985 0.028855 0.072587 0.234586
-0.010571 -0.334753 0.066983 0.030800 0.136380 0.086326 0.127403 -0.040324 -0.033964 0.083464 -0.244187 0.115468 0.051624 -0.184143 -0.090419 -0.045695 0.168459 0.003940 -0.106363 0.124084 -0.055539 -0.333188 -0.004827 0.083165 -0.155802 -0.033138 0.024795 0.013069 -0.054371 -0.107324 0.020235 -0.051601 -0.051943 -0.115449 0.005535 0.164302 -0.110258 -0.002607 -0.080936 0.339328 0.013746 -0.072176 -0.024465 -0.058741 -0.235875 -0.141128 -0.593760 0.087417 -0.444137 -0.057006 0.106574 -0.335297 -0.112780 -0.008579 -0.224189 -0.214879 -0.195643 -0.133381 -0.109694 -0.112319 -0.083839 0.140070 -0.001873 -0.194092 0.073754 -0.244674 -0.263586 0.011573 0.081745 -0.124410 -0.083349 -0.225002 0.280829 -0.142470 0.101337 -0.070354 -0.233132 0.031550 -0.079664 0.012199 -0.106875 0.100649 0.163191 -0.102235 -0.575041 0.014833 0.079390 0.136827 0.047069 -0.096820 -0.223725 -0.148042 0.006918 -0.305025 -0.103271 0.048353 -0.093500 -0.051897 -0.051301 0.001535 -0.092986 -0.028955 -0.035119 -0.000647 -0.343753 -0.025984 0.117280 0.195546 0.005779 -0.186897 -0.008010 -0.047282 0.082088 0.176755 -0.021584 0.080908 0.038422 -0.431384 -0.132544 0.096416 0.230829 -0.024366 -0.236815 0.031266 -0.075870 -0.069102 -0.103904 -0.354647
-0.309550 0.030866 -0.361460 -0.326199 0.056506 0.051278 -0.028295 0.016259 -0.018649 -0.027919 -0.014482 -0.164942 -0.003976 0.105696 0.249936 0.128116 -0.055377 0.148716 -0.232163 -0.279849 0.192261 -0.038357 -0.027317 0.517588 -0.011358 0.018985 0.073370 -0.255215 -0.148308 0.095054 -0.043901 -0.078789 -0.167695 0.302308 -0.050403 0.011621 0.098557 0.190143 0.073432 0.037545 0.116001 0.110768 0.084216 0.268307 0.024349 -0.158983 0.075711 0.137958 -0.164222 0.375464 -0.018662 0.159351 -0.208768 0.011319 0.086102 0.151121 0.182159 0.004669 0.109103 -0.157400 -0.014239 -0.072645 0.017641 -0.130927 0.272839 -0.026801 0.042526 0.003076 -0.090229 0.027547 -0.025041 0.011440 0.163922 0.134077 0.046025 -0.102447 -0.082740 0.174732 -0.006068 0.018703 0.072408 0.154296 -0.055181 0.001792 0.133968 0.304363 -0.167042 -0.073562 -0.063294 -0.024493 0.121503 0.000848 0.171039 -0.009546 -0.117890 0.080490 -0.028037 0.076064 -0.062833 0.010673 -0.142067 0.032086 -0.039293 -0.036431 -0.158553 -0.050504 0.120499 0.337596 -0.024647 -0.016652 0.224298 0.016460 -0.185370 0.151912 0.066229 -0.144959 -0.004723 0.075903 0.210577 -0.042995 -0.025903 0.051961 0.287322 0.020808 0.019775 -0.336415 -0.051584 0.409854
0.185125 0.080311 -0.033191 -0.081720 0.202596 0.164827 0.047206 -0.037353 -0.223639 0.252714 -0.090915 0.136582 0.092038 0.180549 -0.146711 -0.000221 0.109309 -0.034839 -0.099204 0.078683 0.059133 0.289280 0.207098 0.022970 0.209344 0.069324 0.233057 0.066310 -0.030350 0.107346 0.105457 0.147119 0.115133 0.008802 -0.232000 0.072800 0.038303 0.074066 -0.021911 -0.169477 -0.038690 -0.100284 0.113423 -0.293448 -0.213341 -0.185010 0.068116 0.171033 0.040094 -0.066422 -0.021831 -0.029628 -0.204909 0.024213 0.118143 0.205993 -0.020531 0.204405 0.066186 0.122418 -0.074060 0.111530 0.265363 0.183139 0.090828 -0.107064 0.005975 -0.010285 -0.079440 0.114589 0.002662 -0.056088 -0.103482 0.071006 0.213469 0.201189 0.461155 -0.165634 -0.050150 0.049389 0.087029 0.121387 0.169204 -0.051840 0.030982 0.262517 0.155287 0.050773 -0.059329 0.120211 -0.012866 -0.048685 0.177044 0.066056 -0.100353 -0.119425 0.198803 -0.164943 -0.059498 0.046226 -0.073608 0.115980 -0.162754 -0.048594 0.215574 -0.159405 0.081545 0.297239 0.201495 0.015193 0.211607 -0.016669 0.093680 -0.032568 -0.218193 -0.036563 -0.096599 -0.069163 -0.239942 0.090167 0.195941 0.128549 0.113716 -0.031160 -0.082154 -0.211873 -0.048337 -0.216871
0.136449 -0.031871 -0.068304 -0.123604 0.062833 0.123757 -0.050223 -0.293343 0.190499 -0.034911 0.043440 0.068117 0.154308 -0.062604 0.178403 0.004664 0.207625 0.341518 -0.245651 0.014305 -0.349100 -0.314563 0.047024 0.162211 -0.107652 0.009046 -0.057934 -0.319911 -0.000216 -0.091245 -0.121324 0.336566 0.163112 -0.024394 -0.113440 -0.089389 -0.211860 0.099406 0.136925 0.130827 -0.131380 -0.058714 -0.095426 -0.012911 0.044325 0.189253 -0.103782 0.073101 0.132273 -0.054161 0.083476 -0.193099 0.075592 0.289343 0.144787 0.125412 -0.348453 -0.031490 0.118180 -0.366471 -0.094501 0.011253 0.063161 -0.037521 -0.064238 0.112502 -0.034793 0.041169 -0.160974 -0.022478 -0.204183 -0.162238 0.025773 0.242133 -0.112684 0.007520 0.168881 -0.094422 -0.024806 -0.010217 0.041384 -0.005421 -0.000634 0.072194 0.011193 -0.428701 -0.125861 -0.008502 -0.118140 -0.165107 0.072301 -0.427997 -0.070090 0.113305 0.332600 0.022620 -0.029408 0.002227 0.038381 -0.128425 -0.040517 -0.275421 -0.027578 -0.109872 -0.293659 0.026428 -0.133943 -0.121805 -0.296696 -0.128355 0.057447 0.017009 0.051195 0.033868 0.079714 0.117597 -0.007814 -0.092072 0.173117 -0.131277 -0.131436 0.127498 -0.042364 -0.087686 -0.023017 -0.122788 0.004033 0.073009
0.073770 -0.078624 -0.179377 -0.198001 0.083069 0.047826 -0.186436 -0.038065 -0.127864 0.202212 0.088181 0.165280 -0.096020 0.138261 0.120214 -0.337790 0.224202 -0.062590 0.108915 -0.239554 0.014606 -0.193507 0.015376 0.156341 0.080377 -0.089597 0.201603 -0.264702 -0.011173 -0.208040 -0.363902 0.207831 -0.069257 -0.029169 -0.121267 -0.200431 -0.172508 0.081939 0.024387 -0.024283 -0.277579 -0.017971 -0.058372 -0.041541 0.072189 -0.196122 -0.149914 0.081054 0.032673 0.134053 0.056098 -0.296270 -0.106689 -0.119399 0.108545 0.217536 -0.059060 0.070830 0.157774 -0.141781 0.266027 0.008767 0.261498 -0.058106 0.071023 0.039060 -0.161768 -0.159135 -0.193949 0.358185 0.172882 0.147452 0.094135 0.461120 0.047126 0.075761 0.099352 -0.068305 -0.119810 -0.122173 0.149460 0.147129 -0.217536 0.030668 0.213773 0.308249 -0.298102 0.088283 -0.003015 -0.052516 0.127624 0.059242 0.075166 0.099483 -0.165348 0.111815 0.056315 0.104249 -0.019386 0.018664 -0.029050 -0.293594 -0.106510 -0.020621 -0.003955 -0.088741 0.145278 0.182404 0.092441 -0.126079 0.207315 -0.034159 0.116671 -0.227133 -0.183937 0.021245 0.016755 -0.167743 0.025944 -0.029757 0.113878 0.246156 0.063802 -0.092788 0.097110 -0.338869 -0.015092 0.246945
0.061352 -0.125027 -0.282433 -0.037716 0.146617 -0.172900 0.110432 -0.088608 0.041265 -0.003281 0.047024 0.143506 0.180239 -0.446671 -0.196097 -0.202175 0.294384 0.170069 0.215508 -0.250833 0.225874 -0.091961 0.064019 0.209238 -0.099833 0.031384 -0.305540 -0.292575 0.021777 0.058054 0.376885 0.243884 -0.259580 0.044324 0.002404 -0.370320 -0.073886 -0.584892 0.093684 -0.078763 -0.078249 0.110476 0.051317 -0.002657 0.193681 0.002466 -0.061620 -0.116064 0.232584 -0.016512 0.086947 0.274795 -0.133877 0.031055 0.045605 0.032516 0.050389 0.194129 -0.088024 0.150265 -0.005025 0.123585 -0.135295 0.357311 -0.185006 -0.254557 0.040794 -0.017310 0.079547 0.078476 -0.151510 0.179055 -0.228832 0.145223 0.126092 0.034895 -0.111675 0.142773 -0.070576 0.020784 -0.133582 -0.173143 -0.061826 -0.041684 -0.194148 0.296951 0.070853 0.111633 -0.007732 0.249071 -0.046387 0.351112 0.040832 -0.037013 -0.201625 0.287172 -0.050909 -0.004899 -0.101494 0.086220 -0.132501 -0.024177 -0.088585 -0.125442 -0.034529 0.042178 0.124637 0.095197 0.271750 -0.059282 0.095861 -0.020290 0.003715 -0.206648 0.007055 0.196962 -0.031591 0.055757 0.206387 -0.104389 -0.194656 -0.285628 -0.223813 -0.049015 -0.000193 0.003270 0.289243 0.016239
-0.138741 0.139755 -0.206374 -0.130645 0.063384 -0.026490 0.050071 -0.217107 -0.159690 0.032377 0.112102 0.136866 -0.015837 0.041810 0.171606 0.211037 0.160389 0.120450 0.318992 -0.409485 -0.035787 0.006840 -0.052387 -0.064273 0.208217 0.321581 0.195394 0.070227 -0.055206 -0.036626 -0.321541 -0.202507 -0.074682 -0.071998 -0.154406 -0.273083 -0.091885 0.032579 -0.173340 -0.296048 0.003387 0.044691 0.021573 -0.073298 0.377956 0.164302 -0.101637 0.122964 0.067386 -0.150502 0.078040 -0.295487 0.113230 0.107470 -0.015874 -0.143148 -0.297038 0.236362 -0.052332 -0.113632 -0.101947 -0.050749 0.136551 0.068448 0.517273 0.037617 -0.001793 -0.091934 -0.091197 -0.018934 -0.079692 0.128504 0.074654 0.110622 -0.196731 -0.054691 0.075438 -0.020762 -0.015045 -0.107320 -0.050846 0.155050 -0.181456 0.133386 -0.072658 0.163918 -0.157148 0.088889 -0.016983 -0.114779 0.373419 0.001295 -0.049786 -0.044584 -0.055896 0.219544 0.296469 -0.213427 -0.065128 0.070171 -0.154309 -0.092151 -0.114802 -0.042771 0.034386 -0.018544 0.015995 0.259453 -0.079649 0.073350 0.060801 0.019617 -0.316110 0.042742 -0.099341 -0.195686 0.072911 0.079280 -0.025067 0.021365 0.167513 0.138999 -0.007094 -0.039529 -0.098593 -0.146939 0.153286 0.074856
-0.023348 -0.025342 -0.056808 0.289140 -0.320998 0.128099 -0.106038 0.236654 -0.236024 -0.183209 0.025005 0.024920 -0.066903 0.078310 0.221061 0.169741 0.049374 -0.288531 0.118532 0.155203 0.027940 -0.037565 0.026748 -0.077423 -0.102967 0.047849 -0.038899 0.036025 -0.088116 -0.147219 0.074107 -0.170116 -0.197145 -0.065033 0.011010 0.033892 0.023357 0.006992 -0.369450 -0.162739 -0.043128 0.101268 0.164160 0.008419 -0.278502 0.364502 -0.227873 0.053477 -0.189642 -0.139739 -0.164025 -0.054593 0.094153 -0.065238 -0.077318 -0.180104 0.032785 0.070344 0.071142 0.002457 -0.094566 -0.080914 -0.182269 -0.004223 -0.292154 -0.072615 0.217709 0.010096 0.248819 -0.108098 -0.141029 0.145552 -0.011435 0.268514 -0.122373 -0.082107 -0.008800 -0.009124 0.020280 -0.157150 -0.128589 -0.235993 -0.094755 0.031964 0.206847 -0.092064 -0.006437 0.038301 -0.035977 0.008481 0.106833 0.329591 0.054678 0.169611 0.022200 0.212375 -0.112065 0.120460 -0.090634 -0.048732 0.058621 -0.003440 0.106776 -0.070101 -0.082250 -0.092333 -0.227143 0.083519 0.023678 0.056710 -0.109149 -0.108122 -0.059668 -0.055107 0.126526 0.020682 -0.348643 0.073168 0.131374 -0.044509 0.133446 0.125086 0.102283 -0.008478 0.040750 0.083851 0.017399 0.203957
0.031689 -0.106182 -0.102522 0.004660 -0.172543 0.013697 -0.103641 0.274484 0.155683 -0.226227 0.049806 -0.050175 -0.187784 -0.047397 0.139917 0.191695 -0.148444 -0.098791 0.211371 -0.213536 0.047214 0.063848 0.330960 0.107106 0.098859 0.149016 0.102064 -0.048449 0.030260 0.044318 0.200346 -0.062189 0.020000 -0.222831 0.001254 -0.292244 -0.278553 -0.275930 0.015492 0.142457 -0.054801 -0.046719 0.044090 0.072142 0.168360 0.054361 -0.141148 -0.138489 0.191349 -0.043791 0.047263 -0.001813 -0.108559 0.221667 0.332172 0.081534 0.006036 0.190639 -0.094281 0.193664 -0.048182 0.067501 0.129518 0.058383 0.104190 0.171849 -0.137310 -0.046366 -0.133470 -0.004729 -0.029116 0.127371 0.008129 0.047157 -0.096057 -0.236033 -0.109480 0.041388 -0.231617 -0.035200 0.034416 -0.017303 -0.453087 -0.025000 0.175951 0.212418 0.065127 -0.238395 0.027440 0.165498 0.223749 0.159481 0.092621 0.091377 -0.020478 -0.235170 -0.263926 0.043234 -0.088774 -0.117372 -0.155916 -0.060272 -0.025261 0.013328 0.136631 -0.055067 -0.297601 0.169621 0.066044 0.168834 0.110729 -0.045772 -0.201407 -0.178800 0.114863 -0.143644 0.088494 -0.042036 0.038694 -0.140543 0.012976 -0.220764 -0.083497 -0.015768 -0.160889 0.042089 -0.683785 -0.037672
0.068013 0.080145 0.269146 -0.104155 -0.073037 -0.095850 0.078346 -0.181235 0.185367 -0.077656 -0.044266 -0.223852 0.155722 -0.023952 0.018782 0.072817 -0.061763 -0.069103 -0.037428 0.039877 -0.128678 0.232987 -0.028544 -0.060136 0.069764 0.106851 -0.228894 -0.156030 -0.030954 0.123160 0.051494 -0.104685 0.158258 0.116821 -0.044340 -0.333553 -0.156076 0.007351 0.005515 -0.030420 0.074138 0.028917 -0.034137 0.001946 0.097172 0.131242 -0.002777 -0.215317 -0.101820 -0.139015 -0.100094 -0.095812 0.099723 0.138222 -0.023167 -0.029624 0.230586 0.189973 -0.229714 -0.275807 0.110047 0.039444 0.251814 0.255589 -0.002691 0.134800 -0.152396 -0.099993 0.005958 0.064143 -0.117439 -0.054695 0.318904 0.034753 0.149122 0.084538 0.065657 0.148906 -0.081226 -0.260026 0.152856 0.047548 -0.049331 0.217978 -0.041292 -0.011052 -0.263043 0.000814 -0.065213 0.086854 0.064874 -0.131633 0.224489 -0.088406 0.262989 -0.025038 0.271468 0.089870 -0.083729 -0.086985 -0.081610 0.192871 0.037096 -0.075851 -0.128432 0.005580 0.107755 0.202327 -0.112195 0.364654 0.040271 -0.103016 -0.133269 -0.150803 0.319161 -0.007242 0.010088 0.091574 -0.080124 0.134308 0.161006 -0.134672 0.084410 -0.005614 -0.112710 0.011501 0.159724 -0.232096
0.149655 0.042654 0.156272 -0.038477 0.127815 -0.134215 -0.255737 0.154511 0.116487 -0.372718 -0.026137 -0.089784 -0.187613 -0.058371 0.188717 0.004537 0.118511 0.075738 -0.125634 -0.209435 0.078679 0.189373 0.162772 0.106847 0.088528 -0.010391 0.054823 0.038627 -0.070239 0.137760 -0.008489 -0.106594 0.037545 0.190833 -0.045702 0.028615 0.161736 -0.094768 0.103520 -0.263472 -0.011989 -0.146356 -0.120292 0.129539 -0.039566 -0.041204 0.194748 -0.033154 0.020232 0.053472 0.032480 0.129121 -0.059723 -0.048139 -0.081941 0.086844 0.062198 0.102162 -0.071093 -0.010917 0.055369 0.021675 -0.171786 -0.000334 -0.127722 0.131737 -0.078106 -0.002101 -0.013512 -0.153405 -0.143113 0.097685 0.266445 0.166369 -0.088948 0.039377 -0.042645 -0.113304 0.147859 -0.155572 -0.246661 -0.067595 -0.134175 0.066921 0.177922 0.314181 0.207813 0.079689 -0.059179 0.106276 -0.075888 0.228808 0.112592 0.079431 -0.043590 -0.255624 -0.316980 -0.095116 -0.045405 -0.057460 0.324593 0.124550 -0.132998 -0.115882 -0.071693 -0.067412 0.198771 0.029900 0.176951 -0.187678 0.149050 0.030902 -0.073811 0.069639 -0.036173 0.101664 0.312489 -0.253767 -0.131783 -0.096600 0.027402 -0.264375 0.080251 -0.013008 -0.035140 -0.091642 -0.533712 0.002174
0.068663 0.054337 -0.075422 -0.243289 0.072051 0.376345 0.156563 0.122702 0.158307 0.115056 -0.038790 0.201577 -0.285805 0.169119 0.068609 -0.002450 0.103369 0.029447 -0.016280 0.035193 -0.214191 -0.209093 0.081272 -0.347965 -0.373333 0.033960 0.033044 0.107916 -0.063502 0.030054 -0.034731 0.163664 0.157094 0.051448 0.024314 0.344109 0.144949 0.141510 0.083256 -0.045288 0.214742 -0.176218 0.221748 0.003838 -0.154828 -0.120648 -0.253346 -0.348742 -0.036893 0.168620 0.339212 0.055834 0.185559 -0.181062 0.107862 0.240539 -0.020404 -0.139220 -0.114462 -0.318112 -0.112165 0.088000 0.022364 -0.317969 -0.233330 -0.007301 -0.093711 0.009814 -0.352895 0.287443 0.248583 -0.078175 0.049060 0.048904 -0.319549 0.175670 -0.107807 0.252468 -0.033221 0.139627 0.252215 0.099685 0.031857 -0.088359 -0.041342 0.046181 0.084489 0.007489 -0.093310 0.044606 -0.585963 -0.226797 0.206155 -0.360080 0.011057 -0.289681 -0.139681 0.262826 0.007381 -0.166167 0.151352 0.021308 0.013364 0.082217 0.008026 -0.111241 0.065619 -0.458955 0.183091 0.059423 -0.061299 0.008729 -0.203363 -0.065969 0.092553 0.206942 -0.082035 0.283450 0.277921 0.152828 0.214094 -0.590869 0.197619 -0.113754 0.021361 0.049548 0.065201 -0.086843
0.238840 -0.072118 -0.098222 0.058455 -0.020348 -0.012864 0.141044 0.154905 0.407193 -0.070024 -0.352739 0.029301 0.249974 -0.080467 -0.084297 0.048964 0.249565 0.221961 -0.047368 0.193572 0.234769 0.241182 -0.056045 -0.051634 -0.034018 0.041923 0.019368 0.073244 0.025719 0.074166 0.118381 -0.111324 0.215080 0.142215 -0.131345 -0.056030 0.215921 0.246107 -0.126039 0.099617 0.183819 -0.262910 -0.060477 -0.075623 -0.046318 0.113198 0.272166 -0.059093 -0.106344 0.163436 0.141119 0.153464 -0.066943 -0.139212 0.050869 0.212670 0.109190 -0.045570 -0.176040 -0.003239 -0.037524 0.033492 0.434503 0.045561 -0.204585 0.085484 0.079176 0.095101 -0.112836 0.259017 -0.103819 0.141177 -0.187721 -0.325921 0.095128 -0.295997 0.279570 0.257139 0.202965 -0.151283 -0.008841 -0.162308 -0.171559 -0.112283 -0.064527 0.238022 -0.104711 0.082297 -0.014072 -0.358626 -0.011407 -0.108618 0.198519 -0.231626 -0.131434 0.010291 -0.194352 0.115471 -0.080899 -0.139506 0.102307 0.138838 0.238228 -0.010716 0.285750 -0.037242 -0.055131 -0.128956 -0.002699 -0.197157 0.189626 0.008011 0.045171 -0.026791 0.140727 0.044102 0.280516 0.299151 0.506527 0.043897 -0.105583 -0.377918 0.089952 -0.016673 0.027298 0.076256 -0.062046 -0.328234
-0.086994 0.180161 -0.152115 0.063629 -0.129272 0.006057 0.010637 0.227512 0.100069 -0.061906 0.007271 0.162432 -0.015776 -0.089586 0.224741 0.123007 0.004919 -0.136073 0.248978 -0.125074 -0.040950 0.051178 0.069608 -0.148253 0.083087 0.087512 -0.036638 -0.248113 0.029256 0.019039 0.176419 -0.199790 -0.018884 0.061087 0.060093 -0.071876 -0.187786 -0.036397 -0.079053 -0.165000 -0.067902 -0.186873 -0.132240 -0.154956 0.027347 0.143581 0.029920 0.093161 -0.289437 -0.125854 -0.107659 0.163237 0.114515 0.033662 0.216704 -0.044561 0.118030 0.275846 -0.059061 0.214469 0.173143 -0.303251 -0.039790 -0.203398 0.056237 0.244651 0.143338 -0.064611 0.211263 -0.531593 -0.142273 0.200291 -0.141469 -0.013198 -0.346480 -0.417155 0.118791 -0.079047 -0.237341 -0.105330 -0.121339 -0.241758 -0.146633 0.227584 0.079357 0.010450 0.020356 0.193465 -0.086151 0.177152 0.141527 0.105388 -0.147482 0.218832 0.188412 0.058943 -0.022336 -0.076760 0.036981 -0.031111 -0.379778 0.055709 0.062864 -0.051667 0.167951 0.140300 0.086464 0.207516 0.246290 0.016961 0.401939 -0.037741 0.061148 0.078659 -0.012620 0.140328 0.008295 -0.111402 -0.024679 0.175186 0.074635 -0.019619 -0.037165 -0.113774 0.053672 0.014739 -0.304144 0.080378
0.029897 0.064283 -0.111419 0.172408 -0.121427 0.055788 0.055676 0.141380 0.034919 0.232441 -0.040979 -0.070108 0.017184 0.051223 -0.034659 0.061418 0.180777 -0.126957 -0.106107 0.101857 0.348266 -0.162633 0.142110 0.011373 0.106914 0.163195 0.066778 -0.043362 -0.034017 -0.016366 0.005427 -0.160545 -0.002164 0.285832 0.178884 0.146509 0.113999 0.046082 -0.190959 0.064938 -0.104466 -0.030107 0.256082 -0.199888 -0.355707 0.014227 -0.208586 0.107063 -0.143463 -0.101253 -0.028625 -0.132158 -0.065188 -0.351189 0.064101 -0.122026 0.154125 -0.018413 -0.015299 -0.159183 0.309825 0.016114 -0.083813 -0.230415 -0.091007 0.145707 0.177310 -0.010341 0.103914 -0.108625 -0.055816 0.145803 -0.240336 -0.052897 -0.068467 -0.110700 0.271502 0.238963 0.043431 0.031510 0.029655 -0.120027 -0.092577 0.279158 0.300549 -0.042131 0.148089 0.204218 -0.021230 0.035766 0.277371 0.280556 -0.000284 -0.198145 0.028081 0.134761 0.059380 0.358783 0.035028 -0.043586 0.201714 0.334166 0.141551 -0.103186 0.023069 -0.025758 -0.138565 0.047208 -0.142792 -0.309751 -0.005488 -0.067169 0.001753 0.036099 0.236446 -0.270661 -0.139963 0.204320 0.296292 0.164739 0.212650 -0.017961 -0.168499 -0.034411 -0.022538 0.155632 -0.096039 0.235023
-0.058859 -0.171591 0.148574 -0.058643 0.134449 0.020172 0.086268 0.148119 -0.202859 -0.056508 -0.110235 -0.132937 0.150365 -0.066847 -0.050346 0.074576 -0.238889 -0.158973 -0.141910 -0.103726 0.057904 0.035044 0.135187 -0.128444 0.117799 0.101643 0.156697 0.027775 -0.022831 0.139143 0.009177 -0.305484 0.119397 -0.190657 -0.164403 -0.110952 0.156332 -0.049618 0.186977 -0.007577 0.075138 -0.305122 0.214210 -0.128511 -0.043513 -0.031114 0.083006 -0.229970 -0.192493 0.322413 -0.194298 -0.170228 0.017653 -0.217204 0.170884 0.033279 -0.324787 0.006802 -0.034069 0.186397 -0.130532 0.051871 0.088876 0.061219 0.320813 0.122327 -0.274190 -0.040645 0.060543 0.174434 0.177543 -0.122227 -0.158630 -0.005137 -0.170240 -0.286245 0.116131 0.086790 0.100657 -0.400434 0.037474 -0.222799 -0.008353 -0.099188 0.111096 -0.058328 0.102347 -0.088880 0.006502 0.000461 -0.052228 -0.036885 0.079166 0.119485 0.008145 0.216598 -0.249238 -0.020237 0.082792 0.150518 -0.119429 0.162112 0.182007 0.020572 0.077402 0.076189 0.031020 0.061721 -0.033963 0.099093 0.190085 -0.185526 0.030948 -0.053439 -0.045370 -0.160353 -0.100925 0.087727 -0.008157 0.119680 -0.016671 -0.151775 -0.127915 -0.059909 -0.025203 -0.067437 0.060576 -0.061383
0.427347 -0.175812 -0.103405 -0.226160 0.006434 -0.475732 0.007490 0.037659 0.079949 0.053964 0.037127 -0.031756 0.479126 -0.222347 -0.349352 -0.060290 0.238786 0.155914 -0.167327 -0.090836 0.332312 0.245390 0.258561 -0.206770 0.035333 -0.080654 0.108530 -0.018695 0.052362 -0.058694 -0.067731 0.077727 0.270102 -0.001581 -0.127983 -0.080103 0.068433 -0.021196 0.111873 0.096388 -0.214639 0.126622 -0.018194 0.002912 0.066979 0.028217 0.049723 0.174353 -0.009627 0.049503 -0.063198 0.132262 0.277308 0.047320 0.216828 0.162825 -0.163042 -0.256051 -0.369007 0.193421 -0.133724 0.260732 0.268979 0.163307 0.284409 -0.037071 -0.224092 -0.038224 0.136380 0.288975 -0.214219 0.056157 -0.220952 0.172172 0.081797 -0.007699 0.202756 0.170222 -0.072198 -0.202087 -0.035686 0.064064 -0.195910 -0.283273 0.015710 0.040790 0.134503 0.265239 0.033094 -0.068864 0.529130 -0.090529 0.131961 0.132974 -0.059028 0.086149 -0.249869 0.201471 -0.072594 -0.198331 0.063446 0.263471 0.004797 -0.067149 0.129660 -0.107995 -0.177426 0.011834 0.361942 -0.107256 0.258799 -0.094463 0.029434 0.012383 -0.042467 0.129753 0.033958 -0.352143 -0.079474 0.072227 -0.018310 0.046983 0.075128 -0.084409 -0.114917 0.271207 0.115776 -0.175860
-0.017399 0.097131 -0.097758 0.141914 -0.061060 -0.093205 -0.012415 0.198079 0.174132 0.066776 -0.234998 -0.144322 -0.068497 -0.037583 0.201339 0.201169 0.177799 -0.129640 -0.216245 -0.011021 0.126070 0.140465 0.010905 0.121840 -0.132848 0.120816 0.043108 -0.334820 -0.050589 -0.115579 0.026815 0.049071 0.137251 -0.051858 -0.063613 -0.052820 -0.112256 0.054031 -0.153982 0.210436 0.062394 -0.333555 0.012148 0.064422 -0.118893 0.026536 0.021459 0.095251 -0.031220 0.085799 -0.111912 0.067162 0.009982 0.142767 0.226690 -0.181316 -0.147436 -0.217044 -0.097350 0.258257 -0.203856 0.151211 -0.012191 0.069702 0.066064 0.175328 -0.016546 -0.024450 -0.101388 0.322981 0.067358 0.060798 -0.082521 0.084182 0.036101 -0.123154 0.100395 0.144045 0.008643 -0.066272 0.085578 0.044490 -0.247641 0.017528 0.242289 0.065077 -0.150128 -0.013932 -0.002743 -0.087660 -0.027905 -0.020732 0.290427 0.163168 -0.027436 0.054897 -0.090769 -0.114053 0.015191 -0.220601 -0.183464 0.500229 0.147523 0.014288 0.199350 -0.125356 -0.127499 -0.018293 0.209403 0.154577 0.177739 -0.085390 0.087193 0.179265 -0.293553 0.139844 0.220090 -0.221130 0.173648 0.039073 0.158184 -0.387679 0.241475 0.050787 -0.016594 -0.072327 -0.025387 -0.211004
0.094929 0.050904 0.295438 -0.118358 0.105728 -0.043208 0.188603 0.373048 -0.107775 0.005181 -0.173669 -0.095737 0.103178 -0.158784 0.111482 0.269274 0.311368 0.122951 -0.068081 0.116280 0.229938 0.281839 -0.014722 0.115119 0.305038 -0.095613 -0.045867 -0.237908 0.038711 -0.042661 0.152159 0.146585 0.399213 0.051636 0.103809 0.112177 0.094653 -0.210306 0.009594 -0.320321 0.058634 -0.127838 0.031712 0.113007 0.293191 -0.212201 0.011324 0.154647 0.066889 0.118540 0.046000 0.100813 0.120531 -0.277917 0.031552 -0.032487 -0.064087 0.158994 -0.239047 0.091085 0.010374 0.200565 0.208062 0.072601 0.119357 0.018260 0.113916 -0.059471 0.120297 0.272201 -0.007326 0.147622 -0.070556 0.040939 -0.077394 -0.165263 0.331488 0.447212 0.199541 0.012159 -0.033602 0.088210 -0.275071 -0.158179 0.130925 0.042227 0.065455 0.076293 0.001839 -0.072852 -0.088993 -0.040249 0.246159 0.177922 0.201926 0.330051 -0.191728 -0.140531 -0.025229 -0.114132 0.131294 0.179554 0.008663 0.016346 0.245781 -0.084535 -0.032037 -0.012089 -0.044602 -0.137111 -0.026992 0.056360 -0.075214 -0.181330 -0.127860 0.245360 -0.040532 0.024728 0.049934 0.239504 0.229883 -0.336250 0.311796 -0.025507 -0.055865 0.061005 -0.249848 -0.017701
0.240248 -0.079146 0.064011 -0.072277 0.080781 -0.104779 0.005631 0.146240 0.018770 0.196230 -0.108182 -0.151771 0.022370 -0.137737 0.014140 0.181144 0.278390 -0.085974 -0.003664 -0.165010 0.027773 -0.248351 -0.172538 -0.196047 -0.145718 0.031295 -0.105403 -0.123055 -0.059516 0.152611 -0.075229 0.312225 0.093234 -0.125076 -0.126842 0.186273 0.060689 0.133217 -0.157145 -0.078904 0.008478 -0.073318 0.066074 -0.003131 0.143413 0.240807 0.055499 0.169146 -0.156924 -0.107938 -0.061956 -0.310573 -0.405118 -0.272077 0.017744 -0.054309 0.393158 -0.187371 0.012761 0.065304 0.335531 -0.029878 -0.010959 -0.132394 -0.183801 0.220185 0.274877 -0.013542 -0.053631 -0.097011 0.043745 -0.005497 0.079912 -0.155765 0.003125 -0.021718 -0.117669 0.183685 -0.170404 -0.039290 0.102580 -0.182800 0.037316 0.091434 0.228437 -0.148795 -0.309543 0.229408 0.024500 -0.154028 0.025553 0.021982 0.145096 0.028511 0.221272 -0.122569 0.182817 0.372546 -0.036282 -0.002465 -0.334342 -0.015095 0.019677 0.001505 -0.095392 -0.309254 -0.204963 0.058252 -0.381001 0.098053 0.271804 -0.093336 -0.087265 -0.016388 0.158261 0.029603 0.105121 0.021929 0.022588 0.038116 -0.030509 -0.050989 0.321794 -0.067325 -0.106803 0.090695 0.031658 -0.306921
0.062031 0.124642 0.143103 0.160315 -0.052526 -0.160223 -0.228453 0.027215 0.163198 0.077397 0.057888 -0.150663 -0.034858 -0.057703 0.134809 0.198865 0.092702 -0.061795 -0.208102 0.277988 0.112865 0.016746 -0.495976 -0.055878 0.056951 -0.084118 -0.176957 0.133648 0.087236 0.015601 0.011771 0.091138 0.195437 0.064056 -0.306861 -0.036754 0.036054 -0.021546 -0.164003 -0.181691 -0.090963 -0.305231 0.119854 0.031175 -0.132053 0.116901 -0.240610 -0.041335 -0.098893 0.075635 -0.264501 0.178898 0.138884 0.177614 -0.114325 0.006751 -0.024639 -0.311937 -0.134485 -0.148156 -0.197818 -0.152857 -0.048271 0.002910 0.155178 0.173722 -0.055312 0.094526 0.006328 -0.138141 0.341054 -0.101524 -0.119233 -0.226200 0.371326 -0.275818 -0.032742 0.252861 0.268752 -0.016966 0.154889 -0.076277 0.184345 -0.099033 -0.039907 -0.181943 -0.498044 0.170094 0.041196 -0.144417 0.034174 -0.090870 0.060072 -0.149902 0.177854 -0.019383 0.076023 -0.164159 -0.107842 0.149786 -0.324093 -0.044200 0.199036 -0.083383 0.017777 -0.090360 -0.110407 -0.413208 -0.152250 -0.329770 -0.210328 -0.072439 0.007858 0.037600 0.206710 -0.129772 0.128050 -0.081951 0.261035 -0.008896 -0.024462 0.062734 -0.099146 -0.038709 0.045657 0.079736 0.506295 -0.050054
-0.061028 0.037854 -0.030633 -0.421810 0.116073 -0.128611 0.075663 -0.072769 0.146364 -0.016124 -0.356220 -0.105101 -0.061099 0.254583 -0.160726 0.148356 -0.027541 0.166134 -0.387436 -0.125598 -0.627012 0.293805 -0.014661 0.220082 -0.046775 -0.138443 -0.252583 0.080692 -0.013955 0.077263 -0.043226 0.317484 0.184906 0.003321 0.022977 0.039873 -0.006812 -0.156928 0.350839 0.065100 -0.151260 -0.227878 -0.234153 0.132798 -0.283133 0.321702 -0.112597 0.025011 0.155150 0.154082 -0.064249 -0.298149 -0.067717 -0.384084 -0.036961 -0.131874 -0.200106 -0.259999 0.283870 -0.012862 -0.227665 0.071001 -0.300773 -0.107107 0.238688 -0.193406 -0.042642 -0.035302 0.064373 0.054035 -0.067602 -0.478451 0.016765 -0.175509 0.021565 0.056962 0.073512 -0.066241 0.076196 0.151658 -0.093039 0.147714 0.089227 -0.096351 -0.141359 0.166903 0.001589 0.033452 0.018976 -0.046771 0.077307 -0.188963 -0.125899 -0.144817 0.264590 -0.382324 0.167071 -0.403011 0.032051 -0.243512 -0.055376 0.086594 0.073274 0.077773 -0.066797 0.045086 -0.021575 -0.198659 0.105840 0.146509 0.046636 0.039211 0.058164 0.348639 -0.324079 -0.102934 0.114993 0.012606 0.141139 -0.187181 0.096956 0.041757 -0.188933 0.028757 0.053119 0.027142 -0.209644 -0.112575
-0.083380 -0.036150 0.022131 -0.012563 0.037855 -0.110556 -0.092670 -0.198748 -0.028111 0.081455 -0.165885 -0.011585 0.134923 -0.113296 0.109963 0.166508 0.000318 -0.312104 -0.391017 -0.014602 0.294243 -0.152268 -0.033441 -0.082811 0.009105 -0.136412 -0.104443 0.019558 -0.049548 -0.001774 0.102960 0.288480 0.183646 -0.050527 -0.169740 -0.190166 -0.048804 0.069042 -0.030783 0.019611 0.021144 -0.064713 -0.070788 0.027073 -0.094890 0.012148 -0.152391 -0.053642 -0.180965 0.140847 0.057363 0.104193 -0.048832 -0.156015 0.180567 -0.011123 0.042042 -0.239097 -0.350512 0.075566 -0.191137 0.160908 0.006499 0.010428 0.133563 0.103796 -0.201204 0.024214 -0.052280 -0.103541 0.109321 -0.129864 0.057107 -0.201717 0.123045 0.120107 0.028365 0.099521 0.107914 -0.224437 0.011769 -0.048084 0.118720 -0.083182 0.216261 -0.030319 -0.242788 0.120668 -0.004144 0.091392 0.105435 -0.330792 -0.067819 -0.093350 0.257996 -0.110200 0.155933 -0.177058 -0.027181 0.135520 -0.034529 0.072096 0.285566 -0.092928 0.053634 -0.008585 0.096928 -0.265354 -0.281426 -0.351734 -0.233051 -0.123728 0.030194 0.030765 -0.107996 0.115521 0.096334 0.077017 0.282030 0.110413 0.081309 0.055604 -0.300400 -0.033209 -0.036349 0.135759 0.245971 0.076911
0.160560 0.116199 0.003329 0.122446 0.087224 0.070423 -0.052378 0.277674 -0.352204 0.230907 -0.042009 0.005315 -0.333493 -0.713593 0.258340 0.110046 0.109599 -0.029225 0.003551 -0.140936 -0.052238 0.024076 -0.161481 0.116035 -0.123383 0.253181 0.040831 0.371653 -0.002174 0.086141 0.141187 0.003433 -0.005343 0.114352 -0.111518 0.048513 -0.145810 -0.053396 0.143507 -0.166132 0.010973 0.072162 0.067094 -0.028393 -0.160463 0.083393 0.168323 -0.029029 -0.008058 0.025052 0.090932 -0.054889 0.196409 0.005982 0.157807 -0.051778 -0.070205 -0.007008 -0.077483 -0.045638 -0.088074 -0.014418 0.229178 0.197890 -0.173858 0.006224 -0.531015 -0.041741 -0.042181 -0.214960 -0.075585 0.179604 -0.139825 -0.067815 -0.368291 -0.193945 -0.015467 0.021493 0.090878 -0.543570 0.144682 0.027100 0.022616 -0.222731 0.100755 0.275615 0.165014 0.088672 -0.096612 -0.057869 0.141450 0.000832 -0.303457 0.046875 -0.050026 0.037604 -0.060924 -0.263739 -0.046406 0.115370 -0.393731 -0.057497 0.045195 -0.047514 0.168792 -0.052568 -0.232135 -0.151843 0.017851 -0.372948 -0.146156 -0.091490 -0.104200 0.087918 -0.284940 0.007378 0.073076 -0.072053 0.234898 0.344890 -0.072846 -0.027638 -0.133210 -0.063322 -0.001903 0.142176 0.072498 -0.387929
0.216938 0.224200 -0.129999 0.021827 -0.279167 0.431591 -0.525183 0.203437 -0.121134 0.123525 -0.046051 -0.139995 -0.160795 -0.392161 -0.017851 0.141456 0.006136 0.039992 -0.104789 0.087157 -0.155224 0.075874 -0.332872 -0.120209 0.197184 0.145043 -0.079091 -0.029761 -0.131131 -0.081449 0.031257 0.075376 -0.054114 0.046193 -0.070762 0.084072 -0.136802 -0.160017 0.084818 -0.542146 0.016181 0.056233 0.227658 -0.067085 0.119950 -0.113823 -0.086628 -0.068603 -0.107542 0.117282 -0.024791 -0.031088 0.064435 -0.254723 -0.041323 0.142669 0.024668 -0.040349 -0.482783 -0.157443 -0.342858 -0.216830 0.018931 -0.098746 0.143924 -0.071441 -0.357646 -0.032315 -0.191125 -0.047472 0.009453 0.050985 -0.256565 -0.039179 -0.321034 0.099627 0.218731 0.310045 -0.353898 -0.040848 0.475905 0.069044 0.179149 0.080265 0.147436 0.076891 -0.081347 -0.010742 -0.073077 -0.003185 0.045157 -0.295221 -0.176768 -0.378608 -0.001541 0.126386 0.034362 0.005819 0.044645 -0.362144 -0.089660 0.138513 0.275620 -0.055091 -0.213744 0.051022 0.115817 -0.011450 -0.269080 -0.362227 -0.256733 -0.123039 -0.038199 -0.009518 -0.217367 -0.027628 0.181813 0.111482 0.129520 0.170202 0.250999 0.021912 0.254350 -0.093676 -0.058937 0.022352 0.017253 -0.025375
0.049349 0.146372 -0.020914 -0.141092 0.078086 0.092490 0.051690 -0.101142 0.331550 -0.176132 0.138708 -0.011738 -0.069472 -0.051018 0.095505 0.163058 0.058608 0.266524 -0.035224 0.024712 -0.157783 -0.556484 -0.103549 0.187441 -0.131480 -0.160157 0.011434 -0.003784 -0.009318 0.210313 -0.039350 0.398421 0.153093 -0.041925 0.045588 0.111683 -0.181090 0.099114 -0.003799 -0.170696 -0.256672 -0.226094 0.005624 0.221600 -0.018101 0.141318 0.045770 0.161518 0.128372 0.007689 0.001611 0.033367 0.058583 -0.199847 -0.102469 0.156920 0.052873 -0.068296 0.117704 -0.294677 -0.325305 -0.235970 0.173905 -0.138639 -0.117121 0.099228 0.265242 -0.015731 0.091101 -0.034944 0.002062 -0.060026 -0.489878 -0.022788 -0.167706 -0.280871 0.118183 -0.031231 -0.053392 -0.079186 0.096530 0.112093 0.020157 0.072331 0.262239 -0.281477 -0.234449 -0.046501 -0.056690 -0.277763 0.197725 -0.220559 0.008290 0.058395 0.302614 0.020208 0.025366 0.100284 -0.128948 -0.185080 -0.060648 -0.004165 0.128692 -0.063708 -0.321664 -0.126891 0.057106 0.139477 -0.395080 -0.078957 0.232561 -0.059191 -0.064202 0.223344 0.306035 0.125887 0.125154 0.040597 0.301515 0.028300 -0.082660 0.046282 0.127464 -0.019112 -0.096789 0.074698 0.078951 0.042196
-0.136408 -0.076308 -0.002710 -0.148540 0.029094 -0.185253 -0.060159 0.011088 0.265007 -0.210449 -0.007351 -0.159673 0.153149 -0.106600 -0.020676 0.023863 -0.098622 0.164399 -0.236863 0.179325 -0.124532 -0.201670 -0.122183 0.023200 -0.093217 0.255840 -0.221648 -0.170936 -0.081024 0.086492 -0.108075 0.305585 0.402232 -0.105626 -0.104202 0.250383 0.049583 0.009862 0.056053 -0.009573 -0.040985 -0.248718 -0.176050 -0.036228 0.069872 0.167614 0.122537 0.039643 0.013409 0.066508 -0.079166 0.109273 -0.044971 0.042425 -0.226925 0.093135 0.010355 -0.332548 0.277317 -0.175663 -0.323470 -0.035014 0.059710 0.078457 -0.127982 -0.031498 0.416566 -0.054286 -0.159326 0.045995 -0.118256 -0.256574 -0.345634 -0.140187 -0.114706 -0.182336 0.034294 -0.043848 -0.002499 -0.022528 0.050019 0.139758 -0.062267 0.082082 0.169656 -0.334211 0.077091 0.021930 0.032572 -0.252631 0.194042 0.095179 -0.078054 0.036941 0.346704 -0.010991 -0.066824 0.169781 -0.126441 -0.268662 -0.073166 -0.091280 0.120205 -0.048516 -0.095149 0.016180 -0.017426 0.188153 -0.513851 -0.120161 0.127037 0.027310 -0.105722 0.227830 0.262063 0.097194 -0.064842 -0.021318 0.111410 0.083420 0.050084 -0.028811 0.115622 0.012971 -0.089366 0.110601 0.160296 0.052649
0.007977 -0.192756 -0.107975 -0.143975 -0.048639 0.148543 0.194933 0.099247 0.207483 -0.133691 -0.141760 -0.008012 0.160642 0.095678 0.100770 0.017341 0.042648 0.154983 -0.156424 0.144774 -0.072634 -0.082287 0.008450 0.193952 -0.083189 0.047293 -0.015412 0.010876 0.020440 0.019198 0.128240 0.444805 0.184287 -0.094836 0.027763 0.194721 -0.316390 0.069657 0.073055 -0.354720 0.031638 0.035996 -0.097871 0.051314 0.023805 0.066122 0.204871 0.122395 0.083825 -0.071389 -0.010816 0.135336 0.094884 -0.131835 -0.026236 0.089045 0.097826 -0.078395 0.000114 0.057224 -0.198826 -0.041067 0.014448 -0.002684 0.000706 0.032275 0.263096 -0.028062 -0.013088 -0.183592 -0.131395 0.016218 -0.444368 -0.266631 0.005231 -0.069041 0.153357 0.135201 -0.019951 -0.083388 0.136448 0.133835 -0.037659 -0.012590 0.002568 -0.097745 0.061960 0.215678 -0.054945 -0.162325 0.137424 -0.043379 -0.001352 -0.175803 0.054868 -0.003636 -0.025984 0.056748 0.043030 -0.290866 -0.038383 -0.220585 0.016835 0.056671 -0.066491 0.090244 0.090272 -0.011667 -0.249846 -0.165161 0.015829 -0.004830 0.035386 0.108041 0.143203 0.154921 0.042474 -0.006313 0.252606 -0.124554 0.041427 0.014085 0.093886 -0.023753 -0.078469 0.218638 -0.209141 -0.113734
-0.001147 0.104882 0.030174 0.104843 -0.268654 -0.204813 -0.132352 0.108469 0.040910 0.168511 0.134892 0.057419 0.091846 -0.443802 -0.091061 0.063689 0.108989 -0.121259 -0.171147 -0.200379 0.135018 0.137616 -0.241331 0.124793 0.124933 0.236675 0.273487 0.151101 -0.049550 0.215702 0.015455 -0.009547 0.086779 0.084441 -0.170992 0.021232 0.090726 -0.549384 -0.221501 -0.234762 0.169462 0.070412 0.097831 -0.091774 0.127014 0.169894 0.084187 0.115276 -0.284858 0.038701 -0.155888 0.081152 0.063742 0.039732 0.104227 0.098378 -0.196514 -0.009800 0.044697 -0.086247 -0.015352 -0.074069 -0.216329 -0.112671 -0.035042 0.140513 0.099169 -0.054434 -0.113856 -0.137774 0.138593 -0.074638 -0.085032 0.098751 0.075843 -0.355865 0.196060 0.299633 0.158920 0.017320 0.117224 -0.037355 0.168964 0.105312 0.148395 -0.232053 0.034179 0.121643 -0.075336 -0.265258 0.352842 0.007229 -0.037195 -0.142645 -0.025666 0.009705 -0.057249 -0.011808 -0.078593 0.076603 -0.029275 -0.166572 0.070816 -0.101774 0.166683 0.077429 -0.041317 0.017685 -0.209096 -0.293053 -0.093954 0.028971 -0.022222 0.376952 0.156802 0.130480 0.235860 -0.267891 0.097139 0.186511 0.027966 0.024529 -0.009161 -0.031988 0.024103 0.165933 0.249643 -0.013309
0.103134 0.061804 0.241037 0.110263 0.041826 -0.301961 -0.292237 -0.006831 0.148801 -0.292620 -0.070067 0.020796 -0.165325 -0.325911 0.107303 0.043131 0.105337 0.162709 0.118382 -0.301682 0.083329 0.057118 0.297139 0.271603 0.177787 0.107290 0.173136 -0.122106 0.016816 0.204757 0.102168 -0.193042 0.134466 0.040287 0.025417 0.017236 0.185084 -0.061404 -0.024913 -0.063826 0.161640 0.090843 -0.187515 0.134752 0.160815 0.090587 -0.078116 0.006229 0.031447 -0.324898 0.084081 0.078621 0.046625 0.015350 0.109834 -0.164459 0.183382 0.178391 0.051589 0.078840 0.221288 -0.162250 0.165125 0.050247 -0.002062 -0.212160 0.047048 0.134248 -0.041490 -0.109782 -0.148734 0.176124 0.248151 0.019168 -0.121372 -0.036796 0.098185 -0.142876 -0.146052 -0.348071 -0.066178 -0.005723 -0.295251 0.024374 -0.089072 0.356310 -0.262929 0.128479 -0.017124 -0.137644 0.233415 -0.129312 -0.054259 0.034299 0.004717 0.060767 0.180451 0.011862 -0.088397 0.233699 -0.111623 -0.076845 -0.306366 -0.063746 0.117680 0.060938 -0.092714 0.185272 -0.040148 -0.188616 0.172005 -0.062986 0.003579 -0.005354 0.095049 0.180382 -0.001643 -0.029824 0.011036 0.170846 0.031632 -0.140144 -0.086611 -0.011599 -0.112851 0.114661 -0.174870 0.121364
0.006154 0.000317 0.210127 -0.023684 0.177851 -0.126286 0.347615 -0.114213 0.179172 -0.164872 0.018508 -0.185102 0.057849 -0.134012 -0.065593 0.012907 -0.014294 0.024306 -0.169783 0.088056 -0.080138 0.006306 -0.031174 0.211448 -0.072504 0.089479 -0.025560 -0.240797 -0.077791 -0.028177 -0.032457 0.189440 0.507219 0.124723 -0.195106 0.069722 0.162118 -0.158425 0.287287 0.074593 -0.042540 0.087379 -0.318451 0.231297 -0.027158 0.096660 0.088852 0.054118 -0.166566 0.081998 -0.002309 0.060305 0.235125 0.001433 0.036028 -0.036899 -0.032115 0.065229 0.178794 -0.048208 -0.294604 0.032431 0.098249 0.004598 0.218978 -0.235914 -0.116019 0.063198 0.097647 0.087170 -0.300795 -0.093074 -0.317288 -0.253347 -0.023998 -0.134167 -0.114306 -0.024392 0.088793 -0.152510 -0.113083 0.115202 0.057726 0.055339 -0.271903 0.007816 -0.007992 0.102509 -0.037125 0.004331 -0.143967 0.121392 -0.035642 0.057098 0.431954 -0.083415 0.038997 -0.281399 0.003850 -0.056502 -0.083933 -0.007669 0.192017 -0.040892 0.042547 0.126753 0.141688 -0.193369 -0.189514 -0.388049 0.263278 -0.089557 -0.126157 0.208824 -0.135631 -0.344797 0.246796 -0.076009 0.274850 -0.191617 -0.033130 -0.094075 -0.033240 0.021399 0.019154 0.286295 -0.208580 0.144617
0.002994 0.150341 -0.104299 0.167259 0.007200 -0.050463 -0.011342 -0.072257 -0.087126 -0.148009 -0.109205 0.111318 -0.176336 0.135840 -0.050714 0.164662 -0.139918 -0.275959 -0.090167 0.071453 -0.078175 -0.147668 0.017844 -0.301143 0.089678 -0.276925 0.085707 0.084969 0.027400 -0.123133 0.046693 0.033290 -0.215373 -0.042844 -0.146227 -0.190607 -0.177728 -0.140731 0.018986 0.074955 -0.097582 -0.301526 -0.107087 -0.330004 -0.027045 0.124833 0.179556 0.262053 0.039481 0.168774 -0.171711 -0.035318 0.338002 0.148202 0.077317 0.179266 -0.049885 0.046723 0.079706 0.399541 -0.012155 -0.148337 -0.092086 -0.099390 0.004648 -0.107344 0.106641 0.001319 0.168224 -0.248503 0.161563 -0.176960 0.052002 0.000662 -0.055376 0.331583 0.014354 -0.041271 -0.145618 -0.153875 -0.087614 0.019744 -0.110753 0.249280 0.115035 -0.073787 0.150210 0.283303 -0.085170 0.338200 0.164622 0.147601 -0.072471 -0.097000 -0.044912 -0.200644 -0.082341 0.128750 -0.018191 -0.044523 -0.112493 0.185164 0.285932 -0.087992 0.098375 -0.025853 0.016580 -0.108322 -0.120920 -0.058304 0.009007 0.047229 -0.139890 -0.050645 0.112526 0.078504 -0.212993 0.125378 0.319630 0.163951 -0.245563 0.305597 0.160714 0.011664 0.113203 0.259439 0.237889 0.051227
-0.271740 -0.279509 -0.217332 0.058026 -0.024454 -0.199057 0.015999 -0.036798 0.086357 0.310100 0.108336 -0.118202 0.037266 0.041382 -0.129193 -0.176492 -0.162517 -0.130679 -0.103101 -0.213463 -0.068937 -0.334567 0.093504 0.041947 0.133201 0.402964 0.104571 -0.149405 -0.063047 -0.143130 0.119217 0.022888 0.099701 0.071930 -0.001150 0.035240 0.008731 -0.162694 -0.158928 0.011184 -0.075609 -0.021075 0.045374 -0.145656 0.033492 -0.329762 -0.233401 0.133102 -0.183724 -0.100259 -0.243272 -0.156441 0.024105 0.072662 -0.008900 0.282730 0.081130 -0.197833 0.064780 -0.243402 -0.198693 0.003908 -0.116092 -0.010312 -0.023653 -0.188367 0.197163 -0.025286 -0.284494 -0.026642 -0.078671 -0.271504 -0.168646 -0.140839 0.227186 0.282508 0.057576 -0.156363 -0.021875 -0.295292 0.038910 -0.106066 0.004653 0.376570 0.115921 0.131636 -0.204867 0.408256 0.019647 -0.054999 0.047374 0.261475 -0.341585 0.111086 0.137341 -0.089809 -0.103425 0.027087 -0.024919 -0.105916 0.026878 -0.086810 -0.038726 0.026756 0.045228 -0.070702 0.075770 -0.031956 0.037519 -0.220531 -0.431894 0.108456 0.002941 -0.074015 0.250666 0.202006 -0.057022 -0.113540 -0.304169 0.117134 0.214745 0.005333 -0.296384 -0.016985 -0.026217 0.178900 0.285736 -0.053427
-0.119286 -0.124698 -0.125152 -0.030176 -0.058208 -0.072580 0.074304 -0.087729 -0.000471 0.108127 -0.154935 0.207046 0.149396 -0.312829 -0.244318 -0.142517 -0.185786 0.092647 -0.043193 -0.010723 -0.042730 -0.008017 -0.291239 0.049279 0.247623 -0.035393 -0.076676 -0.016362 0.012301 0.094098 0.026895 0.040227 -0.165479 0.022406 -0.101778 -0.161549 -0.069187 -0.234637 -0.045325 -0.278322 -0.097665 -0.179604 -0.094465 -0.005940 0.002408 -0.198874 0.157822 0.323437 -0.251921 0.311479 0.154090 0.089657 0.056862 -0.104956 -0.074513 0.269134 0.021846 -0.000250 0.024425 0.254926 -0.241084 -0.078769 -0.138391 -0.318280 -0.196071 0.104957 0.032398 -0.077440 -0.266795 0.120111 0.262923 0.184901 0.035508 0.115128 0.089009 -0.173363 0.112446 0.256159 -0.067866 -0.167571 0.011842 0.039567 0.180697 0.012680 0.126759 -0.060074 0.097987 0.437316 0.051409 -0.044536 0.439225 0.252052 -0.107709 -0.506475 -0.045294 -0.165819 0.023318 -0.182049 0.045662 0.196027 -0.106830 -0.472990 -0.175060 -0.002879 0.392370 0.106039 0.198658 0.231081 0.067707 -0.316979 0.001462 -0.035909 0.033713 -0.090408 -0.008782 0.329464 -0.032481 -0.310967 -0.086901 -0.209912 -0.223066 -0.003541 0.020524 -0.032905 -0.085229 0.155123 0.171887 -0.110634
0.129599 -0.131036 0.175296 0.064410 0.154264 -0.315342 0.076628 0.325951 0.140937 -0.032264 -0.005255 0.180816 -0.179619 0.181398 0.051488 -0.254445 -0.212222 -0.146894 -0.113455 -0.170483 0.013229 -0.017951 0.022592 0.135806 -0.069018 0.230957 -0.033238 0.096862 -0.058508 0.161711 -0.143548 0.153231 -0.211364 -0.051360 -0.037189 0.231886 0.250485 0.292869 -0.045712 0.026155 -0.088175 -0.127812 -0.011362 -0.106949 0.239408 -0.118741 0.067858 -0.108081 -0.286958 -0.262818 -0.190886 0.343524 0.224168 0.149526 0.114626 -0.319036 -0.074860 0.116884 -0.156552 0.228730 0.007262 0.115737 0.046039 0.013296 -0.220004 -0.393392 0.137577 -0.054743 0.033267 0.295943 -0.037630 0.026516 -0.008836 -0.012926 -0.142867 -0.136293 0.162258 -0.105635 -0.176813 0.078558 -0.050523 -0.044696 0.109253 -0.050845 -0.068521 -0.105662 0.013571 0.319938 -0.043968 -0.309458 0.249332 -0.069916 0.183027 -0.096357 -0.171590 -0.246425 0.301434 0.005970 -0.085589 0.044131 -0.104226 -0.017641 -0.043942 -0.057456 -0.131759 -0.074225 -0.034959 -0.138050 0.199231 0.067332 0.245346 0.061844 -0.051023 -0.204480 -0.021110 0.031196 0.131406 0.109561 -0.190613 0.004956 -0.081417 0.203103 0.170799 -0.061996 0.083701 -0.024665 0.028484 -0.018371
-0.021465 -0.204005 -0.053630 0.083210 -0.135672 -0.334044 -0.119370 -0.590378 -0.228312 -0.065417 0.193780 -0.465299 -0.070636 -0.014422 -0.054358 0.114238 0.037063 0.247513 0.095197 0.267378 0.149177 -0.071186 0.125121 0.120725 0.307796 -0.111063 0.060319 -0.070884 -0.016005 0.080537 0.010441 0.030643 0.313997 -0.538373 0.058589 -0.003007 -0.031198 0.065200 0.367963 -0.265157 0.221022 -0.430932 0.095924 -0.010266 -0.191011 0.365030 -0.224839 -0.016440 -0.156678 -0.143518 0.113754 -0.054795 -0.099326 -0.021281 -0.293646 0.236741 -0.128941 -0.010947 -0.057241 0.000656 -0.149421 -0.092639 -0.033163 0.198765 0.410617 0.039325 -0.023554 -0.061801 -0.057150 -0.232707 -0.425522 0.067660 0.214231 -0.299078 0.055286 -0.093956 -0.195320 0.127832 -0.018719 0.059415 -0.287942 0.307184 0.311843 -0.245177 0.026584 -0.022873 -0.085070 -0.406188 0.070388 -0.086512 0.059006 -0.195623 -0.093573 -0.217688 0.290881 0.117532 -0.048261 0.025593 0.013534 0.145256 -0.071504 -0.044458 -0.001964 -0.082475 -0.205634 0.129854 -0.001701 -0.074890 0.035645 0.261210 -0.190589 -0.101453 -0.019521 0.116494 -0.394411 0.012273 -0.254897 -0.152990 -0.155748 0.328542 0.314738 0.052702 0.056360 0.024785 0.013111 0.080200 0.148925 -0.419694
0.018523 -0.232501 -0.151512 -0.411773 -0.171077 -0.372850 0.032391 -0.088147 -0.005941 0.092525 0.160132 0.093474 0.020934 -0.074465 -0.084592 0.006349 -0.150297 0.219987 0.083592 -0.040982 -0.004516 -0.021088 0.032491 0.011595 0.144240 -0.060744 0.205004 -0.351992 -0.017214 -0.024877 -0.139610 0.253351 -0.296747 -0.148856 -0.002701 0.108376 -0.370640 0.053402 0.334482 -0.191031 -0.085878 -0.424593 -0.039152 -0.094313 0.067431 -0.273622 -0.074841 0.162225 -0.192654 0.028881 0.027201 0.071793 0.095772 0.053996 0.044821 0.157439 -0.008577 -0.098669 0.038585 -0.124904 0.071951 -0.074755 -0.181184 -0.253025 0.175626 -0.027061 -0.076069 -0.042812 0.034225 0.079057 0.021963 0.090251 0.110697 0.292672 0.260643 0.123532 -0.094676 -0.205205 0.185508 0.090811 0.094662 -0.198544 -0.065308 -0.331123 0.097316 0.303779 -0.253431 -0.084642 -0.002460 -0.112434 -0.177906 0.185598 0.106361 0.085974 -0.383173 0.028281 0.039502 -0.157051 -0.072518 -0.064668 -0.150078 -0.105561 -0.042902 -0.095995 -0.136014 0.076110 -0.063691 0.140775 0.097232 0.033649 0.043097 0.020137 -0.066621 0.113020 0.129088 -0.327270 0.307377 -0.127978 0.087825 -0.033396 0.104580 0.041605 -0.088909 0.119054 -0.104504 0.069282 -0.136142 -0.078288
-0.537584 0.031391 -0.438881 0.077312 -0.341931 -0.142619 -0.266506 -0.044075 0.040925 0.006016 0.247135 -0.075019 -0.133464 -0.055777 0.051168 -0.327285 -0.142932 -0.058402 -0.357753 -0.356974 -0.313830 0.057803 -0.086503 0.024075 0.024341 -0.008345 0.185702 -0.791968 0.014824 -0.153583 -0.276608 -1.085040 -0.055394 0.159514 -0.180181 -0.039891 0.310249 -0.130370 -0.036743 0.109120 -0.036852 0.200359 -0.683977 0.118158 0.285511 -0.258471 0.159608 0.110612 -0.135734 0.351041 0.121963 -0.706142 0.094188 -0.119684 0.261644 0.008237 -0.287759 -0.085573 0.040974 -0.036398 0.097089 -0.096346 0.008725 -0.177047 0.097487 0.231871 0.203219 0.026976 -0.034795 -0.016568 0.113047 0.100647 0.074795 0.158667 -0.448848 -0.463756 0.049736 -0.032559 -0.079161 0.091525 -0.126006 0.246535 -0.267157 -0.025665 -0.201373 0.005526 -0.073392 0.190547 -0.126255 -0.157930 0.169181 0.250399 0.111271 0.040939 -0.110034 -0.152396 -0.165518 -0.123068 -0.007335 -0.045451 -0.105759 -0.145834 0.010597 0.021431 -0.143555 -0.217943 -0.056299 0.174901 -0.016454 0.031843 0.016584 -0.038315 0.050573 0.022086 -0.108961 -0.128717 0.197319 0.147124 -0.217804 0.008076 0.034607 0.121935 0.158537 -0.022797 0.023892 -0.173916 -0.292065 0.209493
-0.285618 -0.325004 0.093454 0.104660 0.024921 -0.279683 -0.147631 0.107217 0.115106 -0.336651 -0.302410 -0.331930 0.042925 0.113248 -0.052902 -0.106214 0.093903 0.139639 -0.378431 0.299218 0.153896 -0.211571 0.004472 -0.065861 -0.130794 0.342680 -0.085892 -0.008055 0.103459 -0.251196 -0.245258 -0.188451 -0.105715 -0.105272 0.136371 -0.246468 0.138534 0.212752 -0.093865 -0.127195 -0.045621 0.205326 -0.007340 -0.106335 0.160751 0.293516 0.164001 0.116223 0.218589 -0.304719 -0.182605 0.037771 -0.060226 0.022800 -0.226191 0.108240 -0.127236 0.048668 -0.214219 0.125619 -0.036161 0.243581 0.153726 0.375649 -0.000443 -0.155950 -0.145308 -0.109238 -0.203284 0.332801 0.194269 -0.028214 -0.022588 0.045255 -0.364745 0.371140 -0.076838 -0.080636 -0.175684 -0.437569 -0.159314 -0.352734 0.271433 0.207237 -0.409129 -0.196802 -0.069049 0.230508 -0.017959 0.106786 0.011840 -0.015048 -0.152491 -0.038376 0.009813 0.118704 -0.085870 0.199065 0.001861 0.043118 0.232572 0.039203 -0.071796 -0.087705 0.226532 -0.034217 0.107415 -0.085427 0.296550 -0.114600 -0.280231 -0.002028 0.036227 -0.381194 -0.006807 0.216612 0.074378 0.102151 -0.420458 -0.019694 -0.062678 0.076150 -0.122396 0.104596 0.094786 0.084397 0.096752 -0.458263
-0.229750 -0.242437 0.135538 0.216973 0.047947 -0.054276 -0.323353 -0.023757 0.181996 0.201677 -0.148888 -0.045467 -0.229897 0.061190 0.108414 -0.224632 0.104378 -0.116638 0.173202 -0.221876 0.087637 0.123173 0.179931 0.072582 -0.246489 -0.122659 0.051375 -0.161888 0.002093 -0.128072 -0.264058 -0.110655 0.244806 -0.200423 0.161668 -0.250314 0.266938 -0.002701 -0.212671 0.412199 -0.268761 0.081153 -0.347776 -0.066250 -0.109126 0.240491 0.132796 0.258133 -0.038939 -0.156486 -0.236225 0.032466 0.042968 -0.017701 -0.046463 -0.198797 -0.017095 0.077015 -0.373502 0.032909 0.033571 0.117695 0.125721 -0.040197 0.054684 0.080350 0.022071 -0.129037 -0.175216 0.178468 -0.025152 -0.212339 0.341156 -0.116066 -0.181175 -0.398138 0.102055 -0.283469 0.033960 -0.066279 0.324800 -0.100385 -0.085444 -0.096510 0.059498 0.069079 0.080226 0.081780 0.040935 -0.031327 -0.025207 0.131669 0.187590 0.214935 0.034055 -0.271907 0.028798 -0.130551 0.010850 0.045937 0.151916 -0.032185 0.119115 0.118675 -0.076813 0.117669 -0.044897 -0.163283 -0.101863 -0.083370 0.080062 0.049086 -0.155634 -0.154892 -0.106530 0.066000 0.009433 -0.017321 0.086708 -0.464656 -0.398794 0.211702 0.134486 -0.021028 -0.077430 0.297177 0.207413 0.034944
0.012136 -0.016960 0.111154 0.085969 -0.220805 0.028738 0.311239 0.165624 0.136287 0.185354 0.136669 0.025784 -0.016578 0.123806 -0.400322 0.069549 0.194900 -0.206264 0.113326 -0.144839 -0.024950 0.186506 0.163753 0.059838 -0.017175 -0.077814 0.020425 0.204583 0.021262 -0.214234 0.024223 0.134916 0.182462 -0.041350 0.035002 0.163787 -0.031554 0.050485 -0.108888 0.115994 -0.032301 -0.094940 0.044693 0.182146 -0.031124 -0.045724 0.081033 0.073029 0.047081 0.109761 -0.120731 0.088893 0.005426 0.093633 0.089381 0.147940 -0.012996 -0.225677 0.220881 -0.207738 0.109438 0.091181 0.264206 0.073765 0.051185 0.080394 0.006419 -0.076722 -0.051370 0.017342 -0.001248 -0.101869 -0.001633 -0.028702 -0.201987 0.015224 -0.269246 0.176271 -0.006549 0.207684 -0.024246 0.140430 -0.181252 -0.240399 0.046680 0.055657 0.233995 0.024837 0.027986 0.039022 0.050039 -0.040393 -0.099856 0.090186 -0.003992 -0.150944 -0.455793 0.038961 -0.011776 0.103460 0.060619 0.118223 -0.044578 -0.042587 -0.364811 -0.036817 -0.012411 -0.018416 -0.130253 -0.340936 -0.190351 0.061665 0.038943 0.172586 0.082384 -0.025475 0.182714 -0.075452 0.144654 -0.074662 -0.063467 0.160182 -0.001759 -0.053379 -0.034198 -0.118865 0.031280 0.075771
-0.073944 -0.014141 0.011780 -0.205231 -0.163911 0.042323 -0.097205 -0.071913 -0.499818 -0.028126 0.190673 0.066011 -0.305474 -0.055998 -0.070237 0.144324 -0.243901 0.178129 0.092675 -0.078177 -0.058847 0.151829 0.392487 0.165402 0.025349 -0.092261 -0.345886 -0.185383 -0.029045 -0.022099 0.180229 0.061443 0.012599 0.147874 0.023046 0.042253 -0.510532 -0.275118 0.130355 0.051143 0.069547 0.149406 0.005460 0.085741 -0.008035 -0.082650 -0.002642 -0.228409 -0.191691 -0.123836 -0.222851 0.126686 -0.078832 -0.108258 -0.521954 0.077257 -0.035265 0.230274 -0.102282 0.036168 0.021516 0.046481 -0.029566 0.282381 0.014504 0.032607 0.073282 0.087312 0.038012 -0.026538 -0.189288 0.100212 0.083956 0.202378 -0.022790 0.111491 -0.341562 0.282013 -0.305753 0.021582 0.181956 0.015189 0.371055 -0.117392 -0.284577 0.010615 -0.081527 -0.050053 -0.073218 0.303078 0.005741 -0.009720 -0.071691 0.024267 0.198845 -0.131481 0.043651 -0.578126 -0.021710 0.011126 -0.085799 -0.109676 0.335970 -0.021031 0.202731 0.022443 -0.072481 -0.260236 -0.174462 -0.282738 -0.159540 0.049613 -0.088489 -0.064112 0.026609 0.180027 -0.261351 -0.106136 -0.164972 -0.104951 -0.014974 -0.272381 -0.019071 -0.015101 -0.080795 0.073253 -0.211714 -0.059672
0.015045 0.035810 -0.326830 0.093522 0.076097 -0.087184 -0.315651 -0.427783 -0.265103 -0.074439 0.028548 -0.293437 0.096729 0.184733 -0.220953 -0.065749 0.047762 0.041258 -0.201193 -0.279330 -0.262013 -0.025508 0.278144 -0.103441 -0.016774 0.100091 0.250083 -0.155304 -0.044474 0.003652 0.169009 0.025701 0.119910 -0.447351 -0.012614 0.176609 -0.079926 -0.045572 0.292088 0.227595 0.047430 -0.237961 0.133419 -0.227959 -0.064410 0.118399 -0.248860 -0.064851 -0.165510 0.152273 0.205934 -0.554731 0.089755 -0.257530 -0.216367 -0.085395 0.138386 0.158873 -0.132905 0.187496 -0.198243 -0.189461 -0.389111 0.032020 -0.152770 -0.110394 0.107629 -0.098752 -0.072592 -0.047555 -0.222125 -0.144026 0.390318 0.152827 -0.129873 -0.153776 0.032740 0.128405 -0.006873 -0.042652 -0.186084 0.064852 0.125777 -0.171768 -0.207710 -0.041839 -0.102863 0.113307 -0.041056 -0.294141 -0.005572 0.002135 -0.161810 -0.028442 -0.028684 -0.163593 -0.154472 0.154131 -0.044039 -0.380715 -0.079482 -0.164241 0.061164 -0.004993 -0.138531 0.048675 -0.129691 0.093878 -0.079494 -0.114399 0.262286 -0.007815 0.040941 -0.110778 -0.046410 -0.214716 -0.141492 -0.214568 -0.068449 0.207049 0.178073 0.028884 -0.277117 -0.096819 0.072762 -0.034079 -0.092165 0.203718
-0.151492 0.194468 0.010787 -0.178920 0.020526 0.070170 -0.241055 0.018653 -0.061575 0.351892 -0.034295 0.003942 0.227041 0.100454 0.194549 0.116378 -0.116938 -0.121762 -0.238397 -0.043544 -0.033702 -0.071091 -0.094971 -0.314704 -0.157173 -0.133593 -0.168514 0.009738 -0.004039 0.253382 0.065218 -0.009624 -0.313180 -0.091627 -0.123830 -0.018802 0.079866 -0.007422 -0.239522 0.293561 -0.097227 -0.286987 0.409798 0.052188 0.032141 -0.632199 0.056259 -0.268550 0.081587 -0.122208 0.016657 0.321247 -0.152418 0.000933 0.037327 -0.105661 0.120071 0.025036 0.003197 -0.203499 0.316475 -0.101584 -0.113742 -0.080125 -0.076641 -0.084468 0.249176 -0.024406 0.164416 0.028164 0.069339 0.245068 -0.187032 0.012887 0.199353 0.046802 -0.086459 -0.061456 0.072425 -0.312806 -0.036596 -0.056315 -0.082775 0.109902 -0.096175 -0.022935 -0.042824 -0.056330 0.032298 -0.023949 -0.107299 0.077445 0.052347 0.029938 -0.517598 0.196410 -0.074282 0.242604 0.034393 -0.221568 0.044773 0.089768 0.073529 -0.056728 -0.222740 -0.132458 -0.262047 -0.039115 -0.171660 -0.061933 -0.026565 0.058773 -0.065598 -0.123793 0.144208 0.066745 0.079820 0.197255 -0.070387 0.295569 -0.201074 -0.139046 -0.236614 -0.056608 -0.068939 -0.089009 -0.015255 -0.092179
-0.096261 0.124422 0.176449 -0.130663 0.061210 -0.075967 0.057355 0.129193 0.291144 -0.238209 -0.108598 0.139203 0.255251 0.084368 0.248703 -0.076784 -0.001378 -0.220968 0.005262 0.126552 0.058649 0.047983 -0.075866 0.056209 -0.124123 -0.136249 0.019858 -0.276258 -0.051503 0.066852 0.063080 -0.175991 -0.092782 0.021521 -0.168045 0.003298 0.024377 0.031909 -0.174350 -0.067259 -0.086738 -0.035914 -0.195678 -0.041461 0.065144 0.027725 0.175728 0.363425 0.117701 0.131583 -0.231507 0.155994 -0.092439 -0.103815 0.107827 -0.303649 0.025106 0.092833 0.090240 0.088984 0.215478 -0.025935 -0.142456 0.249719 -0.105083 0.049572 -0.037152 -0.008743 0.228967 -0.003361 0.105003 -0.142643 -0.217472 0.004484 -0.005920 -0.248657 0.050632 -0.782709 0.210799 -0.100205 -0.508040 -0.064999 -0.048077 0.169970 0.025218 -0.230878 -0.011525 0.045372 -0.129601 0.160383 -0.069022 0.093734 0.080498 0.715492 0.070666 0.018199 -0.458678 -0.024738 0.031707 -0.139999 -0.151018 0.131298 -0.071412 -0.085069 -0.261356 -0.141298 -0.108149 0.133080 0.015949 -0.011812 0.150934 0.027384 -0.036236 0.100586 0.129137 -0.048506 0.002017 -0.099507 0.102611 0.065173 -0.574432 0.008002 0.150381 -0.118313 0.075571 0.005976 -0.118015 0.064354
0.086748 -0.006121 -0.001468 -0.014419 -0.125989 0.119932 -0.075633 -0.127027 -0.245585 0.286406 -0.306216 0.475658 0.040416 -0.082539 0.057800 -0.386929 0.124227 -0.006027 -0.014380 -0.106780 0.085318 -0.123316 -0.299281 -0.017344 0.006621 0.232189 -0.032949 0.145074 -0.039721 0.094230 0.197578 0.414946 0.106398 -0.019869 -0.114251 -0.298516 0.043374 -0.166254 0.072031 -0.077515 -0.096818 0.074852 0.057426 0.072015 0.026593 -0.101918 0.187054 -0.057720 0.150015 0.050100 -0.131622 0.199023 -0.078756 -0.138426 -0.061729 -0.015976 -0.032053 -0.092821 0.083083 -0.019167 0.067917 0.005442 0.000693 0.153511 -0.104182 0.259793 0.174370 -0.090585 -0.074405 0.102617 0.094086 -0.152193 -0.136691 0.027255 -0.197559 -0.001404 -0.069582 0.003498 0.043886 -0.050441 -0.198939 -0.132315 -0.269842 -0.009877 -0.144697 0.081655 0.112181 0.188798 0.007792 0.114034 0.147004 -0.184651 -0.203738 -0.207282 -0.065438 0.005215 0.142582 -0.308088 -0.073058 0.066850 0.057607 0.165572 0.053132 -0.064735 -0.070177 -0.141434 0.009939 0.034839 0.076466 0.115057 -0.450801 0.069914 -0.087058 0.108517 -0.122072 -0.000085 0.336334 0.151082 0.033573 -0.134827 -0.427601 -0.053452 -0.186893 -0.044847 0.021263 0.078851 0.221868 -0.019216
0.170497 -0.065409 -0.014871 -0.371937 -0.120608 -0.171605 0.158385 -0.045199 0.295053 -0.026166 0.027416 0.250888 0.002511 0.066214 -0.117527 -0.500287 -0.204054 -0.087230 0.136649 -0.062472 -0.040185 0.097665 -0.031389 0.070467 0.111168 -0.108446 -0.178806 0.061126 -0.095549 0.053140 0.159886 0.265445 -0.072091 -0.048359 -0.255432 0.157085 -0.142689 0.121214 0.110777 0.119537 0.003271 0.069714 0.075532 0.014036 0.091773 -0.055597 -0.037905 0.064917 -0.213967 0.097712 -0.127204 -0.064218 -0.065118 -0.111573 0.139455 0.023730 0.059802 -0.171732 0.095910 0.095140 -0.113828 -0.038089 -0.032583 0.117670 -0.228590 0.036299 0.026694 -0.039955 0.004701 0.032968 -0.202217 0.018139 0.018397 0.081286 -0.107536 0.053824 -0.188133 0.163068 0.143302 -0.035640 -0.374740 0.086035 -0.274053 -0.342948 0.145175 0.223771 -0.019297 0.050488 -0.080979 -0.282656 -0.178541 0.163650 0.033100 0.180706 -0.266486 -0.174901 -0.067770 0.226576 -0.048926 0.179862 -0.012945 -0.089198 0.004356 0.019258 -0.193499 -0.079813 -0.105747 0.098169 -0.041159 0.225601 0.188458 -0.147903 -0.197035 0.002537 -0.052557 -0.061687 -0.103941 -0.331427 0.047052 0.076936 -0.469997 -0.107859 0.312863 0.030475 -0.086479 -0.240459 -0.186278 0.073520
0.046262 0.264819 -0.002113 0.467535 -0.146126 -0.078166 -0.142034 0.113560 0.214435 0.129530 0.000240 -0.018296 -0.116305 0.007007 -0.102256 -0.047272 0.157285 -0.212674 -0.137836 -0.024629 0.113696 -0.095669 -0.096735 -0.052449 -0.094470 -0.276442 -0.163852 -0.065195 -0.071018 0.278223 -0.095437 0.097797 0.027164 -0.030362 0.105644 0.216935 0.039291 0.002272 -0.210861 0.049174 -0.177651 -0.094172 -0.173805 -0.021452 0.068260 0.178622 0.014134 -0.057593 0.094661 -0.177863 -0.020839 0.041498 -0.050868 0.150321 0.120407 0.003418 0.107573 0.216062 0.091883 0.126927 -0.303542 0.002965 0.007206 0.354710 -0.014426 -0.053132 0.235545 0.029376 -0.039231 0.279494 -0.277840 0.051220 -0.197948 -0.110010 0.001143 -0.192634 -0.135408 0.075832 0.401644 -0.264317 0.047451 0.020149 -0.127954 0.144248 -0.125587 -0.012917 0.012281 -0.081419 -0.033233 -0.159800 -0.174908 -0.081991 0.040622 -0.121321 -0.110591 0.143986 -0.285602 0.131747 -0.037910 -0.012033 0.069761 -0.022024 0.161099 -0.021384 0.049802 -0.021036 0.110260 -0.191303 -0.306233 -0.103628 0.008479 0.012840 0.137223 0.148380 -0.056971 0.123885 -0.283615 -0.053296 0.020323 0.095978 -0.132251 -0.259334 0.081940 -0.091237 -0.059711 0.203022 0.117376 0.149653
-0.159130 -0.270236 -0.039980 -0.066896 -0.145672 -0.143463 0.133879 -0.000585 0.371127 -0.058497 0.053497 0.044660 -0.069973 -0.114856 -0.406702 -0.204849 0.293435 0.004019 -0.079302 -0.086397 -0.082408 0.203791 0.063457 0.123857 0.169754 -0.191508 -0.015025 -0.030230 -0.119511 -0.204045 -0.124098 -0.156411 0.126728 -0.193816 -0.019855 -0.108861 0.137841 -0.099131 0.025219 0.167307 0.085836 -0.087852 -0.073599 -0.000929 -0.052323 0.198639 -0.010920 -0.059361 -0.057210 0.218055 -0.126502 -0.280264 -0.124338 -0.117892 -0.052194 -0.103664 -0.109866 -0.280969 0.108397 0.151068 -0.174589 0.028074 -0.203155 0.098510 0.241945 -0.145397 0.194876 -0.046511 0.183772 0.140911 -0.234436 -0.105611 -0.063619 -0.019731 -0.258838 -0.070868 -0.115287 -0.099813 -0.096306 0.161802 -0.173318 -0.076030 -0.223225 -0.350509 0.114690 0.009401 0.058033 -0.077470 -0.014128 -0.129992 0.058894 0.075798 0.060003 0.099438 0.056998 -0.072864 -0.530855 0.169352 -0.098374 0.229883 0.018404 0.205948 -0.126395 -0.006411 0.119881 0.137570 0.123435 0.201575 0.012153 0.127123 -0.015861 -0.044085 -0.061052 0.024414 0.036752 -0.180862 -0.207540 -0.186190 0.055289 -0.018761 0.172487 0.095075 -0.148180 0.066107 0.034962 -0.051708 -0.138121 0.024472
-0.410059 -0.179191 0.166901 0.069813 0.064218 0.252325 -0.010900 -0.112602 -0.096434 -0.150160 -0.174595 0.057864 0.045785 0.136319 0.063824 0.164911 -0.019695 0.052347 -0.276971 0.056962 0.075819 -0.240393 -0.014368 -0.014703 -0.086919 -0.018939 -0.280148 -0.055910 -0.027337 0.155329 0.241026 0.137735 -0.051796 -0.294037 -0.226646 0.181950 0.103883 -0.086116 -0.252504 0.157552 -0.027411 0.246038 0.001663 -0.131101 -0.086367 0.190880 0.069371 0.016263 -0.162857 0.120749 -0.102744 0.165057 -0.171948 -0.145549 -0.034789 -0.336489 -0.082511 -0.040670 0.174351 -0.069802 -0.023042 0.037811 0.007244 0.228705 -0.354429 0.075249 0.286009 0.021093 0.028651 0.134051 0.073893 -0.460963 0.047950 0.232761 -0.022445 -0.020709 -0.451059 0.058782 0.162086 0.113578 0.196798 -0.091969 -0.106532 0.293541 0.028636 -0.281206 0.069713 0.035548 0.088742 0.261813 0.085796 -0.460835 0.216032 0.070634 -0.018373 -0.006404 0.145185 0.173330 0.018678 0.210235 -0.061644 -0.124058 -0.251278 0.037136 -0.130147 0.140130 0.025811 0.136397 -0.216969 0.067893 -0.079926 0.011331 -0.146989 0.100346 0.082197 0.085911 0.083597 0.205037 0.250609 0.270508 -0.086773 0.162370 0.165716 -0.074921 -0.023972 -0.215035 0.341345 0.000420
-0.110104 0.185140 -0.176878 0.102876 -0.175744 -0.011238 -0.189054 0.183908 0.018192 0.041467 0.015111 -0.168308 0.053210 0.179186 -0.016976 0.121682 0.048497 -0.000515 -0.542198 -0.118264 0.134203 0.095141 -0.366166 0.048754 -0.199533 0.183028 -0.124907 0.203254 -0.021846 0.217372 -0.199943 0.288671 0.173850 -0.321708 -0.257816 -0.145500 0.244150 0.002678 -0.113300 -0.033277 0.045457 -0.190168 -0.292839 0.399987 0.314799 0.073272 -0.270564 -0.144316 -0.017115 0.109760 0.085793 0.422760 -0.122965 0.136365 -0.158755 -0.049093 0.125707 -0.076486 0.126067 -0.051407 -0.096567 -0.157874 -0.191974 0.058023 0.198270 0.184844 0.044687 -0.098534 0.094707 -0.071692 -0.030000 -0.087834 -0.223574 -0.027296 0.079036 0.009096 -0.187739 0.060489 0.264623 0.074686 0.020876 -0.021409 -0.043129 0.117576 0.112512 -0.106770 -0.254105 -0.218244 -0.108576 0.067742 0.010986 -0.000847 0.017175 -0.113525 0.061273 -0.046854 0.087040 -0.068158 -0.012178 -0.170267 0.078434 -0.069615 0.136477 -0.005439 0.031367 -0.065311 -0.164270 -0.260447 -0.179793 -0.002292 -0.095426 -0.015030 -0.013580 0.194078 0.158406 0.119575 0.001397 0.072341 0.151542 -0.252735 -0.171792 -0.184049 -0.113048 -0.024744 0.115572 0.097118 -0.012272 0.049087
-0.246079 -0.030916 -0.096974 0.079763 -0.187063 0.008224 0.127101 -0.047005 -0.129354 -0.279603 0.442243 0.014616 0.031924 0.170055 -0.236182 0.059098 -0.195049 0.262982 -0.186187 -0.015856 0.099762 -0.213414 0.175986 0.011367 -0.077020 0.065666 0.078162 0.133196 0.039590 0.047542 -0.042880 0.043717 0.081548 -0.141744 0.008229 -0.118145 0.274453 0.104432 -0.062663 -0.173323 0.233587 -0.022838 0.239118 0.074666 0.020067 0.134044 0.007209 -0.127386 0.007293 -0.173568 0.170348 0.153021 0.044020 -0.161700 -0.324284 -0.125207 0.215569 0.044046 0.032470 -0.017977 0.040133 -0.120641 -0.299720 -0.033416 -0.594502 0.121594 -0.172310 -0.065607 -0.058451 0.263327 0.148406 -0.065689 -0.115283 -0.165879 0.265965 0.005354 0.060453 0.043390 -0.053128 0.282482 -0.043913 -0.054256 0.178473 0.002809 0.123234 -0.106659 0.179831 0.052514 -0.063451 -0.034032 -0.176219 0.054136 -0.288427 -0.154335 -0.095507 -0.312354 -0.045352 -0.129857 0.032907 -0.101717 0.163145 0.025722 -0.160597 0.053309 -0.147367 0.043393 0.102614 -0.013426 -0.050304 0.281550 0.099690 -0.005247 -0.087399 0.086682 -0.047458 0.151582 -0.234505 -0.035688 -0.110376 -0.041737 -0.134112 -0.035772 0.010964 0.001285 0.016286 0.084943 -0.198108 -0.290466
0.133131 0.185455 -0.162406 0.177924 0.206678 0.241696 -0.062678 0.018795 0.192056 0.328182 -0.275124 0.101197 0.153394 0.001047 -0.003123 -0.228243 -0.096792 -0.090215 -0.312488 -0.012780 -0.033667 -0.144614 -0.126322 -0.321390 -0.373138 -0.146800 -0.409499 0.215976 0.037281 -0.311498 0.153530 0.194392 -0.028304 0.155605 -0.090984 -0.098526 -0.206282 0.006425 -0.014244 0.164581 -0.187921 -0.026523 0.004838 0.151237 -0.058412 0.085430 0.266018 0.090318 0.157146 0.075054 -0.088883 -0.281787 -0.134351 -0.242820 0.145646 0.132851 -0.056052 0.012912 0.065356 0.054859 -0.135386 0.128652 -0.148669 -0.255441 0.111664 -0.025281 -0.454878 -0.062257 -0.054605 0.063652 0.018676 0.047168 0.024916 -0.446756 -0.131750 -0.235850 -0.183715 0.035074 0.094843 0.028276 0.108228 0.180392 0.034778 0.022378 -0.204536 -0.088853 0.179394 0.085389 -0.004583 0.192965 0.127826 -0.070500 -0.020234 -0.170141 0.177799 0.199032 0.129442 0.061736 0.080440 0.157257 -0.262425 0.189240 0.014984 -0.041813 -0.058770 0.050567 -0.145530 -0.147956 0.240410 -0.302942 -0.062586 -0.059194 -0.014815 0.026916 -0.176383 0.069240 0.067204 0.110029 0.231218 -0.081038 -0.592065 0.092454 -0.026150 -0.067801 -0.248085 0.318898 0.127524 0.134952
0.027130 -0.076872 0.163574 0.026459 0.005389 0.149915 0.020467 0.091823 -0.340851 0.009088 0.027633 0.047286 0.079575 0.106975 -0.057194 0.180869 -0.071275 0.225223 -0.109861 0.020392 0.335965 -0.096663 -0.180859 -0.250573 -0.029631 0.263530 0.255848 0.217222 -0.056355 0.167632 0.225070 -0.163072 0.044696 -0.645746 -0.081017 -0.023707 0.204242 -0.108080 0.113347 0.180898 -0.039993 0.153809 0.070553 0.032282 -0.119133 0.166827 0.283460 -0.234595 -0.206892 0.209606 -0.076565 -0.074633 -0.272749 -0.127526 -0.355165 -0.082921 0.270727 0.103928 0.238459 -0.139041 0.109718 0.163462 -0.078819 0.169069 -0.333805 0.161752 0.246036 0.037403 0.014640 0.114591 0.101491 0.090115 0.145194 -0.006357 0.029386 -0.112911 0.001976 0.000843 -0.040985 -0.299597 0.178786 -0.178264 0.061565 0.179113 0.191246 -0.140668 0.362086 -0.173206 -0.048703 0.151592 -0.005443 -0.067385 -0.154900 -0.035131 -0.090343 -0.565849 -0.030172 -0.130886 -0.096596 0.055280 0.228609 0.063604 -0.148745 -0.145458 0.077782 0.099551 -0.161006 0.021985 0.060271 -0.040428 -0.023843 -0.097702 -0.235525 0.214011 0.054424 0.152327 0.303650 0.112018 -0.378146 0.057903 -0.095201 -0.058225 0.199328 -0.034001 -0.016922 -0.049822 0.073429 -0.338569
0.030634 0.053039 -0.125624 -0.186392 0.296754 0.116091 -0.039136 -0.243392 -0.054108 -0.237002 0.021219 -0.123981 -0.129409 0.178252 -0.049315 0.099631 -0.416695 0.190717 -0.015227 -0.273825 0.100050 0.089259 0.225057 -0.147388 0.213697 -0.217109 0.230142 -0.221173 -0.084114 0.061533 0.031719 0.153054 -0.142689 -0.074508 0.013141 -0.090451 -0.141174 0.005959 0.332905 0.247720 0.065280 -0.282910 0.025291 0.105955 0.188900 0.049092 0.260365 -0.251605 0.170821 -0.107063 0.055285 -0.130398 -0.408267 0.200659 -0.203504 0.015283 0.312400 0.008505 0.163634 0.327465 0.179868 0.137368 -0.271429 0.145203 -0.403383 0.198298 -0.077796 -0.148242 -0.024586 0.048892 -0.182861 -0.014694 -0.052031 -0.191044 0.077440 0.188015 0.146202 0.034154 -0.015314 0.067074 -0.075876 -0.014642 0.001970 -0.015687 0.273334 0.054756 -0.077998 -0.159655 -0.059568 -0.078871 -0.144248 0.021641 0.056337 -0.065705 -0.020403 0.059699 0.210449 0.051263 -0.012884 0.029443 0.290304 -0.021957 -0.062973 -0.075171 -0.054902 0.046180 -0.130678 0.009462 0.016852 0.011996 0.178581 0.048980 -0.005292 -0.105389 -0.230238 -0.007887 -0.048682 -0.110572 -0.298966 -0.143954 -0.273597 0.056295 0.240610 -0.032731 -0.047901 -0.405048 -0.291205 0.089907
0.251097 0.027427 -0.035088 -0.106195 -0.178408 -0.140148 0.237565 -0.134483 0.192306 0.183229 -0.002465 0.091801 0.046636 0.059522 0.073115 -0.074082 -0.019503 -0.109817 -0.349983 -0.011973 -0.046556 -0.003690 0.115992 0.101292 0.135449 0.034301 0.034483 -0.083704 -0.084621 0.134720 0.309328 0.249103 -0.033434 0.232367 0.085864 0.076554 -0.398338 0.109368 -0.171985 -0.092230 -0.048654 0.034383 -0.028206 0.023136 0.140833 -0.234885 0.074000 0.130139 0.019048 0.040151 0.346238 -0.097329 -0.133730 -0.012522 0.164379 0.169273 0.013543 0.125619 0.023035 0.064907 0.154912 -0.080188 -0.087143 0.108165 0.059588 -0.171582 0.132727 -0.059033 0.101955 -0.026054 0.008102 0.067349 0.018231 0.128729 0.006936 0.188408 -0.075823 -0.245433 0.170400 -0.038711 -0.200736 -0.064520 0.008079 -0.045830 0.120086 -0.228271 0.065355 0.041940 0.027126 -0.144603 -0.149296 0.136889 0.198405 -0.026293 0.034567 0.061603 -0.145428 -0.016441 0.016225 0.042092 0.205621 -0.059642 -0.042406 -0.018919 0.254503 0.024305 -0.072987 -0.147599 0.060438 -0.109952 0.047446 -0.080233 0.050538 -0.105309 0.012936 0.130073 -0.283939 0.020815 -0.114371 0.165858 0.062150 -0.186762 -0.047429 0.051204 -0.098997 0.023975 -0.191335 0.159397
-0.237461 -0.094323 -0.127847 -0.112410 0.134977 -0.036374 -0.620393 0.057517 -0.012074 -0.260543 0.001128 -0.273292 -0.717589 0.157248 -0.145830 -0.204231 0.249325 0.290925 -0.166319 0.267853 0.086112 -0.112219 -0.034054 0.143919 0.136743 0.010400 0.092513 0.013210 -0.038675 -0.200924 0.178682 0.075667 -0.140695 -0.425096 -0.220551 -0.083479 -0.070608 0.371476 0.188203 0.005798 0.049505 -0.041613 -0.027348 -0.012081 0.044547 -0.046041 -0.357621 -0.004780 0.099279 0.032433 -0.418546 -0.157615 0.070973 -0.166812 0.011372 0.060616 0.209077 -0.067266 -0.190891 -0.105707 0.036969 0.236156 0.145250 -0.128746 -0.034160 -0.467429 -0.186903 -0.017124 -0.410255 0.254846 -0.074245 0.388975 0.150837 -0.360520 -0.251090 0.248534 -0.123703 -0.389702 -0.045064 -0.132486 -0.156119 0.134589 0.150868 -0.067604 -0.591168 0.155484 -0.184793 -0.183075 0.004966 -0.221563 -0.056863 0.005325 0.125363 -0.267760 -0.004338 0.212119 0.095905 0.213285 -0.019690 -0.210894 0.159613 -0.053564 0.035012 -0.103205 0.055989 -0.156493 0.033678 0.176204 -0.148681 0.115242 -0.294847 -0.095098 -0.204224 -0.130428 -0.040935 -0.266958 -0.017292 0.143999 0.131739 0.065980 0.052338 -0.241447 0.196945 -0.009435 -0.098960 -0.345076 0.123605 -0.097125
0.029971 -0.070064 0.294559 -0.248637 0.167466 0.118850 -0.114339 -0.114224 0.003814 0.007603 -0.180979 0.083318 -0.140239 -0.182870 -0.089984 0.164720 0.053185 -0.022567 -0.146707 0.251909 0.065785 0.065628 0.223848 0.144521 0.005605 0.120997 0.080623 -0.030527 -0.039483 0.113695 -0.191255 -0.144815 -0.038672 -0.178406 0.071017 0.293311 -0.244666 -0.017411 -0.193415 -0.006737 -0.023032 -0.057748 -0.094616 -0.088112 -0.123028 -0.031128 -0.087223 0.237398 -0.122147 -0.090461 -0.047756 0.044786 -0.019911 0.012525 0.054118 -0.319713 -0.138220 -0.185564 -0.051638 0.113120 -0.171586 0.257013 0.108014 0.278017 0.104636 -0.215531 0.050031 0.049316 -0.051003 0.084986 -0.072304 -0.613528 0.142285 0.040145 0.263167 0.177921 0.036552 0.107177 -0.202077 -0.037421 -0.030567 -0.153939 -0.029351 0.281616 -0.278160 0.044545 0.132130 -0.454848 0.057544 0.024883 -0.154077 -0.169933 0.218349 0.053415 -0.205770 0.034667 0.141146 -0.010448 -0.028664 -0.218293 0.082968 0.086791 -0.135249 -0.079395 0.131355 -0.073025 0.171351 0.259793 0.046341 0.350950 0.043912 0.083267 -0.075570 0.113325 -0.219207 0.099314 -0.037853 -0.231781 -0.134635 0.083466 0.084717 0.041683 0.166498 0.003949 0.031840 -0.119464 0.012433 0.198830
0.004693 -0.154910 -0.133428 0.339868 0.280292 0.164616 0.030386 0.066130 0.023938 0.107256 -0.146620 -0.180085 -0.126459 0.108758 -0.000562 -0.173728 -0.212956 -0.149137 -0.233091 0.090978 0.090693 0.026570 0.068231 0.056168 -0.108626 -0.358941 0.020016 0.133605 -0.046205 -0.206170 0.015493 -0.199095 -0.279430 0.048264 0.193348 -0.103391 -0.219830 -0.146001 -0.280136 -0.117902 -0.173683 0.036205 -0.118566 -0.154315 -0.167228 -0.157911 -0.155958 -0.026798 -0.076152 -0.163841 0.108546 -0.134240 -0.148393 0.180967 0.125297 -0.091720 0.001166 0.126805 -0.150270 0.183352 -0.137935 -0.027369 -0.070316 -0.073532 -0.173115 -0.028147 -0.282951 -0.105202 -0.252459 -0.258945 0.136715 -0.024613 -0.155084 -0.061829 0.056121 -0.023595 0.155162 -0.076021 0.322945 -0.353089 0.276521 -0.405855 -0.012503 -0.137799 0.125721 0.161291 -0.041893 -0.031492 -0.006699 -0.237066 0.084073 0.003931 0.046934 -0.215109 -0.193865 0.226309 -0.011163 0.229485 -0.057189 0.055252 0.078297 -0.125343 0.066150 -0.001065 -0.060756 -0.035607 -0.069035 -0.005453 -0.015798 -0.119002 -0.119894 -0.049741 0.125128 -0.090945 0.194732 -0.003936 0.042889 -0.011167 0.012892 0.000064 0.163110 -0.056062 -0.010970 -0.036499 0.014200 0.072348 0.038859 -0.182780
-0.109063 0.104922 -0.121802 -0.175118 -0.100706 -0.168391 0.027373 -0.261446 0.189553 0.133860 -0.307194 0.226928 0.037015 -0.403182 0.038516 0.197313 0.419644 0.007761 0.103294 0.253873 -0.259948 -0.424204 -0.061640 -0.069286 -0.214092 -0.465723 -0.267533 -0.137584 -0.012306 0.178140 0.152917 0.131562 0.165989 -0.263105 0.209608 -0.195816 -0.002176 0.021495 0.022161 0.300076 -0.007080 0.023943 -0.130671 0.113900 0.116650 -0.021561 -0.041413 0.312293 -0.085986 -0.066808 -0.167821 -0.117412 -0.182235 0.004128 0.040241 0.190889 -0.089540 -0.141250 -0.337658 -0.146698 -0.310202 0.127758 0.094319 -0.001092 -0.144381 -0.151282 0.303633 0.027825 -0.377502 0.002777 0.033526 -0.159502 0.162379 -0.055157 0.109043 0.144344 -0.427851 -0.049785 -0.106957 0.075943 0.084277 0.294082 -0.025479 0.126730 0.242864 -0.175690 0.299906 0.124219 -0.071337 0.074626 -0.393617 0.027123 -0.011603 0.183605 0.174091 0.140175 -0.012782 -0.070133 -0.045356 0.223182 0.020152 -0.232062 -0.074357 -0.007249 -0.207209 -0.134555 0.021221 0.143274 -0.349937 -0.304562 0.096020 -0.134611 0.112524 -0.032541 -0.200800 0.108635 -0.014698 -0.037272 0.036279 -0.055896 -0.184624 0.291825 -0.150510 -0.043176 -0.028468 0.301416 0.159512 -0.039802
0.008979 -0.025436 -0.159789 -0.200437 0.023249 0.031082 0.072771 -0.052817 -0.014756 0.116032 -0.042532 0.034643 0.077526 -0.056145 -0.037263 0.109762 -0.092461 -0.095538 -0.293599 -0.070313 0.066995 0.254302 0.052833 0.076763 -0.061470 -0.306778 -0.162793 -0.107711 -0.027633 0.056092 -0.186162 -0.141932 -0.120149 0.003930 0.036085 -0.313787 0.157798 -0.018233 -0.340076 -0.026064 0.056127 -0.002639 0.180865 0.251948 0.158945 -0.263440 -0.072373 0.165939 -0.174941 0.244143 -0.146957 -0.276026 0.016234 -0.056356 0.091994 0.128441 0.121927 0.027254 -0.055221 -0.115948 0.019156 0.024671 -0.000438 -0.361745 0.287026 0.074167 -0.332620 -0.060697 -0.143578 -0.071512 0.162007 0.272930 0.049490 0.102883 0.041352 0.058991 -0.207059 -0.034419 -0.027522 -0.220128 -0.128532 0.241393 0.047811 -0.078424 0.216480 0.130457 -0.113223 -0.242576 -0.072803 0.136940 -0.055430 0.038332 0.079718 0.076579 -0.114388 0.041365 0.142571 -0.303080 -0.019088 0.070393 -0.321912 0.072670 0.069053 0.014109 -0.096749 -0.018232 -0.179533 -0.010900 0.112477 -0.191893 0.042847 -0.074346 -0.228112 -0.015534 -0.364310 -0.192540 0.133891 -0.099768 0.154950 0.024604 -0.139604 0.054260 0.025086 0.042650 -0.156353 0.003463 -0.101974 0.161031
-0.037323 -0.166043 0.060923 0.262645 0.106017 -0.274704 -0.053135 -0.040078 -0.326089 0.174617 -0.213840 0.038898 -0.076040 -0.056556 -0.217031 0.003129 0.061914 -0.136707 -0.014266 -0.010246 -0.000829 -0.033579 -0.022313 0.052520 -0.215746 -0.234729 -0.131987 0.096973 -0.009663 0.133127 -0.099411 -0.242577 0.104877 0.000112 -0.104713 -0.156728 0.311838 -0.348967 -0.380073 0.220468 -0.003872 -0.012665 -0.002971 -0.229425 -0.266637 -0.003865 -0.090052 0.079054 -0.680304 -0.052927 0.095238 -0.026986 -0.209999 -0.017198 -0.083483 -0.167767 0.000376 -0.115491 -0.195285 0.038147 0.131048 -0.118925 -0.210525 -0.540780 0.354548 0.055073 0.093423 0.018469 0.089515 -0.163955 -0.115020 -0.293805 0.156162 -0.099575 0.126914 -0.129539 -0.182584 0.277940 0.034374 -0.177912 -0.109882 -0.031482 -0.019254 -0.283235 0.070431 0.146415 -0.188097 -0.061442 0.024902 -0.136608 0.073701 0.249361 -0.160658 -0.028560 -0.009951 0.392407 -0.302667 0.116174 0.031794 0.014014 -0.205492 -0.062265 0.159718 -0.135528 -0.172701 0.134982 0.010318 -0.127305 -0.027080 0.095895 0.034959 0.016857 -0.018027 0.034887 0.054645 0.140285 -0.022089 -0.163364 0.156894 0.044020 -0.004072 0.106844 -0.234616 -0.059368 -0.102502 0.144853 0.085006 0.111662
-0.101286 0.024527 0.139975 0.070183 -0.002884 0.177765 -0.195792 0.144836 0.025108 0.282321 -0.032963 -0.158465 0.029732 -0.034210 -0.156154 -0.013880 -0.007987 0.030347 0.049469 0.007026 0.113535 0.109764 -0.049357 0.003975 0.026531 -0.353239 0.026589 0.043671 -0.042445 -0.118818 -0.204210 -0.028204 -0.107339 0.149931 -0.056556 0.167056 -0.083019 -0.121192 -0.295787 0.007303 0.098710 -0.340730 -0.001075 -0.048690 0.112144 -0.334109 0.058016 -0.148239 0.058369 0.150893 0.054721 -0.348003 0.090111 0.102671 -0.073352 0.045279 0.159621 0.163109 0.008943 0.096894 0.125878 0.181945 0.159369 0.077215 0.075827 -0.021405 0.192563 0.003237 -0.016964 -0.035890 -0.065175 0.043344 0.278264 -0.065133 0.074885 0.151020 -0.005048 -0.109502 0.013821 -0.264701 0.026659 -0.220032 -0.222594 0.041929 0.030834 0.092476 -0.001520 0.029016 -0.199433 -0.043098 0.087579 0.069880 0.113108 0.067273 -0.065858 0.178848 -0.318054 0.118354 -0.117931 0.196277 0.199309 0.119140 0.013217 -0.076720 -0.065271 -0.311943 -0.151777 0.060627 0.070409 -0.268704 0.026783 -0.029041 -0.101462 0.179839 0.246297 0.148742 -0.010504 0.036921 -0.085072 0.093825 -0.003829 -0.170788 -0.106667 -0.053038 -0.006627 -0.009976 0.137496 -0.054083
0.118353 0.073977 0.041100 0.019108 0.165681 -0.239176 -0.345380 -0.096514 0.076625 -0.046367 -0.000023 -0.065450 -0.433370 0.018159 -0.112443 -0.066496 -0.054779 0.202148 -0.202475 0.162735 -0.048463 -0.221850 0.045756 0.061247 -0.034430 -0.065689 -0.038293 0.265574 -0.079155 -0.103038 -0.058023 0.149432 -0.316128 0.035574 -0.046285 0.122082 -0.088369 0.191922 0.191544 0.070702 -0.081799 -0.014822 -0.021089 0.202746 0.009940 -0.193833 -0.088028 -0.116404 0.212121 0.193889 -0.265859 0.100525 0.017399 -0.015966 0.025609 0.206144 0.065349 0.003912 -0.171227 -0.199830 -0.023578 0.185356 0.068366 -0.129095 -0.290506 -0.343351 0.010338 -0.013746 -0.323219 0.069002 0.052672 0.088324 -0.111696 -0.190235 -0.072981 0.293030 0.084440 -0.166035 0.064543 0.006955 0.112576 -0.032103 -0.013006 -0.279169 -0.115792 0.249304 -0.034547 0.086261 -0.021485 -0.220248 0.030099 0.084390 0.037048 -0.256846 0.017303 0.037334 0.095841 0.273213 -0.063127 0.000026 0.053130 -0.157977 0.112890 -0.073472 0.037865 -0.066623 -0.033782 0.071989 -0.011555 0.027619 -0.149469 0.073298 0.064749 0.048347 -0.103132 0.046593 0.054536 0.163104 -0.090895 0.153365 0.195538 -0.023862 0.058588 -0.034493 -0.078736 -0.077967 0.312905 0.030525
-0.002546 0.276486 -0.192629 0.048837 -0.202522 0.358139 0.043476 -0.005748 -0.039903 0.379172 -0.053814 0.342669 0.069635 0.187618 -0.208738 0.020419 -0.029927 0.018585 0.033934 0.023273 -0.217426 -0.265924 -0.061013 0.013208 -0.270653 -0.081240 -0.259861 -0.039124 -0.090026 -0.388266 0.044546 0.012974 -0.020144 0.252997 -0.013730 0.006110 -0.353565 0.018322 0.293680 0.199612 -0.030297 0.046103 -0.569273 -0.021390 -0.042636 -0.055114 -0.082651 0.128072 0.131529 -0.010730 -0.161910 -0.140449 0.038387 -0.131164 0.080340 0.300548 -0.267410 0.298166 0.109143 0.324167 0.047813 -0.195166 0.280681 -0.064425 0.117524 -0.302473 0.130135 0.008955 -0.100125 0.181485 0.024113 -0.068904 0.081022 -0.019571 -0.107148 -0.034045 0.000528 -0.272939 0.157352 -0.169999 -0.078589 -0.046037 -0.047234 -0.057076 -0.172982 -0.216065 0.041214 0.332551 0.031589 -0.060144 -0.174968 -0.046434 -0.116351 -0.024911 -0.182632 0.278034 -0.376563 -0.141578 0.004046 0.071478 0.272028 0.036369 -0.104266 0.023485 0.280473 -0.135576 0.146939 -0.193786 0.057892 -0.079676 -0.414007 0.027580 0.048907 -0.288921 -0.070025 -0.156205 0.037227 -0.442266 -0.035559 0.019690 0.041621 -0.006223 -0.213970 -0.020495 -0.072108 0.260058 -0.130141 0.146348
-0.251060 -0.013389 0.118313 0.355828 -0.044964 -0.296705 0.074834 -0.077967 0.145635 -0.001126 0.118878 -0.026145 0.079711 -0.249997 -0.106167 0.135990 -0.370209 -0.296753 0.051246 0.274267 -0.023257 0.226746 -0.218497 -0.091478 -0.121692 -0.081578 -0.019268 -0.168981 0.037707 -0.095466 -0.221093 -0.160261 -0.103535 -0.123074 -0.093305 0.155697 -0.168314 0.007755 -0.334386 0.089580 0.008760 -0.029979 -0.265012 -0.184869 0.040993 -0.126284 0.065450 -0.092468 -0.182186 -0.123611 0.151120 -0.231670 0.236975 0.187434 0.179357 0.168559 -0.147979 0.071048 -0.156461 0.355202 0.006276 -0.025019 -0.410595 0.112340 0.266298 -0.116126 -0.229283 -0.015037 -0.050510 -0.156775 -0.044231 -0.081735 -0.102164 0.183518 -0.352093 -0.001968 0.126933 -0.121553 0.109852 -0.081254 0.011373 0.071139 -0.523030 0.174497 0.129772 0.143119 0.131575 0.179105 -0.011343 0.104423 0.000370 0.216553 -0.170361 -0.001477 -0.293557 -0.092104 0.071801 -0.122761 0.045120 0.068896 0.103052 0.248644 -0.130887 0.033082 -0.176045 0.025155 -0.064988 0.215295 0.494485 0.090316 -0.033140 0.035294 -0.030723 0.151854 0.022199 -0.025907 -0.085132 0.192051 0.178413 0.244183 -0.159018 0.137908 -0.262349 0.015061 -0.000370 -0.009628 0.077629 -0.200676
0.071350 -0.090716 0.019210 0.088309 0.336289 -0.006497 -0.257757 -0.029076 -0.103000 0.037055 -0.044641 0.064793 -0.142104 0.128108 -0.091374 0.025874 0.134553 -0.043748 -0.124286 0.209506 0.043481 -0.250148 -0.031742 -0.086422 0.009049 -0.196846 -0.267890 -0.028181 -0.016150 -0.224170 -0.043691 0.022745 -0.131167 -0.106251 -0.090357 0.049752 0.024454 0.150182 0.031933 0.056661 0.078484 -0.044682 0.015569 -0.038873 -0.100105 -0.038198 -0.079471 0.069805 -0.030541 0.263432 -0.316204 -0.192605 -0.272767 -0.172734 -0.184655 -0.241444 0.057818 0.201966 -0.314998 0.077625 -0.276331 0.030074 -0.313007 0.048153 -0.081037 -0.224750 -0.116498 0.052102 0.226799 -0.109082 -0.213511 -0.142227 -0.085737 -0.052125 -0.084409 0.122858 -0.043257 -0.128897 -0.172357 -0.064624 0.014785 0.075301 -0.009383 0.228106 -0.221453 -0.131021 0.290441 0.139633 -0.114132 0.126764 -0.277552 0.082220 0.126044 0.163882 -0.101372 -0.174681 -0.124327 -0.361724 -0.013203 0.014788 0.087836 0.062397 -0.211677 -0.078030 0.129694 -0.006007 0.032276 0.233792 0.226771 0.504497 0.011137 -0.054764 -0.013242 0.112200 0.017290 -0.116855 -0.025807 -0.177044 -0.305694 0.115526 -0.087229 -0.159036 0.163060 -0.087498 0.020563 0.043958 0.005507 -0.427029
