-0.003001 0.265256 0.154318 0.000524 0.218339 -0.150834 0.234355 -0.069097 0.136772 -0.057591 -0.266401 -0.196251
-0.079383 -0.046940 -0.125440 0.055586 -0.034579 -0.062725 0.261451 0.038482 -0.054286 0.243219 -0.281286 0.144158
-0.128727 -0.156114 0.043546 0.081983 -0.276927 0.406356 -0.042801 0.456490 -0.204877 0.096589 -0.239685 -0.036329
-0.240946 -0.022364 -0.138879 0.113920 -0.180330 0.493987 0.025065 0.431780 -0.083381 -0.106358 -0.223851 0.078405
-0.263006 0.096396 -0.043614 0.214762 -0.048165 0.446848 0.154582 0.452146 -0.102670 -0.045834 -0.038794 0.089223
-0.109858 0.281845 0.331694 0.169283 -0.029459 0.283458 0.205931 0.200645 -0.144160 -0.080143 -0.090242 -0.108025
-0.083310 0.207504 0.222904 0.176955 -0.184616 0.173256 0.124024 0.101621 -0.183610 -0.058555 0.212950 -0.018691
-0.168422 0.134365 0.156614 0.109688 -0.223915 0.150085 0.125589 0.193921 -0.212756 0.057478 -0.012689 -0.014073
-0.097418 0.153564 0.194909 -0.070377 -0.215494 -0.055589 -0.083363 0.141792 -0.055086 0.153058 0.128027 0.169012
-0.241291 0.137138 -0.016666 -0.081187 -0.350625 -0.011947 -0.147082 0.094075 -0.268120 0.105783 0.154319 0.283468
-0.232758 0.058292 0.332977 0.051131 -0.316898 -0.040003 -0.030907 0.104733 -0.058344 0.113766 -0.084469 0.143088
-0.115845 0.126385 -0.011841 0.009934 -0.144930 -0.160939 0.222242 -0.045111 -0.128954 0.153842 -0.099193 0.245706
-0.077257 -0.008588 -0.052110 0.141349 -0.096540 -0.026141 0.155389 0.093007 -0.209586 -0.017570 -0.023301 0.287390
-0.139374 0.066925 0.050064 -0.009457 0.093106 -0.033834 -0.074296 0.045751 -0.053620 -0.015019 0.164085 0.184454
-0.257663 -0.029413 0.154152 -0.099625 0.033471 -0.065269 -0.079094 0.037834 0.044115 0.171245 0.043672 -0.022874
-0.026855 -0.157104 0.317861 -0.006679 0.104448 -0.108343 -0.036080 -0.062059 -0.029294 0.230719 0.197467 0.023143
-0.166800 -0.195238 0.090502 -0.050064 -0.050072 -0.033668 -0.060695 0.069172 -0.098808 0.157611 0.216858 0.070239
-0.008387 -0.308136 0.544227 0.061181 0.065463 0.235356 0.177018 0.105547 -0.032011 0.069040 0.077271 -0.110987
0.201960 -0.128898 0.283247 -0.006378 -0.060376 0.193888 0.144858 0.198743 -0.215720 0.127443 -0.210535 -0.008021
0.648932 0.028427 0.293216 -0.129709 -0.096159 0.202980 0.114083 0.209933 -0.196567 -0.011866 -0.424020 -0.194532
0.744922 0.017323 0.221529 0.077686 -0.065578 0.227933 0.000862 0.046004 -0.161382 -0.026041 -0.593263 -0.083332
0.637060 0.264776 0.303147 0.164997 -0.239172 -0.175717 -0.045005 0.091786 0.101526 -0.112456 -0.488402 -0.189623
0.623744 0.257612 0.082375 0.138757 -0.194033 0.032604 0.273899 -0.011083 0.254162 -0.239723 -0.483974 0.141026
0.656000 0.202088 0.083419 0.071140 -0.070864 0.190821 0.207312 0.045665 0.006440 -0.385604 -0.157854 -0.050306
-0.243464 0.207783 -0.182577 -0.024313 0.056104 -0.103955 0.307573 0.076997 0.061269 0.072272 -0.440800 -0.025018
0.008343 -0.119781 -0.058975 -0.000466 -0.081751 0.325872 0.077274 0.265133 -0.019205 0.078446 -0.117721 0.069081
0.087485 -0.171981 0.173362 0.051066 -0.194765 0.335379 -0.035327 0.447711 -0.184342 0.127672 -0.030827 0.056677
0.074275 0.066531 0.139552 0.052968 -0.044403 0.247603 0.092802 0.414043 -0.093111 -0.017641 -0.152576 0.253653
-0.089252 -0.064379 0.114585 0.051372 -0.125376 0.383980 0.220575 0.289694 0.065311 -0.186618 -0.089272 0.022242
-0.109199 0.180472 0.282875 0.082372 -0.152907 0.276224 0.057433 0.215641 -0.030886 -0.035100 0.004819 -0.036211
0.049518 0.126440 0.242494 0.093282 -0.307812 0.271086 0.159930 0.177074 -0.024667 0.131215 -0.123966 0.123684
0.069416 0.229800 0.249144 -0.024105 -0.203626 0.182571 -0.066430 0.118198 -0.196214 0.031343 -0.033273 -0.058466
0.027583 0.014538 0.026239 0.003283 -0.182752 0.193468 -0.117571 -0.052995 -0.095194 0.221903 -0.191606 0.017450
0.111515 -0.082007 0.102228 -0.029186 -0.008624 -0.001107 0.127607 0.002161 -0.319243 0.156979 -0.375974 0.294183
-0.013979 0.029612 -0.076354 -0.227690 -0.018683 0.056321 0.068210 0.057602 -0.202613 -0.113402 -0.338792 0.076123
-0.084203 0.154956 -0.311901 0.087891 -0.183327 -0.040596 0.437788 0.081328 -0.189157 0.007540 -0.226572 0.111553
0.087607 0.247187 -0.112044 -0.087953 -0.126639 -0.042738 0.475547 0.170686 -0.285916 -0.032979 0.052506 -0.040591
0.063442 -0.014252 0.032604 -0.075259 0.014022 0.050795 0.441679 0.348205 -0.393262 -0.146581 -0.068743 0.150398
-0.028874 0.091437 0.108358 0.039440 -0.004291 -0.132606 0.069507 0.180584 -0.314985 0.082651 0.063853 0.117379
-0.026954 -0.059032 0.073320 -0.078763 0.137124 -0.331409 -0.057289 0.199138 -0.209391 -0.015274 0.157460 -0.065491
0.140687 0.037670 0.083866 -0.183015 -0.049992 -0.137973 -0.113591 0.287498 -0.258825 0.014089 0.031008 -0.159053
0.510310 -0.163633 0.112234 -0.216144 0.130622 -0.204471 0.019216 0.228153 -0.139854 -0.097964 -0.191116 -0.280374
0.826917 0.011401 0.173839 -0.191109 -0.177298 0.019269 0.022452 0.379207 -0.075768 -0.146729 -0.523765 -0.166681
0.915270 0.118758 0.273184 0.020475 -0.012825 0.105519 -0.079858 0.125846 -0.078170 -0.137643 -0.689526 -0.118254
0.927732 0.285135 0.185477 0.110100 -0.157857 0.279725 0.097367 0.079022 -0.119701 -0.119580 -0.756555 -0.126659
0.592712 0.241995 0.261253 0.013601 -0.104873 0.176493 0.004593 0.011821 -0.041335 -0.238632 -0.648992 -0.085462
0.413879 0.212397 -0.073485 0.313802 -0.267335 0.044113 0.170617 0.058938 -0.030913 -0.261103 -0.576051 -0.137283
0.663874 0.007663 0.004202 0.085840 -0.367203 0.167532 0.350324 -0.055962 -0.131772 -0.141497 -0.703708 -0.120583
0.164653 0.127450 0.163499 -0.001362 0.219404 0.123455 -0.003518 0.318641 0.133230 -0.212398 -0.585336 0.168781
0.125819 0.120899 0.216801 0.032157 0.050787 0.034652 -0.021666 0.403573 -0.024390 0.255017 -0.163637 0.239141
-0.046086 -0.111735 0.277675 -0.102016 0.068375 0.073302 0.052200 0.390217 -0.057816 0.254619 -0.173767 0.165772
0.092275 -0.172330 0.486435 0.098563 -0.015850 -0.013154 -0.083592 0.356181 0.022946 0.032219 -0.086437 0.138343
0.007671 0.014379 0.237984 0.216890 -0.049873 0.101804 -0.052755 0.157402 0.062998 -0.147177 -0.185271 0.155285
-0.126624 -0.122905 0.214538 0.106292 0.030519 0.218773 -0.065126 0.098539 -0.089724 -0.008268 0.034022 0.030574
0.130629 -0.188794 0.325074 0.104215 -0.161681 0.033989 -0.074818 0.148658 0.044052 0.055841 -0.017700 0.075981
-0.098580 -0.067187 0.108432 0.005456 -0.072385 0.010060 -0.091916 0.096462 -0.199395 -0.020268 -0.043689 0.277633
-0.054362 -0.030864 0.000710 -0.087414 -0.061168 -0.094207 -0.100800 -0.011069 -0.007024 0.099489 -0.079237 0.049618
0.059875 -0.205007 -0.266703 -0.085082 -0.216785 -0.142698 0.072688 -0.189653 0.016376 0.075876 -0.364438 0.279444
-0.071422 -0.026168 -0.056388 -0.178176 -0.056202 -0.121963 0.251947 0.102480 -0.096621 -0.046561 -0.178250 0.372279
0.014108 0.030050 -0.217889 -0.221039 -0.008876 -0.091041 0.758264 0.096927 -0.108156 0.048342 -0.056313 0.140847
0.078318 0.046538 -0.136937 -0.298301 -0.052494 -0.160648 0.800807 0.228577 -0.330794 -0.123729 0.107674 0.136923
-0.010047 0.058013 -0.107857 -0.252841 -0.015659 -0.039145 0.506669 0.210660 -0.254782 -0.061774 0.201046 0.062191
0.032924 0.238417 -0.047576 -0.223518 0.139497 0.039588 0.219650 0.205338 -0.160596 -0.063238 0.366405 -0.066166
0.100406 0.271081 0.004762 -0.108061 0.041424 -0.149704 0.068596 0.265492 -0.100113 -0.013718 0.178027 -0.234792
0.688672 0.209383 -0.060395 -0.152317 -0.085090 -0.145467 -0.173113 0.120284 -0.141611 -0.081820 0.005333 -0.185686
0.762323 0.062830 -0.134014 -0.142646 -0.058299 -0.075673 -0.189236 0.092383 -0.029941 -0.003668 -0.234357 -0.170021
0.718242 -0.023767 -0.076591 -0.243193 0.019879 -0.084441 -0.160563 -0.014610 -0.069001 0.002477 -0.339770 -0.085673
0.709124 0.130580 -0.143027 0.077619 -0.083821 0.111129 -0.066914 0.052702 -0.098197 -0.018943 -0.397382 -0.166509
0.541641 0.128650 0.063334 0.014741 -0.075894 0.418165 -0.071803 0.276769 -0.140302 -0.158357 -0.261724 0.020849
0.234565 0.176111 0.005636 -0.034465 -0.248476 0.393446 0.023555 0.204875 -0.168858 -0.202962 -0.347033 -0.021757
-0.048354 0.290323 -0.007362 0.382569 -0.295946 0.315981 0.137567 0.247703 0.111812 -0.024552 -0.079221 -0.010205
0.204847 0.172369 0.053691 0.068261 -0.149252 0.102606 0.273248 0.207003 -0.010809 -0.270445 -0.407936 0.080148
0.307740 0.124339 0.379727 -0.030426 0.486484 0.263855 0.071009 0.663449 -0.116955 -0.106685 -0.315227 0.329581
0.176743 -0.057845 0.297569 0.157463 0.174505 0.106432 0.144255 0.615704 -0.008288 -0.028631 -0.217687 0.394791
0.069916 -0.214214 0.389235 0.082429 0.112138 0.183464 0.015469 0.393226 0.034336 -0.016350 -0.237439 0.311584
-0.107526 -0.039773 0.455835 0.120312 0.044828 -0.090956 0.190798 0.134256 -0.033103 -0.077287 -0.182422 0.277767
-0.049447 -0.073967 0.154268 0.124923 0.131795 0.157582 0.112091 0.005969 0.060135 0.145357 0.009223 0.062866
-0.040458 -0.181804 0.066847 0.103620 0.057009 -0.051547 -0.037006 -0.108594 0.192048 0.011466 0.102396 0.081468
-0.017330 -0.087469 0.425335 -0.097673 0.047305 -0.134496 -0.150694 0.043215 0.033697 -0.066721 0.016589 0.167952
-0.039683 -0.085259 0.154821 -0.175635 -0.185284 -0.149671 -0.265109 -0.038239 0.070749 0.102704 -0.064450 0.157298
-0.081149 -0.212277 0.182914 -0.073129 -0.110222 -0.097306 -0.220058 -0.127042 0.024960 0.045524 0.022619 0.092043
-0.087944 -0.094359 0.072101 -0.140499 -0.077634 -0.019347 -0.160017 -0.051916 0.165577 0.142475 -0.023297 0.028866
-0.111972 -0.223543 -0.184032 -0.119712 -0.103665 -0.080298 0.295598 -0.073545 -0.150901 0.090361 -0.224983 0.092021
-0.090663 -0.149252 -0.122482 -0.237010 -0.136368 -0.059942 0.725679 0.176194 -0.249349 -0.186817 0.122241 0.106242
-0.127115 0.070255 -0.164599 -0.285315 -0.187863 -0.138713 0.597327 0.070391 -0.098610 -0.089991 0.280700 0.003798
-0.129673 0.053947 -0.194698 -0.238856 -0.025704 -0.131613 0.329076 -0.044836 -0.187816 0.007682 0.366247 -0.156779
-0.247640 0.197720 -0.298591 -0.167520 -0.073396 0.076270 0.168419 0.134276 -0.205828 -0.011464 0.313829 -0.251453
0.055416 0.148245 -0.265713 -0.199884 0.016708 -0.059374 0.008986 -0.023072 0.050158 -0.078670 -0.072672 -0.086563
0.836112 0.315388 -0.208806 -0.160506 -0.100668 0.046612 -0.083801 0.034438 0.097532 0.104499 0.092609 -0.119840
1.033431 0.117513 -0.330069 -0.088822 -0.198440 -0.087415 -0.052626 0.127081 -0.013845 0.161244 -0.164363 -0.233786
0.759301 0.084977 -0.225119 -0.099285 -0.078667 0.122048 0.055076 0.024354 0.218891 0.025510 -0.235635 -0.027114
0.405205 0.059362 -0.107575 -0.024378 -0.157391 0.192123 -0.110403 0.001842 0.044082 0.023296 -0.186932 0.046220
0.282674 0.310095 0.023106 0.065017 -0.233769 0.222252 0.062804 0.100325 -0.009652 -0.129936 -0.163289 0.012379
-0.042005 0.291166 0.223534 0.102272 -0.177557 0.336273 0.128328 0.160999 0.012528 -0.018587 -0.299969 -0.000456
-0.387996 0.026598 0.033840 0.199318 -0.223784 0.175270 0.307264 0.114789 0.192402 -0.127472 -0.051373 -0.042604
-0.070221 0.030845 0.143723 0.299079 -0.345744 0.098475 0.133450 0.193647 0.507353 -0.355486 -0.136316 0.263708
0.255584 0.160917 0.336405 -0.044157 0.184528 -0.143302 0.246456 0.577809 -0.167880 -0.136560 -0.281094 0.268190
0.187629 0.129698 0.346125 0.024773 0.130222 -0.053104 0.161786 0.395319 -0.199347 -0.111119 -0.003218 0.076618
0.221136 -0.073869 0.256958 -0.156063 0.009945 -0.069397 0.233003 0.183209 -0.015591 -0.002783 -0.026829 0.098441
0.106279 0.018960 0.279515 -0.114776 0.093006 0.119399 0.119936 -0.037587 -0.098037 0.001284 -0.137996 0.151029
0.040050 0.161129 0.073101 -0.127596 0.191309 0.067336 -0.004879 0.084186 0.088698 0.009108 -0.033692 0.211444
-0.099667 0.015852 0.010201 -0.153648 -0.002829 -0.093018 -0.151428 0.090820 0.185019 0.039634 0.080734 -0.034225
-0.088819 -0.113482 0.176967 -0.257000 0.263460 0.152323 -0.306402 0.024197 0.077165 0.104301 0.241084 0.193620
-0.169750 -0.039581 0.045007 -0.446819 0.043138 0.010888 -0.380296 -0.124919 0.062115 -0.019742 0.059479 0.107228
0.051288 -0.116618 0.031863 -0.502124 -0.129961 -0.290557 -0.260262 -0.134284 -0.018678 0.073727 0.159678 0.093627
-0.035877 -0.060753 -0.063086 -0.235508 0.029191 0.010783 -0.206754 -0.163160 -0.007237 -0.043176 0.078954 0.003497
-0.172646 0.278677 -0.132223 -0.280409 0.080401 0.172911 0.152962 -0.008193 0.045980 -0.047980 0.153362 -0.084577
-0.070152 0.244406 -0.469109 -0.078998 -0.111887 -0.092892 0.393948 -0.091180 -0.009939 -0.134995 0.448355 0.016093
-0.258299 0.198774 -0.147235 -0.055533 -0.282924 -0.153675 0.358331 0.019210 -0.106902 -0.010658 0.568944 -0.125333
-0.145562 0.442672 -0.237736 -0.044589 -0.126117 0.095973 0.187400 0.056792 0.024888 0.024877 0.439741 -0.085941
-0.135903 0.369124 -0.214895 -0.074475 -0.099212 0.195652 0.015662 0.117834 0.078583 0.032776 0.434652 -0.301681
0.676443 0.300539 -0.280494 0.093524 -0.037922 0.004943 0.054940 -0.013068 0.071659 -0.013053 0.177717 -0.238102
0.870131 0.109651 -0.254151 0.132687 -0.203424 0.010359 -0.063168 -0.036380 0.111669 -0.063380 0.097275 -0.193776
0.718432 0.132980 -0.083360 0.026798 0.038853 0.184500 -0.009062 0.020147 0.207226 -0.143224 -0.022008 0.012231
0.301733 -0.095387 -0.057985 0.040267 -0.074443 0.028699 0.078974 -0.005636 0.071659 0.129444 -0.166715 0.077357
0.224495 0.061229 -0.057952 0.050274 0.041063 0.008134 0.109557 -0.009643 0.312596 -0.190418 -0.177515 0.163973
-0.201906 0.120535 0.110028 0.079362 0.015947 0.110357 0.114176 0.111946 0.118408 -0.213192 -0.191387 -0.055664
-0.316344 0.164467 0.227182 0.002285 -0.095239 0.023547 0.057301 0.081056 0.270685 -0.122646 -0.161292 0.071313
-0.285586 0.082799 0.207345 0.315513 -0.303917 -0.043795 0.164313 0.048062 0.409028 -0.027064 -0.402201 -0.068884
-0.378623 -0.160264 -0.015827 0.361092 -0.312093 -0.028497 0.192135 0.332460 0.607629 -0.244241 -0.368575 0.140626
0.113666 -0.028999 0.126505 -0.019858 0.060475 -0.032976 0.457187 0.421492 -0.299641 -0.219000 0.238737 0.194934
0.097476 -0.169121 0.229850 -0.115180 -0.009969 0.171265 0.464041 0.322398 -0.205411 -0.025992 0.131391 0.063341
0.251529 0.058310 0.084727 -0.073328 -0.004332 -0.053736 0.267046 0.130337 -0.183166 0.149403 0.092983 -0.137775
0.008173 0.028630 -0.003058 -0.112567 -0.129674 0.035278 -0.010076 -0.003116 -0.060457 -0.182687 -0.111384 -0.154379
0.044365 0.107841 0.035205 0.020557 0.081050 0.343079 -0.020220 0.013556 -0.044693 0.122484 0.222025 0.011025
-0.153259 0.050909 -0.109888 -0.141760 0.104397 0.123640 -0.039484 0.078393 0.024737 0.049789 0.258857 0.077262
0.129914 0.013864 0.020470 -0.080906 0.096164 0.158019 -0.199467 0.046851 0.143768 0.104033 0.210277 -0.008769
-0.125090 0.097195 -0.083719 -0.151290 0.034324 0.004506 -0.290830 -0.195707 -0.146587 0.071700 0.056930 0.117749
0.099549 0.101998 -0.078976 -0.333590 0.008559 0.187365 -0.126053 -0.243622 0.072787 0.066560 0.190364 0.151766
0.010029 0.243582 -0.194801 -0.188245 -0.094911 -0.004566 -0.224061 -0.014239 0.008663 -0.011722 0.353083 0.064075
-0.013844 0.220568 0.008560 -0.050105 -0.005382 -0.041982 0.399688 -0.036379 -0.154813 -0.089622 0.516521 -0.029583
-0.351745 0.406543 -0.170445 0.049515 -0.173016 -0.004090 0.589415 -0.146405 -0.072853 -0.112753 0.612921 0.046174
-0.140634 0.533215 -0.139172 0.054774 -0.151491 -0.088238 0.401076 -0.120132 0.045410 -0.109975 0.202028 -0.190028
0.014014 0.391838 -0.252031 0.270350 -0.054571 -0.144149 0.170457 -0.167171 0.052869 0.026731 0.223626 -0.134244
0.189308 0.111427 -0.033325 0.148526 -0.226860 0.113442 -0.110144 -0.080878 0.219199 0.161198 0.038217 -0.145514
0.657765 0.219776 -0.085012 0.138611 -0.386459 0.022574 -0.137270 -0.137628 0.174273 0.032958 0.017441 -0.080665
0.503542 0.141120 0.047751 0.117398 -0.207789 0.096965 -0.080078 -0.121482 0.116080 0.034947 0.125081 0.141349
0.397460 -0.060036 0.129237 0.148744 -0.304139 0.119626 -0.158624 0.015032 0.252538 -0.129275 -0.044333 0.005885
-0.033578 0.054747 0.215056 0.192679 -0.043342 0.111534 0.062296 -0.030444 0.345266 0.191396 -0.004196 -0.002067
-0.101912 -0.097863 -0.049885 0.089228 -0.018695 -0.166712 -0.065579 -0.062862 0.218907 0.047648 -0.200354 0.071901
-0.144232 0.107806 0.046126 0.272835 -0.008444 -0.060866 -0.025686 0.054355 0.221224 -0.080022 -0.220529 0.074408
-0.450392 0.012268 0.357963 0.059704 -0.200889 -0.098054 0.088796 0.024694 0.202540 -0.223110 -0.280133 0.179374
-0.322917 -0.001393 0.268948 0.115886 -0.289172 -0.189626 0.154255 -0.069581 0.158208 -0.058903 -0.301694 0.127643
-0.360150 0.094627 -0.090068 0.187211 -0.340252 -0.234465 0.234082 0.076830 0.169225 -0.171021 -0.337780 0.044425
0.240592 0.044718 0.101256 -0.292169 -0.010862 -0.185115 0.262823 0.341281 -0.233787 -0.092915 0.212159 0.162659
0.156549 -0.059766 0.193706 -0.134524 -0.137427 -0.132499 0.078586 0.202207 -0.257872 -0.224241 0.322552 0.024365
0.088788 0.067589 -0.010837 -0.087867 -0.264349 -0.059593 0.310054 -0.098745 -0.028190 0.014098 0.052052 0.009534
0.051529 -0.151585 0.013993 -0.000617 -0.196890 0.127785 -0.007211 -0.184578 -0.060768 0.064501 0.165770 0.061692
0.116255 0.147109 -0.046352 -0.084356 0.023260 0.102132 -0.173948 -0.079530 0.119093 0.044190 0.300926 0.102865
0.135205 -0.068182 -0.106547 -0.072887 -0.060079 0.014652 -0.189546 -0.073765 -0.010010 0.114732 0.207478 0.042655
-0.193020 -0.028226 -0.016557 -0.116005 0.052117 0.023860 -0.132352 0.097848 0.049839 0.083869 0.296701 -0.067619
-0.154165 -0.162128 -0.124908 -0.014325 0.142673 0.057191 -0.281781 -0.132478 0.040834 -0.017096 0.218768 0.258994
-0.076907 0.122453 0.089759 -0.128440 -0.036096 -0.028037 -0.289601 -0.175656 0.162857 -0.126121 0.345007 0.009452
-0.255757 0.167325 -0.012091 0.057330 0.120383 0.048834 0.051811 0.038732 -0.102539 -0.240054 0.359300 -0.040852
-0.074812 0.012165 0.018835 0.112979 0.086295 0.138639 0.192869 0.055983 -0.158977 -0.062536 0.563811 -0.188426
-0.106493 0.071639 -0.262424 0.084834 -0.195711 -0.004103 0.472715 -0.324425 0.028734 0.103614 0.526015 -0.197389
-0.080828 0.035840 0.024614 0.060844 -0.006081 0.045052 0.240287 -0.132494 -0.116996 -0.099854 0.256317 -0.096735
0.425956 0.059061 0.148243 0.002451 0.007772 0.146515 0.164228 -0.042843 0.083595 -0.096041 0.197607 0.006403
0.499093 0.045357 0.045588 0.032060 -0.159992 -0.049686 -0.005835 -0.132030 0.046198 -0.023269 0.177406 0.119545
0.647094 -0.151016 0.073488 0.080288 -0.119694 -0.001560 -0.193241 -0.132601 0.169211 0.103596 0.078931 0.043376
0.536108 0.103093 0.143702 0.033041 -0.086890 0.135511 -0.135149 -0.029981 0.109078 -0.040516 0.043840 -0.066032
0.165191 0.197992 0.233458 0.116366 0.050766 -0.044555 -0.204901 0.036419 0.261740 -0.015983 -0.169467 -0.028185
-0.161192 0.108127 0.024821 0.144574 -0.058341 0.135048 -0.138269 0.120072 0.234614 0.130561 -0.133178 0.127614
-0.194254 -0.011697 0.076957 0.014111 0.005628 -0.106572 0.122696 -0.104845 0.180086 -0.034105 -0.123667 0.173986
-0.380708 -0.027962 0.027256 0.047523 0.010588 -0.065159 -0.035058 0.119071 0.308201 0.046965 -0.321790 0.160948
-0.249289 0.130270 0.221265 0.146493 -0.149614 0.050264 0.061387 -0.090746 0.189481 -0.072398 -0.066741 0.057429
-0.327691 0.077990 0.216614 0.087531 -0.339154 0.038067 0.070286 -0.118969 0.044186 -0.048790 -0.330748 0.164731
-0.222090 -0.001218 0.162678 0.062841 -0.210018 0.094206 0.093364 0.067843 -0.004842 -0.257326 -0.094018 0.230922
0.114844 0.165497 0.007684 0.003500 0.057390 0.013229 0.155979 0.100807 -0.178882 -0.168862 0.071780 0.122826
0.003259 -0.128943 -0.026002 -0.016522 0.099479 0.067251 -0.012656 0.026181 -0.248185 0.079690 0.121763 0.124472
-0.008213 -0.041634 -0.099142 -0.078239 -0.144431 -0.057754 -0.056341 0.010282 0.058116 -0.071232 -0.009219 0.020978
0.172160 -0.093602 -0.069409 -0.003900 0.026150 0.231812 -0.010127 -0.278136 -0.114492 -0.010054 0.236144 0.026965
0.131706 -0.196135 0.037260 -0.091333 -0.026440 0.097299 -0.224218 -0.260792 0.129781 0.004738 0.365068 -0.022992
0.109215 -0.291549 -0.052901 -0.011469 0.113504 0.029372 -0.094669 -0.112062 0.062032 0.059441 0.390611 0.012083
-0.076649 -0.203763 0.112039 -0.118147 0.141453 0.119256 -0.039407 -0.236262 -0.083481 -0.007128 0.487865 -0.081415
-0.068226 -0.208466 -0.105083 -0.090886 0.017383 0.100955 -0.278708 -0.170672 -0.035258 -0.017565 0.297310 -0.008958
-0.073695 -0.111596 0.077105 0.120261 0.187172 0.050939 -0.311335 -0.104869 -0.028672 -0.070043 0.448783 0.121274
-0.040418 -0.144332 -0.184236 0.105740 0.035609 0.221644 -0.004195 -0.128009 -0.105755 -0.132231 0.428707 -0.059163
-0.019362 -0.144178 -0.072472 0.033030 0.111418 0.123961 0.132207 -0.162463 -0.168715 -0.036778 0.314692 0.012886
0.060926 -0.235775 0.142657 0.052023 -0.043831 -0.055816 0.222110 0.033834 -0.015014 -0.019253 0.319850 -0.006850
-0.000114 -0.167574 0.070572 0.025852 0.009408 -0.168011 0.156417 0.002094 -0.148314 -0.106978 0.181421 0.029667
0.418477 -0.070486 0.076173 -0.041210 0.211329 0.000308 -0.005240 -0.115312 0.132876 -0.056249 0.041252 -0.017107
0.602537 -0.170127 0.084949 0.043208 -0.074026 -0.141302 -0.049916 -0.170850 -0.098785 -0.101671 -0.054131 0.095362
0.616023 -0.029379 0.154143 -0.247237 -0.166430 -0.244329 -0.173392 -0.092229 0.205217 0.045303 -0.056219 -0.010893
0.284376 0.096896 0.189527 0.007474 0.100063 -0.039619 -0.084543 -0.127595 0.007120 -0.077239 0.024335 -0.050313
-0.059029 0.169659 0.096513 -0.084279 0.065959 -0.023468 0.002132 -0.038173 -0.016444 -0.000679 0.046084 -0.021358
-0.261531 0.281663 0.169299 0.160559 -0.069760 0.118950 -0.086959 -0.077472 0.252941 0.096706 0.050465 -0.048921
-0.138318 -0.168668 -0.034165 0.155844 0.039676 0.029375 -0.076258 -0.080170 0.333486 0.057415 -0.227756 -0.023808
-0.097996 0.207020 0.078075 0.149323 -0.075376 0.141437 0.003963 0.230369 0.051538 0.070972 -0.331426 0.003507
-0.169872 0.192253 0.070643 0.068070 -0.102011 -0.029058 -0.072561 -0.110372 0.278375 -0.136492 -0.187364 0.148914
-0.127904 0.115272 0.200300 0.186287 -0.121626 -0.015779 0.059973 -0.144760 0.065704 -0.114617 -0.331025 0.073832
-0.059568 0.017807 0.490405 0.009915 -0.237793 0.159014 0.056460 0.053149 0.031276 -0.383200 -0.236056 -0.020971
0.050835 0.089074 -0.123184 -0.025330 0.072696 0.275053 0.141846 -0.182104 -0.367306 -0.014898 0.123530 -0.066726
-0.022673 0.159219 -0.130835 0.090068 0.014106 0.142862 0.044876 -0.110421 -0.175960 -0.091545 -0.012242 0.007463
0.151181 -0.163191 0.020667 0.061320 0.054503 0.138561 -0.037716 -0.148034 0.103905 0.025452 0.001368 0.155513
0.077581 -0.075818 0.038931 0.048080 -0.082408 0.277369 -0.015587 -0.297781 0.086799 -0.024714 0.089935 -0.025216
0.123304 -0.027921 -0.082308 0.072158 0.035833 0.326372 0.157910 -0.214167 0.036653 -0.116734 0.197796 0.051487
0.002510 -0.059463 0.153153 0.185560 0.022600 0.057609 -0.100055 -0.378962 0.076707 -0.070423 0.073783 -0.110791
0.039141 -0.165896 0.160511 0.189437 -0.085464 0.012456 -0.088621 -0.245316 -0.056509 0.032171 0.415578 0.009882
0.138371 -0.211190 0.086890 0.065278 0.011404 0.143089 -0.043371 -0.146027 -0.047143 -0.034030 0.494661 0.038886
-0.067785 -0.134692 -0.059612 0.156491 -0.059851 0.081669 -0.177349 -0.021796 -0.210957 -0.288643 0.396830 -0.017496
-0.108335 -0.216275 -0.107040 -0.022114 0.022272 0.194098 -0.026129 -0.017845 -0.133370 0.023613 0.301725 -0.024741
-0.053239 -0.028450 -0.141743 0.078527 -0.100721 0.166823 0.306870 -0.033121 -0.225006 -0.128061 0.177685 -0.189377
0.064769 -0.200341 -0.070307 0.035521 0.083977 -0.069621 0.380496 -0.091409 -0.167359 -0.020072 -0.005363 0.022255
0.087178 -0.139460 0.041157 -0.175394 0.159051 0.166645 0.236388 -0.102572 -0.197889 -0.077162 -0.013396 0.193320
0.351547 -0.074050 0.197629 -0.163100 0.051604 -0.009697 0.116912 -0.052645 -0.283942 0.013562 0.037564 0.036775
0.238425 0.046535 0.127010 -0.098313 0.078633 -0.083747 -0.036656 -0.140165 -0.183918 0.017419 0.047157 0.102377
0.152802 0.231481 -0.034013 0.011796 0.018420 -0.124375 -0.043279 0.093841 0.171949 -0.093815 0.020970 -0.058478
-0.102994 0.218743 0.138655 -0.177539 0.017454 -0.087614 0.170183 -0.177716 -0.099409 -0.063784 -0.106528 -0.134900
-0.244890 0.331760 0.170268 0.086621 0.053376 0.023661 -0.065901 -0.167592 0.112688 0.101739 -0.002932 -0.211200
-0.261037 0.241494 0.079179 0.224678 0.020579 0.068244 -0.031844 -0.097405 -0.015676 0.175510 -0.137413 -0.075589
-0.142897 0.149766 0.235678 0.039096 -0.020111 0.195473 0.104817 -0.187047 0.036343 0.066594 0.000237 0.062063
-0.197113 0.046914 0.021210 -0.001529 -0.059039 -0.178293 0.149057 0.007477 0.046751 -0.022580 -0.031302 0.029433
-0.123331 0.132844 -0.029320 0.102607 -0.006240 0.059083 0.011165 -0.076556 0.300556 0.050233 -0.173082 0.094583
-0.038383 0.047314 0.086276 0.067316 -0.004689 0.036099 -0.043214 0.001958 0.283096 -0.127089 -0.226624 0.179662
0.094779 0.053373 0.488667 0.197947 0.158400 0.300338 -0.091756 -0.031761 0.198332 -0.219438 -0.278031 0.060838
0.033530 -0.055872 -0.055179 -0.071043 0.054718 0.064298 0.025868 -0.189228 -0.328703 0.036400 -0.013878 -0.241678
-0.238209 -0.162136 -0.018861 -0.311399 -0.206964 -0.001515 -0.125649 -0.190422 0.016242 0.089676 -0.058123 -0.237220
-0.167053 -0.271211 -0.079801 -0.012799 0.148429 -0.044234 -0.152644 0.012070 -0.031708 -0.106612 -0.116044 -0.033487
0.088299 -0.260961 -0.064711 -0.155268 -0.036637 0.283848 -0.071665 -0.242180 0.042150 0.021328 -0.023392 -0.145675
0.011791 -0.166635 0.235113 0.105365 -0.061408 0.161668 -0.224078 -0.128841 0.173598 -0.069689 0.154908 -0.128264
-0.040048 -0.189346 0.122398 0.044175 -0.043909 0.217244 -0.179994 -0.151401 -0.002719 -0.271257 0.147415 -0.077203
-0.152938 -0.056244 0.060889 -0.084815 -0.056835 0.011206 -0.065907 -0.119856 0.022748 -0.002168 0.159632 -0.102378
0.050682 0.118732 0.073775 0.186116 -0.053918 0.038425 -0.154891 -0.213686 0.007424 0.139884 0.261539 0.000404
0.149833 -0.006756 -0.138155 0.170196 -0.041328 0.076491 -0.172718 -0.091800 -0.008207 -0.025233 0.505047 0.024282
-0.007796 -0.081546 0.001080 0.042179 -0.009956 0.204553 -0.090506 0.045216 -0.277759 -0.053942 0.213839 -0.058342
-0.175136 -0.075496 -0.012409 -0.022443 0.126332 0.075266 0.154841 -0.017042 -0.137236 0.010391 0.160283 -0.243842
0.055590 -0.100516 -0.097143 -0.081957 -0.188005 0.046289 0.383094 -0.193421 -0.050391 -0.004380 -0.047939 -0.142036
0.120176 0.099262 0.089690 0.112869 0.048627 0.195364 0.134058 0.071874 -0.091010 0.029239 -0.081266 -0.117535
0.127599 0.225939 0.013404 0.203941 0.217961 0.082163 0.111970 0.099882 -0.150660 0.076859 -0.150955 -0.127525
-0.110467 0.189362 0.036312 0.041904 0.104811 0.007838 -0.074499 0.145352 -0.208264 -0.078365 -0.160742 -0.065784
-0.012470 0.179382 0.045109 -0.066103 0.047374 -0.185179 -0.007115 -0.076040 -0.190754 0.093602 -0.030500 -0.232159
-0.248968 0.214002 -0.061122 -0.022462 -0.005708 -0.126646 -0.113910 -0.043076 -0.244594 -0.049556 -0.157909 0.036575
-0.196328 0.442161 -0.013457 -0.043092 0.033598 -0.095763 -0.099002 -0.203714 0.091937 -0.006826 -0.070252 -0.036663
-0.162300 0.432645 0.084921 0.121090 -0.211476 -0.188703 0.090847 -0.010680 -0.067093 0.106112 -0.116494 -0.032108
-0.095724 0.405203 -0.105081 0.053900 0.047044 0.076749 -0.025796 0.057004 -0.069621 -0.059644 -0.002653 0.292647
-0.125352 0.296503 -0.125942 0.024349 0.053196 -0.152606 0.068583 -0.101842 0.205210 -0.117584 -0.186769 0.056042
-0.135432 0.200226 -0.098128 0.117639 0.006381 -0.090848 0.156668 -0.214374 0.560472 0.101005 -0.110196 0.161735
-0.137966 0.298024 -0.085715 0.282148 -0.006567 -0.071388 0.141420 -0.023132 0.401202 0.000610 -0.411138 0.075323
0.031862 0.425272 0.034541 0.178934 0.137522 0.002343 0.044038 -0.172050 0.334629 0.039162 -0.367273 0.035421
0.093407 -0.442398 0.045756 -0.256100 0.146933 0.232857 0.003907 -0.460570 -0.172420 -0.203527 -0.041491 -0.166682
-0.047930 -0.364275 0.104963 -0.070319 0.020225 0.112245 0.013045 -0.276108 -0.000030 0.009321 -0.070330 -0.127121
-0.041971 -0.390029 0.101535 -0.038161 0.041154 -0.110486 0.112456 -0.151998 0.149812 0.098947 0.001839 -0.219103
-0.037429 -0.296700 -0.017369 -0.056428 0.030026 0.243337 -0.041188 0.080243 0.135247 0.009341 0.003426 -0.255041
-0.045517 -0.186534 0.181716 -0.076951 0.064927 0.366817 -0.122704 0.125666 0.125063 -0.070690 0.170823 -0.048219
-0.011543 0.002124 0.081265 -0.177199 -0.084023 0.266178 0.058179 0.061296 0.049101 -0.104509 0.089381 -0.091175
-0.192586 0.130016 0.183761 -0.171851 -0.167561 0.144453 -0.160408 0.136315 0.103626 -0.073371 0.129339 -0.104891
-0.032585 0.010907 -0.022691 -0.171650 -0.168964 0.079440 -0.278919 0.097285 0.037458 -0.135355 0.196279 -0.214359
-0.043706 0.077428 0.027894 0.072006 -0.169361 0.011960 -0.163209 0.064671 0.055518 0.027161 0.133671 -0.027290
-0.003975 -0.131512 0.032161 0.112945 0.099885 0.082591 -0.070646 0.070462 -0.045060 -0.008403 0.014665 -0.142920
-0.129398 0.093518 -0.141891 -0.045832 0.030676 0.045584 -0.008898 0.093301 -0.129099 0.032482 0.174800 -0.119758
0.020970 0.103509 -0.124077 0.055804 -0.047236 0.118109 0.156555 -0.070193 -0.022108 0.157449 0.011441 -0.108491
0.044647 0.146869 0.104415 -0.087091 -0.042053 -0.051819 -0.011431 -0.082584 -0.003138 0.083055 -0.019067 0.031089
0.072254 0.322255 0.028462 -0.047832 0.180417 0.232185 0.017354 -0.118052 -0.141740 0.033080 0.032376 -0.107509
-0.215560 0.357613 -0.106182 0.083023 0.132616 0.042262 -0.165044 -0.028588 0.193476 -0.085528 -0.036753 -0.087237
-0.192916 0.232366 -0.123434 0.066779 0.344096 -0.086370 0.161482 -0.000986 -0.110279 -0.188247 -0.235551 -0.156123
-0.155076 0.172785 -0.134643 0.065081 0.008251 -0.244445 -0.139505 -0.118178 -0.145706 0.115372 -0.016782 -0.118894
-0.064061 0.390071 -0.043126 0.041219 0.118520 -0.072496 0.043260 -0.111669 -0.094773 0.086008 -0.037117 -0.090390
-0.173756 0.389671 -0.107863 0.138106 0.100004 -0.102418 0.094247 -0.088322 0.010901 -0.122797 -0.062307 0.041818
0.022352 0.352991 0.093981 0.171783 -0.064824 -0.059171 0.167151 -0.042178 0.135922 -0.074305 -0.044175 0.068512
-0.112309 0.173312 -0.083056 0.067011 0.016496 -0.150665 0.147748 -0.081433 0.091036 -0.074284 -0.192375 0.067132
0.052177 0.060119 -0.189492 0.042721 0.057215 -0.145301 0.299910 -0.120439 0.193228 0.083358 -0.199828 0.091669
0.058087 0.200903 -0.252693 -0.040460 0.314386 -0.055964 0.193065 -0.174062 0.332850 0.015786 -0.387634 0.269224
0.218899 0.282241 -0.204144 0.311054 0.403821 -0.033122 -0.015080 -0.282332 0.213641 -0.164821 -0.388640 0.023259
0.380269 -0.339915 0.020183 -0.030671 0.039313 0.281066 -0.123835 -0.685162 0.147356 -0.186641 0.113901 0.063228
0.364229 -0.424918 0.059854 -0.095645 -0.211681 -0.023678 0.068686 -0.257467 0.148429 -0.070650 -0.077689 -0.158707
0.300222 -0.611051 -0.008375 -0.140198 0.033231 0.044587 0.255858 -0.261980 0.026349 0.018032 0.064929 -0.324646
0.262421 -0.378853 0.031430 -0.208797 0.156256 0.234581 0.194737 0.081613 0.004421 0.005540 0.045768 -0.166132
0.045789 -0.338398 0.125221 -0.182306 -0.030044 0.104121 0.082817 0.094047 0.156716 -0.048045 0.189664 -0.147268
0.303731 -0.017098 0.080718 -0.285123 -0.048235 0.050706 -0.010270 0.120845 0.249609 -0.042112 0.234592 -0.149339
0.006673 0.069644 0.079496 -0.115655 -0.097934 0.043788 -0.224949 0.088810 0.119606 -0.140833 0.052030 -0.032042
-0.147385 0.108279 0.006573 0.077674 -0.036748 0.111672 -0.143800 0.106976 0.102716 -0.279510 0.029595 -0.156835
-0.049361 0.065932 -0.093959 -0.002456 0.013385 -0.080191 -0.197743 0.139655 0.205153 -0.181802 0.167941 0.179220
-0.062567 -0.081500 -0.050553 0.009378 -0.024423 0.096491 0.009236 0.003676 0.270786 -0.297995 -0.127940 0.071888
-0.030038 0.098612 -0.104971 -0.116901 0.135286 0.172385 0.065106 0.225271 0.119869 0.012761 -0.191044 0.016121
-0.138238 0.116181 0.025577 -0.030337 0.101527 0.081722 0.132557 0.064437 0.161971 0.130549 -0.140213 -0.033608
0.068707 0.224770 0.066336 0.030858 0.201351 0.242057 0.125760 0.072953 0.214278 -0.031265 -0.161834 -0.027906
-0.088120 0.084756 0.219436 -0.140799 0.133238 0.117178 0.027658 0.131672 0.066302 0.077685 -0.129955 -0.091669
-0.014259 0.221881 0.016666 -0.037728 0.191908 0.183545 0.265111 -0.013455 0.119196 -0.071043 -0.009278 -0.190480
0.081831 0.052700 0.000801 0.109600 0.295793 0.093241 0.095180 0.003262 -0.070253 0.055037 0.085596 -0.205026
0.074264 -0.017559 0.016137 -0.079909 0.211396 0.090092 -0.146742 -0.148479 -0.186835 0.125474 -0.054075 -0.081236
-0.117875 0.168721 0.055506 -0.143882 0.191568 0.026475 -0.050508 -0.083362 -0.254149 0.109548 -0.181046 -0.238158
-0.227597 -0.044029 -0.000519 0.027760 0.239692 -0.016613 0.044839 -0.119920 -0.054527 -0.005090 -0.283653 0.006864
-0.062220 0.323753 -0.067398 -0.042697 0.126392 -0.089897 0.092353 -0.188811 0.003170 0.020876 -0.122140 0.021941
-0.063327 0.134613 0.023851 0.072413 0.281758 -0.149789 0.000320 -0.076813 0.194274 -0.039119 -0.124439 -0.108996
0.068220 0.142844 -0.096428 0.060716 0.080233 -0.363255 0.139410 -0.216110 0.199483 -0.048397 -0.208089 -0.021001
0.142059 -0.011353 -0.098435 -0.062628 0.238307 -0.026403 0.236814 -0.193822 0.151681 -0.136954 -0.196909 -0.030410
0.176957 0.070818 -0.018520 0.096552 0.071311 -0.174284 0.116475 -0.330234 0.011869 -0.106623 -0.235020 -0.058941
-0.214285 0.167309 0.285968 0.314222 -0.076693 0.298989 -0.129920 -0.023866 -0.047022 -0.272638 -0.282497 0.498061
-0.138348 0.094548 -0.257384 0.283408 0.028696 0.225013 -0.049799 0.072814 0.266032 -0.102701 -0.094736 0.603286
-0.096705 0.164914 -0.236070 0.348152 0.044918 0.181435 -0.223340 0.066983 0.108578 -0.081241 -0.025704 0.471466
-0.131591 0.049090 -0.025842 0.055138 -0.053497 0.027038 -0.151245 0.062839 0.066214 -0.168420 0.179630 0.274108
-0.041829 0.035717 -0.042564 -0.076654 -0.023993 -0.161076 0.187959 0.187763 0.011979 -0.076782 0.281911 0.150158
0.185438 -0.018914 -0.198199 0.117658 0.056042 -0.118680 -0.014377 0.118395 -0.132513 0.032317 0.220109 0.211724
0.166380 0.123745 -0.053110 -0.094322 0.224472 -0.149227 0.115327 0.115339 -0.174151 0.158101 0.130712 0.036934
-0.054792 -0.003764 -0.009195 0.153768 0.073161 0.073617 0.080284 -0.089634 -0.125957 0.198926 -0.158017 -0.001748
0.087506 -0.023364 0.099007 -0.001120 0.109290 0.201307 0.201034 -0.035411 -0.164442 -0.300104 -0.025098 -0.086627
0.065755 -0.010530 -0.209736 0.029388 0.273262 0.185930 0.091241 -0.082323 -0.162150 -0.096345 -0.021579 -0.027775
-0.105669 0.205861 -0.137313 0.151929 0.223618 0.173250 0.306546 0.072236 -0.117826 -0.029901 0.070521 -0.018454
-0.033791 0.248142 0.055275 0.035649 0.003695 0.016220 0.225913 0.180002 -0.019610 0.153326 -0.034620 -0.078460
0.160392 0.247391 -0.219065 0.054028 -0.046444 -0.149480 0.132119 0.069865 0.150795 0.087962 0.076237 -0.173026
0.171202 0.066403 -0.196589 -0.071487 0.022088 -0.165630 -0.004219 0.043901 0.155162 0.232428 0.078249 -0.118149
0.011289 -0.052036 0.027153 0.065946 0.070239 0.074417 0.037978 -0.043755 0.048276 0.249659 0.201603 -0.009787
-0.053947 -0.015380 -0.058690 -0.016488 0.029344 -0.022457 0.197853 -0.249895 -0.186515 0.238702 0.058231 -0.099113
-0.083018 -0.077753 -0.246826 0.084746 0.068975 -0.023361 0.319367 -0.082603 -0.137290 0.263354 -0.097278 0.084540
-0.023886 0.027654 -0.022743 0.142034 0.217896 -0.039619 0.139906 -0.155892 0.018566 0.016725 -0.151549 0.031505
-0.063166 -0.001405 0.062281 -0.024722 0.157784 0.205055 -0.010884 -0.140948 0.062771 -0.029245 0.125023 0.485351
0.135806 -0.066366 0.134457 0.025292 0.022080 0.070319 -0.045395 0.055784 0.032376 -0.124451 0.209761 0.294730
0.021705 0.016575 0.027009 0.041136 0.035098 0.212350 0.017592 0.269803 -0.065687 0.000271 0.160353 0.187379
0.061281 0.251486 -0.185988 0.117549 0.146610 0.098351 0.219229 -0.031464 0.144461 -0.066637 -0.030453 0.013155
0.045472 0.009727 -0.290088 -0.022751 0.174478 -0.088792 0.365092 0.045918 0.086452 -0.099246 0.215268 0.133242
0.164944 0.169334 -0.208824 -0.342823 -0.092444 -0.154842 0.130999 -0.208968 0.295196 0.067281 0.320403 0.121575
0.017684 0.054604 -0.054334 0.138302 0.373605 0.159940 -0.024144 0.093188 0.249974 -0.171624 -0.010369 0.605207
-0.131320 0.336248 0.000270 0.148600 0.206712 0.188484 -0.039305 -0.135669 0.290977 -0.128436 0.059223 0.361626
-0.068945 0.245161 -0.070410 0.130510 0.213396 0.374547 0.020720 -0.265410 0.152007 -0.068746 -0.126216 0.026141
0.148201 0.101299 0.102515 0.154824 0.208160 0.120405 0.032449 -0.021128 0.145484 -0.010202 0.058549 -0.148212
0.249589 0.061929 0.121835 0.105761 0.255590 0.006242 -0.091529 0.033645 0.008875 -0.060076 0.122465 -0.081353
0.233509 0.113560 0.207546 0.047008 0.052322 0.060691 0.142646 0.007208 -0.037171 -0.112883 0.157053 -0.118705
0.130933 0.067645 0.068048 0.237115 0.168021 0.095018 -0.018298 0.103737 0.038470 0.046576 0.047411 -0.204279
0.051617 0.204586 -0.068940 0.035412 0.018471 -0.092369 0.024704 -0.120193 0.041673 -0.016251 0.087952 -0.021891
-0.091772 0.091810 0.055165 0.128958 0.079947 -0.033052 0.121242 -0.098898 0.084761 0.033953 0.167105 -0.101496
0.002078 0.230001 0.089119 0.031273 0.158961 -0.090539 0.202310 -0.002499 0.266788 -0.070693 0.229891 0.092374
0.049144 0.209277 -0.012371 0.087834 -0.050087 0.051545 0.108267 -0.090633 0.497561 0.111867 0.316378 -0.092711
0.130375 0.191007 0.177176 0.046479 0.106371 0.005613 0.019934 -0.030186 0.513921 0.003571 0.284956 -0.023130
0.236882 0.076849 0.220070 -0.060968 -0.183406 -0.064142 0.110581 -0.143638 0.392290 0.039686 0.121559 -0.124342
-0.015130 0.129019 0.037184 0.041497 -0.050070 0.026397 0.045365 0.040399 0.260656 0.140978 0.167638 -0.045176
-0.157338 -0.081587 0.109378 0.136248 0.103595 0.008336 0.077070 -0.023444 0.171870 0.071919 0.054194 -0.020023
-0.003065 -0.074848 0.109255 0.063540 0.094282 0.075567 0.141579 -0.137560 0.024019 0.066869 -0.072743 -0.048147
-0.100088 0.041460 0.191707 0.144674 0.172791 0.021986 0.176631 -0.477073 0.044529 -0.017120 -0.046904 0.156809
0.012145 -0.003863 0.067101 0.093974 0.079664 0.181122 0.142949 -0.183923 0.017013 0.063226 0.096998 0.182316
0.300352 -0.084168 0.144153 0.041284 0.032259 0.303582 -0.204801 0.124203 -0.153137 0.015241 0.015392 0.228458
0.407110 0.029499 0.014859 -0.019879 -0.006210 0.141954 -0.022394 -0.181356 -0.116551 0.010938 0.113620 0.100303
0.359317 0.106087 0.129626 0.005636 0.263075 0.331064 0.071249 -0.234464 -0.147143 0.000936 0.017262 -0.031891
0.142632 0.092498 -0.150079 0.084824 0.357806 0.142968 0.264051 -0.227464 0.097480 -0.141221 0.000361 -0.029625
0.103646 0.008382 0.155001 -0.179324 0.322440 0.071876 0.274204 -0.150808 0.123087 0.031754 0.145983 0.304192
-0.042063 0.166881 0.245410 -0.168797 0.266327 0.163055 -0.180452 -0.161312 0.160750 0.034380 0.074153 0.213325
-0.182686 0.137943 0.146683 0.014300 0.668141 0.263473 0.008319 -0.188053 0.190007 -0.307310 0.149442 0.380131
-0.082637 0.292732 0.214119 0.217941 0.298696 0.445653 0.052714 -0.192148 -0.035390 -0.133939 0.115481 -0.057809
0.025635 0.334685 0.097525 0.170772 0.417475 0.190248 0.050216 0.071921 0.188289 -0.051671 0.096077 -0.012149
0.141156 0.323789 0.358336 0.170165 0.379440 0.049542 -0.020289 0.164381 0.114889 -0.069911 0.104939 0.034519
0.142805 -0.006951 0.206881 0.015137 0.488574 0.158555 -0.102694 -0.156796 0.180970 0.055852 0.152483 0.047441
0.186457 -0.030186 -0.052021 0.095475 0.504851 0.126978 0.013857 0.253921 0.202642 -0.001238 0.120703 -0.215630
0.152737 0.000139 -0.036397 0.210372 0.459866 0.246199 0.003815 -0.075890 0.078961 -0.050679 -0.018088 -0.170670
0.150965 -0.033657 0.027943 0.068956 0.504873 -0.210871 -0.017147 0.132079 0.033519 0.021136 0.066969 -0.214232
0.025942 0.252820 0.112063 0.002492 0.043625 -0.052346 -0.006363 -0.071077 0.054255 -0.143918 -0.057021 -0.128575
0.075440 0.224175 0.323525 0.010029 -0.074192 -0.031412 -0.117708 -0.099666 0.236816 -0.042835 0.102762 -0.140457
0.194062 0.157664 0.028497 0.062985 -0.267520 -0.006961 0.205780 -0.069577 0.223324 -0.004634 0.114341 0.068119
0.044519 0.208577 0.069335 -0.082816 -0.056382 0.044972 -0.055634 0.162797 0.177811 -0.070127 0.070144 0.278803
-0.121829 -0.098996 -0.100738 -0.029978 -0.091625 0.015558 -0.028562 0.133992 0.044250 0.186922 -0.068111 -0.068036
-0.039904 0.068885 -0.112704 0.002806 -0.011494 0.041862 0.132916 -0.038044 0.139206 0.127289 -0.006726 -0.135041
-0.161784 0.054492 -0.093953 0.094169 -0.082120 -0.048265 -0.010797 0.025971 0.090135 0.068428 0.000817 -0.035850
-0.158375 -0.083347 -0.037829 0.057521 -0.067721 -0.147942 0.177333 0.212110 0.085890 -0.003774 0.077967 -0.024896
-0.078404 -0.010907 0.284320 0.008642 -0.135052 -0.085502 0.108659 -0.009194 0.027759 0.012139 0.242665 -0.005565
0.073368 -0.183620 0.221071 0.130100 -0.055217 -0.012946 -0.194921 0.065700 0.119960 -0.212224 0.020933 0.200506
0.364547 -0.214706 0.084986 -0.090105 -0.123157 0.084448 -0.000297 -0.033665 -0.048684 -0.022039 0.067026 0.126723
0.263055 0.053708 0.036444 0.043995 -0.080162 0.099866 -0.057205 -0.072494 0.117714 -0.109195 0.002480 0.044420
-0.031405 0.042117 -0.021941 0.155662 0.023434 0.001510 0.225626 0.181177 0.092647 0.098061 -0.222286 0.115972
-0.082488 0.029854 0.044093 0.094536 -0.102577 -0.087183 -0.014841 0.038282 0.182433 0.021232 0.087350 0.122615
-0.301583 0.172510 0.206558 -0.102746 0.064855 0.149419 -0.067783 0.013449 0.031014 0.091426 -0.166421 0.061179
-0.278107 -0.135074 0.149046 -0.127074 0.218197 0.084596 -0.246992 0.058466 -0.030436 -0.094269 -0.194967 -0.127016
0.011518 0.202018 -0.007515 0.079464 0.300317 0.166952 0.074060 0.023761 -0.037066 0.000823 0.343864 0.113632
-0.007529 0.228955 0.176153 0.259720 -0.073345 0.146046 0.201050 -0.140420 0.126087 -0.021211 0.358363 -0.060164
0.063791 0.277293 0.228572 0.369969 0.080223 -0.077067 0.141084 0.099726 0.147879 -0.038826 0.418828 -0.073411
0.183980 0.174705 0.103019 0.248529 0.173972 -0.000995 0.022132 -0.068210 0.321711 0.019877 0.251200 -0.104751
0.147253 0.035486 0.019934 0.117873 0.194401 0.039274 -0.083111 0.131058 0.327676 -0.058941 0.162767 -0.091140
0.162608 0.201552 -0.035561 0.132011 0.421979 0.005085 -0.021452 0.075684 0.136712 0.136709 -0.099612 -0.057071
-0.100307 0.197641 0.160044 0.187647 0.428868 0.048921 0.060063 0.034168 0.066838 0.107868 0.005287 -0.065861
0.129643 0.264485 0.068990 -0.073867 0.573709 0.152912 0.098604 -0.093417 0.173657 0.218283 -0.039972 -0.260632
-0.007040 0.270336 0.220785 0.087686 0.259331 0.090317 -0.024502 -0.013894 0.042709 -0.002718 -0.101139 -0.137216
-0.150389 0.125760 -0.065239 -0.060720 0.064728 -0.159730 0.153449 -0.017228 0.132876 0.025640 0.021757 0.062550
0.095215 -0.294161 0.025545 -0.192687 0.170533 0.009420 -0.028761 0.126948 0.016302 -0.121142 -0.105734 0.248635
0.154007 -0.118510 -0.111264 0.030277 -0.123751 -0.026129 0.059684 0.315831 -0.032028 0.159708 -0.210693 -0.056389
0.147570 -0.227779 -0.035237 0.029018 -0.031069 -0.146091 -0.120369 0.209463 -0.182675 0.163621 0.096283 0.054817
0.051834 -0.141434 0.050278 -0.072487 -0.248216 -0.238877 0.009320 -0.049840 -0.118724 -0.018402 -0.035754 -0.047274
-0.147903 -0.133711 0.108802 0.135649 -0.257270 0.003403 0.098377 -0.123135 -0.015163 -0.166853 0.102487 0.030079
-0.029728 0.022938 0.062798 0.111558 -0.092394 0.055232 0.005544 -0.042857 -0.224728 -0.006282 0.068285 0.057137
0.037454 0.018906 0.043828 0.063299 0.030700 0.041677 -0.045578 0.142649 -0.171951 -0.054458 0.289709 0.222490
0.161693 0.016359 0.052811 0.027361 0.046166 0.069886 -0.116297 0.059570 -0.014169 -0.179220 0.117094 0.128691
0.049006 -0.113252 0.064562 -0.096369 -0.083654 0.224260 0.058236 0.111561 0.115169 -0.138881 0.022505 0.149354
-0.148622 -0.004102 0.066593 0.052746 -0.117139 0.186701 0.026537 0.113070 0.109197 -0.076226 0.097695 0.105951
-0.409280 -0.003781 0.159860 0.144581 -0.226565 0.049348 -0.050599 0.015172 -0.018855 0.078251 0.151718 -0.012397
-0.546054 0.007840 0.108057 -0.039638 -0.279399 0.170485 -0.113037 0.038946 -0.003022 0.105577 0.039254 -0.231522
-0.322753 -0.007208 0.160583 -0.295446 -0.243975 0.188204 -0.256729 0.038558 -0.130571 0.019708 0.105311 -0.372750
-0.381929 -0.143944 0.016280 -0.185182 -0.246373 -0.074729 -0.131042 0.381072 -0.266260 -0.069918 -0.145417 -0.218095
-0.121210 0.218921 0.059470 0.188431 0.090555 0.009685 0.198574 -0.017073 0.069838 0.340154 0.355313 0.020497
0.016173 0.116957 0.257538 0.387502 0.065618 -0.231097 -0.057047 -0.122121 0.228251 0.186259 0.305357 -0.214620
0.179121 0.245318 -0.066595 0.192116 0.025250 -0.206293 -0.105772 -0.004510 0.282829 0.106824 0.097020 -0.218115
0.142335 -0.013556 0.048190 0.015944 0.065955 -0.180896 -0.246748 0.127649 0.337441 0.156954 0.104889 -0.082728
0.032359 0.147611 -0.212980 0.079821 -0.006369 -0.189717 -0.185633 0.142054 0.315345 0.203215 -0.071964 -0.153554
0.046403 0.279008 -0.071273 0.091391 0.164777 -0.216424 -0.050569 0.052552 0.226092 0.074251 -0.002448 -0.073422
-0.063577 0.318058 0.168509 0.045767 0.262573 -0.041243 0.062738 -0.019075 0.150426 0.056176 0.015037 -0.057233
-0.071856 0.129232 0.083659 -0.005331 0.129078 -0.045624 -0.108776 0.045100 0.257898 0.063197 -0.109020 0.016555
-0.001264 0.086875 0.058900 0.059829 -0.009280 0.076678 -0.209976 -0.064419 0.133120 -0.013241 -0.075338 0.138938
0.078159 -0.006535 0.161762 0.051121 0.096540 0.080516 -0.022010 -0.140272 -0.196280 -0.091168 0.089991 0.294179
0.234947 -0.131915 0.047868 0.176925 0.220143 0.102003 -0.193152 0.107803 -0.061449 -0.103580 0.002309 0.045496
0.343968 -0.144720 -0.036539 0.150909 0.128055 -0.139866 -0.189441 -0.095444 -0.357930 -0.026385 -0.041272 -0.101478
0.242873 -0.108776 0.130659 0.010135 0.024928 -0.108879 -0.187104 -0.058593 -0.258170 -0.042116 0.001160 0.071033
0.110946 -0.087419 0.026019 0.146152 -0.203501 0.029581 -0.033289 -0.272230 -0.429627 -0.070338 0.238773 -0.046991
-0.025025 -0.083195 0.137463 0.116191 -0.185868 0.133014 0.084526 -0.094958 -0.265921 -0.147995 0.163876 0.187130
0.141712 -0.034546 -0.096611 -0.046787 0.055483 -0.002205 -0.078088 -0.133210 -0.012606 -0.072322 0.210211 0.230246
0.065064 0.066087 0.012087 -0.071581 0.113710 -0.047427 0.157874 0.018475 0.194848 -0.048721 0.059434 0.149848
-0.010247 0.053700 0.054890 -0.165311 -0.233342 -0.015128 -0.132538 -0.036703 0.029523 -0.337094 -0.225862 0.208060
-0.081579 0.004436 -0.025754 0.035865 -0.199344 0.042062 0.177485 0.360563 0.184740 0.068487 -0.040449 0.046026
-0.528119 -0.009786 0.133858 0.081652 -0.182407 0.025254 -0.014205 0.147235 0.219721 0.017958 -0.048784 0.135735
-0.448772 0.014705 0.015588 -0.005540 -0.089334 0.171191 -0.388957 0.340733 -0.066378 -0.093906 -0.073543 0.066771
-0.411577 0.036216 0.200093 0.123280 -0.041222 0.196695 -0.114673 0.018763 -0.060179 -0.181647 0.039485 -0.258914
-0.093091 0.006502 0.073626 0.055154 0.044625 0.172626 0.174256 0.058490 -0.047939 0.087942 -0.125936 -0.298113
-0.120180 -0.041045 0.054849 0.089949 -0.163419 -0.005710 0.105738 0.004957 0.035403 0.128842 -0.025974 -0.062425
0.147200 0.195846 0.035999 0.222660 0.180310 0.017300 0.009389 -0.120386 0.177012 -0.142720 0.075205 -0.021273
0.145527 0.156892 -0.020183 0.080603 0.001672 -0.079698 -0.249593 0.059505 0.214254 0.067106 0.005460 -0.205546
0.005774 0.017112 0.111115 0.085942 -0.137012 0.016192 -0.202609 0.030141 0.183274 0.131279 -0.075382 -0.079070
-0.079373 0.036059 -0.089019 -0.292362 -0.129272 -0.092254 -0.044576 -0.013953 -0.054034 0.150109 -0.134984 -0.063123
-0.088740 0.041741 -0.040961 -0.135340 0.029242 -0.070576 -0.084352 0.036101 -0.194364 0.139821 -0.029082 0.068546
-0.087134 0.347466 0.062842 -0.137104 0.150775 -0.109481 -0.058374 -0.025553 -0.169782 0.137778 0.086671 -0.028596
0.048240 0.139190 0.173696 -0.026568 0.019468 -0.116197 -0.135809 0.101467 -0.167157 0.081750 0.102627 0.063474
-0.058793 -0.061553 -0.064722 0.036289 -0.119180 0.050521 0.063908 0.033036 0.075976 0.116074 0.140681 0.197405
-0.108279 -0.051356 0.012445 0.090716 -0.206902 -0.006725 -0.135156 0.017123 -0.124037 -0.076767 0.057080 0.083938
0.097443 -0.032456 0.096692 0.175865 -0.214819 0.234991 -0.242410 -0.014837 -0.428297 -0.036360 0.110383 0.146712
0.121866 -0.141290 0.084185 0.170694 -0.251939 0.213219 -0.050265 0.130245 -0.227851 0.071309 0.073871 0.004667
0.139750 -0.083164 0.056971 0.212073 -0.157790 -0.106473 -0.002048 0.081417 -0.205062 -0.089864 0.366313 0.018280
0.134130 0.017914 0.102919 0.121368 -0.184958 0.022227 -0.060680 -0.107178 -0.188856 0.073544 0.300724 -0.077390
0.048672 0.077918 0.245084 -0.046482 -0.110956 -0.044642 0.188480 0.030743 0.081463 -0.074348 0.355156 -0.152132
-0.024504 0.145016 -0.140534 -0.156899 0.065142 -0.136770 -0.111639 0.088644 0.064980 0.006554 0.361207 -0.021726
-0.006304 0.127207 -0.022771 -0.178444 -0.104038 0.080942 0.095428 0.127981 0.271780 -0.132531 0.168220 0.342515
0.060442 0.046562 -0.027745 -0.280106 -0.136555 0.014321 -0.107742 0.110387 0.384691 -0.243052 -0.089029 0.264623
0.021206 0.120842 0.002880 -0.128779 -0.338396 0.110061 0.350479 0.093271 0.264587 -0.151654 -0.087803 0.049518
-0.153807 -0.143456 0.025406 -0.042426 -0.092122 0.162331 0.081469 0.106375 0.046402 -0.067251 0.155588 -0.091631
-0.218305 -0.031601 0.082600 -0.041245 -0.021322 0.090679 -0.058620 0.064413 -0.000939 -0.154400 0.054431 0.000696
-0.014909 -0.005529 0.107712 0.002254 0.107441 0.111654 -0.192006 0.125641 0.163506 -0.112035 0.147636 -0.201638
0.114420 0.034515 0.138725 0.083651 0.060981 0.065328 -0.114899 0.009624 0.119990 -0.007565 -0.050306 -0.341169
0.229761 -0.194134 0.051805 0.011518 0.166133 -0.180961 -0.109315 0.130391 0.113952 0.367748 -0.102333 -0.035671
0.438320 0.148447 0.004115 0.174302 -0.145086 -0.153104 0.074826 -0.000120 -0.054559 0.360088 -0.177622 -0.018653
0.202662 -0.098078 0.364843 0.254075 0.044661 0.185029 -0.213988 0.232384 -0.106176 0.011823 -0.145040 -0.011479
0.114810 0.053583 0.389964 -0.045396 -0.254961 0.054556 -0.105942 0.182790 0.045520 0.129098 -0.269379 -0.064654
0.063687 -0.024511 0.269857 0.063934 -0.292183 0.265691 -0.084957 0.131161 0.104617 0.237166 -0.291201 0.047637
0.049355 -0.032919 0.265785 0.092914 -0.168958 0.151159 -0.117127 -0.121780 -0.133381 0.172061 -0.355457 -0.008773
0.093161 -0.109932 -0.062666 0.069194 -0.128290 0.137186 0.071192 -0.085878 -0.375940 0.217239 -0.041927 0.097314
0.013959 -0.200375 -0.077846 -0.066493 -0.243037 0.101319 0.402502 -0.167117 -0.232386 0.162955 -0.160190 0.201828
-0.024570 -0.218768 -0.217050 0.147134 -0.212589 0.214465 0.297986 0.056467 -0.197622 0.074697 0.015677 0.200379
-0.232739 -0.073658 0.090608 0.071589 -0.099581 0.267227 0.316053 0.095275 -0.261734 0.037859 0.044576 0.227895
-0.170738 -0.080287 0.119439 0.217119 -0.431694 0.087505 0.370309 0.172574 -0.135176 0.140180 0.076745 0.108935
0.132432 -0.071695 -0.003326 0.324016 -0.069284 -0.055321 0.218681 0.117391 -0.160754 -0.092461 0.402934 -0.015236
0.127627 -0.011619 0.000319 0.271758 -0.454659 0.199075 0.090576 0.023919 -0.133531 -0.120240 0.220217 -0.075805
-0.093574 0.095949 -0.006244 -0.010283 -0.184393 -0.051973 0.238658 0.034146 0.168546 -0.136410 0.360184 0.088585
-0.108620 0.126300 0.162633 -0.078284 -0.203309 0.122206 0.175732 -0.109243 0.354383 -0.153966 0.294759 -0.051620
-0.143596 0.291500 -0.177159 -0.204389 -0.022139 0.027882 0.373898 0.090804 0.427850 -0.169083 -0.014758 -0.029220
0.112236 0.241469 -0.041577 -0.213033 0.022547 0.087682 -0.058508 0.178419 0.573821 -0.345709 -0.308215 0.054973
-0.078218 0.187980 0.191273 -0.266945 -0.040727 0.060143 0.051178 0.147697 0.253511 -0.190546 -0.208035 0.059215
0.173916 0.338484 0.071910 -0.005612 0.021326 0.133001 0.179696 0.068299 0.139575 -0.247976 -0.182454 0.121041
-0.036012 0.062873 0.041252 -0.081289 0.101140 0.202118 -0.079756 0.080650 -0.086790 -0.005910 -0.164639 -0.106149
-0.188020 0.072464 0.090820 0.022870 -0.052178 0.058087 0.016638 0.088405 -0.134812 -0.086634 -0.077363 -0.183462
0.003525 -0.153549 0.220917 -0.066997 0.081728 0.294246 -0.076528 0.090587 -0.024638 0.067507 0.218552 -0.220136
0.126866 -0.111339 0.123842 -0.114226 0.201251 0.207722 0.293399 0.016507 0.215608 0.307095 0.206310 -0.070832
0.085840 -0.219102 0.153862 -0.005431 0.062430 0.057458 -0.055926 0.095351 0.104673 0.392305 0.229558 -0.187542
0.234382 -0.012000 0.091788 0.046133 -0.024407 -0.175757 -0.021734 -0.018528 0.083333 0.305250 0.084983 0.005233
0.243223 -0.125643 -0.279499 0.147657 0.064501 -0.101667 0.062356 0.138233 -0.115475 0.202409 0.050160 0.118269
0.420353 -0.139708 0.362437 0.323909 0.188940 0.285507 -0.062934 0.210533 0.116518 -0.142279 -0.200977 -0.059507
0.359130 -0.227050 0.134603 0.048437 -0.301404 0.288960 -0.018671 0.093646 -0.127384 -0.070420 -0.300208 0.034927
0.322197 -0.335797 -0.022908 0.095168 -0.294376 0.034883 -0.044852 0.026555 -0.137293 -0.131464 -0.227436 -0.061691
0.050442 -0.287576 -0.250727 0.212447 -0.357409 0.080811 0.208104 -0.010016 -0.188388 0.270411 -0.178273 0.052764
0.052043 -0.287117 -0.077634 0.214114 -0.109395 0.055383 0.195231 0.025427 -0.254518 -0.132634 -0.320740 0.111607
0.058312 -0.219040 -0.070702 0.155756 -0.344695 0.181432 0.274359 0.022902 -0.145062 0.027203 -0.170088 0.090158
0.017294 -0.162060 -0.137725 0.164902 -0.390224 0.043996 0.240070 -0.078377 0.000003 -0.028611 0.009665 0.332059
-0.047378 -0.119803 0.084756 0.271807 -0.193814 0.226365 0.148383 0.040161 -0.005882 0.115677 -0.139151 0.263982
-0.106220 -0.027091 0.076426 0.224158 -0.260102 0.118188 0.056191 -0.022683 0.011553 -0.092075 0.066098 0.058739
0.232070 0.072154 0.006261 0.186599 -0.199326 -0.309851 0.003065 0.155565 0.332923 0.093020 0.072960 0.054650
-0.020234 0.016509 -0.123661 -0.313726 -0.063044 -0.116565 0.152993 0.076525 0.178319 0.021702 -0.041630 -0.082109
-0.113475 0.280800 -0.091976 -0.139172 0.076817 0.027151 0.280643 -0.028171 0.289517 -0.004274 -0.084294 0.079786
-0.043199 0.372666 -0.107147 -0.429621 0.036104 0.014208 0.164739 0.017616 0.291287 -0.029301 -0.218015 0.149186
-0.176288 0.384756 0.051740 -0.389238 0.291450 0.059497 -0.080758 0.152232 0.188388 -0.187700 -0.329262 0.000732
-0.002167 0.236830 0.158285 -0.229917 0.012200 0.008793 -0.103443 0.154553 0.108773 -0.195586 -0.396564 0.044572
-0.055277 0.254971 0.234274 0.030507 0.122265 0.037406 -0.044754 -0.002596 -0.060614 -0.138850 -0.122696 0.238277
-0.040146 -0.120700 0.233073 -0.090297 -0.011363 0.149135 0.006944 -0.041910 -0.154725 -0.136317 -0.049995 -0.094380
-0.234312 0.005344 0.061720 0.037497 0.157025 0.001935 0.012959 -0.013010 -0.216421 0.016297 -0.057080 -0.065988
-0.234389 -0.030709 0.304403 0.031369 0.213274 0.115165 -0.141076 -0.211623 -0.147451 0.043988 0.045250 0.228021
-0.251620 -0.169977 0.175901 0.232849 0.199988 0.184406 -0.095038 -0.119538 -0.024592 0.112623 0.099488 -0.017802
-0.073766 -0.210314 0.245637 0.031184 0.242306 -0.089121 -0.012027 -0.233523 0.169014 0.154663 0.180990 -0.011370
0.058458 0.036830 0.048179 -0.050444 0.001511 -0.105727 -0.099199 -0.158797 -0.004547 0.073464 0.097751 -0.022823
0.031101 -0.060698 -0.143365 0.010265 -0.073198 -0.329456 0.196527 0.056738 -0.177388 0.119098 -0.164542 -0.013927
-0.070157 -0.061640 -0.276952 0.009610 0.014643 -0.031177 0.254911 -0.019957 -0.050157 0.195180 0.155684 -0.065844
0.201058 -0.173964 0.028731 0.235682 -0.017619 0.143527 0.029056 0.085151 0.085284 -0.209615 -0.443676 -0.211154
0.167938 -0.117195 -0.134862 0.064583 -0.303620 -0.032056 0.257874 -0.064257 -0.097200 -0.112215 -0.319472 -0.196459
0.105901 -0.304550 -0.174377 0.196063 -0.290386 -0.169411 0.237258 0.018289 -0.081890 0.066063 -0.211570 0.056817
0.086620 -0.218409 -0.071641 0.233985 -0.192030 -0.162353 0.311664 0.032102 0.045071 -0.036397 -0.032794 0.057804
-0.020240 -0.290088 -0.067682 0.096980 -0.150231 0.002770 0.169027 0.082251 0.085276 0.000048 0.012643 0.039072
0.067685 -0.143798 -0.023592 0.167852 -0.148683 -0.004111 0.199736 0.145518 0.141975 0.038478 -0.095591 0.204958
0.186540 -0.261302 -0.005628 0.133145 -0.171099 0.003841 0.119823 0.049007 0.211305 -0.014818 0.048247 0.137777
-0.038707 -0.065982 0.120492 0.259340 0.124597 0.017090 0.025531 0.084862 0.351338 -0.244498 0.100633 -0.007773
-0.167524 -0.044702 0.290256 -0.035611 -0.009982 -0.035758 -0.006246 0.284216 0.095881 -0.014980 -0.056038 -0.092319
-0.127597 0.086123 -0.098411 -0.135619 -0.040804 -0.081070 -0.027155 0.056106 0.220568 -0.035007 -0.012606 -0.014453
-0.257173 0.304320 0.093685 -0.342421 0.113432 0.029928 0.049471 0.170595 0.122506 0.094070 0.030291 0.047024
-0.091016 0.064140 -0.013236 -0.411463 0.036492 -0.033732 0.079542 0.072001 0.056566 -0.048843 -0.236962 0.013123
-0.281504 0.225191 0.109179 -0.166000 0.287357 0.016512 -0.040887 -0.059010 0.016778 -0.127783 -0.259322 -0.095520
-0.289245 0.137663 0.263893 -0.234026 0.102388 -0.054769 -0.007394 0.096057 -0.237012 -0.161392 -0.140016 -0.167002
-0.128860 0.042101 0.304401 0.011537 -0.123346 -0.099535 0.103320 -0.193857 -0.108957 -0.098525 0.207823 -0.092709
-0.060911 -0.179745 0.115485 -0.052350 0.016244 0.015795 0.116697 -0.204379 -0.162408 -0.105685 0.228820 0.039927
0.035583 -0.113254 0.123183 0.142070 0.129217 0.022359 0.027855 -0.154909 -0.113331 -0.002022 0.077696 0.055575
0.023910 -0.188591 0.167216 -0.042410 0.120279 0.060307 -0.071618 -0.220642 -0.079291 0.247180 0.141289 0.123631
0.041311 -0.416446 0.132739 0.090894 0.072007 0.059173 -0.135764 -0.250652 0.060469 0.252993 0.090656 0.179224
-0.007380 -0.257988 0.310178 0.139019 0.015992 -0.040208 -0.034695 -0.432338 -0.074616 0.199286 -0.060303 0.115940
-0.191751 -0.293588 0.024048 0.035665 -0.007673 -0.246733 0.041219 -0.234337 0.112179 0.062888 -0.116523 0.040425
-0.195540 -0.172088 0.004456 0.056668 0.038839 -0.187371 -0.036200 -0.009815 -0.170095 -0.139139 -0.220481 0.043775
0.033656 -0.316368 -0.141125 -0.165006 0.152806 -0.284507 -0.134853 -0.007780 0.009444 -0.012228 0.006123 -0.010830
0.098028 -0.197617 -0.213760 -0.259312 0.394335 -0.113521 0.123103 -0.001062 -0.094352 0.075712 -0.021984 -0.188407
0.160929 0.007885 -0.289441 0.071067 -0.503737 0.085571 0.188460 -0.117478 0.057618 -0.064831 -0.410717 -0.150374
0.055639 -0.075393 -0.187023 0.009859 -0.620173 -0.001890 0.388640 -0.308396 -0.061711 -0.072620 -0.138633 -0.165723
0.060911 -0.257279 -0.339334 0.096401 -0.194641 0.121984 0.257354 -0.099630 -0.023559 -0.033495 -0.026420 -0.068217
-0.121431 -0.229159 -0.272048 0.091372 -0.184349 0.112157 0.281426 0.022920 0.137349 -0.091599 -0.069431 0.059253
-0.171274 -0.168426 -0.032751 0.072808 -0.048821 0.063658 -0.003523 -0.011768 0.050440 -0.128573 -0.095879 0.040255
-0.155639 -0.038389 -0.088873 -0.073292 -0.000474 0.113950 0.155328 0.174800 0.128324 -0.097871 -0.018556 -0.036813
-0.037597 -0.017592 0.007933 0.061172 0.113704 -0.038324 -0.035700 0.041285 0.147186 -0.160092 -0.012982 0.143950
-0.155947 0.055978 0.074962 -0.054148 -0.019666 0.105297 -0.033361 0.125736 0.031157 -0.036582 -0.299159 -0.203945
-0.189747 0.212053 0.149730 -0.294857 -0.030869 -0.041367 -0.027456 0.051391 0.132591 0.049947 -0.197953 -0.187703
-0.195804 0.143331 0.037117 -0.386705 -0.025068 0.081344 0.051059 0.247375 -0.134034 -0.073592 -0.037789 -0.154048
0.107262 -0.065715 0.196095 -0.311131 0.180756 0.114553 0.097573 0.035785 0.013315 -0.047143 -0.055915 -0.225921
0.052181 -0.140748 0.212161 -0.100037 0.244911 0.077207 0.175958 0.223001 -0.342994 -0.148394 -0.172739 -0.243798
0.009064 -0.024776 0.112960 0.154525 0.110490 0.032886 0.078044 -0.088996 -0.199409 -0.007610 0.164596 -0.229714
-0.232996 -0.289807 0.107493 0.150587 -0.019600 0.095479 0.208348 -0.227886 -0.123383 -0.046477 0.427467 0.007883
-0.082788 -0.252054 -0.035842 0.194603 0.076314 0.045572 0.103182 -0.225626 -0.109841 0.219458 0.400416 0.075561
0.046604 -0.198934 0.139138 0.162653 0.195810 0.043441 -0.042028 -0.296917 0.080291 0.092400 0.287831 0.008544
-0.104017 -0.463530 -0.101202 0.166381 0.140542 0.126971 -0.065404 -0.191399 -0.066315 0.160432 0.316914 0.098674
-0.180045 -0.305747 0.095934 0.025098 0.263367 -0.029106 -0.007804 -0.340228 0.075477 0.460557 0.065785 -0.003198
-0.286817 -0.262389 0.023302 0.167503 0.102575 -0.096023 -0.068280 -0.439781 -0.060511 0.286100 0.039785 0.044119
-0.276065 -0.180207 -0.050963 0.073868 -0.000622 -0.246947 0.151705 -0.403808 0.013631 0.122121 0.003092 0.029981
-0.159424 -0.162413 0.100822 0.038219 0.126695 -0.216375 0.048522 -0.291552 -0.000598 0.118012 -0.240776 -0.087341
-0.006129 -0.076352 -0.122256 0.080045 0.199075 -0.142553 -0.107954 -0.163445 -0.110150 0.160358 -0.079132 -0.254421
0.072842 -0.125421 -0.165383 0.191013 0.393375 -0.074787 -0.327581 0.029315 -0.312187 0.057605 -0.196465 -0.080773
0.095238 -0.122988 -0.181274 0.042925 0.229847 0.019213 0.129439 -0.040330 -0.385911 -0.251522 -0.175731 -0.031277
-0.057752 -0.281102 -0.347577 -0.021966 -0.532246 0.019017 0.158940 -0.163116 0.179360 -0.058459 -0.033119 -0.305477
-0.270705 -0.196983 -0.320499 -0.215708 -0.106048 -0.106152 0.128218 -0.076141 0.023295 -0.193247 0.034451 -0.374909
-0.122685 -0.097503 -0.097642 -0.074208 0.023318 0.155983 0.169662 -0.224014 0.272826 -0.192273 0.025143 -0.198736
-0.142207 -0.078149 -0.196733 -0.193578 0.072136 0.050933 -0.028597 0.024405 0.207392 -0.255156 -0.001436 -0.069015
-0.279683 0.159336 0.067401 -0.337319 -0.034356 0.043346 -0.031348 -0.043416 0.312589 -0.320768 -0.104991 0.113694
-0.161424 0.197460 0.002244 -0.378942 0.095573 -0.208038 -0.002117 0.062136 0.093028 -0.050236 -0.092058 0.076392
-0.007440 0.154881 0.074181 -0.335983 0.046509 -0.026822 0.000903 0.017312 0.088430 -0.209297 -0.328480 -0.042920
-0.143036 0.094273 -0.119174 -0.409142 -0.056542 0.054067 -0.089785 -0.131130 0.129329 -0.201700 -0.248911 -0.393064
-0.058866 0.161957 0.095386 -0.278526 -0.034268 0.229065 -0.018382 0.092099 -0.183464 -0.148206 -0.111608 0.038227
0.026246 0.163894 0.172344 -0.120058 0.093071 0.124130 -0.197687 0.037585 -0.106721 -0.070163 -0.000114 0.141820
0.005921 -0.166561 0.356300 -0.074943 0.193295 0.175827 0.013166 0.014012 -0.221960 -0.021540 -0.191925 -0.160144
-0.071151 -0.121038 0.348830 0.219666 0.128804 0.200854 -0.079696 -0.144938 -0.100414 -0.039159 -0.029544 -0.248054
-0.207712 -0.347644 0.081412 0.191959 0.048156 0.168694 0.137614 -0.191032 0.016109 -0.001905 0.198695 -0.087605
-0.042292 -0.255569 -0.024116 0.047838 0.261423 -0.016987 0.296432 -0.302461 0.034962 0.197699 0.009360 0.042632
-0.017541 -0.338568 -0.109639 0.078997 0.132775 -0.078951 -0.048892 -0.204817 -0.005719 0.396477 0.172199 0.051195
-0.180835 -0.259691 0.063602 0.031504 0.159308 -0.224632 -0.189774 -0.239254 -0.036845 0.434688 -0.127895 -0.044966
-0.403567 -0.148286 0.040892 -0.003431 0.208675 -0.449764 -0.061962 -0.095644 0.016587 0.232738 -0.190496 0.123801
-0.379713 -0.032474 -0.060158 0.086272 0.162354 -0.292735 -0.237684 -0.262924 0.053368 0.107014 -0.125659 0.088254
-0.209825 0.020459 -0.136341 -0.003784 0.234017 -0.312332 -0.230820 -0.287393 0.177685 0.086787 0.034780 -0.176946
-0.244470 -0.034292 -0.027542 0.121786 0.304613 -0.119597 -0.071819 0.002409 0.153949 -0.126799 0.076254 -0.234269
-0.223339 0.033181 -0.125336 -0.027598 0.299719 -0.042514 -0.141327 0.025146 0.055847 0.052830 0.101758 -0.285574
-0.022911 -0.043902 -0.200838 0.055181 0.243771 0.024761 -0.071702 -0.026958 -0.147097 -0.002733 -0.070096 -0.100561
-0.122497 0.084671 -0.253114 0.008705 0.293192 0.098657 -0.035750 -0.109432 -0.167031 -0.166980 0.056652 0.101003
0.086926 0.359450 -0.273234 0.095340 0.137479 0.103776 0.060259 -0.160700 -0.241237 -0.707888 0.052957 0.333308
0.077993 -0.369403 -0.315510 -0.098979 0.086217 -0.033777 -0.013776 -0.360175 -0.114429 -0.115270 0.029251 -0.191451
-0.035580 -0.238962 -0.047702 -0.128648 0.081534 0.017652 -0.084524 -0.286787 -0.136740 -0.327747 0.069672 -0.067285
-0.071144 -0.122760 0.118081 -0.025732 0.146967 -0.004833 0.055959 0.072453 0.048464 -0.367200 0.287069 -0.070946
-0.214125 -0.054970 0.264805 -0.267925 0.253532 0.082403 -0.089935 -0.016032 0.150446 -0.178940 -0.161664 0.036086
-0.154322 0.004593 0.249702 -0.289399 0.070747 0.104689 -0.107313 -0.035396 -0.029792 -0.071574 -0.090393 -0.048829
-0.149756 0.006622 0.114338 -0.242726 0.051460 0.168318 -0.093406 0.014408 -0.074490 0.066577 -0.142212 -0.146119
-0.139917 0.075540 0.274437 0.006835 0.139884 0.007685 0.066429 -0.018056 -0.095088 -0.250030 -0.247597 -0.241678
-0.162527 -0.007732 0.320293 -0.121372 0.191980 -0.056653 -0.102080 -0.048019 -0.113917 -0.292653 -0.155701 -0.168045
0.010175 -0.256625 0.363298 0.120169 0.090325 0.020167 0.004059 0.228367 -0.079336 -0.171005 -0.179737 0.094368
-0.101113 -0.209586 0.285186 0.229414 0.097349 0.056760 -0.198686 0.118680 -0.192105 0.015998 -0.117751 0.062755
-0.006681 -0.507431 0.181962 0.348187 0.236193 -0.000066 -0.099625 0.016182 0.148601 0.068696 -0.125250 -0.056483
-0.172356 -0.371799 0.088606 0.465690 0.159619 -0.060015 0.011811 -0.078433 -0.037234 0.296533 0.168893 -0.129217
-0.247494 -0.367553 -0.002391 0.357981 0.143212 -0.439259 0.126699 0.090224 -0.009987 0.405225 0.230718 -0.267960
0.040493 -0.312022 -0.127319 0.215883 0.051221 -0.493607 0.009882 -0.121419 -0.269866 0.605043 0.139671 -0.035305
-0.010690 -0.225251 -0.072889 0.032623 0.003338 -0.552044 0.051727 -0.001318 -0.106456 0.581113 -0.077980 -0.047258
-0.103472 -0.137011 -0.044713 -0.070618 0.192639 -0.360379 0.032337 0.058097 -0.179117 0.384589 -0.079199 -0.046361
-0.191145 -0.185396 -0.181147 0.011830 0.216828 -0.166739 0.164189 -0.136767 0.018041 0.384221 -0.115271 -0.015620
-0.248393 -0.087446 -0.172908 -0.113621 0.355772 0.071441 0.031892 -0.108883 0.073248 -0.078106 -0.004961 -0.130910
0.016261 -0.079300 -0.303304 -0.025774 0.205518 0.350031 0.004393 -0.061253 -0.136554 -0.425028 -0.081046 -0.278597
-0.020258 -0.207087 -0.246853 0.116599 0.229194 0.334705 0.033746 0.061180 -0.142970 -0.377293 -0.028836 -0.265836
0.024108 -0.205888 -0.464404 0.020563 0.058153 0.078125 -0.046062 -0.053291 -0.060870 -0.197126 0.110057 -0.113734
0.091525 -0.112495 -0.477436 0.225128 -0.080115 -0.068214 0.114202 -0.255993 -0.002757 -0.103154 0.129618 -0.021052
0.174930 0.361784 -0.425791 0.133580 -0.209790 0.080998 0.163895 -0.038334 0.194873 -0.228202 0.278562 0.327565
0.065231 0.586340 -0.341461 0.073888 -0.255049 0.007412 -0.077260 -0.134432 0.082157 -0.428962 0.334277 0.077609
-0.387964 -0.067034 -0.121725 0.204189 -0.029424 -0.096062 0.448102 0.195896 -0.012708 -0.086913 -0.043449 0.038848
-0.165333 0.090066 -0.034545 0.339444 -0.066515 0.013892 0.285192 0.119373 0.110610 0.082241 0.244826 0.095338
-0.014610 0.137518 -0.181204 0.334800 -0.243188 -0.022740 0.315526 -0.009454 -0.088279 0.143434 0.049841 0.059636
-0.012851 0.032819 -0.022457 0.282357 -0.194121 -0.100329 0.075137 -0.027390 -0.020880 0.164226 0.115555 0.222168
-0.087502 0.041138 -0.228842 0.100307 -0.084783 -0.056842 0.012080 -0.041396 -0.072404 0.244062 -0.057055 0.009843
-0.066292 -0.041053 -0.095147 0.280475 -0.186329 -0.069555 -0.120700 0.035652 -0.116501 0.222925 0.107922 0.012540
-0.040326 0.159289 -0.250048 0.095180 -0.176295 -0.119444 0.022216 -0.110371 -0.013828 0.144589 0.175419 -0.077075
0.094707 -0.048161 -0.187208 -0.004343 -0.134652 0.004737 0.147516 -0.013510 -0.304316 0.119049 -0.071042 -0.241616
-0.145650 0.180550 -0.279217 -0.154172 0.154224 0.056656 0.094234 -0.073720 -0.126818 0.012660 0.037203 -0.123419
-0.101151 0.066485 -0.218075 -0.184190 0.087072 -0.074690 0.087869 -0.319436 -0.291345 -0.005994 0.133672 -0.108403
-0.068784 -0.004852 -0.092892 -0.124177 0.062845 -0.020271 0.112774 -0.228029 -0.048579 -0.446789 0.275757 -0.073745
0.050959 0.100213 -0.198362 -0.125978 0.089674 -0.095159 0.219115 -0.141382 -0.172276 -0.360136 0.015317 -0.121623
-0.079412 -0.060120 0.028712 0.067157 0.293783 0.172468 0.197110 -0.193662 -0.331504 -0.544046 0.002763 0.006917
-0.029900 0.121724 0.195593 -0.035277 0.043872 0.139262 0.087800 0.040025 -0.112182 -0.572870 -0.190000 -0.098935
-0.060425 -0.026978 -0.062088 -0.141404 0.172184 0.080408 0.167318 0.028474 -0.263696 -0.177331 -0.024784 -0.106359
0.093965 0.017800 -0.049239 -0.207944 0.287399 0.225891 0.077236 0.101977 -0.126513 0.033501 -0.027858 -0.150164
0.090268 -0.047926 -0.000696 -0.208906 0.262656 -0.062632 0.037695 -0.140927 -0.167522 0.431653 0.074167 0.277926
0.008704 -0.268489 -0.135866 -0.046308 0.095523 0.160886 0.202645 -0.133066 0.176946 0.343543 0.196451 0.196966
0.014066 -0.206222 -0.306660 -0.052228 0.010679 -0.028268 0.219319 -0.114270 0.197478 0.313340 0.059735 0.249087
0.012870 0.048447 -0.093257 -0.072867 -0.006939 -0.120700 0.130922 0.100796 0.523970 0.344791 -0.039129 0.344303
-0.221109 -0.004876 -0.302691 -0.209040 0.025463 -0.281627 0.115382 0.026804 0.379644 0.338562 -0.166124 0.337552
-0.083010 -0.104699 -0.232513 -0.350743 -0.105864 -0.213696 -0.100380 -0.001051 0.412410 0.490027 -0.348974 0.273308
-0.321787 -0.297565 -0.198548 -0.355525 0.254566 -0.018269 -0.085459 0.076897 0.213358 0.260336 -0.161610 0.027124
0.011571 -0.443744 -0.089206 -0.200967 0.126880 -0.008242 -0.225377 0.346792 0.055131 0.172223 -0.096110 -0.022205
0.033736 -0.082213 0.030958 0.096523 0.008127 -0.049292 0.336313 0.070825 0.032509 -0.070309 0.014877 0.006972
-0.150420 0.060742 -0.029434 0.104188 -0.055040 0.051299 0.380906 0.092427 -0.019994 0.029736 -0.079159 0.062730
-0.123106 0.040911 -0.112163 0.238110 -0.277276 -0.114226 0.207778 0.032457 0.091406 0.269569 0.058135 0.253360
-0.019671 0.177489 -0.195873 0.185177 -0.091421 0.167965 0.248220 -0.095748 0.139837 0.169986 0.192989 0.070994
-0.031233 0.127128 -0.092519 0.037565 -0.369659 0.004837 0.169980 -0.137683 -0.130134 0.319567 0.099307 -0.011510
-0.084721 0.069633 -0.220760 0.089781 -0.054099 0.049719 0.042894 -0.175068 0.174879 0.369639 0.211946 -0.054908
-0.104028 0.043254 -0.312770 0.062273 -0.240044 -0.119794 -0.021083 0.021545 -0.015335 0.244911 0.081122 -0.129008
0.061956 -0.011091 -0.223357 0.036077 -0.020263 0.182680 0.150084 0.089983 -0.189173 0.127309 0.053075 -0.056116
-0.066345 -0.058998 -0.091951 -0.040861 -0.012251 0.009699 0.039599 -0.075229 -0.129032 0.010249 0.265183 -0.176543
0.037735 -0.024739 -0.087627 -0.145783 0.009897 -0.082891 0.074665 -0.097327 -0.273763 -0.111451 0.199291 -0.180752
-0.074255 0.101419 -0.115788 0.023666 0.132613 0.195215 0.077817 -0.065986 -0.203880 -0.333353 0.194022 -0.166481
-0.155675 -0.050135 -0.158792 -0.099321 0.064123 0.032559 -0.084334 -0.165698 -0.080121 -0.601727 0.045201 -0.249364
-0.175343 0.161937 0.028022 -0.027784 0.077515 0.206150 -0.058783 -0.066900 -0.121971 -0.766060 -0.254628 0.090196
0.025060 0.115975 0.025880 0.043047 0.128731 0.254042 0.044352 0.032273 -0.380284 -0.753326 -0.286392 -0.108818
-0.262339 0.087915 -0.005639 -0.038805 0.229879 0.131914 0.101296 0.000199 -0.293292 -0.302453 -0.312520 -0.073884
-0.096493 -0.045275 0.208048 -0.027020 0.232202 0.232228 -0.076413 0.095946 -0.403079 -0.121220 -0.245875 -0.249597
0.117875 -0.094910 0.114505 -0.100372 0.183813 0.110653 0.054382 -0.101550 -0.335711 0.033034 0.018716 -0.108327
0.118222 -0.068749 -0.015220 -0.078816 0.083313 0.056413 0.085652 0.080910 -0.244724 0.266195 -0.045219 0.119357
-0.156344 -0.270554 -0.016778 -0.050994 0.196234 0.036811 0.068418 0.048980 -0.142465 0.362903 -0.003083 -0.162031
-0.085297 -0.078623 -0.127229 -0.170837 0.054139 -0.033872 0.040058 0.087552 0.011659 0.295090 0.027262 0.096639
-0.155908 -0.259081 -0.040803 -0.093705 -0.072706 -0.054447 -0.186651 -0.045276 0.122015 0.314487 -0.216815 0.204186
-0.247643 -0.169891 -0.036043 -0.310129 -0.110055 -0.202113 -0.170174 -0.019733 0.048467 0.177035 -0.033939 -0.031184
-0.101780 -0.071491 0.121412 -0.426660 -0.026553 -0.025386 -0.490301 -0.003884 0.113157 0.231781 -0.086113 -0.067742
-0.103364 -0.261152 0.185444 -0.278517 0.322353 0.178773 -0.681666 0.127529 0.028144 0.066665 -0.101030 -0.169199
0.025792 -0.036205 -0.053670 0.018839 0.067504 0.046217 0.333269 0.055012 -0.085419 -0.100923 -0.206859 0.084087
0.112041 -0.103815 -0.048780 0.032457 -0.060367 0.009111 0.152774 0.050904 0.070003 0.112313 -0.123062 0.025033
-0.076571 0.041607 -0.061618 0.070542 -0.198993 0.014429 0.141976 0.042782 0.059488 0.095474 -0.040582 0.141545
-0.010573 0.230003 -0.179146 0.088900 -0.211535 -0.026512 0.312805 0.145756 -0.028537 0.106457 -0.000613 0.133176
-0.067161 0.228616 -0.089117 0.087004 -0.282757 0.164080 0.161424 0.103857 0.048871 0.206985 0.117513 0.033625
-0.057250 -0.157115 -0.265054 0.006057 -0.249287 0.044938 0.079567 0.005333 0.112667 0.223069 0.246031 0.037358
-0.132244 -0.048231 -0.207619 0.099543 -0.210914 -0.097336 -0.026350 -0.007056 0.081064 0.205435 0.084778 -0.106283
0.164327 0.113491 -0.198615 0.057452 -0.117073 -0.041717 0.019768 0.003699 0.040396 0.010433 0.247517 -0.187773
-0.023821 0.103139 -0.148696 0.025627 -0.147280 0.128354 0.006244 -0.155997 -0.097206 0.007036 0.308951 -0.017711
0.055514 0.040863 -0.009916 -0.027817 -0.177077 0.118611 0.019865 -0.190307 -0.225778 -0.259116 0.268901 -0.017468
-0.023359 0.072128 -0.131300 0.174036 0.107653 0.280761 -0.206618 -0.021457 -0.140129 -0.629638 0.062875 -0.149071
0.066955 0.166665 -0.058032 0.112053 0.081105 0.041700 -0.050887 0.018324 -0.151990 -0.804508 -0.012096 -0.152809
-0.243173 0.031081 -0.073518 0.079846 0.115663 0.016455 -0.044837 0.243843 -0.213537 -0.961720 -0.144588 -0.272370
-0.107002 0.130480 -0.107141 0.008994 0.189438 0.125832 0.061390 0.063935 -0.367297 -0.779372 -0.195930 -0.054115
-0.077484 -0.008102 0.110955 -0.024988 0.199842 0.122161 -0.013817 0.214011 -0.567582 -0.359822 -0.328608 -0.185242
-0.373780 0.007076 0.054223 0.102027 0.220017 0.235580 0.056397 0.026280 -0.613306 -0.174248 -0.248187 -0.370471
-0.172094 0.061103 0.118499 -0.087167 0.056573 0.114782 0.175973 -0.001454 -0.452055 0.138544 -0.238616 -0.268419
-0.135505 -0.252387 0.114211 -0.120220 0.002606 0.040092 0.024044 0.115792 -0.338573 0.244606 -0.121193 -0.245137
-0.071504 -0.147290 0.064603 -0.112331 0.140972 0.035652 -0.019388 0.218111 -0.444823 0.158505 -0.088849 -0.088497
-0.034412 -0.170486 0.199368 -0.149513 0.108019 -0.180078 -0.081117 0.125774 -0.362580 0.245424 -0.141325 -0.121235
-0.011268 -0.088966 0.041190 -0.221646 0.111012 0.047296 -0.180562 -0.016090 -0.172481 0.151154 -0.084202 -0.069872
-0.155302 -0.075412 0.188141 -0.171514 0.016452 -0.078141 -0.391705 -0.080015 -0.328073 0.226968 -0.189018 -0.162678
0.049016 -0.065908 0.150960 -0.318051 -0.003353 0.081925 -0.417062 -0.046667 -0.156606 0.042968 -0.240381 -0.062342
-0.042603 -0.079127 0.259196 -0.551100 0.177171 0.274539 -0.625196 -0.270344 0.118008 0.144390 -0.287064 -0.133217
0.114600 0.062716 0.103892 -0.085898 0.038468 0.104995 0.234508 0.064242 -0.012496 -0.041065 -0.123439 0.115920
0.064775 -0.156483 0.043190 -0.032687 0.098764 -0.015571 0.193731 0.030215 0.057591 -0.014985 -0.060465 0.045321
0.105980 0.063035 0.062085 0.059485 -0.016381 0.036964 0.066234 0.101970 -0.021400 0.018819 -0.003155 0.275096
0.033816 0.046453 -0.161210 -0.090275 -0.034097 0.000085 0.160235 0.108690 0.118531 0.074356 0.118653 0.196069
-0.046082 -0.007890 0.092956 -0.162122 -0.330466 0.046710 0.197606 0.158494 0.051683 0.379368 -0.006137 -0.081325
-0.055482 -0.064694 0.040198 -0.017905 -0.291325 0.077943 0.202137 -0.183086 0.084143 0.243492 0.117124 0.081599
-0.073424 -0.046300 -0.176814 -0.013184 -0.265939 0.020361 0.027470 0.141379 0.116592 0.229135 0.204750 0.071679
-0.072019 -0.092106 -0.253455 0.059937 -0.294531 0.080116 0.122938 -0.144727 0.162074 0.057142 0.092494 -0.080384
0.034469 -0.128154 -0.011779 0.188846 -0.033376 0.156788 0.025202 -0.152452 0.008643 -0.172824 -0.145724 0.000376
0.143453 -0.193252 -0.021070 0.015420 -0.145043 0.021183 -0.124228 -0.170614 -0.080710 -0.589427 0.156283 0.013784
0.025799 -0.050902 -0.141461 -0.047984 -0.087532 0.006790 -0.056237 -0.035293 -0.251773 -0.950202 0.143444 -0.220789
0.083111 0.011252 -0.117183 -0.117606 -0.134498 0.063504 -0.251352 -0.001883 -0.091218 -1.001229 0.098826 -0.041959
-0.005731 -0.014132 -0.250329 0.006067 -0.084160 0.048010 -0.061423 -0.010381 -0.376883 -1.030680 -0.101816 -0.030420
0.001307 0.075212 -0.322332 0.098829 0.005076 0.077285 -0.145038 0.063829 -0.531031 -0.727261 -0.188386 -0.142798
-0.122455 0.107822 -0.104566 -0.002434 0.031442 0.117746 0.140805 0.064673 -0.594599 -0.350142 -0.075542 -0.264496
-0.146169 0.192622 0.001613 -0.095752 0.052305 0.138749 0.146081 0.025487 -0.640280 -0.143574 -0.225544 -0.426108
-0.238424 0.221937 -0.015285 -0.008413 -0.154118 -0.016650 -0.022980 0.096154 -0.327640 0.048177 -0.243748 -0.287517
-0.031721 -0.227182 0.058521 -0.043239 0.022756 -0.130882 0.024151 0.031219 -0.271023 0.145921 -0.174463 -0.151917
-0.058201 -0.177822 0.109478 -0.266595 0.191804 0.070825 -0.121545 0.154351 -0.276298 0.096108 -0.264855 -0.312384
0.239912 -0.166590 -0.061728 -0.160419 0.002232 0.049259 -0.324730 0.088848 -0.388250 0.172248 -0.202577 -0.324158
0.019582 0.008072 0.081195 -0.172669 0.003800 0.108508 -0.426779 0.022661 -0.267284 0.076955 -0.262986 -0.292609
0.042130 -0.083435 0.029816 -0.086164 -0.017919 0.014078 -0.373335 -0.110951 -0.271076 0.055841 -0.023287 -0.201385
-0.082620 -0.218573 0.140368 -0.293490 0.048264 0.068415 -0.327184 -0.109187 -0.183564 0.168338 -0.044419 -0.304638
-0.183308 -0.123637 0.254585 -0.350729 0.123344 0.217831 -0.424538 -0.281693 -0.179435 0.035093 -0.022108 -0.253912
0.250104 0.033995 0.237308 -0.210707 -0.040805 0.151716 0.286536 0.230587 -0.124574 -0.109097 -0.219749 -0.027015
0.214897 -0.113046 0.069264 -0.107938 0.175670 0.066332 0.157094 0.081490 0.009018 0.030179 -0.265636 0.045074
0.112000 0.010020 0.050951 -0.096804 0.063529 -0.107079 0.049992 0.026533 -0.077893 0.025269 -0.259087 -0.072011
-0.047605 0.073476 0.054381 -0.038982 -0.097231 -0.086622 0.098458 0.015700 0.117470 0.084219 -0.163882 0.135155
0.030679 0.088135 -0.086713 -0.066635 -0.169168 0.008015 0.105719 0.068242 0.264839 0.136461 0.155412 -0.027216
-0.133278 0.110583 0.000987 -0.076675 -0.322556 -0.001247 0.088690 0.147011 0.004399 0.107988 0.148808 -0.005680
-0.024397 0.078044 -0.017384 0.038535 -0.113024 0.236475 0.168025 0.044629 -0.041689 0.066923 0.017337 0.041683
0.137456 0.035279 -0.068334 0.236244 -0.364893 0.234842 0.042299 -0.079467 0.009547 0.201979 -0.028334 0.165679
0.002873 -0.013858 0.131290 0.162115 -0.467155 0.225982 0.169248 -0.051894 0.100663 -0.035237 0.167609 0.142815
0.013410 0.079362 0.021472 0.059600 -0.458531 -0.030774 -0.212559 -0.072145 -0.011102 -0.449935 -0.016977 0.029196
0.125253 0.142956 -0.192701 -0.062518 -0.104868 0.108107 -0.266744 -0.066693 0.062881 -0.847008 0.127115 -0.095353
0.130055 -0.050332 -0.024929 -0.046333 -0.072637 0.057670 -0.330048 -0.089976 -0.099965 -0.824283 0.033346 -0.081267
-0.049908 0.093683 -0.153858 0.154888 -0.085083 0.054976 -0.141558 -0.017075 -0.248564 -0.734609 0.037423 -0.034256
0.121393 0.048478 0.012221 -0.125644 -0.138533 -0.136458 0.027361 0.006782 -0.351637 -0.816668 0.016646 0.060775
-0.039047 -0.015351 -0.195416 -0.044167 -0.032691 0.059262 0.186040 -0.020328 -0.803570 -0.252399 -0.034899 -0.161433
-0.194301 -0.014314 -0.105428 0.036521 -0.152800 0.026454 -0.100027 0.169160 -0.647225 -0.220400 -0.043610 -0.132787
-0.291142 0.008530 -0.106128 -0.056354 0.001158 -0.085094 0.068062 0.129927 -0.491936 0.084306 -0.389415 -0.350171
-0.192433 0.050325 -0.107904 -0.040448 0.137861 0.017132 -0.138542 0.132372 -0.208541 -0.031957 -0.187022 -0.465557
-0.155901 -0.075207 -0.137639 -0.014794 0.109725 -0.079299 -0.374099 0.004587 -0.359239 0.047696 -0.134378 -0.364621
0.018845 -0.024925 0.118539 -0.013138 0.109046 -0.005667 -0.520032 -0.015210 -0.344874 0.072364 0.161179 -0.349532
-0.088851 -0.162139 0.065631 0.038335 0.040230 0.152973 -0.704730 0.038765 -0.460107 0.094152 -0.005212 -0.335510
0.023571 -0.014990 0.159575 -0.085277 0.110679 0.110654 -0.757698 -0.093629 -0.631641 0.044940 -0.199525 -0.184227
-0.056268 -0.332271 0.173522 -0.233796 -0.114550 0.234384 -0.503812 -0.277386 -0.359271 0.027761 -0.032457 0.027296
-0.012342 -0.146585 0.233495 -0.101888 -0.037046 0.348250 -0.466746 -0.338371 -0.384936 0.169686 0.072826 -0.230235
0.229367 0.078512 0.269057 -0.205489 -0.012027 0.179353 0.038291 0.083125 0.180601 -0.052393 -0.355973 -0.123747
0.150417 0.109840 -0.052910 -0.284949 0.160350 0.084452 0.259286 0.091283 0.080257 0.154490 -0.483197 0.011924
0.197960 -0.074561 0.124423 -0.211115 0.111372 -0.100698 0.113333 0.174817 0.019655 0.063038 -0.553074 0.041181
0.085038 -0.079601 0.158253 -0.117797 -0.049366 0.012051 0.100699 -0.057295 0.047417 0.112890 -0.252066 0.050649
0.036159 -0.055105 0.107672 -0.134706 -0.055274 -0.116675 0.036792 -0.017149 0.095019 0.044384 -0.101700 -0.033756
0.115622 -0.034258 0.261873 -0.075789 -0.141816 0.103812 0.222580 0.105948 -0.003829 0.102052 -0.083331 -0.011925
0.148545 -0.049878 0.081703 -0.133768 -0.178258 -0.013834 0.344494 0.089020 -0.061314 0.099693 0.023722 0.191542
0.005490 -0.191786 -0.009477 -0.038357 -0.371022 0.112743 -0.055988 -0.031418 0.065039 -0.167651 -0.020365 0.267548
-0.066062 -0.049509 0.118810 0.150785 -0.304090 0.216869 -0.083777 0.061435 0.371429 -0.101593 0.076159 0.185274
0.005217 0.060267 0.149425 -0.067752 -0.283145 0.322860 0.071156 -0.277321 0.049998 -0.245777 0.089670 -0.059387
-0.017568 0.205362 -0.024563 -0.018337 -0.354125 0.140187 -0.346337 -0.044636 0.064927 -0.433787 0.122302 -0.061888
0.224927 0.249457 -0.032744 -0.003591 -0.209209 0.181991 -0.175396 -0.170111 -0.150470 -0.410976 -0.037651 0.085884
0.031803 -0.076269 -0.210529 0.071766 -0.227352 0.159051 -0.276353 -0.181279 -0.028199 -0.310822 -0.021064 0.060506
0.001434 0.106385 -0.184270 -0.258075 -0.047137 0.000943 0.016467 -0.024634 -0.535715 -0.468026 -0.073510 -0.012522
-0.019675 0.161999 -0.129388 -0.034762 -0.149678 0.016790 0.129595 0.134597 -0.932775 -0.312174 0.081008 -0.214466
-0.255915 0.100888 -0.070123 -0.043968 -0.028547 -0.134413 -0.068508 -0.218763 -0.819852 -0.215778 -0.115363 -0.118476
-0.147525 0.002160 -0.266545 0.017210 0.007027 -0.132841 -0.257064 -0.091046 -0.646473 0.018676 -0.038462 -0.327036
-0.221200 -0.024852 -0.030318 -0.123943 -0.011272 -0.174503 -0.376343 0.008979 -0.304722 0.120318 -0.336092 -0.233686
-0.242295 0.000261 -0.084774 -0.085171 0.174679 -0.118410 -0.688860 -0.018773 -0.416722 0.135440 -0.280729 -0.304888
-0.114776 0.053816 0.065170 0.065758 -0.091613 -0.064056 -0.970773 -0.016387 -0.407618 0.129395 -0.106544 -0.221429
-0.097081 0.002635 0.061309 -0.019783 -0.059739 0.138732 -0.856223 -0.131423 -0.458717 -0.033869 -0.209874 -0.298740
0.109394 -0.255274 0.210457 0.100002 -0.055207 0.189487 -0.866287 -0.014086 -0.565310 0.182109 -0.103551 -0.337441
0.063402 0.022461 0.102356 -0.170768 -0.085012 0.100209 -0.666241 -0.148025 -0.471071 0.132758 -0.186767 -0.058429
-0.126547 -0.073003 0.288747 0.087380 -0.195920 0.209404 -0.467344 -0.325810 -0.680945 0.196832 -0.127785 -0.175926
0.185510 -0.037475 0.292117 -0.285870 0.128005 0.132480 0.166107 0.198694 0.113739 -0.010759 -0.416859 -0.064020
0.174189 0.068173 0.041874 -0.278651 0.193313 -0.131718 -0.004863 0.063656 -0.047057 -0.033886 -0.600786 -0.149589
0.051593 -0.018448 -0.050499 -0.053830 0.104715 -0.079223 0.064583 0.056430 -0.017150 0.039445 -0.372015 -0.078300
0.011072 0.045130 0.038042 -0.290508 0.089730 -0.086657 0.165572 0.143695 0.105652 0.081876 -0.212512 -0.098472
-0.025169 0.221747 0.233190 -0.145766 -0.026958 -0.017130 0.345390 0.141373 0.146388 0.056110 -0.338272 -0.144803
0.027450 0.101075 0.200289 -0.103664 0.054592 -0.027358 0.067044 0.097834 -0.138497 0.026005 -0.195578 0.049344
0.190082 0.025898 0.091548 0.027641 -0.057522 0.080810 0.191720 0.203567 -0.014234 0.005406 0.081087 -0.080101
0.015966 -0.187844 0.169448 -0.009881 -0.101604 0.045992 0.292750 -0.095525 0.124017 -0.167803 -0.111964 0.433668
-0.041756 -0.176903 0.095750 0.048272 -0.288245 0.050724 0.040214 -0.264503 0.116768 -0.449240 0.080778 0.192488
0.039616 -0.021714 0.133036 -0.092127 -0.298163 0.138036 -0.149202 -0.168426 0.252238 -0.384023 0.013623 0.068925
-0.089422 0.149989 0.136583 0.208433 -0.355400 0.053523 -0.445325 0.106817 0.248828 -0.352057 0.214710 0.147945
0.114953 0.021562 0.029858 0.049927 -0.236017 0.055169 -0.443914 -0.033583 0.057194 -0.341021 0.049461 -0.002657
0.239484 -0.063162 0.120213 -0.058223 -0.323835 0.048223 -0.252370 -0.037550 -0.275132 -0.471976 0.117890 -0.016522
0.155654 -0.002885 -0.002306 -0.001071 -0.113039 -0.037227 -0.254209 -0.237400 -0.392980 -0.374595 -0.193027 0.043173
0.053434 0.159368 -0.152095 -0.160250 -0.009730 0.050868 -0.206141 0.034256 -0.757695 -0.195144 0.019888 -0.020330
-0.102901 0.058300 -0.195315 -0.016797 -0.011902 0.018005 -0.370710 -0.044185 -0.781275 -0.129218 -0.080448 -0.134462
-0.231560 0.106014 -0.214597 -0.005038 -0.144429 -0.086652 -0.383310 -0.196767 -0.561817 0.002198 -0.131780 -0.208678
-0.184278 0.021811 -0.061433 0.224066 -0.027369 -0.117843 -0.855030 -0.089156 -0.424804 0.152826 -0.330921 -0.157306
-0.298679 0.029657 -0.016487 -0.003966 0.244235 -0.052309 -0.967151 -0.110117 -0.316394 -0.164407 -0.263180 -0.142934
-0.255994 0.047015 -0.004530 0.169637 0.160568 -0.023559 -1.001676 -0.058004 -0.416335 -0.076670 -0.479184 -0.318246
-0.037855 -0.073926 0.161610 0.057175 -0.148230 0.160178 -0.782253 -0.013054 -0.472013 0.065783 -0.154555 -0.165778
-0.116514 -0.053662 -0.038560 0.050233 -0.138660 0.136794 -0.760743 -0.118082 -0.364044 -0.052412 -0.289840 -0.255055
-0.053668 -0.216864 -0.067982 -0.026451 -0.151207 0.237817 -0.872242 -0.002493 -0.542123 0.287803 -0.153423 -0.090770
-0.248507 -0.203688 0.106357 0.003906 -0.286304 0.285629 -0.498499 -0.241512 -0.706425 0.099199 -0.212985 -0.039491
0.163596 0.083312 0.194810 -0.338478 -0.054348 0.219418 0.224035 0.137031 0.199240 -0.103186 -0.532227 -0.112590
-0.078951 0.114568 0.238840 -0.367732 0.096052 -0.035014 0.125061 0.122926 0.245494 -0.055737 -0.552768 -0.043012
0.157492 0.209907 0.089341 -0.255952 0.074519 -0.064748 -0.029136 0.005647 -0.078416 0.087027 -0.611500 0.013128
-0.026974 -0.017343 0.095551 -0.136906 0.160105 0.007582 0.133105 0.074728 0.043911 0.068590 -0.329269 -0.121631
0.099497 -0.026874 0.230289 0.040761 -0.141043 0.083066 0.230252 0.103322 0.149424 0.074195 -0.276934 -0.109937
-0.007026 -0.085800 0.083671 -0.118459 -0.059631 -0.120799 0.204530 0.133860 0.110638 -0.031773 -0.091554 -0.077997
0.107265 0.005514 0.190212 -0.050944 -0.053727 -0.024787 0.132873 0.134867 -0.024803 -0.059624 0.056736 0.164002
0.085815 -0.085163 -0.082873 -0.007590 0.056955 -0.142750 0.272332 0.096541 0.003183 -0.270679 0.025389 0.079170
-0.092964 -0.064015 0.199003 -0.157873 -0.064747 0.038190 0.182113 -0.049319 0.206526 -0.194957 0.092452 0.138996
0.097432 -0.093586 0.189829 0.003904 -0.105635 -0.035501 -0.061790 -0.109596 0.198396 -0.276545 0.035085 -0.087707
0.068203 -0.036797 0.210208 0.061659 -0.426796 -0.145435 -0.419787 -0.126681 0.400072 -0.385016 0.011276 -0.059805
0.108279 -0.155606 0.060341 0.029936 -0.199114 -0.026954 -0.614341 -0.086807 -0.110075 -0.431076 0.245975 -0.048322
0.206050 0.001324 -0.065289 0.004543 0.024942 0.020696 -0.388675 -0.217382 0.061936 -0.398407 -0.011309 0.069552
0.097635 -0.013516 -0.012914 -0.026220 0.067988 -0.138219 -0.285891 -0.036459 -0.249134 -0.463897 0.006254 0.112150
0.060339 0.001288 -0.045277 -0.033948 0.043199 -0.113521 -0.496755 -0.043793 -0.374931 -0.386541 -0.099398 0.049654
0.134115 0.157788 -0.066728 0.014964 0.014411 -0.072718 -0.569853 -0.164434 -0.629827 -0.124265 -0.005379 -0.042783
0.006973 0.174204 -0.175652 0.078724 0.010639 -0.278055 -0.630593 -0.060000 -0.713824 -0.006245 -0.119285 -0.033843
-0.293876 0.163595 -0.026692 0.076156 0.236890 -0.291501 -0.691660 -0.052939 -0.317790 0.096111 -0.224041 -0.161975
-0.281986 0.067811 -0.048109 0.056858 0.113563 -0.047817 -0.866842 0.017093 -0.397804 0.086793 -0.367147 -0.004001
-0.440853 -0.009044 -0.058855 0.168952 0.009084 -0.026209 -0.684053 0.077831 -0.398613 0.008778 -0.436140 -0.179568
-0.052461 0.134695 0.055136 0.234042 -0.042986 0.026146 -0.414231 -0.182707 -0.243067 -0.091983 -0.282332 0.010243
-0.160156 -0.062687 0.092917 0.069918 -0.201602 0.111877 -0.365458 0.006461 -0.364575 0.021862 -0.395035 -0.154699
-0.246908 -0.177246 0.058897 0.042970 -0.056294 0.175396 -0.498117 -0.097318 -0.331074 0.180721 -0.267171 -0.130109
-0.101742 -0.384421 0.106423 -0.092441 0.033472 -0.037872 -0.456253 -0.043116 -0.523105 0.081856 -0.174901 -0.172651
0.241746 0.093245 0.172779 -0.229272 0.002709 -0.118012 0.042588 0.100332 0.180861 -0.190896 -0.563307 0.010890
0.118888 0.113242 0.023497 -0.321673 0.015710 -0.000042 -0.083054 0.214485 0.079484 -0.059065 -0.482551 -0.007406
-0.050484 0.024801 0.119012 -0.314631 -0.012521 0.028009 0.141466 0.068921 -0.032686 0.000587 -0.355308 -0.077028
-0.053058 -0.057264 0.128200 -0.222535 -0.059443 -0.096085 -0.068052 0.193112 0.113288 -0.140978 -0.203249 0.030640
0.082304 0.071799 0.017252 -0.115854 0.114646 -0.116623 -0.014316 0.071538 0.071948 0.025817 -0.144135 0.060554
-0.026214 0.041728 0.035291 -0.178373 0.127439 -0.035698 0.135199 0.189648 0.063329 -0.073679 -0.024029 0.129680
0.121340 0.025253 0.017962 -0.082672 -0.032158 -0.252671 0.244631 0.096193 0.024552 -0.018321 -0.009533 0.061444
0.005436 -0.017409 0.031338 -0.078924 0.140845 -0.196619 0.249601 0.075014 0.062250 -0.136255 0.018471 0.095052
0.022692 0.156165 0.254574 -0.075939 0.019533 -0.061110 0.163955 -0.096684 0.139693 -0.222609 0.033642 0.121850
0.034940 0.026603 0.021347 0.005661 0.036985 -0.222665 -0.133501 -0.178895 0.165166 -0.269102 -0.019312 0.046976
0.109106 -0.121101 -0.126596 -0.131330 -0.047037 -0.274291 -0.342260 -0.168306 0.321427 -0.283413 0.009329 0.081477
0.303768 -0.065536 0.039353 0.065391 -0.005720 -0.162160 -0.560169 -0.260966 0.248060 -0.188121 -0.019286 -0.014733
0.201697 0.054621 0.189080 -0.127433 -0.061255 -0.167058 -0.566967 -0.211202 0.271951 -0.328574 0.022991 -0.060265
0.239024 -0.130932 -0.059897 0.111474 -0.055245 -0.403820 -0.670982 -0.179145 -0.084105 -0.367013 -0.005557 -0.008942
0.209569 0.004350 0.031948 -0.050670 0.150566 -0.425631 -0.738061 -0.094732 -0.435193 -0.225260 -0.059590 0.012217
0.231872 0.072464 -0.003192 0.058871 -0.103045 -0.243811 -0.699861 0.008440 -0.439909 0.023700 0.111400 -0.215612
-0.033623 0.113923 -0.074189 -0.041142 0.086536 -0.219865 -0.638435 -0.043706 -0.312641 0.036033 -0.003235 -0.003110
-0.230595 0.166615 0.206633 0.143933 0.016514 -0.198777 -0.424982 -0.036272 -0.349511 0.024274 -0.171519 -0.011214
-0.173311 0.057752 0.094102 0.180452 0.124377 -0.160695 -0.389297 -0.007747 -0.376680 0.094173 -0.259545 -0.026854
-0.264344 -0.029132 0.053849 0.273146 -0.049770 -0.092184 -0.386952 -0.082122 -0.353097 -0.008804 -0.241961 -0.024286
-0.199487 0.122054 -0.092472 0.173632 -0.055082 0.014417 -0.169919 -0.042743 -0.216275 0.006497 -0.335812 -0.068908
-0.151382 -0.086793 -0.126391 0.030663 0.003156 0.018908 -0.061128 0.014827 -0.278715 0.090116 -0.363060 0.056641
-0.244237 -0.112920 -0.048387 -0.121849 0.079059 0.026484 -0.058026 -0.245816 -0.180022 -0.038977 -0.462005 -0.086432
-0.222892 -0.025727 0.215004 0.038575 0.058665 0.093041 -0.274154 -0.287159 -0.040883 0.147780 -0.056299 -0.204513
0.041821 0.214358 0.019416 -0.080259 0.062690 -0.325590 0.126686 -0.161321 0.253159 -0.278336 -0.558408 0.159209
-0.011717 0.050176 0.111846 -0.150614 -0.170412 -0.133379 0.003118 -0.033927 0.246799 -0.076033 -0.578448 -0.100241
-0.084650 0.161900 0.009016 -0.134065 0.119772 -0.131949 0.023058 0.051101 0.125973 -0.179995 -0.344337 -0.051320
0.056936 -0.013395 0.212392 -0.020307 -0.027210 -0.267744 -0.012282 0.074981 0.187204 -0.096375 -0.229762 0.004867
0.023895 0.039848 0.038053 -0.139700 0.089976 -0.116209 0.182569 0.081311 0.106506 0.044489 -0.196684 0.062641
-0.008969 0.167907 0.077713 -0.114934 0.148080 -0.482517 0.104931 0.157008 0.128761 -0.120397 0.002433 0.016016
-0.146890 -0.076543 -0.141215 -0.102385 0.314533 -0.222179 0.272011 0.212291 0.179913 -0.096927 0.183096 -0.076577
0.067047 -0.093407 0.003360 -0.078480 0.026343 -0.493109 0.223059 0.158256 0.030550 -0.029304 0.056571 0.172837
-0.021063 -0.121389 -0.099483 -0.102771 0.064359 -0.395077 0.053962 -0.025110 0.338809 -0.244169 0.115071 0.164010
-0.129022 -0.233934 0.228658 -0.093912 0.068020 -0.081974 -0.108967 -0.075898 0.254256 -0.369364 0.164260 0.153141
0.024541 0.068368 0.054909 -0.081493 0.199083 -0.472598 -0.420653 -0.066588 0.200622 -0.245423 0.059858 -0.118299
0.185015 0.052642 -0.109556 -0.028208 0.099774 -0.321664 -0.758676 0.003146 0.092749 -0.252946 0.143330 0.052294
0.208665 0.045307 -0.144437 -0.007083 0.102338 -0.588369 -0.733717 -0.106368 0.092674 -0.371012 0.134254 -0.114426
0.188581 -0.077312 0.237356 0.010645 -0.072829 -0.512671 -0.972934 0.084787 -0.144464 -0.445117 0.032975 -0.059164
-0.036573 -0.008130 0.158259 -0.027472 0.012923 -0.616329 -0.850189 -0.040073 -0.076305 -0.221312 0.018823 -0.046512
0.291220 -0.068978 0.074240 0.184750 0.094657 -0.349954 -0.861949 -0.015723 -0.115365 -0.107516 0.156588 0.039798
0.123534 -0.098996 -0.044560 0.032734 0.050176 -0.213719 -0.322273 -0.038033 -0.247931 -0.010607 -0.149203 -0.070866
-0.084578 0.114204 -0.088155 -0.046739 -0.007397 -0.038677 -0.224274 -0.203382 -0.407162 0.108662 -0.095930 -0.015712
0.016656 -0.069593 0.126642 0.187908 0.099450 -0.222152 -0.400025 -0.044273 -0.008648 -0.061020 -0.051882 -0.141854
-0.078256 0.062252 0.054547 0.281517 0.068539 0.033666 -0.134937 -0.161767 -0.233589 -0.048146 -0.200932 -0.070878
-0.152355 -0.089005 -0.011809 0.121013 -0.034415 -0.188973 -0.025055 -0.129823 -0.063004 -0.032844 -0.232421 0.042782
-0.104937 0.010650 -0.020230 0.246298 -0.066375 0.004548 0.241141 -0.376717 -0.110426 -0.167179 -0.545711 -0.013704
-0.240599 -0.070267 -0.144693 -0.062234 0.104944 0.093745 0.187455 -0.382622 -0.045187 -0.134859 -0.271476 -0.011187
-0.263038 -0.120386 -0.070307 -0.061771 0.000393 -0.070308 0.010924 -0.275769 0.131797 -0.055462 -0.236402 -0.026079
0.009526 0.116790 -0.035120 0.003867 0.055018 -0.211254 0.003492 -0.049927 0.221108 -0.302592 -0.482186 0.219466
-0.034841 -0.038971 -0.059946 -0.072556 -0.132161 -0.294675 0.206740 0.017648 0.109224 -0.238097 -0.490614 0.066772
0.104845 0.069592 0.004512 0.055628 -0.076626 -0.487379 -0.077541 -0.107906 -0.025339 -0.222178 -0.255286 0.101041
-0.109195 0.000094 -0.008080 -0.037297 -0.057226 -0.379552 0.012236 0.061461 0.045061 -0.232691 -0.064707 -0.052251
0.117146 0.102167 0.098746 0.050302 0.032337 -0.281127 0.054232 0.039313 0.145791 -0.247677 -0.037867 0.018298
-0.045436 0.171521 0.165818 0.030424 -0.079045 -0.373697 0.128696 0.200671 0.147465 -0.114421 0.033146 0.086175
0.029930 0.089963 -0.055089 -0.083663 0.068462 -0.460400 0.242071 0.160709 0.355624 -0.219622 -0.041312 -0.060600
-0.156017 0.045982 -0.142688 -0.041574 0.161192 -0.382795 0.203937 0.193127 0.216772 -0.151802 0.080603 0.101162
-0.150794 0.048303 -0.070878 0.005696 0.121527 -0.442151 0.098658 0.067587 0.175996 -0.216348 0.078610 0.109341
0.023375 0.048245 -0.010003 -0.007887 -0.012876 -0.328863 0.050039 -0.127405 0.199458 -0.282495 -0.214807 0.141214
-0.202769 -0.072223 0.067174 -0.174990 0.131494 -0.192492 -0.261540 -0.063181 0.159119 -0.309780 -0.002155 -0.069038
0.057449 0.049900 0.025647 -0.091947 -0.007880 -0.158573 -0.501598 -0.084313 0.113301 -0.215860 0.170585 -0.043094
0.134163 -0.007758 0.147524 -0.108926 -0.087465 -0.397430 -0.633941 0.063338 0.109217 -0.310998 0.177299 0.051493
0.043922 -0.152191 0.174608 -0.135022 -0.036082 -0.462296 -0.659919 -0.025391 0.163979 -0.063624 0.073877 -0.045002
0.097173 -0.086519 0.007934 -0.046403 -0.043958 -0.372389 -0.740553 0.014988 0.219153 -0.098992 -0.094173 0.076797
0.247188 -0.144017 0.054710 -0.005733 -0.010278 -0.196087 -0.335303 -0.065160 0.055391 0.126866 0.143907 -0.030595
0.297267 -0.071641 -0.017670 0.156363 0.058602 -0.240794 -0.131565 -0.018250 -0.075038 0.108269 0.018006 0.012078
0.261148 0.073103 0.022803 0.148225 0.048416 -0.018823 -0.273328 -0.110336 -0.128867 -0.000747 0.090852 -0.008314
0.121374 0.181962 -0.044204 0.011374 -0.041693 -0.302621 -0.181158 -0.147837 -0.161320 0.138601 -0.072135 -0.085744
0.008773 0.204605 -0.012715 0.263800 0.144128 -0.167416 -0.044452 -0.233166 -0.351566 -0.018804 -0.122143 0.054004
-0.111358 0.266136 0.002323 0.241165 0.159563 0.141778 0.053579 -0.297319 -0.154046 -0.204049 -0.378254 0.025018
-0.110599 0.038933 -0.271382 0.215400 0.113048 0.078968 0.072255 -0.390264 0.015403 -0.155241 -0.299295 0.139271
-0.226680 -0.005132 -0.307585 0.126647 0.026677 0.045518 0.269833 -0.388532 -0.023373 -0.146691 -0.360885 -0.210585
-0.103578 -0.012152 -0.347838 -0.153053 -0.025200 0.063241 0.257542 -0.304356 0.200193 -0.239301 -0.344020 -0.183049
0.008457 0.042882 -0.129397 0.147832 0.063857 -0.129420 0.109422 -0.252806 0.201260 -0.330832 -0.334259 0.252236
0.087240 -0.009142 -0.186954 0.226330 0.074250 -0.190324 0.178945 0.013826 0.137713 -0.397685 -0.121687 0.004247
0.146615 -0.045594 -0.023097 0.136208 -0.021954 -0.366216 -0.120114 -0.036145 0.049997 -0.428291 -0.168778 -0.002432
-0.024301 0.175740 -0.146298 0.219585 0.081523 -0.226698 0.116483 0.077845 -0.179198 -0.541556 -0.028730 -0.134388
-0.006772 0.257556 0.006253 0.070776 0.041493 -0.356646 0.108708 0.054240 0.140889 -0.423182 -0.059503 0.093296
-0.062696 0.311986 -0.092118 0.013757 0.000708 -0.331003 0.084258 0.186363 0.076168 -0.061559 -0.119860 -0.002236
0.114639 0.212226 -0.064169 -0.158759 -0.080218 -0.234325 0.114217 0.069816 0.219017 -0.183421 -0.052311 0.174150
-0.016099 0.198827 -0.062612 0.167450 -0.032403 -0.243774 0.303801 0.066418 0.070619 -0.188151 -0.095172 0.096956
0.114680 0.123071 -0.093970 -0.010804 -0.245650 -0.211920 0.213525 0.246001 0.196210 -0.266876 -0.038258 0.084900
-0.025417 0.035241 -0.050575 -0.022980 -0.068530 -0.139178 0.158999 0.244257 0.120138 -0.167531 0.029574 0.063469
0.147385 0.044427 -0.161306 0.038251 -0.051592 -0.064715 -0.149807 0.069446 0.238539 -0.317642 -0.000053 0.017680
0.004803 0.041276 -0.010643 0.113121 0.077533 -0.053536 -0.406882 0.148749 0.137741 -0.197180 0.097205 0.004500
-0.014890 0.157661 0.028878 -0.065556 -0.007831 -0.193286 -0.422080 0.134337 -0.013606 -0.168926 -0.010687 -0.032063
0.167771 0.113544 0.171909 0.009803 0.014663 -0.323502 -0.278817 -0.046907 0.017706 -0.042394 0.103026 -0.056668
0.329504 -0.016772 0.186602 -0.041122 0.057933 -0.103429 -0.191909 -0.033446 0.107932 0.127501 -0.019932 -0.064698
0.405466 0.110799 0.028559 0.190294 0.070933 -0.024161 -0.107506 -0.280916 0.077512 0.197438 0.026668 -0.071632
0.428700 0.149767 -0.079936 0.191202 -0.020033 0.042081 -0.073366 -0.243956 0.041917 0.103219 -0.096196 0.015714
0.291229 0.226568 -0.125944 0.207859 0.078651 -0.054399 -0.005248 -0.329948 -0.156480 0.191281 -0.369360 -0.037326
0.409867 0.187119 -0.271805 0.145097 0.019448 -0.053998 -0.049651 -0.536574 -0.113101 0.145391 -0.107676 -0.043922
0.162239 0.304624 -0.239178 0.133532 -0.008729 0.306573 -0.097351 -0.379948 0.035901 0.011538 0.015034 -0.077414
0.139681 0.290257 -0.516306 0.267677 -0.085530 0.067382 0.029029 -0.597471 0.063329 -0.009526 -0.304634 -0.027309
0.056816 0.348699 -0.190711 0.053004 -0.043326 0.185427 0.126981 -0.700214 0.264039 -0.200929 -0.302134 -0.021002
0.027982 0.215007 -0.390303 0.064504 -0.028296 0.244016 0.172953 -0.513168 0.219628 -0.260218 -0.217840 -0.055106
0.074535 0.335872 -0.692996 -0.089338 0.037007 0.316847 0.218017 -0.133971 0.252347 -0.373568 -0.336071 -0.239109
-0.124146 -0.342907 -0.094249 -0.198703 0.102210 0.165749 -0.068790 0.020676 -0.103661 0.178036 0.037195 0.205792
-0.167949 -0.129059 -0.293938 -0.176165 0.019454 0.043643 -0.213873 0.034896 -0.148955 0.052919 -0.127488 0.100405
-0.332139 -0.080457 -0.076349 -0.124602 -0.040442 0.151069 -0.142496 -0.215513 -0.461420 -0.079721 -0.048119 0.053661
-0.025488 -0.313908 -0.183893 -0.015191 -0.048886 -0.024449 0.044001 0.074933 -0.472739 -0.142884 -0.089296 -0.205013
-0.054648 -0.105826 -0.104930 -0.104361 -0.018636 -0.069426 0.054524 0.014705 -0.388789 -0.052633 -0.084481 -0.144089
-0.065991 -0.149844 0.005489 -0.028354 -0.070106 0.133890 -0.094366 0.156979 -0.153685 -0.168377 0.172625 -0.106615
0.279568 -0.077198 -0.060490 -0.024546 -0.188592 0.184136 -0.010503 0.122775 -0.144877 -0.076500 0.096624 0.073611
0.328054 -0.084805 0.043692 -0.033149 -0.047645 0.156725 0.013383 -0.001001 -0.115930 -0.035934 -0.030964 -0.081727
0.272045 -0.256856 0.007372 0.233100 -0.250793 0.057742 -0.036728 0.129930 -0.048850 0.113100 -0.080802 0.137507
0.060792 -0.210602 0.198251 0.000465 -0.146215 0.206552 0.141106 0.194774 0.026599 -0.127027 -0.090507 -0.050219
0.066258 -0.305537 0.167423 -0.094147 -0.270282 -0.067555 0.280353 0.111539 -0.098796 -0.142175 0.019024 0.064297
-0.026451 -0.368164 0.128780 0.003346 -0.013945 -0.034771 0.169662 0.007106 0.040488 -0.018538 0.120663 -0.150627
0.005258 -0.349384 0.370681 -0.091683 0.007772 -0.026038 0.200417 0.097654 -0.018895 -0.181409 -0.131892 -0.174897
-0.117530 -0.218932 0.173360 0.049751 -0.073267 0.060011 0.041834 0.003077 0.026459 -0.028817 0.013323 0.089436
-0.221665 -0.328672 0.248022 -0.092471 -0.129538 -0.106669 0.140893 0.141503 0.173554 -0.083837 0.035497 0.299273
-0.052528 -0.275465 0.199673 0.009675 -0.219881 -0.007570 0.198987 0.193878 0.091624 0.104395 0.060787 0.173462
-0.190996 -0.210802 0.022144 0.042365 -0.184402 0.110328 0.189636 -0.058019 0.354864 0.022725 -0.049323 0.167499
0.116530 -0.147996 0.091045 0.079883 -0.111868 0.024023 -0.018894 -0.062136 0.219598 -0.035157 -0.074180 -0.093701
0.114748 -0.186099 -0.121694 0.030348 -0.049211 -0.124277 -0.050685 0.059087 0.162585 0.027018 0.029320 -0.070064
-0.049171 -0.301855 -0.050677 -0.035265 0.018993 -0.156547 -0.188988 -0.035988 0.078310 -0.205023 0.239630 -0.184326
-0.028302 -0.262449 -0.009027 -0.002035 0.114931 -0.105787 0.091364 0.007696 0.075641 -0.034413 0.125461 -0.205159
-0.056695 -0.191799 -0.077972 0.080623 -0.022844 -0.156504 0.120468 -0.115343 0.117013 -0.086291 0.022483 -0.184912
-0.050020 -0.174919 0.095476 0.338031 -0.242692 -0.165679 -0.083426 0.063563 0.104499 0.019199 0.039228 0.009194
-0.205196 0.067689 -0.215710 0.419901 0.096161 -0.105020 -0.040846 -0.073902 0.147376 -0.180414 -0.038281 0.024023
0.029924 -0.262512 -0.064148 -0.088419 0.136766 0.047876 0.275244 -0.230159 -0.199278 -0.160856 0.049220 -0.071544
-0.054686 -0.182495 -0.130302 0.027824 -0.103792 -0.002704 0.128883 -0.246357 -0.156372 -0.140338 0.078890 0.102839
-0.248653 -0.252693 -0.206355 0.224781 -0.076412 0.017944 0.005764 -0.097966 -0.202255 -0.085210 0.117737 0.062264
-0.222528 -0.035489 -0.185238 -0.009764 -0.012488 -0.151004 -0.008328 -0.054618 -0.057452 0.016495 -0.036103 0.014833
-0.140913 -0.129625 -0.059226 -0.028508 -0.176962 -0.043434 0.113420 0.131851 -0.350549 -0.109827 -0.110275 -0.136839
-0.002776 -0.122160 -0.168303 0.209344 -0.328434 0.076856 0.161846 0.176029 -0.071906 0.063555 -0.072052 -0.060354
-0.048148 0.152570 -0.139928 -0.068939 -0.278562 0.131949 0.365096 0.213648 -0.002730 0.086788 -0.025629 0.065535
0.194913 -0.149364 -0.215563 0.045759 -0.264828 0.023686 0.423263 0.227201 0.180922 0.206312 0.042417 -0.000629
0.019267 -0.130221 -0.179671 0.042107 -0.134017 0.190012 0.289539 -0.010123 0.137058 0.077346 0.078781 -0.181717
-0.038121 -0.312860 0.060582 0.069770 -0.235599 0.219219 0.248045 0.024593 0.300820 -0.039501 -0.089251 0.009080
-0.146766 -0.235281 0.231663 -0.147309 -0.338938 0.178625 0.417539 -0.094272 0.235744 0.160038 -0.087524 0.066976
0.090990 -0.336852 0.153664 0.040425 -0.084082 0.091817 0.472555 0.020402 0.292053 -0.012596 -0.023410 -0.051248
-0.072864 -0.220641 0.223044 -0.029806 0.019393 0.079135 0.404880 -0.067493 0.158598 0.179157 -0.046690 -0.268553
-0.135800 -0.316316 0.148152 0.075040 0.083567 0.017699 0.223916 0.051210 0.091755 0.254122 -0.147976 0.004591
0.050862 -0.080861 -0.102625 -0.101653 -0.044638 0.119179 0.203723 0.074053 0.213489 0.388019 -0.028311 0.170725
-0.066454 -0.318864 0.054478 0.175227 0.042743 0.046926 0.172259 0.190781 0.037268 0.388903 -0.127255 0.052919
-0.046845 -0.212711 -0.031801 0.049116 -0.057035 0.095611 0.209834 0.211715 0.094763 0.368123 -0.022148 -0.124670
0.087901 -0.368511 -0.038893 0.070156 0.080378 0.129428 0.013686 -0.028197 0.085203 0.404246 0.079461 -0.031960
-0.012700 -0.194458 -0.016705 -0.024652 -0.080566 0.106672 -0.293049 -0.019261 -0.030791 0.362956 0.047501 -0.046025
0.001181 -0.225862 0.047389 0.228984 -0.153579 -0.099564 -0.151227 -0.131614 0.022335 0.264699 0.121182 -0.384986
0.148768 -0.277665 0.086610 0.104676 -0.062491 -0.165567 -0.212866 0.080687 -0.036050 0.176147 -0.057038 -0.300463
0.163947 -0.328182 0.121611 0.147307 0.019008 -0.044193 -0.032294 0.154150 -0.040794 0.103586 -0.062056 -0.064948
0.070095 -0.183851 0.097691 0.244465 -0.178808 -0.284977 -0.029361 0.054852 -0.248248 0.061022 0.039245 -0.130089
0.045328 -0.254956 0.019563 0.281546 0.056200 -0.369374 -0.017939 -0.012498 0.119103 -0.072737 0.014818 -0.149843
-0.045417 -0.223340 0.103162 0.080757 0.127254 -0.110031 0.158555 -0.045456 0.114277 -0.223509 0.028787 -0.340953
-0.070078 -0.337444 -0.192754 -0.041534 0.052364 0.056984 0.073566 -0.104076 0.033645 -0.198590 -0.062149 -0.142644
-0.079950 -0.130327 -0.131183 -0.113241 0.006993 -0.048137 -0.115563 -0.044754 0.064426 -0.151773 -0.082378 -0.123466
-0.395079 0.013026 -0.156766 -0.120750 -0.239510 -0.007989 -0.131118 -0.070647 -0.008601 -0.188972 -0.078756 -0.173384
-0.426732 0.007048 -0.226054 0.028872 -0.256371 0.097226 0.051438 0.078448 -0.099697 -0.103445 -0.254721 -0.142609
-0.269569 -0.066428 -0.085283 0.108024 -0.133837 -0.054416 0.064400 -0.030602 -0.183961 0.059919 -0.156303 -0.109474
-0.221713 -0.019454 -0.086699 0.099273 -0.338443 -0.119324 0.303690 0.154691 -0.002906 0.006383 -0.243220 -0.082246
0.127899 0.039156 0.140267 0.188639 -0.080081 -0.142464 0.243612 0.120949 0.149502 0.132025 -0.019066 -0.149663
0.042986 -0.146831 -0.110960 0.227733 -0.254709 0.073400 0.421527 0.128140 0.305785 0.326761 -0.056311 -0.126472
0.200253 -0.288788 -0.176771 -0.133972 -0.129928 0.196398 0.278222 0.081342 0.248405 0.211256 -0.149835 0.040953
0.020907 -0.254041 -0.011180 -0.110078 -0.215349 0.274577 0.509225 0.027131 0.240524 0.228951 -0.090182 -0.071506
-0.041770 -0.165314 -0.006624 -0.062092 -0.255681 0.112305 0.118897 0.098666 0.325459 0.259072 -0.104809 -0.003824
0.092075 -0.228136 -0.095509 -0.141702 -0.265665 0.192190 0.007166 0.185773 0.190832 0.135074 -0.200609 -0.130123
-0.128067 -0.184329 -0.153909 0.142161 -0.248612 0.137227 0.049783 -0.053464 0.104067 0.281185 -0.178499 -0.164413
0.090141 0.008335 -0.053186 0.017778 -0.180731 0.177681 0.218915 0.029948 -0.008953 0.169298 -0.075672 -0.046422
-0.009983 0.021550 0.076761 0.173103 -0.139144 0.072365 0.044104 0.017546 -0.066407 0.271740 0.079534 0.055142
0.096556 0.101517 -0.228576 0.038171 -0.035867 0.057832 0.100764 0.062819 -0.154669 0.207496 -0.027231 -0.209782
0.161518 -0.029879 -0.028621 0.083261 -0.036488 0.056768 0.123813 -0.093129 0.016576 0.247963 -0.147552 -0.232926
0.241654 0.025837 -0.092040 0.102120 -0.061313 0.009246 -0.018648 0.029248 -0.051470 0.226220 -0.082188 -0.199200
-0.017128 -0.204066 -0.155620 0.089185 -0.321632 -0.039669 -0.220681 -0.077665 -0.151903 0.232848 -0.158314 -0.280927
0.122845 -0.019901 0.065619 0.170312 -0.300010 -0.036115 -0.035818 0.112417 -0.175102 0.236934 -0.063163 0.018851
0.072170 -0.157162 0.146233 -0.002854 -0.190588 -0.103423 -0.057318 0.015622 -0.034765 0.186858 -0.155049 0.031006
0.097459 -0.191409 0.015372 0.234012 -0.036696 -0.321718 0.098147 -0.085547 0.110196 0.189615 -0.148077 -0.101612
0.093442 -0.248258 0.023892 0.268977 -0.051897 -0.264614 -0.029050 0.109941 0.040689 -0.025870 0.156400 -0.018191
0.096012 -0.357046 -0.276382 0.051630 0.121494 -0.116411 0.082517 0.042310 0.222669 -0.106927 0.037537 -0.032097
-0.000841 -0.205552 -0.217283 -0.104955 0.071733 -0.179999 0.153413 0.136254 0.140452 -0.161207 -0.045632 -0.075461
-0.044019 -0.103572 -0.126538 -0.065290 -0.078588 -0.098778 0.089961 0.115731 0.150536 -0.008253 0.069973 -0.098932
0.025861 0.012087 -0.196520 -0.012987 0.032888 -0.164199 -0.179860 -0.001641 -0.142454 0.038235 -0.222941 -0.068518
-0.267641 0.247826 -0.095948 0.106428 -0.041162 -0.080031 -0.123149 0.045630 -0.198073 -0.005638 -0.215549 -0.057939
-0.133308 -0.084939 0.002785 0.046212 -0.094956 0.012445 -0.018062 0.118086 -0.050346 -0.196114 -0.090825 -0.112203
-0.143223 0.076433 0.025229 0.003507 -0.099068 0.118461 0.165078 0.256184 0.009657 -0.056616 -0.227772 0.075605
0.127266 0.202993 -0.091573 -0.019543 -0.477417 -0.034231 0.360317 0.245483 0.052501 0.271104 -0.207400 0.022515
0.181932 0.220001 -0.187383 0.160157 -0.244641 -0.084435 0.176289 0.139948 0.272633 0.050175 -0.033026 0.113047
0.059489 0.152425 -0.324456 0.030621 -0.299514 0.066031 0.062507 0.254415 0.112880 0.114524 -0.034971 -0.034930
0.104006 0.063943 -0.164514 -0.009742 -0.309628 0.022242 0.333739 0.113614 0.168905 0.248539 0.013434 -0.105117
0.092134 0.089761 -0.293788 -0.086232 -0.334569 0.254922 0.298416 0.124450 0.074018 0.093630 -0.093335 0.062461
0.114315 0.140924 -0.350176 -0.215866 -0.311548 0.152922 0.097975 0.073419 0.178119 0.204082 -0.091977 -0.133484
0.055454 0.071891 -0.362569 -0.068880 -0.332098 0.204048 -0.018016 0.008582 0.086245 0.254701 -0.205483 -0.426993
0.132955 -0.019532 -0.140350 0.117502 -0.337008 0.124693 0.005113 -0.087525 -0.105906 0.203621 -0.037635 -0.230022
0.123597 -0.058790 -0.143365 0.094472 -0.055488 0.223183 -0.033350 -0.120528 0.017240 0.122518 -0.094574 -0.130373
0.010169 0.181154 -0.215323 0.085383 -0.045958 -0.010886 0.079744 0.136976 0.048147 -0.030703 -0.078881 -0.188703
0.147382 0.149823 0.011090 0.050491 0.030276 0.078567 -0.005423 -0.039300 -0.132994 0.191686 -0.367645 -0.085923
0.197526 0.127018 -0.146967 0.094954 -0.193298 0.087781 -0.176645 0.135352 -0.202045 0.127794 -0.125142 -0.000297
0.151488 -0.194517 -0.007907 0.118635 -0.212082 0.046479 -0.322651 0.172686 -0.027210 0.224611 -0.059572 -0.167261
0.066341 -0.217978 0.014219 -0.008412 -0.108523 0.079823 -0.039360 0.186891 -0.086070 0.143938 0.048040 -0.033830
0.118782 -0.119931 0.040387 0.033770 -0.192761 -0.188602 -0.045751 0.277070 -0.088919 0.021480 -0.109109 0.051537
0.318791 -0.097361 0.137121 0.009169 -0.106275 -0.255188 0.011945 -0.034020 0.083200 0.120100 -0.100555 0.104736
0.220396 -0.236020 0.026349 0.002456 -0.032152 -0.089373 0.133050 -0.236681 0.074730 0.154830 -0.079384 -0.199197
-0.032141 0.014750 -0.115527 0.256358 0.026859 -0.303230 -0.156268 0.094199 0.070640 0.097367 -0.122460 -0.037635
0.109547 -0.196348 -0.117282 0.103002 0.072537 -0.262875 0.097233 0.250748 -0.017347 0.121643 0.176177 -0.174624
0.039718 -0.104083 -0.114345 0.141931 -0.003361 0.008756 0.225770 0.092555 0.131235 0.043664 -0.026678 0.166531
0.170326 0.065125 -0.185835 0.092680 -0.127090 -0.071398 0.149293 -0.257875 -0.149918 -0.056933 -0.146535 0.066556
-0.058258 0.188740 -0.039220 -0.030873 -0.064644 0.135473 -0.044448 -0.087115 -0.003986 0.035432 -0.289414 0.079878
0.019934 -0.001972 -0.101920 0.160707 -0.209670 0.044179 -0.069241 0.018191 -0.017369 -0.083767 -0.239041 0.153860
-0.103453 0.041778 0.007532 0.208313 -0.111323 -0.225335 -0.121716 -0.078497 0.021624 -0.004126 -0.170693 0.133409
-0.079336 0.152570 -0.071107 0.076238 -0.181173 -0.195392 -0.062673 -0.052284 0.042144 0.098359 -0.168309 -0.068333
-0.145714 0.034786 -0.090711 0.044396 -0.126463 -0.233127 0.002790 0.066927 0.090075 0.217946 -0.207804 -0.143212
0.094602 0.079503 -0.026604 0.096115 -0.262984 -0.224500 0.089230 0.054955 0.019635 0.107277 -0.246990 -0.299890
0.019748 0.292327 -0.064704 0.155307 -0.170304 -0.195016 0.161106 0.068639 0.028542 0.212480 -0.073978 -0.236265
-0.083093 0.358195 -0.274450 0.025838 -0.229175 -0.199504 -0.026852 -0.040577 0.086783 0.356361 -0.226489 -0.189266
0.162209 0.285865 -0.202760 -0.019461 -0.282555 -0.035541 0.016131 -0.015466 -0.008249 0.185058 -0.211964 -0.305484
0.115567 0.270121 -0.305202 -0.051703 -0.136943 0.069337 -0.043547 0.143894 0.025878 0.153799 -0.250354 -0.364023
0.104712 0.265094 -0.315312 0.057808 -0.150972 -0.017470 -0.057584 0.167207 -0.026710 0.252483 -0.252394 -0.295822
0.272590 0.278177 -0.323685 0.233507 -0.047437 -0.026727 0.032764 0.002271 0.006463 0.004488 -0.159611 -0.275551
-0.210579 0.027111 -0.188980 0.100029 -0.104871 0.057684 0.117140 0.033572 -0.078267 0.011349 -0.085270 -0.073963
0.189440 0.132393 -0.088011 0.090763 -0.045373 0.095509 0.182586 0.033939 -0.085836 -0.103296 -0.209642 0.182000
0.029187 0.140963 -0.167048 0.161984 0.013495 -0.032778 -0.080591 0.218617 -0.065166 -0.071445 -0.361045 0.033574
0.046518 -0.067011 -0.124791 0.154258 -0.068229 0.058673 -0.245448 0.068350 -0.071317 0.152489 -0.134860 0.062500
-0.072567 -0.047981 -0.206589 0.245076 -0.029601 0.130965 -0.119173 0.232438 0.060743 0.065754 -0.118830 0.060702
-0.052645 -0.102812 -0.034796 0.083922 -0.146683 0.075687 -0.296971 0.207894 0.169535 0.146801 -0.035723 0.130358
0.035853 -0.067348 -0.027426 -0.001939 -0.045663 -0.142271 -0.223841 0.085079 0.162444 0.115503 0.061937 -0.014394
0.350364 -0.129728 0.078038 0.072352 0.025840 -0.028016 -0.039656 -0.187486 0.304526 0.108095 -0.005622 0.027916
-0.145191 0.035812 -0.124002 0.215391 -0.030525 -0.469144 -0.343895 -0.019679 -0.030768 -0.031140 -0.052822 -0.069729
0.001372 -0.091770 0.064446 0.118558 0.018397 -0.282560 -0.111323 -0.011592 -0.106167 0.102613 0.015948 -0.207529
0.109930 0.007528 -0.040583 0.268742 -0.038220 0.026551 -0.072666 0.077908 -0.061616 0.093974 0.156496 -0.185783
-0.069855 -0.182052 0.086660 -0.068127 0.057590 0.104352 0.091771 0.044340 -0.086716 0.083657 0.063942 -0.178502
-0.103476 0.022810 0.154077 -0.089642 0.162716 0.059857 -0.004994 -0.076464 0.214520 0.230378 0.016989 -0.104819
-0.197236 0.101726 -0.048106 0.047547 0.061775 0.172990 -0.003495 -0.121774 0.037273 0.280217 -0.026043 -0.150668
-0.370216 -0.002622 0.055375 0.124375 -0.031563 -0.015898 -0.070126 -0.176811 -0.049342 0.146767 -0.051172 -0.286213
-0.279996 -0.025653 0.156460 0.070937 -0.107927 -0.187332 -0.013717 0.011794 -0.030108 0.121186 -0.126963 -0.255111
-0.110537 -0.059984 0.198961 0.355848 -0.009331 -0.234985 -0.104651 0.023340 0.319942 0.211628 -0.097959 -0.401949
-0.079943 0.020809 0.163161 -0.004634 -0.075939 -0.403469 0.088015 0.041196 -0.020734 0.124629 -0.204774 -0.359780
-0.100309 0.261029 0.202491 -0.075573 -0.045172 -0.403019 0.005580 -0.188169 0.075054 -0.051274 -0.125733 -0.436160
-0.238428 0.205493 0.384112 0.075895 0.092960 -0.365482 -0.303024 -0.062279 -0.073282 -0.057905 -0.177114 -0.333385
-0.113863 0.355076 -0.015760 0.141059 -0.074367 -0.358695 -0.153143 0.014781 0.020024 0.231392 -0.280152 -0.148032
-0.098168 0.279840 0.091373 0.075800 -0.104741 -0.450989 -0.237260 0.017683 0.051039 0.148925 -0.222646 -0.175687
-0.191774 0.132594 0.013935 0.159494 0.020280 -0.141753 -0.025620 0.159763 0.090437 0.198281 -0.134134 -0.132433
0.045038 0.189611 -0.044658 0.138867 -0.066982 -0.220892 0.044238 0.214762 -0.161210 0.214832 -0.261860 0.005679
-0.117876 0.142291 -0.139437 0.109763 -0.148491 -0.010024 -0.008813 0.361480 -0.114863 0.026588 -0.097726 0.027126
-0.121606 0.073647 0.039811 0.060173 -0.172789 0.041645 0.321071 0.178871 -0.080837 -0.127979 -0.004437 0.098438
-0.181778 -0.045521 0.265066 0.082832 -0.210211 -0.159363 0.096218 0.050316 -0.006377 -0.176394 -0.049461 0.110080
-0.035659 0.099764 0.142057 -0.086296 -0.155287 -0.017382 0.035318 0.296737 0.008648 -0.136783 -0.022159 0.007630
-0.074240 -0.011924 0.075923 0.000517 -0.273707 -0.026750 -0.103839 0.275059 -0.043977 -0.035397 0.033034 0.034667
-0.085260 -0.125739 0.062179 0.071665 -0.047980 0.048334 -0.052921 0.067411 -0.097918 -0.033488 -0.017142 0.062266
-0.192043 -0.221861 0.164964 0.030861 -0.056269 0.053263 -0.321923 0.167149 0.182351 0.088298 -0.000954 0.136852
0.011372 -0.094757 0.029542 0.122371 0.308658 0.034356 -0.256485 -0.050622 0.180280 -0.125011 0.083574 0.022388
-0.022547 0.281328 0.042444 0.140866 0.032099 -0.054660 -0.208013 -0.352899 -0.296769 0.076974 -0.061293 -0.022762
-0.128124 -0.027452 -0.084325 0.167299 0.053118 -0.018634 -0.236894 -0.198757 -0.135048 0.027442 0.086772 -0.095096
-0.067323 -0.128222 0.037449 0.186606 0.119177 -0.068354 -0.233618 -0.145920 -0.083145 0.181752 0.044060 -0.138547
0.058225 0.023905 0.009967 -0.070746 0.110681 -0.167997 -0.288847 -0.020016 -0.046946 0.308782 0.097646 -0.167310
-0.252815 -0.177965 0.260498 -0.069903 0.107160 -0.075295 -0.136831 -0.047066 -0.100348 0.030232 0.113234 -0.184987
-0.030162 0.090805 0.110002 -0.198530 0.078388 0.002920 -0.088686 -0.190848 0.071175 0.180485 0.046659 -0.305533
-0.251872 -0.135533 0.283026 -0.091870 0.149599 -0.021329 -0.239165 -0.261118 -0.008635 0.020589 -0.076091 -0.346471
-0.292170 -0.019383 0.245510 0.018801 0.152878 0.046618 -0.058859 -0.284015 0.103863 0.067006 -0.010065 -0.422626
-0.270517 -0.149496 0.292115 0.180243 0.134739 -0.066900 -0.139636 0.024676 -0.042786 0.091202 -0.063929 -0.289776
-0.128325 -0.068879 0.355761 0.140266 0.103539 -0.175584 -0.062182 -0.140846 0.132083 0.046757 0.012056 -0.367534
-0.181181 -0.025305 0.320071 0.003752 0.169821 -0.338028 -0.170089 -0.157827 0.166929 -0.164781 -0.087064 -0.492407
-0.282325 -0.066357 0.176295 0.053537 -0.035800 -0.391553 0.070480 -0.174962 -0.077235 -0.038667 -0.136957 -0.313257
-0.322121 0.086270 0.281309 -0.033526 -0.076661 -0.268185 -0.148338 -0.009640 -0.256808 -0.016599 -0.205183 -0.152885
-0.239037 -0.031087 0.111503 -0.021039 -0.212340 -0.279862 -0.154603 0.057517 -0.048906 0.013250 -0.024584 -0.164165
-0.119149 0.251763 0.300803 -0.000172 -0.009753 -0.261687 -0.118490 0.151637 -0.069124 0.241934 0.162778 -0.094190
-0.205046 0.039442 0.196738 -0.011518 -0.020028 -0.123649 0.072562 0.052887 -0.124930 0.013283 0.011763 0.057498
-0.139924 0.200808 0.016059 -0.306314 0.072155 0.060082 0.202652 0.386726 -0.046561 0.053520 -0.011071 0.225851
-0.313451 -0.009614 0.215826 -0.177160 0.031354 0.072002 0.285901 0.094187 -0.200694 -0.052415 -0.080246 -0.080880
-0.073231 0.150999 -0.026408 -0.273744 -0.045067 -0.096018 0.173212 0.064174 0.152430 -0.137127 0.018557 0.102674
-0.023319 0.060132 0.139503 -0.581852 -0.110583 -0.022074 0.052809 -0.014556 -0.021373 -0.143762 -0.046013 0.000713
0.023405 0.068684 0.229924 -0.291892 -0.048773 0.077292 0.203469 -0.061233 -0.006354 -0.161416 -0.047415 0.018444
-0.308758 -0.087744 0.175799 -0.047631 -0.113735 0.041461 0.121753 0.230976 -0.150573 0.033205 0.267150 -0.021075
-0.375642 -0.097955 0.257911 0.208389 -0.016927 0.210198 -0.045779 0.433563 0.113376 0.221737 -0.112871 -0.188525
-0.078432 -0.030706 0.005228 0.083844 -0.000158 0.124863 -0.064673 0.361997 0.219789 0.237211 -0.033821 -0.026021
0.007337 0.071648 0.161264 0.043987 -0.089625 0.159510 -0.261812 -0.410232 -0.241043 0.106243 0.064565 0.295112
-0.060923 -0.075004 -0.192435 0.207743 0.034130 0.049634 -0.007727 -0.209826 0.185497 0.061996 0.306974 -0.008909
0.043997 -0.187024 -0.183535 0.124178 0.132843 0.068798 -0.135902 -0.258641 -0.038665 0.234004 0.147945 -0.044571
0.034100 -0.321814 -0.044235 0.075471 0.052366 0.018610 -0.238871 0.023496 -0.000089 -0.095025 0.036791 0.000841
-0.029240 -0.317891 0.011053 -0.013636 0.099305 -0.023079 -0.162358 -0.089735 -0.076661 0.066133 0.066257 -0.138051
0.018740 -0.150561 -0.002724 0.142401 0.124881 -0.063842 -0.162274 -0.281486 0.068939 0.161139 0.122023 -0.078024
0.061323 -0.194352 0.046554 0.005580 0.087813 0.046747 -0.183650 -0.360365 -0.028200 -0.090304 -0.139231 -0.166829
-0.124957 -0.170929 -0.139903 -0.055344 0.024065 -0.083668 -0.259597 -0.320621 -0.041443 -0.104500 -0.312422 -0.390031
-0.138105 -0.183994 0.095765 0.073520 0.019435 -0.153695 -0.185527 -0.252493 -0.003535 -0.033425 -0.227451 0.046703
-0.239867 -0.147324 -0.086283 0.072381 0.015303 0.213351 -0.105251 -0.225256 -0.107940 -0.015652 0.017192 -0.105516
-0.030584 -0.146349 0.126149 0.132236 0.113612 0.049903 -0.112495 -0.069436 0.168642 -0.072139 0.132961 -0.117172
-0.153416 -0.048676 0.096283 -0.052208 -0.001290 0.114230 0.085513 -0.124304 0.018628 -0.110030 0.029741 0.007420
-0.181403 -0.217109 0.181741 0.054259 -0.137472 0.055083 -0.095245 0.038207 -0.111556 0.072630 -0.129041 0.106381
-0.232421 -0.017931 0.161358 -0.230632 -0.177895 -0.017419 -0.104993 0.057941 -0.135188 -0.078437 0.086111 0.121395
-0.198033 -0.125804 -0.067370 -0.016665 -0.197307 0.059115 -0.062440 -0.090120 -0.021138 0.150962 0.071656 -0.072657
-0.069056 -0.040773 0.195306 -0.334097 -0.260197 -0.122422 -0.054005 0.010554 0.134756 -0.074620 -0.107546 -0.115616
0.012811 0.095287 0.027701 -0.351413 0.040616 -0.161502 0.094155 0.162313 -0.067082 0.036223 0.132162 0.006319
0.081093 0.104348 0.064885 -0.143549 -0.069938 -0.051516 0.018962 -0.003854 -0.147611 0.077731 -0.123214 0.051935
-0.148171 0.111682 0.099115 -0.312761 0.100648 -0.032785 0.191539 -0.005164 -0.085805 -0.281372 0.034922 0.210484
-0.171784 0.173108 0.215096 -0.234037 -0.057044 0.025004 0.127498 -0.110472 -0.126330 -0.329042 0.059159 -0.124081
-0.165522 0.046856 -0.179758 -0.361700 -0.124462 0.078966 0.165792 0.124628 -0.009222 -0.364531 -0.039763 -0.070589
-0.104754 0.135541 -0.044750 -0.142562 -0.005862 0.191724 0.180307 0.303381 -0.067430 -0.093989 -0.063644 -0.075630
-0.173849 -0.074798 0.045598 -0.019181 0.080273 0.199556 0.122188 0.341787 0.169100 0.066617 0.171376 -0.146357
-0.072244 -0.195489 0.033261 0.211347 0.166769 -0.094533 -0.075871 0.359659 -0.001697 0.228737 -0.226093 -0.035662
0.265997 -0.104811 0.011938 0.081905 0.058798 0.029322 -0.210171 -0.370486 -0.235089 -0.009800 0.318133 0.304138
0.042307 0.066306 -0.144535 0.098361 0.000116 0.076814 -0.124623 -0.146502 -0.093618 0.034562 0.278026 0.117877
0.203387 -0.229502 -0.329944 0.232448 0.107967 0.110609 -0.158028 -0.164952 -0.131082 -0.031098 0.143499 -0.001315
-0.083898 -0.247729 -0.284537 0.037377 0.183973 0.060987 -0.182995 -0.144625 -0.072700 -0.146199 0.070813 0.064836
0.089665 -0.078452 -0.389158 0.043766 0.252834 0.026098 -0.078339 -0.067687 -0.110595 -0.105078 -0.075055 -0.093576
0.157768 -0.053774 -0.284871 0.148877 0.133070 -0.064920 -0.159627 0.068739 -0.064697 -0.080542 -0.198489 0.053432
-0.182827 -0.296107 -0.340065 0.044681 0.223630 0.061115 -0.220875 -0.025642 0.150110 -0.042081 -0.183444 -0.148651
0.007324 -0.346011 -0.275445 0.009906 0.145150 -0.074149 -0.069940 -0.293115 0.177197 -0.254788 -0.219836 -0.077553
-0.172490 -0.215432 -0.255078 -0.094087 -0.076211 0.004785 -0.156246 -0.312823 0.114068 -0.126129 -0.181158 -0.172058
-0.142131 -0.141865 -0.088269 -0.080457 -0.035094 0.204572 0.094256 -0.052856 -0.008156 -0.033367 0.078375 -0.011537
-0.036257 0.005559 -0.198732 0.013798 0.030360 0.172082 -0.075005 0.040336 -0.088964 -0.077518 -0.036680 0.116029
-0.077340 0.137133 0.036983 0.012756 -0.042425 0.026821 -0.052874 0.035529 0.020241 -0.204244 0.059771 0.153356
-0.070899 0.011523 0.019146 -0.164816 -0.128005 0.189314 -0.130333 0.129048 -0.128850 -0.220885 -0.067407 0.077665
-0.144058 0.076212 -0.016752 -0.220511 -0.139361 0.175474 -0.124637 0.112717 -0.031092 0.030402 0.073448 0.126957
-0.083338 0.031723 -0.028338 -0.094027 -0.112569 0.145325 -0.088025 -0.018451 0.041067 -0.093622 -0.055572 -0.068994
-0.106499 0.027045 -0.144829 -0.236811 -0.054022 -0.078297 -0.114807 -0.023117 0.013088 -0.140124 -0.003830 -0.048986
0.035843 -0.057616 -0.135349 -0.240227 -0.019037 -0.165839 0.023415 -0.043589 -0.028449 -0.151088 0.074274 0.085461
-0.217321 -0.060750 -0.015842 -0.319658 0.088402 0.024942 -0.159565 -0.052445 -0.263055 -0.155208 -0.033907 0.086651
-0.060710 0.090249 0.049054 -0.144037 0.124730 -0.023886 0.019382 -0.034218 -0.172485 -0.036892 -0.059305 0.149335
-0.229341 0.150011 0.106176 -0.116776 0.063367 0.108555 0.206445 0.061463 -0.086067 -0.192635 0.007984 0.138176
-0.029345 0.041302 0.170634 -0.253525 -0.104566 -0.002788 0.178594 0.040323 -0.204438 0.003240 0.132742 0.185546
-0.072001 0.054217 0.079232 -0.291808 0.053728 0.321182 0.263048 0.104580 -0.006670 -0.170589 0.120056 0.060921
-0.258270 0.120153 -0.003340 -0.181518 0.189616 0.220022 0.193607 0.157171 0.089012 -0.107141 0.278473 0.104521
-0.077121 -0.124589 -0.058391 0.023223 0.102845 0.193384 0.214500 0.233643 0.120036 0.327455 -0.126610 -0.039866
0.236051 0.207273 0.041864 0.118112 -0.258183 0.043981 -0.315210 -0.220928 -0.199493 -0.224183 0.112065 0.119277
0.293271 0.092719 0.008681 0.149561 -0.034044 0.200114 -0.130206 -0.192472 -0.290578 -0.023031 0.161173 0.084343
0.266938 -0.032870 -0.189950 0.206359 0.171357 0.107159 -0.031749 -0.308188 -0.092462 -0.041645 0.191222 -0.026366
0.264735 -0.068532 -0.351765 0.089934 0.189822 0.094351 -0.038577 -0.089191 -0.017968 0.042366 0.102477 -0.125955
0.245326 -0.146338 -0.352305 -0.058817 0.112739 -0.013092 -0.009092 -0.077195 0.072569 0.037654 0.026772 -0.151069
0.204310 -0.161126 -0.299338 0.120100 0.212588 0.008155 -0.043414 0.096299 0.216491 0.061465 -0.020272 0.060257
0.213656 -0.030516 -0.332880 -0.058338 0.072156 -0.105065 0.142932 0.108402 0.029122 0.017746 -0.040525 0.119670
0.012120 -0.098419 -0.405307 -0.104890 0.106387 -0.018831 -0.069017 0.008908 -0.123238 -0.024816 0.036016 -0.003868
0.028927 -0.096225 -0.207435 -0.361222 0.101802 0.021579 -0.037259 0.015231 -0.113600 0.012365 -0.022975 -0.019163
-0.115630 -0.088865 -0.165571 -0.455232 0.124333 0.140264 -0.179956 0.047672 0.239112 -0.087187 0.090538 -0.232711
0.011765 0.035115 -0.104044 -0.425540 0.010787 -0.026946 -0.095322 0.048693 -0.108136 -0.049597 0.120873 0.047385
-0.076259 0.105873 -0.099708 -0.397292 0.077016 -0.054571 -0.195776 0.115579 0.003279 -0.187468 0.100476 0.124035
0.025071 0.199901 -0.207529 -0.281684 -0.001140 0.118028 -0.163489 0.122100 -0.142842 -0.078198 0.027078 -0.066753
-0.169975 0.226852 -0.204863 -0.333503 -0.031147 -0.064587 -0.022960 0.169359 -0.037359 -0.092932 0.078699 -0.059110
-0.089609 -0.105959 -0.068270 -0.252513 0.150948 -0.150391 -0.264920 -0.087274 -0.028705 0.051780 0.139504 0.095038
-0.154251 0.073495 -0.200141 -0.147864 -0.136372 0.042885 -0.285952 -0.319360 -0.120417 -0.051381 0.075182 -0.133950
-0.124383 0.123172 -0.156842 -0.074716 -0.108629 -0.107478 -0.296551 -0.239397 -0.200885 0.006307 -0.088725 -0.092766
-0.198887 -0.063289 -0.115572 -0.260650 0.011904 0.047719 -0.313517 -0.189331 -0.128858 -0.003848 0.038350 0.209755
-0.073577 0.086984 0.055561 -0.120923 0.054247 0.051280 -0.012254 -0.099566 -0.081144 0.093492 0.147940 -0.098773
-0.181194 0.165150 0.116441 0.113597 -0.094568 -0.025771 0.093299 -0.198715 -0.291906 0.038322 0.184695 0.131996
-0.334603 0.152595 -0.005304 -0.028030 0.029618 0.046939 0.270660 -0.218016 -0.039613 -0.031316 0.153742 0.138322
0.045498 -0.088666 0.226982 0.184062 -0.025933 0.110510 0.282642 -0.213087 -0.274424 0.010374 0.338157 0.041821
-0.176462 -0.013643 0.035557 -0.062164 0.235222 0.168177 0.534794 -0.014739 -0.093465 -0.110901 0.392522 -0.013193
-0.028859 -0.288510 -0.081449 -0.143244 0.281845 0.027796 0.451647 -0.034190 -0.141653 -0.007478 -0.005847 -0.037336
0.361489 0.543922 -0.049619 0.075166 -0.089991 0.241454 -0.002195 0.101447 -0.260735 -0.258829 -0.198867 0.100183
0.174547 0.287629 -0.137907 0.087108 -0.066207 0.001882 -0.041987 -0.117763 -0.362147 -0.079329 -0.154152 -0.153918
0.188636 0.110004 -0.063363 0.202685 -0.118349 0.251926 -0.074303 -0.088191 -0.235836 -0.073193 0.085293 -0.061043
0.110237 -0.058736 -0.236603 0.192061 0.037895 0.141535 0.107731 -0.299230 -0.188217 -0.092912 -0.022475 0.031802
0.267597 -0.040407 -0.302272 0.184250 0.094900 0.143454 -0.080592 -0.115915 0.088137 0.031904 -0.002002 0.085320
0.230484 -0.140244 -0.378756 0.157648 -0.093704 0.166443 0.106091 -0.120921 0.078518 -0.025590 -0.078924 0.078173
0.041376 0.018555 -0.168428 -0.127108 0.149477 0.073227 -0.221216 -0.222812 0.051722 -0.099430 0.104232 0.082264
-0.073977 -0.096020 -0.214429 0.035077 0.211071 0.051670 -0.002432 -0.058277 0.139475 -0.067650 0.291108 -0.002123
-0.006875 -0.031555 -0.070354 -0.207390 -0.039894 -0.030151 -0.046564 -0.054401 0.157338 0.001631 0.157595 -0.147949
0.033939 -0.071143 -0.076418 -0.279261 -0.003473 0.016364 -0.050141 0.063172 0.027425 -0.059646 0.150527 -0.042547
0.025896 -0.044971 0.035022 -0.404096 0.160736 0.112034 -0.181637 0.074638 -0.024684 -0.005838 0.103871 -0.098759
-0.092169 -0.036701 -0.071730 -0.409205 0.239125 0.006019 -0.223850 0.027944 0.061936 0.042989 -0.036936 0.073019
-0.026475 0.133637 0.001707 -0.421831 0.142310 -0.062313 -0.062386 -0.176051 -0.013007 -0.157635 0.222670 -0.140812
0.073847 -0.011630 -0.079644 -0.172359 0.022695 0.103549 -0.065781 -0.073908 -0.031082 0.004133 0.148043 0.032540
0.163804 0.036587 0.011453 -0.148707 0.077300 -0.000502 -0.174492 -0.221929 -0.106335 0.050771 -0.026677 -0.019258
0.020573 0.015760 -0.064324 0.110243 0.199638 0.097804 -0.079886 -0.435960 -0.306017 0.003898 0.099124 0.071676
-0.117666 0.077092 -0.262372 -0.074921 0.098241 -0.092703 -0.260085 -0.448774 -0.256011 -0.160545 0.141858 -0.053167
0.087337 -0.017046 -0.078331 -0.005211 0.072569 -0.015209 -0.264038 -0.202015 -0.268505 0.038376 0.023289 0.069507
-0.104387 0.033982 -0.117277 -0.007406 0.078882 -0.054910 0.015078 -0.058028 -0.286902 0.110303 0.122614 -0.001028
-0.008800 0.200705 -0.075354 -0.008891 0.124213 0.066838 0.164043 -0.003851 -0.210409 0.065799 0.051949 0.094761
-0.232072 0.232277 -0.163127 0.019466 0.030837 0.015856 0.168256 -0.069708 -0.130374 0.211073 0.008891 -0.072529
-0.296543 0.095294 -0.036808 0.087564 0.045865 0.028648 0.182234 -0.138838 -0.117029 0.212135 0.218315 0.155047
-0.011374 0.100456 0.097858 0.204275 0.054476 0.182926 0.732642 -0.049687 -0.269208 0.052817 0.307277 -0.100083
0.118875 -0.214640 0.089669 0.190274 0.256663 0.138370 0.698375 -0.297667 -0.264786 0.155870 0.224905 0.054174
0.186318 0.404274 0.023648 0.176832 -0.435743 0.110265 -0.278955 -0.142338 -0.389591 -0.282059 0.016098 0.130002
0.066710 0.269545 0.068183 0.257247 -0.371262 -0.010073 -0.212424 -0.030509 -0.263275 -0.288646 0.129604 0.121819
0.167208 0.198270 0.137670 0.123046 -0.057913 -0.121051 -0.003539 0.036802 -0.560206 -0.264346 0.150237 0.144508
0.210090 -0.037838 0.042239 0.307550 -0.151114 -0.030091 0.020703 0.018676 -0.434301 -0.142879 -0.108622 -0.092364
0.219445 0.034348 -0.231427 0.290055 0.069121 0.131511 -0.069200 -0.096358 -0.091682 0.021965 -0.278882 -0.032244
0.239155 0.087067 -0.104739 0.191463 0.138773 0.184281 -0.051154 -0.174499 -0.033077 -0.123906 -0.331303 -0.130355
-0.009588 -0.018745 0.040391 0.145405 0.015508 0.040331 -0.311645 -0.218248 0.198295 -0.156287 -0.171445 -0.262438
0.033421 0.110413 0.106095 0.048428 -0.070475 -0.053548 0.011283 -0.105300 0.269141 -0.053146 -0.145697 -0.017608
-0.026381 0.168189 0.092673 0.113675 -0.063944 -0.025548 -0.093318 -0.120151 0.127680 -0.141192 -0.085402 -0.108771
-0.017278 0.235553 0.105421 -0.193809 0.240461 -0.037514 0.000532 -0.064761 0.221531 -0.108361 -0.095087 -0.147024
-0.177833 -0.083199 0.199603 -0.134161 0.107453 0.081341 -0.000349 -0.067453 0.254531 -0.065087 -0.174663 -0.393680
-0.164729 0.241025 0.042827 0.231692 0.150371 0.069286 -0.074923 -0.266460 0.019728 -0.171791 -0.170147 -0.056788
0.001322 -0.020773 -0.045614 0.085029 0.214917 0.071945 0.072211 -0.219231 0.141882 -0.164852 0.013841 -0.000627
0.130826 0.150338 -0.126588 0.333364 0.175696 0.139342 -0.118354 -0.261761 -0.042330 -0.220432 0.117070 -0.173280
0.098642 0.008849 0.094424 0.044688 0.291305 0.049365 -0.151677 -0.111271 0.109007 -0.124942 0.268862 -0.228155
0.281911 0.074229 -0.050806 0.004865 0.307721 -0.102728 -0.181134 0.058635 -0.027742 -0.096966 0.292103 0.092376
0.245904 -0.244725 -0.104149 0.024427 0.413943 -0.066702 -0.080500 -0.101955 -0.238667 -0.038022 0.147803 -0.013642
0.122840 -0.062222 0.069112 -0.012439 0.431926 0.058304 -0.197181 0.011952 -0.179673 -0.149878 0.097987 -0.093531
0.200174 -0.157417 -0.177106 -0.071533 0.254841 0.039770 -0.067997 0.026283 -0.071499 -0.168888 -0.105582 -0.170902
-0.121310 0.169411 0.096312 -0.099892 0.103478 -0.043830 0.062720 0.162075 -0.042028 0.169291 -0.214056 0.068124
-0.319718 -0.146438 -0.087098 -0.025699 -0.143353 0.083193 0.367997 0.094379 0.063606 0.247632 -0.116618 0.257884
-0.231367 0.114001 -0.123710 -0.114227 -0.154197 0.132500 0.412099 0.038452 -0.071225 0.416362 0.048068 0.210368
0.020818 -0.156276 -0.013999 0.016103 -0.088507 0.107008 0.573077 -0.107671 -0.049859 0.280975 0.403086 0.161428
0.132860 -0.100316 -0.085010 0.197542 0.239838 0.196713 0.765945 -0.285455 -0.204948 0.183099 0.208595 -0.050556
-0.154640 -0.140971 -0.081963 -0.028221 -0.105975 -0.249642 0.392826 -0.094243 0.214904 0.042571 -0.075858 -0.243530
-0.035334 -0.032693 -0.201524 0.054190 0.156360 -0.061698 0.335042 -0.091936 0.289348 0.195889 -0.017697 -0.163839
-0.044646 -0.263978 -0.093218 -0.110081 0.387894 0.069337 0.189322 0.037116 0.152725 -0.020586 0.015720 -0.244352
-0.108905 -0.142143 -0.051542 0.110550 0.228439 -0.122084 0.016336 -0.043849 0.320888 0.099149 -0.114248 -0.253657
0.081786 -0.072119 0.034175 0.164182 -0.114219 0.031628 0.149838 0.057162 0.323634 -0.122537 -0.162754 -0.078496
0.054864 -0.132607 0.020992 0.004384 0.009008 -0.081261 0.085440 -0.094774 -0.019420 -0.013526 -0.007535 -0.171605
0.279020 -0.046934 -0.128218 0.061056 -0.069974 -0.147651 0.056243 -0.271782 0.016552 -0.042319 0.116927 -0.019629
0.505370 -0.005946 0.039180 0.125308 -0.095141 0.182462 0.053429 -0.404119 -0.192141 0.038305 0.216581 -0.050584
0.619318 0.216162 -0.232232 0.101186 0.027421 0.108966 -0.004030 -0.324075 -0.115115 0.090867 0.105131 0.253536
0.295092 0.199171 -0.152334 0.203050 -0.177535 -0.048853 -0.145782 0.076466 0.077880 0.191595 0.052610 0.102481
-0.046636 0.056654 -0.209295 0.038577 -0.088376 -0.041590 -0.253469 0.021637 0.157283 0.346328 0.129085 -0.050617
-0.295661 0.019262 -0.101603 0.095389 -0.244747 -0.112659 -0.241580 0.303263 0.297744 0.502463 0.298412 -0.435079
-0.242861 0.065531 0.156273 0.135039 -0.150824 0.143067 -0.203513 0.325114 0.124508 0.323833 0.409410 -0.226354
-0.117595 -0.264246 0.017448 0.081128 0.006904 -0.048655 -0.021608 0.117755 -0.055632 0.003515 0.326203 0.000713
0.009888 -0.078308 -0.121813 -0.119678 0.065855 0.182102 -0.038330 0.147617 -0.157112 -0.234725 0.006976 0.017382
0.238674 -0.184593 -0.024216 0.061097 0.232929 0.076605 0.141965 -0.141308 -0.064832 -0.311205 0.053801 -0.046794
-0.029254 -0.095748 -0.215099 0.053517 0.257935 0.183622 0.093135 0.015846 0.178393 -0.097427 -0.226886 -0.243581
0.044334 0.000591 -0.318819 -0.085549 0.166940 -0.109583 0.052081 -0.059845 0.431282 -0.061177 0.018322 -0.206307
0.121000 -0.047619 0.142535 -0.029780 0.268556 -0.065405 0.013170 -0.259889 0.212470 -0.072704 0.177185 -0.100166
-0.141691 0.054647 -0.028641 0.182949 0.267037 -0.089829 -0.038346 -0.239415 -0.196360 -0.042577 0.193737 0.108584
-0.190205 0.075186 -0.122527 0.089404 0.310291 -0.006817 0.028476 -0.150643 0.038400 -0.008851 0.104466 0.151771
-0.058387 0.052186 -0.068230 0.096460 0.350313 0.042909 0.040085 0.030460 0.114864 -0.085261 -0.223614 -0.040789
0.138077 0.105020 -0.140961 0.004195 0.213062 -0.166897 -0.048185 0.342226 -0.043004 0.124118 -0.151138 0.166547
-0.002072 0.033962 -0.223237 -0.052241 0.179278 -0.313702 -0.203793 0.296654 -0.218578 0.162929 0.112990 0.119820
-0.086071 -0.107386 -0.087504 -0.017935 -0.271456 -0.172187 0.372714 -0.316719 0.174658 0.116587 -0.128016 0.026755
0.056553 -0.099672 -0.129103 0.054771 0.072796 0.002928 0.376663 0.064477 0.134414 0.068648 -0.083632 0.056457
0.135142 -0.184842 0.033800 0.069194 0.112278 0.009812 0.253346 0.069101 0.294031 0.028674 -0.038648 -0.013037
0.155460 -0.088974 0.028868 0.253111 0.082977 0.173059 0.046519 0.067827 0.433323 -0.126323 -0.276333 -0.036843
0.217184 -0.155687 -0.121854 0.195465 -0.052297 0.065022 0.174763 0.066053 0.163348 -0.241917 0.071886 -0.048031
0.277429 -0.144620 -0.007288 0.215547 -0.142227 0.078864 0.192055 -0.044692 0.048134 -0.213475 0.152873 -0.065793
0.456530 0.099820 -0.038322 0.097647 -0.101520 0.014454 0.301608 -0.025198 -0.075522 -0.111794 0.099179 -0.020156
0.260993 -0.070456 -0.003072 0.086773 -0.004809 0.192247 0.087861 -0.276798 -0.080621 -0.053753 0.095395 -0.136312
0.285847 0.039302 0.185577 0.018221 -0.171164 0.060220 0.074853 -0.234283 0.061209 -0.002929 0.174722 0.013591
0.039457 0.192784 0.144885 0.015813 -0.235435 0.075388 -0.308453 -0.101534 0.123136 0.115344 0.158933 -0.020422
-0.134813 0.309205 0.016139 0.073221 -0.209248 0.070115 -0.030508 0.050989 0.117184 0.377605 0.290975 -0.044448
-0.453335 0.111996 -0.121799 0.298301 -0.222824 -0.147254 -0.120942 0.335491 0.021768 0.345102 0.266779 -0.075962
-0.242850 -0.092061 0.029127 0.078790 -0.191258 -0.013018 0.051763 0.281422 -0.043417 0.244230 0.120070 -0.154698
0.038500 -0.062773 0.181326 0.002543 0.009650 0.056806 -0.140820 0.125048 0.022396 0.060853 0.054782 -0.152864
0.113481 0.059762 0.115054 0.176005 -0.010888 0.051082 -0.017796 0.208340 -0.125938 -0.082234 0.193373 -0.071369
0.230132 0.087433 0.203165 -0.094177 0.099397 0.094355 0.029123 0.080594 0.057142 -0.243777 -0.051024 -0.174609
-0.013117 0.002068 -0.044803 0.270812 0.237624 0.008742 0.086982 0.141947 0.373548 -0.151326 0.140894 0.004828
-0.247047 0.088103 -0.047283 -0.073430 0.278657 -0.067726 0.194307 -0.138297 0.336560 -0.100365 -0.105422 -0.129980
-0.046924 -0.042289 -0.060781 0.152623 0.216739 -0.029613 -0.133380 -0.168096 0.124609 -0.114613 0.049234 0.204506
-0.255997 0.122210 0.066914 0.072450 0.123386 0.086411 -0.087973 -0.057960 0.052537 -0.101496 0.167874 -0.151787
-0.034174 0.075390 0.156672 0.086873 0.284179 0.012075 0.066361 -0.020237 0.142009 0.068380 0.091613 -0.014215
-0.244801 -0.163793 -0.013004 0.085279 0.529470 -0.016279 0.126032 0.013029 0.025367 -0.033531 0.138618 0.094158
-0.064205 0.022882 -0.320804 0.089447 0.248935 -0.098506 0.063542 0.190213 -0.112600 0.029920 0.107225 0.191272
0.111908 0.114308 -0.178261 -0.001466 0.028799 -0.329870 -0.313841 0.172696 -0.056051 0.110435 0.131700 0.221168
0.287352 -0.047445 0.153834 0.301093 -0.274548 -0.065902 0.383760 -0.249527 -0.046875 0.127705 -0.196968 0.107023
0.230561 -0.098114 0.089300 0.144605 -0.195111 0.020868 0.046520 0.173628 0.315771 0.119505 -0.141949 0.095326
0.158783 -0.318797 -0.092447 -0.059639 0.154625 0.058066 0.138285 0.093577 0.306329 0.055366 0.076785 0.204687
0.223214 -0.152315 0.003286 0.047073 0.119092 0.083851 0.247526 0.079507 0.475499 -0.074670 0.022309 -0.044844
0.384367 -0.102427 -0.056589 0.007913 -0.112046 -0.069738 0.242153 0.172074 0.144153 -0.073329 -0.027158 0.111290
0.594789 -0.065817 -0.041949 0.125091 -0.138375 -0.089640 0.232836 0.117355 0.010045 -0.057917 -0.015044 -0.208670
0.263520 0.079179 -0.076084 0.011902 0.054912 0.075805 0.162853 -0.019961 0.055164 -0.012008 0.089239 -0.113637
0.193387 0.353857 0.080924 0.195868 0.032200 0.018326 0.154089 -0.218921 -0.135083 -0.102560 0.009663 -0.088379
0.000506 0.345119 0.041578 0.042313 -0.008902 0.011122 0.043169 -0.247493 0.093413 0.065700 0.328104 0.102528
-0.167336 0.158489 0.111426 -0.053901 -0.146998 0.116072 -0.092756 0.002241 0.123961 0.018110 0.366751 0.139299
-0.128086 0.264149 0.207165 0.089896 -0.193722 -0.060856 -0.214755 0.004362 -0.007856 0.258813 0.266299 0.000294
-0.294756 0.221943 0.040322 0.016264 -0.062442 -0.053783 -0.078927 0.023263 0.115515 0.520423 0.355185 -0.185125
-0.267719 -0.018127 0.081039 0.002387 -0.001461 -0.259290 -0.042833 0.147227 0.041688 0.297168 0.177589 -0.310723
-0.094270 -0.034778 0.137419 -0.050289 0.052739 -0.137898 -0.053382 0.181692 -0.144096 -0.035531 0.131935 -0.046354
0.172381 -0.107423 0.143121 0.130524 0.270480 0.101131 -0.022401 0.294598 -0.113192 -0.167576 0.157467 -0.021385
-0.111170 -0.038859 0.035005 -0.066636 0.153758 0.076586 0.155520 0.144677 0.124501 -0.182865 0.011290 -0.102348
0.016945 -0.028706 0.044571 0.166916 0.314587 0.049420 0.303544 -0.041308 0.427557 -0.185460 0.056618 -0.106979
-0.071411 -0.113989 -0.105967 0.094474 0.150463 0.078322 0.231213 0.013463 0.290615 -0.023931 -0.044973 0.048896
-0.063469 -0.053017 0.041752 -0.006193 0.195844 -0.063887 0.123696 -0.111055 0.033314 0.039039 0.272914 0.068309
-0.196955 -0.074579 -0.147108 0.070169 0.147948 -0.126397 -0.127008 -0.179361 -0.006141 -0.054491 0.112399 -0.141290
-0.064896 0.085056 -0.020242 -0.036569 0.488882 0.055155 0.226933 0.058577 0.086362 -0.223512 0.294406 0.027370
-0.022773 0.097933 -0.149806 0.182861 0.572705 0.004899 0.070461 0.053848 0.187468 -0.094429 0.113963 0.219538
-0.112372 0.032872 -0.208893 -0.083338 0.289706 -0.080858 -0.122036 -0.047963 0.116684 -0.000607 0.110551 0.191894
-0.049147 0.003591 0.083091 0.145556 -0.032130 -0.134116 -0.365939 0.038908 -0.014176 0.414481 0.060555 0.136098
0.442522 -0.270843 0.051979 0.067067 -0.177200 0.090027 0.096082 0.108241 -0.023929 0.039015 -0.279694 0.159172
0.421707 -0.102227 0.199921 0.073786 -0.158382 -0.011236 0.243683 0.039346 -0.092108 0.124626 -0.251179 0.304580
0.266368 -0.235161 0.050676 0.068511 -0.061152 -0.108884 0.254108 0.074810 0.182113 0.000825 -0.121555 0.075138
0.448397 -0.105927 -0.071335 0.072124 0.237097 -0.142892 0.161655 0.229940 0.162510 -0.039520 -0.195677 0.146393
0.661299 -0.143789 0.020559 0.001795 -0.161622 -0.129478 0.381242 0.288519 0.158522 -0.153899 -0.114861 -0.062373
0.316021 0.003662 -0.048414 0.172920 0.019918 0.094284 0.154818 0.131293 -0.033965 -0.086342 0.027519 -0.204244
0.003479 0.207739 -0.198014 -0.002245 -0.008063 0.150192 0.235294 -0.019696 0.067143 -0.179352 0.046903 -0.264290
0.060214 0.250542 -0.027656 0.117366 0.044201 0.060452 0.256032 -0.214428 -0.011396 -0.025719 0.256696 -0.086822
-0.217750 0.335648 0.139184 0.069947 -0.143711 -0.046112 0.088420 -0.296103 0.145651 -0.079762 0.240258 0.000423
-0.104138 0.256399 0.173297 0.029652 -0.274764 0.002313 -0.004215 -0.267902 0.030190 0.017343 0.371959 -0.145774
-0.254007 0.218454 -0.054236 0.188171 0.030002 -0.170568 -0.003469 0.091173 0.173749 0.413963 0.244843 -0.129136
-0.221969 0.145052 -0.175559 0.039068 -0.057521 -0.150052 -0.095615 0.021217 0.303617 0.477475 0.056384 -0.196211
-0.186377 0.006092 0.098549 -0.045358 -0.080705 -0.137310 0.057508 0.224527 0.003595 0.235534 0.078538 -0.126446
0.118250 -0.291308 0.116265 0.010397 -0.096990 -0.062701 -0.203667 0.257082 -0.054136 0.072746 0.158950 -0.087943
0.035731 -0.079870 0.107966 0.060183 0.128554 0.109514 0.019507 0.283698 0.105745 -0.197013 -0.038191 -0.125815
-0.032030 -0.068669 0.135875 0.143063 0.277566 0.127369 0.116556 0.100450 0.387709 -0.248289 0.065104 -0.124434
-0.031154 -0.073136 0.108931 0.001778 0.337511 0.134094 0.140136 0.040113 0.456857 -0.050306 -0.028757 -0.069673
0.126236 -0.128198 -0.008683 0.106363 0.269424 -0.033199 0.106563 0.039343 0.403697 0.023168 -0.112697 0.164479
0.072982 0.084211 0.014138 0.091527 0.351867 0.040422 0.203393 -0.115511 0.272821 0.048372 0.116234 0.122992
-0.361106 0.031776 -0.083352 0.111370 0.453749 -0.037350 0.035635 -0.219862 -0.040438 0.080584 0.028806 0.044038
-0.149033 0.173702 -0.106951 -0.006371 0.535810 -0.058109 0.021448 -0.181804 -0.018499 -0.023769 0.217247 0.202319
0.231458 0.002704 -0.078773 0.089323 0.416753 0.038948 -0.130727 -0.072067 0.096378 0.003702 0.085545 0.073471
0.016952 0.042825 -0.044548 -0.010647 0.318482 -0.143812 -0.242497 -0.121799 -0.019131 0.194960 0.306455 0.204563
-0.015633 0.034209 0.071027 0.086136 0.118314 -0.199215 -0.134676 -0.100992 -0.267309 0.043524 0.027199 0.024618
0.392790 -0.177217 0.236384 0.101566 -0.249774 0.122419 -0.042348 -0.049342 -0.257322 0.122918 -0.306794 0.254075
0.324247 -0.295880 0.136948 -0.030151 -0.008346 -0.030078 0.065837 0.040830 -0.119799 0.105407 -0.163322 0.343242
0.509055 -0.346763 0.083877 0.042894 0.063779 -0.109171 -0.130592 0.096144 0.313738 -0.030105 -0.083376 0.139173
0.701586 -0.161381 -0.055272 -0.170113 -0.092443 -0.035462 0.147909 0.236929 0.172630 -0.016853 -0.133288 0.020322
0.544119 -0.111036 -0.194930 0.006102 0.002416 -0.090005 0.130271 0.381663 0.020761 -0.232788 -0.044281 -0.044519
0.164847 0.164441 -0.105589 0.158068 -0.052552 0.012934 0.257272 0.147948 -0.056978 -0.204555 -0.038260 -0.136975
0.085423 0.279663 -0.032260 0.115203 -0.077346 0.137517 0.264895 -0.027465 0.096311 -0.181569 0.019291 -0.024491
0.020287 0.398900 -0.053194 0.129220 -0.069505 -0.047878 0.188469 -0.335627 -0.103935 -0.201719 0.217691 0.116111
-0.173295 0.266458 0.359788 -0.102459 -0.175422 0.021756 0.105077 -0.239068 0.115845 0.063459 0.320871 -0.183279
-0.243571 0.335265 0.189590 -0.004942 -0.061098 0.018777 -0.005947 -0.345708 0.108931 0.174496 0.136674 0.055434
-0.112878 0.143549 -0.007148 0.187099 0.090499 -0.033935 0.050667 -0.194750 0.244054 0.265092 0.006795 -0.183237
-0.051320 0.145666 -0.108636 -0.035417 -0.035306 -0.093094 -0.065854 -0.091965 -0.006439 0.416631 0.151827 -0.278562
0.026137 -0.166456 -0.063304 0.067335 0.036760 -0.135544 -0.030819 0.212376 -0.077185 0.314718 0.119787 -0.028601
-0.219015 -0.203096 0.172054 0.106674 0.005252 0.104474 -0.109401 0.489923 -0.008385 0.089951 0.017557 -0.020106
0.099424 -0.193175 0.171888 0.191050 0.180853 -0.001294 0.241271 0.432180 0.131436 -0.258284 -0.111358 0.019159
-0.136901 -0.170238 0.042389 0.031964 0.266418 0.141800 0.023442 0.047627 0.175126 -0.201007 0.044729 -0.026321
-0.011666 -0.138713 0.203690 -0.003443 0.274004 0.230141 0.124445 -0.135629 0.533532 -0.210750 0.033176 0.187385
0.000698 -0.162260 -0.036828 0.042500 0.566961 0.018890 0.226952 -0.009167 0.214534 -0.207191 0.053189 0.261267
-0.138422 -0.066262 -0.185090 0.114347 0.455509 -0.029261 -0.067558 -0.043672 0.019689 -0.135960 0.027536 0.062654
-0.007290 0.027962 0.033521 0.060486 0.572744 0.127304 0.173750 -0.191743 -0.022838 0.018763 0.103833 0.049168
0.010521 0.189811 0.085079 0.029617 0.396410 0.053141 -0.039694 -0.113712 0.233658 -0.112354 0.199467 0.161938
0.055282 -0.013784 -0.110747 0.019311 0.362045 0.007494 -0.136277 0.018463 0.138100 -0.008825 0.107515 0.294316
0.096588 -0.035433 0.068499 0.087440 0.293294 -0.112598 -0.085950 -0.191595 -0.220977 -0.018106 0.134877 0.030572
-0.172160 0.080334 0.003919 -0.024386 -0.141522 -0.093569 -0.146885 -0.011312 -0.379976 0.093408 -0.047830 -0.163339
0.435370 -0.136515 0.336912 0.087683 -0.281582 0.059712 -0.010548 0.107373 -0.390611 0.171356 -0.307388 0.313939
0.490282 -0.323760 0.158319 0.049774 -0.074280 -0.031835 -0.084869 0.111640 -0.052774 0.155732 -0.191365 0.412496
0.626333 -0.155394 0.155257 0.067693 0.032012 -0.049959 -0.083034 0.171515 0.145380 0.106301 -0.029110 0.299475
0.340781 -0.104676 -0.076711 0.012422 -0.097359 -0.030703 -0.112970 0.182399 -0.003960 -0.054529 -0.116136 0.119396
0.137904 0.020121 -0.049407 0.112290 0.092059 0.079876 0.004458 0.259492 0.029983 -0.101253 -0.114785 0.052753
0.187414 0.215026 -0.285736 -0.027546 0.013702 0.139127 -0.034313 0.173424 -0.009829 -0.189158 -0.078132 0.020028
0.020068 0.228125 -0.049382 0.102833 -0.096801 0.025642 0.241346 -0.298111 -0.209012 -0.203435 0.099984 -0.005679
-0.029406 0.219370 0.262100 0.144096 -0.002292 0.103892 0.188457 -0.143767 -0.183506 -0.239612 0.141758 -0.087246
-0.027998 0.400475 0.246825 0.109122 -0.040515 0.072826 0.008625 -0.197655 -0.002851 0.041086 0.037049 -0.034447
-0.120206 0.393795 -0.071214 0.319462 0.010651 -0.077576 -0.019108 -0.157673 0.195962 0.225206 -0.011184 -0.192881
-0.165902 0.348903 -0.110991 0.049731 -0.020455 -0.063136 -0.125986 -0.118839 0.183235 0.432655 -0.106188 -0.115197
-0.222553 0.041520 -0.183589 0.027287 -0.030615 -0.104797 -0.132064 0.008132 0.011001 0.366726 -0.028033 -0.192694
-0.152905 -0.070254 -0.038599 0.153030 0.201090 -0.131231 -0.059422 0.309706 -0.049262 0.245234 -0.015627 0.029973
-0.063096 -0.364038 0.161026 0.072147 0.112506 0.047227 0.017882 0.503789 0.022120 -0.010406 0.002002 0.107147
0.065683 -0.351152 0.068894 0.030889 0.341857 0.161549 0.245878 0.320527 0.217300 -0.194131 -0.117898 0.048706
0.132329 -0.088826 0.126381 -0.063793 0.340497 0.171411 0.068525 0.011989 0.143133 -0.128743 -0.011758 0.085518
0.020830 -0.103059 0.078208 -0.042473 0.536763 0.061434 0.155246 -0.213568 0.177161 -0.231988 0.013887 0.291841
-0.121527 -0.063177 -0.179116 0.108247 0.488044 0.010322 0.196414 -0.125703 0.056117 0.006594 0.092706 0.348170
-0.169885 0.017576 -0.106761 -0.015201 0.484994 0.178961 0.128721 -0.023460 0.119435 0.006871 0.015969 0.163082
-0.145216 -0.045836 0.092287 0.024011 0.449590 -0.092153 -0.132824 0.107877 0.125140 -0.035437 0.022005 -0.043110
-0.104624 0.033963 -0.071615 0.107186 0.176035 -0.072258 0.082438 -0.119648 0.089789 -0.111026 0.286995 -0.130022
-0.023036 -0.015206 -0.045646 -0.005270 0.134003 0.240364 -0.012463 -0.323228 -0.019125 -0.082193 0.153004 0.007332
0.008457 -0.127024 0.076349 -0.053042 0.267224 0.126060 0.021451 -0.164487 -0.152995 -0.104956 0.017134 0.204575
-0.268083 -0.137620 -0.215599 0.070461 0.134324 -0.151013 0.045448 0.039024 -0.329125 0.083309 0.017069 0.040648
0.513330 -0.134653 0.288084 0.022039 -0.249838 -0.081767 -0.220550 -0.015501 -0.404146 0.122724 -0.352632 0.504417
0.299701 -0.287955 0.223497 0.060587 0.027375 0.022311 -0.173826 0.133646 -0.095974 0.022401 -0.155986 0.275262
0.300044 -0.176566 0.035620 0.111359 -0.098523 0.084077 -0.016012 0.169005 0.013825 -0.076381 -0.039635 0.266815
0.248424 -0.121715 -0.034917 0.040713 0.117694 0.021004 -0.114647 0.347534 0.205597 -0.144573 -0.123004 -0.009727
-0.010538 0.110877 -0.161840 0.138219 -0.008719 -0.117250 -0.003575 0.249707 0.067961 -0.035971 -0.104100 0.226990
0.043095 0.293203 0.033745 0.060486 -0.032233 0.192696 0.176738 0.105511 -0.011744 -0.054035 0.014246 0.322185
0.100431 0.178195 -0.041523 -0.010271 -0.022181 0.124844 0.153414 -0.189747 -0.057215 -0.439888 0.115360 0.005164
-0.077923 0.423093 0.198754 0.149773 -0.005725 0.190924 0.052398 -0.228117 -0.077667 -0.073388 0.093262 -0.244997
-0.027329 0.136256 0.211101 0.155981 -0.137326 -0.129907 -0.083583 -0.238767 -0.093244 -0.229567 -0.017111 -0.050685
-0.251102 0.166957 -0.337680 0.029710 0.035159 -0.174759 -0.220537 -0.305803 0.035103 0.174487 0.035745 -0.114036
-0.305502 0.035354 -0.091381 0.065225 -0.040010 -0.309985 -0.225848 -0.219226 0.022601 0.298549 0.108825 -0.175318
-0.048528 -0.088062 -0.168776 0.176038 0.030087 -0.247761 -0.109529 0.048852 0.023665 0.376170 0.033545 -0.156633
-0.214117 -0.292915 0.052158 0.028394 -0.185232 -0.053658 -0.050622 0.168112 0.024363 0.384646 0.016941 -0.118149
-0.080036 -0.144013 -0.015966 0.099343 -0.010404 -0.063186 0.172218 0.417228 0.163267 0.187506 0.070852 0.096147
-0.062069 -0.066716 0.046573 0.042572 0.307845 0.009543 0.055400 0.193846 0.114616 -0.159713 0.161453 -0.103184
-0.002774 -0.056488 0.150650 0.183533 0.472588 0.257230 0.069410 -0.051853 0.120651 -0.047254 0.177433 0.111920
-0.095174 -0.109256 -0.016384 0.082761 0.418950 0.158753 0.129559 -0.216454 -0.009194 -0.245563 0.056992 0.253974
0.040193 -0.068955 -0.030747 0.157749 0.396082 0.046034 0.260763 -0.130655 -0.046625 -0.149778 -0.024592 0.367590
-0.047397 -0.019495 0.089153 0.002191 0.283872 -0.008253 0.151482 0.072681 -0.118630 -0.003532 0.057650 0.284596
0.103494 0.009648 -0.034749 -0.108281 0.198512 0.094056 0.049616 -0.053603 -0.099039 -0.044949 -0.056316 0.031031
0.147933 0.199754 -0.045579 0.078219 0.217562 0.028668 0.030916 -0.165623 -0.041754 -0.023427 -0.005231 -0.107128
-0.115835 -0.002487 0.064571 0.012617 0.327532 0.049118 -0.068289 -0.122441 -0.167760 -0.008997 0.181043 0.072848
-0.159573 -0.203500 0.012889 -0.027783 0.256101 0.036975 0.074406 0.072892 -0.199457 -0.101409 0.232081 0.286942
-0.078393 -0.026962 -0.136925 -0.043056 -0.007222 -0.007606 0.170967 0.008934 0.049656 0.003606 0.006125 -0.021268
0.267675 -0.184392 0.343548 0.051430 -0.104901 0.037552 -0.012320 0.173750 -0.263888 0.086200 -0.107429 0.485442
0.085307 -0.007026 0.110150 0.086783 -0.121380 -0.002445 -0.054674 0.160908 -0.174083 -0.126156 0.005752 0.364423
-0.060396 -0.010539 0.069271 0.073735 -0.044848 -0.070849 0.084059 0.116040 0.056102 0.001903 -0.241575 0.514996
0.061231 0.166881 -0.091465 -0.157487 -0.045862 -0.006943 0.028284 0.238055 0.109576 0.000447 -0.129608 0.381891
-0.056312 0.184719 -0.127617 -0.032418 -0.104727 0.114131 0.163802 -0.033098 0.034066 -0.033688 -0.059184 0.303686
0.059576 0.261648 -0.174177 0.172099 -0.158841 0.087917 0.336892 0.029958 -0.116073 -0.038917 0.005864 0.243126
0.019746 0.345897 0.133561 0.108787 -0.045103 0.208050 0.164219 -0.147352 -0.060239 -0.258185 0.027244 0.171073
0.124409 0.419142 0.387233 0.059024 -0.054079 0.210017 0.063387 -0.163899 -0.213914 -0.230322 0.104089 -0.001176
-0.001990 0.073334 0.255318 0.031069 -0.053453 0.073132 -0.140927 -0.205926 -0.032628 0.099064 0.043821 0.025728
-0.155950 -0.037028 -0.210029 0.102334 -0.140985 -0.212187 -0.187601 -0.175257 -0.031452 0.170622 0.032016 -0.026671
-0.237043 0.016981 -0.186579 0.195467 -0.048017 -0.317923 -0.187910 -0.184983 0.006145 0.236908 0.122082 -0.278308
-0.116607 -0.091958 -0.088482 0.203729 -0.001070 -0.194022 -0.042768 -0.034243 -0.118756 0.243908 0.019317 -0.016909
-0.087201 -0.130755 0.064775 0.005556 0.043751 -0.156599 -0.072074 0.225326 -0.072587 0.089323 0.065479 0.013600
-0.088494 -0.198688 0.149588 0.057088 0.152088 0.083521 0.037364 0.472288 -0.058051 0.151239 0.127091 0.059208
-0.029036 -0.186254 0.089861 -0.067092 0.297810 0.101264 -0.012915 0.221961 0.039120 -0.286424 0.122459 0.122289
-0.109046 -0.098101 0.082452 0.252295 0.418192 -0.046871 -0.038228 0.051451 -0.136903 -0.048971 0.003159 -0.007430
-0.030610 -0.022022 -0.097195 0.079024 0.407174 0.170051 0.001049 -0.069833 -0.027789 -0.171948 -0.085705 -0.016669
-0.076828 -0.255047 0.013613 0.084360 0.205124 -0.018490 0.134890 -0.205322 0.007157 -0.204063 0.049301 0.187154
-0.042455 0.024679 0.116776 -0.011304 -0.008658 -0.108317 -0.002359 -0.045151 -0.170422 -0.229896 -0.137074 0.076341
0.025564 -0.039471 0.157036 0.121286 -0.034376 -0.085142 0.049312 -0.063158 0.183833 -0.083852 -0.094995 0.128481
-0.034025 -0.032587 0.125346 -0.017335 0.155340 0.064461 0.018103 0.046618 -0.090241 -0.037148 -0.061890 -0.061176
-0.207857 0.081142 0.095518 -0.048327 0.089676 0.216866 0.070309 0.101547 0.010434 -0.022083 0.130597 0.198949
-0.041271 -0.160280 -0.056277 0.065841 -0.005803 0.083747 -0.012444 -0.017144 -0.075658 0.054047 0.143556 0.338454
0.002802 -0.245365 -0.140901 -0.066602 -0.173765 -0.116115 0.057728 0.098473 0.044005 0.002562 0.085734 0.054218
0.143800 0.074571 0.243102 -0.007877 -0.046367 0.124476 -0.081558 0.126211 0.030830 0.158749 -0.125660 0.488411
0.083434 -0.013062 0.161086 0.044772 -0.033456 -0.201781 -0.183120 0.178468 -0.150188 -0.094715 -0.039880 0.567225
0.055078 0.075280 0.102057 0.049620 -0.064491 -0.017606 0.028751 0.151436 0.063306 -0.010600 -0.140345 0.632794
0.012534 0.199894 -0.120334 0.190839 -0.149075 0.085707 0.016040 0.150659 0.137694 0.131812 -0.185223 0.448811
-0.057159 0.444366 -0.274081 -0.029191 -0.123445 0.139462 0.409923 0.043579 0.176932 0.043054 -0.076269 0.483335
0.012319 0.434332 -0.161330 0.137827 -0.035889 0.178881 0.074476 0.250563 0.026649 -0.084512 0.015784 0.368659
0.105999 0.485204 0.259890 0.172973 0.032859 0.320980 0.208883 0.083718 -0.120690 -0.110184 0.002376 0.067521
0.002471 0.255072 0.557356 0.154458 -0.098524 0.160724 -0.121946 -0.207305 -0.008551 -0.321540 0.046758 0.077689
-0.189615 0.291937 0.157132 0.180258 -0.022148 -0.066756 -0.090477 -0.134956 -0.167532 -0.052484 0.009974 -0.006599
-0.272035 -0.213277 -0.164755 0.210651 0.071574 -0.258692 -0.139653 -0.203830 -0.075369 0.166571 -0.134653 -0.179679
-0.142834 -0.163359 -0.071956 0.063317 0.007715 -0.307817 0.092691 -0.167822 -0.144504 0.327717 0.140383 -0.191105
0.087062 -0.067482 -0.202360 0.147397 0.002191 -0.186250 -0.121487 -0.044722 -0.161574 0.347992 0.155005 -0.027665
0.056309 -0.085160 0.013546 -0.008335 -0.095055 0.071187 0.131154 0.126381 -0.117984 0.377500 0.007198 0.101799
-0.247736 -0.177746 0.121134 -0.042587 -0.070607 0.042044 -0.104318 0.369745 -0.029270 0.155258 0.035032 0.013660
-0.139018 -0.157755 0.153215 0.122901 0.307769 0.118375 -0.079896 0.166044 -0.092429 0.015187 -0.085528 0.114531
-0.041234 -0.086267 0.104119 0.045564 0.532421 0.063421 -0.124375 -0.020082 -0.130466 -0.298108 0.167940 0.080909
-0.056370 -0.083488 -0.001102 0.124994 0.403447 0.002156 -0.114155 -0.053140 0.018260 0.002468 -0.012051 0.158257
-0.107945 -0.094806 0.120918 -0.161711 -0.025510 0.023234 0.083610 -0.112028 -0.133754 -0.053791 0.033872 0.237500
0.001367 -0.155278 0.142517 0.017816 -0.004567 0.002055 0.021507 0.035521 -0.089151 -0.096373 0.098143 0.171564
-0.095349 -0.149137 0.084027 -0.039083 -0.051934 -0.027713 0.075301 -0.029720 0.028105 0.082419 0.009300 0.105760
-0.088215 -0.160961 0.036918 0.108983 0.055848 0.044272 -0.187865 -0.115745 0.163544 0.054172 -0.028912 0.021744
-0.128171 -0.031285 -0.030498 0.133365 0.078428 -0.005771 -0.090679 0.100743 0.116543 -0.091448 0.052667 0.201749
-0.189824 -0.069937 -0.082497 0.085144 -0.069917 0.178264 0.120594 0.029078 0.169440 -0.156817 0.093267 0.115888
0.110826 -0.266818 -0.021592 -0.023880 -0.139955 -0.168701 0.025228 -0.198225 0.242025 -0.047456 -0.045874 -0.274350
0.020474 -0.012295 0.224528 0.080314 -0.212172 0.064492 -0.153608 0.175073 -0.211731 0.204928 -0.102267 0.443049
0.015099 0.150417 0.160912 -0.036016 -0.097132 -0.026471 -0.046103 -0.107707 -0.192594 0.186937 -0.039769 0.597515
-0.032060 0.245758 0.000246 0.115498 -0.154387 0.105538 -0.131831 0.007611 0.021596 0.043802 -0.245999 0.570337
0.053474 0.317888 -0.232104 -0.105598 -0.086886 0.059809 0.147955 0.016889 0.149237 0.068104 -0.224259 0.815427
-0.014177 0.422636 -0.236985 0.034299 -0.038744 0.067622 0.291708 0.111837 0.028580 -0.085315 -0.060959 0.616917
0.085532 0.501927 -0.071129 0.122873 0.124395 0.222572 0.238598 0.096641 -0.035449 0.033833 0.056771 0.470606
-0.004867 0.538681 0.389309 0.081951 -0.058113 0.272935 -0.062673 -0.064592 -0.054168 -0.120437 -0.083735 0.214072
-0.114348 0.319252 0.815376 0.195590 -0.129113 0.164239 -0.097526 -0.264854 -0.140343 -0.195780 0.081223 -0.068007
-0.061324 0.330626 0.194495 0.057380 -0.000490 -0.164851 -0.327787 -0.103178 -0.214141 -0.029124 0.038310 -0.158300
-0.002922 -0.029317 -0.090619 0.002916 0.012523 -0.197995 -0.112427 -0.096766 -0.200152 0.042006 0.058825 -0.129302
-0.042152 -0.124680 -0.099234 0.040938 -0.096514 -0.165935 -0.023007 -0.057267 0.159628 0.302565 -0.077713 -0.055305
0.031071 -0.018793 -0.141477 -0.019823 -0.108077 -0.132247 0.035535 -0.032694 -0.076517 0.518932 -0.208696 -0.051452
-0.100587 -0.154355 -0.198977 0.016390 0.143464 0.122071 -0.098664 0.089231 0.057822 0.211215 -0.056319 -0.002475
-0.160981 -0.162892 0.043765 -0.051559 0.163856 0.196154 -0.048547 0.441555 -0.234288 -0.093455 -0.055442 -0.028100
-0.042141 -0.006741 0.073554 0.071306 0.385957 -0.071483 -0.313906 0.134248 -0.136369 -0.027756 -0.087344 -0.028116
0.007168 -0.019977 0.099224 0.032094 0.497674 -0.081089 -0.153533 0.018205 -0.116938 -0.186883 -0.137525 -0.048680
-0.108894 -0.169726 0.087535 0.081979 0.325544 -0.066683 -0.125887 -0.154148 0.017578 -0.029900 -0.141586 0.089837
-0.006348 -0.149161 0.076383 0.054515 -0.014480 0.103833 0.078893 0.014800 -0.030924 -0.063919 -0.003970 0.141361
-0.010330 -0.046430 0.020899 0.099718 -0.257746 0.026537 0.223296 0.112251 0.029192 0.055587 0.033664 0.170902
-0.035145 -0.045899 0.024543 0.141965 0.061590 0.022499 -0.061061 0.221893 0.090872 -0.087646 -0.040284 -0.111374
-0.241657 0.168349 -0.017624 -0.072223 -0.012269 0.141636 0.076335 -0.031965 -0.045768 0.086752 -0.075081 0.071358
-0.243054 -0.013576 0.188143 -0.049843 -0.066852 0.026420 0.053957 0.112959 0.357225 -0.148427 0.049958 -0.033791
0.032098 -0.119254 0.113348 -0.059436 0.071008 -0.022081 0.193445 0.012211 0.255020 -0.251243 0.019733 -0.263615
0.035524 -0.071760 0.067676 -0.039731 0.163475 -0.058487 0.071399 -0.107071 0.102423 0.143000 0.013096 -0.323296
0.112990 0.177358 0.197129 0.142183 -0.050631 0.090280 -0.059255 0.311016 -0.141173 0.149201 0.060333 0.575152
0.050158 0.058810 0.059954 -0.015791 0.023706 0.009402 0.098231 0.289834 -0.143198 0.039685 -0.037945 0.557625
-0.012215 0.207072 -0.126314 -0.030612 -0.043892 0.026016 -0.016148 0.053824 0.214019 0.069321 0.022797 0.524881
0.001617 0.560135 -0.106425 0.063209 0.022017 0.051967 0.050650 0.185212 0.257508 0.085926 -0.150691 0.620015
0.055366 0.694447 -0.111110 0.213683 0.028320 0.206160 0.137949 0.322638 -0.050916 -0.159825 0.010854 0.310909
0.022541 0.734035 -0.010926 0.005468 0.023300 0.289374 0.168680 0.096968 -0.137686 -0.023202 -0.018219 0.073646
-0.073176 0.469197 0.756608 0.073467 0.103480 0.340896 -0.165480 0.043486 -0.198223 -0.117201 -0.036927 0.121287
-0.173166 0.247821 0.981685 0.034807 -0.127538 0.079673 -0.075851 -0.213149 0.106133 -0.080666 -0.007553 -0.086303
-0.124433 0.358835 0.290344 0.329881 -0.110830 -0.244561 -0.140915 -0.239187 -0.147125 0.139777 -0.063089 -0.082747
0.087292 0.169121 -0.206844 0.133017 -0.013586 -0.380854 -0.033118 -0.084816 0.100014 0.142953 -0.192212 -0.253541
-0.132218 -0.066496 -0.247469 0.122153 0.061028 -0.181313 0.161052 -0.006911 0.132145 0.470966 -0.106462 -0.112865
-0.067405 -0.040463 -0.033295 0.023979 0.206406 -0.152159 0.176823 -0.108004 -0.228987 0.329584 -0.174507 -0.253365
-0.100235 -0.086476 0.000767 0.230930 0.271423 0.163445 0.002636 0.275991 -0.086667 0.169003 -0.019806 -0.032901
-0.074017 0.026518 -0.020184 0.233632 0.295532 0.231258 -0.197741 0.255764 -0.243710 0.014881 0.022321 -0.014278
-0.156316 -0.153081 0.213521 0.078631 0.435610 0.019591 0.002950 0.231409 -0.098988 0.067943 -0.035214 0.129392
-0.058896 -0.060851 0.294351 0.013747 0.166912 0.028355 -0.059058 0.074795 -0.100788 0.007020 -0.072693 -0.055624
0.002246 -0.022678 0.091054 -0.155464 -0.026740 -0.003708 -0.040433 -0.017398 0.048382 -0.080428 -0.092138 0.030455
0.018300 -0.064514 -0.112977 0.086642 -0.256866 0.323478 0.295566 -0.008490 -0.008222 0.064052 -0.143517 0.062030
-0.023352 -0.168151 0.073126 0.209616 -0.171221 0.125018 0.451147 0.136343 0.150547 -0.039063 -0.028752 0.109421
-0.196681 -0.230537 0.057822 0.108009 -0.271743 -0.004951 -0.011319 0.034615 0.037779 -0.034375 -0.156569 0.009528
-0.106574 -0.083386 0.087795 -0.024957 -0.163041 -0.127067 0.170706 -0.273738 0.102652 0.119990 -0.406017 -0.034276
-0.031504 -0.061928 0.104504 0.010571 -0.061198 0.132635 0.254961 0.071882 0.245815 0.098788 -0.208427 -0.195508
0.062631 0.051995 0.090582 0.041218 0.007777 0.107151 0.348812 0.168060 0.159231 0.035514 -0.062675 -0.385830
0.255461 0.063457 0.023857 -0.039575 0.119914 0.107808 0.185298 0.086007 -0.215477 0.047774 -0.148623 -0.489116
0.089566 0.032019 0.149221 0.055394 -0.209946 -0.060586 -0.091978 0.495964 -0.171275 0.106978 0.046288 0.293542
0.117658 0.134044 0.127611 0.141380 -0.060725 -0.059617 0.105640 0.377790 0.133797 -0.009037 -0.074636 0.211238
0.049824 0.555896 0.048610 -0.016673 0.086368 -0.048431 0.129204 0.369726 0.122242 -0.124268 -0.016253 0.253796
-0.077848 0.755368 -0.070821 -0.207856 -0.075886 -0.050307 0.067477 0.324972 0.019536 0.041755 -0.133745 0.143339
0.052054 0.640913 -0.091354 0.187976 -0.148740 0.197340 0.094460 0.088328 -0.052646 -0.183365 0.022700 0.093265
-0.069685 0.575217 0.167731 -0.047993 -0.048787 0.430291 0.053439 0.108043 -0.121786 0.033840 0.031019 0.127420
0.030632 0.152040 0.937241 0.108441 0.055281 0.349908 0.013279 -0.076389 0.128391 -0.098905 -0.117111 0.008353
-0.030657 -0.033846 0.878764 0.047143 -0.146290 0.030653 -0.212669 -0.098139 0.049877 -0.123751 -0.067910 -0.027125
-0.021739 0.126372 0.154525 -0.005242 -0.137272 -0.102622 -0.130164 0.030389 0.085129 -0.112966 0.015867 -0.089763
0.037063 0.054155 0.031617 0.148376 0.069090 -0.174978 0.017935 0.091783 -0.071138 0.123684 0.009602 -0.025020
-0.014941 -0.057873 -0.189149 -0.063907 0.223940 -0.224188 0.077821 0.276809 -0.059990 0.224033 -0.057552 -0.266053
0.000807 -0.208561 -0.266047 0.033428 0.493817 -0.052871 0.293199 0.360493 0.019169 0.378748 -0.033377 0.013179
-0.098381 -0.197687 -0.087220 0.114494 0.547182 0.220125 0.023577 0.150827 0.129769 0.558535 0.003008 0.089212
-0.061427 -0.076448 0.104840 -0.027460 0.285618 0.327797 -0.156939 0.218112 0.083263 0.069167 0.040441 0.070019
0.017182 0.284335 0.294089 0.054161 0.085179 0.314923 -0.243037 0.134995 -0.019454 -0.039196 -0.071145 0.058090
-0.015701 0.147020 0.304994 0.025965 0.052483 0.049548 -0.059540 0.173728 0.056324 0.008074 -0.086405 0.125421
0.108233 0.013849 0.143223 0.097102 -0.111439 0.197643 0.132162 0.040080 0.035969 -0.033818 0.010524 0.046849
0.024308 0.149610 -0.088128 0.078377 -0.328021 0.042258 0.438668 0.007476 0.095514 0.040829 0.097156 0.141730
0.124989 -0.011794 -0.162550 0.014986 -0.396598 -0.077204 0.424369 0.022339 0.045660 -0.085496 0.041606 0.016110
0.004341 -0.181919 0.072695 -0.041937 -0.352598 -0.011960 0.070723 0.104443 0.120942 -0.101481 -0.200940 0.042584
0.044843 -0.130682 0.446990 0.047588 -0.313238 0.226655 0.080300 0.107577 0.293900 -0.010655 -0.201361 -0.104699
0.089205 0.129439 0.480619 -0.080255 -0.078714 0.164455 0.258166 0.237125 0.086134 0.045894 -0.117840 -0.159004
0.183761 0.060396 0.183910 0.144749 -0.066208 0.250992 0.222784 0.077735 0.027214 -0.132999 -0.070810 -0.350700
0.280275 0.212420 -0.164130 -0.061266 -0.037647 0.226284 0.012982 0.249829 -0.263249 0.212501 -0.000131 -0.335202
0.104053 0.075475 0.223147 0.099794 -0.343966 -0.097757 -0.118041 0.133153 -0.119506 -0.005354 0.334807 0.210941
0.034116 -0.106307 0.210831 0.117899 -0.308647 -0.129657 -0.105329 0.060249 0.052770 0.080370 0.358281 0.176488
0.176636 -0.111478 0.137867 -0.066676 -0.350716 -0.069024 -0.176060 0.260902 -0.122020 0.002842 0.479227 0.225338
0.197607 0.050400 -0.048630 0.064115 -0.288647 -0.061562 -0.201856 0.134007 -0.036184 0.137923 0.177623 0.108204
0.000696 0.019607 0.066118 -0.024846 -0.268919 -0.177865 -0.074675 -0.065350 -0.016439 0.130780 0.080024 -0.010393
-0.198539 0.025144 0.020372 0.097363 -0.336239 -0.189930 -0.134571 -0.022524 -0.247969 0.173490 0.159732 0.162368
-0.054330 -0.053694 -0.014420 0.007449 -0.368780 -0.163566 -0.235589 -0.158359 -0.019437 0.068105 0.132385 0.013840
0.008670 -0.013857 0.031506 -0.127107 -0.192094 -0.112408 -0.075188 0.025955 -0.094774 0.002949 0.164924 -0.036956
-0.090384 -0.010662 -0.204099 -0.289171 -0.197230 -0.122032 0.007002 -0.040022 -0.091801 0.005797 0.342495 0.110260
0.092963 0.062177 -0.249793 -0.259211 -0.163560 -0.084137 0.217346 -0.009325 -0.031425 0.025896 0.137315 0.113209
-0.113126 -0.004150 -0.145195 -0.203383 -0.221028 0.024688 -0.023217 -0.067432 0.045626 -0.008457 -0.016912 0.140431
0.026136 -0.182225 -0.062273 -0.073497 -0.137472 0.081316 -0.284912 -0.021970 -0.111637 -0.140788 -0.132224 0.243069
0.023938 0.099454 0.044170 -0.104940 -0.140409 -0.041507 -0.194379 -0.187471 -0.186963 -0.270392 0.093845 0.120811
-0.153751 0.001976 -0.164636 -0.143839 -0.208509 -0.227875 -0.133681 0.010038 -0.169716 -0.089569 0.068907 0.097891
-0.015202 0.162344 0.067677 0.009610 -0.370045 -0.033551 -0.045072 -0.073860 -0.124983 -0.029493 0.049923 0.022280
-0.240374 0.106192 0.153008 -0.018898 -0.072637 -0.276914 0.187974 0.013449 -0.235380 -0.013724 -0.048856 0.013528
0.136823 0.056388 -0.110178 0.072943 0.076575 -0.263636 0.277332 0.241491 -0.044359 -0.104006 -0.084009 0.016024
-0.095840 0.207650 -0.024150 0.082533 0.284494 -0.357843 -0.110134 0.198294 -0.075639 -0.075033 -0.064780 -0.037581
0.059930 0.402023 -0.140082 0.038417 0.256587 -0.288640 0.268362 0.112939 -0.139187 -0.182165 0.179537 0.008206
0.048764 0.441382 -0.145808 0.091402 0.310343 -0.193933 -0.057580 0.054457 0.035603 -0.090020 0.045566 0.263159
-0.120137 0.499476 -0.052825 -0.020409 0.228474 -0.142871 -0.093289 0.087083 0.023680 -0.138777 0.090180 0.119569
-0.231504 0.698083 0.087124 0.053766 0.196671 -0.214570 0.126451 0.077806 -0.112489 0.004074 -0.183600 -0.027357
-0.389407 0.774715 0.121888 0.084642 0.241971 -0.303643 0.069197 -0.038918 0.183633 0.046757 -0.139662 -0.076913
-0.489754 0.474952 -0.078176 0.159859 0.159757 -0.224315 0.449218 -0.102866 0.236854 -0.011336 -0.171916 -0.273514
0.097317 0.034829 0.274395 0.019209 -0.386381 -0.187084 -0.033284 0.377986 -0.057694 0.044866 0.441461 0.369160
-0.009165 -0.011635 0.156318 0.026538 -0.306838 -0.031392 0.005835 0.193651 -0.064594 -0.043168 0.427313 0.274083
-0.013569 0.103765 0.104412 -0.114179 -0.273846 -0.044578 -0.019178 0.384430 -0.023636 0.104309 0.359868 0.183668
0.066533 0.059370 -0.067022 -0.130502 -0.255650 -0.094610 0.039584 0.089816 -0.067487 0.009245 0.157113 0.069348
-0.042738 0.104333 -0.085795 0.002461 -0.188060 -0.153900 -0.234455 0.088935 -0.078015 0.096989 0.225483 -0.043361
-0.015433 0.045953 -0.182823 -0.228301 -0.100979 -0.006075 -0.149803 0.028891 -0.091280 -0.019738 0.083827 -0.022834
-0.002464 0.056683 -0.143671 -0.104679 -0.189558 -0.065604 0.026956 0.079313 0.054854 -0.025623 0.085999 0.062729
0.029672 0.158419 0.030318 -0.261890 0.030688 0.020835 -0.131270 0.089919 0.144157 0.021778 0.069353 0.000435
0.114581 0.031033 -0.208209 -0.174804 0.017344 -0.109566 0.032915 -0.039726 -0.089139 -0.071171 0.174718 0.023034
0.152656 0.203243 -0.251624 -0.233867 -0.044461 -0.063482 0.062510 -0.193230 -0.062054 -0.004126 -0.089596 -0.054531
0.083618 0.184736 -0.090281 0.029626 -0.227479 -0.185673 -0.275281 -0.107960 -0.206813 -0.068005 -0.029583 -0.040062
0.118280 0.195767 0.073133 0.059704 -0.077974 -0.099554 -0.039248 -0.215471 0.021109 -0.082451 -0.014688 -0.084920
0.096121 0.221088 -0.010502 -0.101399 -0.212045 -0.103104 -0.094947 -0.045098 -0.166685 -0.039790 -0.100269 0.087909
0.065969 0.124009 -0.195669 -0.033386 -0.087191 -0.097408 0.138031 -0.097804 -0.135060 0.056802 -0.081610 0.146934
0.011825 0.159689 -0.068062 -0.033969 -0.068908 -0.004488 0.168273 0.042426 0.079625 0.053214 -0.132855 -0.066401
0.033886 0.193887 -0.080710 0.396915 0.119097 -0.161092 0.109746 -0.045864 -0.212827 -0.066228 0.038220 0.103377
-0.000533 0.322252 -0.054569 0.125612 0.209004 -0.220996 0.211395 0.047702 -0.117519 0.088421 -0.120832 -0.006353
-0.110454 0.464054 -0.135719 -0.142996 0.301407 -0.073632 -0.075649 0.127473 -0.090101 0.027803 -0.129011 0.084159
-0.111415 0.489003 -0.012276 0.221169 0.217770 0.010950 -0.069697 0.145638 0.210838 -0.061509 0.042487 0.063748
-0.082076 0.515706 -0.085994 0.200805 0.155677 -0.088351 0.127277 0.077771 -0.104464 0.147008 0.001032 0.090762
0.029524 0.764758 0.146845 0.112600 0.105909 -0.095849 0.130748 -0.185492 0.046476 -0.013844 -0.225122 0.266473
-0.099809 0.852166 0.016912 0.221809 -0.127975 -0.087533 0.007380 0.010926 0.105350 0.323826 -0.042163 0.005206
-0.310988 0.542484 -0.082910 0.127263 0.121974 -0.016907 0.198075 -0.177986 0.131082 0.178445 -0.248345 0.042427
-0.039196 0.469373 -0.172536 0.060356 -0.043049 0.081088 0.244996 0.061144 0.161609 0.447399 -0.184886 -0.116873
-0.015539 0.092394 0.275908 -0.046550 -0.268824 -0.059926 0.085086 0.417298 0.074961 0.025585 0.581667 0.297820
0.009835 0.127895 0.162976 -0.068187 -0.198020 -0.156279 0.239136 0.437844 0.065141 0.236825 0.331326 0.042073
0.096258 0.183999 -0.004039 -0.135642 -0.056997 -0.220727 0.012517 0.211433 -0.039589 0.102669 0.147818 0.144931
-0.048778 -0.071659 -0.013710 0.063311 -0.055940 -0.029808 0.050053 0.330836 -0.098432 -0.128693 -0.011318 -0.063032
0.103401 0.160029 -0.091431 -0.047838 -0.032313 -0.104482 -0.107061 0.235444 0.069257 -0.079793 0.009263 -0.047255
0.169871 0.116454 -0.336159 -0.169834 -0.133250 0.138639 -0.119043 0.208259 -0.107388 0.102787 -0.133112 -0.055876
0.011122 0.124171 -0.153162 -0.214348 0.023466 -0.005458 -0.048933 0.021670 -0.091558 -0.041017 -0.094124 -0.065596
0.113507 0.119087 -0.086292 -0.060583 -0.171923 0.115802 0.016222 0.031677 -0.152536 -0.039369 -0.014444 -0.062713
-0.003959 0.087515 -0.019683 -0.032427 0.196483 -0.038294 -0.066878 -0.119726 0.107308 0.136244 -0.123333 -0.026036
-0.013778 -0.028674 -0.139524 -0.075166 -0.113116 -0.003376 -0.122051 -0.157167 0.176699 -0.098969 -0.065511 -0.093100
-0.080860 0.201552 -0.065226 0.053421 -0.113684 -0.013134 -0.071281 0.004489 0.104704 0.003062 0.098502 0.003539
-0.064286 0.179890 0.041037 0.019945 0.032902 -0.065239 -0.161995 -0.026776 -0.068137 -0.076282 -0.045369 0.024442
-0.055593 0.225790 -0.008368 -0.009888 -0.078320 -0.025786 0.011402 0.085715 -0.154433 0.003182 0.034529 -0.014783
0.078248 0.239270 -0.043352 -0.016530 -0.129469 -0.215120 0.093713 0.052133 -0.073852 -0.046986 -0.073399 -0.135194
0.112380 0.208018 -0.145078 0.076635 -0.092842 0.021979 -0.012041 0.015980 -0.094594 0.119308 0.042442 0.046485
-0.112970 0.274315 -0.042077 0.052533 0.195388 -0.007915 0.089107 0.090989 0.022321 0.250658 -0.022470 0.186037
-0.015246 0.541975 -0.146206 0.182536 0.246187 -0.071447 0.070810 0.125398 -0.105009 0.123972 0.024155 -0.014234
-0.065614 0.582952 -0.112339 0.310522 0.041979 -0.110293 0.124482 0.035854 -0.019567 0.206883 0.005165 -0.196301
-0.179011 0.779793 -0.090441 0.248587 0.048716 -0.072329 0.067899 -0.058461 -0.005158 0.261633 -0.057674 0.042776
-0.077629 0.731822 -0.005727 0.283407 0.103666 0.242705 0.140861 0.056444 0.087111 0.125040 -0.063661 0.120321
-0.163274 0.561693 0.056225 0.138996 0.096062 0.180257 0.013865 -0.074301 0.054173 0.226522 -0.056991 0.215241
-0.156151 0.575335 -0.110850 0.129704 -0.009500 0.066734 0.101668 -0.107317 0.146415 0.337392 0.017409 0.155313
-0.117538 0.265044 -0.222029 0.054084 -0.082761 0.023434 0.042020 0.024292 0.340666 0.189014 -0.121605 -0.191257
0.106543 0.001448 -0.142976 0.170627 -0.077255 0.058568 0.027197 0.182350 -0.155510 0.202253 -0.161281 -0.284284
0.059199 0.250291 0.370782 -0.112330 -0.038394 0.006182 0.111712 0.291857 0.113516 0.345425 0.279956 0.243144
0.177081 0.062630 0.213821 -0.011095 0.076526 0.019221 0.273829 0.241112 -0.002647 0.240133 0.095327 0.150048
0.134904 -0.006787 0.005155 -0.123569 0.114618 0.047274 0.173567 0.144330 -0.086464 0.105310 0.027775 -0.078319
0.116189 0.105127 -0.049348 -0.136903 0.084247 -0.024918 0.229700 0.250325 -0.173702 -0.072928 -0.128515 -0.143155
0.049294 -0.076681 0.128020 -0.084727 0.038699 0.056567 0.087039 0.149374 -0.010165 0.048127 0.035072 0.052156
-0.022257 0.084508 -0.276015 -0.138007 0.141373 0.070532 0.107834 0.059889 0.175474 0.060013 -0.017439 -0.057376
-0.014319 0.182842 -0.015562 -0.170001 -0.105247 -0.002901 0.156392 -0.190746 -0.192111 0.053933 -0.137904 -0.070201
0.023227 0.163332 0.194355 0.011003 -0.015755 0.165068 0.143324 -0.298621 -0.055011 -0.051493 -0.098464 -0.091676
-0.230494 0.213309 -0.200623 -0.010010 -0.091805 0.045686 0.295580 -0.362904 0.153868 0.014955 -0.185273 -0.050943
0.015292 0.058808 -0.014095 -0.292894 -0.024914 0.032641 -0.067531 -0.118447 0.077754 0.054839 0.019524 -0.071153
0.038316 0.057311 -0.141155 0.021257 -0.061767 0.086918 -0.047783 -0.154873 0.087885 -0.144324 -0.027481 0.071855
0.120372 0.212177 0.120043 -0.132645 -0.153626 0.061413 -0.074272 -0.034484 -0.080236 -0.003589 -0.104031 -0.008352
-0.084986 0.253570 0.026466 -0.137092 -0.199779 0.021216 0.011777 0.100260 0.110492 -0.094716 0.149798 -0.010710
-0.047921 0.177780 -0.058155 0.024229 -0.056138 0.052563 -0.011743 0.069501 0.006468 -0.117924 0.131565 0.092116
0.087861 0.265788 -0.026834 -0.003611 0.123673 0.103815 0.155482 -0.028441 0.055894 -0.015580 0.055041 0.067607
-0.094994 0.349348 0.216795 0.254824 0.032400 -0.042970 -0.017564 0.039478 0.028604 0.105275 -0.036155 0.141073
-0.106567 0.226722 -0.080206 -0.008138 0.182269 -0.048562 -0.066012 0.199487 0.211084 0.093105 -0.055969 0.036568
-0.200865 0.312336 0.038149 0.128396 0.032893 0.071737 0.142394 -0.241135 0.159892 0.126222 -0.071938 0.100628
-0.169435 0.274610 0.046171 0.118994 -0.015597 0.158361 0.009420 -0.107007 0.041606 -0.023029 -0.043898 0.055311
-0.204285 0.243616 0.154873 0.316366 -0.017134 0.162525 0.062191 -0.124381 -0.041394 0.045536 0.039561 0.082462
-0.209832 0.165443 -0.129523 0.223635 -0.181331 0.244165 0.015203 0.048132 0.004815 0.104659 -0.100001 -0.075382
-0.348833 -0.029604 0.037536 0.227764 -0.133075 0.237547 0.043950 0.012203 0.338095 -0.056978 -0.033977 0.064335
-0.166125 -0.141476 -0.077461 0.219964 0.072287 0.054659 0.046282 0.139676 0.101248 -0.142053 -0.108723 0.012318
0.091984 -0.374010 0.226407 0.332331 -0.011566 0.269057 -0.086803 0.221786 -0.215264 -0.447263 -0.369371 -0.306784
0.100933 0.271426 0.146890 -0.104834 -0.017800 -0.036783 0.154314 0.134847 0.024650 0.153248 0.259491 0.082928
0.073480 0.076243 0.237381 0.221944 0.010840 -0.002879 0.241696 0.327462 -0.023995 0.014545 0.115293 -0.058436
0.091550 0.036200 0.267970 0.078340 0.075684 0.111534 0.557563 0.241336 -0.061858 -0.006804 -0.086477 -0.073474
0.048257 0.096329 -0.069607 0.031064 0.143881 0.123080 0.538270 0.147846 -0.095999 0.171578 -0.190651 0.044634
0.146998 0.200138 0.066326 -0.208610 -0.022944 0.264944 0.543649 -0.026077 -0.038648 0.030200 -0.192193 -0.018395
0.029091 -0.000084 -0.005710 -0.038342 0.115234 0.153729 0.372133 0.009851 0.097238 0.071667 -0.337774 -0.093000
0.030412 0.119468 0.065690 -0.017934 0.018846 0.176996 0.255006 -0.332502 0.126680 -0.191401 -0.229418 -0.069239
0.079056 -0.145698 0.075834 -0.111825 0.031126 0.020549 0.121598 -0.463561 0.065103 -0.080303 -0.265523 -0.145581
0.008116 -0.111090 0.183874 -0.136395 0.040831 0.128870 0.283755 -0.142570 0.065290 -0.017090 -0.174510 -0.171584
0.051710 -0.209411 0.078161 -0.170786 -0.132575 0.128452 0.018410 -0.177395 0.122731 -0.000031 -0.008881 -0.045781
0.048721 -0.227157 0.238800 -0.071176 -0.050501 0.226688 0.162669 -0.076734 0.250672 -0.281223 -0.047573 0.063177
-0.126545 -0.020956 0.307653 -0.158009 -0.015749 0.140123 0.033055 -0.015115 0.270437 -0.157107 -0.097165 -0.093032
-0.000028 -0.047190 0.083000 -0.153113 0.028729 0.186926 0.158206 -0.107254 0.087922 -0.211981 0.143869 0.018957
-0.119411 0.087412 0.066938 0.104509 0.174675 0.191265 0.202622 -0.280085 0.207487 -0.071182 0.043200 -0.018731
-0.081080 -0.023310 0.088953 -0.001872 -0.022872 0.278820 0.013795 -0.173979 0.008192 -0.105387 -0.013600 0.156015
-0.151945 0.064637 0.205934 -0.038146 0.105456 0.091092 0.116848 0.291234 -0.033231 -0.052445 -0.164796 0.089953
-0.062021 0.044633 0.216930 -0.031794 0.142987 0.189750 0.036785 -0.018392 0.086295 -0.002852 0.053005 -0.135806
-0.206508 0.016176 0.070101 0.163241 0.061972 0.271372 0.050855 0.060097 0.208066 -0.072846 0.039778 0.005383
0.005096 -0.110974 0.066638 0.175412 -0.062916 0.400965 0.303746 0.290027 0.130690 -0.054902 -0.124809 0.037173
-0.183269 -0.147697 0.147189 0.067283 -0.155629 0.208697 0.231750 0.241417 0.004800 -0.062475 0.085637 -0.148546
-0.323018 -0.281684 0.130158 0.068365 -0.242516 0.189262 0.262717 0.048830 0.441006 -0.012237 -0.116208 0.142497
-0.107709 -0.570406 0.051888 0.255204 -0.150782 0.314855 0.225384 0.200673 0.304916 0.086325 -0.051916 0.128938
-0.087731 -0.427340 0.061130 0.281872 -0.121128 0.202158 -0.099674 0.152277 0.205775 -0.053345 -0.178474 0.074722
0.151020 -0.574315 0.008503 0.163250 0.170797 0.334408 -0.179790 0.169652 -0.005650 -0.314819 -0.053841 -0.059331
0.042062 0.354725 0.134129 0.026798 -0.147880 0.190134 0.215866 0.230604 -0.092202 0.080288 0.140731 -0.007598
-0.012005 0.009146 0.211039 -0.070481 0.125966 0.082477 0.416598 0.185188 -0.032599 0.107821 -0.050621 0.004352
0.033670 0.068673 0.126576 -0.249229 0.110345 0.067024 0.672672 0.233796 -0.020870 0.128412 0.043168 0.092241
0.090593 0.272171 0.157449 -0.004557 0.126031 0.281195 0.557833 0.069952 -0.039047 0.080929 -0.237872 0.031162
0.246584 -0.000569 0.116255 0.130149 -0.046457 0.090216 0.451193 0.036350 0.093430 0.034331 0.050476 -0.146926
-0.078280 -0.005755 0.194415 0.099676 0.003116 -0.019930 0.291013 -0.140333 0.003667 -0.042054 0.016655 -0.026463
-0.044281 -0.199838 0.364442 -0.113107 0.045269 0.036219 0.238314 -0.102397 -0.006535 -0.056158 -0.246429 -0.084058
0.057287 -0.007035 0.299011 -0.297090 -0.068828 0.057283 0.086465 -0.077301 0.160634 -0.015983 -0.153800 -0.006550
0.088450 -0.193227 0.297866 -0.237982 -0.017266 0.138576 0.110709 0.021163 0.079183 -0.007181 -0.072223 -0.008924
-0.064660 0.038061 0.319778 -0.183659 0.088261 0.262570 -0.030875 -0.072323 0.066383 -0.112624 0.003144 -0.102770
-0.105737 -0.061699 0.299736 -0.082772 0.180517 0.142942 0.127646 -0.030055 0.135208 -0.181292 -0.132962 -0.151709
-0.138012 -0.156511 0.220216 -0.031366 -0.061487 0.468056 0.262904 0.007029 0.127096 -0.066487 0.026908 -0.076766
-0.172681 0.038107 -0.092860 0.011491 0.231949 0.358909 0.271579 -0.066930 0.124410 -0.180202 0.051534 -0.032876
-0.079714 -0.142518 -0.053419 -0.011934 0.208166 0.143957 0.304849 -0.167202 0.074789 -0.235723 -0.135230 0.052051
-0.104837 -0.212225 0.024768 0.056787 0.261176 0.218876 -0.038843 -0.019279 0.196295 0.002241 -0.361466 0.028335
0.085631 -0.128567 0.264921 -0.063017 0.010922 0.183189 0.147711 0.121382 0.024347 -0.130465 -0.202037 -0.036811
-0.101012 -0.235461 0.194024 -0.108394 0.035792 0.124345 0.085664 0.019879 0.127823 -0.086854 -0.219217 0.038308
-0.195583 -0.326413 0.270805 0.105198 -0.028903 0.225779 0.242349 0.282773 0.079208 -0.203487 -0.085487 0.015086
-0.088514 -0.301798 0.370460 0.214373 -0.094843 0.071715 0.106606 0.150014 0.111645 -0.109719 0.175849 -0.017263
-0.037299 -0.247038 -0.105401 0.218787 -0.136838 0.193719 0.232466 0.256763 0.054020 0.079909 -0.000529 -0.010186
0.077929 -0.151466 0.154726 0.107552 0.003813 0.269056 0.146710 0.294712 0.229725 0.084707 -0.227712 0.220516
0.012326 -0.331335 0.203653 0.163776 -0.169934 0.330354 0.123592 0.251608 0.245269 -0.079260 -0.164508 0.209203
0.078278 -0.442673 0.102849 0.335588 -0.224001 0.436614 -0.057208 0.168241 -0.056764 -0.082847 -0.185187 0.080128
0.107012 -0.540847 0.064181 -0.095120 -0.046717 0.284564 0.071033 -0.128105 -0.216295 -0.149705 -0.176332 0.238652
-0.001939 0.103750 0.088003 0.126801 0.160427 0.235110 0.486707 0.585008 0.072026 0.123767 0.207387 -0.137771
0.073555 -0.165131 0.183333 0.105429 -0.018407 0.218990 0.757743 0.314243 -0.035275 0.056397 0.030349 -0.012556
-0.062802 -0.125246 0.362446 0.025719 0.123449 0.230897 0.616741 0.295293 -0.196253 -0.018354 -0.108281 0.057154
0.032209 0.319494 0.132439 0.101984 0.259414 0.291553 0.250155 0.226684 -0.010393 0.148249 -0.208797 -0.050233
-0.134326 -0.062926 0.287573 0.027973 0.079092 0.080003 -0.004311 0.124397 -0.174689 0.026875 -0.249425 0.087978
-0.195005 -0.020910 0.307725 -0.081139 -0.095245 0.004263 -0.112255 0.049171 0.080012 0.029977 -0.082060 -0.102440
0.080157 -0.120092 0.475621 -0.154842 -0.040198 0.219421 -0.001951 -0.046236 -0.067222 -0.079206 -0.133409 -0.105777
0.000704 0.026658 0.458675 0.020372 -0.089364 0.150845 0.041634 -0.024817 0.032627 0.181821 0.008470 -0.177584
0.063758 -0.019240 0.268540 -0.056687 0.023666 0.183435 -0.118844 0.008572 -0.071900 0.148853 -0.169950 -0.033472
0.055126 -0.096108 0.179961 -0.022448 0.198275 0.179851 0.085335 -0.066227 0.077142 -0.311567 -0.077694 -0.116818
-0.080231 -0.044844 0.162520 -0.033210 0.212439 0.090576 0.053704 0.004117 0.034617 -0.131149 0.004314 -0.210826
-0.032884 -0.143903 0.025597 -0.178303 0.248066 0.062749 0.245966 0.026101 0.150799 -0.187751 -0.238722 -0.185255
0.034360 -0.119900 -0.057772 -0.051428 0.159651 -0.022876 0.319400 0.096625 0.101204 -0.062842 0.067236 -0.058688
-0.180790 -0.154433 0.014846 0.116515 0.172385 -0.004001 0.018805 0.255150 0.197289 -0.032536 -0.004406 0.022159
-0.159371 -0.281139 -0.092999 -0.064917 0.158842 0.060039 -0.056440 0.279882 0.086632 -0.061451 0.001051 -0.021473
-0.075876 -0.271242 -0.010020 0.114871 -0.111743 -0.045409 0.108568 0.199611 0.254211 -0.175508 0.078957 0.006823
-0.017415 -0.246899 0.082425 0.093842 -0.104763 0.055479 0.164206 0.204817 0.046642 -0.149562 0.122956 0.066042
0.011770 -0.252694 0.215634 0.100975 -0.186201 0.031179 0.105421 0.398035 0.108287 0.063360 -0.169423 -0.036258
-0.075484 -0.292412 0.109563 0.083081 -0.151741 0.101695 0.122673 0.351407 0.008245 0.077881 -0.150477 -0.199525
-0.216399 -0.206462 0.079021 -0.015828 -0.219161 0.215286 0.113227 0.310691 0.014179 -0.095759 -0.205014 0.034744
-0.182440 -0.282640 0.244810 0.327431 -0.160685 0.196409 0.037256 0.256312 0.196715 0.089349 0.030562 0.007908
0.009116 -0.295197 0.122821 0.313997 -0.342639 0.233347 0.074135 0.191702 0.173201 -0.053734 -0.102645 0.174504
0.021210 -0.401088 0.185323 0.265450 -0.169156 0.308893 -0.064672 0.186547 -0.076625 0.024072 -0.107270 0.096131
-0.167462 -0.593759 0.151744 -0.155653 -0.035206 0.103374 0.018371 0.054856 -0.467437 0.083213 -0.046464 0.149438
-0.049106 -0.038550 0.287318 0.097723 0.003218 0.172536 0.235847 0.527092 -0.010349 0.027373 0.106128 0.103336
0.093669 0.030607 0.260490 -0.127564 0.036244 0.199239 0.092804 0.020260 -0.121963 -0.025532 -0.027313 0.058757
-0.022693 -0.107203 0.047660 -0.108329 0.123084 0.120745 0.300068 0.154566 -0.128893 0.201847 -0.049925 0.063687
-0.039976 -0.163709 0.114635 -0.053402 0.046884 0.015743 -0.144200 0.138635 -0.183036 0.234234 -0.041329 0.014327
-0.024091 -0.193602 0.304376 0.121474 -0.053960 0.217436 -0.102221 0.173553 -0.015766 0.200932 0.152148 -0.118131
0.101671 -0.106441 0.373298 0.015648 0.055016 0.079323 -0.126410 0.255130 -0.026979 0.199023 -0.091231 -0.072867
0.038854 -0.067123 0.368767 0.028407 0.130409 0.101931 -0.103553 0.195305 0.034023 0.074640 -0.004844 -0.196843
0.087575 -0.050341 0.419810 0.114699 0.097000 0.024306 0.066405 0.140216 -0.175281 0.040578 0.040698 -0.010825
-0.086935 0.020174 0.130603 -0.162900 0.209589 -0.017972 -0.020634 0.063973 0.127838 0.045355 0.021316 -0.213446
0.010601 0.027898 0.015466 -0.147391 0.187910 -0.079544 0.082890 0.166624 -0.016055 -0.055472 0.088144 -0.007602
-0.129516 0.178584 -0.160447 0.013472 0.113431 -0.046651 0.265966 0.197078 0.188913 -0.040261 0.002805 -0.045963
-0.143330 -0.124188 -0.145201 -0.162666 0.118728 -0.057204 0.136189 0.121958 -0.007366 -0.011567 0.154433 -0.129650
-0.228098 0.001530 -0.057784 -0.108749 0.263590 0.067197 0.124218 0.195991 -0.011595 -0.035621 0.245436 -0.116910
-0.191456 -0.160081 -0.005007 0.086061 0.082149 -0.069895 -0.114067 0.091133 -0.088809 0.037012 0.183346 0.111303
-0.151465 -0.081104 0.187002 0.026533 0.169003 -0.255596 -0.071685 0.197920 -0.106932 -0.040305 -0.125048 0.015729
-0.080857 -0.109420 -0.094129 0.086267 0.088280 -0.003270 0.128323 0.231119 0.062611 -0.050094 0.136493 0.030958
-0.005878 -0.158971 -0.023097 0.138398 -0.115530 -0.105011 -0.025753 0.142542 0.088978 0.222965 0.049697 0.034170
-0.109942 -0.145291 0.046450 0.124224 -0.086395 0.012556 -0.113240 0.341118 0.082000 -0.029384 0.034297 -0.007109
-0.004662 -0.163513 0.054685 0.174122 -0.038165 0.003809 0.114692 0.196230 0.165975 -0.123670 -0.072526 0.004818
-0.220888 -0.109318 0.085471 0.503811 0.000170 -0.094006 -0.115520 -0.070465 0.136726 0.029363 0.102700 0.061466
-0.216284 -0.128403 0.304164 0.281425 -0.161893 0.183669 -0.023121 0.152940 0.111684 0.094201 0.065326 0.177255
-0.153420 -0.317569 0.056147 0.221680 -0.029856 0.037384 -0.073420 0.060880 0.118487 0.164875 0.035450 0.280339
-0.324808 -0.294495 0.155194 -0.096872 -0.014535 -0.067521 -0.195347 -0.040785 -0.089557 -0.003077 0.026581 0.115532
-0.129042 -0.268257 -0.206874 -0.126893 -0.010845 -0.161543 0.115652 -0.047960 -0.159021 -0.002763 0.152191 -0.175584
-0.146192 0.114374 0.199298 0.117451 0.089041 0.184847 0.013768 0.296006 -0.015519 0.224607 0.155237 0.006124
-0.225583 -0.033020 0.082442 -0.260381 0.124299 0.178813 -0.285453 0.092952 -0.097999 0.041444 0.116476 -0.025787
-0.199318 0.001671 0.214377 -0.243897 0.020580 0.222566 -0.231814 0.050711 -0.007842 0.130948 0.270012 -0.185400
-0.051172 -0.195980 0.213186 0.061318 -0.026153 0.021283 -0.163765 0.265303 0.040630 0.271245 0.396904 -0.175122
-0.065767 -0.216670 0.341624 0.063751 0.141244 0.014689 -0.198085 0.168495 -0.038156 0.041285 0.261723 -0.188992
-0.086252 0.045472 0.256389 0.046305 0.002457 -0.021079 -0.201749 0.121405 0.121442 0.096302 0.089044 -0.137628
-0.035662 -0.084255 0.296886 0.109516 0.030690 0.030791 -0.093550 0.169491 -0.115807 0.260875 0.258618 -0.360569
-0.059008 -0.052132 0.180621 0.088683 0.144487 0.020072 -0.119189 0.010351 -0.103953 0.267686 0.144957 -0.196521
-0.136181 0.032474 0.065299 -0.023416 0.153946 0.003124 0.006257 0.070057 -0.030877 0.278780 0.305901 -0.168655
-0.127470 -0.028956 -0.138733 0.055479 0.118391 -0.135349 -0.058889 0.004670 -0.144576 0.225291 0.112282 -0.067266
-0.117364 0.083910 -0.086674 -0.254146 0.158908 -0.256672 0.384275 0.021707 -0.122699 -0.105220 0.157667 -0.099745
-0.212711 0.078667 0.034301 -0.170234 0.091709 -0.063244 0.181721 -0.152314 -0.052210 0.072987 0.378833 -0.123225
-0.213667 -0.125077 -0.137548 -0.111634 0.053062 -0.090225 0.147086 -0.100752 0.002658 0.265852 0.193162 -0.145880
-0.134321 -0.028120 -0.100522 0.066946 0.108844 0.083077 -0.181994 0.111027 0.099653 0.041489 0.168547 -0.139120
-0.242514 0.025561 -0.132048 -0.053800 -0.056629 -0.076189 -0.044874 -0.118145 0.205116 0.215664 0.051334 0.021793
-0.206366 0.063811 0.095999 0.143087 0.022122 0.080217 0.007177 0.176182 0.098316 0.223703 0.124223 0.035600
-0.031321 -0.051692 0.144349 0.148668 -0.038169 -0.262914 -0.098999 0.196769 0.167315 0.197859 -0.008375 0.025220
-0.381194 -0.044366 0.080113 0.113326 -0.080443 -0.009913 -0.063546 0.029153 0.079587 0.063075 -0.096360 0.131340
-0.033038 -0.214423 0.039485 0.155258 -0.007693 -0.028392 -0.118921 -0.136118 0.253077 0.159413 -0.019283 0.078206
-0.178492 -0.085990 0.060100 0.235978 -0.211039 -0.216754 -0.069313 -0.042981 0.249723 0.063795 0.148997 0.300101
-0.058432 -0.336166 0.174008 0.180949 -0.113391 -0.220618 -0.169612 0.092687 0.230155 0.043219 -0.014320 0.282046
-0.180011 -0.190657 0.132039 0.230114 -0.013275 -0.311453 -0.099529 -0.410853 -0.141451 0.115953 0.000028 0.166188
-0.074681 -0.274934 0.052449 -0.148905 -0.071667 -0.214550 0.088876 -0.342903 0.008689 -0.004169 0.312806 -0.164526
0.031928 -0.023373 -0.162384 -0.301000 -0.240263 -0.297585 0.061973 -0.185904 0.039262 0.010708 0.249509 -0.500158
-0.296815 0.044827 0.252298 -0.234794 -0.070567 0.201992 -0.336034 0.102405 0.000737 0.092276 0.562208 -0.021024
-0.128922 -0.061516 0.155125 -0.211121 -0.039881 0.168277 -0.082416 -0.044260 -0.077976 0.221990 0.292423 -0.034598
-0.013523 -0.011233 0.216191 0.066581 -0.082689 0.020650 -0.077611 -0.031652 -0.006658 0.233943 0.311924 0.047943
-0.222243 -0.298764 0.442522 -0.022013 -0.089954 -0.070283 -0.095565 0.038879 0.055603 0.252749 0.280943 -0.107544
-0.185698 -0.171895 0.083850 0.141168 0.104221 -0.004985 0.151714 0.090966 0.105310 0.170170 0.529224 -0.057938
-0.098984 0.034746 -0.044237 -0.046487 0.062315 -0.069569 0.094802 0.143618 -0.128099 0.184229 0.161589 -0.053271
-0.052543 0.029843 -0.124836 0.007222 0.131341 0.077582 0.148838 -0.013318 -0.093612 0.176434 0.117825 -0.268550
-0.053987 0.027520 -0.000089 0.107017 0.235849 0.056003 0.134428 -0.098516 -0.018131 0.190071 0.115767 -0.128070
0.019026 0.080271 -0.038761 -0.178010 0.075252 0.007925 -0.095297 -0.012396 -0.040783 0.321384 0.209344 -0.008118
-0.252523 0.168382 -0.077973 0.010973 0.006437 -0.008556 0.113545 -0.039833 -0.184073 0.389331 0.109440 -0.010891
-0.032619 0.196053 0.001125 -0.297300 0.254090 0.184377 0.276610 -0.095635 -0.051178 0.080841 0.053410 -0.038917
-0.116812 0.220554 -0.041411 -0.074645 0.135366 0.067933 0.070084 -0.104832 0.048192 0.180435 0.224668 -0.017747
-0.156416 0.139274 0.026454 -0.058553 0.116592 0.101884 -0.062209 -0.211169 0.013716 0.304164 0.049880 0.039913
-0.053047 0.031855 -0.048066 0.055233 0.083721 -0.049458 0.008902 -0.055075 0.075705 0.147750 0.126045 0.182428
-0.015225 0.124729 -0.144968 0.025219 0.079252 -0.036888 -0.045564 -0.044351 0.224482 0.296830 -0.165827 0.092904
-0.067663 -0.057338 -0.000088 -0.072906 -0.117396 0.046062 0.026794 -0.018054 0.215605 0.373858 -0.184247 0.122496
-0.146244 0.013854 -0.145192 0.182440 -0.056423 0.031776 0.048468 0.190935 0.177590 0.345169 -0.058639 0.232856
-0.037187 -0.072588 -0.100468 0.302718 -0.188648 -0.275020 -0.003623 0.113461 0.234301 0.346003 0.086286 0.217472
-0.161660 0.022672 0.049397 0.223195 -0.135081 -0.010109 0.156259 0.144008 0.318230 0.369500 -0.097625 0.460528
-0.193573 -0.064382 0.176249 0.362910 -0.095939 -0.083440 -0.146263 -0.081741 0.146100 0.292759 -0.122141 0.510734
-0.211315 -0.398196 0.175539 0.047614 -0.177415 -0.171803 0.082247 -0.282584 -0.099410 0.109958 -0.166676 0.085861
-0.023977 -0.201417 0.063385 0.099593 -0.125309 -0.104733 0.054941 -0.460681 -0.337362 0.310379 -0.024038 0.063642
0.134124 -0.131275 -0.187734 -0.350245 -0.091157 0.145601 0.056454 -0.455581 0.040194 0.192561 -0.016735 -0.323732
0.174071 -0.322680 -0.402500 -0.936338 -0.132982 -0.111950 -0.025383 -0.100393 0.084575 0.143157 0.116896 -0.521786
-0.221251 -0.238867 0.277318 0.043318 -0.311333 0.097976 -0.303707 -0.108130 -0.008755 0.413333 0.448880 0.009142
-0.034463 -0.239110 0.237219 0.051711 0.005680 0.063419 -0.032679 -0.122787 0.033783 0.259899 0.426509 0.068329
-0.094075 -0.105651 0.363880 -0.118372 0.032747 0.068937 0.124103 -0.228743 0.004250 0.137308 0.426734 0.203773
-0.275446 -0.137226 0.027116 0.052878 0.096869 -0.031113 -0.082220 0.136255 0.037118 0.200434 0.483922 0.136419
-0.143953 -0.135710 -0.161904 0.107640 0.322148 0.207051 -0.001587 0.082813 -0.128894 0.154056 0.190583 0.087601
-0.180551 -0.059136 -0.400485 -0.053945 0.315489 0.188391 0.079848 0.001337 -0.252688 0.290289 0.112671 0.124744
0.067812 0.130698 -0.348682 -0.075441 -0.004601 0.241125 0.028621 -0.065404 -0.053307 0.138334 -0.101291 0.077704
0.037970 -0.018272 -0.208975 -0.112444 0.169916 0.164306 0.096999 -0.089069 0.061748 0.327089 0.089199 0.027847
-0.102086 0.019407 0.032724 -0.145583 0.079691 0.097617 -0.056516 0.059524 0.129521 0.204521 -0.155783 0.213522
-0.010701 0.144331 0.121289 -0.038550 0.028153 0.172454 0.144734 -0.063370 0.114334 0.286900 -0.045412 0.079282
-0.060352 0.108709 -0.035628 0.131489 0.103655 -0.064710 0.180908 -0.053641 0.219528 0.144135 0.029631 0.104920
0.018651 -0.051477 -0.155851 -0.095525 0.065606 0.153074 0.211798 -0.035495 0.132565 0.091445 0.010239 0.224013
-0.081278 0.001448 -0.033733 0.022739 0.078466 0.164202 -0.032330 -0.032224 0.264117 0.240980 -0.043004 0.235375
0.048248 0.170100 -0.059860 0.169640 0.070925 0.042147 -0.052722 0.012429 0.204260 0.271887 -0.037868 0.229350
0.074502 0.013032 -0.053194 -0.014590 -0.066919 0.010923 -0.110441 0.088499 0.184110 0.314508 -0.078584 0.205636
-0.000206 -0.066595 -0.049381 0.193787 -0.255674 0.064295 -0.095713 0.176369 0.348086 0.355792 -0.072848 0.242087
0.043214 -0.054822 -0.115653 0.292865 -0.285047 -0.001644 -0.026989 0.392938 0.302174 0.242200 -0.022745 0.271303
-0.024657 0.036080 -0.015828 0.424283 -0.053240 0.022549 0.055658 0.171336 0.022566 0.249353 -0.038234 0.167991
-0.002119 -0.093472 0.034997 0.496445 -0.069614 0.079359 0.079891 0.106645 -0.003567 0.292153 -0.173411 0.347005
-0.005412 -0.128250 0.088782 0.266051 -0.160061 0.198832 0.050577 -0.095674 -0.146069 0.194180 -0.220064 0.120892
-0.124828 -0.093407 0.007951 0.012171 -0.180962 -0.273387 0.094658 -0.400827 -0.383199 0.341960 -0.129610 -0.165069
0.237377 -0.091746 -0.103999 -0.283135 -0.069458 -0.032647 0.024033 -0.348977 -0.325017 0.089539 0.150583 -0.246869
0.096389 -0.209449 -0.235159 -0.807839 -0.087568 0.072726 -0.092571 -0.432561 -0.241172 0.200956 0.112378 -0.406888
0.031710 0.008525 -0.265045 -1.079725 -0.003887 -0.067000 -0.133697 0.033720 -0.358834 0.078190 0.030411 -0.195055
-0.234514 -0.281776 0.254006 0.172963 -0.157095 0.263937 -0.052798 -0.220431 0.036661 0.442237 0.541103 -0.074175
-0.037084 -0.065688 0.100378 0.010861 0.086008 0.170924 0.007514 -0.264496 0.363255 0.305771 0.330506 0.085494
-0.101276 -0.314049 -0.140752 0.109524 0.332275 0.262729 0.191404 -0.061181 0.076043 0.313848 0.279980 0.257361
-0.054363 -0.295066 -0.423116 -0.048952 0.167954 0.055859 -0.099784 0.079888 -0.000727 0.191477 0.212870 0.286439
0.017810 -0.190628 -0.708370 -0.099028 0.119178 -0.007780 -0.202082 0.014239 -0.195091 0.251850 -0.118360 0.418610
0.121531 -0.066342 -0.509419 -0.105841 -0.181228 0.201787 -0.010924 0.143053 -0.029271 -0.126585 -0.193722 0.297347
0.003474 -0.061584 -0.348580 -0.104059 -0.108461 0.002457 -0.079117 0.022575 0.080949 -0.051749 0.001062 0.232899
0.050764 0.235206 -0.029119 0.126667 0.018840 0.140681 -0.095845 0.001443 0.116550 0.104699 -0.161475 0.261306
-0.069052 0.112393 0.136431 0.214995 0.105505 0.219364 0.020349 0.027843 0.108384 0.194164 -0.077049 0.096034
-0.014389 0.163500 0.186460 0.161463 -0.009718 0.163121 0.163499 0.021759 0.262270 -0.136028 -0.158907 0.304741
0.028679 0.022212 0.145999 -0.038222 0.113088 0.314895 0.277608 -0.118384 0.265893 0.209884 -0.137385 0.253966
0.125891 0.052734 0.256727 0.003112 0.064790 0.221047 0.032334 0.045919 0.309282 -0.162173 0.008077 0.470479
0.068524 0.216957 -0.021250 0.103229 0.033159 0.179300 -0.320254 0.112309 0.325808 0.035479 0.006780 0.200184
0.102131 -0.046066 -0.140895 0.193936 -0.029319 0.037044 -0.185073 0.099350 0.228775 0.016572 -0.180183 0.350813
0.160606 0.092195 -0.095246 0.208006 -0.284336 0.146344 -0.228453 0.302070 0.105589 0.071971 -0.168983 0.249546
-0.037199 -0.088279 0.013711 0.455512 -0.264810 0.171111 -0.168981 0.416568 0.125328 0.029094 -0.000524 0.206987
-0.091431 0.074313 0.079447 0.583635 -0.288967 0.255256 -0.104179 0.382720 0.040675 0.330341 0.078447 0.101043
0.133209 0.184889 -0.084939 0.423865 -0.288793 0.242941 -0.000075 0.228912 0.086236 0.211538 -0.063149 0.013336
-0.101232 -0.028412 0.028809 0.205816 -0.431133 0.035238 0.214541 0.016387 -0.196425 -0.040136 -0.225484 -0.136882
-0.085477 -0.101299 0.019870 -0.028287 -0.164911 -0.141860 0.074338 -0.076375 -0.348753 0.170428 -0.213313 -0.349334
0.198916 -0.208437 -0.127162 -0.428488 -0.302795 -0.331640 0.055970 -0.423266 -0.434804 0.396292 0.084441 -0.308202
-0.060183 -0.031938 -0.134442 -0.633861 -0.266319 -0.269707 -0.217352 -0.457015 -0.449629 -0.078417 -0.032735 -0.348825
-0.042758 -0.011947 -0.220226 -0.806791 0.034087 -0.032873 0.077046 -0.266410 -0.341300 -0.006816 0.166322 -0.241506
0.027702 0.181579 -0.270743 -0.615551 0.300648 -0.149009 -0.199823 -0.152893 -0.440995 -0.162723 -0.027849 -0.193559
0.410131 0.081921 -0.375154 0.303442 -0.352634 0.313520 0.343944 0.154638 0.081808 -0.233026 0.083450 -0.253878
0.426867 0.079870 -0.276168 0.123401 -0.223550 0.069234 0.080672 0.033088 0.328901 -0.226453 0.001408 0.016872
0.308685 0.087473 -0.104583 0.029226 -0.155472 0.017854 0.239783 0.072545 0.087939 -0.217429 -0.203333 -0.039206
0.213630 -0.061405 -0.059415 -0.043279 -0.487913 0.124619 0.094931 0.269193 0.114279 -0.111297 -0.145963 0.067674
0.101447 0.030614 -0.163133 -0.129793 -0.047270 -0.021983 0.308047 0.056537 0.130941 -0.079150 0.070590 0.117996
0.072811 -0.073807 -0.245005 0.058044 -0.009368 0.000656 0.289178 0.234819 0.093087 0.020153 -0.135488 0.017187
-0.080552 0.082894 -0.109948 -0.162987 -0.035641 -0.052499 0.068700 0.330783 0.002916 0.141651 -0.031438 0.284922
-0.094934 0.003916 -0.008397 -0.127310 -0.028951 -0.155217 0.159051 0.241667 -0.096301 0.108644 -0.154683 0.169365
0.112103 0.025698 -0.000334 0.074547 0.118480 0.004287 0.158571 -0.020060 -0.074979 0.051291 0.096236 0.299600
-0.003117 0.128819 0.110466 0.038293 0.309784 -0.042466 0.267559 -0.266321 -0.151677 0.223308 0.027369 0.180376
-0.125659 0.057843 -0.094495 0.092489 0.311867 -0.075735 0.070395 -0.052529 -0.216875 0.194193 0.161814 0.061164
0.160345 0.077394 -0.131971 -0.057385 0.277195 -0.099620 0.154194 0.107254 0.062335 0.196235 0.024550 -0.064176
0.031022 0.041976 0.006159 -0.116519 0.259671 0.070297 0.164763 -0.012183 -0.060241 0.127260 0.064637 -0.144217
0.068274 -0.201727 -0.062371 -0.173424 0.167822 -0.052174 0.033867 0.025847 -0.022556 0.126343 0.011183 -0.222901
0.132409 -0.332074 -0.060561 -0.213085 0.156730 0.178608 0.099967 0.164749 0.002332 0.176180 -0.020304 -0.285950
-0.087496 -0.069117 0.048947 -0.144149 0.136231 0.114643 0.100100 0.228748 0.096927 0.098470 -0.005083 -0.251964
-0.172916 -0.145721 -0.079113 -0.259568 0.054027 0.122221 0.076416 0.344703 -0.044336 -0.023072 -0.036902 -0.341602
-0.114827 -0.025793 -0.035668 0.156309 0.127123 0.104558 0.069837 0.062422 -0.105358 0.079446 0.014707 -0.064081
-0.205749 0.030285 0.020618 -0.057807 0.149707 0.124429 0.153046 0.133956 -0.010269 -0.055218 0.171980 -0.006752
-0.229482 -0.024150 0.017409 0.022060 0.150008 -0.191835 0.221763 -0.257622 0.114632 0.140786 -0.045878 0.107352
-0.156186 0.095055 0.275881 0.172335 -0.036265 -0.215957 0.208283 0.030785 0.027862 0.009690 0.198377 0.084451
-0.188671 0.258097 0.319608 -0.088454 0.189586 -0.341785 0.322823 0.057530 0.057600 -0.059993 0.103077 0.112888
-0.039980 0.155359 -0.037057 -0.085303 0.090236 -0.235315 0.211531 -0.214856 -0.177710 0.004467 -0.007046 0.092932
0.121515 0.158354 -0.187961 0.001269 0.171060 -0.126710 -0.000505 -0.234633 -0.195307 0.080620 0.131388 0.074372
0.284051 0.220794 -0.686549 -0.027530 -0.074271 0.443551 0.172692 0.317297 0.171221 0.001328 -0.135893 -0.048978
0.287130 0.032625 -0.640427 0.041556 -0.029767 0.331658 0.007919 0.079656 0.072477 -0.120070 -0.024529 -0.187319
0.227311 0.104900 -0.470002 -0.049505 -0.178262 0.258679 0.077988 0.240109 0.226933 -0.093755 -0.123600 0.029274
0.404416 -0.092104 -0.292030 -0.040251 0.043373 0.050380 0.080931 0.186649 0.163002 -0.096957 -0.096868 -0.208845
0.238213 -0.196591 -0.259002 -0.163599 -0.067941 -0.041762 0.408801 0.202186 0.076090 -0.040432 0.010615 0.065139
0.096263 -0.038603 -0.350378 -0.227931 -0.147942 -0.116909 0.214412 0.220210 0.066441 -0.056928 -0.186190 0.075470
0.091301 -0.118482 -0.272366 -0.192176 -0.005887 -0.062399 0.035449 0.080174 -0.076313 0.162294 -0.023976 0.064914
0.143532 0.124799 -0.084619 0.101717 -0.080158 -0.212061 0.105542 0.308330 -0.119332 0.095172 0.098036 0.249048
-0.128839 0.050889 -0.038993 0.102293 -0.025451 -0.102515 0.249643 0.014619 0.030111 0.063051 -0.017941 0.264787
-0.056900 0.148509 0.003449 0.179226 0.077768 0.065292 0.175149 -0.162063 -0.143888 0.127693 0.052628 0.198550
-0.081848 0.074254 -0.037267 0.072406 0.137623 -0.004853 0.151278 -0.115805 -0.250300 0.302106 -0.021275 0.184418
-0.132083 -0.033762 -0.072305 0.040520 0.167242 -0.002877 -0.014449 0.043680 -0.201519 0.132740 0.019207 -0.144061
0.073088 -0.161061 0.165624 -0.102209 0.249355 -0.091431 -0.161817 -0.072885 -0.255627 -0.015259 0.105448 -0.119752
0.049334 0.020556 0.118882 0.146813 0.186948 0.072242 0.073310 0.104647 -0.262440 0.039080 0.087340 -0.370144
-0.113557 -0.063921 -0.000276 0.122881 0.387797 -0.019685 0.098010 0.000930 0.036699 0.001901 0.010036 -0.377920
-0.213177 0.031057 0.034940 0.013663 0.231772 0.051708 -0.002212 0.078468 -0.136417 0.120343 0.058795 -0.441052
-0.211562 -0.116918 0.134309 -0.151609 0.261016 0.045632 -0.024317 0.055318 0.041975 -0.013050 0.060216 -0.149326
-0.179311 -0.031882 0.060143 0.023948 0.216492 0.063598 -0.029413 -0.050340 0.123931 -0.028372 0.054488 -0.103277
-0.291213 0.108098 -0.044340 -0.093459 0.252194 -0.021276 0.016271 -0.086651 -0.017263 -0.035812 0.101036 0.177353
-0.205886 -0.055725 0.076734 0.132835 -0.034125 0.101432 -0.102655 0.079487 0.083464 0.017502 0.111511 0.060434
-0.244110 0.294763 0.032635 -0.006252 0.105279 -0.191616 -0.000872 0.047555 -0.000157 0.041200 0.270709 0.109089
-0.283675 0.189563 0.223444 0.117615 0.112411 -0.114196 0.125688 0.143026 0.019369 -0.012685 0.109448 0.248575
-0.113725 0.265655 -0.032129 0.057971 -0.033021 -0.233369 -0.059264 -0.048137 -0.221543 -0.155862 0.039889 0.198530
0.034680 0.077935 -0.004378 -0.107058 -0.049249 -0.204282 0.052509 -0.175926 -0.167455 -0.076910 0.068727 0.280281
0.129718 -0.169654 -0.591518 0.011585 -0.099388 0.561165 -0.319572 0.415500 0.072126 0.093417 -0.210330 -0.134275
0.353979 -0.122753 -0.651883 -0.073268 -0.257648 0.309887 -0.131676 0.235322 0.229649 -0.039808 -0.158013 -0.048481
0.229390 -0.051703 -0.568798 -0.023550 -0.125419 0.176745 -0.135767 0.206189 0.333410 0.031488 -0.021261 -0.036827
0.360601 -0.180238 -0.424490 -0.084648 -0.037545 0.152460 0.213974 0.089915 0.174670 -0.083949 0.006174 -0.080732
0.374728 -0.026560 -0.282029 -0.155735 -0.247315 0.069596 0.082971 -0.009670 0.254576 0.013673 -0.098552 -0.054710
0.120587 0.024866 -0.183038 -0.175355 -0.232485 0.059514 0.224161 0.022729 -0.050703 0.141398 0.085993 0.091270
0.051937 0.007810 -0.224812 -0.183977 -0.120636 -0.051834 0.133322 0.009633 -0.064243 0.136978 -0.029686 0.185778
-0.011396 0.057119 0.050152 -0.195752 0.048769 -0.114809 0.091446 -0.106341 -0.124563 0.027457 -0.076162 0.093252
-0.122767 0.123491 0.130229 -0.003230 -0.123309 -0.052066 0.075735 -0.046442 -0.067233 0.039656 -0.028337 0.106718
-0.169078 0.053053 0.141158 -0.143475 0.112491 0.039531 0.026677 -0.099183 -0.541385 0.083500 -0.091927 0.153607
-0.154119 -0.016044 0.275662 -0.119539 0.376235 -0.064489 0.111903 0.041963 -0.371621 0.157576 -0.062565 0.016020
-0.041874 -0.157388 0.110256 -0.035758 0.258731 -0.003906 0.077364 -0.009526 -0.173462 0.241683 -0.040542 -0.124092
-0.035775 0.097016 -0.090090 0.023561 0.255962 0.056994 0.025194 -0.022124 -0.130078 0.123696 0.020811 -0.390411
-0.059017 0.099141 -0.051930 0.117977 0.300153 0.117944 -0.167370 -0.137939 -0.129590 0.144891 0.113898 -0.443616
-0.007997 -0.007884 0.070897 0.214441 0.192177 0.075516 0.108438 -0.059755 -0.238553 0.006626 -0.135534 -0.201561
-0.101290 0.077023 0.347926 0.214466 0.201024 0.049993 -0.024664 0.199348 -0.103429 -0.146170 -0.027224 -0.021095
-0.139698 0.001544 0.184100 0.190972 0.018245 0.260774 0.025332 -0.089886 -0.183498 -0.015660 0.019461 -0.225440
0.042943 0.154870 0.106097 -0.113446 0.298165 0.189489 0.015717 -0.079018 0.012977 -0.066502 0.172685 0.043202
-0.226914 0.069424 0.047415 -0.127153 0.066415 0.099369 0.026278 -0.118301 0.094684 0.118265 0.083112 0.045041
-0.189484 0.113693 0.041295 -0.161338 0.110196 0.076786 -0.016245 -0.123622 -0.003390 0.030859 -0.043220 0.054702
-0.268635 -0.014340 0.087600 0.042343 0.100272 -0.174682 -0.013761 0.051306 0.018017 0.136202 0.311455 0.200367
-0.279380 0.015671 0.057150 -0.034073 -0.010769 0.017647 0.165363 0.021575 0.003543 0.001980 0.309404 0.000359
-0.096412 0.017280 0.174817 -0.040098 0.037900 -0.003293 -0.003854 -0.264644 -0.183428 -0.066228 0.007084 0.186918
-0.088744 0.098746 0.154992 -0.288396 0.174550 0.014258 0.003256 -0.381238 -0.089577 -0.139802 0.008349 -0.044262
0.003579 -0.347932 -0.319472 0.187550 -0.002222 0.637086 0.004010 0.341578 0.285810 0.198336 -0.078889 -0.053653
0.222105 -0.253252 -0.623526 0.184135 -0.141976 0.437065 -0.105154 0.069274 0.301923 -0.043433 -0.194953 -0.192209
0.441407 -0.148108 -0.519338 -0.049836 -0.105527 0.179663 0.139509 0.100304 0.175067 -0.085904 -0.171979 -0.071881
0.437042 -0.239499 -0.461364 -0.190478 -0.030611 0.031443 0.029267 -0.048418 0.138906 -0.007455 -0.060728 -0.016940
0.176991 -0.149575 -0.246808 -0.060784 0.075882 0.097115 -0.125344 0.114765 0.121313 0.062474 -0.033107 -0.087023
0.138918 0.063277 -0.128935 -0.081161 -0.152161 0.028072 0.078076 0.074683 0.234987 -0.015337 -0.022601 -0.140817
0.167941 0.081014 -0.050392 -0.137602 -0.163995 0.015026 0.018864 0.105699 -0.107313 -0.148115 0.002948 0.207939
0.079849 0.285105 0.021109 -0.160311 -0.171008 -0.292314 0.158314 0.133073 -0.024071 -0.124504 -0.093730 -0.006992
0.080151 0.098320 0.185450 0.004054 -0.263679 -0.255217 0.069614 -0.225053 -0.073017 -0.025481 0.022523 -0.031604
-0.133130 0.159016 0.055933 -0.080455 0.038867 0.077276 0.053431 -0.116064 -0.342046 0.144267 0.220839 0.052524
-0.184741 0.029925 0.131967 -0.114649 0.087853 0.234983 0.123315 0.022033 -0.249660 0.154610 0.202461 -0.270713
0.029894 0.038249 -0.084378 0.050616 0.219812 0.170058 0.189385 -0.034283 -0.255433 0.109739 -0.110752 -0.420618
-0.110728 0.062165 0.056911 0.025352 0.033800 0.090133 0.176230 -0.061980 -0.273247 0.121810 0.105039 -0.475775
0.077342 0.117013 0.144173 0.161158 0.229373 0.081678 0.209431 0.048117 -0.174914 0.090034 0.021749 -0.388851
0.185629 0.165323 0.177444 0.175663 0.263869 0.042305 0.144155 -0.255087 -0.207969 0.184380 0.060403 -0.409479
0.105538 0.279365 0.094710 0.031961 0.094588 0.182586 0.042868 -0.157827 -0.052619 0.042063 0.052919 -0.152176
-0.075247 -0.009297 0.258676 0.101023 0.132479 0.066159 0.059995 -0.355251 -0.022967 -0.047956 0.039430 -0.046851
0.000769 0.109619 0.113940 0.052970 0.083367 0.135594 0.022223 -0.291420 -0.130442 -0.060669 -0.029788 -0.014990
0.091638 0.042775 0.110812 0.112595 0.110234 0.141118 -0.022103 -0.298398 -0.116943 0.081420 0.214586 -0.035147
-0.077369 0.068397 0.013583 0.101699 0.156729 0.067548 -0.157551 -0.203044 0.029689 -0.001332 0.224396 0.019383
-0.129171 0.056891 0.085985 -0.123483 -0.125909 0.085255 0.095922 -0.143398 0.011796 0.055532 0.151278 0.183083
-0.440623 0.063655 -0.048817 -0.044289 0.116745 0.183649 -0.193784 -0.214623 -0.236838 0.036757 -0.001910 -0.060893
-0.181224 0.125328 0.001073 -0.093944 -0.141990 0.098402 0.026412 -0.109821 -0.039368 -0.088717 0.161317 0.094192
-0.064261 0.142174 0.097307 -0.032694 0.015539 -0.052783 -0.013424 -0.415103 -0.137433 -0.000183 0.074218 0.128853
0.106123 -0.391128 -0.292580 0.463947 -0.165318 0.384414 -0.230150 0.439409 0.300298 0.054090 -0.151327 -0.174593
0.068683 -0.243312 -0.453674 0.230679 -0.186925 0.336660 -0.162259 0.272865 0.186311 -0.043734 0.038917 -0.216133
0.117642 -0.299644 -0.522787 0.067539 -0.112884 0.356355 -0.089918 0.015443 0.023950 -0.083152 0.144979 0.149983
0.227964 -0.197712 -0.175752 0.104350 -0.009517 0.125448 0.043101 0.149672 0.116632 0.271749 0.067309 -0.072424
0.238320 -0.062886 -0.087101 0.117283 -0.161391 0.075462 0.061646 0.060432 0.010466 0.089916 0.121431 0.060133
0.177673 -0.114614 -0.026475 0.075942 -0.163194 -0.007429 0.004371 0.126135 0.028924 0.110303 -0.168255 0.178904
0.145235 0.130001 -0.017478 -0.079265 -0.250974 0.073244 -0.017408 -0.052827 0.105666 0.053530 -0.097336 0.013235
0.014981 0.084169 -0.000213 -0.011854 -0.113750 -0.182413 0.130044 -0.007120 0.063474 -0.096083 -0.034591 -0.099182
-0.156918 0.299812 0.109875 0.036524 -0.306288 -0.087556 -0.065832 -0.138295 -0.041241 -0.123929 0.021522 -0.032198
-0.140959 -0.137355 0.124120 -0.087125 -0.232989 0.045741 0.221193 -0.189971 0.061071 0.009837 0.212441 -0.135148
-0.168532 -0.030205 0.214247 -0.179691 0.069018 0.094900 0.062823 -0.198029 -0.099397 0.079475 0.349378 -0.380398
-0.048693 0.129281 -0.060285 -0.008704 0.114789 0.136382 0.188209 0.081334 0.124034 -0.168583 0.156378 -0.487815
0.006300 0.137071 0.084112 0.095882 0.136816 -0.010569 0.241561 0.028300 0.019504 -0.259445 0.140540 -0.688062
0.140595 0.104021 -0.091553 0.146629 0.222835 0.156333 0.085541 -0.101993 -0.111889 -0.017903 0.152601 -0.614311
0.082301 0.144836 0.120319 0.225246 0.144435 0.074191 0.064999 -0.249939 -0.081155 0.165217 -0.104196 -0.327502
0.001395 0.087874 0.116289 0.198616 0.074833 0.151593 0.196539 -0.363598 -0.078720 0.104348 0.089443 -0.128640
-0.005193 -0.082290 0.306801 0.126848 0.142013 0.142642 0.113935 -0.348747 -0.103533 0.029548 0.039651 0.107252
0.016969 0.104467 0.372752 0.081755 -0.059917 0.134118 -0.081617 -0.490706 -0.078321 -0.111172 -0.050352 0.090289
-0.106892 -0.077382 0.216513 -0.233120 0.141978 0.068587 0.022428 -0.285347 -0.074961 0.070737 0.101467 -0.024240
-0.125305 -0.010232 0.057010 -0.137673 -0.094319 0.110944 0.021710 -0.326677 -0.005329 0.168042 0.249878 0.073587
-0.221549 -0.134592 0.082048 -0.110723 0.248940 0.078967 0.005807 -0.294202 0.156367 0.280055 0.284101 -0.032939
-0.289074 -0.018416 0.086475 -0.002501 -0.012772 0.007606 0.049596 -0.029698 0.080614 0.132389 0.086092 0.061552
-0.168721 -0.058337 0.201762 -0.306195 0.065291 0.090653 0.062083 -0.172419 -0.009868 0.181937 0.238231 0.069781
-0.247039 0.006205 0.422334 -0.102403 -0.004427 0.207058 -0.118634 -0.585279 0.000702 0.040439 0.235313 -0.008947
-0.015690 -0.238005 -0.357833 0.528982 -0.191685 -0.098729 -0.082210 0.446513 0.232972 0.184665 -0.197777 -0.155619
0.151231 -0.295179 -0.396390 0.291913 -0.001808 0.297440 0.142971 0.325511 0.188182 0.114198 -0.087957 0.021871
0.002117 -0.226854 -0.422116 -0.091497 0.200191 0.121691 -0.006334 0.141513 0.259131 0.044464 -0.069845 -0.068114
0.065212 -0.337820 -0.157349 0.029395 0.071628 0.279028 0.046844 0.044697 0.191938 0.079839 0.050201 -0.165780
0.203119 -0.341637 -0.018452 -0.095633 0.088875 -0.028926 0.082404 0.057974 0.240667 0.040158 0.228735 0.129696
0.081969 0.148106 0.031489 0.034485 0.046116 0.026444 -0.097583 0.249391 0.186494 0.135501 -0.067465 0.108422
0.277020 0.082971 -0.022585 0.184839 -0.112612 -0.102304 0.032038 0.035746 0.218363 -0.002928 -0.216464 -0.103999
0.010214 0.189281 -0.138072 0.018306 -0.214479 -0.017139 -0.036135 0.025487 0.261028 -0.107911 -0.117893 -0.141701
-0.107714 0.136151 0.056867 -0.161842 -0.294527 -0.137489 -0.004527 -0.110335 0.010199 -0.043650 -0.048122 0.117337
-0.208796 0.067022 -0.107676 -0.079816 -0.022793 -0.098311 0.012717 -0.053462 0.186387 -0.115108 0.324439 -0.228329
-0.100538 -0.029690 -0.129848 0.009357 0.028456 0.006071 0.203578 -0.189869 0.015703 -0.091906 0.279608 -0.348420
0.103018 0.063056 -0.067823 0.104270 -0.014103 0.155671 0.184416 -0.246392 0.116452 -0.104362 0.211195 -0.439062
0.047075 -0.099628 -0.188460 0.070572 0.168435 0.067759 0.002498 -0.053692 0.010303 -0.106283 0.161538 -0.740754
0.000754 -0.037606 -0.039128 0.132339 -0.030169 0.024687 0.127459 -0.101027 -0.022747 -0.167036 0.249976 -0.476543
0.135121 0.007422 0.117406 0.136138 0.186069 0.200942 0.082950 -0.321545 -0.195774 0.080489 0.100042 -0.291415
0.195440 -0.039942 0.004206 0.263183 0.049628 0.156480 0.046828 -0.422773 -0.134971 0.136342 0.098250 -0.181068
-0.071450 0.041535 0.243931 0.103936 -0.015321 0.134496 0.167045 -0.324382 -0.022025 0.149791 0.090445 0.000797
0.066723 0.015776 0.254724 0.120098 -0.047496 0.151436 0.031566 -0.225613 -0.045592 0.118768 0.047210 0.238632
-0.037605 -0.044906 0.058600 -0.122122 0.027705 0.038741 -0.067565 -0.364229 0.050177 0.249831 -0.089782 0.166707
-0.149307 -0.052191 0.201287 0.106108 0.016290 0.119850 -0.072629 -0.512820 -0.026068 0.041401 0.120657 0.094576
-0.155011 -0.005917 0.108035 -0.003419 -0.155977 0.078074 0.093788 -0.196759 0.062522 0.177686 0.168935 0.033716
-0.224090 0.055324 0.028759 -0.001729 0.024130 -0.064151 0.078601 -0.355277 0.080456 0.055267 0.221876 0.158418
-0.324026 -0.004716 0.209227 -0.117213 0.052795 0.007957 0.203262 -0.421486 0.193104 -0.018924 0.241620 -0.020840
-0.017622 -0.150215 0.211190 -0.024892 -0.185204 0.132050 0.004557 -0.344653 0.067949 0.035019 0.198601 0.052390
0.001196 0.028849 -0.397519 0.070989 -0.399416 -0.056699 -0.175684 0.158890 0.213462 -0.028105 -0.377861 -0.226628
0.074064 -0.186691 -0.446736 0.153724 -0.051778 0.222582 0.055744 0.216373 0.083736 -0.064067 -0.283819 0.061705
0.073797 -0.271666 -0.321848 0.096179 0.059142 0.201436 0.091557 0.132159 0.084142 -0.025257 -0.235961 0.101773
0.063180 -0.136604 -0.140746 0.192824 0.083131 0.190022 0.095171 0.021522 -0.066369 -0.052199 0.004625 0.060579
0.218663 -0.020616 -0.048485 0.141579 -0.009321 0.127247 0.001379 0.126683 0.259280 -0.147612 0.068495 0.178961
0.172780 -0.155026 -0.211123 0.069908 -0.204558 0.050730 0.070106 -0.048525 0.176509 0.146728 -0.057425 0.162143
0.212529 0.243095 -0.189085 0.147364 -0.059096 -0.116852 0.059141 0.197817 0.137989 -0.041802 -0.168821 0.123307
-0.074392 0.216829 -0.120940 0.180797 -0.084531 -0.185334 0.100315 -0.223644 0.270773 -0.073585 -0.155697 0.029290
0.048910 0.187468 -0.076173 0.066178 -0.215653 -0.070763 0.012202 0.024153 0.135008 -0.018891 -0.198196 0.001596
-0.210675 0.187772 -0.083639 -0.042947 -0.208664 0.020768 0.194026 -0.234821 0.027668 0.108177 0.044735 -0.128295
-0.273824 0.030572 -0.251444 0.051973 -0.057155 -0.045447 0.012077 -0.012356 0.150890 -0.291375 0.032785 -0.253301
-0.017989 0.025422 -0.246169 -0.068511 -0.124460 -0.038528 -0.082281 -0.056193 -0.100511 -0.135087 0.073700 -0.218381
0.063373 0.082055 -0.290854 0.086873 -0.030006 -0.013319 -0.008764 -0.039943 -0.104374 -0.192651 0.128470 -0.385256
0.121619 -0.061053 -0.169428 0.062774 0.127643 -0.066214 0.028037 -0.268394 0.038754 -0.103326 0.214391 -0.256436
0.094849 0.088174 -0.087349 0.215470 0.065826 0.172827 0.087099 -0.212314 0.152180 0.171780 0.138687 -0.238153
0.047055 -0.077546 -0.014763 0.289522 0.008824 0.006029 -0.003603 -0.247693 -0.009621 0.068682 0.055474 -0.005633
-0.005859 0.098834 0.212216 0.063796 0.085651 0.121576 0.011093 -0.406113 0.152455 0.228852 0.203584 0.069909
0.037297 0.134164 0.278816 0.039136 0.134235 0.130264 -0.018805 -0.380427 0.077477 0.053601 0.062773 0.221555
-0.105809 -0.059842 0.109217 -0.159156 -0.057740 0.127181 -0.088787 -0.332558 -0.059811 0.073863 0.043643 -0.034355
-0.009189 -0.054837 0.182480 -0.091266 0.034459 0.001652 -0.127330 -0.234357 0.009757 0.009793 0.002940 0.188045
-0.133208 0.148865 0.224246 -0.018298 -0.003786 0.030949 0.031208 -0.199127 0.121336 -0.043542 0.023104 0.036257
-0.291752 0.000647 -0.054760 0.004986 0.047947 -0.093523 0.014503 -0.296189 0.055161 -0.021647 0.076986 0.050324
-0.337760 -0.136074 0.102747 0.084612 -0.001286 0.054149 -0.084282 -0.181813 0.124227 0.007893 0.034699 0.110545
-0.259037 -0.130494 0.171668 0.064551 -0.039588 0.180940 0.021561 -0.492375 0.057514 0.002607 0.103488 0.017777
0.096024 -0.033883 -0.393018 -0.031981 -0.201707 -0.126912 -0.166654 0.135094 0.063596 -0.183156 -0.350398 -0.019912
0.040573 -0.190016 -0.539759 0.093084 -0.230259 0.121995 -0.164740 0.182286 0.138865 -0.223776 -0.386256 -0.057936
0.145097 -0.139986 -0.383166 -0.025189 0.003978 0.097911 -0.021181 0.199093 -0.121872 -0.198221 -0.061284 0.034045
0.063881 -0.332598 -0.092521 0.097748 -0.016234 0.077154 0.088657 0.020094 0.015985 -0.115863 -0.071490 0.212533
0.018600 -0.172993 -0.084503 0.157566 0.098112 0.035930 -0.082683 0.089499 0.085364 0.015172 -0.124683 0.011978
0.303471 -0.233020 -0.155923 0.246322 -0.054647 -0.119598 -0.020878 -0.056593 0.046556 0.044035 -0.093089 0.079922
0.283148 0.056363 -0.149785 0.143214 -0.073244 -0.151988 0.080602 0.021061 0.116475 0.009327 -0.175374 0.080542
0.219069 0.361501 -0.130297 -0.042767 -0.008982 -0.185982 -0.041509 0.108809 0.200074 0.043664 -0.174735 0.025459
0.040201 0.244395 -0.318520 0.005639 -0.072519 -0.171876 -0.174797 0.134635 0.168001 0.084621 -0.212534 0.027122
0.011764 0.237342 -0.197960 0.128405 -0.091032 -0.290694 -0.048059 0.045133 0.128978 -0.059772 0.041266 0.007893
-0.088490 0.299240 -0.205458 0.045848 -0.113200 -0.185332 -0.170183 -0.043027 0.014808 0.077830 0.055363 -0.144050
-0.033829 0.063790 -0.222258 0.044038 -0.053950 -0.212723 -0.146105 -0.196127 0.048613 0.070685 0.252568 -0.298663
0.135241 0.083546 -0.426530 -0.017261 0.012297 -0.014191 -0.052291 -0.078055 -0.001237 -0.043824 0.149996 -0.272635
0.006259 0.028983 -0.227346 -0.012012 -0.082167 -0.088543 -0.143273 -0.138060 0.050945 -0.165019 0.229554 -0.318220
-0.014602 0.041773 -0.030638 0.137734 0.054711 0.043033 0.133085 -0.143378 0.281803 -0.120918 0.213775 -0.043618
-0.172648 0.094397 -0.009949 0.105852 0.056363 0.193499 -0.023311 -0.276101 0.109816 0.007331 0.187528 0.141659
0.054188 -0.094816 0.115162 0.258014 -0.043577 0.129973 -0.086170 -0.253283 0.027323 0.091861 -0.049000 0.195277
-0.100089 -0.136973 0.005563 0.066252 0.117793 0.104560 -0.106555 -0.222420 0.207300 0.067783 0.213347 0.294536
-0.148133 -0.249229 0.170061 0.130431 -0.011392 0.169079 -0.073068 -0.319526 0.036364 -0.105745 0.089388 0.196329
-0.052530 -0.146323 0.090008 -0.039295 0.117493 0.095604 -0.130658 -0.084542 0.188841 0.090125 0.034961 -0.148019
-0.178726 -0.174874 0.167546 0.091359 -0.017221 -0.188962 -0.154849 -0.105838 -0.026607 -0.138720 0.175718 0.039666
-0.245659 0.030890 0.062059 0.244772 0.007625 0.047493 -0.064719 -0.229209 0.031728 -0.195924 0.052079 -0.034843
-0.378981 -0.211356 0.123579 0.046990 0.278100 -0.231173 0.013406 -0.269264 0.034631 0.024187 -0.040708 0.103661
-0.252067 -0.247905 0.115462 0.013511 -0.027257 -0.143564 0.181902 -0.377156 0.050855 0.052474 -0.038597 0.168411
-0.004897 -0.311363 -0.490060 -0.209741 -0.204080 -0.167666 -0.108890 -0.016476 0.280029 -0.123642 -0.220346 0.179572
-0.149014 -0.114427 -0.460328 0.105760 -0.094709 -0.165404 -0.134619 -0.031974 -0.031671 -0.059402 -0.225563 0.070847
-0.028735 -0.274054 -0.247749 -0.007441 -0.129618 -0.017200 -0.069860 0.103364 -0.018029 -0.187669 -0.034121 0.048952
-0.033196 -0.292471 -0.191307 -0.028518 -0.143396 -0.083051 -0.052427 0.106825 -0.089785 -0.035536 -0.036815 0.234520
0.093373 -0.252532 0.041055 0.054795 -0.098327 -0.114958 -0.087959 0.069681 0.056709 -0.087616 0.090614 0.115169
0.220864 -0.320514 -0.167251 0.103673 -0.029226 -0.138610 -0.041107 0.133171 0.199179 -0.196991 0.097042 0.220888
0.347130 0.022336 -0.174510 0.092951 0.073843 -0.415327 -0.109931 0.145159 0.156500 -0.003268 -0.134805 0.293044
0.424273 0.074215 -0.100621 0.132760 -0.185052 -0.308179 0.085983 0.189799 0.131059 0.045753 -0.152062 0.083189
0.353738 0.258221 -0.087989 -0.036411 -0.038651 -0.318777 0.094988 -0.031787 0.202573 0.090575 -0.174159 0.022092
0.048229 0.250867 0.004419 -0.028859 -0.209073 -0.268919 -0.041937 0.007184 0.062383 0.142930 -0.146998 0.098868
-0.041917 0.157706 -0.189535 0.120928 -0.177504 -0.326085 -0.059123 0.152720 0.141140 -0.012062 -0.085136 -0.104104
0.033202 0.228695 -0.176452 0.059249 -0.119480 -0.211160 0.013501 0.017041 -0.115832 0.029418 -0.117082 -0.137522
-0.085371 0.151362 -0.308662 -0.143611 -0.045392 -0.242029 0.001456 -0.033292 -0.250593 -0.064836 0.193166 -0.328540
-0.007569 0.110366 -0.129944 -0.211914 -0.085289 -0.153541 0.119944 -0.316403 0.123440 -0.119894 0.135646 -0.140843
-0.126904 0.028047 -0.043040 -0.144535 0.077221 -0.184322 0.150324 -0.173011 -0.029759 -0.125193 0.174920 0.017963
0.047522 -0.057816 0.057720 -0.036060 0.053756 0.031669 -0.060873 -0.243387 0.026571 -0.095825 0.084759 0.223647
-0.258336 -0.072633 -0.008516 0.151276 0.082188 0.148943 0.018041 -0.168043 0.167809 -0.139504 0.099388 0.132887
-0.068687 -0.205074 0.171663 0.027829 0.000944 -0.001984 -0.088800 -0.186051 -0.057460 0.086942 0.086594 0.255172
-0.126047 -0.262989 0.095173 0.123560 0.001931 0.067985 0.127215 0.005477 -0.058827 -0.028888 -0.026264 0.274012
-0.262470 -0.149126 0.055430 0.140515 0.015892 0.004355 0.111405 0.069412 -0.015450 -0.123530 0.000189 0.131607
-0.332905 -0.012247 0.073058 0.068043 0.028500 -0.208235 -0.196694 -0.048827 0.004221 0.083061 -0.226411 -0.002993
-0.280382 -0.064691 0.081736 0.059607 -0.023135 -0.103769 -0.057995 -0.092075 -0.043356 -0.051166 -0.100982 -0.011600
-0.342763 0.002390 0.030956 0.178312 0.247428 -0.007068 0.118714 -0.257286 -0.114205 -0.141975 -0.158494 0.009540
-0.525586 0.096419 0.047055 -0.027021 0.035496 0.131014 0.164564 -0.331304 -0.089811 0.115166 -0.150610 0.086444
0.095896 -0.099832 -0.445283 -0.127472 -0.183206 -0.162139 -0.183324 0.042173 0.240051 0.087735 -0.157990 0.357274
0.072298 -0.096459 -0.173200 -0.092700 -0.231112 -0.374227 -0.119882 0.162289 0.034140 0.073787 -0.159372 0.181325
-0.071770 -0.101427 -0.016683 -0.006606 -0.097331 -0.315941 -0.032611 0.114053 -0.002685 -0.150937 -0.075279 0.027633
0.068092 -0.272656 -0.123207 0.046506 -0.078675 -0.281706 -0.119947 0.048064 -0.200296 -0.079733 0.073523 -0.048260
-0.116626 -0.231261 0.059499 -0.127407 -0.045820 -0.307936 0.079910 0.059578 -0.182272 -0.089897 0.036602 0.065061
0.249336 -0.239171 -0.207940 0.139788 -0.072587 -0.255635 0.059910 0.031984 0.301062 -0.027964 0.060504 0.131945
0.201708 -0.113243 0.003184 0.042369 -0.027427 -0.334310 0.152246 0.052550 0.131538 0.062115 -0.104336 0.336434
0.313424 0.130065 -0.100530 0.043116 -0.055278 -0.500818 -0.033190 -0.065427 0.211600 0.067137 -0.050291 0.357029
0.248498 0.072274 -0.232809 0.134479 -0.098311 -0.309713 -0.089559 0.026571 0.042305 -0.069573 -0.096606 0.125267
0.205054 0.140164 -0.368173 0.242699 -0.076782 -0.140625 0.004507 0.232266 0.071593 0.036785 -0.186495 0.084178
0.165544 0.206460 -0.256161 -0.048299 -0.201952 -0.207419 -0.043250 0.116470 -0.008816 -0.034724 0.133284 -0.120510
-0.041727 0.305651 -0.203563 -0.086412 0.071867 -0.273943 0.112908 -0.049365 0.004809 0.041036 -0.007878 -0.123957
0.145582 0.114609 -0.194876 -0.183520 -0.104621 -0.169884 -0.049286 -0.082620 -0.113477 0.019060 0.153940 -0.251468
0.104125 0.258054 -0.144697 -0.152378 0.086354 -0.185824 0.108982 -0.029402 -0.017872 -0.265125 0.153230 -0.260853
-0.019865 0.036741 -0.000402 -0.125876 -0.103126 -0.054852 -0.006685 -0.022026 0.062501 -0.319359 0.013268 0.045089
-0.147407 -0.127088 -0.037496 -0.077795 0.185626 -0.083252 -0.139926 -0.082851 -0.040320 -0.286599 0.097101 -0.026440
-0.266781 -0.226098 -0.063079 0.175055 0.069473 0.078347 0.039503 -0.149036 0.108093 -0.200057 0.023770 -0.006092
-0.195102 -0.353438 0.162163 0.080789 0.072814 0.081560 -0.052883 -0.099425 0.069694 0.059005 0.114217 0.276285
-0.143341 -0.370932 0.103888 -0.055115 -0.024313 0.081394 0.000277 0.158329 0.025338 0.116432 0.113590 0.137175
-0.281804 -0.117910 0.107074 0.130721 -0.096236 -0.126219 0.069240 0.142037 -0.066880 0.144525 -0.171416 0.191977
-0.322499 -0.070665 0.119430 0.061221 0.148912 -0.191428 0.016127 0.306408 -0.195963 -0.033212 -0.266763 -0.054594
-0.312647 0.022553 0.108783 0.204251 0.196015 -0.350400 0.104849 -0.068504 -0.200186 0.000997 -0.292980 0.011558
-0.476857 -0.030983 0.033949 0.022417 0.047346 -0.020336 -0.072096 -0.165975 -0.234539 0.015741 -0.138909 0.106367
-0.432155 -0.128064 -0.006574 -0.003846 0.171910 0.034446 0.215191 -0.140074 -0.088604 0.189000 -0.125720 0.014091
-0.010683 0.074595 -0.210666 -0.466625 -0.216514 0.120135 -0.104749 -0.091134 -0.118347 -0.235521 -0.030529 0.316967
-0.042210 0.064263 -0.161780 -0.285665 -0.056147 0.019625 -0.162177 -0.086002 -0.085400 0.011619 -0.256412 0.148182
0.001334 0.065343 0.025914 -0.100338 -0.170502 -0.354248 0.049919 0.038341 -0.126383 -0.000807 -0.124011 -0.055051
0.154033 -0.189408 -0.003936 0.022442 0.039414 -0.339966 -0.022936 0.046637 -0.096788 -0.019796 -0.103067 -0.041538
0.190834 -0.197896 0.193915 0.026783 -0.031191 -0.146202 -0.073785 -0.055608 -0.159017 -0.148819 0.020844 0.050155
0.076680 -0.134951 -0.086781 0.097128 -0.107574 -0.189961 0.009445 0.127663 0.012167 -0.159584 -0.147292 0.095406
0.039208 -0.086649 0.043707 0.146231 -0.110423 -0.239539 -0.134572 -0.034363 0.145448 -0.049527 -0.122161 0.414808
0.289782 -0.054906 0.037324 0.067287 -0.137089 -0.134390 -0.148306 0.002954 0.071574 0.059508 -0.274313 0.140021
0.302374 -0.011234 -0.144588 0.238141 -0.214629 -0.137994 -0.208262 -0.049759 0.160700 0.126041 -0.244653 0.314679
0.082025 0.129820 -0.027053 0.126801 -0.070325 0.051411 -0.024162 -0.030552 -0.012254 0.014072 -0.419046 0.114174
0.125255 0.159047 0.093512 -0.037854 0.052508 -0.191643 -0.028481 0.042712 -0.036267 -0.002752 -0.316310 -0.067730
0.048070 0.291278 -0.171316 -0.148716 0.018421 -0.207745 0.023012 0.148853 -0.146645 -0.085378 -0.184123 -0.351259
0.081403 0.072535 -0.233039 -0.282111 0.084424 -0.037413 0.145728 0.289793 -0.208938 -0.153751 -0.087482 -0.167420
0.227020 0.154261 -0.258435 -0.369684 -0.014084 -0.025266 0.035548 0.059340 -0.161997 -0.240083 -0.048311 -0.160013
0.114121 -0.014217 -0.136699 -0.357737 -0.102132 -0.040022 -0.162642 0.102657 -0.095583 -0.275242 -0.090523 -0.114093
0.160189 -0.173959 -0.151801 -0.160079 0.099875 -0.024172 -0.195400 0.072365 -0.058487 -0.321467 0.000025 0.099828
-0.058906 -0.216194 -0.015404 -0.028582 0.047685 0.140014 -0.262932 0.008393 0.037150 -0.276911 -0.087685 0.197501
-0.135066 -0.178713 0.256101 0.093105 0.139941 0.100470 -0.089855 0.216130 -0.062643 0.073996 -0.081641 0.098384
-0.194115 -0.274570 0.168298 0.180669 0.021975 0.033425 0.144555 0.291033 0.076826 0.065920 -0.040804 0.190590
-0.175479 -0.042927 0.290288 0.200188 -0.025022 -0.091060 0.057117 0.318885 0.027941 -0.067323 -0.216578 0.158073
-0.231265 -0.063169 0.186976 0.071139 0.142277 -0.065460 -0.053437 0.116853 -0.143755 -0.058137 -0.363600 -0.030055
-0.240730 -0.000613 -0.025869 0.161557 0.061709 -0.274292 -0.048136 0.091496 -0.273201 -0.203941 -0.317559 -0.164835
-0.282702 -0.049152 -0.242047 0.017888 0.217527 -0.017144 -0.058214 -0.111689 -0.392023 -0.061359 -0.185485 -0.123296
-0.278373 -0.200548 -0.119557 0.029570 0.080243 -0.178036 0.082599 -0.171369 -0.096622 0.176786 -0.110955 -0.054006
0.178962 0.164390 0.129707 -0.385743 -0.163572 0.104655 0.221540 -0.173740 0.000297 -0.163896 -0.175615 0.051214
0.231263 0.088649 -0.015159 -0.210523 0.083442 0.139485 -0.149459 -0.376607 0.024018 0.067944 -0.070107 0.072554
0.122911 0.025106 0.045383 0.042440 -0.024076 -0.161953 -0.067319 -0.244793 -0.156758 -0.137979 0.060814 0.053643
0.208675 0.056623 0.036667 -0.116115 -0.035157 -0.466493 -0.032223 -0.140332 -0.178053 -0.007086 -0.016216 -0.030054
0.187305 -0.089009 -0.145408 0.163162 -0.207106 -0.236278 0.006573 -0.029038 -0.257340 -0.111993 0.114879 0.103870
0.220951 -0.100894 0.112156 -0.034306 -0.125894 -0.122100 0.067838 -0.212631 -0.174040 0.032491 -0.227013 0.038129
-0.034346 -0.026961 -0.124487 0.036018 -0.203832 0.002643 -0.069609 -0.246078 -0.106384 -0.085025 -0.125027 0.009812
0.190253 0.010524 -0.028687 0.233798 -0.121334 -0.112348 -0.139119 -0.012408 0.092519 -0.006669 -0.436019 0.227370
0.146226 0.128974 -0.085395 0.098515 -0.192174 0.117406 -0.089645 0.018591 0.043526 -0.005512 -0.310057 0.174633
0.028848 0.194922 -0.071894 0.019916 -0.320309 0.200387 -0.209348 -0.062288 -0.005771 0.159953 -0.402081 0.296928
0.129706 0.132251 0.060101 -0.160975 -0.219643 0.315054 -0.197737 0.156817 0.030227 0.092968 -0.459905 0.013418
0.187160 0.064941 -0.153381 -0.141678 -0.253291 0.188891 0.068707 0.108783 -0.177130 0.070947 -0.234883 -0.130288
0.056167 0.207321 -0.071462 -0.350710 -0.367061 0.044522 -0.140472 -0.043960 -0.099293 -0.177559 -0.357026 -0.141073
0.061953 0.122405 -0.097620 -0.234746 -0.090676 0.051030 -0.103957 0.121449 -0.210882 -0.331578 -0.249475 -0.101081
0.055288 -0.076251 -0.127201 -0.090823 0.036190 -0.054242 -0.048627 0.258631 -0.203539 -0.180204 -0.075926 -0.057129
0.014631 -0.132181 0.075830 -0.039303 -0.028479 -0.106891 -0.091459 0.301808 -0.055960 -0.191560 -0.105666 0.043278
-0.108727 -0.207189 0.083592 0.175283 0.148442 0.093248 -0.171334 0.176243 -0.130403 -0.098423 -0.097287 -0.012641
-0.181300 -0.051239 0.157122 0.162207 0.135522 0.158678 -0.108812 0.261706 0.112565 -0.079834 -0.043439 0.207387
-0.141799 -0.290127 0.241904 0.147012 -0.064695 -0.173501 -0.262820 0.148239 0.080354 -0.070346 -0.259727 0.262997
-0.147035 -0.145765 -0.083454 0.194616 0.148906 -0.125726 -0.105626 0.203242 0.025301 0.061399 -0.193180 0.116988
-0.072057 -0.034740 0.180409 0.271504 0.207648 -0.100025 -0.252321 0.239567 -0.206583 0.052384 -0.457841 -0.115535
-0.057936 -0.049169 -0.109486 0.048451 0.139630 -0.142840 -0.106270 0.031124 -0.248286 -0.099097 -0.235635 0.020298
-0.177062 0.055211 -0.092491 0.291808 0.068232 -0.036900 -0.092988 0.091473 -0.181136 0.014027 -0.222003 -0.140999
0.033398 0.043976 -0.126363 -0.044240 -0.027691 -0.101139 -0.044104 -0.201778 -0.161484 0.142911 -0.059828 -0.216258
