0.017551 0.037329 -0.201316 -0.159858 -0.063574 0.130261 0.168182 -0.837819 0.017534 -0.151328 0.103551 -0.067743 0.092425 0.004267 0.036278 0.144597 0.078560 -0.164420 0.042527 -0.109310 -0.116864 0.058571 -0.072338 -0.086657 0.021010 -0.053299 -0.126159 0.045720 0.285909 -0.280782 -0.502347 -0.542392 -0.502157 -0.368089 -0.789256 -0.423282 -0.165120 0.095032 0.027356 0.146476 0.121123 -0.079452 0.107520 -0.167603 -0.202072 -0.207316 -0.069037
-0.048113 0.328092 -0.030512 0.143406 -0.042681 0.037837 -0.121858 -0.087947 -0.032022 -0.021310 -0.513465 -0.069963 0.156515 -0.291768 -0.086013 -0.192362 0.004524 -0.348460 0.049406 -0.022163 0.076427 -0.158905 -0.023507 0.003529 0.082076 0.090245 -0.154706 0.001319 0.160938 -0.113735 -0.088474 -0.050368 -0.191915 0.304605 0.025948 0.049908 0.189601 0.077518 -0.530696 -0.058928 -0.069957 0.075692 -0.163381 -0.103718 -0.017336 -0.084245 0.172922
0.041669 0.089062 0.039687 0.022896 -0.313378 0.028308 0.066017 -0.361304 -0.084204 -0.683963 0.002031 -0.163969 0.193750 -0.169628 -0.124970 0.068407 -0.026136 -0.463451 0.095390 0.086535 0.035322 0.088211 -0.177658 -0.154499 0.100301 0.164054 0.068412 -0.200093 0.109419 0.076657 -0.260265 -0.027003 -0.105503 0.023287 -0.254073 -0.144117 -0.167180 0.123316 0.272688 -0.079096 0.273327 -0.165071 -0.054783 -0.210661 -0.062786 -0.206508 0.058018
-0.098426 0.066927 -0.297176 -0.019028 0.045026 -0.111294 -0.187505 -0.179071 -0.200777 0.017138 -0.028663 0.025785 0.062990 0.147665 -0.195875 0.154539 -0.143796 -0.414198 0.010779 -0.218465 -0.178874 0.071263 -0.252275 -0.234360 -0.153740 0.150939 0.149699 -0.168599 -0.169770 0.014193 -0.100299 -0.099436 -0.026373 -0.200254 0.161201 -0.318356 0.055052 -0.089446 -0.396311 0.200928 0.132169 0.088044 -0.195006 0.072779 0.033862 0.091560 0.180805
-0.075904 -0.105748 -0.246787 -0.051572 -0.026285 -0.045320 -0.192790 -0.002883 0.227637 0.036589 0.206980 -0.048690 -0.166130 -0.181725 0.085479 0.052150 -0.004574 0.351422 -0.008260 -0.109957 0.013214 -0.059371 0.115133 -0.148688 -0.127506 0.143521 -0.183879 0.110155 -0.085361 -0.130858 -0.385305 -0.097545 0.247114 -0.526914 0.049664 0.061354 -0.180544 0.020119 0.251519 0.209859 0.072117 -0.020478 0.145383 -0.111712 0.001995 -0.059216 0.002810
0.033051 -0.042353 -0.253962 0.035226 0.084673 -0.271829 0.070209 0.103038 -0.216554 -0.029630 0.079877 -0.088227 -0.230433 -0.031968 -0.308937 0.066013 0.076933 -0.023701 0.023921 -0.342570 0.058495 0.010570 0.307381 -0.023467 -0.127909 0.119841 -0.104897 0.199275 -0.198754 -0.194552 0.066969 -0.030360 0.119153 -0.000444 0.092656 -0.197813 0.057954 -0.298579 -0.109067 -0.020313 0.097400 0.105406 -0.064934 0.001761 0.015443 -0.180021 -0.021115
-0.116906 0.053428 0.048426 0.057220 0.029848 -0.039024 -0.400793 0.259017 0.035345 0.190459 -0.079791 -0.061284 0.034512 -0.061501 0.058623 -0.024670 -0.282443 -0.371364 0.053740 -0.143184 -0.072992 0.041356 -0.107965 -0.111922 0.043080 -0.150801 -0.005697 -0.028475 -0.090021 0.040605 -0.271902 -0.283416 -0.558903 -0.099756 0.043774 0.146045 -0.163145 -0.354316 -0.114829 -0.197890 -0.102934 0.133961 -0.608325 -0.060609 0.105574 0.098384 -0.121513
-0.136677 0.094678 -0.010249 0.115406 0.255516 0.023590 0.079059 -0.268413 -0.288146 -0.130795 -0.145278 -0.060033 0.092735 -0.111123 -0.214835 -0.138780 0.105024 -0.312983 0.077046 0.072827 -0.228837 0.092782 -0.456604 -0.244619 -0.106705 -0.715732 0.156628 -0.381387 0.134550 -0.408203 -0.076470 -0.064616 0.175955 0.024432 0.039414 -0.034921 0.129345 0.024105 0.022401 -0.065100 0.077850 0.004373 0.017064 -0.111368 0.049228 -0.141008 -0.385147
-0.216259 0.086952 0.180080 -0.095653 -0.421214 -0.040197 -0.083427 -0.028494 0.121021 -0.193390 0.128380 -0.395630 -0.011879 0.037585 -0.285633 0.024259 0.213349 0.060740 0.056648 -0.048797 0.062992 -0.031889 -0.042743 -0.124036 -0.070229 -0.362239 -0.055936 -0.224081 0.012975 0.087505 -0.323188 -0.096394 -0.030292 -0.310214 -0.133542 0.203197 -0.098404 -0.001673 0.033789 0.039530 0.108079 -0.063771 0.284324 -0.029551 -0.055240 -0.098831 0.400507
0.055207 0.058858 -0.213524 -0.235440 -0.118179 0.127226 -0.138480 -0.396489 -0.267488 -0.062148 0.006446 -0.134571 0.162040 -0.153513 0.171542 -0.018814 -0.295162 0.163674 0.093752 -0.006839 -0.012708 0.014091 -0.017626 0.107558 0.133170 0.089525 0.138321 0.077905 0.080072 0.004337 -0.195214 -0.166525 -0.486761 -0.274964 -0.228259 -0.647098 -0.021313 -0.181944 -0.181667 0.128631 0.002062 -0.239769 0.009421 -0.038429 -0.536159 0.006407 0.198223
-0.115188 0.073617 0.168641 0.063387 -0.205490 -0.229232 -0.098074 0.191909 0.304274 -0.141313 -0.032970 -0.193946 -0.317593 -0.076314 -0.069635 0.036964 -0.166862 0.172604 0.140673 0.029182 -0.015355 0.056633 -0.065986 0.037041 -0.220258 -0.245375 -0.178257 -0.159972 -0.200859 0.117123 -0.061688 0.029985 -0.182758 0.170163 -0.021522 0.123087 -0.087784 -0.128698 0.124600 -0.169752 0.085986 -0.090713 0.054475 -0.192008 -0.036652 -0.069910 0.051660
-0.110827 0.051026 -0.094098 0.161371 -0.128197 -0.038292 -0.099285 -0.018487 0.086614 0.093446 -0.346759 -0.037959 0.171732 -0.121254 0.205849 0.085996 0.051441 -0.939771 0.045546 -0.089936 -0.060234 0.077514 -0.171538 -0.728152 0.031554 0.022430 -0.094826 -0.023984 0.160291 -0.087165 -0.135838 -0.225325 0.072836 0.037860 -0.113055 0.035004 -0.165971 0.023074 -0.358849 0.085513 0.002593 0.083803 -0.065181 -0.288142 0.135170 -0.348876 -0.199320
-0.422625 0.108888 0.089331 -0.251124 -0.320458 -0.083948 -0.090128 -0.172516 0.160497 -0.360772 -0.236399 -0.244198 -0.164899 -0.145566 -0.099550 0.063132 -0.152868 -0.217041 0.086502 0.075944 0.086602 0.096354 -0.413387 -0.105056 -0.415102 -0.076519 -0.343156 0.105755 0.038427 0.052984 -0.226106 0.060772 0.153449 0.163304 -0.066066 0.002473 -0.362550 0.069529 0.212206 -0.247095 0.065364 -0.025520 0.071007 0.014863 -0.001058 0.075596 0.016029
-0.137755 0.067138 0.125283 -0.210440 0.105084 -0.078203 -0.020479 -0.179350 -0.242235 0.105789 -0.053324 -0.365229 -0.022307 -0.186189 0.174725 -0.026799 -0.204607 -0.073097 0.127289 -0.443678 -0.244066 0.221050 -0.203698 -0.060186 -0.006580 -0.127383 0.061489 -0.008241 0.038673 -0.332399 0.192202 0.014592 0.036712 -0.180761 0.075788 0.060471 0.210540 -0.163283 0.060459 0.146514 -0.125063 0.179356 -0.083285 -0.122547 0.012770 -0.200415 -0.347588
0.026820 -0.277590 -0.124573 0.000229 -0.046034 -0.200792 -0.124935 -0.059797 0.037460 0.056230 0.108242 -0.128312 -0.105192 -0.045269 -0.043780 0.055630 -0.332229 0.131185 -0.065290 -0.096530 -0.268659 -0.048392 0.143795 -0.104526 0.003764 -0.021229 0.026164 0.088062 0.098544 0.008554 0.233179 -0.093664 -0.141015 -0.261853 -0.005927 0.013915 0.178839 -0.023792 0.094951 0.177725 0.010556 0.054500 0.099475 0.103032 0.018041 0.013843 -0.013202
-0.105269 0.076748 -0.452194 -0.167715 0.232267 -0.197948 -0.199405 0.014595 -0.201945 -0.049150 0.026431 -0.106548 0.173172 -0.093068 -0.151623 0.085752 -0.006511 0.083140 0.025480 -0.362630 -0.081839 0.077009 -0.022718 0.130060 -0.096009 0.121803 0.053891 0.086998 -0.272763 0.106832 0.049610 0.093948 -0.050406 -0.126023 0.079516 -0.288420 -0.208794 -0.182258 0.003794 0.144465 0.108027 -0.109217 0.028932 0.131007 -0.017835 0.158965 0.102037
-0.240317 0.064336 0.086773 -0.130180 -0.228267 -0.257552 0.032256 -0.053379 -0.252254 -0.617235 0.234166 -0.241130 0.140452 -0.134994 0.141267 0.025688 -0.414098 0.217507 0.060924 -0.153619 0.049920 0.073458 0.091388 0.054115 -0.431416 0.054178 -0.570841 0.011156 -0.038721 -0.026636 -0.226732 -0.243662 -0.097700 -0.063751 -0.005257 0.089609 0.090511 0.128191 0.082460 0.275839 -0.000120 -0.162343 0.237896 -0.025641 -0.113291 -0.095375 0.144482
0.008569 0.060226 0.092345 -0.291750 0.155173 0.094180 0.107025 0.165519 -0.430368 0.108493 -0.462864 -0.325125 -0.101126 -0.129251 -0.425464 -0.012045 0.056148 0.038892 0.199380 0.120107 -0.007456 -0.107985 0.124081 -0.084729 0.028374 -0.229638 0.155761 -0.421813 -0.016149 0.159271 0.105801 -0.194699 -0.340083 -0.116116 0.234889 0.126788 0.004819 -0.030925 -0.043339 -0.245715 0.013411 0.051327 0.089746 0.006496 -0.070911 -0.462423 0.286751
-0.249625 -0.011346 -0.105255 0.078629 0.070194 -0.040289 -0.011161 -0.029969 -0.007556 0.002528 -0.146672 0.174874 -0.208702 0.057917 -0.069820 0.166706 -0.300231 -0.023022 0.084548 -0.166087 0.218638 0.062081 0.140136 0.102715 -0.237784 -0.041003 -0.136691 -0.138144 -0.125909 -0.073678 0.086578 0.248016 0.064447 0.190991 0.054778 0.000968 -0.073145 0.121894 -0.108078 0.078970 -0.032001 -0.129585 0.094675 0.026794 -0.275035 0.112164 -0.077747
-0.058629 -0.025709 -0.062701 -0.130734 0.144565 0.053418 -0.211187 -0.093817 -0.171545 -0.168701 -0.138682 -0.092370 0.039585 -0.352158 0.325523 0.189575 0.031665 -0.113098 -0.007105 -0.261769 0.084189 0.059564 0.355873 0.035655 -0.084033 0.138035 -0.060649 0.171343 0.002771 -0.136668 -0.074125 0.015902 -0.449745 -0.059798 0.016203 -0.074191 -0.104392 -0.292081 -0.161758 0.126215 0.054400 -0.003627 0.149431 -0.171255 -0.099760 0.195323 0.027888
0.031308 -0.108763 -0.022657 -0.260966 -0.313211 -0.104362 0.042273 -0.017531 0.014326 -0.074019 0.066775 0.061336 0.136270 0.245626 -0.052496 0.071366 0.030184 0.077574 -0.017309 0.023217 0.065687 0.006439 -0.030130 0.061403 0.019687 0.104340 0.015457 0.091033 0.047396 0.070676 -0.137452 -0.016182 0.123952 0.079328 -0.129292 -0.077834 -0.182090 0.084997 -0.108390 -0.142801 0.113599 -0.125502 0.012724 0.051566 -0.296330 0.065609 0.047754
0.062800 0.068473 -0.395379 -0.239149 -0.145072 -0.243018 0.146222 -0.203399 -0.107079 0.122112 0.165378 0.025897 0.018592 0.081984 0.019501 0.098286 0.089457 -0.148367 0.093568 -0.080039 -0.140830 0.058664 -0.232823 0.110999 0.122285 0.034074 -0.047354 0.140275 0.043650 0.009380 -0.500818 -0.009983 -0.138401 -0.185267 -0.473777 -0.201710 0.015207 0.016328 -0.037929 0.210220 0.120809 -0.134935 0.088019 -0.014781 -0.071557 -0.028475 -0.018164
0.078279 0.066000 -0.007879 -0.053824 0.008372 -0.021898 -0.254591 0.078463 0.251018 0.065157 -0.131744 0.011693 0.066670 -0.011820 0.121241 -0.068397 0.013590 -0.074321 0.092093 -0.104583 0.137195 0.074025 -0.725861 -0.116403 -0.122085 -0.048734 0.077704 0.061263 -0.164103 -0.052597 -0.076098 0.148067 0.191302 0.023165 0.015957 0.050247 -0.149475 -0.066473 0.104024 0.178027 0.001849 0.121293 -0.096289 -0.157228 0.058463 0.101542 -0.131563
-0.039949 0.052895 -0.003603 -0.518736 0.094820 -0.103883 0.008505 -0.051132 -0.173506 -0.466982 -0.099132 -0.494944 -0.136732 -0.315722 0.104806 -0.064063 -0.080975 0.105238 0.057872 -0.085340 0.155120 0.040200 -0.083498 0.102009 -0.097595 -0.300442 -0.264295 -0.177209 -0.291038 0.015068 0.179438 0.154223 0.054746 0.168773 0.150130 -0.016683 -0.324392 0.060976 0.146215 -0.156864 -0.009773 -0.216050 0.097406 0.074076 -0.275857 -0.050279 0.178831
-0.235460 0.018176 0.108366 -0.176199 0.084165 -0.207353 -0.178973 0.156530 -0.003706 -0.085730 0.054801 -0.268723 -0.080365 -0.096536 0.191540 0.008749 -0.112101 -0.234295 0.012220 -0.184479 0.071648 0.030565 -0.728484 -0.042598 0.044410 -0.107146 -0.293134 0.024565 -0.040030 -0.188272 -0.074136 -0.019565 -0.200801 0.110768 -0.146430 0.053973 0.055621 -0.137072 0.191847 0.037655 0.260856 -0.234918 0.142746 0.114767 0.014125 0.190247 0.136572
-0.008321 0.006539 -0.042440 -0.048314 -0.025762 -0.014513 0.160680 0.041535 0.178777 -0.054877 -0.005746 -0.149010 -0.167917 0.019686 -0.026100 0.057639 0.077195 0.010521 0.050119 0.075101 -0.016741 -0.123863 -0.025885 -0.119557 -0.033853 0.105454 0.010920 0.064494 -0.076803 -0.014027 -0.252216 -0.074535 -0.046995 -0.040291 -0.130855 0.177799 -0.187350 -0.024808 -0.090240 -0.101662 0.017764 -0.016166 -0.197883 -0.152067 0.207335 -0.006711 -0.134065
-0.070831 -0.003716 0.120026 -0.134054 -0.067947 -0.243904 -0.431310 0.022684 -0.171527 0.155273 -0.023019 0.035425 0.139194 -0.037635 0.095143 0.139322 -0.194552 -0.100197 0.002503 -0.133600 -0.043780 0.026025 -0.230918 -0.054966 -0.079969 0.152991 0.096356 0.062791 -0.133944 -0.078065 0.075783 -0.133132 -0.215809 0.044496 -0.143092 0.134570 0.181030 -0.423989 -0.102235 0.155310 -0.065407 0.090227 -0.193675 0.058798 0.112223 -0.057997 0.110005
-0.064518 0.063219 -0.202756 -0.029325 -0.009501 0.050086 0.029767 0.292216 -0.119037 0.033968 0.023936 -0.004902 0.006477 -0.120398 0.197569 0.125007 -0.201830 -0.530082 -0.118722 -0.266660 -0.164969 0.088272 -0.035960 -0.167989 -0.138259 -0.080166 -0.185093 0.129040 0.149086 0.160618 -0.040495 -0.015095 -0.523454 -0.047207 -0.047652 -0.028185 -0.058021 -0.021635 0.043598 -0.231620 0.078544 0.113890 0.036197 -0.104919 -0.047130 0.125560 0.148162
0.015478 0.087020 0.013861 0.255160 -0.060616 -0.018006 -0.244455 0.074186 0.063628 0.011383 -0.087196 -0.025713 -0.041324 -0.215714 0.110120 -0.044698 -0.333561 0.120571 0.035284 0.028400 -0.000962 -0.008707 0.050555 -0.114362 -0.020499 -0.052330 -0.277536 0.039504 0.032861 0.048307 -0.075597 0.015150 0.014483 -0.108697 0.060832 -0.148610 -0.079154 -0.080789 -0.003628 0.100571 0.093350 -0.080763 -0.006465 -0.064074 0.085218 -0.064396 0.161435
0.088629 -0.136852 0.117242 -0.068173 0.268582 0.025202 -0.054442 0.065669 -0.455287 -0.055027 0.099679 -0.315467 -0.004719 0.097083 -0.271433 0.132135 0.004133 0.126350 -0.126225 0.006668 0.018121 -0.033168 0.079950 -0.085010 0.087292 0.106426 0.022671 -0.068707 -0.162078 -0.138582 -0.052477 0.145553 0.237391 -0.247232 -0.122781 -0.236034 -0.065440 -0.177864 -0.073667 -0.235728 -0.026918 0.155596 -0.074223 0.080836 0.158316 -0.140151 0.040445
-0.069768 -0.196882 0.075444 0.031721 -0.340399 -0.020337 -0.117585 0.118898 -0.041968 0.049634 0.065215 0.049668 -0.018103 0.104197 0.072418 0.015455 0.041610 -0.428284 0.135940 -0.104908 -0.428961 -0.082183 -0.387714 -0.058206 -0.029290 0.184128 0.145945 0.143354 0.042901 -0.015424 -0.557564 -0.141813 -0.177841 -0.058813 -0.275546 0.124181 0.072430 0.024914 -0.065668 0.124911 0.110003 -0.043085 -0.363995 -0.032553 0.042906 0.080953 0.002151
0.051501 0.003784 0.032393 0.022822 -0.177497 -0.083076 0.289768 -0.055603 0.118402 0.089404 0.154363 0.059802 -0.057327 -0.053095 0.043032 0.123139 0.076926 -0.036931 -0.027553 -0.099674 -0.150827 -0.046127 0.004267 -0.116620 0.010528 0.192664 0.030858 0.068582 -0.135937 -0.072289 -0.490462 -0.230312 -0.074921 -0.225272 -0.277629 0.198462 0.050875 -0.063378 -0.187115 0.217515 0.075392 0.130081 -0.129859 -0.067717 0.167472 -0.055994 -0.183213
-0.047560 0.242767 0.061986 -0.144611 0.067714 0.066870 0.014227 0.019317 -0.725536 0.137012 -0.079227 -0.365880 -0.089419 -0.010004 -0.294495 0.039064 -0.281813 0.092237 0.104198 0.163959 -0.027703 0.066773 -0.282041 0.128623 -0.053305 0.109319 -0.101664 -0.422122 0.163590 -0.074973 0.025429 0.052284 -0.165475 -0.062082 -0.051283 -0.083845 0.018259 -0.047908 -0.173436 -0.085865 0.052243 0.067433 0.079203 0.092975 -0.312684 -0.199595 -0.299286
0.033890 -0.089693 0.093613 0.003442 0.076688 -0.214268 -0.063917 0.024709 -0.149304 -0.029401 0.196645 -0.006178 -0.002218 -0.242901 0.023258 -0.114648 -0.114283 -0.008933 0.048285 -0.148554 -0.140378 -0.028514 -0.003150 0.032311 0.000336 0.128240 0.100227 0.118515 -0.052871 0.115481 -0.092689 0.163146 -0.053854 0.025650 -0.090466 0.118402 0.252120 -0.126884 -0.004834 0.153936 -0.196181 -0.100173 -0.218248 0.121051 0.020196 -0.117486 0.149483
-0.214839 0.183758 -0.138815 0.328324 0.277382 0.091010 -0.055216 -0.181132 -0.135967 0.169691 -0.311288 -0.076413 -0.146459 0.068678 -0.271113 0.181155 -0.372693 -0.175616 0.040942 -0.049090 0.056071 -0.013613 -0.352213 0.090511 -0.124856 -0.123306 -0.039113 -0.225576 0.066950 0.098133 -0.328116 0.042287 -0.086935 0.060830 -0.170544 0.115096 -0.319811 0.145203 0.032510 -0.210349 0.336880 -0.154721 -0.079677 -0.032952 -0.244927 -0.599744 -0.195185
-0.037395 0.040655 0.067550 -0.170554 0.139750 0.112475 0.046406 -0.062793 0.264511 -0.017080 -0.223343 0.019695 0.040218 0.115316 0.119413 -0.152001 0.028081 0.162802 -0.010411 -0.001442 0.067080 -0.027493 -0.058026 0.014484 -0.075220 -0.090830 0.007081 -0.022330 -0.012488 -0.111102 0.124275 0.069290 -0.283459 0.010941 0.087127 -0.215356 -0.031839 -0.084762 -0.029041 -0.192819 0.117169 -0.124174 -0.028350 -0.201531 0.089383 -0.009582 -0.050572
-0.390699 0.079665 0.170581 0.112808 -0.393426 -0.336964 -0.054632 0.382480 -0.301028 -0.531162 -0.071898 -0.093491 -0.014906 -0.152373 -0.186900 0.092159 -0.086448 -0.209728 0.059001 0.109771 0.118223 -0.027356 0.148296 0.149622 -0.112406 0.276040 -0.605356 -0.240162 -0.337198 0.176846 -0.213472 0.186221 -0.181698 0.029756 0.123742 0.060467 0.124211 -0.117267 0.244012 0.008373 0.054693 -0.027068 -0.024304 0.042092 -0.142940 0.030190 0.138880
0.053768 0.122444 -0.114407 -0.321529 0.045085 -0.131986 0.077195 -0.061747 -0.121795 -0.185990 0.040621 -0.201563 0.038193 0.017920 -0.002838 0.103154 0.011600 -0.113485 0.155779 0.217501 -0.033051 0.123199 -0.160154 -0.018392 0.022645 -0.148157 -0.005288 -0.235345 0.269049 0.115202 -0.140117 0.054966 -0.050319 0.203207 -0.032628 -0.047789 -0.043579 -0.130358 -0.220786 0.049883 -0.071047 -0.400075 -0.067572 -0.010006 -0.364483 0.153188 0.014297
0.118192 0.026955 0.065331 -0.028987 -0.133199 -0.078768 -0.178844 0.115227 -0.547267 -0.225039 0.085847 -0.124269 0.130571 0.063946 -0.142396 -0.087687 0.016127 0.113755 0.050523 0.074226 -0.274469 0.131372 0.148883 0.132541 0.137135 -0.120290 0.006756 0.166106 -0.131965 0.166212 0.108917 -0.093740 -0.409620 -0.310853 0.037276 0.118737 0.226173 -0.127046 -0.013430 -0.040386 0.002060 -0.144398 -0.140956 0.129127 -0.337556 0.046851 0.114294
-0.049096 0.072802 -0.439108 -0.171862 0.161609 -0.029754 0.061613 -0.261770 -0.049857 -0.316491 -0.291189 -0.256108 -0.263816 -0.197460 -0.092977 -0.102201 -0.076618 0.110568 0.139022 0.248187 0.303660 0.083417 0.103833 0.049617 -0.054810 -0.235475 -0.119266 -0.230638 -0.206623 0.164126 0.204750 0.044465 0.118644 0.205787 0.159322 -0.184088 -0.540183 0.141291 -0.033049 -0.203073 -0.090742 -0.244758 0.148459 0.060774 -0.325222 -0.162535 0.223618
0.060332 0.073141 -0.001115 -0.029277 0.147705 -0.067764 0.142185 0.090928 0.006393 -0.012715 0.049854 0.064376 0.009545 0.124650 0.063397 0.179188 0.163837 -0.190167 -0.079770 0.190675 0.024047 0.145986 -0.342553 -0.019405 -0.213401 0.025424 -0.436530 -0.277366 0.132639 0.251269 0.093973 0.340129 0.042005 0.094697 0.154265 -0.068742 0.026174 -0.148051 -0.112146 -0.118124 -0.261336 0.051790 -0.013297 -0.180524 -0.411399 0.097354 -0.043347
0.005066 0.136170 -0.043136 0.068052 -0.185422 -0.015728 -0.536874 0.101124 -0.270615 0.059019 -0.051950 0.016072 0.148054 0.013510 -0.336061 0.051407 -0.275279 0.028685 0.163586 0.002508 -0.245845 0.017076 0.091035 0.277590 -0.054417 -0.081639 -0.322024 -0.243105 0.076280 0.133954 0.114374 -0.024615 -0.155666 -0.103741 0.122585 0.161176 -0.218176 -0.177523 0.080146 -0.184345 0.063291 0.054209 -0.199327 -0.073868 -0.178973 -0.061477 -0.002805
-0.151621 -0.078013 -0.111946 0.124340 0.015933 -0.186158 0.014844 0.114839 -0.123038 0.054935 -0.301823 0.034738 -0.062311 -0.114055 0.069547 -0.047404 -0.192547 -0.009528 0.095458 -0.083151 -0.042194 0.155273 0.044495 0.168116 -0.123438 -0.097185 -0.448341 -0.020918 -0.043600 -0.078707 0.160033 -0.009884 -0.175173 0.147874 0.039481 0.242098 -0.044897 -0.066156 -0.144667 0.206434 0.100281 -0.146942 -0.039686 0.085820 0.146281 0.025102 -0.035013
-0.058552 0.185656 -0.011184 -0.044359 -0.084938 0.037870 -0.025246 -0.151037 -0.079372 -0.351794 0.175329 -0.202826 0.245302 0.074067 -0.189373 -0.123522 -0.253700 -0.068563 0.098449 0.182136 -0.152372 0.185693 0.053656 -0.063986 -0.141650 0.225904 -0.406986 -0.145394 -0.056387 0.181067 0.120915 -0.056534 -0.308621 0.060428 0.078209 -0.037101 0.155603 -0.008850 -0.009615 -0.270483 -0.070481 -0.461566 0.129122 -0.233607 -0.025714 0.018785 0.118340
-0.117630 -0.058789 0.046937 -0.173174 -0.019581 0.016700 0.069426 0.063402 -0.007476 -0.033667 -0.162770 -0.074409 0.150465 0.009600 0.048582 0.021811 0.040941 0.177692 -0.046349 0.003861 -0.018249 0.089919 0.007138 0.153404 -0.031871 -0.025859 -0.215725 -0.014360 -0.118635 -0.050452 0.072699 0.140657 -0.286248 0.130433 -0.124548 0.123905 -0.081441 -0.103693 0.036100 -0.014187 0.120496 0.005821 0.177741 0.075913 0.138516 0.016280 -0.075033
-0.062293 0.083941 0.024544 -0.026822 -0.095762 -0.338458 0.110655 -0.139794 -0.057297 -0.111704 -0.116168 -0.259234 0.209040 -0.129624 -0.317911 -0.224449 -0.405027 0.036238 0.194524 0.043591 -0.169878 0.077851 -0.110433 0.032967 0.039586 -0.267164 -0.303919 0.045852 -0.166170 -0.009703 0.226367 0.025748 0.037396 -0.156961 -0.021884 -0.038778 -0.051541 -0.249202 0.240582 -0.057357 -0.074119 -0.354303 0.119501 -0.063928 -0.189750 0.084034 0.074551
0.086610 0.005267 -0.007222 -0.216109 -0.268127 -0.037552 -0.041990 -0.015833 -0.174302 -0.382307 0.120225 -0.213791 0.095481 0.094682 -0.087090 0.035337 -0.051752 -0.086075 0.060590 0.113624 -0.033823 -0.001023 -0.015616 0.016636 0.040247 -0.054551 -0.121419 -0.144831 -0.013418 -0.045016 0.427532 0.072097 0.041900 -0.691065 -0.120550 0.041867 -0.034153 -0.045737 0.227428 -0.138251 0.145949 0.069694 0.061980 0.177706 -0.132851 0.038330 0.014330
-0.182860 0.087460 -0.097402 0.346692 -0.109771 0.088909 -0.610430 0.026124 -0.071164 0.031159 -0.216547 -0.115920 -0.364814 -0.236598 -0.150923 0.111476 -0.294265 -0.671109 0.084863 0.123600 -0.074093 0.054408 -0.194993 -0.465057 0.071098 -0.117856 0.089378 -0.420123 0.096984 0.173961 -0.067043 -0.341635 0.136217 -0.152240 0.050973 -0.126180 -0.404303 -0.254450 -0.200212 -0.272779 0.111579 -0.047207 -0.227760 0.197393 0.077723 -0.155284 0.011285
-0.053973 0.088248 -0.097305 -0.244314 0.080278 -0.003186 -0.066419 -0.001352 -0.051726 0.099491 0.116841 -0.245469 -0.226911 -0.257757 -0.259018 -0.010560 -0.085786 0.137465 0.120174 0.152529 -0.007719 0.057944 -0.333174 0.147683 -0.111065 0.039370 -0.018306 0.044046 0.093182 0.053446 -0.047593 0.029333 0.190209 -0.024407 0.024814 -0.184493 0.245501 -0.364138 0.032417 -0.103176 0.018842 -0.113566 0.182909 0.183890 -0.116310 0.152959 -0.015331
-0.205708 0.063870 0.185406 -0.295705 -0.056743 -0.013571 0.037323 0.270326 -0.131039 -0.161950 0.067759 -0.426893 -0.168203 0.006707 -0.244889 0.120178 0.020408 0.172964 0.033634 -0.035269 0.217918 0.067715 -0.184573 0.057165 -0.059998 -0.496171 -0.018625 0.076393 -0.069646 0.046040 0.075127 -0.029621 -0.067224 -0.054082 -0.099775 0.024342 -0.092880 -0.047549 0.121365 0.078683 0.087731 -0.067748 0.231241 -0.090542 -0.252548 -0.155101 0.028109
0.077401 -0.120192 -0.070373 -0.102107 -0.085544 0.034618 0.079859 -0.004870 0.066117 -0.189393 -0.012001 0.000261 -0.098625 -0.132030 -0.022562 0.154425 0.150395 -0.043062 0.046993 0.110357 0.126730 0.071664 -0.159160 0.154014 -0.113403 -0.027800 0.033281 0.061406 0.046068 -0.035743 0.019039 -0.156971 -0.044375 -0.020524 -0.366520 0.040737 0.088478 -0.061354 0.073767 0.155761 0.093607 -0.078223 -0.098920 -0.164166 -0.167375 0.076359 -0.121938
-0.067601 -0.031578 0.163442 -0.018985 0.094694 0.119591 -0.322684 0.048661 -0.143856 -0.142835 -0.066733 -0.410938 0.155941 -0.112675 -0.211708 -0.152432 -0.091117 -0.132219 0.131783 0.274462 -0.138759 0.329611 -0.005397 0.104476 -0.026211 -0.243848 -0.218965 -0.207916 0.081430 -0.042826 0.147014 0.231967 -0.145218 0.070719 -0.059542 -0.279171 0.043926 -0.151845 0.175571 -0.257631 -0.114115 -0.132446 0.070952 0.053699 -0.259394 0.373182 -0.172057
0.059905 0.023879 -0.056684 0.260745 0.139025 -0.059378 -0.128707 0.120017 -0.213260 0.139929 -0.157183 -0.108555 -0.090561 -0.008797 -0.106246 -0.055478 -0.367500 -0.182335 -0.018316 -0.131286 -0.061337 0.045456 -0.395656 -0.173180 -0.236494 0.028861 -0.295510 -0.074958 0.066987 0.164071 0.432573 0.001351 -0.069906 -0.238434 0.050051 -0.092233 -0.068975 -0.011262 -0.053082 0.156949 -0.038833 -0.118027 0.096745 -0.153301 0.219978 0.187762 0.147965
0.135855 -0.126566 0.154425 -0.070742 -0.532508 0.031559 -0.289855 0.143266 0.009488 -0.183377 -0.209373 -0.126445 0.073332 0.137585 -0.035248 -0.207578 -0.216504 -0.167696 -0.048111 -0.096771 -0.244278 0.108435 -0.075313 0.217578 0.079817 -0.263866 -0.494794 -0.205178 0.167510 0.019267 0.251976 0.041791 -0.052932 -0.147550 -0.116286 0.079440 0.126179 -0.087720 -0.176693 -0.013947 -0.402846 -0.239968 0.060260 0.219421 -0.267535 -0.045210 -0.193012
-0.012651 0.107650 0.093117 -0.154745 0.116547 -0.198902 -0.064940 -0.226642 -0.185823 -0.136420 -0.053389 -0.169976 0.035248 0.056246 0.170849 -0.190731 -0.145633 0.171707 0.031795 -0.011572 0.017286 0.125852 -0.086469 0.046580 -0.136436 -0.054883 0.054864 0.043349 -0.061609 -0.032102 0.283443 0.202210 -0.024556 0.036412 0.008937 -0.214823 -0.047984 0.035610 -0.019369 0.052909 -0.058769 -0.104626 0.045337 -0.014366 0.092372 0.074295 0.246795
0.054959 -0.051167 -0.193031 -0.232551 -0.004725 -0.021166 0.117514 -0.099184 -0.067187 -0.113002 -0.018436 -0.025019 0.054651 -0.040545 0.046996 0.071068 0.010351 -0.162193 0.118898 -0.070264 -0.008122 0.005587 0.014696 -0.083236 0.188685 -0.116406 -0.137983 -0.135052 0.244215 -0.012832 -0.134760 0.108532 0.077503 -0.236622 -0.087059 -0.065963 -0.065259 0.039571 -0.032025 0.196020 -0.057129 -0.222733 -0.061338 -0.126377 0.128064 0.012108 0.043034
-0.142155 0.036317 -0.098310 -0.356550 0.144801 0.108870 0.106624 0.010230 -0.254549 -0.237521 0.066167 0.016515 -0.163209 -0.050808 0.070392 0.142826 -0.044840 0.033368 0.029247 0.072453 0.134753 0.022930 -0.125282 0.073333 -0.153646 0.060196 0.054835 0.144826 -0.163284 0.059104 0.025343 0.152609 0.031267 -0.161187 -0.144699 -0.043061 0.015818 -0.010671 -0.000253 -0.209724 -0.046095 -0.184193 0.123721 0.047308 -0.272723 -0.092613 -0.070852
-0.189602 0.203908 -0.096339 0.080907 -0.000891 -0.086632 -0.223455 0.085800 -0.123764 0.037945 0.074767 0.046561 -0.221854 -0.288840 -0.629581 0.069750 -0.072350 0.078396 0.106381 0.133500 0.231901 0.288498 -0.280435 -0.005305 -0.181884 0.081480 -0.219787 0.007557 -0.013658 0.177111 0.140456 -0.117080 0.054604 0.020902 -0.051404 -0.292021 -0.038893 -0.222411 0.045192 -0.471517 0.060871 -0.017693 -0.050327 0.108709 -0.030306 -0.060730 0.085888
-0.035689 0.105717 -0.043048 0.034678 0.141456 -0.149365 0.083627 0.131969 -0.105282 -0.031065 0.000654 0.086304 0.097640 -0.055951 -0.145800 -0.239067 -0.174103 0.044414 0.062650 -0.102786 -0.031059 0.096323 0.056426 0.157129 -0.030255 -0.043032 -0.192911 -0.024775 0.094597 -0.192832 0.093970 0.070526 -0.364315 -0.186081 -0.150917 -0.137498 0.062377 -0.011514 -0.086529 -0.046378 -0.036357 -0.036420 0.098306 0.136266 0.019801 0.058095 0.132656
-0.135911 0.055837 0.097230 -0.072878 0.035467 -0.184849 -0.131606 0.193493 -0.104957 -0.160279 -0.121048 -0.261670 -0.174013 -0.148895 -0.334857 -0.224511 0.101181 0.288763 0.032139 0.059782 -0.018985 0.068808 0.086266 0.034477 -0.164821 -0.078197 -0.015831 0.014481 -0.016690 -0.049908 0.180243 0.040898 0.170552 -0.154307 0.039770 -0.160204 -0.150669 0.116837 0.213551 -0.041908 0.037562 0.006981 -0.181411 0.030725 -0.004525 0.040514 0.139998
0.059178 -0.010220 -0.000475 0.026262 -0.049788 0.045406 -0.155543 0.017130 0.037328 -0.016231 0.017962 0.110582 0.078279 0.023174 0.011233 0.061636 -0.034868 -0.121689 -0.174137 0.030793 -0.138086 -0.034184 0.213968 -0.140842 0.025915 -0.101582 -0.266048 -0.026352 -0.008673 0.019546 0.055961 -0.012482 -0.192710 0.160186 0.057053 0.030372 0.266473 0.121141 -0.032847 -0.126598 -0.156166 -0.014928 -0.056803 0.228448 0.027354 -0.040155 -0.134563
-0.204489 0.107542 0.145586 -0.178812 0.075340 -0.233562 0.057131 0.119248 -0.092808 0.112944 0.041966 -0.099596 0.253312 -0.266784 -0.143975 -0.015377 0.037655 -0.119268 0.126030 0.125506 -0.101828 0.092414 0.223282 0.031398 -0.186559 -0.279593 -0.093028 -0.061259 -0.197194 -0.091128 -0.009041 0.121428 -0.016796 -0.128721 -0.010639 -0.057593 0.054082 -0.560281 -0.083749 -0.124332 -0.166155 0.067328 0.097133 -0.095630 -0.193657 -0.164923 0.095139
-0.116633 0.012516 0.070992 0.137630 -0.017953 -0.103158 0.007708 -0.130471 -0.170011 -0.159420 -0.004724 0.241855 0.154704 0.065495 0.078207 0.046127 -0.109273 -0.049298 0.134497 0.081610 -0.046332 0.036605 0.123842 0.065554 -0.004865 -0.129812 -0.055145 0.150617 -0.059486 -0.080614 0.282848 0.053361 0.007528 0.009831 -0.159059 0.123732 0.147059 0.031323 -0.006817 -0.209059 -0.087791 -0.081889 0.093065 -0.231873 -0.178650 -0.682190 -0.040432
-0.019310 0.175832 -0.070758 0.090267 0.078879 0.069125 -0.155926 0.120163 -0.333024 0.044062 -0.061968 -0.121801 0.311965 -0.117677 0.020851 -0.057145 -0.204648 -0.020657 0.101354 -0.047431 0.095672 0.323413 -0.088711 0.009918 -0.044961 0.213377 -0.185207 0.000077 -0.035070 0.067582 0.000702 -0.225067 0.081575 -0.126439 0.059579 -0.266846 -0.197242 0.021185 -0.497737 -0.160015 0.088313 -0.018335 -0.013543 0.087328 -0.119925 0.014356 0.079540
-0.018180 0.037066 -0.030027 0.077782 0.090080 -0.087493 -0.119950 0.092783 -0.043766 -0.107578 -0.191381 -0.099076 0.009295 -0.231983 0.208330 -0.059511 -0.026938 0.050985 0.012001 0.065504 0.146907 0.013689 -0.512559 0.043986 0.036841 -0.007867 0.065754 -0.017599 -0.037596 -0.112678 0.095118 0.190197 -0.081755 0.125269 0.001390 -0.039790 -0.024437 -0.093864 0.146254 0.051978 0.090485 -0.034370 -0.169771 -0.265268 -0.071805 0.057085 0.082045
-0.004148 0.148092 0.134472 -0.101185 -0.098818 0.086574 0.137421 0.223838 -0.196238 0.079277 0.071242 0.005585 0.225986 0.227417 -0.004274 -0.100257 0.013547 -0.273176 0.071404 -0.086604 -0.330667 -0.058420 0.071224 -0.066253 -0.081387 -0.197710 -0.209848 -0.386959 -0.060113 0.139731 -0.177666 -0.111329 0.073670 -0.365570 -0.107978 0.067538 0.053495 -0.072315 -0.050255 0.013326 -0.124404 0.275284 0.125444 -0.009690 0.221385 -0.129996 -0.041752
0.067185 -0.041703 -0.035926 -0.147435 -0.044674 -0.083845 -0.104544 0.010240 0.030452 -0.071177 -0.070572 -0.098677 -0.218830 0.170825 0.101774 0.028006 -0.050677 -0.193638 -0.006325 0.101977 -0.076396 0.032562 -0.322585 0.089583 0.023835 0.238514 0.156377 0.314387 0.021583 -0.134731 -0.026895 -0.059441 0.247563 -0.156852 -0.111835 0.072650 -0.050138 -0.340859 0.341754 0.223904 -0.111966 -0.158110 -0.147964 -0.117496 -0.063391 -0.135154 -0.125069
-0.213347 0.128646 0.037211 -0.120331 -0.011799 -0.130760 -0.020064 0.109688 0.030501 0.111548 0.247348 0.004419 0.110670 -0.022133 0.161619 -0.083320 -0.022579 -0.022588 0.064848 -0.200271 0.073371 0.080935 0.151302 -0.079234 -0.109976 -0.248592 -0.240616 0.147089 -0.123463 0.064211 0.099963 0.074340 -0.301723 0.020450 -0.071361 0.003461 0.040607 -0.154865 -0.124147 -0.157953 0.016225 0.057876 0.161934 -0.029180 0.149951 -0.195171 -0.022472
-0.046093 0.038596 0.003621 0.034742 0.112492 -0.381655 0.151459 -0.047449 0.010949 0.147513 0.149636 -0.154051 -0.034479 -0.016411 -0.076550 -0.054048 -0.185692 0.011023 0.078847 0.089549 -0.134038 0.108572 -0.144465 0.191169 -0.048400 0.151953 0.063890 0.025941 -0.123894 -0.247578 0.022036 -0.139995 -0.009743 -0.168508 -0.109180 -0.183783 0.011463 -0.041273 0.225173 -0.116444 0.024500 0.135354 -0.036415 0.121308 -0.029749 -0.005619 0.037528
-0.092468 -0.016113 -0.036793 0.099709 -0.068063 -0.033191 -0.144876 -0.225034 0.058681 0.146082 0.061195 -0.075168 0.109511 -0.142413 0.098079 -0.042592 -0.100364 -0.131557 0.056291 -0.063033 0.206406 0.046130 -0.065126 -0.299531 0.025636 0.070526 0.081230 -0.009510 -0.274648 -0.009158 0.153166 0.057222 -0.367098 0.190025 0.103593 -0.084957 -0.039033 -0.073722 0.042321 -0.046128 -0.029430 0.070105 0.130777 0.126932 0.143238 0.014909 0.091378
0.052120 0.061751 -0.069848 0.199212 0.014766 0.087629 0.002573 -0.101328 -0.038209 0.122650 -0.103413 -0.025885 0.098923 0.035140 -0.119619 0.088515 -0.067799 -0.184390 0.026663 -0.007033 0.071034 0.032183 -0.036206 -0.050861 0.028309 0.011398 0.042583 -0.054648 -0.050087 -0.118565 -0.010551 0.030639 -0.326127 -0.000139 0.125209 -0.017055 -0.146422 -0.062320 -0.010642 -0.207459 -0.010753 -0.021754 -0.222676 -0.212433 -0.083095 0.126138 0.043263
0.108400 -0.057076 -0.111104 0.192715 0.076931 -0.203360 -0.185014 -0.093574 -0.151418 0.047165 0.111063 0.024708 -0.058316 0.040785 -0.179663 0.062205 -0.107825 0.015205 0.060545 -0.035539 -0.168161 -0.042763 -0.354841 0.126057 0.006565 0.128623 0.208292 0.116762 0.122946 -0.176368 0.103274 0.059995 -0.000031 -0.019625 -0.080040 -0.132412 -0.000330 -0.087791 0.214417 -0.182885 -0.039697 -0.054655 0.110121 -0.051415 -0.045123 -0.150961 -0.241420
0.032721 -0.001583 0.123756 -0.180660 0.108678 -0.120081 0.074330 0.053258 -0.066445 0.085909 0.211192 -0.067674 -0.045295 0.094826 -0.090270 -0.029887 -0.020465 -0.199856 -0.171434 -0.072411 0.033092 -0.037909 -0.303710 -0.086860 0.027087 0.193237 0.258217 0.324193 -0.011954 -0.369242 0.176473 0.103625 -0.311466 -0.063020 -0.216551 -0.029321 0.018352 -0.252337 0.181355 0.405020 0.084554 -0.131032 -0.027666 -0.047635 -0.181202 -0.099206 -0.083185
0.066364 0.088413 0.016548 -0.303695 0.015439 0.129318 -0.212256 -0.095671 -0.263564 0.095478 0.156543 -0.175918 0.065761 -0.038103 -0.025562 0.151254 0.113618 -0.085373 -0.094221 0.011580 -0.062078 -0.015410 -0.103329 0.054105 -0.088153 0.110029 0.275972 0.020267 -0.047489 -0.050199 -0.043449 0.074791 -0.088819 -0.021415 -0.132225 -0.146827 -0.274906 0.033701 0.316765 0.101543 0.074741 0.108017 0.040321 -0.336658 0.043806 0.278905 -0.046846
0.090270 0.081526 0.105172 0.218750 -0.227819 0.059107 -0.113524 0.111362 -0.222970 0.128805 -0.133276 -0.128742 -0.040254 0.062726 -0.185949 -0.016025 -0.095569 -0.154136 0.004274 0.122660 0.128424 0.080352 -0.099005 -0.157162 0.079903 0.137361 -0.010494 -0.234769 -0.045488 0.010140 0.178361 0.163352 -0.395446 -0.222129 0.147174 -0.096280 -0.008886 -0.264724 0.057945 -0.048525 -0.098383 0.001164 0.097267 0.034436 -0.025576 -0.048291 -0.120639
-0.213053 0.118069 0.110268 0.054683 -0.218770 0.066321 -0.025088 0.089747 -0.028875 0.189290 0.185118 0.088962 0.024511 0.004042 0.100079 0.054081 -0.216743 -0.128198 0.013459 0.012622 -0.048162 0.085088 0.118431 -0.095820 -0.181007 -0.205481 -0.068176 0.097210 -0.078621 0.027201 -0.045227 -0.051144 -0.162474 0.036669 0.031524 0.049470 -0.079518 -0.148935 0.035504 -0.071081 0.006158 0.030828 -0.107390 -0.190870 0.058669 -0.043891 -0.014630
0.079517 0.075654 -0.028110 -0.076456 -0.005165 -0.076784 -0.207347 0.226489 -0.082517 0.139383 -0.159460 -0.076936 -0.001675 0.032885 -0.068030 0.053804 -0.267902 0.207766 -0.050054 0.396844 -0.136679 0.138016 -0.060707 -0.049476 0.020686 0.138404 -0.523234 -0.002190 -0.119484 -0.097937 0.198665 -0.054078 -0.387771 0.073600 0.235199 -0.064883 0.048205 0.027473 0.128077 0.118700 -0.095425 0.086504 0.021782 0.220127 0.003164 -0.310818 -0.183692
0.100898 0.253682 -0.306186 0.113935 -0.044083 0.073527 -0.071803 -0.026522 0.132473 -0.025324 -0.167564 -0.206681 -0.024283 -0.028559 -0.121294 0.013003 0.007834 -0.128003 -0.185267 0.214526 -0.053256 0.177230 0.022547 -0.001185 -0.182111 -0.191573 -0.245833 -0.474864 0.056742 0.096950 -0.252514 0.137645 -0.341779 0.122480 0.249306 -0.048363 -0.177411 0.115126 0.066072 -0.225322 -0.096595 -0.008138 0.198331 0.296520 0.031213 -0.044495 0.044699
-0.016537 0.074724 -0.116614 -0.080009 -0.034816 0.049509 0.093579 0.121621 0.059099 -0.021307 0.017801 0.272741 -0.203064 0.037892 -0.118598 0.110170 -0.065734 -0.187763 -0.214031 0.032625 -0.216058 0.097590 -0.097981 0.080569 -0.079673 0.100522 0.212387 0.082084 -0.044470 -0.133489 -0.187701 0.103693 -0.047349 -0.021429 -0.024548 -0.069979 0.022730 0.059660 0.049893 0.105218 0.084306 0.069972 -0.129835 0.238862 -0.187583 0.167080 -0.042951
0.000550 -0.033325 0.012852 -0.054932 -0.201591 0.240871 -0.121825 0.105847 -0.203010 -0.159796 -0.052124 -0.017345 0.121422 -0.091345 0.161148 0.023051 0.276397 -0.304288 0.098149 0.013225 0.179066 0.027481 0.126811 0.088277 -0.189001 0.115008 0.078617 0.107013 -0.135649 0.124121 -0.001225 0.005395 -0.170423 -0.042255 0.147494 0.099896 -0.056609 -0.296529 -0.173839 0.027666 -0.045587 0.047767 0.057799 0.017271 0.052413 0.046554 -0.159756
0.174378 0.042776 0.020657 0.031381 0.051788 -0.066531 -0.045943 -0.192474 0.042082 -0.302431 0.134863 -0.104579 0.229617 -0.098563 0.077416 0.081795 0.044615 0.160225 0.015690 0.162254 -0.047250 -0.045602 -0.391081 -0.156248 0.039817 0.047371 0.080529 -0.089495 0.037423 0.086882 -0.098291 0.195356 -0.255318 -0.089097 0.064355 -0.123177 -0.145731 0.024990 -0.073553 0.088286 -0.022729 0.038077 0.088051 -0.009246 -0.038611 0.353715 0.002915
0.057028 0.013280 -0.021499 0.236599 -0.100033 -0.103576 -0.064203 0.053930 -0.295395 -0.224340 -0.102964 -0.126894 0.090900 0.134102 -0.067591 -0.007687 0.018872 -0.086090 -0.148594 0.042878 -0.157458 -0.002118 -0.234824 0.085037 0.081098 0.118789 0.138626 -0.179286 -0.061987 0.025142 0.271247 0.211653 -0.109846 0.056673 0.013666 -0.055147 -0.256818 -0.114824 0.107726 0.025490 -0.153721 -0.074612 0.158743 0.216151 -0.026566 -0.073713 0.114580
0.004759 -0.021110 -0.257181 0.228805 -0.230797 0.081337 -0.023407 -0.174579 -0.021168 0.074401 -0.009315 0.223694 -0.163002 -0.261656 -0.160272 -0.158472 0.186970 -0.030932 0.203563 0.177897 -0.093979 -0.304594 -0.047815 -0.271585 0.044135 0.046144 0.157681 0.018353 0.135239 -0.077745 -0.190267 0.260817 -0.002192 0.052931 0.014399 -0.235398 -0.095584 0.106715 -0.438972 0.025611 -0.022337 -0.212668 -0.381424 -0.082067 0.001793 0.328238 0.020310
-0.038877 0.065468 -0.111883 -0.028253 -0.208147 -0.085106 0.038691 -0.078531 0.026560 -0.024323 -0.005426 -0.147419 0.134737 0.047266 -0.093198 -0.046287 -0.000573 0.274859 0.086095 -0.102805 0.080509 0.033994 -0.082550 -0.068390 -0.010656 0.029193 -0.316224 -0.178769 0.056007 0.070297 0.094396 -0.028248 -0.239953 0.073837 0.126030 0.031291 0.125093 0.046011 0.092508 -0.043173 -0.046011 -0.109385 0.022206 0.020366 -0.097869 -0.055192 0.010158
-0.103136 -0.028651 0.359847 -0.082584 0.004154 0.079952 -0.101194 0.187718 0.176330 0.061044 0.146427 -0.270511 -0.067219 -0.086044 -0.083399 -0.064425 0.169578 -0.139816 0.249058 -0.174162 -0.090954 -0.072703 -0.415468 0.204520 0.033454 -0.159644 -0.004413 0.020477 -0.107684 -0.129564 -0.227141 -0.138992 -0.047544 0.049173 -0.180498 -0.026539 0.036143 -0.695300 -0.259553 0.090611 -0.026054 -0.003902 -0.045411 0.244470 -0.122280 0.207714 0.051456
0.011365 0.056195 0.033039 -0.041241 -0.169614 -0.155418 0.080979 -0.123771 -0.142461 0.119947 0.034564 -0.078208 0.111751 -0.108501 0.004225 -0.022345 0.218052 0.052668 -0.003479 -0.074069 -0.078847 0.118783 -0.169598 0.096550 -0.092074 0.021314 0.076386 0.073251 0.057607 0.015456 -0.046445 0.040803 -0.026619 0.058009 0.029727 -0.065860 0.007688 -0.269637 -0.048787 -0.131716 0.048577 -0.046174 -0.009299 0.021740 0.076607 0.193970 -0.050773
-0.001328 0.016237 -0.102949 -0.023952 -0.175221 -0.008994 0.011126 -0.063403 0.126793 0.033451 -0.041670 -0.086748 0.111714 -0.158963 -0.012240 0.072604 0.021178 -0.084435 0.055137 0.162950 0.028877 -0.000041 -0.196576 -0.133641 0.012121 0.058556 -0.258687 -0.368209 -0.037501 -0.119013 0.157048 0.225039 -0.202737 0.058774 -0.115089 -0.066826 0.080109 -0.007354 0.147365 0.121574 -0.128465 -0.020044 -0.115664 0.033405 -0.230798 -0.112976 0.129541
-0.014915 -0.513535 0.010876 -0.293805 -0.323944 0.065019 0.055736 0.005710 -0.223256 -0.077105 -0.147181 -0.018539 0.185698 -0.038929 -0.066179 -0.251178 0.075326 -0.406089 0.175600 0.124318 -0.019795 -0.076892 -0.164278 -0.089160 0.001256 0.017183 0.371617 0.113640 0.053364 -0.026036 -0.180890 0.015736 -0.069593 0.088268 0.124264 -0.032813 -0.028756 -0.085235 -0.233577 0.051586 0.067178 0.185501 -0.042222 0.152138 -0.263605 0.196637 -0.031955
0.065858 0.116885 -0.125185 -0.299093 -0.161262 -0.039127 0.046169 0.113355 0.108621 -0.056312 0.057931 0.155573 -0.175145 0.010290 -0.168511 -0.025407 0.016532 -0.093704 0.044421 -0.131373 0.134876 0.042900 -0.410044 0.008201 -0.181251 0.104479 0.007461 -0.123789 -0.310355 -0.041692 -0.021163 0.129205 -0.139135 0.209610 -0.040617 0.025144 -0.263259 0.195155 -0.084490 -0.093222 -0.106716 0.162152 0.118993 0.064475 0.153739 0.132049 -0.034811
0.085148 -0.092974 -0.309938 -0.520847 0.058164 0.001610 -0.059202 -0.226134 0.011147 -0.175506 0.140752 0.198108 -0.118009 0.118662 0.048569 -0.106453 -0.277371 0.231169 -0.018277 -0.251377 0.108538 0.069097 0.074187 0.100211 0.044427 0.016408 -0.540807 0.192553 -0.073548 -0.070096 0.058254 0.281556 0.140216 -0.051106 0.092461 -0.134421 -0.312037 0.058129 -0.490799 0.137122 0.205799 -0.161033 0.103709 0.224871 -0.216296 0.072419 -0.098491
0.095835 0.060535 0.077012 0.113085 0.145329 -0.205186 -0.039684 0.243765 -0.174510 -0.209753 -0.216217 0.096956 -0.247750 0.120795 0.016084 0.061966 0.035370 -0.037906 -0.172508 0.046770 0.018181 -0.025843 -0.166765 0.055248 0.150924 0.221749 -0.091539 -0.054187 -0.134414 0.025486 0.283678 -0.032452 -0.177660 0.139464 0.074310 0.003005 -0.313830 0.007811 0.080524 -0.050802 -0.318439 -0.138499 -0.013498 0.023550 -0.122136 0.069984 -0.133084
0.006815 0.022916 -0.095058 -0.076364 -0.008721 -0.089173 0.014081 -0.017203 0.039521 0.127853 -0.061382 -0.016516 0.102224 0.180959 -0.104922 0.004591 0.019291 0.038896 0.051403 -0.139507 0.058254 0.023374 -0.074143 -0.175096 -0.068151 -0.016740 -0.138854 0.019954 -0.147187 -0.080588 0.077585 0.100046 -0.017085 0.177415 0.037946 -0.107783 -0.025445 0.048447 -0.093241 0.053965 0.016505 0.052694 0.094645 0.022717 -0.114626 -0.094665 0.139974
-0.028901 -0.031435 0.052185 -0.141398 0.045551 0.041868 -0.160952 0.163325 0.046107 -0.072700 0.117905 -0.185856 -0.314412 0.064740 -0.010216 0.049038 0.016799 -0.018929 -0.142271 -0.082492 -0.121852 0.092787 0.131279 -0.043265 0.149351 -0.233773 -0.052597 -0.068621 -0.085654 -0.269943 0.178173 0.179925 -0.031171 0.231086 0.022231 0.011012 0.258605 -0.099782 0.029624 -0.005354 -0.193973 -0.040691 0.089628 0.119752 -0.217719 0.012284 -0.379389
0.027129 -0.023917 0.043446 0.092899 0.135625 0.124930 -0.021641 -0.060274 -0.202294 -0.042580 -0.126861 0.030281 -0.016861 0.075212 -0.114587 -0.163815 0.020402 -0.299618 -0.007283 -0.001341 0.072477 -0.085484 -0.155303 0.068182 0.084780 0.147812 0.178925 -0.117995 -0.105933 -0.035839 0.020009 0.058549 -0.137450 0.025157 0.035744 -0.009562 -0.183377 -0.144924 -0.202718 -0.095178 -0.223546 0.036999 0.028161 0.253146 -0.152674 0.072983 -0.285872
0.032781 -0.082606 0.021924 0.031453 0.131598 -0.066969 0.077944 0.147698 0.189538 -0.005660 0.165869 0.102093 -0.107028 -0.020313 0.024368 -0.014016 0.008980 -0.195998 -0.011523 0.047565 -0.130314 0.051567 -0.111066 0.032392 0.013396 0.091644 0.181228 0.128120 0.001583 -0.115816 -0.111640 -0.062072 -0.179240 0.021881 -0.339373 -0.153291 0.093488 -0.133582 0.090857 -0.004462 0.090272 -0.004765 -0.128611 -0.245451 -0.157457 -0.075370 -0.078656
-0.023985 0.003586 0.034588 0.008236 0.154096 -0.146325 -0.100939 -0.010679 0.072154 0.045872 -0.129129 0.121920 0.135863 0.205938 -0.071795 -0.155764 0.117674 -0.124914 -0.113752 -0.205354 0.078875 -0.001175 0.080636 -0.007508 0.051353 0.229820 0.157350 -0.050100 -0.066081 -0.063073 -0.192727 -0.148704 -0.179760 0.036476 -0.081110 -0.029071 0.010766 -0.035975 -0.053336 -0.156781 -0.167916 0.030759 0.056884 0.170258 0.042505 0.119810 -0.090319
0.030553 -0.034184 -0.108595 -0.170709 -0.053056 0.050709 -0.141951 -0.038849 0.123495 0.048574 0.139412 0.216430 -0.271127 -0.040237 -0.168955 0.007229 0.123644 -0.025174 0.031128 -0.022787 0.028355 -0.062107 0.128431 0.135365 -0.007527 0.142933 0.073235 0.239167 -0.042905 0.016596 -0.131998 -0.066286 -0.011363 -0.092907 -0.018570 -0.061742 0.016140 -0.032843 0.159811 -0.190287 -0.108814 -0.087632 0.148765 0.019063 0.071984 -0.222325 -0.250978
-0.030474 0.007002 -0.065610 -0.111424 0.136115 -0.102885 -0.063537 -0.013494 -0.069055 0.014878 0.098014 0.070835 -0.260816 0.083949 -0.137512 0.079040 0.009417 0.092678 -0.016878 -0.090208 0.119991 0.019368 -0.040328 -0.068540 -0.104562 0.047019 0.096375 0.156602 -0.082971 -0.119276 -0.099960 -0.049288 -0.165699 0.111792 -0.031927 -0.121794 -0.100462 -0.009544 0.079758 0.045387 0.041833 0.031887 0.048717 -0.082322 0.081753 -0.146542 0.147619
-0.073600 -0.013181 -0.178271 -0.046168 -0.120342 0.002228 -0.006283 -0.130408 0.023328 0.040922 0.052605 0.177111 -0.126818 -0.068748 -0.155888 0.007700 0.030469 0.064657 0.014765 -0.011826 0.025719 -0.162880 0.187776 0.153335 -0.001050 0.180047 0.218385 0.074783 -0.112320 -0.086862 0.015461 -0.074836 0.005024 0.051504 -0.260806 -0.032293 0.015221 0.252302 0.260506 -0.146145 0.004757 -0.108920 -0.097740 -0.071618 0.001965 0.056720 -0.058816
-0.041717 0.057164 -0.006041 -0.153666 -0.004937 -0.107916 -0.057304 -0.132012 0.011863 0.054373 -0.170307 0.031203 -0.042057 0.023525 -0.216566 0.012432 -0.019321 0.187576 0.060464 0.056542 -0.026537 0.002228 -0.053763 0.104018 -0.080130 0.108557 -0.094164 0.034630 -0.007042 0.010727 0.062315 0.185751 0.069068 -0.171058 0.119331 -0.279283 -0.102319 0.090947 0.129365 0.221473 0.023682 -0.065053 -0.017792 -0.027312 0.033303 -0.010322 0.112174
0.047597 -0.025454 0.026654 -0.022547 0.006136 0.171872 0.066559 -0.121099 0.202310 -0.050965 -0.002055 0.094293 -0.118592 -0.000037 -0.164631 -0.008436 0.117248 -0.042040 0.043566 -0.034339 -0.010913 -0.118537 0.012547 0.215642 -0.021218 0.202138 0.114464 0.158434 -0.144607 -0.128762 -0.202023 0.120858 -0.015394 -0.075689 -0.109748 -0.110935 -0.180688 -0.014035 0.238131 -0.134887 0.053150 -0.024871 0.087560 -0.175540 -0.057360 -0.344265 0.014937
0.070579 -0.016109 -0.157499 -0.061958 0.025757 -0.022467 -0.196107 -0.119851 0.171421 -0.025599 -0.012157 0.031444 -0.037486 0.149701 -0.394087 0.127563 0.066622 -0.068600 -0.076857 0.230656 -0.158226 -0.003719 0.175002 -0.026336 0.077981 0.262696 0.103091 -0.027970 -0.016727 0.003861 0.014731 0.062596 0.160211 -0.158218 -0.021113 -0.194273 0.006065 -0.091467 -0.006349 -0.038901 -0.042888 0.007021 0.086158 0.104510 -0.087934 0.059606 -0.283813
0.055760 -0.094753 0.013299 -0.120780 0.049471 0.002861 0.025368 0.003104 0.113711 0.143854 0.089163 -0.024878 -0.232585 0.030485 -0.037642 0.113722 -0.024142 0.089080 -0.071828 -0.006563 0.026361 0.024761 0.030272 0.120115 -0.035975 0.105176 0.103370 0.132759 -0.112332 -0.200381 -0.110780 0.005575 -0.005480 -0.088453 -0.008074 -0.148035 -0.176516 -0.251246 -0.118382 0.190368 0.043832 0.109143 -0.011131 -0.076651 -0.132669 0.041675 -0.029880
0.071181 -0.073835 -0.265488 -0.082199 -0.069638 -0.100343 -0.149817 -0.171857 -0.015818 0.035029 -0.009860 0.115442 -0.103879 -0.043302 -0.071989 -0.008660 0.185938 0.043271 0.023582 0.094380 -0.176370 -0.147783 0.255942 0.253605 -0.048157 0.123374 0.160403 0.221369 -0.019331 0.026711 -0.178632 -0.048646 -0.046354 -0.178308 -0.013467 0.075109 0.015990 -0.180054 0.212558 -0.023105 0.049594 0.110817 -0.012285 -0.002525 0.105653 -0.058113 -0.080940
0.004693 -0.159171 -0.243642 -0.100543 0.090434 -0.044863 -0.092116 0.052729 -0.032160 0.043075 0.011482 0.011669 -0.157203 -0.078711 0.068071 0.057490 0.045765 0.078381 0.007623 0.095675 0.025178 0.014090 0.252807 -0.095083 -0.079456 0.146766 0.127776 0.177888 -0.008387 -0.068661 -0.019950 0.028177 -0.205818 -0.024243 0.033104 0.338730 -0.073863 0.174038 -0.024900 -0.197154 0.020545 0.006969 -0.006049 0.134913 -0.116555 0.084063 0.081453
-0.056381 -0.024999 -0.190980 -0.029308 -0.010733 0.008990 -0.139108 0.103411 0.076948 -0.118725 0.209600 0.221993 -0.129413 -0.106326 0.026963 0.055139 0.027066 0.091421 -0.114363 0.106691 -0.032597 0.000171 -0.034392 0.231694 -0.012776 0.216740 -0.054427 0.229720 -0.127987 -0.131204 -0.045408 0.091070 0.212149 -0.063893 0.082597 -0.013584 0.075060 -0.079257 0.202215 -0.117279 0.080815 -0.025289 -0.177742 0.079481 0.012880 -0.099028 -0.126515
0.027263 -0.039156 -0.081814 -0.187568 -0.122125 -0.077658 -0.021361 0.096724 0.180239 -0.061279 0.155915 0.093120 0.035554 0.053108 0.080555 0.080781 -0.041526 -0.013515 -0.003939 0.133503 0.153127 -0.014425 0.160897 0.089138 -0.094176 0.032915 -0.026166 0.186945 -0.108639 0.094159 0.035473 0.121567 0.051570 0.085950 0.030541 -0.079415 -0.327496 -0.155446 -0.061305 0.010012 0.034607 0.056891 0.093626 0.135461 0.012273 -0.096590 -0.100550
-0.024751 0.004858 -0.019316 -0.141972 0.176251 -0.104442 -0.115130 0.002252 -0.106784 0.053592 -0.073096 0.128674 0.049229 -0.082544 -0.189951 0.044498 -0.164495 0.130417 0.054021 -0.010307 0.101199 0.012062 -0.010402 0.182388 -0.091147 -0.058197 -0.103986 0.092320 -0.060901 -0.042129 0.180215 0.064427 0.054527 0.133344 0.088830 -0.292665 -0.272500 0.071219 0.233071 0.268260 -0.002156 -0.107505 0.004080 -0.058393 -0.083067 -0.102736 0.248255
0.020741 -0.025025 -0.213395 -0.373739 0.114181 0.069185 -0.163530 0.034963 0.041326 -0.068750 0.125889 0.068157 -0.033578 -0.008480 -0.101497 -0.011518 -0.159656 -0.089158 -0.052273 0.313595 -0.089003 0.113910 0.095771 -0.007445 -0.001255 0.295108 -0.291290 -0.007441 0.066595 0.077133 -0.000810 0.104817 0.278450 -0.075408 0.101768 -0.265824 -0.007684 -0.223818 -0.081437 -0.021598 -0.042518 -0.144286 0.007181 0.168242 0.090254 0.007296 -0.020911
-0.128121 -0.118709 -0.142465 -0.114577 0.166905 -0.034499 -0.184265 -0.063861 0.267987 -0.057049 0.084247 0.080064 -0.196455 -0.114711 -0.271924 0.177171 -0.115713 0.223385 -0.037594 0.196806 -0.074773 -0.009111 0.135884 0.159702 0.128495 -0.257162 -0.065036 0.020440 -0.151805 -0.146375 -0.128298 0.119158 -0.044737 0.180148 -0.073348 -0.021486 -0.230196 0.072782 0.101449 0.305549 -0.026523 -0.095378 0.127308 -0.269277 0.072497 -0.084767 -0.032624
0.025991 0.116310 -0.352987 -0.017901 0.436512 0.117970 0.018637 -0.034226 -0.256338 -0.209544 -0.011151 -0.166378 -0.232705 0.011037 -0.144414 -0.165642 -0.408894 0.072648 0.063851 0.318838 0.299005 0.117354 0.066773 0.084970 -0.211080 0.056404 -0.096920 -0.151521 -0.365791 -0.067624 0.102551 0.120856 -0.043019 0.225936 0.346927 0.052628 -0.188704 0.150193 0.040912 -0.238670 -0.139618 -0.214227 0.066846 -0.000088 -0.341547 -0.043896 0.454468
0.015058 0.013314 0.173857 -0.288713 0.001009 -0.225044 -0.210778 -0.078790 0.108044 0.000231 -0.084749 0.166854 -0.014797 0.120049 -0.432697 0.195641 -0.063086 0.063530 -0.020079 0.007184 -0.128462 0.045750 0.016303 -0.022991 -0.021295 0.022394 -0.103144 0.030212 0.096487 0.272170 0.011155 0.288880 0.109283 -0.117929 0.094358 -0.307280 -0.142486 0.030048 0.200541 0.382851 -0.044250 -0.271825 -0.125522 -0.006876 -0.105284 0.063594 0.129140
-0.084731 0.247826 -0.007432 0.117919 -0.098931 0.010700 0.052454 0.272905 0.056339 0.067898 -0.110636 0.064326 -0.026128 0.138912 0.023034 0.093168 0.010141 -0.219378 0.080487 0.066563 -0.232608 -0.010061 -0.097220 -0.166873 -0.004596 0.200411 -0.399593 -0.053056 0.038208 -0.103888 -0.227682 -0.128223 -0.131259 -0.303735 -0.201502 0.118382 0.043252 0.215138 0.014346 0.178817 -0.106126 0.161870 0.222007 0.026429 0.082961 0.002986 -0.241261
-0.025974 -0.176806 0.003606 -0.013928 -0.449477 0.017832 -0.292409 0.017389 -0.093036 0.097543 -0.078254 0.215872 0.007428 -0.041966 0.207834 0.073951 -0.047144 0.227746 0.141777 0.091160 -0.445093 -0.051574 -0.063995 0.009286 -0.023404 0.205919 -0.057568 0.116480 0.040420 0.137028 0.013191 -0.289658 -0.057989 -0.164303 -0.467801 0.118120 -0.070022 -0.152461 -0.093030 -0.032478 -0.086853 0.036238 -0.238710 -0.053062 0.046644 -0.143145 -0.247032
-0.144174 -0.335437 -0.047298 0.177174 -0.506381 -0.109490 -0.263798 0.088835 0.036295 0.302551 0.136249 0.026617 0.132668 0.052664 0.052473 0.169496 0.170369 -0.091666 0.296263 0.023418 -0.245042 -0.122146 -0.210510 -0.100198 0.075123 0.054096 -0.354353 0.086321 0.292680 -0.030313 -0.291988 0.023599 -0.045807 0.019484 -0.202340 0.243385 0.066495 0.249521 0.113956 0.078848 -0.183810 -0.078166 0.067022 0.007547 -0.217935 -0.092260 -0.188371
-0.062034 -0.161140 0.063669 0.112519 -0.396159 -0.080300 -0.123813 0.169588 0.036556 0.166245 -0.012589 0.074702 -0.001065 -0.041958 0.090343 0.165021 0.019106 -0.294882 0.046429 0.070649 -0.314068 0.047054 0.051652 0.012617 0.014335 0.114042 -0.101788 0.100787 0.065487 0.010235 -0.263124 -0.233565 -0.038422 -0.092368 -0.591389 0.162754 0.022401 -0.020715 -0.137049 -0.030322 -0.054931 0.133754 0.007586 -0.207242 0.099431 -0.006302 -0.301731
-0.043984 -0.234841 0.061380 0.083128 -0.051643 0.125487 -0.310158 0.059963 -0.095327 -0.094002 -0.107712 -0.014675 0.232463 -0.105123 0.150702 -0.166832 -0.119912 0.379275 0.058024 0.036273 -0.194646 0.191994 -0.310860 -0.117653 0.042384 0.145454 -0.281010 0.090838 -0.174395 -0.095135 0.083298 0.044250 0.238446 -0.219846 -0.059515 0.037999 0.051285 -0.043242 -0.124686 -0.134099 -0.048747 0.090878 -0.261573 -0.072207 0.049377 0.070025 0.133996
0.018789 0.035627 -0.004576 -0.125913 0.143428 0.091230 -0.279087 0.040576 -0.042162 -0.166393 0.091527 0.085841 0.049229 0.146370 0.015015 0.032508 -0.083435 0.056729 -0.007057 0.167374 -0.166434 -0.013798 -0.071623 -0.007731 -0.119496 -0.042620 -0.155892 0.235207 -0.105894 0.083692 0.067486 0.006237 0.230263 -0.094729 -0.048263 0.054302 -0.159666 -0.014027 0.307322 -0.122198 -0.144974 0.004630 -0.082978 0.089666 -0.151894 -0.049922 0.056809
-0.081919 -0.164618 -0.074760 -0.005905 0.086056 -0.046995 -0.057755 0.052635 -0.043198 0.171464 -0.152636 0.037165 0.018947 0.009149 0.073844 0.112522 0.000749 0.023592 0.081030 0.005969 -0.052720 0.156600 -0.085541 0.063889 -0.005967 0.198171 -0.024612 0.035400 -0.036601 0.032420 0.013490 -0.017884 0.092383 -0.089360 -0.063972 0.064958 0.037246 0.035097 -0.157315 -0.076874 0.037454 -0.100767 -0.111140 0.025109 0.043240 -0.030514 -0.144550
-0.082014 -0.014957 -0.027354 0.031496 0.172132 -0.200303 0.012840 0.069827 -0.009937 0.205848 0.008669 0.010120 -0.252254 0.005151 -0.021486 0.072496 0.033036 0.050739 -0.181035 -0.137969 0.009407 0.077927 0.009228 -0.117762 -0.029942 0.033108 0.157204 -0.043099 0.039685 -0.060126 0.021811 0.054982 0.022385 0.067384 -0.080522 0.122920 0.046189 -0.028554 0.023837 -0.065730 -0.144542 -0.052494 0.061344 -0.066024 -0.017068 -0.037410 0.013536
0.210282 0.081088 0.019967 0.042362 -0.019477 0.141165 -0.021434 0.134713 0.186692 0.101221 -0.161094 0.023836 -0.233534 0.030737 0.037683 0.199594 0.070816 -0.186700 -0.097155 -0.151429 -0.085263 -0.175711 -0.092498 -0.045655 -0.235714 0.063692 -0.043786 0.110848 -0.217294 0.018824 -0.187811 -0.157609 0.003032 0.019143 -0.106939 0.145497 0.000481 -0.014276 -0.045092 -0.024462 -0.041278 0.115643 -0.073742 -0.093522 0.096890 -0.073510 -0.173163
0.034014 0.361478 0.096214 0.211009 -0.066711 0.003083 0.057569 0.237502 0.028277 0.098035 -0.104157 0.155157 -0.047203 0.237392 -0.024715 -0.062707 0.051662 -0.311689 -0.136442 0.014220 -0.167990 -0.132781 -0.142810 -0.021042 -0.092014 0.227198 -0.342608 -0.052474 -0.124173 -0.075665 -0.190617 -0.086166 -0.111626 -0.027957 -0.281991 0.098947 0.101369 0.125758 -0.032717 0.221377 0.145365 0.068741 0.085403 -0.018577 0.067015 -0.121073 -0.359553
0.006668 -0.190585 0.117232 0.010616 -0.399038 -0.150681 -0.059086 0.157586 0.022852 0.101091 -0.101364 0.043808 -0.056642 0.030835 0.188781 -0.031300 0.024553 -0.134012 0.047784 -0.127287 -0.283413 0.067597 -0.141768 0.000852 0.090878 0.039676 -0.040773 -0.068366 0.133994 -0.063432 -0.325965 -0.134548 -0.267756 -0.098125 -0.138517 0.042340 -0.030896 0.048751 -0.152883 0.134618 0.043964 0.143023 0.057778 -0.098264 0.218180 -0.060264 -0.136752
-0.020444 -0.133597 0.034607 -0.078665 -0.116781 0.130504 -0.132511 0.078057 0.036257 -0.052673 -0.109321 0.086451 -0.043117 0.100759 0.120573 0.051532 -0.075667 0.060795 -0.082276 0.003925 -0.246576 0.106665 0.160798 0.008836 -0.040114 0.154673 -0.107765 0.025801 -0.107941 0.153524 -0.009106 -0.066538 0.189340 -0.180430 -0.118525 0.054358 0.030525 -0.062204 0.052917 -0.037288 -0.090591 0.054950 -0.064718 -0.046092 0.009465 -0.109346 0.106410
0.104223 0.138994 0.055755 -0.028930 0.027625 0.044947 -0.004629 0.072475 0.117204 0.060914 -0.173752 0.171159 -0.059530 0.172032 -0.119069 0.024663 0.016308 -0.074789 0.002657 -0.108032 -0.049084 -0.012825 -0.113748 0.124231 -0.125666 0.125147 -0.013701 0.021004 -0.209347 -0.025317 -0.262994 -0.014997 -0.064091 -0.087215 -0.201979 0.007915 -0.027423 0.083136 0.052973 0.062699 0.061561 -0.031213 -0.144198 -0.087294 0.050384 -0.106895 -0.192953
0.008460 0.057700 0.050338 -0.040839 -0.160520 -0.006394 -0.054441 0.184327 0.101386 0.046395 -0.020981 0.045393 0.016132 0.020123 0.053000 0.027149 -0.067656 -0.360363 -0.021294 0.123391 -0.207149 0.077680 -0.374337 0.020626 0.011773 0.306382 0.096035 0.134585 -0.120840 0.010987 -0.407068 -0.107018 -0.091946 -0.240291 -0.044926 0.026245 0.072757 -0.003255 -0.249379 0.165380 0.085587 0.187911 -0.085696 -0.018292 0.133313 0.037498 -0.260237
-0.004779 -0.043991 0.031252 0.059692 -0.610660 0.019294 -0.051361 0.019099 -0.149807 -0.052578 0.023236 0.107973 0.057926 -0.067855 0.114795 0.125330 0.021067 -0.018215 0.073257 -0.115400 -0.252539 -0.008674 -0.199663 0.003283 0.011495 0.157854 -0.039554 0.091854 0.081999 0.175163 -0.332027 -0.152614 -0.262477 -0.067171 -0.345009 0.025675 0.103778 -0.060816 -0.239524 0.134347 0.076667 0.208196 -0.098361 -0.063643 0.084299 -0.100119 -0.279918
0.056333 0.224283 0.131112 0.100717 -0.235355 -0.122596 -0.227400 0.170112 0.120302 0.048407 0.043648 0.139294 0.077051 0.241186 -0.068257 0.101103 0.046600 -0.360342 -0.047774 0.039298 -0.593223 -0.095871 -0.095566 -0.123362 -0.027680 0.108707 0.058100 0.019261 0.146019 -0.075057 -0.400462 -0.136561 -0.162790 -0.214587 -0.370537 -0.028821 0.001763 0.013169 -0.040451 0.139122 0.098375 0.048037 0.039155 -0.184842 0.063698 -0.152505 -0.107835
0.043868 -0.067512 -0.024638 0.104096 0.033359 -0.045610 -0.136348 -0.001445 0.101912 -0.008787 -0.091544 0.034970 0.059214 -0.051766 -0.096302 -0.072716 -0.019733 -0.004228 -0.025063 0.174954 0.031872 -0.017946 -0.017252 0.073436 0.026624 0.141790 -0.164652 -0.019167 -0.023953 -0.152509 -0.092908 0.013420 -0.365793 0.020989 -0.026758 0.018261 0.126801 -0.055728 -0.046141 -0.054720 -0.008392 0.121181 -0.120752 -0.037436 -0.095826 0.033388 -0.169340
0.186549 -0.022673 0.045963 0.161407 -0.119653 0.137658 -0.169519 0.079590 0.007639 -0.081219 -0.016175 -0.007620 -0.111556 -0.054148 0.172494 0.052611 0.034692 0.036963 -0.008368 0.097232 -0.031826 -0.031523 -0.335838 -0.063254 -0.092426 0.054686 -0.037506 0.048614 -0.211762 -0.148469 -0.177380 -0.335084 -0.084446 -0.230995 0.032574 0.035978 0.142032 0.042928 -0.064455 -0.035007 0.129125 0.137577 -0.076766 -0.057208 0.059487 0.088127 -0.185519
0.055589 0.108766 0.059150 -0.063118 0.024234 -0.084768 -0.117085 0.093313 0.091525 -0.039893 0.097108 -0.118074 0.107734 0.115343 0.244121 0.193511 0.114343 -0.078191 -0.002323 0.007178 -0.054498 -0.023071 -0.109142 -0.157283 -0.028226 0.039332 0.066295 0.165400 0.082054 -0.074570 -0.183436 -0.109513 -0.108955 -0.278808 -0.080439 -0.141589 0.015754 -0.156949 -0.019549 -0.038675 -0.028745 0.044595 -0.128399 0.168587 -0.078582 -0.071106 -0.030083
0.032351 0.014764 0.166723 -0.017283 -0.077890 0.082840 -0.116374 -0.100097 -0.063867 0.017285 -0.009788 -0.160421 0.122078 -0.023498 0.074115 -0.039129 0.032566 -0.090987 -0.015109 -0.037907 0.061417 -0.126344 -0.077189 0.015006 0.016401 0.055450 0.097709 -0.065176 -0.027958 0.053991 -0.295216 -0.237582 -0.272212 -0.163279 -0.003557 -0.149434 0.023300 0.129934 -0.017957 -0.050558 0.096323 0.150343 -0.117848 -0.036268 0.084463 0.029118 -0.039152
0.046627 0.012487 -0.089368 -0.087169 -0.034395 0.140567 -0.034604 0.032059 0.203741 -0.069920 0.162851 0.036463 -0.133942 0.016336 0.180796 0.084436 0.077666 -0.031666 -0.175826 -0.199386 -0.161136 -0.147638 0.045752 -0.172365 0.038135 0.040449 -0.030818 0.132970 -0.031449 -0.038450 -0.126806 0.088471 -0.086446 -0.023992 -0.074650 -0.106740 -0.027003 0.145314 0.235691 -0.089016 -0.074142 -0.117344 -0.016322 0.040457 -0.035201 -0.066592 0.019905
0.030042 -0.051035 -0.063679 -0.129760 -0.086902 0.174072 -0.130677 0.073908 0.076638 -0.077605 -0.038599 -0.053632 0.135141 -0.028791 -0.012622 0.088846 0.033555 0.013627 -0.008873 -0.108595 0.025136 -0.088331 -0.050893 0.081160 0.034497 0.060954 0.088873 0.089203 -0.061066 0.037827 -0.008465 0.074569 0.194073 -0.134396 -0.087264 -0.105939 -0.064365 0.071373 0.089883 -0.010705 0.053195 0.021699 -0.063724 0.028761 -0.012673 0.040886 -0.094463
0.007133 -0.016981 0.122117 0.018767 0.080178 0.033201 -0.106637 -0.099989 -0.078757 0.057081 0.044267 -0.020462 0.121385 -0.272400 0.084423 0.075191 0.006485 -0.066382 -0.205246 -0.054185 -0.162484 -0.046275 0.059932 0.062102 -0.044715 -0.178058 0.066885 -0.019505 0.031510 -0.113372 -0.202059 -0.022336 -0.238489 0.051322 0.108360 -0.150572 0.147645 -0.100475 0.014042 -0.020186 -0.009337 0.076875 -0.221171 0.035014 0.084363 0.139923 -0.074774
-0.042799 0.088293 -0.230946 -0.180218 0.237729 0.145574 -0.161288 -0.007218 0.091379 0.099346 0.153637 0.043995 -0.223220 0.019750 0.150389 0.132646 -0.104292 0.099151 0.060031 0.114260 -0.239781 -0.296214 -0.025748 0.058540 -0.051634 0.108720 0.059864 0.134919 0.002740 -0.051467 -0.122852 -0.168696 0.211544 -0.118404 -0.115544 0.071640 -0.068278 -0.107246 -0.047236 0.309378 0.064210 0.052331 -0.076916 -0.110042 -0.154164 -0.200799 -0.052850
-0.015867 0.005822 -0.157081 -0.059809 0.108616 0.111324 0.067862 0.007049 -0.027190 -0.163073 -0.139655 -0.259781 -0.031679 -0.028191 0.011970 -0.019372 0.087704 0.043024 0.188521 0.051853 0.220858 -0.503863 0.003361 -0.192624 -0.002077 -0.116573 -0.001302 0.047600 -0.025983 -0.046138 -0.417644 -0.315321 -0.052087 -0.120951 -0.104227 -0.118858 0.043273 -0.054698 0.171997 0.047987 0.025822 0.243080 0.120410 0.048719 0.114809 0.094615 0.182313
0.045046 0.013289 0.029353 -0.000991 0.056966 0.265186 -0.183987 -0.002694 -0.138425 -0.011001 0.087183 -0.003950 0.219248 -0.248513 0.062375 0.015422 -0.087035 -0.137058 -0.039558 -0.096880 -0.156798 -0.009609 -0.054693 0.134767 0.027598 0.125523 -0.197739 -0.002565 -0.212534 -0.125303 -0.232711 0.127913 -0.156532 0.094886 0.044196 -0.116391 0.150039 -0.159968 0.152951 -0.110777 -0.065142 -0.004181 -0.139237 -0.074685 0.039541 -0.031662 -0.149955
-0.066544 0.155492 -0.139776 -0.387736 -0.243704 0.265387 -0.137781 0.200781 -0.152089 -0.133935 -0.178275 -0.009215 0.128075 0.193019 -0.023164 0.238454 -0.241155 0.220126 -0.280127 0.013693 0.002153 -0.059529 0.165827 0.400515 -0.253224 0.063215 -0.227909 -0.046714 -0.235659 0.057469 0.126125 0.040436 -0.012826 -0.356578 0.067837 0.050686 -0.051988 -0.200046 0.164394 -0.038016 -0.030279 -0.153906 0.019856 -0.079860 -0.047830 -0.005762 -0.099754
0.020089 0.047860 -0.014888 -0.002589 -0.082388 0.209435 -0.282338 0.103722 0.030000 0.047209 -0.095403 -0.053257 0.152747 -0.005449 0.155504 0.042196 0.122080 -0.118717 0.020409 0.141586 -0.095756 -0.071417 0.213753 0.026872 0.057723 -0.013943 -0.169905 -0.043701 -0.122076 0.045116 -0.086147 -0.241402 -0.212336 0.019650 0.045922 0.036101 0.121485 -0.126180 -0.080576 -0.058643 0.019524 0.036972 -0.236671 -0.081689 -0.099177 0.143417 -0.088756
0.047822 0.055289 0.317006 0.388612 -0.167933 -0.024040 -0.282402 -0.076336 -0.245498 -0.078960 0.007502 -0.217624 0.088343 -0.199046 0.114904 0.152303 -0.098386 -0.193663 0.093333 0.071707 0.226988 0.026222 -0.215036 -0.221199 0.104972 0.033636 0.005437 -0.119251 -0.008454 -0.081269 -0.505347 0.017790 -0.378864 -0.235863 0.111172 -0.003565 -0.073796 -0.193639 0.086719 0.051526 -0.158961 0.027492 -0.044236 0.021045 0.047971 -0.141818 0.034199
0.243508 -0.560911 -0.099196 0.054595 -0.042603 0.363208 -0.446780 0.021700 -0.050517 -0.038758 -0.052198 -0.054629 0.141821 0.101407 0.420589 -0.113766 -0.381278 -0.194815 -0.234090 -0.251816 -0.028663 -0.694305 -0.076195 0.260826 -0.204011 -0.124564 -0.278175 0.041027 -0.048602 -0.072635 -0.294612 -0.183348 -0.327584 0.015157 -0.115840 0.123392 -0.043872 -0.034582 0.062474 -0.161002 -0.000165 0.292694 -0.208344 0.081877 -0.005233 0.053677 0.096921
0.041944 -0.020431 -0.093801 0.088644 0.079432 0.058173 -0.035168 0.033310 -0.017590 -0.125667 0.130833 -0.135035 -0.004071 0.089067 0.044525 0.062046 0.118061 -0.385610 -0.058941 0.046082 -0.080107 0.012235 0.155470 -0.275665 0.020019 -0.036297 0.108858 -0.029075 0.061140 0.069562 -0.149558 -0.184592 -0.037734 -0.080725 -0.092753 0.122664 0.010298 -0.080098 -0.019807 0.030856 0.090691 0.088369 -0.219829 -0.113818 0.014698 -0.002610 -0.032086
0.032819 -0.162705 0.269906 -0.152181 -0.166381 0.142315 0.048293 0.048491 -0.102692 -0.028375 -0.004414 -0.076923 0.031255 -0.087957 0.189770 -0.064902 -0.079436 -0.229519 -0.048865 0.122255 -0.037772 0.047641 -0.061662 0.003619 -0.026353 -0.000981 0.042247 -0.085900 -0.015360 -0.003995 -0.195292 -0.041408 -0.249731 0.125619 0.172613 -0.201408 -0.018332 0.000744 -0.232093 -0.099294 0.033706 -0.013804 0.023948 0.074313 0.189246 0.128097 -0.093568
-0.080382 0.037581 0.040773 -0.148473 0.026561 -0.004746 0.043937 -0.000655 -0.185025 -0.225406 -0.220209 0.086949 0.027225 0.065727 -0.036322 0.042264 -0.002987 -0.304306 0.159521 0.057971 0.007995 0.090412 -0.261793 0.054264 -0.269393 0.076789 0.086011 0.070399 0.154903 0.024071 -0.059018 0.113525 0.212198 0.047552 0.010870 -0.088830 -0.063001 0.071175 0.078543 -0.099840 -0.005672 0.005259 0.002346 -0.008484 -0.131830 -0.079912 0.026667
-0.002561 -0.132084 0.005194 0.029529 0.133137 -0.089933 -0.080213 0.084350 -0.034489 0.302132 -0.131294 0.007411 0.162029 0.072093 0.128239 -0.052052 -0.066195 -0.256489 0.094264 0.021319 -0.022515 -0.092953 -0.055033 0.150450 -0.316598 0.086649 0.168540 0.142574 -0.143346 0.023906 -0.066614 -0.054133 -0.108628 -0.027082 -0.037373 0.019478 0.107105 -0.142498 0.022893 -0.083767 0.051346 0.066302 0.104878 -0.028264 -0.126272 -0.275629 0.043331
-0.015283 -0.056134 0.049140 0.011224 -0.037958 -0.080990 0.085843 0.039434 -0.091310 -0.045053 -0.156802 -0.059759 -0.238829 -0.059664 0.038320 0.054587 -0.042195 0.042459 0.039810 -0.155525 -0.037394 -0.093764 0.154517 0.151367 -0.094750 0.069302 0.217636 0.108822 -0.175466 0.019407 -0.091628 0.200730 0.293956 -0.148462 -0.083796 -0.012848 0.052225 0.057425 0.285055 -0.136873 -0.088305 -0.008817 -0.038175 -0.001045 0.084968 0.026463 -0.149995
0.025602 -0.051813 -0.034637 0.055162 -0.017453 0.065967 -0.192341 -0.038523 0.074821 -0.036203 0.038676 0.050700 -0.218529 0.052644 -0.054432 0.001777 -0.064056 0.206363 -0.074960 0.050356 -0.030991 -0.215466 -0.004685 0.033469 0.052034 -0.103634 0.124138 -0.033859 -0.042164 0.011886 0.078351 -0.060506 0.022919 0.003581 0.107001 -0.016161 0.086526 0.019229 0.050609 0.008669 0.000769 -0.025064 0.110233 0.048547 -0.022621 -0.209670 -0.008621
0.037664 -0.129746 0.247320 0.011888 -0.154361 -0.011872 0.178694 -0.021495 -0.275783 0.213810 -0.155432 -0.174029 -0.132356 -0.133441 -0.108771 -0.044654 -0.137030 -0.222796 0.176174 -0.148488 0.008616 0.013804 0.034540 0.070753 -0.044748 -0.046807 -0.198192 0.109811 -0.113777 0.036028 0.111525 0.105695 0.041957 -0.066873 0.098935 -0.020793 0.161408 0.002893 -0.125331 0.081018 -0.053881 0.094270 -0.024498 -0.137956 -0.084753 0.030784 -0.137867
0.094301 -0.200473 0.024829 -0.041144 -0.024297 -0.042049 -0.046291 0.143823 -0.100240 0.052135 0.022010 -0.087849 -0.059892 -0.014600 0.076625 0.014218 0.050309 -0.056906 0.046461 -0.086734 -0.187335 -0.158407 -0.101089 -0.211972 0.008108 0.186732 -0.011571 -0.059577 -0.122928 -0.057413 -0.059837 -0.016607 0.152327 0.041218 0.158034 -0.088469 0.090230 -0.185275 0.012594 0.064775 -0.136299 0.015968 0.071573 0.038195 -0.043353 -0.186281 0.077438
-0.018262 -0.148817 0.040797 -0.082460 0.133488 0.084403 -0.036164 -0.074197 0.002954 -0.004115 -0.260195 -0.103613 -0.155525 0.019193 0.163241 0.226218 -0.005668 -0.026047 0.083463 0.058324 -0.139468 -0.229331 -0.147701 -0.179020 0.050928 -0.231748 0.037111 -0.056905 -0.064182 -0.002015 0.063848 -0.156272 -0.136497 0.018445 -0.176230 0.026007 0.111829 0.151976 -0.082956 -0.182336 -0.025104 0.070045 0.173113 -0.163856 0.123604 0.038226 -0.039145
-0.038940 -0.307554 0.229695 0.166380 -0.095370 0.188169 0.018326 0.247840 -0.020066 -0.062962 0.024862 -0.155475 -0.188448 -0.235835 -0.072384 0.033552 -0.132568 0.001117 0.063191 0.038002 -0.229651 -0.216775 0.003418 -0.204207 -0.035449 -0.118707 -0.099287 -0.255670 -0.162789 -0.129531 -0.125295 -0.112815 -0.173755 0.011499 0.068022 -0.022583 0.108044 0.077536 0.238662 -0.143253 0.118079 0.194118 0.070359 -0.085174 0.034096 -0.053979 -0.123806
-0.025846 -0.010371 0.094147 0.014262 -0.055809 -0.011186 -0.086867 -0.156212 0.004914 0.054403 0.040095 0.112173 -0.023604 -0.033553 0.190188 -0.037172 0.011050 0.009075 -0.135471 -0.007409 0.028224 -0.005525 0.191735 0.091807 -0.009759 0.083418 0.058953 0.051732 -0.035104 0.105810 -0.040693 -0.116250 0.054423 -0.188557 -0.032288 -0.142748 0.071235 0.061154 -0.039868 0.091772 0.154879 -0.059398 0.037905 -0.077128 -0.011504 -0.032880 -0.200896
-0.141435 0.067644 -0.152078 0.143976 -0.143838 0.083265 -0.161422 -0.121056 0.227956 -0.151146 0.063647 -0.274665 -0.030485 -0.008239 -0.274632 -0.057770 -0.032584 -0.281186 0.042682 0.116083 -0.142634 0.118294 -0.438411 0.116959 -0.128736 0.166069 -0.069124 -0.026647 0.303445 -0.048444 -0.205501 0.055469 -0.095483 -0.017595 0.145770 -0.144786 -0.104961 -0.079835 -0.020186 0.074132 0.133435 -0.074036 -0.119758 0.059349 -0.101661 -0.130440 0.091331
-0.062139 0.041164 0.071738 0.049576 0.136405 -0.128497 -0.057091 0.170708 0.049782 -0.065839 -0.031183 0.064325 -0.202478 0.100959 0.049105 -0.008747 -0.180126 -0.278733 0.061958 0.047283 -0.090300 -0.000488 -0.109786 -0.226989 -0.018472 -0.203104 -0.325337 0.181626 0.134740 -0.074435 0.019192 -0.102022 -0.443933 0.162812 -0.038338 0.039562 0.071677 -0.004837 -0.113227 0.028192 0.009097 0.017320 -0.108297 -0.045863 -0.139927 -0.030972 0.091052
0.046552 0.169425 -0.023316 -0.023903 0.012542 -0.035590 -0.076337 0.139091 -0.072942 0.024203 -0.003380 -0.166138 0.044620 -0.059870 -0.176058 -0.029225 0.007383 -0.054780 0.060489 -0.033095 -0.055089 0.017868 -0.002085 0.057617 -0.007811 0.000188 -0.021232 0.014335 0.101207 0.009207 -0.193290 0.057241 -0.107788 -0.340764 -0.018508 -0.000645 0.005115 -0.031035 0.041598 0.063553 -0.043367 -0.113755 -0.195225 0.054315 0.018927 0.124793 -0.047279
0.055186 -0.025952 -0.155423 0.094587 0.012041 0.043148 -0.166783 0.197307 0.118917 -0.087999 -0.025261 0.048131 -0.112418 0.052335 0.130889 0.040368 -0.124550 -0.116274 0.085598 -0.103865 -0.047987 0.022402 -0.149004 -0.143299 0.096240 -0.061363 -0.018487 -0.022392 -0.026414 -0.003140 -0.042711 -0.296756 -0.188126 0.152301 -0.159959 0.002875 -0.090950 -0.000630 0.235747 0.017801 0.076413 0.026176 -0.113114 -0.080344 0.001457 -0.066132 -0.031342
0.027547 -0.008728 0.067352 -0.236926 -0.100447 -0.046129 -0.185577 0.008845 -0.182553 -0.103829 0.049257 0.102335 -0.095431 0.032692 0.120784 -0.016063 0.135596 0.049822 0.087634 0.142888 -0.089413 0.001780 -0.115313 -0.420926 0.019438 -0.060978 0.207450 0.079656 0.061012 0.014948 -0.093016 -0.153061 -0.014368 -0.238364 -0.016406 0.033596 -0.144153 0.003105 -0.359260 0.175287 0.083925 0.091275 0.111126 0.024632 0.031010 -0.076829 -0.112373
0.017453 0.060048 0.005912 0.075899 -0.070534 -0.011334 0.061597 0.037868 0.007233 0.014058 -0.158851 0.005854 -0.061803 -0.057865 0.028010 0.144301 0.122545 -0.137660 -0.002575 -0.119502 -0.025126 -0.048466 -0.074609 -0.062870 0.059001 0.043835 0.059202 0.059407 -0.004581 0.049750 -0.138699 -0.054721 0.050320 -0.191607 0.011434 -0.121098 -0.105173 -0.109039 0.053336 0.106707 -0.123107 0.117741 -0.042068 -0.044506 -0.064101 0.031407 0.152618
-0.067103 -0.009814 -0.115060 -0.119796 -0.063268 0.027469 0.066417 0.140177 0.187182 0.000476 -0.086948 -0.297787 0.036252 -0.146760 0.046115 -0.007938 -0.139492 -0.015693 0.110457 0.067798 -0.022970 -0.038670 -0.427955 0.066354 0.028886 0.137263 0.090309 0.112097 0.096345 -0.001013 0.080846 -0.020176 -0.308247 0.104630 -0.039580 -0.162082 0.188348 0.003166 0.163565 -0.005865 -0.003103 -0.020158 -0.190197 0.194599 -0.143685 0.031239 -0.101255
0.022943 0.085530 0.117272 0.010707 -0.131845 -0.052377 -0.020906 -0.034747 -0.123944 -0.120123 0.051458 -0.007339 0.136240 -0.038085 0.129957 -0.014210 0.141994 -0.178517 0.035563 -0.066949 -0.153789 0.001469 -0.280521 0.046013 0.035283 -0.046633 -0.014493 -0.023074 -0.033675 0.018364 0.140717 0.084997 -0.050744 -0.011544 -0.047843 0.014831 -0.044887 -0.112012 0.002025 -0.040405 -0.001040 0.023473 -0.038355 -0.228170 -0.057977 -0.107051 -0.076313
-0.000111 0.063419 0.102692 0.016166 -0.213872 0.106630 -0.009982 -0.091755 -0.024450 0.063238 -0.013301 0.078237 0.012347 0.079996 0.023213 0.153283 -0.148079 -0.086493 -0.089539 -0.119342 -0.199626 -0.026570 -0.362603 -0.031551 0.033335 0.149992 0.051949 -0.012993 0.012259 0.069065 0.116231 0.136659 0.089419 -0.148285 0.068754 -0.092674 0.094978 0.047729 0.018840 0.013969 -0.006335 -0.069327 -0.041461 -0.079338 -0.127035 0.007201 -0.058400
0.119140 -0.017274 -0.208283 -0.037295 -0.075959 -0.092607 -0.046958 0.024823 -0.006885 -0.127100 0.056218 0.066924 0.075993 0.150032 0.122440 0.002562 0.141963 -0.076864 0.007161 -0.056817 -0.125039 -0.001065 -0.069469 0.050955 -0.151754 -0.248518 0.009979 0.182794 0.132953 0.127243 0.041457 0.176847 -0.018586 0.058818 0.117733 0.109014 -0.102598 -0.173780 -0.139215 0.034323 0.044550 0.145431 -0.071053 -0.209601 -0.082174 0.061748 -0.103450
-0.097731 -0.168237 0.067576 -0.151190 -0.071241 -0.065344 0.098984 -0.079097 -0.300628 0.120604 -0.099181 0.088788 0.042189 -0.055873 0.179770 0.140107 -0.123393 -0.064772 0.132703 0.091714 -0.169256 0.145915 -0.135544 0.022922 -0.023443 -0.094512 0.065537 0.078324 0.149283 -0.092725 0.033367 -0.025243 0.053492 -0.076599 -0.168250 0.069331 0.046989 0.031564 0.127852 0.181520 0.141193 -0.019518 -0.114633 -0.118424 -0.205838 -0.141021 -0.140623
0.087011 0.089215 -0.170983 0.088540 0.112615 -0.017341 0.136815 0.073447 0.042585 -0.291358 0.064197 0.047329 -0.108888 -0.078219 0.120198 -0.042872 -0.128957 -0.146795 0.091853 -0.058167 0.106884 -0.137240 -0.022326 -0.078969 -0.181056 -0.104139 0.099684 -0.086076 -0.010353 -0.139801 -0.052013 -0.012727 -0.037045 -0.016246 -0.036226 0.315734 -0.078287 0.021194 0.154731 -0.058409 0.142740 0.060525 -0.092904 0.024720 -0.145927 -0.024080 -0.061747
-0.056193 0.009644 0.033738 -0.050195 -0.063465 -0.139033 0.277015 -0.043135 0.048847 0.055887 -0.095650 0.162816 -0.198889 0.236512 0.148309 0.025107 -0.142299 -0.192117 0.091458 0.041396 0.159729 0.101492 -0.043838 0.028546 -0.035151 -0.097451 0.317859 -0.149373 -0.005482 -0.046839 -0.168960 0.212707 0.047656 -0.114669 -0.148465 0.050193 -0.269036 -0.056182 0.052348 -0.099381 -0.006704 -0.081811 -0.139707 -0.089606 -0.048185 -0.252080 -0.078083
-0.039803 0.026882 0.112784 0.133808 -0.195522 0.046548 0.256849 -0.061309 -0.032273 0.108959 0.143951 -0.137289 0.099448 -0.243307 0.024174 -0.026154 0.405559 0.179196 -0.132894 0.313819 -0.061073 0.043212 -0.212555 0.120036 0.027369 -0.080854 -0.288354 -0.080708 -0.180000 -0.148016 0.147897 -0.003183 -0.149458 -0.242799 -0.039547 -0.016930 -0.175809 -0.222803 0.293500 0.252023 0.013671 -0.088422 0.029556 0.068678 -0.113364 -0.176346 0.051209
0.043302 0.093606 0.137207 -0.047745 0.009339 0.004607 -0.025644 0.216126 0.246839 -0.014742 -0.227771 -0.330942 0.085273 -0.221828 0.031979 -0.282095 0.062593 -0.190333 -0.111163 0.039732 -0.117344 -0.018349 -0.598924 -0.018383 0.090016 -0.505008 -0.266323 -0.210647 0.060400 -0.148205 0.120949 0.177780 -0.103911 -0.228972 0.142004 -0.243161 -0.041827 -0.413619 -0.004985 0.186170 -0.188807 0.099755 -0.156943 -0.392331 -0.356149 -0.284119 0.108459
0.139672 -0.072140 0.078861 0.395681 0.009494 0.148146 0.047004 -0.078435 0.028036 0.109082 -0.112699 -0.026434 0.143307 0.125737 0.142023 0.056289 0.169624 -0.307269 -0.227276 0.163420 -0.061023 0.098977 0.058570 0.070650 -0.019864 -0.116993 0.026085 0.040347 0.025876 -0.440480 -0.030893 -0.146437 -0.226405 -0.073185 0.013786 -0.017752 0.030148 0.032744 -0.007044 0.175071 -0.162534 0.058078 -0.211937 -0.302168 -0.205093 0.092212 -0.264224
0.016293 0.117750 -0.033832 -0.316811 0.110834 -0.000201 -0.024309 -0.086481 -0.020936 0.003150 0.160850 -0.082990 0.006972 0.181423 0.100051 0.048938 -0.153928 0.051427 0.015431 -0.299191 -0.283319 0.212233 -0.216812 0.036324 -0.053853 0.056787 -0.205560 -0.128626 0.080979 0.013304 0.188972 -0.091121 0.183067 -0.066131 -0.006169 0.102836 0.087167 -0.008891 -0.028759 -0.056185 0.066547 -0.355769 0.054434 -0.025325 -0.082494 -0.367482 -0.017394
-0.107723 0.453729 -0.035168 0.014843 -0.218357 -0.101637 0.067403 -0.121118 -0.184609 0.018491 -0.044686 -0.087872 0.084331 -0.167480 -0.199153 0.235676 -0.140439 -0.000742 0.029200 0.227090 -0.099711 0.229689 -0.078419 0.289169 0.000609 0.183691 -0.207245 -0.228050 0.183815 0.057286 -0.005223 0.186415 -0.180581 -0.198825 -0.014099 -0.053783 -0.134973 0.000303 -0.089032 -0.000732 -0.112776 -0.461516 0.231451 -0.059619 -0.266281 0.121726 0.015884
0.018376 0.018571 0.064482 -0.133078 -0.075159 -0.094311 0.064480 -0.078232 -0.057582 -0.042030 -0.136219 -0.094448 -0.022992 -0.036264 0.024207 0.047732 0.091947 0.037264 0.032145 -0.031186 -0.038410 0.029311 -0.258063 0.117230 0.036586 0.057503 -0.021738 -0.009184 0.066236 -0.032457 0.014249 0.035622 0.052112 0.015157 -0.147603 0.025912 -0.113411 -0.058435 0.001214 0.071945 0.006635 -0.002958 -0.078240 -0.083802 0.017654 -0.166677 -0.003027
-0.004207 0.024135 0.011237 -0.070383 0.003517 -0.108417 -0.068343 -0.045674 -0.128736 -0.112492 0.069976 0.052481 -0.044408 0.091615 0.091847 -0.011578 -0.100369 0.053036 0.004781 0.022140 -0.002726 -0.021784 -0.210897 0.111230 0.076553 0.003047 -0.017300 -0.028406 0.117457 -0.045146 -0.098882 0.021526 0.229028 -0.018951 -0.046343 -0.021549 -0.045612 0.010407 0.079583 0.067030 -0.052668 -0.166730 0.049094 -0.076672 -0.027409 -0.136215 0.075332
-0.094749 0.095660 -0.127305 -0.311747 0.171114 -0.062899 -0.068855 -0.126323 0.151829 0.228842 0.031454 0.118378 -0.012645 0.117847 0.229238 0.247783 -0.085123 0.120062 -0.036980 -0.107311 -0.188384 -0.215874 -0.005555 0.149105 -0.052361 0.022423 -0.183943 -0.059796 0.013496 0.131039 0.058399 0.064217 0.099017 0.004538 -0.141769 0.065793 -0.009411 -0.016845 -0.161757 -0.230826 0.015188 -0.074916 -0.001588 0.007624 0.053619 -0.149055 -0.050134
-0.033487 0.050349 0.020635 0.040023 0.019653 0.001458 0.029820 -0.025014 0.108690 -0.043268 -0.021837 -0.040244 -0.020955 0.076798 0.071506 0.003961 -0.056398 0.127012 0.076652 0.033379 -0.051846 -0.119580 -0.030251 0.046021 -0.027297 0.018589 0.070736 0.075281 -0.033056 -0.065912 0.028503 0.002866 0.129155 -0.083444 0.037690 -0.010449 0.031905 0.095950 0.031042 -0.089459 0.002633 0.035070 0.008179 0.011822 0.022579 -0.014406 -0.112298
-0.020088 0.092340 0.092981 -0.020533 -0.024939 0.113767 -0.042551 -0.066742 0.113561 0.094503 -0.114035 0.026507 -0.083323 0.139618 0.133057 -0.095695 -0.144396 0.028745 -0.005361 -0.076084 -0.282243 0.099296 -0.088507 -0.006668 0.003604 -0.048154 0.094813 -0.117242 0.114558 -0.056183 0.087122 0.017534 0.099615 -0.097640 -0.038434 -0.020675 0.051107 -0.022719 0.108747 0.050278 -0.020913 0.028969 -0.093466 -0.068259 -0.159805 -0.242757 0.024338
-0.083453 -0.067227 -0.120580 -0.061094 -0.151017 0.275501 -0.070912 -0.138288 -0.016953 -0.142950 -0.001007 0.056542 -0.011226 0.079910 0.140368 0.066666 -0.143587 0.060740 -0.023767 -0.053556 0.191280 -0.026504 0.203853 0.460982 0.073096 0.221367 0.063049 0.017864 -0.233184 0.073329 -0.111850 0.022336 -0.244864 -0.018833 -0.106523 0.098985 0.016188 -0.111887 0.013663 -0.193009 -0.026507 -0.031931 -0.017340 -0.004521 0.021088 0.137244 -0.003812
0.084976 -0.216658 -0.032107 -0.127403 -0.038905 -0.036720 -0.038732 -0.003417 -0.198119 0.007863 0.072057 0.185262 -0.026185 -0.060924 -0.104826 -0.051094 0.092053 -0.115045 0.001408 -0.188996 -0.164878 -0.077249 0.058385 -0.095337 0.026446 0.002794 0.098591 0.022180 -0.043806 0.030724 0.040849 0.041784 0.134240 -0.067025 -0.037697 -0.130635 0.026896 0.023626 -0.069939 0.109544 0.126507 0.038352 -0.076305 0.014130 0.077566 0.121623 -0.092129
-0.003536 -0.056923 0.010764 -0.081686 -0.126628 0.073748 -0.145055 -0.011925 -0.063897 -0.004497 -0.036901 -0.043924 0.032772 0.180027 -0.156970 -0.038700 -0.081112 0.017439 0.067856 -0.023236 -0.023259 -0.123913 0.029859 0.179365 -0.040470 -0.015996 0.070904 0.048654 0.012354 0.076693 -0.112407 -0.048994 -0.139650 0.160021 -0.040134 -0.024036 0.029031 0.017957 -0.079627 0.063826 0.062277 0.173959 0.058360 -0.100999 0.037429 -0.043243 -0.006366
-0.014663 -0.211192 -0.032941 -0.144986 0.001087 -0.023873 0.070789 -0.249345 0.050018 0.130032 0.128765 0.026216 0.029003 0.082094 -0.093028 -0.036486 0.030567 -0.073104 -0.022598 -0.118227 0.071505 -0.033434 0.250855 -0.027000 0.004412 0.030383 0.176943 0.119889 0.024790 0.035786 -0.002152 -0.107194 0.324553 -0.365938 -0.146116 -0.077218 -0.072958 -0.140735 0.049425 0.044919 -0.039443 -0.021122 0.151799 0.053984 -0.005255 -0.091705 -0.051000
0.005211 -0.014951 0.040078 0.065832 -0.119342 0.072113 -0.138846 0.043183 0.114594 -0.074300 0.091752 -0.091694 -0.063133 0.012921 0.173701 -0.022780 -0.136954 -0.020427 0.107097 0.093028 -0.089753 -0.001239 -0.014271 0.267027 -0.008890 0.045980 0.080249 0.114483 -0.003158 0.051909 -0.116097 -0.251556 -0.221527 -0.015311 -0.002212 -0.009162 0.044716 0.068941 -0.105553 -0.162558 -0.037324 0.234655 -0.041171 -0.052907 -0.064381 0.068639 0.036003
0.017452 -0.023667 -0.057815 0.088228 -0.120532 0.099223 -0.074340 -0.086305 -0.146781 -0.131117 0.111771 0.094263 -0.037325 -0.009996 -0.020569 0.025965 0.006908 -0.021905 0.037248 -0.131346 0.059255 0.000744 0.276079 0.124564 0.045501 0.209422 0.111320 0.096741 -0.085092 0.122560 -0.140607 0.138120 -0.021591 0.021902 -0.223414 0.082939 -0.060999 -0.062693 0.139751 0.111733 -0.009721 -0.104531 0.090458 -0.034359 -0.063937 -0.052694 0.053729
0.014207 0.014603 -0.022139 0.047166 -0.036912 0.041698 0.013884 -0.067376 -0.001300 -0.000247 0.179840 0.102811 0.038754 0.030673 0.027667 -0.011711 -0.061827 -0.045230 0.060912 0.056795 0.011172 0.002421 0.122074 0.067366 -0.000155 0.102058 0.032910 0.008130 -0.115744 0.131446 -0.010363 -0.208675 0.081547 -0.112351 -0.046146 0.061086 -0.083744 -0.003924 0.045049 0.016688 0.117843 -0.035978 0.006095 -0.069849 -0.093715 0.007103 0.045136
-0.004464 -0.002977 0.007287 -0.005683 -0.081960 -0.153647 -0.085043 -0.212000 0.031155 -0.037774 -0.002054 0.134864 -0.008013 0.035325 0.100828 0.034144 -0.059571 -0.018598 0.064030 -0.081822 0.115625 0.020433 -0.015787 0.321812 -0.054924 0.009246 -0.136910 0.173273 0.149674 0.281947 -0.115828 -0.197344 -0.188178 -0.207305 0.127688 -0.134479 0.071046 0.069004 -0.135253 0.051416 0.055538 0.042865 -0.069114 0.021323 -0.066009 0.403339 -0.183274
0.056775 0.039160 -0.060109 0.011454 0.011569 0.020358 -0.057999 -0.025904 -0.037606 0.014306 0.067915 0.077391 -0.019551 0.124971 -0.078877 0.026304 -0.020270 0.148714 -0.019540 0.130236 0.135500 0.018589 0.048817 -0.222570 0.011016 -0.029042 0.046537 0.074627 0.000389 0.068530 -0.032978 -0.121021 -0.328690 -0.086238 0.003047 -0.166489 0.045081 0.098249 -0.066084 0.052963 0.052800 -0.008613 -0.178992 -0.122439 -0.001836 -0.079521 0.021992
0.015367 -0.041549 0.053595 -0.051132 0.044693 0.093571 -0.188832 -0.110894 -0.010768 -0.032570 -0.038697 0.003528 0.002091 0.028635 -0.276310 -0.054382 -0.013116 0.012156 0.119648 0.074579 -0.042167 0.096287 0.175633 0.077041 0.005099 -0.040636 0.306738 0.087288 -0.009732 0.175929 -0.169237 -0.166840 0.056237 0.010136 -0.005244 -0.089506 -0.030886 0.059550 -0.009281 -0.025903 0.054255 0.062591 0.094307 0.031111 0.045173 -0.053571 -0.134931
0.033855 0.048653 -0.051742 -0.028869 0.205106 -0.042384 0.095301 -0.177485 -0.114603 -0.039461 0.080517 -0.087954 -0.016231 0.194736 -0.034120 0.060253 0.091119 -0.054836 -0.041966 0.024731 0.006436 -0.026786 0.128794 -0.099652 -0.016676 -0.020420 0.094294 0.016075 0.054536 0.098506 -0.089387 0.056916 -0.126738 -0.093669 -0.080659 -0.023380 0.001012 -0.175925 0.297736 0.068499 0.146716 -0.069027 -0.043863 0.043582 -0.010294 -0.068570 -0.114143
0.053263 -0.042174 -0.117012 -0.318045 -0.057209 -0.006652 0.154106 -0.184082 -0.002797 0.021329 0.106370 0.097238 0.053356 0.174165 -0.097648 0.075748 0.019712 -0.076347 -0.038681 -0.105707 0.226712 -0.059786 0.145857 -0.075938 -0.014926 0.072271 0.151533 -0.078185 -0.018026 -0.093537 0.033109 -0.015746 0.261344 -0.228331 -0.025714 -0.141971 -0.054116 -0.073597 -0.178101 0.096644 -0.072814 0.028368 0.121942 -0.067877 -0.004308 0.082140 -0.066808
0.020208 -0.047099 -0.172032 -0.297743 0.028036 -0.004340 0.107235 -0.204678 0.002847 0.003120 0.100968 -0.002036 0.047118 -0.007690 -0.018230 0.007099 0.064801 0.007500 0.065898 -0.093636 0.020253 -0.148202 0.297514 0.091317 -0.011355 0.201504 0.217166 0.033571 -0.071571 -0.044404 -0.053102 0.054106 -0.055020 0.019196 -0.136756 0.004470 -0.125738 -0.217044 0.346638 0.075138 -0.081670 -0.013629 0.036225 -0.039754 -0.064551 0.160049 -0.173949
0.056904 0.069252 -0.151216 -0.127141 -0.062151 -0.059209 -0.016345 0.002504 0.169561 0.020648 -0.037430 -0.032672 -0.042883 -0.211705 0.070298 -0.071526 0.082856 -0.119551 -0.058394 -0.076992 -0.051097 -0.059363 -0.066922 0.003439 0.013421 -0.012374 0.204457 -0.028824 0.049915 0.176231 0.010919 0.024287 0.238542 -0.168664 -0.138544 -0.151845 -0.046653 -0.108481 0.087333 0.068101 -0.015640 0.030723 0.051599 0.047686 0.049741 0.022898 -0.052613
0.013921 0.032066 -0.053838 -0.102133 -0.060199 -0.031434 -0.076813 0.003162 0.011482 0.116587 0.079091 0.005960 -0.080773 -0.057718 0.085757 -0.028091 -0.015604 0.086754 -0.247870 0.002119 -0.097063 -0.096622 0.037525 -0.008862 -0.038486 0.003756 0.039759 0.083089 -0.130076 0.061660 0.097160 0.153459 0.139659 0.001616 0.076269 -0.013692 -0.005849 -0.059446 -0.038732 0.155700 0.164809 -0.055231 0.013336 0.006680 -0.120527 0.001033 -0.156440
0.082911 -0.197512 -0.068487 -0.217368 0.041978 0.099874 0.019090 -0.113977 -0.063749 0.030539 0.063329 0.126321 -0.021407 -0.076909 0.027099 0.110116 -0.000403 0.127763 -0.071956 -0.096575 0.177610 -0.068774 0.121000 0.082334 -0.079504 -0.161540 0.190938 0.025617 -0.176206 0.030752 0.075151 0.064015 0.347462 -0.210199 -0.147340 -0.051478 -0.078905 -0.051891 0.044063 0.095879 -0.208974 -0.025347 0.309590 0.082205 -0.007733 -0.061976 -0.142873
0.060449 -0.024834 -0.055699 -0.167447 -0.281858 -0.068214 0.065809 -0.237753 0.093906 -0.233168 0.085060 0.033076 -0.022043 -0.048737 -0.149048 -0.071750 0.241529 0.243219 -0.131289 0.036825 -0.033171 -0.027838 0.287917 0.256948 -0.017290 0.162774 0.060813 0.256447 -0.124060 0.015648 -0.084162 0.033392 -0.069096 -0.098330 -0.087509 -0.273645 0.000957 -0.102945 0.019826 -0.089286 -0.049617 -0.055510 0.082604 0.037115 -0.214246 0.155942 -0.093152
-0.171974 -0.081153 -0.404038 -0.247050 0.150742 0.162604 0.087108 0.098170 -0.159614 0.119960 0.105585 -0.031666 -0.034979 -0.306401 -0.152209 -0.023968 -0.009721 0.120705 -0.130139 0.043644 0.216848 -0.042063 0.038141 -0.022357 -0.066532 0.007833 -0.208926 0.035995 -0.087401 -0.154958 0.046047 0.097481 0.241144 0.018965 0.140684 -0.256922 0.044624 0.101492 -0.251710 -0.147767 0.063675 0.151850 0.181188 -0.064363 -0.093926 0.065096 0.044067
0.017592 -0.071360 0.242749 -0.273675 -0.167688 -0.038616 0.227421 -0.173885 -0.086223 -0.049646 0.013198 0.023072 -0.017226 -0.287980 0.012296 -0.137982 0.055547 -0.008740 -0.385559 -0.028476 -0.036401 -0.225847 0.310021 0.118636 0.061032 -0.195009 0.091568 0.122831 -0.044150 -0.147868 -0.045448 -0.061247 0.088934 0.184269 -0.078147 -0.328187 0.144082 -0.180461 0.007690 0.103096 -0.230115 0.103978 0.061526 -0.003374 0.047095 0.046448 -0.166593
-0.088657 0.023059 -0.357781 -0.446770 0.223313 0.131822 0.098196 -0.002025 -0.064180 -0.038020 -0.188452 0.327001 0.020376 0.148369 -0.206646 -0.105784 -0.005824 -0.025779 0.034908 -0.415235 0.078952 0.125364 0.152929 -0.036222 -0.014209 -0.210389 0.133255 -0.110482 -0.367768 -0.023546 0.175074 0.140546 0.273484 -0.040120 0.116682 -0.374903 -0.280407 0.170448 -0.058718 -0.022444 -0.004402 -0.042974 0.124106 -0.014911 0.033499 0.016160 -0.182536
0.007510 -0.056844 0.122162 -0.130536 -0.279989 0.093404 0.140025 -0.267076 -0.013477 -0.254187 0.090621 -0.026695 -0.106208 -0.060338 -0.019334 -0.159295 0.264123 0.160540 -0.121692 -0.105042 -0.125051 -0.230777 0.170231 0.003174 0.051982 -0.017995 0.138411 0.305321 -0.069294 0.064090 -0.158871 0.145757 -0.046608 -0.025133 0.004669 -0.026463 0.017824 -0.187203 -0.093300 0.234268 -0.196613 0.144483 0.070663 0.026689 -0.027416 -0.257721 -0.140055
0.037462 0.018566 -0.147376 -0.307796 -0.248495 -0.144981 0.090953 -0.228343 -0.050164 0.050842 -0.027164 0.277559 0.136610 -0.002914 -0.102628 -0.176786 0.231123 0.114624 -0.014416 -0.013411 -0.221230 -0.159263 0.308247 0.169550 0.013250 0.091331 0.168780 0.141662 0.034791 -0.132829 0.065294 0.109086 -0.048196 -0.029118 -0.183906 -0.367028 0.094748 -0.041309 0.160902 -0.116953 -0.097069 -0.043496 0.032853 0.026040 -0.037599 0.068047 -0.253366
0.145063 -0.066041 -0.141707 -0.370158 0.107300 0.030014 0.027623 -0.206875 0.125955 -0.024348 0.266105 -0.444233 -0.332581 -0.018784 -0.288065 0.143247 -0.167900 0.247091 -0.114201 0.161950 0.181568 0.051871 0.086670 0.123799 -0.070643 0.153467 -0.155188 0.030736 -0.091457 0.274898 -0.028032 -0.101146 0.049279 -0.006961 0.109882 -0.132902 0.181016 0.028852 -0.270415 -0.012911 -0.232371 0.130516 0.266057 -0.127830 -0.027254 -0.077430 -0.044364
0.053412 -0.078612 0.144121 0.015076 -0.299813 -0.302258 -0.187170 -0.165869 0.100076 -0.010929 0.020983 -0.087374 -0.211480 0.072588 -0.004067 0.106197 0.079823 0.064007 -0.041181 0.071488 0.089609 -0.110314 0.222302 0.032691 0.037371 -0.105926 -0.130436 0.120513 0.126836 0.180882 -0.060678 0.067817 0.090470 -0.096791 -0.116835 -0.022683 0.144329 0.056875 -0.018580 0.030976 -0.266451 -0.075638 -0.037697 0.074859 0.054002 -0.116477 -0.189927
-0.026538 0.055633 0.090804 -0.101085 0.177040 0.144324 -0.182695 -0.124699 -0.047719 -0.005946 0.035013 -0.161888 -0.323577 -0.057113 0.203388 -0.034945 -0.290591 0.054922 0.001618 -0.024435 0.034634 -0.155646 -0.107290 -0.059710 -0.122004 -0.066828 -0.048543 -0.097088 -0.113447 -0.058257 0.130246 0.063844 0.189121 0.027467 0.077972 0.034090 -0.210802 0.296446 0.357626 0.249647 -0.129043 0.120966 -0.025296 -0.014946 -0.075477 -0.072673 -0.030846
0.065457 -0.041508 -0.043822 -0.216252 0.038897 0.045676 0.010159 -0.054956 0.197637 0.073941 -0.192150 -0.052371 -0.162142 0.026662 0.000166 0.018397 -0.134345 0.022232 -0.160338 -0.156829 0.063526 -0.100294 0.224651 0.000834 -0.059945 0.221760 0.081381 -0.078406 -0.114370 -0.038414 -0.050243 0.108664 0.030098 -0.035971 0.064362 -0.066907 0.077440 0.188400 0.234962 -0.284828 -0.389429 -0.100543 0.082459 0.007771 0.078195 -0.203954 -0.050727
-0.029460 0.057179 -0.024077 -0.241488 -0.001820 0.036431 0.032519 0.124462 0.145537 -0.011634 0.151330 -0.327785 0.014271 -0.075648 -0.123189 0.008403 0.100932 0.059914 -0.081824 -0.070224 -0.029099 -0.061860 -0.171966 0.029481 0.023354 -0.107193 0.066236 -0.057080 0.020559 0.111771 -0.063330 -0.010084 0.127948 -0.019889 0.007798 0.026180 -0.014544 -0.224679 -0.405998 0.024615 -0.037517 0.020782 0.030835 0.137567 0.070913 0.166754 0.079280
-0.135375 -0.040168 -0.244349 -0.328355 0.211873 0.059994 0.015423 0.074783 -0.023776 0.077864 -0.142740 0.042965 -0.156820 0.103900 -0.073861 -0.025349 -0.071093 0.004915 -0.169477 -0.210622 0.043270 0.030275 0.212750 -0.000883 -0.123866 -0.026357 0.060576 -0.058516 -0.118338 -0.038692 0.105476 0.144786 0.186276 -0.038640 0.106000 -0.138736 -0.163468 0.157752 -0.232798 0.100962 -0.034262 -0.064953 0.183562 -0.172130 -0.031526 -0.012194 -0.082248
0.064889 -0.030137 -0.416745 -0.298828 0.060676 -0.010492 0.021462 0.044812 0.028189 -0.061940 -0.007688 0.247800 0.172370 0.091856 -0.174236 0.012088 -0.059691 -0.224336 -0.038183 -0.185217 -0.057283 -0.047696 0.176896 0.021159 0.029696 0.033779 -0.068213 -0.126730 -0.066544 0.068978 0.022958 0.027778 0.083556 -0.022594 -0.088969 -0.120814 0.002267 -0.007548 -0.197511 -0.092513 -0.108441 0.038537 -0.034188 0.082225 0.089653 0.033847 -0.202408
0.044058 -0.141377 0.043545 -0.256317 -0.124927 -0.082548 0.105590 -0.049551 0.121301 0.004304 0.077717 -0.134805 0.055298 -0.096100 -0.156023 0.042584 -0.038711 -0.036344 -0.118302 -0.047202 -0.056570 -0.142949 0.106545 0.029637 0.004715 0.122258 0.018453 -0.047346 0.076644 -0.077034 -0.008195 0.067987 0.060215 0.001007 -0.091787 -0.096203 0.004666 -0.075970 -0.011288 0.117474 -0.043691 0.032935 0.075203 0.124861 -0.057977 0.182462 -0.000065
-0.069431 -0.194246 -0.088852 -0.282665 0.227177 0.140216 0.013472 0.099502 -0.008197 -0.132264 -0.095509 -0.069785 -0.136712 -0.008673 0.041253 0.073498 -0.113485 -0.070247 -0.185820 -0.149764 0.246788 0.072511 0.075484 -0.196085 -0.052865 -0.026957 -0.054066 0.074097 -0.279291 0.012343 0.025127 0.065356 0.070198 0.116512 0.281088 -0.260956 -0.250964 0.087935 -0.009206 -0.155134 -0.037814 -0.078718 0.013840 0.080424 -0.150869 0.028832 -0.001217
-0.049619 -0.062733 -0.094778 -0.154704 0.041968 0.031855 0.007676 0.149916 -0.044676 0.088612 0.019444 0.151386 0.077392 0.190350 -0.238396 -0.021103 0.040903 -0.123432 -0.067702 -0.041507 -0.102843 0.035616 0.136090 -0.059737 -0.012243 -0.003159 0.059708 0.012431 -0.000094 -0.000723 0.072121 0.055020 0.125125 0.015280 0.070568 -0.139348 0.018337 0.139472 0.048261 -0.003796 -0.122654 -0.035122 0.067768 -0.055025 0.007006 -0.073631 -0.100745
-0.010628 0.031021 0.049740 -0.017795 0.011696 -0.072145 -0.082076 -0.111548 -0.027176 -0.094392 0.011939 -0.025521 0.011716 0.014632 -0.007836 0.062223 0.009314 -0.077473 0.102480 0.019675 0.001624 -0.030034 0.168912 0.003400 -0.031051 0.054115 0.019275 0.085113 -0.054991 0.117018 -0.089388 0.029524 0.117225 -0.112002 0.009066 -0.076033 0.076891 0.124061 0.086841 -0.015504 0.021854 -0.066579 -0.029166 -0.009561 0.012940 0.014496 -0.060796
0.020606 0.028361 0.027416 -0.029004 -0.128482 -0.000977 -0.161256 0.093827 -0.171348 -0.172955 0.050531 -0.039863 0.137733 0.032439 -0.221017 -0.000054 0.010851 -0.154552 -0.042567 -0.099135 -0.063305 0.045893 -0.071699 0.132582 0.026226 0.119852 -0.092621 -0.043267 0.074014 0.064839 -0.025618 0.048020 -0.047778 -0.013055 0.250198 0.004750 -0.005941 -0.005462 0.219319 -0.076742 -0.201638 0.113212 -0.139127 0.119775 -0.150924 -0.077320 0.269240
0.002442 0.015536 0.090080 -0.019961 -0.158470 -0.078320 0.071891 -0.106170 -0.024438 -0.053552 0.042947 0.086980 0.004972 -0.036464 0.035367 0.105956 -0.062300 -0.105910 -0.034605 -0.110165 -0.120273 0.011466 0.075594 0.108900 0.039806 0.085301 0.096468 0.194511 0.006178 -0.040628 -0.068695 0.181831 0.032551 -0.128134 0.027314 -0.036266 0.015994 -0.068514 0.144120 0.040167 0.050611 -0.187096 -0.147963 -0.063959 0.048683 0.056394 0.066079
0.022217 0.121675 -0.095826 0.027334 -0.005842 -0.136986 -0.151102 -0.089083 -0.020649 -0.013976 0.064893 -0.053833 0.109423 -0.072158 -0.079149 0.081072 -0.118136 -0.226140 0.025173 0.015601 0.020282 -0.001184 0.048761 0.081067 0.060757 0.159712 -0.020165 0.013956 0.028418 0.041062 0.015259 0.089178 -0.134695 -0.047007 0.016482 0.004761 -0.035665 -0.144232 0.141540 -0.056614 -0.105401 0.105208 -0.150056 -0.064889 0.002994 0.058736 0.019929
0.041930 0.034809 0.024584 0.066733 0.006847 0.030288 0.009293 -0.185169 -0.106239 -0.090109 0.117842 -0.042611 -0.002337 0.096748 0.004843 0.089196 -0.064329 -0.153144 -0.008757 -0.007656 -0.025311 0.039309 -0.008904 -0.017028 -0.041325 -0.090045 0.119552 0.249897 -0.074572 0.007172 -0.192012 -0.064249 0.211717 -0.199649 -0.089097 0.012056 0.083610 0.195578 0.050067 0.045764 -0.125422 0.059857 -0.278825 -0.079327 0.015164 0.048502 0.153466
0.078678 0.063181 -0.139785 -0.030128 -0.048351 -0.114410 -0.181102 -0.079636 -0.005125 -0.064818 0.189967 -0.195586 0.132559 0.125184 -0.006704 0.079035 -0.084689 -0.168333 -0.005921 0.058512 0.001022 -0.015637 0.127778 -0.147181 0.039858 0.006691 0.127987 -0.015730 0.044820 -0.044015 0.064895 0.003160 -0.046615 -0.098298 -0.018530 0.006928 0.086642 -0.050340 0.048845 -0.136171 -0.114451 0.043562 0.020543 -0.084689 0.024414 0.010887 0.053025
0.016755 -0.040454 -0.055164 0.059819 -0.081143 0.008454 -0.119425 0.009582 0.000989 -0.004546 0.180394 -0.087946 -0.012904 -0.032644 -0.070934 0.011011 -0.094635 -0.107914 -0.008418 0.079116 0.042351 -0.007098 -0.061226 -0.175522 0.037572 0.077571 0.146342 -0.046836 0.025439 0.034475 -0.167436 -0.009371 -0.044057 0.037619 -0.011045 0.002184 -0.078199 -0.061112 0.031191 -0.056097 -0.030546 -0.022785 -0.080481 -0.008640 0.036783 -0.023314 0.016161
0.015696 -0.052962 -0.009000 0.098480 0.017513 -0.020971 -0.079368 -0.143414 -0.042001 0.065494 -0.062395 -0.176373 -0.056766 0.039760 -0.181823 -0.036081 -0.074602 -0.103077 0.021136 -0.049881 0.003679 -0.027547 0.089904 0.020874 0.036740 0.077402 0.079772 0.024217 -0.093184 0.021553 -0.062146 0.081820 -0.054308 -0.011531 0.016765 -0.046797 -0.051390 0.159737 0.142807 0.150729 -0.020530 -0.079323 -0.033612 -0.064176 0.021227 -0.020939 0.075713
0.045633 0.092004 -0.026522 -0.065210 -0.057201 -0.035308 0.025275 -0.004738 0.034956 0.018326 -0.021429 -0.048108 -0.029195 0.024894 -0.006503 -0.061466 -0.026295 -0.036795 -0.206325 0.014875 0.075021 -0.036385 0.094728 0.001414 -0.004796 -0.015258 -0.000108 0.072115 -0.021960 -0.061709 -0.009122 0.007461 -0.107943 0.062513 0.032995 -0.038261 -0.111595 -0.014740 0.021495 -0.013767 -0.009967 -0.091162 -0.163407 0.020110 -0.013485 0.069754 0.075667
0.056242 -0.030631 -0.057295 0.007006 -0.088601 -0.031295 -0.097691 0.105131 0.012137 -0.018194 0.040042 0.130731 0.030046 -0.025318 -0.078544 -0.005455 0.002691 0.019527 0.016512 -0.097902 0.089216 -0.020696 -0.004444 0.084102 0.012879 0.082677 0.121579 0.205880 -0.141285 -0.047827 -0.033169 0.007492 0.043805 -0.086549 0.058736 0.048676 -0.047729 -0.052393 0.176037 -0.037866 0.064531 -0.070864 -0.286290 0.002845 -0.034398 -0.015236 0.031030
0.025850 -0.057800 -0.080540 -0.024030 -0.155469 -0.100322 -0.075566 0.059391 -0.011297 0.014190 0.066543 0.040918 0.060328 0.088622 0.084004 -0.094929 -0.117537 -0.050304 -0.111252 -0.109040 0.008743 -0.010471 -0.180051 -0.000184 0.057427 0.098522 -0.042203 0.097701 -0.010766 0.081999 0.089417 0.124687 0.157975 -0.008185 -0.036372 0.008042 -0.047963 -0.100131 -0.032815 0.083024 0.123686 -0.110083 0.078899 -0.023489 0.066727 -0.089123 -0.047158
-0.006012 0.034971 -0.109234 0.061789 -0.081203 -0.067563 -0.208025 0.084579 0.037028 -0.026242 0.064325 0.048975 0.026828 0.009809 -0.107076 -0.118677 -0.131893 0.007186 0.012685 -0.079284 -0.041679 -0.126831 -0.096047 0.062360 0.048807 0.117689 0.030045 -0.016611 0.010245 0.001776 0.049781 0.012531 -0.023105 -0.023519 0.175524 0.007434 -0.091755 -0.004521 0.259447 0.130853 0.083585 -0.001850 -0.059644 0.046070 0.001712 0.001609 0.035438
-0.052035 0.024768 -0.120987 -0.203087 0.050945 0.030578 -0.335192 0.096408 0.014776 0.010419 0.066350 -0.059791 0.013464 0.152638 -0.053176 -0.025252 -0.148009 -0.055222 0.062731 0.071715 0.020545 0.053565 0.072552 0.057016 0.011316 0.031085 -0.161602 -0.061801 -0.154807 -0.079045 0.102447 0.007318 0.052236 0.185672 -0.148320 -0.036268 0.075858 0.131289 -0.039514 0.148399 0.003126 -0.059042 0.054236 0.018725 0.059238 0.017997 0.069371
-0.010464 -0.116083 0.080591 -0.231903 -0.345379 -0.019180 -0.144496 0.222830 -0.251721 -0.337256 0.188648 0.041401 0.310266 0.170577 -0.314786 -0.014421 0.046635 -0.144827 0.084176 0.138434 0.132387 -0.007938 0.112645 0.121135 0.012524 0.115851 0.109099 -0.045542 0.012030 0.143892 -0.021770 -0.113217 -0.025972 -0.165440 0.021102 0.100804 -0.194917 -0.253396 0.075952 0.121088 -0.123422 0.173251 -0.059070 -0.070369 -0.136793 -0.076466 -0.006454
0.022637 0.103837 -0.113104 0.199252 -0.087675 -0.064103 -0.014562 0.020217 0.086126 0.082854 -0.017856 0.211048 -0.086246 -0.016601 -0.098809 -0.090242 0.033511 -0.059363 0.033714 -0.140439 0.004656 -0.132829 0.100619 0.239709 -0.070877 -0.047789 -0.054766 0.044375 0.011620 -0.109094 -0.169259 -0.009485 0.009216 0.181370 0.301279 0.040207 -0.103392 -0.108110 0.131264 -0.092575 0.183235 -0.109491 -0.045757 -0.005168 -0.020690 -0.085438 -0.090507
0.203537 0.004861 -0.076873 -0.197551 -0.159390 -0.192900 -0.185432 -0.070753 -0.258470 -0.023602 0.226520 0.073303 0.181637 0.231505 -0.111253 0.130448 -0.194320 -0.198649 0.040805 -0.001951 0.138960 -0.041397 -0.061456 0.222472 -0.197454 0.263299 -0.031080 0.014182 0.087884 -0.058509 0.067001 -0.040066 -0.169025 -0.136030 0.024951 0.011530 0.012191 -0.128764 0.121395 -0.055674 -0.176815 0.195272 -0.266966 -0.063254 0.078623 0.016673 0.225873
-0.645835 0.340004 0.091292 -0.409972 0.094943 -0.250439 -0.113156 0.071976 -0.533496 -0.234874 -0.046998 -0.420047 0.049060 -0.763950 0.290015 0.305941 0.202655 0.033667 -0.060868 -0.655840 -0.012928 0.092554 0.280111 -0.799077 -0.884232 -0.437520 -0.304474 0.325795 -0.149114 -0.191723 -0.067384 -0.588232 -1.017339 -0.110947 -0.339225 0.261591 0.054549 0.089867 -0.048403 0.089971 -0.030442 -0.019996 0.107789 0.141967 -0.005064 0.054480 -0.043656
0.103593 0.117622 -0.019723 -0.069110 -0.146368 0.217395 0.429862 -0.020659 -0.146424 -0.150088 0.091233 0.100224 -0.364920 0.346631 0.078969 -0.065683 0.046506 -0.278133 -0.195200 -0.133071 -0.266553 -0.139408 -0.037982 0.017504 -0.221576 -0.243432 0.159586 -0.251251 -0.012590 0.144869 0.068958 0.132910 0.383059 -0.033093 -0.267006 -0.094437 -0.065920 0.136179 -0.025794 -0.362273 0.220957 -0.304134 0.396337 -0.071848 0.178387 -0.165818 -0.027530
-0.102140 0.165122 -0.123478 -0.172685 0.228957 -0.158894 0.157971 -0.078867 -0.326155 -0.310947 0.302464 0.181818 -0.191218 0.126561 0.008728 -0.116848 0.317681 0.046849 -0.078066 0.040706 0.185012 -0.334704 0.042652 -0.017535 -0.284281 0.099046 -0.075023 0.085653 0.070516 0.235562 0.012955 -0.028262 0.025441 -0.236231 -0.093628 -0.003927 -0.100673 0.291932 -0.077678 0.096271 -0.181186 0.172817 -0.053052 0.057840 -0.140845 -0.105006 -0.077006
-0.092218 0.146818 -0.000378 -0.006468 0.138430 -0.083167 0.139468 0.168893 -0.066534 -0.387537 -0.032966 0.178936 -0.051511 0.292107 0.047640 0.004007 0.072756 -0.372604 0.149461 0.134111 -0.153340 -0.027999 0.140744 -0.040399 -0.307146 -0.083000 -0.466937 -0.267348 0.071708 0.159090 -0.047684 0.050176 -0.062166 -0.129087 0.000656 -0.044624 -0.398753 0.224999 -0.284980 -0.106599 -0.075389 0.192355 -0.203032 0.071591 0.058391 -0.081313 -0.043515
-0.117142 0.225261 -0.002580 -0.027042 -0.116619 0.067154 -0.087870 0.094294 -0.137904 -0.177335 0.030507 0.208483 0.099989 -0.008561 0.059854 -0.001803 0.143368 -0.150559 0.210799 -0.100808 0.070134 -0.214906 0.112890 -0.172745 -0.106198 0.170210 0.024731 0.215325 -0.187586 -0.051207 -0.102554 0.080874 -0.049306 -0.183788 -0.165217 0.095061 -0.073001 0.064324 -0.135000 0.153516 -0.178704 -0.084643 0.139988 0.062400 0.102424 -0.070046 0.000014
-0.000487 0.294254 -0.044859 -0.019458 0.038584 0.097684 0.033799 0.070004 -0.066041 -0.101852 0.081218 0.094617 -0.193916 0.001900 -0.012707 -0.084083 0.141621 -0.014397 0.060350 -0.252953 0.036847 -0.237654 0.394250 -0.222387 -0.199426 0.035010 0.018428 -0.080045 -0.014239 0.039110 -0.035592 0.061372 -0.020709 -0.127820 0.038666 0.068565 -0.085473 0.159081 -0.097115 -0.142475 -0.187311 0.217409 -0.049071 0.050486 0.106913 0.007009 0.145478
0.025255 -0.235619 0.035264 -0.008336 -0.145602 0.035910 0.000277 -0.022767 -0.105104 -0.024886 0.128077 0.010130 0.024867 0.015400 -0.028384 0.119627 0.074498 -0.097350 0.307933 -0.001508 -0.056555 0.079320 0.035585 -0.138538 -0.023780 -0.020166 -0.096498 0.053412 -0.007498 0.079842 -0.022514 0.052508 0.098387 -0.163646 0.127122 -0.072250 -0.047161 0.158078 -0.344255 0.127834 -0.239122 0.055757 -0.063866 -0.111939 -0.058220 0.048574 0.060863
0.046741 0.138927 -0.012942 0.029230 0.007214 0.020894 -0.117892 0.084343 0.066998 -0.008426 0.191344 0.082085 -0.253244 0.031717 0.003114 -0.130455 -0.030628 0.004797 -0.113783 0.023892 0.006999 -0.146361 0.047353 0.039137 -0.036839 0.176518 0.287397 0.112728 -0.159481 -0.006870 0.072111 0.095405 0.043565 -0.090631 -0.025018 -0.021689 -0.038683 0.027713 0.162051 -0.129859 -0.020546 0.106389 -0.013775 0.099276 -0.116840 -0.111617 0.108823
0.058205 -0.062642 -0.183314 -0.177156 0.093078 0.089105 0.095045 -0.027541 -0.043356 0.029933 0.099915 0.193162 -0.174532 0.003102 0.151102 -0.104010 0.147522 -0.035180 -0.042538 0.113459 -0.019911 0.023391 0.007226 -0.006560 0.013032 0.013072 0.211610 -0.030475 -0.150974 0.068039 -0.006336 0.084560 -0.025784 -0.147532 -0.068405 0.148609 -0.115549 -0.077269 -0.094203 -0.043161 0.050151 -0.130639 -0.004472 -0.026023 0.002989 -0.027741 0.002549
-0.006790 0.087567 0.069584 -0.238381 -0.080868 0.065249 -0.067509 0.300976 0.024611 -0.100239 -0.026315 0.074982 -0.044901 0.053143 0.052100 0.064139 0.218526 0.006639 -0.014139 -0.283667 0.091760 -0.198916 0.024103 -0.004111 -0.012443 0.120781 0.046600 -0.135118 -0.069029 0.009527 -0.181377 0.182084 -0.090537 -0.144563 0.045609 -0.134353 -0.025253 -0.020650 -0.243512 0.059313 -0.002668 -0.041139 0.000405 -0.051615 -0.080265 0.037404 0.122251
-0.047246 0.007070 0.011208 -0.069966 -0.033593 0.033548 0.048301 0.161680 -0.106150 -0.107251 -0.062900 0.083645 0.141107 0.012051 0.128727 -0.032751 0.156229 -0.095789 0.026165 -0.044780 0.051611 -0.016014 0.126973 -0.125790 -0.006151 -0.102207 -0.253659 0.078216 0.024542 0.036431 -0.133344 -0.053844 -0.234922 0.020222 -0.027674 0.048419 -0.105500 -0.063335 -0.057054 -0.127816 0.048583 0.097914 -0.106657 0.107161 0.089329 0.042297 -0.026869
0.067236 0.070894 -0.113514 -0.149213 0.027374 0.027867 0.067782 0.026338 0.066151 -0.061804 0.151951 -0.002587 -0.052013 0.143201 0.226246 0.167893 0.068293 -0.201597 0.046555 0.090353 -0.085947 -0.129143 0.152206 0.044824 -0.035079 -0.144497 -0.087214 -0.049648 0.064978 0.067255 -0.022488 -0.003663 -0.054288 -0.148799 -0.129946 0.006439 -0.082350 -0.007848 -0.196202 0.039536 -0.066024 -0.160822 -0.084530 -0.030083 -0.112702 -0.055178 0.126190
0.012578 0.070915 0.021238 -0.120124 -0.060887 0.033579 -0.049530 0.177194 -0.013137 -0.276828 -0.046642 0.073699 0.072935 -0.013024 -0.047315 0.112201 0.274272 0.044491 0.005309 0.188354 -0.197690 -0.002611 0.222691 -0.272040 0.008620 -0.172310 -0.220565 -0.036559 -0.090799 0.034286 -0.258157 0.154239 -0.127606 -0.205288 -0.021990 0.073347 -0.060654 0.021948 -0.182111 -0.128429 -0.008682 0.133710 -0.180445 0.120032 0.109320 -0.019949 0.057693
-0.075791 0.046989 0.061175 0.136938 -0.132249 0.017367 0.066984 0.119128 -0.066858 -0.110521 0.024038 -0.074656 0.049925 0.117105 -0.118356 -0.112614 -0.116771 -0.204913 0.001224 -0.024355 -0.065122 0.124871 0.100805 -0.103288 0.037243 0.018132 0.056491 -0.062847 -0.120652 0.033641 -0.251793 -0.101966 0.054245 0.011516 -0.140048 -0.043885 -0.012129 -0.048949 0.015555 -0.045562 0.011631 0.006473 -0.050965 -0.064217 0.097741 -0.065031 0.060678
0.093792 -0.066260 0.068775 0.044889 -0.175962 0.102171 -0.146229 -0.038350 0.019948 -0.000259 0.075782 0.144473 -0.096039 0.072776 0.091637 -0.084689 0.002628 -0.093918 -0.007800 0.117645 -0.087414 0.019437 -0.176683 -0.118171 -0.028834 0.182813 0.081962 0.003402 -0.168991 0.069015 -0.194008 0.068919 -0.072712 -0.068105 0.104995 -0.108295 -0.077896 -0.127216 -0.114826 -0.012875 -0.006399 -0.154935 0.016134 0.013206 -0.145612 0.127713 0.011560
0.031332 0.081707 0.065463 0.054274 -0.032743 -0.030434 -0.045617 0.232917 -0.069107 -0.127983 0.027642 -0.106189 0.075739 -0.069268 0.137481 0.050402 0.079820 -0.243989 0.040421 -0.056938 -0.025748 0.027107 0.130574 -0.186451 -0.003813 -0.340943 -0.104284 -0.205452 0.062105 0.056611 -0.297251 0.011992 -0.181668 -0.168888 -0.037857 -0.036781 -0.033290 -0.107660 -0.046761 -0.016403 0.096235 0.150875 0.007781 0.048585 0.101498 0.088230 0.065453
-0.011258 0.000853 -0.076534 -0.331084 0.078259 0.086552 0.109127 -0.095412 -0.021387 -0.046080 -0.143330 0.022625 0.003752 -0.031963 -0.069448 0.097455 0.143315 0.219199 0.019136 -0.340321 0.005065 0.077746 0.118628 -0.347551 0.023354 -0.020776 -0.067541 -0.163153 -0.169069 -0.096996 0.003327 -0.004873 0.207719 -0.053722 0.055784 -0.221971 -0.134853 -0.003204 -0.074882 0.107062 -0.021353 0.073673 0.122939 0.035510 0.051898 0.068698 -0.126607
0.100619 0.038858 0.207497 0.259903 -0.051120 -0.167427 0.045756 0.153169 -0.127253 0.061782 0.049571 -0.031625 -0.082874 0.042370 -0.036563 -0.061772 -0.060910 -0.266290 -0.031011 -0.054464 -0.295650 -0.091648 0.164446 0.110213 -0.033692 0.001013 0.131895 0.071131 -0.140561 -0.011971 0.002004 0.011158 -0.144095 0.048599 -0.053825 -0.144242 0.263882 -0.356036 -0.129512 0.004576 0.042077 -0.009119 -0.060636 0.193293 0.071878 0.022817 -0.183367
0.123508 0.014611 -0.030578 0.167366 -0.089827 -0.168695 -0.025201 0.036914 0.018300 0.106457 0.068187 -0.123652 -0.102295 -0.050664 -0.073442 -0.052768 0.005842 -0.007619 0.051724 -0.012841 -0.118437 -0.018213 0.125392 -0.147333 0.043344 0.089820 0.039905 0.005729 0.075369 0.039945 -0.210660 0.039436 0.051932 -0.125378 -0.048171 -0.054186 0.174204 -0.090433 -0.073297 0.178808 -0.081616 0.018166 -0.018229 -0.107758 0.158246 -0.006852 -0.044872
-0.036438 -0.003555 0.013592 -0.109900 0.049625 0.080300 0.061353 0.112507 -0.088023 -0.109005 -0.016807 -0.183037 -0.242706 -0.077511 -0.147753 -0.041078 -0.122421 0.162894 0.013899 -0.051334 0.313044 0.013975 -0.074162 -0.026211 -0.040808 -0.087454 0.056036 0.000055 -0.402168 -0.078901 0.086843 -0.061062 0.240811 0.101038 0.235856 -0.065530 0.026062 0.172074 -0.154577 -0.078086 -0.073333 0.064751 0.069259 0.004538 -0.046698 0.123127 0.054785
0.026210 -0.146416 0.063996 0.074253 -0.035978 -0.071040 0.056487 0.083546 0.074960 0.154827 0.127831 -0.032568 -0.306916 -0.010442 -0.209279 0.025915 -0.014293 -0.168674 -0.028043 -0.123026 0.066421 -0.313341 0.136454 -0.104082 0.095159 0.034022 0.054319 -0.039833 0.032382 0.057449 0.033479 -0.001450 -0.065418 -0.094341 -0.070972 0.016247 -0.052932 -0.170686 -0.258281 0.261228 -0.363091 -0.066821 -0.112949 0.007464 0.103327 -0.119418 -0.032403
0.001676 -0.037061 -0.054101 -0.229851 0.009522 -0.033789 0.008356 0.082352 -0.000214 0.125045 -0.011994 0.001738 -0.148290 0.102327 -0.220387 -0.120171 -0.062514 0.060367 -0.053978 -0.190900 -0.035453 -0.026593 0.108025 -0.096562 -0.015428 0.077575 -0.025359 -0.073980 -0.065476 0.052690 0.038755 0.010996 0.300253 -0.070102 0.026573 0.000549 -0.062034 0.112620 -0.161510 0.188579 0.017940 0.057808 0.097350 0.176382 0.090574 -0.042361 -0.278203
0.068857 0.062222 -0.226225 -0.073196 -0.121563 -0.279797 -0.041246 -0.058176 0.085733 0.101094 0.040208 0.032180 -0.116198 0.033716 -0.019156 -0.108869 0.114904 -0.024341 0.004326 -0.208465 0.037622 -0.001673 -0.019717 0.085277 -0.036013 0.127619 0.093248 0.071331 -0.017953 -0.022337 0.079241 0.072804 0.189974 -0.095786 -0.102013 -0.007574 -0.026797 -0.181270 -0.143520 0.051595 0.203444 -0.149416 -0.013453 -0.016461 0.067853 0.090990 -0.004682
-0.045874 -0.163154 -0.032164 -0.252502 -0.063782 -0.116039 -0.047604 0.329497 0.063976 0.010008 0.034932 -0.022436 -0.215147 0.015642 -0.135037 -0.065222 -0.123466 0.067905 -0.090395 0.000180 -0.193088 0.066830 0.040927 -0.117010 -0.007466 0.000066 0.107366 -0.017921 0.059959 -0.019933 0.132748 0.071126 0.207892 -0.013200 -0.053880 -0.053451 -0.004583 -0.036485 -0.071783 0.283730 0.022315 0.162132 0.026649 0.015766 -0.032847 -0.003336 0.006547
-0.006680 -0.017687 -0.167642 -0.090933 -0.262256 0.019150 0.052360 0.039988 0.117794 -0.165949 0.075395 0.165361 -0.254625 0.058297 0.007482 0.067492 -0.049019 -0.012284 -0.045102 -0.018430 0.044647 0.008310 0.117056 -0.116017 -0.058246 0.044801 -0.063603 0.083393 -0.321563 -0.021431 0.085299 0.148611 0.274496 0.046456 0.015133 0.047184 -0.053664 -0.238189 0.020001 0.033764 0.099807 0.242889 0.197692 -0.030704 0.110553 0.061033 -0.078193
-0.006254 0.007833 -0.287409 -0.358535 0.197907 0.141327 0.197025 -0.071243 -0.108857 -0.215231 -0.087601 -0.016962 -0.153093 -0.046206 -0.045324 0.085036 -0.034091 0.163427 -0.052388 -0.395449 0.134255 0.165340 0.037561 -0.340764 -0.106980 0.075737 -0.008729 0.041441 -0.015439 -0.085897 0.075814 0.130783 0.280971 -0.270523 0.345350 -0.494658 -0.237981 0.053904 -0.039405 -0.038203 0.059385 0.156614 0.179925 -0.035866 -0.195710 -0.118609 -0.136463
0.069667 -0.022658 -0.289954 0.087367 -0.074509 -0.239861 -0.050149 -0.171871 -0.126001 0.113855 -0.145283 -0.169750 -0.135333 -0.141545 0.104589 -0.089782 -0.025905 0.193970 -0.007471 -0.234452 -0.070405 0.072098 0.065922 0.100347 -0.001338 0.192823 0.054432 -0.068074 0.158388 0.080124 0.110278 0.086084 0.082107 0.026451 0.034699 0.063860 0.089583 0.065276 -0.194916 0.042617 0.001673 -0.008001 0.184708 -0.126952 0.068044 -0.033316 0.042755
0.060704 0.042622 -0.178890 -0.057674 0.243825 0.088458 0.119854 0.216764 -0.140823 -0.020059 0.084696 -0.171269 -0.376598 -0.112037 -0.258602 -0.016052 -0.124293 0.215175 -0.071599 -0.060353 0.332001 0.142373 -0.088033 -0.022768 -0.204206 0.034697 0.059938 0.061041 -0.438059 -0.061361 0.074754 -0.080301 0.291347 0.130219 0.282642 -0.058524 -0.057106 0.076084 -0.097932 -0.241767 -0.004830 -0.060318 0.155397 0.052976 -0.157310 0.042201 0.071080
-0.045328 0.142966 0.026044 -0.106597 0.166279 -0.116534 0.014386 0.124267 -0.066058 0.091135 0.003586 -0.319038 -0.188536 -0.225634 -0.291199 -0.088398 -0.019435 0.133603 -0.037743 -0.225166 0.035783 0.074232 -0.037755 -0.179611 -0.096527 -0.141264 0.041168 -0.197495 0.003936 -0.090002 -0.002766 0.026085 0.349421 0.062964 0.170877 -0.178477 -0.000199 0.147132 -0.143022 0.153097 0.096385 0.239622 0.120083 -0.043127 0.061003 0.072750 -0.134767
-0.072096 -0.012062 0.010783 0.072760 -0.154768 -0.511902 0.128842 -0.127895 0.002433 0.180486 0.086266 -0.214558 0.100763 -0.079626 -0.094097 -0.049694 0.059119 0.022116 0.017374 -0.134097 -0.119870 0.077556 0.113638 -0.132951 0.035375 0.241108 0.016952 -0.214395 0.211145 -0.032817 0.067783 -0.140448 0.151720 0.198777 -0.132069 -0.166586 0.060497 -0.400502 -0.097661 0.153137 -0.061501 0.145397 0.300012 -0.057069 0.079125 0.171562 -0.191648
0.064621 0.027217 -0.008076 -0.156826 0.290698 -0.204739 0.035970 -0.023607 -0.147722 0.164600 0.402430 0.249977 -0.388790 0.457911 -0.079368 -0.012927 0.048625 -0.057425 0.045248 -0.127749 0.117672 -0.084596 0.128353 0.033648 -0.166791 0.040112 0.143582 0.395737 -0.088565 0.102183 0.057407 0.114650 0.372113 -0.203523 0.125340 -0.265779 -0.097364 -0.122530 -0.409307 -0.059039 -0.029012 0.015175 -0.026548 -0.166224 -0.136887 -0.187945 -0.185044
-0.067861 0.127375 0.056716 -0.223960 0.151351 -0.017717 0.090149 0.098411 -0.125796 -0.034701 0.085482 -0.253247 -0.267379 -0.286836 -0.085047 -0.071843 -0.162799 0.233903 -0.116186 -0.212423 0.171728 0.029925 -0.133838 0.094797 -0.151438 -0.116737 0.055268 -0.012034 -0.097479 -0.081554 0.070771 -0.042449 0.207660 0.111812 0.181224 -0.047341 0.011443 0.121607 -0.202877 0.037532 -0.043983 0.130652 0.102786 0.080444 0.058856 -0.024605 -0.017903
0.029763 0.064222 -0.057229 -0.076287 -0.043828 -0.041869 -0.119952 0.020578 -0.054276 0.025303 0.020322 -0.089891 0.134384 0.019688 0.028712 0.013060 -0.042844 -0.134251 0.053467 -0.013921 -0.030117 0.003746 0.023251 0.000248 -0.038281 0.023885 -0.000601 0.003610 0.023418 -0.004389 -0.108451 -0.037238 -0.012802 -0.042291 -0.056277 -0.034429 -0.112963 0.002713 -0.009894 -0.049263 -0.023521 0.017009 -0.163268 0.005589 0.012993 0.068783 0.043454
0.056165 -0.034415 -0.070385 -0.314297 -0.098790 0.178053 0.124919 -0.055369 -0.016170 0.080815 -0.125749 -0.051283 -0.009174 0.015939 0.168347 0.151183 0.066251 -0.157676 0.108378 0.081590 0.076302 -0.319146 0.043112 -0.027350 0.005353 -0.193586 -0.144448 -0.017522 0.029053 -0.025194 -0.217656 -0.027611 0.087390 0.030210 -0.088178 0.015661 0.034810 0.093339 -0.125418 -0.139635 0.040438 0.053933 -0.036078 0.023920 -0.086195 0.036943 -0.161902
0.031942 -0.081410 0.019664 -0.202012 -0.279000 0.059361 0.081992 0.029959 0.008816 0.163429 -0.100311 -0.061624 -0.013153 -0.064788 0.182000 0.159314 0.035892 -0.184324 -0.143530 -0.075894 0.034261 -0.171162 -0.034746 -0.154250 0.145939 0.115499 0.188069 -0.034582 0.227108 -0.074144 -0.071056 -0.049351 -0.008387 -0.078286 0.000990 -0.081962 0.091687 0.012763 -0.223691 0.031632 -0.060083 0.182670 0.113136 -0.079751 0.123286 -0.055323 -0.033873
0.021164 -0.076061 -0.110759 -0.228207 -0.036783 0.005499 0.055467 -0.003965 0.018681 -0.075209 -0.001142 -0.004312 0.087630 0.007563 -0.111706 0.051772 -0.068816 0.066537 0.002831 0.115223 0.130001 -0.038082 -0.029835 0.092504 0.034883 0.045133 -0.045334 0.020646 0.055051 0.035433 -0.053220 0.064430 -0.004500 0.067388 0.132371 -0.097659 -0.097958 -0.056709 -0.094353 0.080489 0.085088 0.015344 -0.064611 0.037718 -0.045576 0.142774 -0.063210
-0.069098 -0.321614 -0.031629 -0.305264 -0.078377 0.227734 0.017616 0.007573 -0.106951 -0.008762 0.008492 -0.078982 -0.061226 0.018069 0.015082 0.069441 0.225763 0.048539 -0.012229 -0.186215 -0.048266 -0.100243 -0.107263 0.046731 0.011373 -0.072753 0.216947 0.081520 0.084562 0.044120 -0.104536 -0.084055 0.116907 -0.145247 -0.053728 -0.052867 0.107618 0.065360 0.104050 0.042095 0.096040 -0.160223 -0.193799 0.001291 -0.043784 0.044368 0.016555
-0.076471 -0.390438 0.052453 -0.257192 -0.175300 -0.145734 -0.093356 0.104344 -0.171848 -0.015081 -0.128930 -0.081632 0.093038 0.010014 -0.059721 0.041181 -0.091947 -0.025987 0.099502 -0.067415 -0.073021 -0.029926 0.008640 0.103253 0.084475 0.061276 -0.041112 -0.054621 0.167749 0.035503 -0.014874 0.067391 0.059489 -0.160960 0.019910 -0.187076 0.034968 -0.113725 -0.055289 0.009735 0.150673 0.018839 -0.136585 0.029292 -0.030402 0.149923 0.058814
0.097305 0.004463 -0.028293 0.017635 -0.017785 -0.016850 -0.032941 -0.128901 0.066219 0.009569 0.038922 0.004051 0.024483 -0.050914 0.172781 -0.023539 -0.100874 -0.041206 0.035482 -0.080638 0.000870 -0.145928 0.039220 0.068013 0.029617 0.097185 0.041181 0.051712 -0.009393 -0.066536 -0.074057 -0.029816 0.001541 0.119802 0.009259 0.046359 -0.001111 -0.128400 -0.002270 0.046359 -0.021802 -0.008466 -0.127415 0.043968 0.065221 0.037075 0.008835
0.029061 -0.055359 -0.029036 -0.074413 -0.114866 -0.000495 -0.078122 0.193948 0.019391 -0.022441 -0.081892 -0.069077 0.075755 -0.124969 0.046938 -0.024769 0.031010 -0.151984 0.030486 -0.029551 0.065831 -0.113804 0.137266 -0.029313 0.077468 -0.069429 0.124307 0.004121 0.065941 0.003324 -0.141022 -0.026224 0.037626 0.012265 -0.072392 -0.043964 0.065677 -0.018437 -0.194980 -0.041695 0.119278 0.084968 -0.099404 0.070770 -0.069031 0.076701 -0.035466
0.075707 0.013184 -0.028465 -0.092988 0.004964 -0.041183 0.035710 -0.161437 -0.143372 0.231044 -0.063340 -0.074283 0.108269 -0.180332 0.001655 0.001748 0.134471 -0.063504 -0.092348 -0.052456 -0.106165 -0.034152 0.084137 -0.283202 0.133515 0.171309 0.306464 0.093161 0.124953 -0.126257 -0.149068 -0.048257 -0.145793 0.241409 0.035368 -0.007396 -0.092551 -0.095528 -0.065217 -0.116361 0.056903 -0.137497 0.061321 -0.021649 -0.154391 0.030405 -0.151889
0.061950 0.076952 -0.000364 0.154854 -0.312677 0.021213 -0.012735 -0.019066 -0.075470 0.032928 0.053434 -0.057006 0.042179 -0.048898 -0.023802 0.074827 -0.066986 -0.149106 -0.016230 0.039793 -0.050627 0.014280 0.079798 -0.005132 0.014728 -0.002662 -0.067641 -0.032749 -0.066485 0.013703 -0.223459 -0.076736 -0.043100 -0.036514 -0.034689 0.055422 0.070909 -0.156095 0.110003 -0.039831 0.043565 -0.038706 -0.118589 0.022385 0.086820 -0.007120 0.001057
-0.060807 -0.003520 -0.117291 0.019518 -0.117689 0.054279 -0.072114 -0.063994 -0.030091 0.024267 0.089659 -0.017553 -0.061569 0.029372 0.036428 -0.032164 -0.125904 -0.005820 0.106933 0.014628 0.066834 -0.014430 0.094269 -0.039497 0.038539 0.095416 -0.166783 0.001986 -0.015573 -0.081754 -0.224314 -0.120820 0.018200 -0.128709 -0.119269 0.046566 0.047643 -0.032314 0.068621 0.031175 0.118614 0.008454 -0.124780 0.075616 -0.006546 0.029457 -0.020584
0.046265 0.080687 -0.100735 0.017709 -0.017953 -0.027215 -0.098566 -0.008770 -0.019242 -0.003450 0.032400 0.017636 -0.032711 -0.059983 -0.051296 0.088606 -0.105320 -0.071598 -0.020574 0.043912 0.171225 0.001241 0.077348 -0.083690 -0.034764 0.035216 -0.102585 0.070365 -0.071646 0.054177 -0.121486 -0.101802 -0.098298 0.023478 -0.018487 0.018593 -0.052367 -0.070807 0.188831 -0.059101 0.050202 -0.008352 -0.083271 0.058957 -0.129193 0.136081 -0.000343
-0.008897 0.113921 -0.003605 0.136643 -0.092589 0.010941 -0.053755 0.160355 -0.002558 0.025071 -0.075286 0.078868 0.126521 -0.048822 -0.080363 -0.024938 -0.019940 0.015077 0.019289 -0.029059 0.045648 -0.071449 0.169310 0.000866 -0.042068 -0.036790 -0.066380 0.025721 -0.019200 -0.002947 0.089683 -0.170721 -0.101912 -0.017302 -0.026926 -0.019580 -0.013494 -0.036718 0.022294 -0.040380 -0.025923 -0.048168 -0.113967 0.003157 -0.046377 0.067764 0.043795
-0.056124 0.062416 -0.077169 0.038901 -0.004183 0.076606 -0.175476 -0.027616 0.107461 -0.023109 0.037047 0.031627 -0.082749 0.002953 -0.111212 0.117683 -0.124660 0.028860 0.075328 -0.014551 -0.028223 -0.004080 0.118286 -0.013477 0.147732 -0.069557 -0.002408 -0.004419 -0.159765 -0.041847 -0.051768 -0.057446 -0.228169 -0.021634 -0.087705 0.036895 -0.003878 0.003657 0.026668 -0.058670 -0.099927 0.032036 -0.091667 -0.070918 0.021145 -0.050499 0.072160
0.011111 0.086704 -0.026583 0.060716 -0.075387 -0.164998 -0.061652 -0.129542 -0.028540 0.098005 -0.056405 0.022064 -0.069894 0.120763 0.125537 0.119179 0.023094 -0.023134 -0.064706 -0.198042 -0.001410 -0.015657 0.080650 -0.235793 0.073266 0.205697 0.087259 0.029620 0.032289 -0.077227 -0.092918 -0.008200 0.018536 0.032026 -0.121664 -0.056275 -0.062950 -0.079808 0.040878 -0.093727 0.081936 -0.046121 -0.103105 0.118917 -0.077510 0.093019 -0.148476
0.035973 -0.063724 -0.185858 -0.053130 -0.032117 -0.041487 -0.044707 0.003260 0.105570 -0.029298 -0.069727 0.006974 0.070900 0.040692 -0.057274 -0.035411 0.010103 -0.009768 0.124792 0.013422 0.078101 -0.165364 0.053928 -0.188020 0.011114 0.043600 0.050499 -0.021461 0.027398 -0.113689 -0.030327 -0.093742 0.036531 -0.040298 -0.031025 0.010920 -0.048770 0.024710 -0.025046 0.034666 0.107975 -0.088680 -0.124448 0.037005 -0.058606 0.172968 0.086349
0.052886 0.016766 -0.017095 0.027194 -0.081101 -0.090756 -0.154445 0.055043 -0.092395 -0.036441 -0.041707 -0.015664 0.004575 0.029984 -0.036045 -0.032912 -0.146437 0.050107 0.018703 -0.010507 -0.098928 -0.064565 -0.193659 -0.005206 0.085674 0.073266 0.048598 -0.111284 -0.020166 -0.084560 0.101995 0.142533 0.090995 0.015998 -0.058480 -0.014728 0.075222 0.081342 -0.031230 0.016128 -0.079637 0.009049 -0.020142 0.087710 -0.021024 0.015525 -0.043445
0.079587 -0.161479 0.105633 -0.043192 0.113390 -0.045646 -0.167781 0.003221 0.090371 0.020403 -0.064731 -0.071017 -0.012462 0.037538 0.057784 -0.134834 0.057430 -0.024419 0.281766 -0.194776 -0.075789 0.020632 -0.067780 0.009155 0.056809 -0.116791 -0.003112 0.000412 -0.093684 -0.158517 0.027676 0.092311 -0.017679 -0.096467 0.046069 -0.156477 0.202688 0.185459 0.030973 0.087485 -0.037776 -0.045043 0.139347 -0.007428 0.011712 -0.086536 -0.023477
0.043731 -0.076558 0.040066 -0.026043 0.045717 -0.058765 -0.295163 -0.120197 -0.042596 0.228399 -0.071888 0.038467 -0.093010 0.148717 0.054806 -0.066046 -0.031404 0.014851 0.061977 0.011045 -0.002188 -0.033199 -0.199447 -0.023649 0.045292 -0.034303 0.210276 -0.051407 -0.021915 0.032859 0.021255 0.136652 0.059469 -0.190213 -0.058659 0.025618 0.023348 0.076850 0.063305 -0.026928 -0.001709 -0.032634 0.210495 0.083177 -0.067658 -0.005039 -0.030142
0.009631 0.195106 0.049678 -0.223829 0.025764 -0.034900 -0.216776 0.056907 -0.022651 0.115124 0.019068 -0.063081 0.043702 0.068770 -0.006893 0.054994 -0.047380 -0.039165 0.023358 0.052855 -0.230645 -0.082186 -0.036574 -0.038142 -0.017948 -0.105150 0.131923 0.043088 -0.109665 -0.016980 0.142270 0.042240 0.152633 -0.041555 -0.048496 -0.099469 -0.026185 0.094880 0.069535 0.105036 -0.170748 -0.044094 0.120944 0.108174 -0.037723 0.020817 -0.073237
0.172189 0.029910 -0.139984 0.087898 0.250884 0.134817 -0.009790 -0.179353 0.107382 -0.077746 -0.155892 0.021856 -0.104865 0.162542 0.106958 -0.075623 -0.131636 0.048885 -0.123810 0.053679 -0.384275 0.391447 -0.029566 -0.253132 -0.246010 -0.020604 0.196167 -0.070377 -0.293121 0.008810 -0.094584 0.066810 -0.059381 -0.253072 -0.144229 0.106852 -0.069535 -0.204535 0.199256 0.056804 0.007433 0.296762 -0.150772 0.000465 -0.029613 -0.163267 0.098222
-0.087980 -0.051419 0.048661 0.182340 -0.304883 -0.099102 -0.081991 0.051976 -0.287320 -0.114013 -0.334236 -0.531067 -0.076267 0.028196 -0.360453 0.252028 -0.475455 -0.259676 -0.126675 0.204194 -0.167792 0.074561 -0.521985 -0.040281 0.123165 -0.170974 0.002945 -0.632007 0.291155 0.002413 0.059994 0.160198 0.013660 -0.115047 0.042502 -0.209480 0.039096 -0.449772 -0.628688 -0.179241 -0.107182 0.104240 0.413778 0.168562 0.092210 -0.081073 0.180022
0.147216 0.050364 0.112569 0.039424 -0.037539 0.088163 0.011265 -0.040281 0.208742 -0.126789 -0.268573 0.072438 0.064238 0.051246 0.048052 0.040327 0.083223 -0.049875 0.031471 0.078963 -0.104034 -0.084369 -0.116735 -0.332135 0.020462 -0.033249 0.066652 -0.108410 -0.118261 -0.122861 -0.086206 -0.024514 0.154570 -0.007159 -0.111549 -0.048439 -0.120254 -0.041853 0.241769 -0.001684 -0.104801 0.036147 0.016596 -0.159568 0.052283 -0.034453 -0.055854
0.035993 -0.006273 0.133298 -0.007354 0.014070 0.182410 -0.144172 -0.033513 -0.167449 0.006980 -0.167204 -0.637253 -0.124223 -0.036300 -0.346091 0.229475 -0.111409 -0.028608 -0.011511 0.136922 -0.080294 -0.090311 -1.012465 -0.309086 0.024661 -0.345502 0.144687 -0.686141 0.187573 -0.233384 -0.050467 0.094488 0.123236 -0.242331 -0.014350 -0.031602 0.163061 0.063087 -0.107205 0.124719 -0.159099 -0.076623 0.198030 -0.000867 0.064763 -0.380471 -0.020580
-0.005431 0.068945 0.319677 0.138217 -0.145530 0.119343 -0.181968 0.049471 -0.079176 0.153095 -0.091716 -0.545254 0.012766 -0.225580 -0.010471 -0.176077 -0.338066 -0.255350 0.019636 0.062392 -0.294314 0.067779 -0.272906 -0.612875 0.045005 -0.371584 0.039258 -0.879398 0.100031 0.005743 0.165640 0.138014 0.145793 0.052655 0.030909 -0.071729 0.041745 0.143376 -0.005043 0.170145 0.059839 -0.039475 0.175052 -0.230342 -0.116167 -0.270672 -0.082204
0.028265 -0.033788 -0.022424 -0.233014 0.200131 -0.123225 -0.043462 -0.146808 -0.002932 0.033379 -0.079497 0.123292 -0.004236 0.049512 0.099347 0.035450 -0.091040 0.054034 -0.004399 -0.043051 0.004545 -0.012970 -0.016306 -0.020383 0.036377 0.008418 0.014865 0.117924 0.037959 0.014346 0.014562 -0.000751 0.172701 -0.132564 -0.064695 0.045744 0.019034 0.037388 -0.102325 0.081061 0.008891 -0.033118 0.055578 -0.020519 -0.035556 -0.050562 -0.123549
0.010482 -0.021510 -0.097326 -0.399289 0.125853 -0.052882 0.010700 -0.224294 0.182511 -0.006112 0.069720 0.146548 0.016365 0.001075 0.051994 -0.022922 0.003738 0.148330 -0.080335 -0.263192 0.058203 -0.039345 0.026343 0.013426 0.041655 -0.024039 -0.026433 0.052184 -0.049501 -0.035072 0.050827 -0.041381 0.104587 -0.110098 -0.101042 -0.032014 -0.021162 0.099501 -0.119014 0.111108 -0.001098 -0.014756 -0.038172 -0.002264 0.074527 0.019638 -0.129728
-0.097870 0.098329 0.063028 -0.253295 0.148403 -0.050657 -0.157209 -0.083916 0.106991 0.051485 0.029697 -0.150588 -0.027882 0.023002 -0.008270 0.027507 -0.085198 -0.028646 0.009897 0.193494 0.086935 -0.063603 -0.121571 0.054629 0.024400 0.041323 0.071035 0.052464 0.047676 -0.045148 0.021715 0.033529 0.080991 0.013100 -0.001873 -0.078356 -0.026104 0.034229 -0.084796 0.025602 -0.054450 0.018431 -0.013995 0.116218 -0.026118 -0.028624 -0.085383
-0.032548 0.068815 -0.105595 -0.116002 0.243169 -0.105300 -0.021248 -0.292084 0.273984 0.163066 0.138744 -0.159505 -0.004591 -0.010103 0.016408 0.020041 -0.153178 -0.013557 -0.200215 -0.109977 0.002200 0.045615 -0.051251 0.006224 -0.012896 0.076956 -0.113734 -0.024260 0.101626 -0.037183 -0.023006 0.027461 0.081703 0.020018 -0.057329 -0.039351 0.015556 0.118923 -0.138596 0.139448 0.093606 0.034609 0.030819 0.013988 0.041831 0.015015 -0.296368
0.064610 0.046649 0.071199 -0.251494 0.079815 0.060574 -0.041946 0.085456 0.174378 0.029286 -0.230927 -0.210656 -0.067468 -0.065727 0.142011 -0.146117 -0.073300 -0.016726 0.012849 0.022854 -0.066831 -0.109341 -0.160743 0.120593 -0.024559 -0.194630 0.098821 0.013006 0.043802 0.035593 -0.073727 -0.027112 0.144260 -0.006428 -0.176184 -0.056907 -0.040145 0.034241 0.175185 0.111813 0.097362 -0.073502 0.025418 -0.122192 -0.018565 0.032012 -0.024663
0.016176 0.217232 -0.165334 -0.273834 0.023229 0.066692 0.015824 -0.007726 0.003103 -0.058120 -0.002004 -0.066747 0.025093 -0.066004 -0.128602 -0.023280 -0.006593 0.062084 0.012689 -0.137271 0.033337 -0.130854 0.068027 0.072976 0.066625 -0.023846 -0.017591 0.056731 -0.082798 -0.051743 0.032397 0.104710 0.052293 -0.013878 0.020449 -0.135823 -0.007961 0.025136 -0.072585 0.098532 -0.034096 0.011060 0.089968 0.045992 0.010849 -0.050770 -0.046077
0.015767 0.162846 -0.141584 -0.268253 0.108021 0.067735 -0.050911 -0.018696 -0.026081 -0.004991 0.037836 -0.030430 0.062727 -0.072008 -0.070726 0.045076 -0.001346 0.056258 0.033590 -0.142124 0.006616 -0.064180 0.076195 -0.002638 0.060854 0.053433 0.024492 0.009024 0.047763 -0.074588 0.017695 0.049866 0.049150 0.009884 -0.106095 -0.093735 0.023851 0.082050 -0.039834 0.059617 0.066598 0.061645 0.040021 0.049679 0.100908 -0.014665 -0.233741
-0.013221 -0.151958 0.017780 -0.065916 -0.029295 0.011208 0.017843 0.002426 -0.004918 0.037857 0.038916 -0.068944 0.070568 0.104954 0.094167 -0.126188 -0.172411 -0.053504 -0.041962 -0.215208 0.213107 0.147067 0.198227 -0.050135 0.024230 -0.191746 0.050454 0.046696 0.066996 -0.061466 -0.079850 0.013014 -0.139902 0.074878 -0.170028 -0.033498 -0.026204 0.086869 -0.206990 0.166096 0.005598 0.008132 -0.016527 0.093054 -0.053926 0.028962 0.060206
0.100579 -0.068199 0.081373 -0.058335 -0.092973 -0.106656 -0.125699 0.007278 0.026638 0.038149 -0.319770 -0.033072 -0.090223 0.082571 0.107317 0.073231 -0.097403 -0.158210 0.273191 -0.134576 0.075778 -0.021108 -0.040748 -0.055418 0.006036 0.001343 0.172885 0.058122 0.034608 -0.259931 0.018900 -0.037575 -0.134922 0.110677 -0.073370 0.000099 -0.059472 0.150558 -0.097011 0.140494 0.030674 0.039849 0.000346 -0.012317 -0.141967 0.225090 -0.057561
0.028877 -0.019620 0.041191 -0.215939 -0.093509 0.022848 -0.325255 -0.247165 -0.258352 -0.073427 -0.191022 -0.099894 0.182967 0.223019 0.193243 0.148014 -0.020551 -0.107082 0.083186 -0.187747 -0.050885 0.129805 -0.107125 0.010150 0.050281 -0.020777 0.063547 0.039313 -0.088823 -0.187071 0.008887 0.016700 -0.117430 0.047823 0.006428 0.114815 0.065507 0.081286 0.056131 0.211503 -0.027477 0.014791 -0.055227 0.028541 0.103488 0.352194 0.115054
0.029194 0.039675 -0.076378 0.132869 -0.075270 -0.010896 -0.007072 -0.172267 -0.061127 -0.088286 -0.002572 0.079333 0.027073 0.096768 -0.127370 -0.108830 -0.084892 -0.042608 -0.007908 -0.111721 0.014704 -0.048012 -0.019300 0.025163 0.008548 -0.013844 0.005920 0.033455 0.059050 -0.045101 0.022528 -0.112178 0.012498 0.208173 -0.075649 -0.029575 -0.049901 0.121514 0.002544 -0.073711 0.013041 -0.011059 0.012635 0.057539 -0.128294 -0.007866 -0.128429
-0.050329 0.043101 0.058896 -0.229838 -0.147201 -0.111593 -0.134284 -0.295380 -0.074727 -0.142578 -0.133638 0.067728 0.250054 0.060395 0.168649 -0.031622 -0.226215 0.035846 -0.004800 -0.096456 0.002289 -0.005597 0.062437 -0.057021 -0.122984 0.031075 0.245385 0.184610 -0.098199 -0.068040 -0.008584 -0.142924 -0.197034 0.089549 -0.072191 0.299667 -0.045662 0.187124 -0.019725 0.232901 -0.093785 -0.216105 -0.119202 0.037378 0.068404 0.146051 0.020818
0.032363 0.038732 -0.099324 0.076123 -0.086006 -0.062847 -0.136225 -0.173394 0.065759 -0.132206 0.114201 0.090211 -0.028354 -0.007444 -0.163070 -0.075902 -0.040141 -0.114833 0.108314 -0.001904 0.089240 0.113919 0.063107 0.099711 -0.001812 -0.029910 -0.049907 -0.003953 0.016604 0.040007 -0.070310 -0.112091 -0.190316 -0.038724 0.122725 0.058526 0.068924 0.085089 -0.047040 -0.025863 -0.105067 -0.050104 0.004169 0.094627 0.059153 -0.046934 -0.009601
-0.256288 0.041950 0.041644 0.034716 -0.017753 0.003000 -0.016023 -0.108579 0.004049 -0.218497 -0.119808 -0.123909 0.175762 -0.167388 0.139579 0.099937 -0.008367 -0.134691 0.077463 -0.186300 0.082101 -0.027527 -0.018206 -0.198072 -0.135619 -0.083228 -0.018745 0.040704 0.117037 -0.089712 -0.066495 -0.251720 -0.152193 0.203365 -0.011301 -0.071300 0.033599 0.031458 0.009202 0.052318 -0.020113 0.104373 0.077446 0.049335 -0.036356 0.284853 0.047350
-0.102632 -0.016143 -0.019515 -0.166187 -0.207660 -0.260809 -0.246420 -0.179300 -0.257702 -0.002468 -0.307331 -0.169552 0.253069 0.146544 0.023259 0.100215 0.054880 -0.219494 0.041635 -0.116376 0.083302 0.124984 -0.048596 -0.192052 0.096367 -0.044816 0.271325 0.137241 -0.071159 -0.008745 0.067539 0.064836 -0.087216 0.223548 -0.159946 0.249892 -0.062021 -0.119437 -0.075547 0.325746 -0.112211 -0.241834 -0.031159 -0.021939 0.028136 0.250294 0.116340
0.004676 0.026357 0.017981 0.030082 -0.017242 -0.150841 -0.015610 -0.006374 -0.067976 0.076635 -0.076093 0.108537 0.034099 0.018705 -0.186621 -0.070934 -0.188172 0.042132 0.011689 -0.072602 -0.135141 -0.024250 0.034073 -0.041706 0.059264 0.007873 0.079419 -0.096146 -0.047956 -0.090708 0.039553 -0.115594 -0.118945 0.087539 0.035530 -0.014036 -0.038747 0.062178 0.077075 0.088773 -0.099035 0.042024 0.091871 -0.016145 -0.093604 0.017905 -0.127276
-0.021091 0.035142 0.112186 -0.056159 0.076529 -0.109800 -0.082926 0.038553 -0.131469 -0.050041 0.059061 0.088443 0.166194 -0.178744 0.009766 0.077362 -0.015188 -0.052766 0.007804 -0.129669 0.066872 -0.009686 0.090471 -0.013555 0.019007 -0.067495 -0.149348 0.126549 -0.220614 -0.036624 -0.248287 0.025325 0.026317 0.153946 -0.135671 -0.006195 0.003628 0.086626 -0.162194 0.102874 -0.032450 -0.028544 -0.061939 -0.093275 0.000527 -0.130339 0.025602
0.014217 0.027806 0.028167 -0.042670 0.081631 -0.325926 -0.262649 0.053288 0.051563 0.015535 0.375152 -0.104413 0.059568 -0.133285 -0.250410 0.053862 0.204145 -0.069995 -0.044898 -0.142044 0.111875 0.099695 0.242795 -0.138581 0.053166 0.036554 -0.077761 -0.118119 -0.128434 -0.189788 0.127271 0.144282 -0.391229 -0.101504 -0.168086 0.138008 0.066059 -0.144272 0.162039 0.056175 -0.030428 -0.131681 0.081410 0.069977 -0.010106 -0.014047 0.014798
0.059170 -0.158812 -0.005612 0.043607 -0.006976 -0.211239 -0.213529 0.011056 -0.016963 0.067351 -0.026891 0.027956 -0.102488 0.106453 -0.187933 -0.146534 -0.037800 0.162060 -0.060704 0.029732 -0.090701 -0.087996 0.019041 0.035470 0.024025 0.107236 -0.004597 -0.007795 -0.058657 -0.145688 0.044724 -0.026883 -0.077610 0.033705 -0.011793 -0.093288 0.003991 0.023354 0.191108 -0.087817 0.009045 0.070678 0.050570 0.048465 -0.064468 -0.010424 -0.163589
-0.049808 0.123550 -0.003877 0.018623 -0.059396 -0.201332 -0.071866 0.100225 -0.209296 -0.062480 -0.133319 -0.086330 0.112766 -0.084307 -0.032303 0.027645 0.074135 -0.012039 -0.060083 -0.045225 0.115736 -0.018210 0.101148 -0.158405 -0.017284 -0.145068 0.178693 0.179165 -0.147820 -0.207578 0.031424 -0.028258 -0.186832 0.118266 0.061930 0.088535 0.010555 0.120445 -0.050404 0.141962 -0.007191 -0.077522 -0.000806 0.217756 0.025918 0.135568 -0.095175
-0.023897 -0.067049 0.041698 -0.402427 0.159954 -0.114672 -0.260469 -0.093919 -0.157970 -0.072230 -0.125281 -0.067870 0.095619 -0.083795 0.262838 0.031415 0.011218 0.075312 0.105601 -0.148777 -0.067686 -0.146552 -0.060033 -0.102846 -0.075367 0.103818 -0.115275 0.172936 -0.032481 -0.204184 0.093904 -0.061750 -0.134211 0.171784 -0.079937 0.139866 0.297872 -0.022533 -0.296208 0.207466 -0.038373 0.108647 -0.402393 0.301631 0.012795 0.125126 -0.130654
-0.043954 -0.126563 0.062244 -0.286814 0.062676 -0.192553 -0.319135 -0.007576 0.105399 -0.115434 0.103510 -0.088898 0.013296 0.059074 -0.040339 -0.024871 0.099137 0.129350 -0.034620 0.070043 -0.204248 -0.083505 -0.064342 -0.002874 -0.018036 0.078175 0.102167 0.141721 -0.362822 -0.076661 0.034783 -0.047117 0.046798 -0.104827 -0.127740 0.007531 0.007416 0.189079 0.003967 0.078532 -0.090029 -0.029263 -0.093621 -0.012482 0.141639 0.093538 -0.154582
-0.148581 -0.242983 0.029756 -0.114920 0.102032 -0.129030 -0.260454 -0.185535 -0.158720 -0.058744 -0.089426 -0.050053 0.113622 -0.070485 0.105490 -0.085064 0.207245 0.037264 0.251920 -0.142172 0.182412 0.079270 0.135592 -0.159354 -0.084925 0.078772 0.025968 0.083409 -0.032173 0.092785 0.101286 -0.167853 -0.094279 0.018439 -0.053757 0.083607 0.050444 -0.070847 -0.036141 0.192871 -0.008683 0.115391 -0.225154 0.045141 0.009900 0.250452 -0.162666
0.045983 -0.341903 0.020807 0.127392 -0.032862 -0.018959 -0.013269 0.043362 -0.019554 0.094738 -0.033180 -0.049804 -0.097895 -0.055590 0.088006 0.041256 -0.057260 -0.196943 -0.103997 -0.024290 -0.172602 -0.427004 -0.027381 0.073505 0.043536 -0.008082 0.083032 0.017010 -0.187169 0.014722 -0.046084 -0.243410 -0.139766 -0.109663 -0.318538 -0.118866 0.037396 0.015481 0.054532 0.023165 0.152027 0.105836 -0.459097 -0.268230 0.098253 -0.083458 0.120245
-0.146764 -0.119949 -0.114894 0.124483 -0.077828 -0.188083 0.094924 -0.517754 0.135613 0.065399 -0.107751 0.221197 -0.035409 -0.090081 0.026135 0.026928 0.093954 -0.103049 0.074355 -0.156373 0.114707 -0.067493 0.284555 -0.050975 -0.159559 0.272364 0.113592 0.217318 -0.178674 -0.139373 -0.165695 -0.061213 -0.035412 0.045803 0.104061 -0.194729 -0.156761 -0.031390 -0.421549 0.140381 -0.044756 0.005446 0.034474 0.043181 -0.040751 0.063921 -0.058945
0.046365 -0.192136 0.086085 0.124820 -0.343175 -0.107113 0.158732 0.068845 0.110162 0.084986 -0.075450 0.123645 -0.119621 -0.049029 -0.036711 -0.076454 -0.066484 -0.121790 -0.210379 -0.015632 0.253255 -0.182712 0.021716 -0.176416 -0.043245 0.222168 0.089167 0.212172 0.016551 -0.203093 -0.178124 -0.074464 -0.109318 -0.351059 0.058286 -0.019563 0.043813 -0.186383 -0.194293 0.067734 -0.007658 0.052846 -0.083615 0.003999 0.199887 -0.073120 -0.176635
-0.116773 -0.105636 -0.102614 -0.091590 0.185828 -0.304885 -0.054153 -0.122196 -0.086195 0.027274 0.217558 0.064329 0.134527 -0.124714 0.103919 0.069455 0.056948 0.142237 -0.193981 -0.091604 0.025317 -0.154097 -0.017113 -0.213261 -0.023986 0.152234 0.028188 0.031645 -0.028349 0.117849 -0.380052 -0.267464 -0.262593 -0.164196 -0.039044 0.104953 -0.104651 -0.167812 -0.070354 0.064283 0.130846 0.091294 -0.210690 -0.301354 0.105314 -0.249888 0.028611
-0.013438 -0.102587 0.156892 0.048531 -0.106810 -0.126477 0.087111 -0.039460 0.009586 -0.035179 -0.084141 0.042020 0.179002 0.150247 0.135383 -0.084806 0.105773 -0.384846 0.035083 -0.137201 0.212839 -0.053679 0.041975 0.060375 -0.012844 0.153438 -0.041808 0.106818 0.133614 -0.050599 -0.235342 -0.250035 -0.156498 -0.000881 -0.320482 0.071614 -0.074218 0.015957 -0.074893 0.071344 0.071818 -0.022866 -0.095288 -0.270784 -0.071958 0.124289 -0.269433
-0.150239 -0.165099 0.116181 0.218348 -0.247073 -0.069938 0.010456 0.041011 0.097157 0.059273 0.010805 0.145984 -0.293576 -0.219092 0.138467 0.128087 -0.096444 0.095905 -0.082553 -0.176452 0.090953 -0.217025 -0.041522 -0.407052 -0.128287 0.069982 -0.165200 0.082356 -0.032063 -0.086766 -0.522167 -0.470501 -0.362721 -0.242463 -0.013561 0.053083 0.223394 0.035259 0.084854 0.008521 0.062472 0.112380 0.038887 -0.381368 0.083294 0.121745 -0.050780
-0.143269 -0.080149 -0.097671 -0.103362 0.108637 -0.021238 0.047504 -0.164588 -0.025065 -0.075020 -0.091229 0.134841 0.049184 0.061524 -0.054932 0.109500 0.237373 0.063012 -0.211774 -0.076085 0.084554 -0.280436 0.272709 -0.045979 -0.232226 0.271609 0.204935 0.068433 -0.261336 0.028689 -0.057557 0.103375 0.102225 0.086325 0.074256 0.077255 -0.164898 -0.108835 -0.082904 0.048840 0.103899 0.009613 -0.041825 -0.084906 0.003180 -0.086452 0.162834
-0.009983 -0.099812 0.054512 -0.031345 -0.196475 0.021565 0.134427 -0.089664 0.240108 0.107211 -0.229539 -0.003346 -0.403298 -0.067062 -0.124148 -0.217017 0.044425 -0.590402 -0.151416 -0.068477 -0.017276 0.034012 0.126593 -0.179995 -0.011076 -0.071307 -0.143490 -0.153614 -0.153710 0.086989 0.265642 0.147699 0.074772 -0.044257 -0.023527 -0.075442 -0.015439 -0.137102 -0.157352 0.122438 -0.010750 -0.020569 0.173253 0.028319 0.176837 -0.200544 0.015571
-0.000282 -0.081652 -0.134410 0.000853 0.000649 0.075073 -0.036062 0.147342 -0.191357 0.074833 0.094526 -0.158710 -0.050860 -0.120926 -0.045464 0.079965 0.055248 0.288394 0.094955 0.023225 0.148813 -0.158079 0.203361 -0.074611 0.036175 0.042697 0.021512 -0.052147 -0.250216 0.068362 0.112889 -0.090598 -0.270558 -0.278138 0.113071 -0.028486 0.082813 -0.056873 -0.042746 0.017703 -0.039614 0.009231 -0.089479 -0.226384 0.125181 -0.019810 -0.029940
0.038685 -0.117488 -0.078449 -0.109136 0.171666 -0.181662 0.005885 -0.066110 0.030970 0.146912 -0.007461 0.023680 0.124947 -0.150285 0.018715 -0.076701 0.058908 -0.046682 -0.140201 0.012551 -0.124876 -0.209753 0.089440 0.077337 0.028434 0.010932 0.121343 0.092277 0.096605 -0.244708 -0.114640 -0.191397 -0.129773 -0.058351 -0.005045 -0.213481 0.148355 -0.061139 -0.394995 0.047263 0.008396 0.141035 0.031156 -0.031880 0.123307 -0.183665 -0.090857
-0.045741 -0.019183 -0.265878 -0.237531 0.094720 0.101809 0.049404 0.188685 -0.094438 -0.110656 -0.024707 -0.092912 0.141015 0.011769 -0.045043 0.012772 0.103506 -0.146887 -0.033928 -0.060511 0.083660 0.077118 0.085267 0.235656 -0.013348 -0.317400 0.118268 -0.110722 -0.044222 -0.118487 0.077369 0.125296 -0.099916 0.141556 0.111144 -0.027688 -0.085155 -0.116847 -0.539323 -0.109890 -0.221478 -0.277725 -0.134319 0.227656 -0.135474 0.092032 -0.083075
-0.028736 -0.212848 -0.139603 0.057331 0.073324 -0.056802 0.024749 -0.121744 0.009409 0.050985 0.082220 0.117032 0.074893 -0.144003 0.173910 0.078864 0.116202 0.066829 -0.214272 -0.180780 0.100990 -0.165083 -0.051729 -0.174639 -0.060178 0.127689 -0.014674 0.165994 -0.127646 -0.069731 -0.109972 -0.050973 -0.346450 -0.011267 -0.023874 -0.019021 -0.175399 -0.011123 -0.171650 0.228290 0.114975 0.050589 -0.144358 -0.031102 0.008472 0.025931 0.132485
0.108749 -0.083013 -0.234903 0.053274 -0.109340 0.043075 -0.056219 -0.093905 0.211973 -0.082156 -0.169636 0.076289 0.065496 0.073733 0.026075 -0.062049 -0.093549 -0.181603 -0.061840 -0.141458 0.175518 0.017235 0.108494 -0.015227 0.087414 -0.037314 -0.104450 0.091331 0.002509 0.009219 0.076219 0.120135 -0.182612 0.005347 -0.094889 -0.027765 -0.215486 -0.033516 -0.264062 0.151017 -0.094242 0.043241 -0.196779 0.319636 0.053393 0.108728 0.092284
-0.039998 -0.128985 -0.044684 0.083431 -0.114755 0.241590 0.021370 -0.133727 0.042609 0.148167 0.130750 0.094467 0.010192 -0.225240 0.035399 0.066624 -0.064452 -0.000908 -0.185432 -0.128651 0.019087 -0.150960 -0.067423 -0.003568 0.065353 0.071085 -0.056409 0.048097 -0.086336 -0.060697 -0.085868 -0.098671 -0.330860 -0.033849 0.083455 -0.143015 -0.048012 -0.019549 -0.038865 0.088190 0.010141 0.028959 -0.055826 0.019949 -0.024253 0.132375 0.035841
-0.044778 -0.067398 0.119858 0.102416 0.049635 0.093304 0.030162 0.046185 -0.057944 0.048346 0.120647 0.085872 -0.251667 -0.225163 0.258181 0.096802 0.071353 0.183117 -0.035087 0.017946 -0.002388 -0.113930 -0.200025 -0.116976 -0.006442 -0.030814 0.102553 -0.044677 -0.197281 -0.034643 -0.268183 -0.277892 -0.121635 0.102472 0.055598 -0.050521 -0.148533 0.041351 -0.024115 0.196084 0.015859 0.126713 0.105124 -0.097420 0.053390 -0.023784 -0.051948
0.059566 -0.091732 -0.178491 0.061213 0.062456 0.075996 0.040322 -0.429054 0.023897 0.078999 -0.004475 0.131819 -0.133377 -0.077831 0.093040 0.068913 0.056072 0.021387 -0.182223 -0.315790 0.025486 -0.159211 0.031286 -0.207240 -0.029329 0.004865 0.026861 0.168415 -0.071178 -0.175889 -0.213426 -0.246395 -0.069078 0.074059 0.082899 0.079673 0.095465 0.011084 -0.093326 0.157203 0.149933 0.101739 0.009301 0.017429 0.128758 -0.060669 0.036209
0.077414 0.038991 -0.037105 -0.035469 -0.123830 0.074424 -0.074262 -0.123894 -0.050258 0.094561 -0.243725 -0.032112 0.075233 0.151561 0.039578 0.168637 -0.170372 -0.102733 0.067173 0.095177 -0.068839 0.003630 -0.251331 0.045216 0.076895 0.173069 -0.261422 -0.024992 0.104276 -0.194802 0.095668 -0.055879 -0.015462 -0.116344 -0.161179 -0.152458 -0.203894 0.032049 0.093578 0.001387 -0.046617 -0.284248 -0.170922 -0.192229 -0.099910 0.004249 0.144348
0.010544 0.060256 -0.023514 0.077747 -0.066264 -0.228900 0.069441 -0.091928 0.037442 0.003445 0.031223 -0.159133 0.138585 -0.075441 -0.043134 0.050778 0.009242 -0.142505 0.077632 0.000648 0.218933 -0.056906 0.031549 -0.058638 -0.040675 0.272505 -0.012236 0.135220 0.028442 -0.038528 -0.377285 -0.231059 -0.193329 0.091134 0.111352 0.058898 -0.083236 -0.084505 -0.145310 0.056512 -0.122651 0.074089 0.019123 0.053183 0.170183 0.170211 -0.072492
0.100872 -0.032018 -0.094941 -0.102047 0.024458 0.100091 0.003871 -0.084051 -0.070757 0.017467 -0.098902 0.083793 -0.066509 -0.005368 -0.072459 -0.039553 -0.055542 -0.125342 0.178542 0.128942 -0.161283 0.100622 -0.276003 -0.004715 0.001254 -0.117595 0.028992 -0.161484 -0.065623 0.087421 0.078926 -0.085982 0.089509 0.132573 0.086456 -0.008734 -0.101419 -0.088678 -0.062676 -0.063422 0.049917 -0.098730 0.240356 -0.043924 -0.169903 -0.141641 0.173751
0.039887 0.025410 -0.054461 0.179526 -0.145991 -0.148318 -0.053042 -0.082557 0.063747 0.081105 -0.068968 0.016028 -0.002299 -0.148297 0.050235 -0.069815 -0.015952 -0.034545 0.002077 0.134160 -0.092493 0.064814 -0.092062 -0.198756 0.038909 0.181323 -0.163000 0.078264 0.058226 0.059196 -0.182565 -0.167980 -0.180342 -0.166785 -0.109384 0.036878 0.141254 -0.060693 0.022641 -0.017774 -0.132221 0.189157 -0.254285 0.010606 0.071767 -0.007147 -0.005591
0.049189 0.083239 -0.116304 0.111189 0.002482 0.010242 -0.014710 0.163311 0.030633 0.050214 0.032324 0.224054 0.094577 -0.124992 -0.009219 -0.124416 0.030142 -0.013010 0.012744 -0.168973 0.121449 0.003459 0.144608 -0.237449 -0.004627 0.014428 -0.204105 0.106070 -0.245441 -0.130373 -0.130575 -0.133940 -0.197588 0.030072 0.172978 0.049426 0.005717 0.044190 -0.080569 0.055713 0.009652 -0.099259 -0.027017 -0.129986 -0.066097 0.026998 0.051951
-0.085000 0.113847 0.006430 0.045810 -0.146135 -0.105094 0.051270 -0.063583 -0.049499 -0.017223 -0.079057 0.110006 -0.043014 -0.050353 0.053485 -0.039219 0.046784 -0.071445 0.016200 -0.067673 0.037899 0.072522 -0.064274 -0.281983 0.013815 0.072946 -0.093708 0.179933 -0.118664 -0.197652 -0.084991 -0.054598 -0.102195 0.056011 0.109790 0.024374 -0.040039 -0.137573 0.002594 0.261101 0.083490 0.141439 -0.034162 -0.150026 0.058863 -0.130917 -0.073603
0.104750 -0.252159 0.084627 0.051819 -0.113584 0.002384 -0.054285 -0.023738 0.083720 0.100706 -0.018317 0.109150 -0.147663 0.013972 -0.051870 -0.025726 0.102444 -0.135642 -0.096538 -0.232444 0.004766 -0.143063 -0.005205 -0.239713 -0.046298 0.038468 -0.197030 0.134383 0.057831 -0.117167 0.080210 -0.043558 -0.146408 0.134250 0.020734 0.015514 0.095380 -0.046845 -0.050324 0.105796 -0.061270 0.105478 -0.133412 -0.230053 0.168596 -0.072107 -0.178337
-0.085831 -0.091527 0.050372 -0.089442 0.084277 -0.082485 -0.202515 -0.189671 0.024565 0.134110 0.050990 0.080201 -0.075148 0.153365 -0.064695 -0.056443 -0.065891 0.067815 -0.260448 -0.041526 -0.190201 -0.049541 0.020669 -0.032343 -0.070480 -0.010400 -0.115857 -0.181950 -0.119759 -0.126232 0.121781 0.056040 0.021324 0.006718 0.331605 0.078772 0.001547 0.015099 0.164096 -0.036128 0.045327 -0.132750 -0.105607 -0.180376 -0.015286 0.042383 0.054807
-0.033797 -0.135363 0.056059 -0.142798 -0.090983 -0.221140 -0.155826 -0.352791 -0.088166 0.174552 -0.048390 0.035831 -0.075601 -0.075445 0.044894 -0.039819 0.024474 0.011300 -0.082744 0.002602 0.190792 -0.224646 -0.019346 0.034563 -0.022962 0.083771 -0.139774 0.097911 0.036594 -0.125645 -0.093966 -0.089307 0.045638 -0.089303 0.219809 0.081635 -0.063039 0.196830 0.151817 0.088968 0.062190 0.119583 0.102885 0.038935 0.169851 -0.187252 -0.092919
0.103043 -0.211611 -0.033508 0.019959 -0.332052 0.134448 0.017838 -0.304991 0.130838 -0.078064 -0.041423 0.086483 0.054554 0.025982 -0.029869 -0.022457 -0.076129 -0.276114 -0.060757 0.069583 -0.244164 0.045686 -0.124269 -0.151726 0.085731 -0.037529 -0.099802 -0.016721 -0.060803 -0.007987 0.208785 0.078578 -0.153005 -0.113427 0.083717 -0.093404 -0.159025 -0.001649 -0.072041 0.085215 -0.074768 -0.087045 -0.352459 0.023716 -0.099102 -0.096316 0.119397
0.024522 -0.149988 0.070136 0.021238 0.024563 -0.205081 0.067820 -0.059559 0.094642 -0.009672 0.012625 0.121545 -0.083674 0.116295 0.127770 -0.202469 -0.028827 -0.155057 -0.100611 -0.224766 -0.169648 -0.145450 0.077917 -0.013980 0.058285 0.028371 0.059897 0.113180 -0.172495 -0.114187 0.088560 0.028543 0.080074 0.128002 -0.183775 0.087155 -0.041613 0.029095 -0.090015 -0.100149 -0.216721 -0.013311 -0.056499 -0.097551 0.065577 0.036184 -0.081565
0.065935 -0.074881 -0.008761 0.135915 -0.135938 -0.214705 0.100526 -0.066155 0.077265 0.069898 0.018090 0.041941 -0.083544 0.106853 0.094159 -0.020087 0.019973 0.008058 -0.182531 -0.086906 0.200718 -0.137247 -0.031116 -0.114919 0.006006 0.223559 -0.057840 0.177324 -0.054223 -0.009112 -0.130866 -0.038634 -0.154988 -0.213056 -0.057669 -0.215027 0.029509 0.073243 -0.229997 0.162016 -0.009659 0.235934 -0.008555 -0.144786 0.056328 -0.047184 -0.015566
0.074796 -0.143956 0.074375 -0.193813 -0.166307 0.141525 -0.127786 -0.214319 0.163884 -0.091355 -0.199495 -0.036725 -0.067063 0.031344 0.135529 0.080647 0.031246 -0.188965 -0.013689 0.107265 -0.216504 0.140764 -0.062680 -0.204716 -0.006932 0.018261 -0.047206 -0.084416 0.002490 -0.212384 0.220642 0.140385 -0.057481 -0.076424 -0.004958 -0.132633 -0.208912 0.082990 0.014395 0.101854 0.007701 -0.078968 -0.138757 0.024463 -0.088426 0.083731 0.021246
0.106504 -0.279958 -0.019028 0.076511 -0.183184 -0.026034 -0.035595 -0.241897 0.178638 0.049550 -0.199516 0.210427 -0.023573 0.061747 0.009677 -0.064837 -0.089039 -0.328818 -0.209395 0.039810 -0.019047 -0.057371 -0.119582 0.045658 0.077275 0.215144 0.101885 -0.066049 0.072639 -0.089762 -0.010060 0.065481 -0.082625 -0.313263 -0.029044 -0.035621 -0.282877 0.073593 -0.090132 -0.034067 -0.226431 -0.139023 -0.462935 0.020785 -0.010670 -0.072511 0.019789
-0.136335 0.065630 0.226798 0.212225 -0.148749 -0.126156 0.041272 -0.086327 -0.049426 0.073179 -0.144173 -0.022100 0.055641 -0.314814 -0.051427 -0.116277 -0.062727 0.029920 -0.075118 -0.087701 0.262644 -0.004121 -0.183884 -0.406838 -0.063436 0.023686 0.097856 0.105898 -0.057284 -0.106665 -0.387035 -0.250574 -0.204896 -0.081344 0.181677 0.063171 0.039477 0.215826 0.118348 0.058259 0.045327 0.125308 0.059281 -0.053405 0.091751 0.002166 0.010798
-0.080171 -0.251850 0.230229 0.329356 -0.283468 0.031221 0.027754 -0.103388 0.091593 0.151238 -0.106659 -0.070518 -0.056511 -0.156158 0.093252 0.030620 0.153695 -0.277196 -0.154637 0.076859 0.044452 -0.202735 -0.413350 -0.640636 -0.015351 -0.058568 0.036083 -0.051768 0.156620 -0.186621 -0.251002 -0.190297 -0.169362 -0.173650 0.017316 0.114946 0.103828 0.085153 0.091977 0.035462 -0.012128 0.162704 -0.059086 -0.158561 0.082426 -0.133944 -0.080362
-0.154428 -0.038601 0.028454 0.097211 0.055073 -0.212305 -0.007942 0.095572 0.080260 -0.120004 0.080206 0.141524 -0.083682 -0.087271 0.200520 0.036066 0.103813 0.074679 -0.034097 -0.236595 -0.014891 0.254708 -0.409660 -0.322201 -0.155782 0.200670 -0.093001 0.052761 -0.203053 -0.097865 -0.174759 -0.075599 -0.305314 -0.110329 0.006058 0.060874 -0.057758 0.084572 -0.082807 0.133515 0.125873 0.079437 0.021291 -0.145534 0.033059 -0.025195 0.163460
0.076595 -0.147827 0.167854 -0.190378 -0.010024 -0.071545 -0.014955 -0.057405 -0.055477 -0.064487 0.029836 -0.225178 -0.105863 -0.205485 0.043949 0.185578 0.022019 -0.142568 -0.004309 0.124679 -0.135471 0.247563 -0.048378 -0.201864 -0.032910 -0.219405 0.041756 0.155113 0.258257 0.015951 0.217146 0.113503 -0.007737 -0.023766 -0.099002 0.208765 0.187905 -0.117091 -0.139930 0.088547 0.018532 -0.032604 -0.348911 -0.258842 -0.134706 0.112817 -0.196565
0.046896 0.089526 -0.178342 -0.263536 -0.063110 0.082882 -0.032593 0.134415 -0.313868 -0.012080 -0.099516 -0.357411 0.147871 0.214099 0.059092 -0.141218 -0.010076 -0.182208 0.231893 0.178084 -0.437345 -0.026634 -0.043244 -0.124111 0.047275 -0.444475 -0.056420 -0.255490 0.183147 0.161359 0.035497 -0.152369 0.135340 -0.354278 -0.269343 -0.141328 0.114328 0.007168 -0.127370 0.066000 -0.033978 -0.096213 0.069585 -0.080647 -0.197125 -0.039335 -0.041011
-0.240108 -0.216488 -0.105328 -0.042930 -0.059083 -0.005554 0.133816 -0.185691 -0.142803 0.095366 0.088711 -0.018311 -0.050968 -0.510163 -0.015666 0.049049 0.225583 0.049960 -0.137196 0.043285 0.136993 -0.110191 -0.037400 -0.297721 -0.144547 0.301051 -0.091039 0.105703 -0.111594 -0.050225 -0.174465 -0.104681 -0.215076 0.041456 -0.073349 -0.037578 0.093147 -0.038538 -0.129618 0.084213 0.077021 0.177699 0.088660 0.011922 0.122776 0.128450 0.031691
0.120796 0.010420 -0.298595 -0.282912 0.291403 0.041102 -0.104604 -0.285806 -0.033511 0.116838 -0.001412 -0.189281 -0.098734 -0.005247 0.180202 0.197755 0.137533 0.068712 -0.096165 -0.180175 0.028941 0.009964 0.148675 -0.019910 -0.086400 -0.263087 -0.045999 -0.496339 -0.026154 0.090786 -0.124023 0.171339 -0.079739 -0.284845 -0.074770 -0.096623 -0.169135 0.043028 -0.146061 0.188852 -0.061528 0.026771 -0.010418 -0.078488 -0.008757 0.071236 -0.023896
0.059372 -0.163541 0.012239 0.047641 0.054738 -0.139535 0.081318 -0.171550 -0.004873 -0.108134 0.017812 0.140040 0.103662 0.005581 -0.144094 -0.125176 -0.030368 -0.011152 -0.581653 -0.129939 0.230748 -0.022302 -0.013556 -0.131346 -0.005972 0.090062 -0.112746 0.105370 -0.060469 0.225486 0.083216 -0.113369 -0.044316 -0.110532 -0.049753 0.089186 -0.165597 -0.084171 -0.123600 0.183532 -0.057254 -0.023720 0.055772 -0.256098 0.009792 0.083702 0.191807
0.063364 -0.180618 -0.213729 0.008423 0.035976 0.066726 0.140067 0.023179 -0.169358 -0.065967 -0.018712 0.094095 -0.076924 0.002886 -0.101267 -0.151775 0.127369 -0.080741 -0.106413 0.041446 0.095286 -0.156653 0.058564 0.063638 0.082800 0.273681 0.076761 -0.060036 0.023440 0.026998 -0.018757 -0.069808 0.016966 -0.237301 0.006077 -0.123529 0.012849 0.141863 -0.126339 0.164068 -0.012625 -0.052798 -0.143851 -0.167495 0.022415 0.042171 0.209679
0.098061 -0.194246 0.060232 -0.119131 -0.286823 0.145072 -0.035227 -0.060310 0.044285 -0.165798 -0.298266 -0.061270 0.286635 0.034775 -0.153226 0.000810 -0.020355 -0.244848 0.093954 0.166215 -0.177377 -0.085663 -0.159658 -0.018154 0.112458 -0.103304 -0.022391 -0.243419 0.102157 -0.031600 0.107386 -0.076872 -0.075759 -0.098474 0.028591 -0.182906 -0.113128 -0.035157 -0.264833 0.131704 -0.031237 -0.055541 -0.130271 -0.048235 -0.051818 0.079242 0.181888
-0.065366 -0.195249 -0.036264 0.067370 -0.015276 0.030113 -0.082028 -0.094201 0.206013 -0.075022 -0.194299 0.002728 0.135122 0.136950 -0.044542 0.069583 -0.112118 -0.112872 -0.190408 0.154340 0.015275 -0.117869 0.108642 -0.121789 0.058916 0.071113 0.085025 0.123290 -0.019431 0.024052 0.009549 0.062151 -0.093247 -0.158246 0.105235 -0.130166 -0.120530 0.147800 -0.078665 0.073005 -0.173750 0.029288 0.015448 0.067331 0.000946 0.152376 -0.061456
0.013481 -0.096213 -0.142748 -0.203581 0.130888 -0.098009 0.037740 0.161050 -0.086465 0.142272 0.084124 -0.004575 -0.153798 -0.056524 0.198072 -0.030501 0.003066 0.048496 -0.123576 -0.062013 0.134078 -0.002538 0.005278 0.014634 -0.093369 0.030368 -0.190183 -0.179992 0.084200 -0.132957 -0.135410 -0.086707 -0.147605 0.057348 -0.140729 0.072421 0.063127 -0.023861 -0.129888 0.204574 -0.085458 -0.027009 -0.062678 0.019551 0.102392 0.117574 0.034593
-0.016662 -0.150630 -0.211514 0.111422 -0.023385 -0.041513 -0.002930 -0.100217 0.150934 -0.057161 -0.138332 0.142528 0.156031 0.113249 0.008122 -0.132466 -0.238714 -0.126050 -0.141320 -0.002377 0.141173 -0.119146 0.054451 0.077996 0.012947 0.126088 -0.026007 0.233490 0.055534 -0.206367 0.030154 -0.035863 -0.055210 0.051140 0.129761 -0.082731 -0.039699 0.062597 -0.045769 0.135701 -0.062093 -0.049458 -0.099258 -0.110421 -0.026431 0.014069 0.120967
0.004157 -0.119148 0.032159 -0.096054 -0.035286 0.009650 0.023030 0.015097 -0.033687 0.027712 -0.090610 -0.172692 -0.051286 -0.089088 0.125624 0.170071 0.217868 -0.053722 0.036946 0.160286 0.068293 0.108184 -0.115032 -0.217053 0.019652 0.048599 -0.044958 0.085316 -0.029826 -0.018347 -0.250333 -0.186181 -0.222075 0.018916 -0.060929 0.126130 -0.151151 -0.154524 -0.310418 0.101679 0.167241 -0.020134 0.151957 -0.032342 0.018492 0.032626 -0.072378
-0.116017 -0.017387 -0.044377 0.200981 -0.027706 -0.257755 0.001601 -0.048629 0.005719 -0.073123 -0.063208 -0.018934 0.105610 -0.165055 0.250073 0.001384 0.066745 0.092222 0.105426 -0.041874 0.228223 -0.009201 -0.207679 -0.013018 -0.166852 0.250119 -0.097472 0.149671 0.011647 -0.106244 -0.288699 -0.117854 -0.292334 -0.073898 0.122223 0.088430 -0.110146 -0.065270 -0.248447 0.201979 0.075524 0.055343 0.134331 -0.153915 -0.000087 -0.021466 -0.010274
-0.016011 0.111258 -0.156135 0.138220 -0.059059 -0.121460 -0.070558 -0.172167 0.084686 -0.017416 -0.070490 0.095777 -0.062048 0.071482 0.186853 0.101988 -0.146660 -0.064504 -0.025478 0.023311 0.044372 -0.035275 -0.183261 0.233545 -0.005426 0.207823 -0.095640 0.002019 -0.051850 -0.145210 -0.206853 -0.036041 0.058222 -0.094744 -0.080288 -0.030078 -0.016843 -0.044141 0.004386 0.133773 0.052825 -0.033957 0.033388 -0.022359 -0.004015 0.168301 0.054920
-0.028275 0.000270 -0.093487 -0.052348 0.047924 0.016342 0.041576 0.029985 0.080741 0.062419 0.045860 -0.026619 -0.120654 -0.236700 0.044469 -0.059946 0.189832 -0.173945 -0.077901 -0.026736 0.058805 0.044899 0.152895 0.039882 -0.014400 -0.127518 -0.181594 -0.063596 0.153907 0.070465 -0.120983 0.029520 0.087445 0.129750 -0.001878 0.051766 0.055978 -0.000047 -0.100097 -0.018918 0.041373 0.049300 0.056872 -0.020762 -0.000739 0.052729 -0.069838
-0.130600 0.096304 -0.152017 -0.064924 0.079468 -0.076749 -0.105038 -0.107436 -0.050950 0.096248 0.015402 -0.004508 -0.075713 -0.090625 -0.012674 0.000345 0.074570 0.177522 -0.005533 -0.071467 0.183445 -0.046548 0.057524 -0.116347 -0.126279 -0.049229 0.014805 -0.112090 -0.132459 0.088802 0.125478 -0.205253 0.053187 -0.073467 -0.064783 0.154552 -0.000540 -0.003056 0.041322 0.140861 -0.048441 0.032891 -0.007145 -0.191581 0.120046 -0.043974 0.047415
-0.112303 -0.036843 -0.166775 -0.029639 0.042092 -0.071544 0.010343 -0.155800 0.001781 0.011368 0.099094 0.035770 -0.014070 0.196731 0.119556 -0.054945 0.113844 0.053525 0.100525 -0.025608 0.110246 0.038840 0.180196 0.010567 0.047109 0.099456 -0.059222 -0.005730 -0.019345 -0.161194 0.116241 -0.301860 -0.031503 0.141819 0.117244 0.123672 0.079338 -0.045345 -0.029344 -0.109989 0.084642 -0.115046 -0.023624 -0.068801 0.026318 -0.313585 0.179236
-0.044277 0.063684 -0.175072 -0.024258 0.123949 0.064266 -0.030778 -0.116707 0.104451 0.062383 -0.024622 0.178381 -0.118718 -0.039852 0.117852 -0.058511 -0.226218 0.191325 0.064751 -0.062594 0.004349 -0.091003 -0.102841 -0.133546 -0.050516 0.029013 0.077166 0.001506 -0.104248 0.070515 -0.087517 0.026490 -0.274177 -0.123180 -0.032827 -0.094847 0.093612 0.150210 0.210404 0.240804 -0.154453 0.062610 -0.189747 -0.170489 0.113666 -0.259044 0.037793
-0.063395 0.054036 0.048996 -0.064471 0.192339 -0.061521 0.016672 -0.045870 -0.003186 0.082673 0.046343 0.139138 0.125233 0.113177 -0.045788 0.058690 -0.016653 0.143619 -0.033955 -0.002989 -0.043973 -0.218899 0.028729 -0.077159 0.102300 0.025115 -0.068787 -0.038257 0.004808 -0.038488 0.008228 -0.046736 0.055671 -0.063509 -0.023191 0.000903 -0.019230 0.006960 0.062911 -0.096931 -0.004465 -0.010537 -0.192499 -0.034694 0.092794 -0.088379 0.036163
0.077471 -0.354821 0.017919 -0.016251 0.128263 0.063682 -0.374222 0.210363 0.031361 0.020019 0.098560 0.077495 -0.200011 -0.043273 0.152421 0.063658 0.051334 0.112902 -0.023697 0.029044 0.119852 0.248639 -0.056605 -0.128836 -0.009539 0.053086 -0.002485 0.075236 0.041793 -0.068555 0.088115 0.003830 -0.205036 -0.131047 -0.249689 -0.128329 0.080072 0.057196 0.086428 0.011342 0.038461 -0.140625 0.048941 -0.092585 -0.114555 -0.222683 -0.108771
0.098381 -0.026669 -0.130615 0.052762 0.029528 -0.204729 -0.111873 -0.096621 0.161036 -0.010453 0.020854 0.071313 0.089916 -0.050942 -0.126692 -0.020627 0.000953 0.049721 0.177337 -0.020866 -0.074672 -0.230652 -0.007015 0.031840 0.093208 -0.012369 -0.045412 0.102546 -0.138027 -0.010390 0.077212 0.037874 0.012983 -0.182903 -0.093389 0.013624 0.113021 0.020576 -0.042381 0.074742 -0.095529 0.032572 -0.109324 -0.079889 0.098135 -0.141739 -0.068511
0.005051 -0.053031 -0.057113 -0.121819 0.022617 -0.118310 -0.044366 0.000082 0.086569 -0.028259 0.045754 0.217151 -0.229441 -0.030970 0.016458 0.050987 0.131899 0.112768 -0.211967 -0.128939 -0.056252 -0.058021 -0.057521 -0.186711 0.038424 -0.058935 0.188374 -0.033731 0.074858 -0.081730 0.039551 -0.083768 -0.054037 -0.200461 -0.142799 0.049019 0.070000 -0.059223 0.204681 0.232525 0.041997 0.019674 -0.176327 -0.077745 -0.117654 -0.124938 0.125618
0.088315 -0.038867 -0.275119 -0.055974 0.154918 0.005404 -0.091152 0.173968 -0.030464 -0.082442 -0.023148 0.168449 -0.209783 0.055027 0.049250 -0.013582 -0.103019 -0.045581 -0.127211 -0.036870 -0.337699 -0.033156 -0.061191 -0.060815 0.059410 -0.054272 0.053821 0.006889 0.025923 -0.102327 0.000900 0.011943 0.077337 -0.115015 -0.022691 0.063787 -0.002168 0.117930 -0.047825 -0.046964 0.047490 -0.066307 -0.048522 -0.010307 0.091235 -0.141187 0.061211
0.041740 -0.165986 -0.046060 -0.075245 -0.184886 -0.019055 -0.133014 -0.031655 0.190397 -0.158081 -0.257897 -0.036522 -0.131640 0.049542 -0.139880 -0.062153 0.005789 0.099035 0.166336 0.042498 -0.334152 -0.196504 -0.189834 -0.038957 0.083767 -0.062099 0.032375 0.031417 -0.006165 0.048561 0.178017 0.051021 0.103488 -0.036380 -0.121899 -0.006074 0.050002 0.157764 0.395485 0.016670 -0.156296 -0.072667 -0.574307 0.018782 -0.128898 -0.142640 -0.025882
0.061233 -0.195193 -0.105249 -0.178878 0.025983 0.029395 0.041653 0.047213 -0.071547 -0.085153 -0.118889 -0.035317 0.131704 0.064725 -0.057911 -0.027201 -0.087141 -0.066026 -0.132126 0.239627 -0.436232 -0.253761 0.016393 -0.014299 0.023882 -0.074587 0.075425 -0.235104 -0.080613 0.015942 -0.061190 -0.216454 0.160406 -0.124775 -0.066686 0.150509 0.098936 -0.051102 0.012450 0.035116 0.072725 0.079329 -0.129260 -0.189761 0.135603 -0.127117 0.203514
0.104956 0.192685 -0.137522 -0.330517 0.001353 -0.384720 -0.025758 -0.079952 -0.185892 -0.340732 0.077993 -0.192835 0.338806 -0.025395 -0.031461 -0.114519 -0.171031 0.042148 -0.000459 -0.467960 -0.026160 -0.096494 0.147451 0.332980 0.107709 0.003887 -0.155146 0.285330 -0.193416 -0.045932 -0.036202 0.290650 -0.020543 -0.304871 0.100439 0.040984 0.236210 -0.026913 -0.044795 -0.132131 -0.062148 -0.305342 -0.016512 0.185876 -0.229698 0.015883 0.167182
-0.058644 -0.060447 -0.095857 -0.337803 0.145179 -0.187716 0.131107 -0.150940 -0.058451 -0.063487 0.039401 -0.076857 0.284852 -0.047734 -0.017768 0.138421 0.137383 0.070445 -0.059261 0.037504 0.018203 0.212257 0.054853 -0.432785 -0.030874 -0.236645 0.070559 -0.226697 0.172030 0.005081 -0.076478 -0.424085 -0.145848 -0.214745 0.030416 0.012780 -0.086406 0.090598 0.003037 -0.067948 0.100683 0.071873 -0.049967 -0.360553 0.223855 -0.384187 0.062705
-0.009835 -0.169476 -0.166198 -0.037394 0.218109 0.077494 -0.011958 0.067806 -0.183606 0.228989 0.216523 -0.078608 -0.351631 -0.180789 0.020108 0.232966 -0.026509 -0.091311 -0.067696 -0.242507 -0.107486 -0.147612 -0.050844 -0.228778 -0.034020 0.130270 0.081580 -0.082068 -0.237974 0.028806 0.070862 -0.191680 -0.175937 -0.306073 -0.177346 0.233625 -0.017172 0.043704 -0.066976 0.160925 0.081133 0.071659 0.107638 -0.131446 0.146993 -0.332210 0.025413
-0.000523 -0.098307 -0.122463 -0.522099 0.062351 -0.182939 -0.204584 0.051525 -0.205555 0.096190 0.175587 -0.233053 -0.003062 -0.270073 0.215080 -0.010072 -0.028458 0.266032 0.142319 -0.205144 0.050832 -0.093344 -0.046365 -0.140864 -0.156100 -0.171932 -0.018731 -0.048330 -0.056796 0.199853 0.104363 -0.281826 -0.126923 -0.159031 0.043452 0.041031 0.032457 -0.017422 0.024038 -0.039399 0.113154 -0.160008 0.180613 -0.056892 0.003415 -0.114957 0.113474
-0.040408 -0.044770 -0.034696 -0.071659 0.131787 -0.027912 -0.049681 0.064051 -0.058228 -0.121734 0.067054 0.050910 -0.445464 0.133462 0.055772 0.114761 -0.009178 0.253087 -0.063906 0.218606 0.001410 0.023822 -0.261372 -0.301270 -0.078675 -0.048322 -0.173779 -0.115618 -0.014575 0.144950 0.085607 -0.108822 -0.097456 -0.179916 0.076854 -0.016969 0.187734 0.082202 0.184420 0.099192 0.076466 -0.028338 0.173434 -0.420464 -0.082952 -0.237835 0.233598
-0.062134 0.038547 -0.130740 -0.234127 -0.054732 -0.190815 -0.057831 -0.062341 -0.213574 -0.005206 0.158180 0.140898 0.257884 -0.101820 0.036467 -0.104455 0.040002 -0.107116 -0.135054 0.399070 0.001357 -0.061179 0.068067 -0.007452 0.022100 -0.039541 0.206528 -0.037881 0.237403 -0.029132 0.062210 -0.137024 0.048895 -0.044721 0.150739 -0.083999 0.121042 0.154144 -0.022263 0.129294 0.112130 0.253487 -0.137423 -0.313445 0.136417 -0.064107 0.042581
0.006480 0.076117 -0.053834 -0.162666 0.137632 -0.164717 0.074845 -0.199469 -0.051569 0.054352 0.149753 -0.138842 -0.437932 -0.017390 0.020957 0.118246 -0.055502 0.175567 -0.333357 0.084843 0.041560 0.035481 0.046506 -0.311234 -0.124078 0.097077 0.183087 -0.054157 0.143938 -0.004089 -0.017252 -0.095563 -0.103991 -0.257633 -0.003533 -0.041879 -0.017015 -0.137557 -0.021197 0.319128 0.137506 0.037595 -0.136539 -0.202847 0.042777 -0.126109 -0.044891
0.010610 -0.249240 -0.061811 -0.147179 0.012872 0.146544 0.056234 -0.146374 -0.050355 0.099196 -0.055832 -0.026431 0.064086 -0.079999 0.059834 0.011975 0.024864 0.051877 0.031772 0.170334 0.002208 -0.227978 -0.087685 -0.407001 0.077025 -0.118869 0.001940 -0.303554 0.070769 -0.070245 0.136037 -0.333776 -0.014503 -0.078185 0.120127 -0.014030 0.016304 0.103698 0.232942 -0.020739 0.070886 0.016299 -0.329729 -0.329239 0.204420 -0.358263 -0.030230
0.005967 0.141923 -0.206949 -0.185240 0.157762 0.123821 0.007925 -0.156968 -0.173689 0.120985 0.166240 -0.052422 -0.243904 -0.050696 -0.127645 0.094411 -0.251020 0.039949 -0.080746 -0.203492 -0.013628 0.010821 0.012823 0.063382 -0.073025 0.134620 0.076120 -0.109557 -0.098100 -0.073504 0.171884 -0.158244 0.036077 -0.595384 -0.039733 -0.012579 0.013247 0.011216 0.104848 0.290240 -0.018152 0.079013 0.258267 -0.127644 0.017678 -0.029033 0.090939
0.013097 0.113068 -0.181155 -0.048695 0.133475 0.081414 0.001412 -0.007074 -0.083995 0.005324 0.139101 -0.070900 0.066322 -0.029788 0.124056 0.013099 0.050721 -0.001827 0.225517 -0.040791 0.122558 -0.142126 -0.027701 -0.013216 0.051971 -0.078361 0.132478 -0.055782 -0.270981 -0.244767 -0.042590 -0.182134 0.075409 -0.198835 -0.068822 -0.041782 0.082176 0.008157 -0.038940 0.105846 0.005441 -0.034864 -0.062317 -0.048129 0.030141 -0.050637 -0.017088
0.043784 -0.310742 -0.053436 -0.332952 0.072599 0.069508 -0.010144 0.184701 -0.143368 0.121307 -0.030649 -0.050124 0.080390 0.073478 0.039466 0.101174 0.094316 0.114458 0.201941 -0.023147 0.030259 0.313860 -0.187875 -0.154142 0.074663 0.032802 -0.025053 0.071599 -0.101107 0.062030 0.058296 0.089821 -0.047641 -0.242989 -0.132522 -0.103536 0.048652 0.085912 -0.153754 -0.000423 -0.102506 -0.014135 0.126375 0.093953 -0.154023 -0.018700 -0.175199
-0.048785 -0.183989 -0.092576 -0.240674 0.096046 -0.082933 0.076316 -0.171733 -0.046189 0.033254 -0.000395 0.175899 0.109561 0.056618 0.118144 -0.057816 0.098439 0.080001 -0.024052 -0.098171 0.118709 0.079839 0.083720 -0.033980 0.081758 0.100186 0.048094 0.114811 0.089443 -0.257301 0.035148 -0.028801 -0.065732 -0.023819 -0.048973 0.043289 0.095515 0.161486 0.028262 0.005816 0.134871 -0.094968 -0.120376 -0.008068 -0.040030 -0.121933 -0.205778
-0.072154 -0.150413 -0.085319 -0.152592 0.079107 0.071297 -0.053527 -0.199867 0.109821 0.054550 0.058196 0.088777 -0.103058 0.059357 0.136479 -0.005375 -0.115607 0.059852 -0.121340 0.005690 0.199768 0.118934 0.016869 -0.014296 -0.030531 0.016981 0.195609 0.090799 0.020553 0.061219 0.105784 -0.085791 -0.018669 0.007558 0.002129 0.063211 -0.011950 0.078204 0.203755 0.195556 -0.102571 0.056151 -0.201535 -0.101149 -0.282973 -0.031041 -0.055107
-0.068907 -0.118544 -0.081616 0.052185 -0.027870 0.117058 0.028823 0.091931 0.074312 -0.217473 -0.001061 0.048040 -0.150767 0.080139 -0.030317 -0.006444 -0.075468 0.117876 -0.141194 -0.085920 0.073474 -0.092527 0.119191 -0.082307 0.017599 0.151745 0.082061 0.045101 0.087824 0.043136 -0.031938 -0.090937 0.001069 -0.015392 0.076138 -0.013057 -0.130185 0.061704 0.038985 -0.025102 0.112763 0.172615 -0.117147 -0.036802 0.059549 -0.015167 -0.109029
-0.026566 -0.087180 -0.147868 -0.173481 0.120665 0.071553 -0.074934 0.105154 0.049723 0.033139 0.087725 0.172336 -0.054892 0.030103 0.067690 0.193474 0.022759 -0.021664 0.004580 -0.098473 -0.016904 0.003691 -0.184002 -0.110422 -0.046086 0.016642 0.045353 -0.031308 -0.052056 0.012381 -0.096990 -0.221448 0.001783 -0.012080 -0.053714 -0.006041 -0.199320 0.149429 -0.051753 0.109126 0.011635 0.093987 -0.084987 -0.012199 0.005335 0.032022 0.072108
0.004272 0.093348 -0.047804 0.130293 0.166651 0.085767 0.122198 0.013842 0.091549 -0.006275 0.212377 -0.001905 -0.061266 0.013010 0.067151 0.030298 0.031319 0.117609 0.027586 0.069469 0.032361 -0.109662 -0.042427 -0.188546 0.046332 0.032779 0.077923 -0.088574 0.015001 0.134519 -0.133265 -0.166230 0.001294 -0.041085 -0.074450 0.078938 -0.060341 -0.124480 -0.041741 -0.076450 0.075514 -0.043082 -0.272477 -0.190954 -0.001101 0.012389 -0.106226
0.018329 0.068269 -0.020843 0.125253 0.045614 0.130260 0.018521 -0.077042 0.005140 0.055307 -0.030508 0.166875 -0.148470 -0.013402 0.214941 0.037369 -0.084323 -0.069468 -0.016597 0.161694 0.147340 -0.049524 -0.130060 -0.036664 0.039024 -0.036983 0.048367 0.034961 -0.100100 -0.113379 -0.064975 -0.159498 -0.029903 0.034238 -0.152966 -0.035524 -0.023885 -0.070268 -0.027260 0.101380 0.038601 -0.024050 0.010682 -0.039788 0.136485 0.018902 -0.031477
-0.037877 0.014104 -0.024972 0.148133 -0.055508 0.062070 -0.039725 0.071455 0.082348 0.002467 0.144942 0.106637 -0.063231 -0.019239 0.146259 0.085801 0.123223 0.188511 0.063218 -0.135446 0.044380 0.027345 -0.139039 -0.205671 -0.081337 0.009944 0.077792 0.014710 -0.065831 -0.081136 -0.136459 -0.321852 -0.197869 -0.083039 0.114602 0.029650 -0.038321 0.040520 0.081852 0.054951 -0.038825 0.071741 -0.279813 -0.400107 0.090506 -0.082991 0.018032
-0.101547 0.027785 -0.159850 0.197898 0.121689 0.070235 -0.239122 -0.007181 -0.132943 0.152626 0.057901 -0.018165 -0.178298 -0.035011 -0.011378 0.074946 0.111310 0.126943 0.102533 -0.080982 -0.137057 0.018559 0.036612 -0.168952 0.000279 0.044529 0.166660 -0.031738 -0.074865 -0.003333 0.020351 -0.047177 -0.145015 -0.127537 -0.115418 0.047929 0.146107 0.069045 -0.034834 0.046406 0.041049 0.023610 -0.028886 -0.174571 0.062161 -0.163211 -0.176514
-0.076833 0.084148 -0.061477 -0.149178 0.227021 -0.243194 -0.012076 -0.113914 -0.078816 0.062592 0.255886 -0.117673 -0.232660 -0.056094 0.040486 0.086557 0.011758 0.128566 -0.214287 -0.193328 -0.043055 -0.125090 -0.122485 -0.337845 -0.101780 -0.050464 0.101800 -0.095455 0.141100 0.135074 -0.029275 -0.464880 -0.147460 -0.055410 -0.001499 0.014429 0.071287 -0.005138 0.070823 0.088040 0.014030 0.074525 0.030379 -0.270419 -0.016817 -0.178210 0.194986
-0.103492 0.091901 -0.182438 -0.132997 0.099470 -0.157795 -0.017532 -0.246738 -0.193581 0.026371 0.026309 0.016699 -0.501970 0.203482 0.060603 -0.162645 0.059217 0.103016 0.058695 0.002353 0.043006 0.033348 -0.044115 0.007170 -0.016887 0.040445 0.136401 0.081893 0.064752 0.021511 -0.117612 0.138370 -0.357088 -0.252043 0.076583 -0.013537 0.045736 0.123065 0.134503 0.226738 0.034201 0.078623 -0.088033 -0.153815 0.100284 -0.011674 0.058686
0.024834 -0.058030 0.039794 0.000196 -0.017697 0.010889 -0.019944 0.097246 0.095558 0.120015 0.110315 0.108000 -0.017048 0.101873 -0.094670 -0.082736 -0.169226 0.036027 0.047176 -0.027073 -0.149781 -0.203240 -0.041812 -0.215691 -0.025215 0.057570 -0.013443 -0.037189 -0.035970 0.068958 0.058621 0.062573 -0.104251 -0.158331 -0.209572 0.051869 -0.053849 0.034674 0.180677 -0.107271 -0.111276 0.064342 0.195998 -0.107402 0.033216 -0.159568 0.085348
0.121449 -0.324281 -0.010873 -0.010582 0.013768 -0.083976 0.114223 -0.085773 -0.003984 -0.007494 -0.030150 0.111906 -0.053887 -0.017524 -0.052679 0.004288 -0.037522 0.215418 -0.076501 0.000264 -0.011547 -0.145079 -0.076283 -0.030030 0.049283 0.124240 0.119350 -0.072224 -0.046012 0.007763 0.153021 0.040232 -0.180451 -0.109634 -0.093280 0.023866 0.210462 -0.023378 -0.040978 0.057503 -0.217752 -0.115258 0.019216 -0.090880 0.031348 -0.089069 -0.079972
-0.017695 -0.034413 -0.028447 -0.162248 0.154453 -0.125545 -0.046908 -0.017667 0.042336 0.054413 0.231551 -0.040557 0.016077 0.079934 -0.013375 0.053605 -0.003386 0.123305 -0.075052 -0.189733 0.049322 0.042833 -0.196491 -0.011980 0.025459 0.027288 -0.042561 0.000356 -0.079747 -0.271636 -0.024684 -0.125276 -0.120396 -0.045721 0.075114 0.062504 -0.069199 -0.003441 0.104622 0.075405 0.016669 0.080155 -0.188977 -0.065512 -0.061437 0.016309 -0.088129
0.041334 -0.021817 0.003675 -0.117489 -0.054733 0.105045 -0.054902 -0.064161 -0.053736 0.046880 0.003759 -0.135710 -0.201611 0.092534 -0.100722 0.051234 -0.022553 -0.003792 -0.011039 0.092197 0.025857 -0.108401 0.056060 0.185601 -0.029264 -0.003055 0.017087 0.125966 -0.120593 -0.039104 -0.006227 -0.026107 0.145042 -0.428352 -0.097470 0.170876 -0.136451 -0.127108 0.001670 0.002924 0.010389 0.043411 0.227012 -0.005744 0.208626 0.149127 -0.093964
0.030015 0.014364 -0.053034 -0.043421 0.216812 -0.024262 0.041238 -0.165466 0.111996 0.000922 -0.010608 -0.053181 -0.012704 0.080682 -0.206473 0.067927 -0.167928 0.002806 -0.192316 -0.011137 0.028807 -0.003818 0.042260 0.062489 0.034942 -0.001240 -0.011487 -0.155955 -0.099681 -0.300235 -0.051443 -0.182073 -0.020651 -0.298128 0.123250 0.014921 0.042604 0.154765 -0.006436 -0.090757 -0.079533 -0.011304 0.192800 0.056079 -0.081892 0.019583 0.014170
0.057603 0.143001 -0.061550 0.069364 0.241508 -0.210211 -0.096996 0.075357 -0.187268 0.070456 -0.153038 -0.064490 -0.066374 -0.019155 -0.066218 -0.079092 0.049456 -0.006601 -0.125143 -0.066830 0.085374 -0.189108 -0.115155 0.009731 0.073517 0.037608 0.057382 -0.039023 0.003812 -0.133649 -0.090552 0.019681 -0.021002 -0.141572 0.126717 0.021570 0.073295 -0.021246 0.073179 -0.063449 -0.148033 0.076557 0.119092 -0.035595 0.003126 -0.051498 -0.028801
-0.013376 -0.109124 0.031579 -0.109471 0.183741 -0.014399 0.087820 0.180398 -0.148630 -0.044804 0.117937 -0.173034 -0.378337 -0.102743 0.133936 0.084866 0.249023 0.108770 0.168855 -0.424680 -0.096178 -0.305643 -0.046400 -0.257767 0.089197 -0.082189 0.071833 -0.154273 0.009268 -0.127428 -0.395471 -0.131978 -0.076362 0.021390 0.008882 0.026292 0.069862 -0.107021 -0.067456 0.030744 0.197066 0.098552 0.104866 -0.231585 -0.086759 -0.018892 -0.021313
-0.160600 -0.056107 0.169315 -0.043944 0.188265 -0.287290 -0.021995 0.196182 -0.117493 -0.015471 0.009090 -0.266325 -0.184438 0.012788 0.030377 -0.076270 0.176945 0.000460 -0.131233 -0.163242 0.044047 -0.104766 -0.008393 -0.393562 -0.128198 -0.230044 0.067597 0.171603 0.218855 0.365684 -0.137162 0.079977 -0.381092 -0.197832 -0.271313 0.011232 -0.251810 0.087223 0.169255 -0.197862 0.096359 -0.274186 0.457962 -0.387559 -0.307730 0.192410 0.251600
-0.019999 -0.188036 0.067531 0.195967 -0.057634 0.094928 0.112485 0.127982 -0.193913 -0.160209 -0.241371 -0.078108 -0.069113 0.061359 0.280954 0.105413 0.037184 0.011057 0.145778 0.059083 -0.111603 0.087302 -0.464354 -0.343642 -0.000181 0.112596 0.173532 0.127872 0.127903 -0.065907 -0.040636 0.102296 0.016574 -0.005862 -0.342998 0.117517 -0.000465 0.152271 -0.005583 0.130889 -0.050727 -0.258894 -0.049987 -0.065591 -0.065278 -0.156256 -0.146809
0.026547 -0.076209 0.165945 0.068763 0.226435 -0.158177 0.074545 0.181601 0.135902 -0.113280 0.173564 -0.118257 0.233120 -0.009665 -0.071729 0.131472 0.202086 0.063867 -0.114940 0.072528 -0.111100 0.155943 -0.360733 -0.194180 0.035234 -0.112234 -0.049685 -0.140103 0.138166 0.131826 -0.076597 -0.153228 -0.214138 0.087023 -0.145262 0.112453 -0.124461 -0.006092 -0.263038 -0.302792 0.121061 -0.319337 -0.144522 -0.005752 -0.221884 -0.188125 0.044544
-0.034465 0.192194 0.264362 0.149213 -0.388350 -0.050542 -0.116927 0.066216 0.128087 0.001674 -0.410983 0.047668 0.245250 0.072447 -0.088355 -0.301948 -0.020254 -0.531772 -0.092494 -0.111428 0.106249 0.100064 -0.370249 -0.054357 -0.104366 -0.260730 -0.209943 -0.019613 0.018205 0.111352 -0.055985 -0.316810 -0.202458 0.211122 -0.156297 0.070412 -0.291135 0.001776 -0.116104 -0.005308 -0.041495 -0.021404 0.195107 0.168097 0.075176 0.111954 0.042867
-0.034584 0.075226 -0.281347 0.055737 0.138451 -0.076764 0.064374 -0.185442 0.140038 0.072974 0.284867 0.182028 0.121840 0.045596 0.101164 0.100693 0.225414 0.246753 0.124412 -0.219874 0.046851 0.018232 0.055738 -0.140572 -0.058747 0.015107 0.132074 0.051946 -0.120092 -0.049258 -0.118231 -0.407923 0.037408 -0.234833 -0.147068 0.010413 -0.075379 0.159004 -0.094418 -0.056490 0.156124 0.011435 -0.253738 -0.268212 0.050544 -0.193000 0.039446
0.088834 -0.195317 -0.183148 -0.270540 -0.025122 0.214167 0.095769 0.042770 -0.036145 0.006180 0.059544 0.171602 0.136805 -0.074200 0.258002 0.185604 0.177339 0.289335 -0.125721 0.083319 0.134853 -0.106894 -0.164009 -0.120920 0.019289 0.140784 0.064763 0.009505 -0.314959 0.065031 -0.040190 -0.112059 0.084151 -0.235481 -0.007912 -0.022445 0.107809 -0.012218 0.002383 0.041047 0.048581 -0.034628 -0.109000 -0.177499 -0.142858 -0.082306 -0.011162
-0.047656 0.060787 -0.124667 0.279987 -0.046017 -0.095481 0.072099 -0.182215 0.005069 0.097611 -0.048284 0.046092 -0.286801 -0.272606 0.048118 -0.050272 0.165323 -0.063408 -0.018415 -0.148454 0.150638 -0.024087 -0.068667 -0.039416 -0.137203 0.004267 -0.006094 -0.071628 -0.048655 -0.238322 -0.186325 -0.418407 0.054667 -0.226725 0.049934 0.069034 -0.004185 0.007993 0.012238 0.174994 0.028948 0.147326 0.254323 -0.159636 0.261555 -0.206163 -0.029003
-0.059602 -0.220821 0.085758 -0.178589 0.184642 0.150499 -0.099385 0.036723 -0.113017 0.007014 0.018390 -0.344710 -0.003891 -0.194010 0.157688 0.163060 0.019165 0.208835 -0.086488 -0.099602 0.130028 0.130473 -0.155283 -0.350535 0.016757 0.007994 0.122893 -0.167510 -0.114204 0.038948 0.084155 0.074466 -0.134544 -0.330564 -0.037998 -0.030971 0.044225 -0.061204 0.172278 0.028687 0.104336 -0.145283 0.097561 -0.186111 -0.077019 -0.205782 0.090000
0.033675 0.125709 -0.198501 -0.005941 -0.074319 -0.002529 0.181658 -0.045699 0.001094 -0.193473 -0.229529 -0.059488 0.031451 -0.126477 0.177173 -0.200191 0.027234 -0.095975 -0.292768 -0.082288 0.055111 0.104578 -0.003128 0.070169 0.087957 -0.073234 0.057410 0.070452 -0.041604 -0.114941 0.153004 -0.163892 -0.067188 -0.168581 0.009276 -0.092409 0.137869 0.015822 0.014265 -0.020421 0.138086 -0.072805 -0.002623 0.008323 -0.039900 -0.013986 -0.011078
-0.008149 -0.089199 -0.056504 -0.044275 -0.153961 -0.008074 0.137059 -0.111532 -0.092231 0.039256 -0.081467 -0.103728 0.072487 -0.165198 -0.020935 -0.082165 -0.018839 -0.046018 -0.097288 -0.284049 0.053655 -0.250926 0.063611 0.074942 0.091082 0.018194 -0.098197 0.082314 0.112749 -0.055367 0.049145 -0.004362 0.044010 -0.176688 -0.135401 -0.146497 0.031506 -0.129984 -0.001390 0.047469 -0.060694 -0.048818 0.001084 -0.063271 0.070545 -0.020018 -0.034373
0.022839 0.033166 0.069996 0.133739 0.120226 -0.002891 -0.062275 0.103175 0.054350 -0.080954 0.126620 -0.014683 -0.089861 -0.142410 0.150957 0.140608 0.130647 0.201053 -0.120232 -0.161839 0.065082 -0.049359 -0.062635 -0.071855 -0.014231 0.087232 -0.000754 0.152240 -0.116322 0.022614 -0.085686 0.008310 -0.001345 -0.054538 -0.206570 -0.006385 0.063898 -0.072161 0.054518 -0.037055 -0.015601 0.025604 0.026409 -0.155238 0.046260 -0.135586 -0.085056
-0.063938 -0.202741 -0.058100 -0.046105 0.137409 0.124775 -0.129309 -0.165083 0.035916 0.045087 -0.059665 0.056244 0.057485 0.283405 0.174348 -0.090069 -0.093615 0.106905 -0.004009 -0.015951 0.036188 -0.117428 -0.102236 -0.022003 0.071162 -0.068208 0.093408 -0.078830 -0.075285 0.042540 0.207782 -0.095940 -0.016857 -0.017915 -0.012452 0.009362 -0.077366 0.149789 0.192973 0.000229 0.081138 -0.098651 -0.007034 0.050717 -0.202492 -0.014952 -0.050908
0.017437 0.007208 -0.147080 0.135761 0.184794 -0.064980 0.034563 0.114664 -0.044016 -0.025661 0.052044 0.275152 0.053998 0.023910 -0.013765 -0.001113 0.067904 0.001956 -0.095922 0.024848 -0.065418 -0.101598 0.160745 0.044871 -0.008350 0.093112 0.136460 0.050217 -0.066955 -0.063800 -0.092794 -0.046045 0.143140 0.098427 -0.105792 0.083101 -0.111176 0.066834 -0.250101 -0.084060 -0.015385 -0.118097 0.087919 0.004132 -0.038009 -0.035085 -0.118815
0.026557 -0.063976 0.014534 0.049987 0.168672 -0.214001 -0.077907 0.018309 0.025390 0.079343 0.064025 0.144873 -0.133115 -0.029407 0.102200 0.037869 0.165308 -0.012548 -0.045536 -0.181482 0.128262 -0.168294 0.176488 -0.096232 -0.030545 0.057501 -0.171384 0.019338 0.122781 -0.082024 0.046711 -0.012847 0.072827 0.076247 -0.274087 -0.093727 -0.043102 0.096682 -0.143701 0.072353 -0.086969 -0.074308 0.012540 0.029773 -0.045249 0.083116 -0.007130
-0.028825 -0.006010 -0.016700 0.069754 -0.165283 0.036271 0.242380 -0.029190 0.033066 -0.027763 -0.051810 0.156964 -0.248789 -0.029069 -0.047697 -0.094807 0.029827 -0.035585 -0.071847 -0.316648 0.145168 0.033239 -0.123691 0.015875 -0.081170 0.000889 0.171000 0.035830 -0.012736 0.095115 0.079306 -0.073720 0.224901 -0.023723 0.146217 0.010281 -0.222290 0.001277 0.109018 0.077901 -0.067371 0.098679 0.092831 0.071790 0.071653 0.054261 -0.282869
0.054122 0.071922 0.011365 0.116228 0.108876 -0.023257 0.013756 -0.192400 -0.072666 0.025802 0.081512 0.033997 -0.140025 -0.045666 0.133319 -0.032450 -0.069861 -0.091612 -0.026315 -0.022280 0.081316 0.104385 -0.039166 0.012550 -0.035432 -0.014125 0.044151 0.008158 -0.083732 -0.004943 -0.040440 0.004863 0.250294 -0.110115 -0.064312 -0.056773 -0.122001 -0.027455 0.066002 0.101278 0.056970 0.005745 0.074097 -0.006829 0.029064 0.083157 -0.101603
0.057821 0.011055 0.078414 0.171329 0.042993 0.035802 0.103714 0.126861 0.011286 -0.028641 0.005032 0.061120 -0.405839 0.033301 0.084232 -0.039328 -0.238673 -0.138819 -0.010838 -0.119694 -0.079359 -0.076028 -0.023788 -0.195790 -0.036002 -0.138602 -0.086393 -0.021289 -0.019977 0.005505 -0.064079 0.120152 0.120150 0.082207 -0.019287 0.110640 -0.032351 0.040327 0.080429 0.148653 0.002514 0.088307 -0.040997 -0.011322 0.025007 -0.062952 -0.215442
-0.024565 0.056395 -0.049869 0.015749 0.019397 -0.073745 0.013098 -0.054103 0.158944 0.026800 0.049535 0.084785 -0.203848 -0.144275 0.002439 0.004068 -0.080475 -0.112688 0.036582 -0.086649 0.000286 0.012527 -0.119636 -0.103496 -0.216220 -0.075507 0.078388 -0.003811 -0.015736 -0.043192 0.010294 -0.088984 -0.075382 0.090815 -0.115322 0.029661 0.026248 -0.054080 -0.004628 0.126120 -0.020296 0.015920 0.011948 0.081459 0.047960 -0.020368 -0.008380
-0.132247 0.055856 -0.038922 -0.056875 0.122483 -0.087455 -0.040825 -0.170718 0.039329 -0.040701 0.024965 0.016504 -0.233997 0.149529 0.108970 0.106005 -0.081888 0.003001 0.025488 0.010575 0.042646 -0.025780 0.172210 -0.026564 -0.202800 0.056283 -0.103793 0.006904 0.099949 0.054105 0.150606 -0.054785 -0.131982 0.002730 -0.097227 0.091249 0.098342 0.045851 0.032640 0.155375 -0.079876 0.119122 -0.127024 -0.065736 0.135233 -0.129377 -0.147354
-0.069824 -0.039065 -0.082866 -0.072861 0.107574 -0.061972 0.000143 -0.028692 0.065997 0.001499 0.153985 0.146393 -0.135618 0.158283 0.105400 0.063784 -0.134218 0.011474 0.023765 -0.109821 0.149369 0.094084 0.122289 -0.021249 -0.213830 0.089094 -0.083630 -0.023698 -0.006558 0.037840 0.027431 -0.007021 -0.083902 -0.082698 -0.034730 -0.033431 0.122435 0.104913 0.094235 0.049783 -0.097138 0.104752 0.074083 -0.134500 0.084357 -0.158636 -0.224717
-0.057095 0.098252 0.061656 0.256447 -0.029572 -0.019264 -0.089304 -0.032011 0.031793 0.014265 0.060544 -0.095083 -0.100657 0.031841 0.239612 -0.065401 0.194808 0.074534 -0.209237 -0.026454 -0.044596 -0.246704 -0.157731 0.067517 -0.036026 0.006031 0.045638 -0.056564 -0.030188 -0.074720 0.169596 -0.031725 0.025987 -0.004037 -0.040173 -0.107232 -0.039275 0.134486 0.092479 -0.000536 -0.061018 0.042160 -0.030947 0.009040 0.007447 -0.117487 -0.045362
0.077234 -0.155235 -0.029291 0.061556 -0.156556 0.183803 -0.048578 -0.021757 0.083387 0.023098 0.000643 -0.016881 -0.151255 -0.012512 -0.044292 -0.133445 -0.307677 0.008872 -0.301880 -0.152694 0.207038 0.064930 -0.086277 0.098041 -0.187826 0.216591 -0.006523 -0.208218 -0.107699 0.013694 -0.110186 0.030532 0.087635 -0.050628 0.122505 0.133732 0.007435 0.203081 0.099536 0.068860 -0.073307 0.029185 0.085683 -0.076733 -0.011722 -0.056177 -0.203700
0.001791 -0.049279 -0.051893 0.301597 -0.090917 -0.127710 0.079672 -0.010189 -0.027597 0.005578 0.021920 0.123804 -0.077378 -0.102465 -0.144602 -0.191895 0.067452 0.015672 -0.187255 0.056257 0.011205 -0.080283 -0.068109 0.026191 -0.028305 0.093965 0.081134 0.076744 -0.103271 0.078391 0.084237 -0.135919 -0.017273 0.008367 0.137215 0.057168 0.022290 -0.078856 -0.038657 -0.010614 -0.093625 0.046745 0.002590 0.026361 0.054163 -0.181310 -0.093709
-0.025462 -0.208179 0.104350 0.002340 -0.068792 -0.093158 -0.035463 0.126473 0.029635 0.002892 -0.020337 0.000710 -0.242254 0.096517 -0.206947 -0.245375 0.002080 -0.002683 -0.183850 -0.008375 0.081066 -0.242846 -0.003669 -0.090090 0.092000 0.241189 0.051655 -0.026580 -0.118622 -0.043328 0.128364 -0.012082 0.003542 -0.002430 0.032679 0.035495 0.188691 -0.016316 0.079173 0.264376 -0.122695 0.071394 -0.032146 0.026887 0.096521 -0.120282 -0.297811
0.033447 0.062233 0.100063 0.059321 -0.195012 0.144522 0.104275 0.170272 0.155026 -0.178354 0.073245 0.055563 -0.024069 0.090038 -0.193123 -0.177067 0.231699 -0.012738 0.018662 0.031008 -0.264547 -0.088133 -0.108920 0.050995 0.063464 -0.080164 0.153714 0.008404 -0.140897 -0.019529 0.014306 -0.082287 0.135012 0.034941 0.151634 -0.019844 -0.102433 0.030737 0.113047 -0.087385 -0.122362 -0.069471 0.024042 -0.060663 -0.088167 -0.194127 -0.238107
0.030217 -0.039401 -0.070690 -0.049517 0.109741 -0.200593 0.086098 0.106517 -0.158819 0.132057 0.136741 -0.142656 0.002603 0.002709 0.006939 -0.104725 0.031892 0.026795 -0.069910 0.016928 -0.217429 -0.050557 0.062358 0.114156 0.037695 0.087171 -0.033370 -0.077547 0.018110 0.036512 -0.056812 -0.156965 0.113835 -0.227412 0.167229 0.019100 0.055205 -0.219563 -0.185593 -0.182051 -0.133778 0.119036 -0.053682 -0.034063 0.235279 -0.024080 -0.254947
0.044703 -0.099171 0.003617 0.144066 -0.010045 -0.187749 0.028252 0.201833 0.007916 -0.049887 0.029893 0.080099 -0.100493 0.035485 -0.020444 -0.476027 0.053108 -0.127323 -0.070867 -0.036242 -0.151829 0.053934 -0.059415 0.054500 0.063187 0.062230 0.052533 -0.054095 0.012629 -0.205074 -0.055663 -0.053072 0.174713 0.001023 -0.051054 0.026678 -0.016463 -0.012383 -0.042032 -0.107034 -0.042819 -0.061871 -0.028491 -0.029247 0.121902 -0.051519 0.047695
0.065488 -0.066758 0.074475 0.152039 0.021944 -0.049411 0.062721 -0.110277 -0.010110 0.219275 0.172463 -0.057303 -0.067063 -0.028843 -0.033556 -0.102427 -0.019728 0.049702 -0.058041 -0.126215 0.027718 0.043917 0.299994 -0.201122 0.007562 -0.090515 0.020170 0.057462 -0.195493 -0.060720 -0.176742 -0.054016 0.010585 0.037162 0.121786 -0.154340 0.016836 0.070064 -0.428362 -0.174137 0.012443 0.202487 -0.060443 -0.062550 0.224755 -0.121096 -0.102676
-0.010113 -0.045182 -0.107544 -0.395045 0.026797 0.221400 0.133790 -0.193315 0.108454 0.050919 0.235637 -0.055689 -0.027972 0.241686 -0.055778 0.140650 -0.085439 -0.065657 -0.224268 -0.093600 0.088577 -0.012077 0.194336 -0.000868 0.054708 0.131700 0.188975 0.104674 -0.166950 -0.170205 -0.325451 -0.095761 0.070239 -0.052823 0.025414 -0.132862 -0.090105 -0.251281 -0.182026 -0.027080 0.202659 -0.234770 -0.218563 -0.070305 -0.072510 0.175806 -0.290904
-0.021616 -0.259554 0.242555 0.024993 -0.275086 -0.130018 0.016893 -0.013475 0.291522 0.082988 0.057636 0.108893 0.024388 0.200649 0.086673 0.077948 0.263821 -0.392167 0.019982 -0.128625 0.156831 -0.004444 -0.115307 -0.522674 -0.026448 -0.043917 0.062937 0.289465 0.047227 0.054142 -0.307832 -0.246058 0.009507 0.132303 -0.236962 -0.128580 0.139812 -0.265642 -0.513313 -0.025773 -0.108482 0.044587 -0.305894 -0.069892 0.159477 -0.012959 -0.326823
0.059865 -0.014971 -0.022916 -0.290008 0.055816 0.191307 0.087200 -0.167944 0.098776 0.067187 0.392714 0.042739 0.056886 0.047577 0.148664 0.044420 0.039259 -0.315099 -0.058994 -0.045131 -0.152995 0.046199 -0.002073 -0.024571 -0.008284 0.124946 0.033935 0.181373 -0.015846 0.016705 -0.316057 0.123564 -0.302086 0.152218 -0.119470 -0.273136 -0.192758 -0.093396 -0.283646 -0.245125 0.127954 0.001914 -0.033037 -0.116311 -0.045731 0.058400 -0.067728
0.006847 -0.159086 -0.017351 -0.274248 -0.120175 0.096321 -0.078183 -0.396889 -0.073131 0.094109 0.113389 0.185516 -0.043827 0.253877 0.270686 0.116060 0.006377 -0.239852 -0.014158 -0.146502 -0.229535 -0.044064 0.055799 -0.061673 -0.050754 0.153538 0.224633 0.211517 -0.137489 0.161339 -0.374487 -0.098569 0.009395 0.099948 0.147151 -0.401595 0.011319 -0.144276 -0.153253 -0.070167 -0.008003 0.172505 -0.205016 0.075991 0.150924 -0.337122 -0.182912
0.092563 -0.026098 0.100908 -0.106849 -0.114738 0.100358 -0.084968 -0.168811 -0.098195 0.109329 0.031702 0.019102 -0.034151 -0.096316 0.267721 0.023730 0.050104 -0.139107 -0.078128 -0.075841 -0.136381 0.052676 -0.040020 -0.298980 0.012247 0.061768 0.040240 0.127885 0.020904 0.150494 -0.482518 0.062115 0.065162 -0.142354 -0.176119 -0.281299 0.004116 -0.025222 -0.631343 0.063112 0.159097 0.236324 -0.145852 -0.075778 0.164718 -0.093491 -0.112578
0.173554 -0.008791 -0.116690 -0.003928 0.143954 0.105888 0.024407 -0.151314 0.000663 0.238052 0.011928 -0.173567 0.016486 -0.234182 0.013765 0.001268 0.259246 -0.030821 -0.082089 0.142239 0.030872 -0.081736 0.367635 -0.241218 -0.141095 0.113434 0.144519 0.126647 -0.136899 -0.126304 -0.201164 -0.281312 0.055718 -0.196084 0.207297 -0.311344 0.002425 -0.210270 -0.290893 -0.002409 -0.062562 0.071246 0.110806 -0.101336 0.143703 -0.143936 -0.134479
0.014310 -0.031656 -0.177271 0.083645 -0.082332 0.079111 0.041339 -0.040303 -0.114316 0.038935 -0.031849 -0.061633 -0.097248 -0.307308 0.032751 0.051303 -0.022683 -0.025542 0.117554 -0.078533 -0.223540 -0.294908 0.097411 -0.130988 0.108950 0.057566 0.139546 0.122653 -0.259030 -0.165742 0.148494 -0.273498 -0.008122 -0.105782 0.176921 -0.050483 0.115083 -0.276368 -0.291919 0.134366 -0.306606 0.320173 -0.028082 0.031376 0.242401 -0.297970 -0.106966
0.046298 -0.155722 -0.115774 -0.018136 -0.046360 -0.161158 0.015206 -0.149580 0.146382 0.137103 -0.059731 -0.090585 0.073070 -0.274016 -0.073618 -0.052303 -0.017871 -0.014560 0.013383 0.020270 -0.133809 0.099720 0.002524 0.050927 0.032611 0.058845 -0.046389 0.060527 -0.125323 -0.129515 0.031507 -0.171109 0.068022 -0.321563 0.106292 -0.124532 0.090164 -0.092802 -0.083245 0.136229 -0.020529 0.057660 0.006004 -0.036647 0.172757 -0.154903 -0.129451
0.066913 -0.076219 -0.339557 -0.453773 -0.014021 -0.145229 0.218909 -0.013973 0.064434 -0.114567 0.252763 -0.026438 -0.007527 -0.174618 0.018663 0.076209 -0.032665 -0.173415 -0.089147 0.047461 0.239461 0.036304 0.139113 -0.062239 0.013179 -0.032446 0.115665 0.048348 -0.032402 -0.208400 0.090436 -0.048166 -0.001841 0.034014 0.012868 -0.110158 -0.018664 -0.096449 -0.073967 0.146316 0.077797 -0.129715 0.000332 0.020742 0.138440 -0.019305 -0.084457
-0.021356 0.008632 -0.006574 -0.017333 0.020821 -0.109011 0.171312 -0.336178 0.024958 0.068504 0.135600 -0.108105 0.074530 -0.267363 0.070194 0.042782 -0.027167 -0.185535 -0.154269 -0.238149 0.072788 -0.056362 0.011125 -0.056254 0.041748 0.018305 -0.004188 0.107073 0.086646 -0.004776 -0.040152 0.029227 0.098081 0.035760 0.187039 -0.065151 0.161833 -0.076614 -0.111757 0.032549 -0.025337 -0.029565 -0.116625 0.067503 0.147766 -0.067470 -0.267861
-0.034030 -0.050469 0.037970 -0.405593 0.111039 0.032950 0.066277 -0.049208 -0.051582 0.032034 0.100757 -0.081896 0.091372 0.109034 0.103417 0.087634 0.023412 -0.076259 -0.261693 -0.059359 -0.010656 0.029649 0.204514 0.032503 -0.022446 0.057296 -0.109497 0.123172 -0.021627 0.132018 -0.025980 -0.086729 0.107110 0.106851 0.034503 -0.355312 -0.005562 -0.132888 -0.043218 -0.171683 -0.029236 -0.029287 0.120987 0.005649 0.022162 0.056579 -0.155427
0.007987 0.019775 -0.126057 -0.283112 0.000517 0.012441 0.153116 -0.124482 -0.020812 0.033326 0.072367 0.025633 -0.074944 0.037083 0.063475 0.063266 -0.063956 -0.007403 -0.232290 -0.365870 0.003575 -0.066340 0.007004 -0.037439 -0.011451 0.196057 0.059783 0.083309 -0.139477 -0.092420 -0.136209 0.096353 0.033565 0.058201 -0.172034 -0.071174 0.007996 -0.009721 -0.256469 0.023911 0.028657 -0.006253 0.074255 0.144244 0.014616 0.149491 -0.174214
0.006161 0.106994 -0.114261 0.162715 0.125549 -0.059693 0.086135 0.004258 0.056385 0.091453 0.078297 0.115632 0.073190 0.021942 0.160384 0.043701 0.032672 0.027396 -0.229392 -0.278646 0.179609 -0.175461 0.091973 0.048178 -0.055066 0.109445 -0.106679 -0.041787 0.033628 -0.099948 -0.180487 0.023279 0.002582 0.088856 -0.065023 -0.003481 -0.084789 0.036570 -0.291339 0.027770 0.016415 0.002991 -0.126145 0.141494 0.033068 0.033066 -0.109313
0.004245 -0.029044 -0.147877 -0.277822 0.064940 -0.057284 -0.082931 -0.069458 -0.033819 -0.031770 0.000087 0.195376 -0.080031 0.088750 0.119348 0.091566 0.050915 0.163283 -0.024833 -0.138958 0.098787 -0.130794 0.149120 -0.000779 -0.034263 0.093522 0.143839 0.155820 -0.179542 -0.075271 -0.188051 0.116500 0.154524 -0.050940 0.016300 -0.069423 -0.060995 0.056370 0.017469 0.126646 -0.038387 0.177210 0.142704 0.100310 -0.006272 0.101538 -0.063027
-0.052800 0.058316 -0.130450 -0.329187 -0.184591 0.155804 0.071582 -0.201157 0.071610 0.069029 0.126755 -0.046312 -0.217479 -0.072522 0.114838 0.173391 0.000937 -0.161258 -0.074383 -0.055500 0.060162 -0.016026 -0.049794 -0.080311 0.030729 0.046612 -0.095563 0.132689 -0.067876 -0.041878 -0.103133 0.098518 -0.139836 0.224601 0.183451 -0.073121 -0.199365 -0.058275 0.026876 0.103532 0.007109 -0.245228 0.022106 -0.007244 0.018577 0.030743 -0.035983
-0.016964 -0.050068 -0.015064 0.219665 0.021390 -0.053262 0.126379 -0.007176 0.077193 -0.115816 -0.278764 0.280949 -0.195490 -0.028278 -0.195613 0.073712 -0.094418 -0.112304 -0.288593 -0.278749 0.204149 0.006078 0.123026 0.036744 0.057102 0.200859 0.024799 0.197795 -0.091548 -0.052911 -0.086781 0.066580 -0.023607 0.042396 -0.047622 0.221685 -0.288545 0.109276 -0.158870 -0.032018 0.020055 -0.137221 -0.057472 0.062373 -0.127622 -0.001853 0.068738
-0.198122 -0.034399 -0.099945 0.182411 -0.110932 0.010659 0.189509 0.014724 0.128196 0.026233 -0.043656 0.263674 -0.161448 -0.161640 -0.007136 -0.073491 0.135750 0.017419 -0.037018 -0.097611 0.193534 -0.135093 0.045742 -0.071928 -0.221010 0.042859 0.230320 0.135703 0.040718 -0.044300 -0.094799 -0.261589 -0.079710 0.083842 -0.018046 0.116598 -0.070810 0.021696 -0.127494 0.018456 -0.040268 0.041787 0.136011 -0.106070 -0.003115 0.018066 0.015647
0.015398 0.003662 -0.055194 -0.091905 -0.002590 0.052060 0.097507 -0.136863 -0.083786 0.038431 0.026798 0.119597 -0.399406 0.030045 0.099732 0.141479 0.003234 -0.020940 -0.072650 -0.238711 0.138200 0.015765 -0.161013 0.108708 -0.037399 0.111823 0.065958 0.165916 -0.058410 -0.177508 -0.051389 -0.212996 0.133586 0.115213 -0.157911 -0.089102 -0.055947 0.011864 0.004587 -0.012319 0.020439 0.002935 -0.010602 -0.106069 0.006041 -0.143405 -0.037786
-0.117707 0.026096 -0.012299 0.258315 -0.041326 0.087892 0.198144 -0.024663 0.019001 0.062398 0.079825 0.067451 -0.257626 -0.358688 0.106186 0.023354 0.041531 -0.100706 0.000155 0.014377 0.084183 -0.191446 0.100842 -0.202385 -0.154897 0.117438 0.063274 0.062891 0.012209 -0.159039 -0.137091 -0.096768 -0.120784 -0.090488 -0.100260 0.046629 0.081891 0.136342 -0.145418 0.020591 0.054543 0.043834 0.081726 -0.232311 -0.016929 -0.032641 -0.157659
-0.144559 -0.034267 -0.066752 0.043695 0.045058 -0.058260 0.025070 -0.014950 0.055180 0.151617 -0.063975 0.062834 -0.155719 -0.250780 0.027075 -0.056413 0.131019 0.080188 0.008830 -0.138472 -0.016760 -0.198248 0.164015 -0.079097 -0.087545 0.096222 0.004122 0.142777 -0.033254 -0.059653 -0.056679 -0.052045 0.112534 -0.073469 -0.039112 0.085714 0.010995 0.019014 -0.071426 0.093010 -0.059678 0.113014 0.068798 -0.241143 0.032729 0.037046 0.050316
-0.035378 0.119132 -0.025300 0.177914 -0.003258 0.039525 0.129602 0.051590 0.183994 -0.051591 -0.223367 0.037767 -0.113831 -0.199292 -0.166389 0.032651 0.134203 0.023744 -0.379523 0.020682 0.106356 -0.040050 0.009960 -0.028735 -0.028864 0.128519 0.049323 0.034561 -0.022202 -0.124074 -0.004472 0.088998 -0.177853 0.040112 -0.040294 -0.058656 -0.014643 0.207614 -0.324126 0.122438 0.014173 -0.048072 -0.167025 0.041957 0.101435 0.026736 -0.271703
-0.003420 -0.099990 -0.009181 0.255008 -0.101390 -0.048073 0.007264 -0.091126 0.062792 0.174961 -0.018600 0.182311 -0.142746 -0.018894 0.025223 -0.107042 0.049867 -0.152976 -0.151087 0.006280 0.182784 -0.057849 0.164320 0.115692 -0.017560 0.042463 0.179180 0.084053 -0.060082 -0.035616 -0.093159 -0.083005 -0.002714 -0.215547 0.013635 -0.034406 0.037402 0.140387 -0.106336 -0.102455 0.057139 0.141106 -0.065191 -0.035037 -0.082427 -0.064093 -0.050754
0.057779 -0.079962 -0.082758 0.112275 -0.131128 -0.135709 0.011774 0.007200 0.163146 0.084500 0.019915 0.129599 -0.050760 -0.074935 -0.117347 -0.194363 -0.028011 -0.172359 -0.075159 -0.146761 -0.001410 -0.130138 0.102948 -0.085031 -0.057296 0.109703 0.052643 0.050400 0.011247 -0.218755 0.026582 -0.065142 0.013663 0.004637 0.100777 0.060513 0.079023 0.140234 -0.381273 -0.005277 0.018463 -0.005314 -0.049777 0.034507 -0.056178 -0.012804 -0.085043
0.013420 -0.062242 -0.095764 0.159917 -0.013241 -0.265281 0.208987 0.093368 0.134064 -0.021797 0.132273 0.226816 -0.076044 -0.049487 -0.054205 -0.139445 0.169434 -0.133710 -0.147279 -0.240360 0.087231 -0.098034 0.161104 -0.049083 0.023875 0.069191 0.060370 0.141565 -0.019064 -0.096482 0.013258 0.031391 0.046341 0.024505 -0.026091 0.207264 -0.116088 -0.060922 -0.303842 -0.040083 -0.003522 -0.000129 -0.074038 -0.002193 0.004330 -0.045429 -0.214645
0.086280 -0.129504 0.019018 0.112597 -0.115372 -0.084701 0.141104 -0.111359 0.105397 0.156862 0.088141 0.185987 -0.274593 -0.023500 -0.251601 -0.037726 -0.012432 -0.102787 -0.242442 -0.008489 0.169518 -0.010312 0.218798 -0.076128 -0.002535 0.074950 -0.084239 -0.071550 -0.069276 -0.293640 0.090037 -0.042942 -0.166124 0.097869 0.104819 -0.011435 0.049809 0.048274 -0.089111 -0.071479 0.052674 0.049888 -0.042025 0.071389 0.036153 0.026177 -0.275636
0.062764 -0.177928 -0.008986 0.261159 0.199279 -0.031402 0.022268 -0.151576 -0.031025 -0.037225 0.088211 0.131601 -0.256083 0.022967 -0.043546 -0.047032 -0.013360 0.130388 -0.020695 0.017364 0.049707 0.080831 0.089711 -0.032583 0.006105 0.117109 -0.012651 -0.007599 0.038262 -0.168853 -0.147727 -0.072779 -0.011352 0.055773 -0.122647 0.028168 -0.010677 -0.003692 -0.038471 -0.103932 -0.084046 0.080725 0.085505 -0.029213 0.167535 -0.253729 -0.175896
-0.058314 -0.071001 -0.097562 0.282005 0.028316 -0.172459 0.146737 0.164730 0.158461 0.016831 -0.232856 0.333809 -0.117008 -0.079419 -0.166128 -0.133377 0.064400 -0.097488 -0.194630 -0.126247 0.138414 -0.117150 0.237259 0.014660 0.020098 0.064831 -0.064870 0.105320 -0.083903 -0.179522 -0.021281 0.018789 -0.103033 0.073006 0.005708 0.073051 -0.110216 0.160768 -0.235770 0.000717 -0.138999 -0.001703 0.025679 0.013571 -0.079960 0.106142 -0.161609
0.098206 -0.004564 0.080846 0.234992 -0.019471 0.011999 0.111178 -0.227570 -0.009597 0.084020 -0.022442 0.409929 -0.265127 -0.254541 -0.163864 -0.156504 0.075464 -0.136389 -0.074425 -0.167061 0.057504 -0.088728 0.103944 -0.019819 -0.158144 0.186829 0.033343 0.106337 -0.025851 -0.362556 -0.262195 0.051080 -0.186734 -0.125127 -0.228008 0.079923 0.008887 0.277819 -0.071052 -0.102667 0.029713 -0.004561 0.254446 -0.265846 -0.098171 0.076505 -0.211888
-0.044200 -0.258928 -0.323254 0.000720 0.318828 -0.032763 0.111004 -0.144771 -0.007482 0.169233 -0.136680 0.163211 -0.362613 0.104897 0.489878 0.077914 -0.100506 0.004282 -0.260154 -0.079794 0.300599 -0.337190 -0.141945 -0.205768 0.001497 -0.069817 -0.025507 -0.107140 0.042805 -0.017864 -0.127935 -0.231300 -0.404456 -0.212162 -0.353777 0.023616 -0.117779 0.011399 -0.068654 0.122478 -0.250379 -0.084122 0.082255 0.139762 0.035260 -0.183590 0.002807
-0.078067 -0.061997 0.051456 0.211314 0.016639 -0.173019 0.054303 0.004025 0.216869 0.182726 0.023420 0.399179 -0.236781 -0.273258 0.087956 0.057677 -0.149759 -0.208934 -0.100365 -0.297121 0.231043 -0.078162 0.256963 -0.154738 -0.044303 0.150770 0.006646 0.207557 0.031825 0.025466 -0.275387 -0.084141 -0.140527 0.027767 0.005760 0.172301 0.052755 0.067158 -0.096001 -0.080269 -0.208276 0.197541 -0.167519 -0.050079 -0.206819 0.008148 -0.032522
-0.062106 -0.129571 -0.029990 0.396504 -0.042680 -0.109481 0.116333 0.006915 0.205408 -0.017484 0.004029 0.191635 -0.011312 -0.225062 -0.138030 -0.206027 0.140706 -0.222723 -0.170540 -0.159274 0.196587 -0.049316 -0.117807 -0.037151 -0.053952 0.287077 0.074752 0.076173 0.011880 -0.259140 -0.150317 -0.115925 -0.115770 0.171833 0.250572 -0.011733 0.038100 -0.013359 -0.382556 0.079701 0.051678 -0.203496 -0.028394 -0.109504 0.010265 0.043462 -0.029832
0.125256 0.010521 0.048182 0.147866 0.044541 0.025934 0.125374 -0.018986 -0.046415 0.085926 -0.025143 -0.244066 -0.079503 -0.118503 0.270093 0.161339 -0.137448 -0.053895 -0.046050 -0.011490 -0.192826 -0.007626 -0.142969 -0.181251 -0.036349 -0.074652 0.088339 -0.212422 0.057721 -0.220964 -0.029801 -0.093051 -0.251381 0.005112 0.083652 -0.033172 0.114485 -0.095398 0.030397 0.253979 0.021842 0.087146 -0.088657 -0.492034 -0.029742 -0.427600 0.176366
-0.203307 -0.149952 0.042696 0.130251 0.021494 0.129196 0.139376 0.186609 -0.098675 0.147913 0.115226 -0.055529 -0.339880 -0.101466 0.189864 0.063349 -0.050685 0.187419 -0.050229 -0.121028 -0.046749 0.212971 -0.168183 -0.664710 -0.108585 -0.144691 -0.098579 -0.332532 -0.016731 -0.112369 -0.149860 -0.308854 -0.092314 -0.193350 0.032979 0.053348 0.065538 0.093283 0.148046 0.002970 0.121901 0.212455 0.034103 -0.424114 -0.044783 -0.221268 0.043089
0.189278 -0.090889 -0.009035 -0.251349 -0.034050 0.027567 0.231851 -0.143576 -0.066593 -0.054182 0.276815 -0.410127 -0.165286 -0.423039 0.235461 0.151884 0.018952 0.285097 -0.024326 0.007895 -0.260433 -0.142706 0.034756 -0.281550 0.019724 -0.107179 0.492061 -0.130047 -0.178774 0.027467 0.098623 -0.239736 0.037026 -0.272342 -0.099967 0.028843 0.010000 0.009456 0.194872 0.153475 -0.124468 -0.131702 0.032757 -0.286326 0.025987 -0.616058 -0.232011
0.016718 0.122227 0.031300 -0.049361 0.072408 0.326227 0.080697 0.118865 0.139684 0.076422 -0.123445 -0.279868 -0.141251 -0.269672 -0.014491 0.047253 -0.112299 -0.057921 -0.248705 -0.149002 -0.088749 -0.049569 -0.176418 -0.198539 -0.018125 -0.369215 0.119866 -0.114940 -0.199032 -0.077615 -0.009485 -0.117803 0.150924 0.084599 -0.036975 0.007847 0.170754 -0.037932 0.039702 0.028631 -0.092897 0.145918 -0.008080 -0.072248 -0.050722 -0.107144 0.027122
0.040683 -0.118132 0.140688 0.198804 0.117019 0.052916 -0.027063 0.096241 0.019414 0.057994 0.038065 -0.136215 0.086306 -0.026266 0.219740 0.020827 -0.050617 -0.168711 -0.128800 0.079074 -0.164216 -0.157516 -0.099693 -0.333126 0.032873 -0.244501 -0.082886 -0.226764 -0.149314 -0.140663 0.000194 -0.198133 0.009485 -0.087290 0.048320 -0.087132 0.052867 -0.004064 0.291998 0.140557 0.112265 0.071076 -0.110002 -0.240816 -0.013740 -0.232457 0.093908
0.092140 -0.254514 -0.010355 0.066399 -0.003979 -0.026856 0.033919 -0.140040 0.205620 0.037733 -0.067479 -0.183097 0.041325 -0.051966 0.007187 -0.006025 -0.091341 -0.058318 -0.212213 0.082981 -0.140252 -0.072561 -0.099229 -0.168130 0.026247 -0.167916 -0.015462 -0.160418 -0.110217 -0.169526 0.004247 -0.049876 -0.005317 0.119544 0.088787 0.011991 0.165735 0.071175 0.332131 -0.051235 0.019560 -0.058914 -0.033482 0.034458 -0.059537 -0.008574 0.037140
0.006875 -0.111482 -0.016294 -0.146878 0.154471 0.083695 0.021527 -0.031522 0.045119 0.069611 0.095198 -0.293190 0.093503 -0.035491 0.142413 0.041807 -0.014156 0.110233 -0.100664 -0.047445 -0.065202 -0.115738 -0.107402 -0.103214 0.049709 -0.172364 0.101319 -0.072866 -0.086768 -0.137003 0.117025 0.072933 -0.222549 -0.078361 -0.014059 0.100385 0.147419 0.012081 0.069554 0.037699 -0.022127 0.060643 0.003184 -0.134752 0.060369 -0.082495 -0.045454
0.049801 -0.044931 -0.060015 -0.156826 -0.175023 0.049256 0.135335 -0.037862 0.102400 0.144205 0.159092 -0.102221 -0.065549 0.088506 0.036537 0.050119 -0.164297 0.224591 -0.134294 -0.004603 -0.077652 -0.105215 0.034336 -0.033397 -0.021156 -0.173435 -0.050099 -0.099911 -0.049115 -0.040772 -0.010277 -0.117197 0.082091 0.011760 -0.132017 0.102772 0.054549 0.021799 0.101704 0.137222 -0.005716 0.039191 0.157877 -0.003939 0.118944 -0.091030 -0.089303
0.033157 0.017056 0.070055 -0.257902 0.041611 0.031611 0.035593 0.194082 0.124431 0.087071 -0.121060 -0.186394 -0.187766 -0.019586 0.016632 -0.027007 0.137693 0.092650 -0.277337 0.219150 -0.105377 -0.254393 -0.246184 0.033912 0.041571 -0.140008 -0.059423 -0.123583 -0.073873 0.110512 0.038728 -0.005641 0.050895 0.221537 0.010931 0.099869 0.166586 0.091284 -0.085690 -0.041283 0.079816 -0.071158 0.026399 0.056546 0.016499 -0.016332 -0.118562
0.029599 -0.039244 -0.057335 0.181738 -0.042237 -0.039003 0.080591 -0.103154 -0.119940 -0.033313 -0.042011 0.172584 0.075744 0.143965 0.331900 0.035162 -0.115443 0.010284 0.051072 -0.137419 0.092960 -0.143996 0.013645 -0.113625 0.054301 0.013084 -0.052715 0.012431 0.046650 -0.064774 -0.007347 -0.102137 -0.117895 0.008893 0.002195 0.118655 0.049783 -0.117240 -0.065777 0.158231 0.082889 0.110218 -0.005427 -0.213550 0.054184 -0.250348 0.003103
0.105682 -0.028862 -0.104289 0.223624 0.071342 -0.112574 0.122113 0.033566 -0.005724 0.104429 0.068344 0.117217 -0.039104 0.032348 0.095719 0.062729 0.215149 -0.041153 0.011919 -0.185401 -0.022649 -0.071588 -0.144324 -0.252964 -0.080368 0.077517 -0.031217 0.064558 -0.213906 -0.143188 -0.159311 -0.092762 -0.113566 -0.002633 0.020295 -0.028663 0.034170 -0.058833 0.077241 0.046263 -0.042861 0.009006 0.012315 0.010785 0.027024 -0.001962 0.002331
0.048941 0.060243 0.096032 -0.097823 0.123529 0.189640 0.015555 0.067559 0.107314 0.059606 0.048079 -0.234883 -0.251642 -0.090952 0.071985 0.079872 -0.114885 0.029573 -0.094363 -0.087597 0.009411 -0.109157 -0.298352 -0.236217 -0.018305 -0.217861 -0.020798 -0.024530 -0.121953 0.035790 -0.048874 0.009019 0.097519 -0.006071 -0.044114 0.066833 0.058689 0.042476 -0.041284 0.067136 -0.007316 0.037630 0.058156 -0.106465 0.077639 -0.095154 -0.028813
0.006599 -0.030035 0.055728 0.128267 -0.003420 0.050437 0.007145 0.043844 0.178036 0.089634 0.006671 -0.307252 -0.383087 -0.148169 0.113035 0.053603 -0.192387 -0.018804 -0.049390 -0.006515 -0.015300 -0.058786 -0.301648 -0.436099 0.081861 -0.153884 0.072323 -0.116349 -0.156855 -0.090501 -0.030947 0.028762 -0.061378 0.079939 0.071788 0.059566 0.117671 0.038842 0.120830 0.079346 0.026906 0.106924 0.002971 -0.057372 0.033940 -0.178889 -0.050614
0.043667 0.069550 -0.029345 -0.123426 0.075798 -0.199003 -0.108947 -0.027568 0.274623 0.097628 0.256947 -0.270829 -0.040449 0.062835 0.136864 0.135278 -0.117340 0.046670 0.014276 -0.167830 -0.106032 0.052589 -0.206293 -0.161637 -0.070008 -0.194810 0.049806 -0.244717 0.030458 -0.010787 -0.161125 -0.126825 0.082624 0.036402 0.077328 -0.038461 0.086890 0.062671 0.019932 -0.117354 0.055973 -0.027932 -0.050620 -0.305676 0.009641 -0.336158 0.157052
-0.108272 0.078384 0.176066 -0.115397 0.026915 0.055314 0.104011 0.021270 0.259202 0.058977 0.079212 -0.143326 -0.486865 -0.263944 0.100099 0.123270 -0.119499 -0.054113 -0.057303 -0.136030 -0.087094 -0.053371 -0.154311 -0.116668 0.049313 -0.230055 0.126665 -0.140047 -0.109176 0.103027 -0.010257 -0.155581 -0.018871 0.056696 0.041316 -0.031234 0.136662 0.017317 0.127692 0.097204 0.024191 0.008720 0.076921 -0.152026 0.068665 -0.234230 0.039269
-0.076086 -0.056108 0.059714 0.136570 -0.064657 0.143519 -0.025771 0.049320 0.086301 0.039097 0.021581 -0.091670 -0.260520 -0.185192 0.062627 0.094838 -0.100132 0.040288 -0.035079 -0.172301 0.050324 0.059283 -0.138313 -0.157734 -0.069128 -0.110118 0.065345 -0.064943 -0.030164 0.009136 -0.045915 -0.125441 -0.023602 -0.080097 0.034935 -0.048753 0.036629 0.065316 0.176779 0.049781 0.006365 0.216347 -0.131663 -0.266498 -0.029848 -0.251605 -0.033066
0.117189 0.007082 -0.006581 0.080853 -0.086891 -0.068199 0.068363 0.045429 0.169423 -0.117534 0.001972 0.067500 -0.061603 0.007730 0.113658 -0.129424 0.083855 0.036144 0.035287 0.026064 -0.011754 -0.095531 0.040069 0.024453 -0.129508 -0.271738 0.010960 -0.103472 0.055436 -0.163370 0.033267 0.010547 0.053486 -0.170563 0.065915 -0.010012 -0.080730 0.018901 0.042818 -0.013107 -0.078838 0.026480 -0.220133 -0.172338 0.086176 -0.048585 -0.140099
-0.096998 -0.163705 0.172098 -0.026428 0.023123 -0.041733 0.041722 0.007775 0.028785 0.052556 0.036179 0.035686 -0.130845 -0.163075 -0.019486 -0.066685 0.022229 0.052235 -0.088513 0.052000 -0.040039 0.133745 -0.007389 -0.168567 0.003040 -0.048134 0.122444 -0.124956 -0.053766 0.015432 0.032417 -0.089196 -0.025063 -0.047645 0.172981 0.114596 0.053683 0.075835 0.011622 0.094208 0.095665 0.049598 -0.165701 -0.112858 0.004443 -0.365527 -0.153536
-0.036660 0.004533 -0.014888 0.037198 0.030084 0.036561 0.002836 0.121294 0.182113 -0.105264 0.146961 0.070782 -0.092686 0.146086 -0.098927 -0.100335 0.055456 0.072269 0.037072 -0.091447 0.184891 -0.117753 -0.062993 0.026911 -0.072901 -0.116881 0.173841 -0.077647 -0.013694 0.090420 -0.131883 -0.172422 0.104405 0.006764 0.001527 0.020994 0.076921 0.004808 0.030991 -0.150780 -0.001355 0.086828 -0.176304 -0.008747 0.006500 0.052627 -0.291459
0.016938 0.038649 0.049170 0.040838 0.046321 0.041287 0.131458 0.010580 -0.047429 -0.094479 0.075217 0.115219 -0.120872 -0.106957 0.107224 -0.062269 0.045171 0.148350 -0.008846 -0.041569 -0.079621 0.028627 -0.191881 -0.173576 0.012627 0.144826 -0.018064 0.052076 0.046968 -0.149846 0.073220 -0.084332 -0.117460 0.061765 -0.016750 0.007230 0.109670 0.125617 -0.043032 0.021889 -0.165630 0.020214 -0.208545 -0.012254 0.052804 -0.287075 -0.146440
0.040364 -0.002502 -0.055816 0.108588 -0.046527 -0.036354 -0.064065 -0.016118 0.037725 0.000929 -0.087776 0.072919 0.072739 0.046854 -0.028503 -0.030496 0.105169 -0.076063 0.016173 -0.047994 0.064165 -0.106301 -0.110406 -0.039112 0.018968 -0.136638 0.190197 -0.162326 0.033539 -0.322149 -0.046779 -0.100240 -0.012132 -0.062417 -0.026714 0.079212 0.032261 -0.002766 0.069797 -0.016254 -0.021569 0.073193 -0.187233 0.007472 0.167580 -0.202650 -0.008711
0.045100 0.228899 0.154511 -0.030056 -0.016360 0.039424 0.172077 -0.058740 -0.080365 -0.017828 0.017342 0.045921 0.001693 0.074853 -0.023689 -0.223901 0.006344 -0.262285 -0.196515 -0.281922 -0.325774 -0.116592 0.042122 0.096629 0.079556 -0.105624 0.007858 0.050032 0.069444 -0.034396 0.040125 -0.050276 0.062984 -0.184020 -0.171978 -0.254479 -0.187644 0.034684 -0.079170 0.042286 -0.181104 -0.145430 -0.179454 0.000245 -0.046486 -0.021166 -0.089715
-0.042783 -0.001798 0.085703 0.161553 -0.104829 0.010716 0.082903 -0.178760 -0.011051 -0.112310 -0.090699 -0.034453 -0.218296 -0.000540 -0.001680 -0.121924 0.101725 -0.064208 0.121960 0.059242 -0.353129 -0.043682 0.087704 -0.129002 0.085052 -0.400238 0.141557 -0.442362 -0.014918 -0.287970 0.040849 -0.055028 -0.095480 0.006225 0.164837 0.046453 -0.034377 0.055191 0.013618 -0.045530 0.004998 0.032331 -0.069368 -0.054951 0.114397 -0.316307 -0.018968
0.062806 0.002918 -0.156330 0.075117 -0.213841 0.039823 -0.088223 -0.012084 0.155647 0.033084 -0.172457 0.050777 -0.248514 0.147481 -0.136597 -0.202854 0.048260 -0.219350 -0.132733 -0.025792 -0.177789 -0.115782 -0.071650 -0.030123 0.023266 -0.193149 0.035925 -0.312400 0.068013 -0.234451 -0.117965 0.094176 0.018807 0.046244 0.159000 0.033972 0.011479 0.178089 0.016135 -0.083100 0.057621 0.097873 0.205137 -0.031323 -0.122079 -0.103497 -0.034125
0.120651 0.035794 0.001004 -0.071230 0.263245 0.095579 0.083068 -0.036342 -0.136689 0.038760 0.137505 -0.020824 0.079597 0.042710 0.013222 -0.030485 0.190438 -0.013899 0.103739 -0.050049 -0.240985 0.034622 -0.062211 0.022076 -0.005881 0.027124 -0.083517 -0.021457 -0.061061 -0.366518 -0.156780 -0.195385 -0.028835 0.079199 -0.026197 0.034010 -0.187502 -0.063226 -0.130516 0.063977 -0.178868 -0.046596 -0.241740 -0.004298 -0.101295 -0.193853 0.008520
-0.040707 -0.018999 0.081009 0.325563 -0.076267 0.081396 -0.187072 -0.061530 0.008878 -0.152637 -0.349975 -0.017604 -0.010797 0.202264 0.148344 0.084907 0.138509 -0.037420 0.117870 0.127201 -0.047548 0.073232 -0.169638 -0.279536 -0.057804 -0.860291 0.173661 -0.308781 -0.024554 -0.171354 0.007966 -0.115269 -0.111913 -0.117765 0.091647 -0.000060 -0.114107 0.191005 0.050812 0.011141 -0.297231 0.086078 0.008150 -0.157038 0.074819 -0.157667 -0.150863
-0.012357 -0.020125 0.115828 0.091870 -0.108380 0.084227 0.080376 -0.591199 0.108902 -0.218048 -0.134846 0.137908 -0.032687 0.034178 0.112425 -0.040087 0.082570 -0.336683 0.025658 0.022488 -0.352460 -0.051053 -0.397677 -0.419989 -0.023049 -0.477413 0.151637 -0.141790 0.068510 -0.431564 0.094481 -0.165507 0.099832 -0.102378 0.129083 0.214208 0.088859 0.094214 0.383615 -0.000122 -0.093178 -0.052535 -0.045023 -0.210426 -0.093012 -0.375140 -0.031552
0.074735 -0.071942 0.230975 0.157725 -0.094275 0.055647 0.127584 -0.154589 0.145250 -0.151009 -0.228489 0.162860 0.070942 -0.004361 0.183282 -0.199387 -0.063654 -0.202456 0.018303 -0.067262 -0.211476 0.035068 -0.106612 -0.187155 0.048345 -0.399109 0.132126 -0.207963 -0.014937 -0.257730 0.000884 -0.128035 -0.213643 -0.273517 -0.020180 0.047046 -0.231082 0.131899 -0.046759 0.052230 -0.170925 -0.027836 -0.274498 -0.306904 0.073525 -0.245576 0.096786
0.025151 -0.172658 0.045336 0.145692 -0.123210 0.019636 0.066410 -0.435660 -0.023799 -0.106204 -0.201651 0.137798 0.174496 0.044765 0.167135 -0.258366 -0.052612 -0.030038 0.062155 0.013620 -0.216522 0.009181 -0.302699 -0.026410 0.078672 -0.796396 -0.055202 -0.249482 0.109753 -0.268379 0.083883 0.109118 -0.043076 -0.265489 -0.213169 0.068333 0.066670 0.088161 0.138965 0.038859 -0.282872 -0.092461 -0.075585 -0.085637 0.053152 -0.111026 -0.068068
-0.013909 -0.402983 -0.163124 0.087548 0.083658 0.080480 -0.130266 -0.349822 -0.293843 -0.154493 -0.071410 0.017181 0.380062 0.248060 -0.165589 -0.019816 -0.039544 -0.179344 -0.041318 0.112580 0.012713 0.130081 -0.032830 0.136394 -0.121688 0.054228 -0.031948 0.208872 -0.063759 -0.016895 0.228859 -0.073404 -0.060203 -0.373868 0.180843 0.012569 0.041184 0.199570 -0.016158 0.036733 0.119951 0.008866 0.086103 -0.346523 -0.033095 -0.099194 -0.072982
0.049316 0.090809 0.068778 0.172898 -0.096370 -0.113774 0.220962 -0.198102 -0.042944 -0.130247 -0.187046 0.109408 0.082315 0.034705 0.207540 0.077824 0.084239 -0.060506 0.065702 0.002731 0.052489 -0.090131 -0.005472 -0.171294 -0.004478 -0.162104 0.154428 -0.130899 0.032948 -0.530095 0.006830 -0.214747 -0.122075 -0.060783 0.096299 -0.026471 0.122027 0.010878 0.047227 0.141478 -0.048556 0.094899 -0.182564 -0.384810 0.110226 -0.317765 -0.190914
-0.015248 -0.372387 0.100525 0.030031 0.005605 -0.062233 -0.077409 -0.498554 -0.086791 -0.208499 -0.153743 0.196202 0.023234 0.104566 0.128127 -0.248461 0.013471 0.043493 0.132474 -0.035523 -0.125399 0.207029 -0.159458 -0.109970 -0.026331 -0.641514 0.119848 -0.052203 -0.093895 -0.514717 0.072370 -0.034499 0.021711 -0.146974 -0.166282 0.097797 0.111070 0.116184 0.219701 0.109187 -0.054708 0.217033 -0.089368 -0.325543 0.092170 -0.197959 -0.275920
-0.028188 0.044171 -0.041558 -0.008108 0.080593 -0.031065 -0.305117 -0.009650 -0.103353 0.019561 0.160753 0.003046 -0.009703 0.111684 0.051568 -0.009449 -0.019303 0.158163 -0.029903 -0.012906 0.108774 -0.031958 0.196045 0.312187 -0.108060 -0.088399 -0.051387 0.054151 -0.084896 -0.058009 -0.180444 -0.411421 -0.138042 0.048646 0.206665 0.072499 -0.024125 0.175199 0.038202 -0.115929 0.068922 -0.243290 0.008968 -0.063307 0.134847 0.038273 0.017451
0.065120 -0.164462 -0.038281 -0.178759 -0.147175 -0.367253 0.040962 -0.117022 -0.316738 0.082455 0.115981 0.234094 0.093986 0.105458 0.102902 0.045260 0.176144 -0.029285 0.031642 -0.002332 -0.004257 0.007228 0.107842 0.050777 0.028620 0.123034 0.164439 0.085562 0.097946 -0.077374 -0.033422 -0.109523 0.014686 0.010601 0.006134 -0.248348 -0.021649 -0.133097 0.084834 -0.143839 -0.036740 0.004811 -0.036032 0.107327 -0.056015 0.029412 -0.081411
-0.011020 -0.131639 -0.008993 -0.202959 -0.063081 -0.290355 0.092951 -0.199755 0.011075 0.021926 0.143431 0.076236 -0.075702 0.056461 -0.078145 -0.017724 0.002075 0.069334 -0.022924 0.130749 0.016926 -0.080248 0.181310 0.198985 0.009265 0.035617 0.064609 0.124471 0.087710 -0.090553 0.013776 -0.029630 -0.115992 0.034454 -0.301910 0.027502 0.019535 -0.116977 0.173341 0.008778 0.080191 -0.084173 -0.088597 0.027279 0.220908 -0.036526 -0.070068
0.173401 -0.178140 0.200816 0.093134 0.073197 -0.229431 0.186554 -0.056638 0.303747 0.084497 -0.145826 -0.318515 -0.029277 -0.559508 -0.094284 -0.217097 0.309989 -0.206230 -0.378280 0.063265 -0.410742 -0.098777 0.229820 -0.081288 0.020970 0.078516 0.175258 -0.115558 -0.255879 0.006090 -0.016807 0.050647 0.013101 -0.171742 -0.310168 0.085118 0.225560 -0.298232 0.252835 -0.070082 -0.046467 -0.187669 -0.082198 0.024178 -0.034100 -0.298920 0.183340
0.050825 -0.045515 -0.031784 -0.139860 -0.065943 0.012837 0.023120 -0.058405 0.027251 -0.076712 0.090068 0.125920 -0.134873 0.073602 -0.209355 -0.003522 -0.115212 0.139992 0.005701 -0.158302 0.070298 -0.077303 0.185445 0.176441 -0.035816 -0.000537 -0.041284 0.117416 0.064676 -0.008491 0.000781 -0.178908 0.029531 0.143693 -0.030210 -0.020466 0.003632 0.156734 -0.188549 -0.048883 0.105336 -0.006536 0.026390 0.026984 -0.081082 0.133590 0.080005
0.033252 -0.065608 0.100966 -0.094926 0.146868 -0.206173 -0.005953 -0.152577 0.137626 -0.226422 0.030213 0.049137 -0.024846 0.144442 -0.063915 -0.012752 0.058114 -0.000795 -0.096951 -0.007468 -0.130640 0.005396 0.135920 0.230989 -0.096543 0.071331 -0.007243 -0.006235 0.063488 0.026772 -0.089320 -0.073124 -0.088402 0.271700 -0.044937 0.064802 -0.050298 0.068468 0.254451 -0.325739 0.039931 -0.238724 0.114320 -0.027494 -0.103877 0.065451 0.024955
0.058946 -0.001397 -0.064881 -0.095282 0.097039 -0.136086 -0.043311 -0.107915 -0.057970 -0.116650 0.104774 0.258585 -0.135176 0.254204 0.001334 -0.033338 0.001355 0.117658 0.074170 -0.071367 -0.002774 0.033296 -0.224181 0.157624 -0.160371 0.153770 -0.120191 0.078524 -0.103162 -0.048879 -0.085844 -0.022431 0.030702 -0.090365 -0.054706 0.082524 0.112379 0.136580 -0.154116 -0.006416 0.118471 0.013894 0.063597 0.132539 -0.037436 -0.047427 -0.055159
-0.070876 0.025620 -0.082728 -0.073154 -0.000771 -0.046463 -0.024549 -0.131805 0.085387 -0.085558 0.094267 -0.027245 -0.264226 0.132712 -0.082594 -0.017955 -0.058263 -0.050442 0.068901 -0.116994 0.159561 0.016691 0.045274 0.049371 -0.169334 0.051603 0.141146 0.055801 -0.076947 0.008015 -0.123078 0.051646 -0.046737 -0.011159 -0.054930 0.058627 -0.078198 0.064736 -0.016883 -0.015572 -0.028144 0.066502 0.058102 0.149825 -0.049285 0.158282 -0.053488
-0.119623 -0.022603 0.011418 -0.085918 -0.017570 -0.133685 0.029059 -0.081822 -0.085451 0.019239 0.116239 -0.066689 -0.170872 0.062455 0.047201 0.055545 0.041687 0.067738 0.037454 -0.163615 -0.002787 0.065676 0.045081 0.077111 -0.143615 0.125879 0.016214 0.036765 -0.137921 -0.068577 -0.082503 0.002501 0.055537 -0.095676 0.036633 -0.041671 -0.039337 0.054202 -0.104847 -0.073371 0.024325 0.114090 0.014394 0.026032 0.129852 -0.050955 0.015973
-0.171757 0.005013 0.008194 0.055248 -0.020523 0.053720 0.006724 -0.030173 0.196516 -0.058038 0.039176 -0.069831 -0.230461 0.279350 0.029179 -0.045369 -0.037647 0.205495 0.114440 -0.077377 0.075160 0.022269 0.056688 0.189849 -0.123234 -0.109579 0.074272 0.043882 -0.015745 -0.068581 0.020158 0.093324 -0.019551 0.072773 -0.010622 0.024740 -0.112191 -0.025557 0.052582 -0.017573 0.011115 -0.057730 0.033507 0.085696 0.111013 -0.214080 -0.066995
-0.149862 0.040090 0.113477 -0.206072 -0.126799 -0.000286 0.099172 0.060165 -0.197818 -0.071533 0.028518 -0.009578 -0.133056 -0.004516 -0.081067 -0.023004 0.019587 0.105614 0.124687 -0.050509 0.112644 -0.022249 0.091712 0.083991 -0.027830 0.092868 -0.092783 -0.008615 -0.104884 -0.003129 0.025592 -0.066929 0.088546 0.149285 0.068812 0.130512 -0.002357 0.022840 0.103704 -0.405370 0.013956 -0.071317 -0.131909 0.114708 -0.180729 -0.158304 0.075772
-0.013703 0.069356 0.139819 0.153061 0.047729 -0.088551 0.085281 0.007960 0.062497 0.011153 -0.108698 -0.258482 0.047090 -0.464261 -0.041168 -0.120545 0.257005 -0.030208 -0.000621 0.012604 -0.265536 -0.218556 -0.072044 0.021066 0.141301 0.193559 0.292380 -0.143634 -0.127658 -0.001810 0.037536 0.088755 -0.118871 -0.070496 -0.034126 -0.178340 0.122874 -0.174389 0.183439 -0.003187 -0.039530 0.046954 -0.105408 0.004897 0.049330 -0.200383 -0.049776
0.054303 0.038633 0.166043 -0.148218 0.109448 -0.327796 0.135461 -0.095161 0.216251 -0.122918 0.013629 -0.317863 -0.049032 -0.248355 0.029605 -0.038228 0.207049 0.059125 0.081191 0.167387 -0.214533 -0.039419 0.127891 0.076420 0.081551 -0.077275 0.031259 -0.136918 -0.090768 -0.050365 0.103181 0.238421 -0.007745 0.192987 -0.171795 0.094341 0.042818 -0.148837 0.284884 -0.409829 -0.075048 -0.317243 0.031628 -0.165620 -0.015079 -0.166210 -0.016299
-0.046196 0.006608 0.007278 -0.008288 -0.087970 -0.029472 0.053446 -0.154414 -0.034296 -0.030458 0.066213 0.072838 -0.063337 -0.034259 -0.060019 0.011982 0.007441 -0.036677 0.138150 0.027050 0.030742 -0.142172 0.136541 0.028429 -0.023307 0.067048 0.188975 0.031849 0.009117 -0.099705 -0.039124 -0.076656 0.134733 0.086662 -0.021439 -0.147304 0.247381 0.012358 0.024689 -0.314465 -0.042761 0.212657 -0.033935 -0.047323 0.068388 -0.169506 -0.147967
0.034937 -0.208365 0.045487 0.088958 -0.083657 -0.123403 -0.072460 -0.196315 -0.076733 0.143810 0.222773 -0.061804 0.059898 -0.037755 -0.068843 -0.022679 0.196652 0.184645 -0.024828 -0.086055 -0.209336 -0.116946 -0.059587 0.056464 -0.021486 0.014023 -0.025985 -0.012315 -0.005269 0.002874 0.104797 -0.080509 -0.027306 -0.101853 0.049883 -0.199432 0.117735 -0.146614 0.038755 0.001759 -0.231549 0.109987 -0.051874 0.035663 0.117262 -0.101115 -0.321302
0.184981 -0.290343 0.144452 0.125572 -0.032119 -0.004874 0.062032 -0.080699 -0.012587 -0.081240 -0.034310 -0.136618 -0.008397 -0.070624 -0.057712 -0.044701 0.121924 -0.003969 0.121919 0.069756 -0.137728 -0.403716 0.003724 0.020559 -0.045532 -0.064539 0.126087 -0.072902 -0.080164 -0.060023 0.047203 0.037896 0.000599 0.015473 -0.227711 0.036618 0.082403 -0.014027 0.131042 -0.289713 -0.237320 -0.020852 -0.231047 0.089628 0.016651 -0.207401 0.085797
-0.023298 -0.141252 0.045043 -0.133363 0.066342 0.129736 -0.163094 -0.059672 0.246956 -0.109743 0.054440 -0.157001 -0.305230 0.093898 0.035749 -0.120220 0.136931 0.001056 -0.083242 -0.078074 -0.161840 -0.080181 -0.167549 -0.138403 -0.012466 -0.112878 0.073461 -0.227367 -0.087025 -0.027447 0.049409 0.107780 0.132217 0.051920 0.152312 0.070669 -0.072292 0.007675 0.288403 -0.214497 -0.086346 -0.009976 0.195025 0.127189 -0.076682 0.010055 -0.046742
0.003392 -0.034226 -0.413234 -0.058865 0.222489 -0.144327 -0.216094 -0.216122 -0.146648 -0.031742 0.082671 0.281429 0.080977 -0.061586 -0.304949 -0.036632 0.319218 0.002684 -0.048862 0.030271 0.152879 0.000006 0.220330 -0.096075 0.038650 0.206579 0.055095 0.072556 -0.149518 -0.058219 -0.212191 -0.160545 -0.029174 0.215265 0.072206 -0.044109 -0.015979 -0.006796 0.115726 0.052504 -0.337713 -0.001466 0.158440 0.158566 0.033872 -0.063050 -0.019311
0.053833 -0.032958 -0.090624 -0.131328 0.276158 -0.038055 0.097315 -0.079675 -0.022475 -0.038431 0.096247 -0.022102 -0.261734 -0.005329 -0.182986 -0.245981 -0.043157 -0.049874 -0.191737 -0.204809 -0.154380 -0.073454 0.098385 -0.024859 0.045720 0.072222 0.165623 -0.378305 -0.009118 -0.047979 -0.000696 -0.055771 0.225978 0.117312 -0.100530 -0.074897 0.181410 0.032703 0.093469 0.024773 -0.082112 -0.095441 0.101132 0.107853 0.088388 -0.256062 0.063297
0.170695 -0.048550 -0.169075 0.187326 0.003846 -0.082808 0.027234 -0.056617 0.015590 0.190927 -0.057583 -0.149140 -0.093015 -0.167190 -0.195390 -0.166289 0.090611 -0.019795 0.096099 -0.257639 -0.089860 -0.143029 -0.017095 -0.142186 0.089399 -0.201306 0.235892 -0.127223 -0.180527 0.061852 -0.028863 0.038291 0.146455 -0.041536 -0.195211 -0.097423 0.181975 -0.211482 -0.063812 0.175930 -0.092900 -0.009004 -0.017334 -0.019698 -0.064942 -0.193869 -0.127725
0.157850 -0.147139 0.152667 -0.351089 0.027277 0.061658 -0.083883 -0.137442 0.230865 0.067795 -0.118960 -0.136762 -0.196674 0.010552 0.157602 -0.356079 0.109942 0.220896 -0.099326 0.018521 -0.181984 -0.043610 -0.098817 -0.156960 0.004384 0.049794 -0.068887 -0.345238 -0.051486 -0.193085 -0.147210 -0.088529 0.135005 -0.087317 0.135972 -0.081609 0.159652 -0.008895 0.060431 0.067864 0.052081 0.236092 0.239252 -0.098726 -0.088492 -0.236810 0.094096
0.090873 -0.033262 -0.155221 -0.550191 0.137116 0.156644 0.015945 -0.215050 -0.116036 0.051104 0.119209 -0.006933 -0.258637 0.011167 -0.262034 -0.219632 0.155309 -0.099181 -0.112741 0.034406 -0.302655 -0.025676 0.131708 -0.312432 0.088801 -0.180763 0.312193 -0.198034 -0.316493 0.087390 0.106265 -0.146230 0.300826 -0.001057 0.086994 0.313591 0.107621 -0.057895 0.357703 -0.084623 -0.230990 -0.043227 0.064692 0.023009 -0.048022 -0.170498 0.117904
0.011196 -0.128004 0.037337 0.013982 -0.131969 -0.085324 0.016152 -0.063042 0.180451 0.111588 0.136820 -0.127108 -0.216940 0.029902 -0.011002 -0.067175 -0.122474 0.207923 -0.071516 0.269479 -0.220460 -0.032034 0.022508 -0.159063 -0.038111 -0.005917 0.215382 -0.117205 -0.114178 -0.091039 -0.147628 -0.063741 0.076641 -0.078317 0.086784 0.058355 -0.042361 -0.009356 0.254666 0.023064 0.004994 -0.160011 0.096557 0.050755 -0.092106 0.033079 0.096827
0.040124 -0.022282 -0.146018 -0.557768 -0.000244 -0.059833 -0.111313 -0.198884 0.079530 0.014137 -0.033290 -0.087991 -0.133479 -0.006344 0.134350 -0.218734 0.096174 -0.180035 -0.199333 0.033737 -0.122352 -0.038405 -0.008452 -0.015929 0.084245 0.067883 0.000105 -0.074104 0.116628 0.065360 -0.012676 0.024136 -0.043065 0.197677 0.059255 0.085539 0.062009 -0.107599 0.387084 -0.186485 -0.175011 -0.046092 0.203169 0.157054 0.139638 -0.230776 0.163111
-0.062273 -0.138828 -0.109180 0.066693 -0.170308 0.003681 -0.048389 -0.255130 -0.084951 -0.026024 0.102582 0.252114 0.041183 0.157265 -0.088163 0.199683 0.162862 -0.224783 -0.339594 0.059256 -0.200241 0.228841 0.095377 0.048642 0.091278 0.009193 0.095720 0.059361 -0.115310 -0.076993 0.090246 -0.148491 -0.078489 0.009626 0.228427 -0.082902 0.068414 0.037743 0.076981 -0.117371 -0.325422 -0.026829 -0.308207 0.016921 0.110265 -0.009578 0.104472
-0.000406 -0.019416 0.147151 -0.004248 0.070634 0.038482 0.020124 0.125141 0.172547 0.331576 -0.144120 -0.405117 -0.182241 0.078591 -0.021236 -0.259726 0.011477 -0.198380 -0.103456 0.030222 -0.033566 -0.024514 -0.219109 -0.136294 0.064711 -0.289340 0.203975 -0.200367 -0.262657 -0.132250 0.119073 -0.019667 0.112304 0.023926 -0.031145 0.016549 0.046774 0.021091 0.191936 -0.045956 -0.033938 0.017345 0.016030 0.053957 -0.004744 0.042513 -0.105867
-0.063694 0.032124 0.002738 -0.235855 0.206139 0.002524 -0.083827 -0.026533 0.035098 -0.065797 -0.041069 -0.196963 -0.106745 -0.045162 0.271371 -0.091336 0.184217 -0.013159 -0.145410 0.004765 -0.195504 -0.139734 0.067145 -0.225108 0.050383 -0.238141 0.311825 -0.015404 -0.192403 0.046928 0.116599 -0.111704 0.249073 0.247914 0.223446 0.027713 0.064715 0.037209 0.160222 -0.280977 -0.032426 -0.081756 0.149761 -0.000786 -0.184261 -0.119242 -0.065241
0.053353 0.170729 0.114098 0.195759 0.027801 -0.080955 0.071666 -0.252516 0.037325 0.010389 -0.103167 -0.117041 -0.034435 -0.132681 -0.132265 -0.106729 0.109956 -0.036520 -0.280414 -0.187804 0.155096 -0.337052 0.015136 0.061137 0.044961 0.036223 0.151742 0.218198 -0.164042 -0.060123 -0.156392 -0.049526 0.135221 -0.286818 -0.099405 0.062152 0.044770 -0.181801 -0.048916 0.133797 -0.064229 0.120694 -0.166318 -0.065664 -0.016200 -0.034386 -0.247529
0.096831 0.115357 -0.148238 -0.392279 0.182388 -0.335112 0.110514 -0.097614 0.024920 0.063315 -0.081063 -0.082191 -0.029646 0.037065 0.068802 -0.222051 0.131206 -0.041385 0.041204 -0.127881 -0.114795 -0.183036 -0.006188 -0.014854 0.017789 -0.092580 0.079287 0.034545 -0.042197 0.056473 -0.079459 -0.033780 0.124302 0.038346 -0.080676 0.069487 0.285766 -0.198811 0.142080 -0.088832 -0.077934 -0.034372 -0.207069 0.032767 -0.115848 -0.069911 -0.090619
-0.029127 -0.062017 -0.216577 -0.017611 0.111681 -0.079864 0.032914 0.005686 0.021027 -0.180094 -0.008026 -0.056325 -0.079138 -0.091011 -0.037613 0.071199 0.000279 0.050364 -0.146527 0.172028 0.039248 -0.062709 -0.057273 0.003744 0.087324 -0.211628 0.059256 -0.039373 -0.173570 -0.077761 -0.021991 -0.086736 0.110888 0.271588 -0.090842 0.175124 0.085985 0.154859 0.018185 0.093700 -0.085529 -0.026251 0.223816 0.055625 -0.096747 -0.059187 -0.153478
0.049643 -0.049666 0.031153 -0.086486 -0.044959 -0.286700 0.028425 -0.192787 0.021685 0.082784 0.038203 -0.018880 0.074412 -0.094468 -0.032937 0.043165 0.114394 -0.084360 -0.165990 -0.154376 -0.029493 -0.021871 0.150776 0.055484 0.034953 0.220773 -0.017117 0.189232 0.031267 -0.222608 0.012378 -0.125033 -0.235834 -0.111510 -0.107002 -0.144327 0.066147 -0.208610 -0.175085 0.066145 0.046424 0.068599 -0.019641 0.110823 0.133218 0.049465 -0.486464
0.016383 0.002543 0.042578 0.219784 0.041597 -0.179760 -0.006673 -0.109774 0.094110 -0.085875 0.013193 -0.069252 -0.024601 -0.064050 -0.113167 -0.196452 0.154277 -0.057881 -0.374860 0.036667 0.096974 -0.092644 -0.087428 -0.169678 0.065877 -0.118501 0.132120 0.030558 -0.154341 -0.052706 -0.033165 0.062137 0.178967 -0.096640 -0.284717 0.104743 -0.030759 -0.010799 0.071890 0.064685 0.018781 0.032439 0.004175 0.140267 0.008705 -0.060871 0.022522
0.089146 -0.193153 0.014000 0.003500 -0.067206 -0.103866 0.187253 -0.124141 0.103589 0.100753 -0.069489 -0.080722 0.030532 0.202774 0.048335 -0.235243 0.005126 -0.168893 -0.097001 -0.019073 0.216172 -0.040485 0.222938 0.042137 0.020513 -0.055678 -0.231347 0.051062 0.023465 0.018147 0.010771 0.043743 0.062457 -0.340301 0.021211 0.035140 -0.072480 0.023615 0.034649 0.045180 -0.147183 -0.207246 -0.111026 0.062448 -0.028200 0.050760 -0.099107
-0.025025 -0.079317 0.075782 -0.017045 0.011236 -0.053758 -0.033722 -0.202353 0.136166 -0.074326 -0.113472 0.303419 -0.096194 0.055367 -0.037102 0.000548 -0.231602 0.032175 -0.160982 0.011315 -0.053854 -0.028695 0.013122 -0.018836 0.023113 0.162389 -0.148045 0.069026 -0.043450 -0.307378 0.035920 0.054862 0.060856 -0.016221 -0.037965 -0.143753 0.147939 0.108974 0.015403 0.087879 -0.001971 -0.027488 0.058390 -0.044294 -0.086278 0.123484 0.012590
0.066829 0.003295 0.066772 0.094726 0.171008 -0.215218 -0.114663 -0.139297 0.214085 -0.048559 0.000866 0.023309 -0.054554 0.269155 -0.043492 -0.091642 -0.104424 0.133225 0.037073 -0.257548 0.023141 -0.096773 -0.066613 -0.072240 -0.000010 -0.167299 -0.107613 -0.034787 -0.093012 -0.004053 -0.017644 0.142053 0.125426 0.026465 -0.157899 0.035617 0.054625 -0.052873 0.138990 0.161394 0.126019 -0.162518 -0.058379 -0.218811 0.047476 0.102214 -0.001626
0.135470 -0.162614 -0.147854 -0.227005 0.071135 -0.359833 0.107120 0.059333 0.101127 -0.083589 -0.037196 0.154274 0.176525 -0.048275 -0.143928 -0.165041 -0.337895 -0.118043 -0.101218 -0.251122 0.232285 0.108454 0.342183 -0.196027 0.044904 0.234413 0.055037 0.228448 -0.059554 -0.087847 0.050681 0.056267 0.025687 0.015106 0.010234 0.056780 -0.045392 0.026210 -0.107156 -0.097932 0.042208 -0.040153 0.009244 0.112843 -0.135296 0.190272 -0.101072
-0.027633 -0.035514 0.095873 0.017598 0.106859 -0.116110 0.282360 -0.029515 -0.077124 -0.070881 0.020844 0.150821 -0.108350 0.102039 -0.036548 0.000746 0.078643 -0.108519 -0.011334 -0.226942 0.181541 0.006087 0.071184 -0.059640 -0.058471 0.115635 0.095976 0.082680 -0.000481 -0.030839 0.046398 0.034953 -0.032660 0.085490 -0.194014 0.050640 -0.065393 -0.080516 0.084972 -0.073839 0.046262 -0.008698 0.138860 -0.214457 0.103506 0.173537 -0.092167
-0.075837 -0.042296 -0.077893 -0.093203 -0.022076 -0.296409 0.179662 0.041131 0.039512 0.028884 -0.102267 0.028371 -0.013164 0.093924 -0.116981 -0.043457 -0.044799 -0.017874 -0.041303 -0.190394 0.296734 0.002636 0.259450 0.095936 -0.028130 -0.033069 -0.187444 0.105802 0.097024 -0.151273 0.041345 0.071582 0.108744 0.011476 -0.027167 0.087605 -0.029020 -0.017298 0.081605 0.021534 -0.132595 -0.054568 -0.157968 -0.046991 0.064584 0.230446 -0.130325
-0.020074 -0.053932 0.010161 0.057810 -0.080572 0.053650 0.021031 -0.081210 -0.065929 0.021808 0.085309 -0.004003 0.062374 0.076986 -0.137932 0.007981 0.077025 -0.085310 0.037572 -0.086934 0.057635 0.024958 0.272210 0.002451 -0.091308 0.084656 0.184788 -0.015076 0.037620 -0.138126 -0.106827 0.100642 -0.055552 -0.062186 -0.079631 -0.110879 -0.101357 -0.024125 0.086380 -0.015562 0.038834 -0.018998 -0.016849 -0.089391 0.184223 -0.038426 -0.171974
0.050926 0.071074 0.001918 -0.145387 -0.118076 -0.093156 0.034173 0.076929 -0.119493 0.028264 -0.078315 -0.226320 -0.006759 0.036030 -0.000079 0.027229 -0.028132 -0.086276 -0.041863 0.102297 0.075854 -0.058543 -0.010052 0.060819 0.044950 -0.170987 0.029053 -0.253857 0.180389 0.116118 0.142274 0.047974 0.060700 0.093514 0.027374 -0.013250 0.260410 -0.169149 0.049923 0.007341 -0.080500 -0.046672 0.074581 -0.100744 0.066977 0.023925 -0.047383
0.039943 -0.041077 0.116115 0.043830 0.070726 -0.006113 0.138798 -0.150486 0.130993 0.152807 -0.017568 0.143730 -0.020328 0.069535 -0.112290 0.138970 -0.033593 0.091213 -0.178248 -0.120604 -0.020727 -0.085563 0.290690 -0.111080 0.096063 -0.057231 0.262840 -0.162125 -0.043071 0.007743 0.022084 -0.007177 -0.043046 -0.042825 -0.065573 -0.112711 -0.063913 -0.081014 -0.157659 -0.120457 -0.146617 0.062276 0.229658 -0.109192 -0.149879 0.070348 0.047103
0.071998 -0.115454 0.009064 0.057633 0.003261 0.001000 0.140467 0.003506 -0.087650 0.133230 0.084294 0.260082 -0.141557 0.009393 -0.045400 -0.003346 -0.055284 -0.024704 -0.082525 -0.175378 0.113122 -0.054160 0.130137 -0.042474 -0.016097 0.258630 0.293976 0.039553 0.018489 -0.113767 0.006648 -0.017716 0.146665 0.046714 0.027487 -0.028649 0.092627 -0.037216 0.105319 -0.100783 -0.161520 -0.101952 -0.021571 -0.072913 -0.099333 -0.064911 0.000344
0.101606 -0.241699 0.026085 0.161063 -0.093403 0.044043 -0.035395 -0.162460 0.084727 0.035848 -0.042438 -0.047936 -0.164148 0.133889 -0.150412 -0.208575 0.087993 0.153607 -0.085725 -0.211730 -0.016819 -0.009484 0.072682 -0.015561 0.041776 0.010622 0.103240 0.082931 -0.034595 0.018007 0.024747 -0.056496 -0.065432 0.005001 -0.157091 0.066038 0.039063 0.070384 -0.105915 -0.044181 -0.086760 0.031521 -0.099769 0.062316 0.008599 0.072078 -0.084058
0.033989 -0.334989 -0.169912 0.079908 0.010078 -0.141591 0.082386 -0.059143 0.057469 -0.017868 0.160268 0.282589 -0.116775 -0.030849 -0.249635 -0.005921 -0.041182 0.115422 -0.192842 -0.043029 0.273365 0.070467 0.247635 -0.050269 -0.045990 0.301766 0.175519 0.046235 0.089729 -0.325977 -0.049087 0.006289 -0.184054 0.019440 0.104967 0.033976 0.013332 0.189304 -0.106961 -0.000546 -0.181370 0.066075 -0.016564 0.009347 -0.059674 0.110189 -0.129688
0.061085 -0.245879 -0.061208 -0.094160 -0.064844 -0.308341 0.035289 0.027839 -0.072344 -0.043384 -0.208899 0.042934 0.037984 0.061896 -0.077678 -0.219068 -0.049075 -0.091830 -0.155932 -0.164847 0.273604 0.099010 0.342615 0.051292 0.074535 0.259942 -0.053347 0.184883 0.128111 -0.003683 0.040655 0.028556 0.083627 -0.035064 -0.053383 0.028658 -0.083900 -0.037910 -0.131633 0.025710 -0.353632 -0.037532 0.029511 0.122463 0.110290 0.016318 0.036556
-0.044355 -0.004677 -0.098718 0.153433 0.055794 -0.036708 0.225438 -0.159623 0.247924 -0.124174 -0.118515 0.220606 0.018805 0.269474 -0.432570 -0.453485 -0.020826 -0.075209 -0.004059 -0.151583 0.183792 -0.201192 0.190862 -0.006178 0.021667 0.007255 -0.198926 -0.035207 0.070399 0.072629 0.073763 -0.035035 0.129393 0.098953 0.083288 0.074772 0.049883 -0.065732 -0.049592 -0.052118 -0.271303 -0.085166 -0.015945 -0.025062 -0.010049 -0.226065 -0.062499
0.040850 -0.165449 -0.108362 0.079541 0.059672 0.136462 0.053872 -0.265335 -0.078848 -0.072498 0.102116 0.232407 -0.051911 -0.084186 -0.190060 0.117926 0.091358 0.048410 -0.083922 -0.201365 -0.017249 0.042767 0.199555 -0.001540 -0.023005 0.282011 0.078172 0.000734 0.002992 -0.168704 -0.029507 0.054936 0.010732 0.105541 0.211372 -0.098786 -0.016816 0.243886 0.068356 -0.069258 -0.156256 0.139131 -0.014801 0.065072 -0.004827 -0.191998 -0.049309
0.144947 -0.364394 -0.069314 -0.025767 -0.099114 -0.118722 0.156515 0.224148 0.040092 -0.030177 0.108439 0.203452 -0.030395 -0.019498 -0.126466 -0.075775 -0.002588 -0.121563 -0.131129 -0.277584 0.270129 -0.004192 0.213271 -0.016753 -0.249401 0.349176 0.082901 0.134829 0.036824 -0.257700 0.060500 -0.126583 0.029259 -0.105887 0.173392 0.048250 -0.016904 0.084536 -0.202433 0.233288 -0.065190 -0.091527 0.048113 0.116390 -0.142506 -0.195340 -0.242476
-0.153193 0.010547 0.023652 0.080838 0.039852 -0.162922 -0.005896 0.030680 -0.042847 -0.345588 -0.061759 0.040811 0.039460 -0.011825 0.094643 -0.035865 0.047905 -0.061439 -0.031199 -0.404238 0.020238 -0.050606 -0.024817 -0.078787 -0.075701 -0.143737 0.007857 0.206901 -0.101977 -0.239448 -0.017215 -0.332066 -0.130634 0.045654 -0.167281 0.019478 0.064926 0.085018 0.048665 0.175932 0.118404 -0.263045 0.064718 0.073114 -0.035314 0.278545 -0.107980
-0.124902 -0.194734 -0.088893 0.016944 -0.080681 0.259977 0.116313 -0.549374 0.052150 0.079406 0.147554 -0.129200 -0.250253 -0.051328 0.030069 0.041140 0.127273 0.073125 -0.041332 0.015801 -0.029464 -0.023300 0.115612 0.011835 0.032039 -0.148834 -0.248202 -0.093032 0.065485 0.221484 0.097589 0.151677 -0.018717 -0.046193 -0.099191 -0.154208 0.177415 0.131220 -0.111980 -0.302404 0.112805 -0.101734 0.352186 -0.013460 -0.101901 -0.216126 0.074021
-0.159847 0.041227 0.013016 0.078295 -0.061705 -0.085114 -0.050134 -0.165501 -0.404565 0.328047 -0.315496 -0.339645 0.037126 -0.311583 0.160285 -0.039988 -0.048979 -0.087622 0.215588 -0.368073 0.018572 0.019692 0.208105 -0.062170 -0.188365 -0.051333 0.109879 0.054470 -0.252238 -0.053163 0.232293 -0.029808 -0.010937 0.072659 0.032868 -0.028212 0.057860 -0.117901 -0.073636 0.154415 -0.035437 -0.089755 0.034546 0.184071 -0.047880 0.229142 -0.002951
-0.169863 0.021709 -0.090452 -0.099463 0.236896 0.126925 -0.250640 0.218594 0.054062 -0.135957 0.002802 0.047981 0.050601 -0.129443 0.140466 0.194215 0.312389 0.071579 -0.129183 0.135077 0.171490 -0.091471 -0.066528 0.024468 -0.200742 -0.237285 -0.153275 -0.099542 -0.102293 0.200983 0.015651 0.179904 -0.052597 0.357050 0.076443 0.108543 -0.168290 -0.109831 -0.147806 -0.046491 0.123113 0.019260 -0.174992 -0.007443 -0.012085 -0.178296 0.160413
-0.048458 -0.122074 0.018098 -0.305468 0.228434 -0.043622 -0.190316 -0.196891 0.067460 -0.140515 -0.033613 0.017713 0.033976 0.096336 0.309891 0.178160 0.078542 -0.032356 0.084552 -0.031607 0.028853 -0.204567 -0.065402 -0.046448 -0.145192 -0.134537 0.027709 0.072833 0.068389 0.197218 0.005695 0.007652 -0.113463 0.159425 -0.145417 -0.095717 -0.109207 -0.031119 -0.241627 0.126600 0.145002 -0.138678 -0.004314 0.198949 -0.136203 -0.050346 0.123688
-0.250984 0.181637 0.062561 0.085539 -0.122844 -0.085442 0.063648 0.202860 -0.043013 -0.391417 0.077922 0.154927 0.149341 -0.123503 0.108571 0.124420 0.107583 -0.287519 -0.516062 -0.253803 0.000498 -0.053684 -0.092403 -0.192994 -0.281723 -0.031612 -0.212479 0.163230 0.035098 0.163092 0.001155 0.000241 -0.108990 -0.118114 0.142894 0.132507 -0.035037 -0.011020 -0.274393 0.135341 0.039895 0.131870 -0.205220 0.177839 0.104642 0.442005 0.137279
-0.044268 0.125507 0.096964 0.078306 -0.036630 0.038127 0.004414 0.469673 0.097238 -0.133571 0.061746 0.199154 0.075989 0.102282 0.204607 0.077984 0.079122 -0.107626 0.172474 0.207372 -0.004354 0.097985 -0.296987 0.000707 -0.105686 0.070066 0.089046 -0.021802 -0.137250 0.082448 0.001162 -0.043366 -0.040699 -0.115622 -0.068881 -0.018523 -0.243581 0.169934 0.112534 -0.063147 0.094638 -0.005592 -0.007420 -0.008931 -0.028689 -0.349749 -0.134592
-0.024838 0.066941 0.127165 -0.455329 -0.096813 -0.003108 -0.001531 -0.064239 -0.200123 -0.155502 0.049543 -0.120356 0.080820 -0.046993 0.043795 0.080154 -0.157996 0.043812 0.115380 -0.031356 -0.105212 -0.139414 0.165296 0.034376 -0.065716 -0.097143 -0.007696 -0.086249 -0.103883 0.086425 -0.125448 0.036010 -0.018866 0.028042 0.200423 -0.087827 0.072119 -0.171199 0.059252 -0.029516 0.018172 0.003598 -0.115729 0.232067 0.111919 0.256741 -0.255308
-0.052888 -0.138464 -0.080018 0.127057 -0.117100 0.209358 0.221187 -0.197867 -0.077094 0.160786 0.035534 -0.114662 0.041583 -0.105369 0.095712 0.072247 -0.019672 -0.170416 -0.080902 0.023736 0.072158 0.013378 -0.000704 0.066299 -0.046179 -0.102036 -0.064481 -0.046973 -0.083031 0.168861 0.009436 -0.028959 0.011534 0.024865 0.054633 -0.165947 -0.005093 0.008880 -0.075476 -0.230637 0.088975 0.160654 -0.035006 0.027918 0.081330 -0.087257 0.055975
-0.034594 0.086417 0.076080 -0.104727 -0.113215 0.028944 -0.065477 -0.120371 -0.183728 -0.069637 0.072104 -0.057456 0.031664 0.071813 0.126890 0.064483 -0.007633 -0.060860 0.184381 -0.000815 -0.009189 -0.012577 0.000655 0.029254 -0.049190 0.097684 0.064709 0.061380 -0.054692 -0.020198 0.057130 0.102473 0.013144 0.017159 -0.001709 -0.023708 0.026751 -0.067882 -0.078390 0.016645 -0.039268 0.011041 0.043144 0.010677 0.058792 0.077802 -0.011889
-0.059714 -0.146484 0.020217 0.077695 -0.129318 0.023473 0.079127 0.027191 0.031950 -0.282206 0.119993 0.078933 0.254972 0.023602 -0.030799 0.043876 0.142803 0.137194 -0.064375 -0.043343 0.003044 0.063438 -0.175644 -0.094912 0.000394 -0.041279 -0.150255 0.098931 -0.011181 -0.194317 -0.057873 0.066775 -0.081255 -0.040306 -0.118098 0.244207 -0.184906 -0.167419 -0.154840 0.114582 0.009601 -0.029234 -0.117819 -0.054944 0.052292 0.061865 0.110198
-0.054478 -0.076298 0.063364 -0.030438 0.117149 0.004158 -0.054848 -0.028401 0.154471 -0.120198 0.084813 0.222819 -0.045916 0.037345 0.163991 0.150781 0.214419 0.062417 -0.145404 0.079298 -0.049170 0.068826 -0.095652 -0.051991 -0.042539 -0.146394 -0.093687 -0.029374 -0.007618 0.041161 -0.023178 0.091831 -0.064188 -0.022716 -0.113416 -0.046203 -0.064813 0.102950 -0.248529 0.042923 0.180609 0.031407 0.154865 -0.122828 -0.119078 -0.171145 0.055192
-0.170084 -0.048578 0.011580 -0.093650 -0.031268 -0.124837 -0.223452 0.273987 -0.051560 -0.394797 0.063917 0.026095 0.210519 -0.059639 0.224606 0.032148 0.162725 0.041553 -0.057816 0.193242 0.075927 0.054602 -0.193511 -0.217721 -0.122505 -0.490921 -0.122404 0.063727 -0.078569 0.238935 0.104533 0.013569 -0.090537 0.069258 0.018277 0.254807 -0.068888 0.093637 -0.321957 0.135604 0.089798 -0.008992 -0.180946 0.026158 0.061199 0.223154 0.030259
-0.137224 -0.035944 -0.031313 0.092796 -0.022169 -0.109034 -0.040651 -0.011491 0.053460 0.037964 -0.168731 0.021268 0.259885 -0.001331 -0.001358 -0.029928 0.148116 -0.034868 -0.051594 -0.107769 0.013174 0.100104 -0.025756 -0.019996 -0.069007 -0.203601 -0.393805 0.088489 0.061936 -0.138636 0.105614 0.069395 0.197301 -0.007918 -0.109858 0.053037 -0.124799 0.077591 0.046513 0.034436 0.044521 0.042802 0.008542 -0.032094 0.031547 -0.010357 0.027366
-0.045337 0.082376 -0.141196 -0.186643 0.001830 0.276815 -0.004826 -0.001324 -0.036976 -0.091265 -0.130268 -0.002230 0.040507 0.077899 0.092526 -0.001887 0.091079 0.012758 -0.070645 0.108541 0.020780 -0.107190 -0.040356 0.029689 -0.078274 0.042321 -0.054064 -0.036504 -0.063989 0.013715 0.058741 0.092618 -0.044053 -0.049242 0.043981 0.017443 0.030109 -0.025354 -0.152034 -0.090612 0.107386 0.093165 -0.021263 0.085560 0.040437 -0.093275 0.006127
-0.070543 0.069593 0.012680 -0.058496 0.063664 0.023672 0.023435 -0.012227 0.040720 0.016990 -0.005526 0.197498 -0.063683 -0.076547 0.068473 -0.044274 0.066375 0.019316 -0.066092 0.072943 0.171436 0.067131 -0.021105 -0.054395 -0.056702 0.015337 -0.126951 -0.029481 -0.001252 0.038121 -0.089251 0.081044 -0.150420 0.182312 -0.127555 0.073369 -0.029456 0.034690 -0.204203 0.064511 0.126168 0.081479 -0.237839 -0.029375 -0.074312 -0.085238 0.164227
0.091281 0.034769 0.053185 0.221959 0.122362 -0.021172 0.178404 0.069379 -0.070544 -0.052873 -0.142233 -0.066032 -0.091709 -0.058933 -0.144311 0.000986 -0.010248 0.021631 -0.007490 0.100718 -0.138936 -0.023823 -0.075209 0.016892 0.048528 -0.092554 0.198672 -0.107204 -0.141752 0.096699 -0.021506 -0.035230 -0.178378 -0.143370 -0.372431 -0.130849 0.201592 -0.161603 0.080061 -0.032347 -0.128073 -0.087705 -0.019297 -0.089947 0.069495 -0.248560 0.123361
0.023449 0.013178 0.213088 0.076063 -0.025609 -0.297292 -0.105505 -0.013438 0.185716 0.031706 -0.126531 -0.105095 -0.062727 -0.043072 0.115414 -0.003820 -0.119731 -0.058647 -0.037474 -0.049098 -0.264091 -0.031635 -0.155905 -0.030065 0.114550 0.036536 -0.081572 0.120196 0.164050 0.025494 -0.070271 -0.047569 0.095929 0.136370 -0.163226 0.006262 0.038263 -0.070296 -0.040645 -0.394291 -0.108685 0.078929 -0.226412 0.071874 0.129613 -0.111803 0.038797
0.052188 0.071462 0.112178 0.299301 0.101248 -0.192300 0.089552 -0.155694 0.057475 -0.016918 -0.161962 -0.083483 0.031624 -0.285939 -0.114073 -0.111612 0.041922 0.086851 0.032391 -0.017858 -0.161415 -0.077600 0.025026 0.018754 0.093120 -0.122279 0.062846 0.005411 0.014001 0.046111 0.028886 0.049455 -0.025828 -0.008891 -0.309456 0.036251 0.048409 -0.233520 0.050927 -0.005429 -0.104555 0.052582 -0.160628 -0.158708 0.122554 -0.238844 0.233781
0.058657 -0.034318 0.019758 -0.139445 0.261233 -0.199364 0.020000 -0.092756 0.112669 0.136009 -0.088399 0.038242 0.166697 0.117801 -0.072021 -0.106525 0.061876 0.013178 0.014586 -0.044771 -0.076350 -0.127008 -0.150038 0.138260 0.090853 0.072967 0.104805 0.030746 0.095269 -0.023417 -0.135468 0.022246 -0.222958 -0.177374 -0.185414 -0.260426 0.047163 -0.188965 -0.023412 0.085173 -0.042231 0.087207 -0.044163 -0.110652 0.097390 -0.029382 -0.200543
0.066488 0.037446 0.038700 -0.012568 0.203592 -0.074119 -0.020289 0.013845 0.121939 0.070235 -0.001602 -0.155806 0.091035 -0.189725 -0.110149 -0.115808 0.059065 0.087913 0.119110 0.055909 -0.136835 -0.014598 -0.054050 -0.096912 0.028846 -0.096405 0.038788 -0.045299 0.066483 0.006631 -0.054404 -0.314035 -0.145957 -0.084790 -0.161128 0.181407 0.009190 -0.147047 0.166889 -0.086493 -0.129722 -0.019614 0.066653 -0.118396 -0.035140 -0.088881 -0.023022
0.031032 0.097307 -0.048945 0.179612 0.223070 -0.142980 0.132881 -0.204209 -0.002724 0.026926 0.198857 -0.094777 0.024220 -0.180425 -0.282485 -0.195796 0.132269 -0.087534 -0.041909 -0.018073 -0.128727 -0.110651 -0.168341 0.136561 0.047914 0.010823 0.166567 -0.027968 0.019829 0.022103 -0.006530 -0.160032 -0.065553 0.028054 -0.279889 -0.163700 0.124936 0.024824 0.082696 -0.034429 -0.169928 0.021872 -0.112088 -0.072543 -0.002397 -0.250980 -0.059054
-0.011244 0.090055 -0.004430 0.237546 0.234420 0.009313 0.035863 -0.200969 0.049786 0.079937 0.020030 -0.092519 -0.165579 -0.087133 0.002397 -0.052178 -0.057787 -0.069682 -0.074259 -0.032616 -0.239655 -0.311105 -0.230622 0.007254 0.052662 -0.211712 0.201758 -0.042875 -0.101754 0.046578 0.049974 -0.050440 -0.001908 0.157971 -0.121335 0.202812 -0.050218 -0.090104 0.126438 -0.123738 -0.216986 -0.143787 -0.037551 -0.043987 0.121957 -0.234101 0.023679
0.030524 0.120739 -0.207969 0.167219 0.127815 -0.052207 -0.025818 0.134662 0.052421 -0.044915 -0.076651 -0.097291 0.059467 -0.210963 -0.193628 -0.185304 0.124926 0.096919 -0.187464 0.079904 -0.070517 -0.154284 -0.154277 0.016780 0.061588 -0.122960 0.140514 -0.100151 0.008955 0.145445 0.011832 -0.115482 -0.113836 0.069436 -0.047541 0.069678 0.082268 -0.001215 0.206754 -0.038972 -0.191368 -0.011700 -0.071125 0.011426 -0.033449 -0.255546 0.119590
0.052904 -0.072615 0.003755 0.161407 0.037992 -0.009554 0.082376 -0.027375 0.002071 0.054121 0.001312 -0.015005 0.047259 0.014539 -0.010796 -0.274811 -0.044599 -0.114785 -0.160137 -0.109144 -0.193304 -0.283855 0.081435 0.029333 0.004032 -0.102191 0.114964 0.014802 -0.042706 -0.109177 0.033497 -0.184808 0.081606 0.144340 -0.188649 0.081465 0.090380 -0.093292 -0.074330 0.126071 -0.088586 0.113856 -0.071546 -0.012016 0.100776 -0.284927 -0.216152
0.020413 0.001456 -0.088605 0.159389 0.005015 -0.088278 0.146838 -0.084356 -0.015703 0.077790 -0.137131 0.084083 -0.047332 -0.132711 -0.069330 -0.244518 0.008628 -0.022490 -0.157910 -0.109379 -0.051809 -0.054324 -0.040232 -0.010870 0.124925 -0.140753 0.066418 0.018925 -0.025067 -0.122526 0.057676 -0.138747 -0.054998 -0.126432 -0.123496 -0.109783 0.107322 -0.057814 -0.104370 -0.024826 -0.085990 0.074062 -0.039300 0.018594 0.060703 -0.162755 -0.150840
0.109068 0.020225 0.027023 0.028201 0.075515 -0.068952 0.157310 -0.131204 0.172446 0.091435 0.033236 -0.030425 -0.092643 -0.025090 -0.035430 -0.113992 0.056083 -0.083660 -0.219989 -0.223214 -0.055966 -0.022435 -0.105272 -0.031864 0.000857 -0.165178 0.090797 -0.087852 0.038216 -0.159743 -0.036808 -0.081769 -0.020846 -0.122821 -0.058194 -0.086002 0.021619 0.035284 -0.039784 0.031117 -0.233907 0.113915 -0.099646 -0.015157 0.063681 -0.269596 -0.153639
0.052086 -0.339667 0.126492 0.024510 -0.070743 -0.256266 -0.070758 -0.183486 -0.016753 0.078735 -0.005333 0.228120 0.080076 0.108005 0.079233 -0.197384 0.066088 0.076855 0.002068 -0.218230 -0.289956 -0.239487 -0.019432 -0.146063 -0.009201 0.014990 0.006322 0.073102 0.152910 -0.097332 -0.288049 -0.190480 -0.161872 -0.268625 -0.010526 -0.109800 0.123380 -0.163746 -0.287224 0.102927 -0.050856 0.143674 -0.117667 0.031870 0.106947 -0.070720 -0.203948
0.018757 -0.114581 0.121787 0.144241 0.089148 -0.252021 0.142399 -0.070528 0.105401 0.058017 -0.031611 -0.118333 0.119976 -0.194139 -0.055006 -0.225271 0.114306 -0.173051 -0.198376 -0.136000 -0.312698 -0.255891 -0.161893 -0.027254 0.136773 0.017499 0.040616 -0.091963 0.057174 -0.089276 -0.009598 -0.281564 0.011825 -0.134548 -0.203477 -0.170429 0.075513 -0.327766 -0.333816 0.153210 -0.165528 0.114852 -0.111161 -0.114393 0.107151 -0.206980 -0.121982
0.069559 0.171263 0.187572 0.071519 0.245947 -0.143399 0.081255 -0.049753 0.085141 0.116333 -0.070964 -0.166282 -0.237346 -0.230422 -0.056624 -0.220133 -0.046989 -0.096837 -0.162730 0.101196 -0.042466 -0.285347 -0.121417 -0.019583 0.121977 0.016504 0.176612 0.019117 -0.005942 0.054648 0.010438 -0.291290 -0.186336 -0.230133 -0.204770 0.146937 0.045321 -0.194407 0.086764 -0.117773 -0.227990 -0.094362 -0.173826 -0.037878 0.025763 -0.276072 -0.006615
0.098159 -0.028798 0.159566 -0.247481 0.181191 -0.135166 0.009165 -0.116430 0.199000 0.271652 -0.026176 -0.088178 0.099587 -0.092152 0.029313 -0.141099 0.049002 0.061627 -0.291170 -0.344818 -0.383510 -0.170710 0.065157 -0.060752 -0.018518 -0.074191 0.077686 -0.176624 0.261331 -0.029278 -0.010216 -0.207720 0.122012 -0.061278 -0.133884 -0.143649 -0.138921 -0.079324 -0.215280 -0.248202 0.058229 0.222273 -0.080750 -0.140873 0.275644 -0.063249 -0.475347
0.066084 -0.074799 0.025249 -0.139503 0.181211 -0.136689 0.057980 -0.061660 0.099875 0.150839 -0.077583 -0.017764 0.104027 -0.122444 -0.037250 -0.185235 0.139893 -0.011869 -0.329723 -0.078244 -0.242450 -0.226068 -0.089349 -0.049804 0.072267 0.136804 0.030569 -0.124194 0.039735 -0.130039 -0.123937 -0.139272 -0.225109 -0.367782 -0.223104 -0.274104 0.161274 -0.309669 -0.327310 0.038617 -0.097954 0.144019 -0.135887 -0.085195 0.060470 0.034654 -0.244494
-0.437545 -0.134121 -0.210150 -0.110921 0.136123 0.045609 0.206825 0.146696 -0.046892 0.228781 0.018382 0.018931 0.066723 -0.327815 0.331317 0.127787 0.278253 -0.089874 0.206172 0.036815 0.109109 0.202378 -0.175782 -0.206904 -0.289120 -0.350408 0.073853 -0.259752 -0.039550 -0.005090 -0.194742 0.122643 0.140602 -0.057848 0.012098 0.057939 -0.002971 0.091697 -0.204844 -0.219310 0.081146 0.002704 0.150927 -0.343061 -0.084471 0.049244 0.054361
-0.043613 0.080869 0.045175 -0.271245 -0.157451 0.113059 0.047782 0.157105 -0.111922 -0.042992 -0.338767 -0.117745 0.068890 0.055826 -0.064177 0.152138 0.067260 -0.097560 0.087501 -0.131237 -0.009844 0.046838 0.019995 -0.024289 -0.101297 -0.126010 -0.325755 0.100616 0.114676 0.044401 -0.073071 0.091114 0.072285 0.035496 -0.011033 0.035638 -0.352873 0.163523 -0.338737 -0.140946 0.219659 -0.057289 0.019828 0.120920 0.105984 -0.001837 0.025250
0.036679 0.004557 0.062854 0.148723 -0.034944 0.190520 0.078381 0.147944 0.056656 -0.357542 -0.075228 -0.126166 0.079873 -0.048007 0.275307 0.252282 0.114900 0.093391 0.000963 0.112647 0.168121 -0.069005 0.093499 -0.035267 -0.364399 -0.082208 -0.038763 -0.401255 -0.063595 -0.150423 -0.030523 0.020789 0.155322 -0.060412 -0.277081 -0.055112 0.056751 0.039483 0.001683 -0.163088 0.107971 0.022420 -0.342821 -0.299375 -0.123740 -0.167401 -0.076563
-0.106281 -0.089979 0.007433 0.038988 0.088067 0.043235 0.112458 -0.145639 0.162701 -0.063841 -0.074927 0.079193 0.042149 0.012236 -0.045857 -0.083768 -0.016496 -0.138161 -0.133067 -0.080499 0.149663 -0.076897 0.252801 0.078438 0.022570 0.030856 -0.072058 -0.066972 -0.023831 -0.053767 -0.148608 -0.039596 0.211819 -0.122480 -0.103047 -0.024364 0.023341 -0.096760 0.091775 -0.143000 -0.027474 0.085288 -0.059631 0.061928 0.028623 0.094761 -0.060371
0.094465 -0.125502 0.027739 -0.338503 -0.121216 0.037808 0.014805 -0.278682 0.088055 0.034075 -0.125280 0.001372 0.181698 0.027842 0.004048 0.025105 -0.151819 0.012295 -0.005416 -0.016167 0.039659 -0.005920 0.044428 0.077495 -0.083225 -0.013928 0.138364 0.156811 0.002261 0.073484 -0.060290 0.026369 0.028129 -0.026735 -0.044646 -0.091753 0.053772 0.034278 0.119094 -0.070796 -0.039134 0.129326 -0.206130 0.006218 -0.148790 -0.005998 -0.065347
-0.017711 -0.442958 0.079792 -0.002041 -0.124034 -0.053975 0.253817 -0.108025 -0.070534 -0.128486 -0.075005 0.039233 -0.094308 -0.003094 0.100211 -0.135533 0.071924 -0.122493 -0.010296 0.131708 0.195158 0.107063 0.026933 0.062813 -0.016535 0.020867 0.055024 0.021411 0.119674 0.005891 0.043061 0.007812 0.080848 -0.013016 0.167596 0.077148 0.010286 0.138961 0.133587 -0.118170 -0.076127 -0.191175 0.018332 0.145670 -0.125010 -0.041164 -0.083428
-0.074715 -0.105484 -0.000340 -0.301007 0.022573 -0.038911 -0.011437 -0.184533 0.036399 0.030225 0.160334 0.009396 -0.046048 0.012483 0.182844 0.127955 0.134602 0.101994 -0.063335 -0.119050 0.051485 -0.031045 -0.170313 -0.068378 -0.032771 -0.014083 0.068525 -0.023328 0.049224 -0.056846 -0.029469 -0.169168 -0.020618 -0.049528 -0.028011 0.141936 0.082617 0.045898 0.008920 0.010814 0.033859 0.033725 0.021408 -0.034715 0.068162 -0.004546 0.032691
0.020160 -0.081733 0.048312 0.027640 -0.095689 -0.140825 -0.013788 0.088512 -0.147924 -0.037111 -0.093766 0.046543 0.144059 0.063118 -0.033734 -0.143740 0.129587 0.063281 -0.087390 0.072333 0.156660 -0.031250 -0.112838 -0.095616 0.021690 -0.051895 -0.051018 0.037042 0.216656 -0.084001 -0.071578 0.016210 0.162523 -0.158096 -0.003067 0.098361 0.149241 0.091903 -0.027498 0.092154 0.078956 0.108830 -0.022581 -0.015927 0.068210 0.068603 -0.166723
0.049396 0.011567 0.021324 -0.075628 0.043432 -0.219800 0.089457 0.013330 -0.114586 -0.022828 0.079389 -0.079418 0.021252 -0.051453 0.071957 0.052768 0.068460 -0.033199 -0.086689 0.042463 -0.016816 -0.000152 -0.340598 -0.072845 -0.059207 0.069728 0.033566 -0.085131 0.179308 -0.084914 -0.045691 -0.106734 -0.075865 -0.085514 -0.026823 0.269570 0.075768 -0.068297 -0.105030 -0.011936 0.131782 0.112583 0.029024 -0.136783 -0.038941 0.171076 -0.088660
0.079219 -0.170866 -0.109516 -0.380442 -0.119053 0.256560 0.051799 -0.206996 0.087385 -0.096898 -0.078446 -0.115281 -0.050254 0.004619 0.418829 0.135611 0.057859 0.053956 0.128320 0.041168 -0.066196 0.109028 -0.194191 0.170299 0.015146 -0.139092 -0.145182 -0.127672 -0.056896 -0.043865 0.018870 -0.094361 0.178664 0.036319 0.063456 -0.078150 -0.034493 0.000260 -0.352789 -0.012479 -0.009587 -0.089982 0.102912 -0.103499 -0.057886 -0.045056 0.010238
-0.007395 -0.016471 -0.094895 -0.183404 -0.099469 0.045850 0.000149 -0.243687 0.067870 -0.080907 -0.087354 0.095577 -0.071466 -0.008524 0.174288 -0.007434 0.129251 0.056232 0.030722 -0.018487 0.009893 0.035658 -0.034731 -0.005937 0.011595 0.106545 -0.025212 0.054184 0.094922 -0.034261 0.061552 -0.067329 -0.028461 -0.129948 -0.025979 -0.020794 0.010100 -0.035040 -0.090522 0.056466 -0.013245 0.120427 -0.014777 -0.079710 -0.019135 0.005714 -0.061045
0.065178 -0.038613 -0.150456 -0.111716 0.076905 0.126684 0.152916 -0.162336 0.006510 0.166524 -0.146853 0.126378 -0.088937 0.163506 0.212623 0.125913 -0.157081 0.103194 -0.040505 0.000430 0.072395 -0.024934 -0.154073 -0.024603 -0.023433 0.087673 0.048085 -0.083760 -0.003314 -0.057272 -0.033820 0.075130 0.290787 0.025352 -0.055840 -0.041433 0.051784 0.047505 -0.087487 0.023692 -0.008317 -0.083864 0.148339 0.005632 0.052220 -0.016038 -0.044732
0.011889 0.100111 -0.159243 -0.082646 -0.009147 0.053041 0.304435 -0.161440 0.179828 -0.020246 -0.188002 0.023932 -0.062508 0.075873 0.138701 0.057023 0.172661 -0.074604 0.037463 0.111623 0.069670 -0.049919 0.055202 -0.050307 -0.060107 -0.276239 -0.102534 -0.171141 0.097069 0.028261 0.024345 -0.039033 0.078709 0.078803 -0.096864 0.033322 -0.082110 0.057587 -0.075305 -0.208037 0.024475 -0.116409 0.053267 0.022753 0.049365 -0.098563 0.068931
-0.147257 0.019001 0.100658 0.039457 0.080927 -0.166518 0.106321 -0.056413 0.065557 0.110297 0.182874 -0.117141 -0.181761 -0.074614 0.096464 0.152934 0.063782 -0.334637 -0.127958 -0.081009 0.140138 0.125244 0.073813 -0.182451 0.010389 0.083411 0.031133 0.055211 0.086386 -0.058949 -0.094897 0.079083 0.056669 -0.173735 -0.087832 0.097703 -0.086239 0.153655 -0.196042 -0.141654 0.064081 0.057564 0.012911 -0.216579 -0.058334 0.005231 -0.011245
0.002736 0.032452 0.014467 -0.048708 -0.071655 -0.038836 0.134190 0.065123 -0.084249 -0.160266 -0.105541 0.055645 0.106327 0.002391 0.009849 0.028608 -0.017138 -0.003877 -0.029590 0.164795 -0.220496 0.129343 0.005200 -0.025530 0.091403 0.050190 0.042257 -0.017612 0.060406 -0.029628 -0.022359 0.035920 -0.009984 -0.046338 -0.074873 0.103984 -0.036325 -0.094983 -0.043868 0.074808 -0.002815 -0.019723 -0.381099 -0.025274 0.028650 0.047492 -0.031831
-0.040034 -0.080703 -0.174903 -0.140797 0.007542 0.165559 0.225142 -0.248893 0.063956 0.038630 -0.100187 -0.093983 0.081776 -0.110378 0.145618 -0.098631 -0.000079 0.023530 0.060337 -0.052709 0.109425 0.037588 0.049761 0.130157 0.011084 -0.128433 0.024163 -0.107876 -0.011910 -0.010536 -0.013477 -0.086864 -0.005321 0.124791 -0.141771 -0.050659 -0.021523 -0.208946 -0.010290 -0.090259 -0.021607 0.150426 -0.017395 0.001502 0.087400 0.028547 0.041950
-0.051721 -0.041945 -0.117909 -0.110832 -0.105569 -0.087283 -0.180799 -0.096931 -0.179004 -0.189678 0.171421 0.267207 -0.256706 0.316557 -0.049397 0.054332 -0.135659 0.209624 -0.106535 0.056518 0.147756 -0.037521 0.208240 0.270935 -0.073094 0.132871 0.211387 0.230833 0.097266 -0.173553 -0.146554 -0.229681 0.048606 0.274571 0.188480 -0.136570 -0.037054 0.115391 -0.162119 -0.147826 -0.078327 0.231283 0.040698 0.003054 0.088894 -0.123337 0.083863
-0.031344 -0.010100 0.032400 -0.175340 0.157435 0.048029 -0.031900 -0.144522 0.102003 -0.024069 0.087096 -0.184459 -0.021599 0.038871 -0.018207 -0.108214 0.040550 -0.030359 -0.100958 0.074377 -0.046810 -0.086583 0.183485 -0.016310 0.062872 -0.186109 0.085060 0.065918 -0.006423 -0.005064 -0.049027 0.027376 0.164838 0.128138 -0.052104 -0.035107 0.025237 -0.072133 0.167472 -0.049911 -0.153073 -0.013134 -0.089471 0.041148 0.150076 -0.061345 -0.147970
-0.045280 -0.079418 0.082068 0.066348 0.048384 0.004206 -0.045719 -0.083025 0.055366 -0.119484 0.173392 -0.099404 -0.053653 -0.180192 0.062712 0.026939 -0.104591 -0.028799 -0.105367 0.005800 0.052759 -0.158787 0.097271 0.260011 -0.006803 -0.100854 0.034191 -0.101704 0.021797 -0.051919 -0.113413 -0.082803 0.119211 0.079153 -0.049560 0.063988 0.102077 0.014894 0.191118 -0.095032 -0.106710 0.229004 -0.013445 0.019510 0.129988 -0.167095 -0.065480
0.003660 -0.135135 0.097132 0.012728 0.146979 0.040510 0.077157 0.002216 0.104003 0.054743 -0.126456 -0.069531 -0.032497 0.038125 0.022106 0.047139 -0.073744 0.032807 -0.101611 0.053529 -0.182116 -0.084409 -0.080010 -0.129038 0.018943 -0.143476 0.121394 -0.202066 0.080195 -0.033201 0.022612 0.034350 -0.042563 -0.082551 0.068061 0.038054 0.054284 -0.100793 0.174495 -0.012662 -0.102131 0.073025 -0.099254 0.036643 -0.166978 -0.103512 -0.004931
-0.107943 -0.110823 0.011817 0.264558 -0.052641 0.187121 0.069117 -0.202795 -0.059588 0.070459 -0.014988 -0.011780 0.104073 0.080667 -0.175362 0.167028 -0.093705 0.020094 -0.214750 0.241400 -0.136497 0.030960 -0.218129 -0.116845 -0.021904 -0.049346 0.129792 -0.139541 -0.126391 -0.043690 0.116191 -0.163357 0.022249 0.064597 -0.062120 0.138987 0.153209 -0.011881 0.120381 -0.222558 0.020974 0.078301 -0.059479 -0.099198 -0.118362 0.039964 0.055830
-0.064381 -0.125840 0.045261 0.068500 0.099716 0.126794 0.064141 -0.202543 0.046423 -0.070469 -0.194085 -0.061869 -0.129617 0.094026 -0.130945 -0.107521 -0.192701 -0.004537 0.016146 -0.134594 -0.095020 0.016006 0.264937 0.079755 -0.081745 -0.260543 0.070646 0.054836 -0.093453 -0.164173 -0.011704 -0.086000 0.025536 0.058462 0.065762 0.040260 0.139102 -0.181497 0.190066 0.142526 -0.079626 0.039818 0.137948 0.056830 0.129958 -0.092882 -0.039249
-0.108170 -0.083316 -0.054758 -0.130670 -0.277754 0.059087 -0.276231 -0.072572 -0.118809 -0.195386 0.148994 0.286359 -0.087567 0.384036 -0.060283 -0.022355 0.025359 -0.018388 -0.050698 0.230053 0.038882 -0.049786 0.063853 0.227325 -0.153562 -0.158237 -0.088882 -0.079664 0.038567 -0.372009 0.071942 -0.421533 -0.033914 0.233326 0.402869 -0.084209 0.084471 0.168618 -0.083233 -0.156205 -0.122261 0.179901 0.201310 0.160993 0.040943 -0.221541 0.010459
0.037096 -0.157078 0.055883 -0.032857 0.032916 -0.126787 -0.010857 -0.190551 0.094714 -0.128264 0.244317 0.076938 -0.255018 0.230449 -0.234935 0.131897 -0.190271 0.008887 -0.041705 0.134834 -0.011826 -0.032352 0.339764 -0.058521 -0.180017 -0.076788 -0.101645 0.023449 -0.081431 0.011507 -0.184778 -0.116512 0.095645 0.071592 0.011598 -0.030547 0.041100 -0.139633 0.062646 0.039241 0.018497 -0.006156 0.066571 0.070622 0.230789 -0.331874 -0.173956
-0.111581 0.000695 -0.008317 -0.136310 0.009702 -0.208239 0.057817 0.119609 -0.228545 0.124732 0.143308 -0.050834 -0.309259 0.011686 0.024998 -0.007949 -0.223816 -0.038374 -0.129648 0.035350 0.067240 -0.010698 0.289391 0.090665 -0.094755 -0.154864 0.169865 0.091031 0.011797 -0.043578 -0.068063 0.089834 -0.005406 0.075284 0.208697 0.044253 0.031040 0.063455 0.040617 0.006503 -0.051992 0.039067 0.078792 -0.003512 0.002754 -0.013137 -0.174729
-0.248074 -0.126566 0.140034 -0.529160 -0.052917 -0.082716 -0.106283 0.085575 0.081862 -0.203043 0.096628 -0.125717 -0.451004 0.035777 -0.163628 -0.075057 -0.249479 0.137246 -0.182991 -0.114180 0.100007 0.028998 0.341002 0.212537 0.001263 -0.139266 0.069656 0.029240 -0.276447 0.051041 -0.027928 -0.181149 0.277111 0.318000 0.035385 0.080360 0.102509 0.016214 0.211920 -0.422893 -0.038529 0.046737 0.000517 0.064283 0.047741 -0.082680 0.076380
0.076089 -0.143392 -0.071945 -0.379072 -0.038597 0.076522 -0.176100 0.042434 0.182223 -0.267008 0.266884 0.068265 -0.175571 0.032072 -0.109610 -0.165444 0.052299 -0.064508 -0.043819 0.041560 0.082638 -0.039097 0.372470 0.221469 -0.029411 -0.174503 -0.205823 -0.055625 -0.323303 -0.046899 0.051763 -0.096436 0.294395 0.378440 0.100517 0.036039 0.179927 0.048110 0.399422 -0.388402 -0.245384 -0.013537 0.044686 -0.059592 0.087211 -0.235340 0.038594
-0.015790 0.008552 0.138548 -0.217359 0.152936 0.107908 0.111291 -0.040430 0.240035 -0.113360 -0.231566 -0.316156 -0.186240 0.102401 0.173160 -0.029062 -0.192865 -0.084231 -0.051567 0.012929 -0.222522 -0.058952 0.075657 -0.014589 -0.005659 -0.233678 0.100418 -0.315312 0.120976 -0.015430 0.156822 0.040981 0.071384 0.049431 -0.010228 0.135229 -0.023532 -0.155249 0.099128 0.012587 -0.100728 0.082905 -0.067824 -0.106032 -0.108554 -0.157003 -0.031488
-0.087385 -0.178920 0.154420 -0.149029 0.123691 -0.019138 -0.050771 -0.003649 0.127975 0.031098 0.193699 -0.095703 -0.326060 0.238047 0.102298 -0.161624 -0.118491 -0.014598 -0.189731 0.001866 -0.130425 0.081676 0.314032 0.006892 0.040758 -0.220410 -0.183649 0.001149 -0.227579 -0.002337 0.037418 -0.148543 0.260444 0.388303 0.118422 0.151981 0.013851 -0.040862 0.278806 -0.323483 -0.162768 0.024043 0.072543 0.005638 0.029925 -0.253507 -0.035463
-0.055111 -0.056601 -0.083739 0.310593 -0.158892 0.164509 -0.192385 -0.119770 -0.261165 -0.209753 0.316338 0.140386 -0.100600 0.006695 0.112187 0.022700 -0.245417 0.035391 -0.028010 0.117235 0.028301 -0.089074 0.009549 0.248353 -0.097005 -0.000189 0.090687 -0.031501 0.200916 -0.243707 -0.233588 -0.211914 0.128121 0.079417 0.165416 -0.211682 0.077019 -0.048888 -0.207329 0.088273 -0.021548 0.205810 0.099354 -0.201429 -0.086205 0.086473 -0.191435
0.048845 -0.078789 0.192073 -0.359737 -0.204809 -0.171676 0.038675 0.044624 0.268423 0.001411 -0.033362 -0.401091 0.009319 -0.110525 -0.070386 -0.033910 0.060824 -0.132749 0.070415 -0.059593 -0.184743 -0.085987 0.236898 -0.186778 0.067656 -0.161936 0.133551 -0.171053 -0.075066 -0.025048 0.241626 0.097361 0.171041 0.204417 -0.035574 0.083417 0.054898 -0.148420 0.267342 -0.203078 -0.148913 0.102541 -0.022539 -0.010307 0.149695 -0.016352 0.011911
0.072258 -0.028030 0.118534 -0.077481 0.100097 -0.035391 -0.137753 -0.047230 0.176251 -0.000849 -0.064017 -0.027883 -0.202523 0.108324 0.011293 -0.151924 -0.169641 0.068500 -0.032486 -0.038667 -0.139695 0.042406 0.264688 0.057290 -0.069188 -0.207959 0.017214 -0.064286 -0.024832 0.071245 0.005369 -0.003003 0.011280 0.084245 -0.217643 0.260245 0.068670 -0.032117 0.133752 -0.253658 -0.196116 -0.068926 -0.037164 -0.032985 -0.063383 -0.016760 -0.072199
0.044576 -0.086955 0.136955 -0.000571 -0.028319 -0.053534 0.008590 -0.001407 0.021338 0.084557 0.038142 0.061557 -0.091009 0.152884 0.109987 -0.083827 -0.000774 -0.077210 -0.029371 0.017667 -0.024891 -0.047059 -0.008534 0.094054 -0.029187 -0.157581 0.171657 0.080147 -0.014201 -0.102372 -0.094035 -0.026243 -0.045244 0.104649 -0.022747 -0.033350 -0.058923 0.020789 0.085603 0.015738 -0.097241 0.067947 -0.048914 -0.039764 -0.089122 -0.067203 -0.004312
0.021056 -0.171005 0.053587 -0.043096 -0.146233 -0.069020 -0.032341 -0.105491 -0.115125 0.153812 -0.091295 -0.087380 0.065170 -0.022200 0.059702 0.065634 -0.085997 0.022231 0.006385 0.149619 0.046272 0.076821 0.028694 -0.028040 0.053229 0.058400 0.000491 -0.065115 0.018731 -0.089021 -0.034176 0.018937 -0.157493 -0.029338 0.027193 0.095624 0.070860 -0.071370 0.057978 0.039474 -0.118685 -0.215418 -0.033010 0.010158 -0.177806 -0.067797 0.081101
0.042831 -0.107725 0.011982 -0.017675 -0.011394 0.016144 0.025456 -0.178671 -0.002940 0.025296 -0.011049 -0.031382 0.076028 -0.045478 0.185358 -0.093038 0.140616 0.123499 0.038174 -0.187222 0.028488 0.069402 0.023345 -0.001988 -0.023446 0.075044 -0.000027 -0.167344 -0.013085 -0.220833 0.021390 -0.118120 0.019770 -0.107629 -0.107185 0.108475 0.074744 0.011308 0.128561 0.083866 -0.054615 -0.118965 0.093266 -0.158467 0.077755 0.096984 -0.065679
0.013224 -0.011559 -0.005322 0.079480 -0.039859 -0.036153 0.048980 -0.330004 -0.113839 -0.082769 -0.052672 0.065802 0.083508 0.094424 0.186776 -0.037973 -0.080937 0.028124 -0.057826 -0.091100 0.066040 0.058569 -0.143806 -0.191840 0.003591 0.129045 -0.113736 0.004136 -0.018624 -0.223799 -0.011175 -0.043001 -0.136124 -0.038606 0.065767 0.090484 -0.026044 -0.013723 -0.112179 0.096071 0.053284 -0.045628 -0.041483 -0.165428 0.042837 -0.028835 0.081133
0.006167 -0.019287 0.206807 0.267080 -0.258125 -0.063405 -0.060069 -0.351771 -0.045087 -0.071504 0.038000 0.137723 0.110994 0.111189 0.155114 -0.037782 -0.118271 0.055004 -0.052971 -0.155631 -0.087683 0.141070 -0.061955 -0.206230 0.049674 -0.055924 -0.074898 -0.083774 -0.000091 -0.354071 0.146762 -0.037558 -0.172131 -0.303254 -0.021691 0.034690 0.008134 0.130933 -0.024937 0.000136 0.046830 0.027028 -0.008088 -0.073491 0.001149 -0.021594 0.056991
-0.016297 0.061612 0.101681 0.042107 -0.028802 -0.048043 0.002858 -0.431755 0.068444 -0.001397 -0.115327 0.189951 0.045519 0.163227 0.130444 0.077103 0.007414 -0.149510 0.037793 -0.220447 0.054321 -0.051862 -0.295723 -0.139859 0.049476 0.037832 0.066257 -0.006568 -0.012568 -0.304084 -0.114015 -0.071052 -0.010360 -0.117178 -0.020906 0.008781 -0.113916 0.171626 0.067726 0.063791 -0.080238 -0.141131 -0.190833 -0.295036 -0.035964 -0.236976 0.111589
0.089375 -0.051672 0.001457 -0.026598 -0.017333 -0.122291 -0.008315 -0.170080 -0.052385 -0.048610 -0.174609 0.063625 0.068266 0.085435 0.145158 -0.115932 -0.040439 0.071758 -0.023137 -0.082084 0.025207 0.058071 -0.153469 -0.082777 0.028481 0.011576 -0.024108 0.169417 0.026543 -0.129467 0.030922 0.009819 -0.209251 -0.074602 -0.035928 0.069108 -0.025761 0.018725 0.079193 0.000983 0.039899 0.031786 0.068742 -0.255847 0.022200 -0.254159 0.072693
0.038929 0.107364 0.078748 0.058654 0.032005 -0.056493 0.198926 -0.167861 -0.055199 0.009038 -0.027564 0.252918 0.046123 0.027160 0.294769 -0.088266 0.013075 0.091742 -0.021728 -0.055507 -0.009287 -0.002614 -0.137203 -0.290708 -0.057749 -0.020577 0.106768 -0.177209 0.102004 -0.272621 -0.017343 -0.058839 -0.198211 -0.187808 0.126882 0.075288 -0.157174 -0.133548 0.071214 0.118303 0.006319 -0.006386 -0.050818 -0.266454 -0.093849 -0.197012 -0.109541
0.004352 0.030033 0.124162 -0.140076 0.152285 -0.085584 0.029013 -0.104427 0.088592 0.014299 -0.033419 0.138392 0.116789 0.074779 0.185390 0.007666 -0.050984 0.182299 -0.047331 -0.126306 -0.008421 0.015415 -0.021117 -0.017971 -0.001719 -0.088777 -0.007485 0.135369 0.011765 -0.035957 -0.033451 -0.058602 -0.065082 -0.114169 -0.089557 0.027128 -0.121819 0.012783 -0.189296 0.128395 0.092761 -0.044081 0.108325 -0.149030 0.027461 -0.176906 0.000474
-0.058105 0.061848 -0.022385 -0.069769 0.118097 -0.127249 0.063480 -0.036070 -0.106628 -0.072724 -0.116758 0.029704 0.039275 0.050453 0.015841 0.151571 0.011171 -0.090187 0.013096 -0.044343 -0.116712 0.040599 -0.117439 -0.037845 0.084322 0.057910 -0.036524 -0.002170 0.080911 -0.128497 -0.007198 0.017731 0.084510 0.056326 -0.025489 0.020756 0.055337 -0.027249 0.057785 -0.085691 -0.049062 -0.036966 -0.184813 -0.093074 0.032832 -0.223192 0.049207
-0.000287 -0.066389 -0.030374 0.064477 0.198924 -0.048497 -0.093805 -0.106342 0.035354 -0.034366 -0.087225 0.095555 0.200609 0.087377 0.151018 0.018858 0.063204 -0.139703 0.089981 -0.116128 0.026893 -0.020810 -0.098813 0.023443 0.024776 -0.015547 -0.075219 0.036800 0.032900 -0.259602 -0.159267 0.087049 0.029545 -0.100354 0.023066 0.060378 0.032180 0.068938 0.139219 -0.004148 -0.075203 -0.055124 -0.272286 -0.261166 0.056584 -0.079753 0.190841
0.037487 -0.139407 0.054251 0.037172 0.057132 -0.183057 0.014365 -0.109587 -0.091328 0.053480 -0.104446 -0.043927 0.030148 0.020227 0.254801 0.009807 -0.053813 0.055447 -0.037618 -0.105923 0.073978 0.044600 -0.044900 -0.066131 0.094170 -0.038961 0.138215 0.027102 0.012056 -0.236255 0.057061 -0.040050 -0.241934 -0.078732 -0.016345 0.086840 -0.025295 -0.094839 -0.054392 0.092007 -0.042428 -0.122264 -0.060961 -0.241283 -0.024453 -0.190365 0.149860
0.014244 -0.078158 0.041049 0.109304 0.112608 -0.055461 -0.048804 -0.272649 0.028242 -0.047458 -0.226854 0.135031 0.182069 0.114238 0.015587 -0.055677 -0.160179 0.087999 -0.038998 -0.021156 0.077690 0.130599 0.023939 0.061723 0.028392 -0.112342 0.142276 -0.023700 0.026655 -0.031571 -0.026548 -0.114660 0.183076 -0.048583 -0.120030 0.019334 -0.095593 -0.137181 0.024455 -0.063555 -0.025715 -0.101387 0.051482 -0.261310 0.150647 -0.218337 0.047450
0.058231 0.016869 0.010208 0.036270 0.044738 -0.051289 -0.023268 -0.224827 0.010188 -0.024953 -0.054040 0.031970 0.040413 0.033156 0.126779 0.128444 0.012732 0.040673 -0.106900 -0.142473 0.109600 -0.039981 -0.171754 -0.115930 -0.038938 0.028996 0.010409 -0.000206 0.025524 -0.249792 -0.071812 -0.028242 -0.050738 -0.047326 -0.000615 0.029827 -0.006479 0.148440 -0.027269 0.154425 0.018242 -0.052243 -0.145724 -0.203322 0.141708 -0.074382 0.187222
-0.051075 -0.233725 0.021115 0.013113 0.085674 -0.011881 -0.015965 -0.320003 -0.138719 0.003276 0.121874 0.059676 0.092101 -0.023808 0.100022 -0.031475 0.077995 -0.011517 0.019318 -0.182857 0.143686 -0.018085 -0.211756 -0.040046 0.022455 -0.050362 0.252628 0.127605 -0.022741 -0.249633 0.029836 -0.108513 -0.119058 -0.070005 0.074920 -0.002868 -0.043030 0.155615 0.110324 0.072505 -0.009890 0.074668 0.124111 -0.069335 0.060045 -0.069508 -0.091858
-0.024819 -0.083525 0.056129 0.074710 -0.050842 0.003487 -0.068461 -0.366878 -0.000673 -0.068359 0.032764 0.049382 0.013904 0.144072 0.132997 0.008407 -0.050681 0.022938 0.065781 -0.269786 0.075851 0.052856 -0.243346 0.025012 -0.023412 0.120879 0.066155 0.021051 -0.046028 -0.211848 -0.013446 -0.178838 -0.118368 -0.062974 0.179801 -0.011955 0.045376 0.054684 0.087161 0.119627 -0.221103 -0.038925 -0.033156 -0.141494 0.069158 -0.144574 0.163684
0.083738 -0.025777 -0.013084 -0.128987 -0.207251 -0.237295 -0.030710 -0.439017 -0.168816 -0.051459 0.087141 -0.310393 0.171143 0.052952 -0.267051 -0.549211 -0.121553 -0.239736 0.022415 0.100364 -0.116768 -0.025378 -0.060189 0.022916 0.081311 0.149521 -0.026602 -0.027027 -0.054935 0.144058 0.121893 0.022683 -0.173195 -0.231198 0.022790 -0.008084 0.021539 -0.007710 -0.053042 0.101859 -0.284059 0.033117 -0.123883 -0.069298 -0.115938 0.149839 0.101461
0.040154 -0.160855 -0.079567 -0.056947 -0.119984 0.017366 0.029468 -0.113835 -0.076636 -0.255150 -0.228428 -0.009631 -0.045696 -0.000174 -0.001718 -0.016158 0.036216 -0.090656 0.196711 -0.039907 -0.133885 -0.154372 -0.345545 0.032974 0.033352 0.094585 -0.044310 -0.074916 -0.001285 -0.003456 0.039477 0.160190 0.040448 -0.319886 -0.327247 -0.107210 -0.011548 0.139179 0.291701 0.124300 -0.070695 -0.075258 0.153323 0.014320 0.108796 -0.108649 0.125768
-0.033273 -0.058698 0.062118 0.087480 0.023140 -0.112499 0.029817 0.084442 -0.169155 -0.149338 -0.027062 -0.163096 -0.054724 0.037098 -0.135284 -0.302223 0.016444 0.003191 0.129544 -0.030430 -0.140539 0.052034 -0.165767 0.002424 -0.007123 -0.105855 -0.269947 -0.071455 -0.012338 0.111249 0.111329 -0.015205 -0.137049 -0.049036 -0.128895 0.049615 0.064294 -0.115009 0.126396 -0.060048 -0.244437 0.006985 0.259056 0.071014 -0.161799 0.120324 0.086238
0.014864 0.025746 0.154191 -0.002391 -0.234383 -0.063895 -0.081291 0.271922 -0.007749 -0.044235 -0.228664 -0.082234 0.038406 0.018648 -0.176212 -0.199347 0.141018 -0.056923 -0.164881 -0.157861 0.122556 0.038391 0.049567 -0.193167 0.072983 0.099616 -0.172831 -0.028170 -0.140160 -0.057441 0.039993 -0.176233 -0.237824 -0.052358 -0.146567 0.048433 0.011053 0.079963 0.131758 -0.046691 -0.255649 0.041050 -0.005656 0.133761 -0.039247 0.043035 -0.105944
-0.103306 -0.299524 -0.187363 0.206693 0.037720 -0.111773 -0.190543 -0.007263 0.045570 0.089155 0.082564 -0.145320 0.080901 -0.254542 -0.387339 -0.017118 -0.048613 -0.126477 -0.255120 -0.159423 0.288145 -0.148327 0.245173 0.143589 -0.049873 0.107881 -0.015482 0.215238 -0.106655 -0.017303 -0.098210 -0.091309 0.108384 0.150079 -0.116316 0.126411 -0.011703 0.201511 0.049161 -0.023567 -0.018312 0.128527 -0.064938 0.058680 0.050672 -0.101562 -0.082782
0.007328 -0.246969 -0.007101 0.051558 0.120956 -0.151510 -0.159627 -0.025592 0.057124 0.144671 -0.105182 -0.113732 0.045307 -0.076579 0.101967 0.009708 -0.117903 -0.248266 -0.270305 -0.383467 -0.076553 -0.188619 0.099448 -0.246384 0.089938 0.153460 -0.054856 0.044183 -0.033606 -0.010545 -0.183440 -0.121886 -0.132939 -0.255599 0.047924 -0.016973 0.084351 -0.155475 -0.347363 0.205841 -0.026239 0.033973 -0.338838 -0.027092 0.099426 -0.031253 0.062590
0.125460 -0.090885 0.006938 -0.055587 -0.164985 0.159929 0.148780 -0.799122 -0.103152 -0.031215 0.131054 -0.138582 -0.002527 0.072312 -0.041871 -0.002014 -0.100731 -0.287976 -0.082537 0.075728 -0.114627 0.014877 -0.321388 0.205647 0.070623 -0.107893 0.031668 -0.189044 -0.081471 -1.721848 0.039136 -0.220440 0.019299 -0.329446 -0.563484 -0.137373 -0.202839 0.124235 0.083744 0.017260 0.051769 -0.252035 0.120428 0.068183 -0.498537 -0.120052 0.046554
-0.023922 -0.087181 -0.215950 -0.179288 0.280516 -0.009077 0.063486 -0.334679 -0.042289 -0.077360 0.024492 0.022674 -0.113587 0.023596 -0.044839 -0.204813 -0.053769 0.104247 -0.073615 0.018953 0.097848 -0.020886 0.004130 0.066021 -0.001631 0.037079 -0.100489 -0.025996 -0.061871 0.296275 0.000018 0.087083 0.084100 -0.094474 0.018859 -0.281689 -0.135656 0.058159 0.148402 -0.016246 -0.149457 -0.109596 0.088630 -0.014066 -0.041431 0.031127 0.245668
0.109340 -0.252527 -0.219557 -0.200532 0.029772 0.135391 -0.103660 -0.322816 -0.255969 -0.125399 0.023968 -0.091909 -0.128653 0.108660 -0.262139 -0.034427 0.163335 0.156607 -0.106524 0.119536 -0.092520 -0.199862 0.122641 0.082630 0.126828 0.037347 0.049295 -0.334345 -0.052798 -0.124497 0.070736 -0.021152 0.109203 -0.225558 0.071639 -0.283041 -0.045878 -0.015287 0.238301 0.020235 -0.249820 -0.157861 0.151832 0.024588 -0.319847 0.145948 -0.296525
0.098096 0.011899 0.050806 0.039252 -0.140047 -0.173542 0.043914 0.261217 -0.175252 -0.178912 -0.274959 -0.032806 -0.078923 0.007140 -0.354632 0.037358 -0.061012 -0.021580 -0.009349 0.139946 -0.366648 0.020874 0.112030 -0.261789 0.093525 0.153192 -0.257930 -0.141229 -0.125974 0.017978 -0.085599 -0.154526 -0.430293 -0.196276 -0.081666 0.071178 0.022591 0.008049 -0.112741 -0.147121 -0.111594 -0.103156 -0.143203 0.009050 -0.037947 0.025059 -0.026195
-0.103447 -0.077032 0.058154 0.000970 0.310135 -0.060131 0.074590 -0.197369 -0.215752 0.057179 0.039521 -0.149001 -0.194598 0.113193 0.038912 -0.029350 -0.036557 0.043890 -0.072245 0.025843 0.070770 0.015709 -0.013198 0.181162 -0.075717 0.046591 0.167920 -0.108378 0.007716 -0.017233 0.116285 0.142036 0.128175 0.119077 -0.234177 0.080469 0.128854 0.089892 0.144263 0.027277 0.116353 -0.238916 -0.016063 0.138516 -0.213845 -0.137576 -0.218297
0.083955 -0.097431 -0.167944 -0.121412 -0.380300 -0.000532 0.087633 -0.290310 -0.157694 -0.159188 -0.275056 0.038412 0.076174 0.066202 -0.048611 -0.284189 -0.012050 -0.158255 -0.291740 -0.025833 -0.187796 0.002086 0.169106 -0.030648 0.118433 0.043883 0.176133 -0.038693 0.013141 -0.307073 0.213705 0.171173 0.071070 -0.295768 -0.153040 -0.161710 0.026085 0.067115 0.083970 -0.037249 -0.299190 -0.052488 -0.016154 -0.055527 -0.131885 0.037396 -0.065965
-0.151323 0.106507 0.110005 0.010702 -0.317074 0.019446 0.061845 -0.050464 0.038452 -0.671943 0.049412 -0.179519 0.006474 -0.186160 -0.135880 0.136225 0.123978 0.093504 0.117871 -0.067298 -0.096785 0.096589 0.026655 0.009309 -0.133326 -0.176074 -0.056422 0.020002 0.056219 -0.271312 -0.114504 -0.093710 0.284329 -0.007156 -0.257240 0.079922 -0.015015 0.050969 0.060333 -0.089967 0.040562 0.010636 0.145278 0.043974 -0.008896 -0.271828 -0.279795
0.102411 0.000731 -0.032611 -0.039365 -0.125010 0.028532 -0.059246 -0.074156 0.094536 0.119203 0.103120 0.062056 -0.028899 0.016941 0.111394 -0.042989 -0.010124 -0.047392 0.002059 -0.079476 -0.122529 -0.145699 -0.047453 0.004594 -0.020888 0.190934 -0.087330 -0.049274 0.015701 0.071302 -0.195413 0.060541 -0.072481 -0.050758 0.008995 -0.007665 -0.038150 0.135781 -0.091494 -0.135790 -0.239515 0.011551 0.029890 -0.089846 0.032721 0.189401 -0.114384
0.042196 0.025445 -0.016581 -0.026519 -0.097916 0.037165 -0.054273 -0.014068 -0.017923 -0.065543 -0.054103 -0.020591 -0.090122 0.045100 0.021311 -0.027611 -0.010637 0.117744 0.033858 0.028964 -0.049928 -0.003342 0.163973 0.103350 0.044503 -0.050782 0.046854 -0.160650 0.016327 -0.048934 0.066618 0.019499 0.072021 0.035681 -0.002279 -0.040399 0.046200 -0.034137 0.170124 -0.121527 -0.017692 -0.080454 0.018004 0.025482 -0.169239 0.022164 -0.162992
0.053768 -0.057336 0.219215 -0.049609 -0.157280 -0.074450 0.035045 0.133116 -0.113725 -0.150258 -0.108434 -0.032250 0.079670 0.066297 -0.177006 -0.096861 -0.101809 -0.068887 -0.030811 -0.012206 0.077747 -0.021786 -0.115295 -0.124841 0.022589 0.082914 0.088176 0.118108 -0.097864 -0.030155 0.034612 0.069433 -0.245163 -0.017807 -0.096282 0.127767 0.032017 0.052487 0.218018 -0.088716 0.145286 -0.027525 0.084727 0.013625 -0.183109 0.140125 -0.302689
-0.007107 -0.009513 0.067693 -0.088218 0.017622 0.071457 0.088503 -0.040616 -0.070293 -0.331181 -0.163752 0.207658 0.120795 0.110664 0.078861 -0.057694 0.043858 -0.014590 0.031567 -0.101796 -0.074758 0.077653 -0.234089 -0.113566 0.007882 -0.157439 -0.010120 -0.069474 0.045272 -0.133219 0.106917 0.104001 0.043214 0.075220 -0.267241 -0.018902 -0.058747 0.077023 0.113026 -0.072671 -0.056104 -0.015199 -0.008590 0.231198 -0.183741 0.032938 -0.068470
0.027932 0.129630 -0.097639 -0.020307 -0.281159 -0.092868 -0.044371 -0.058326 0.030992 0.002601 -0.136692 0.050065 0.018595 -0.021557 -0.105343 -0.129302 -0.173877 -0.377120 0.138562 0.241619 -0.183797 0.114089 -0.155113 -0.063393 0.025492 0.046820 -0.191444 -0.342992 -0.043967 0.067017 0.076773 0.040925 -0.235802 -0.361036 -0.035189 -0.011500 -0.053745 -0.058991 -0.097900 -0.027194 -0.086398 -0.059586 -0.199359 -0.063337 0.016465 0.215482 0.098014
0.023701 0.109565 0.097463 0.163790 -0.253542 0.014753 -0.031529 0.071305 -0.189921 0.120461 0.077201 -0.140572 0.043604 0.091002 -0.148592 -0.273121 0.053663 -0.235809 -0.000970 -0.203559 -0.047116 0.063610 0.092669 -0.250993 -0.005467 0.090395 0.038332 0.118662 0.088950 -0.110074 0.123414 0.005416 -0.066244 -0.270510 0.139518 0.127171 0.104015 -0.006585 0.040177 -0.030240 -0.163823 0.084820 -0.047747 -0.073784 -0.041591 -0.140417 -0.298504
-0.114892 0.075895 0.261735 0.176227 -0.155950 -0.060060 -0.016710 0.033814 -0.138372 0.015035 0.191570 -0.123210 0.003924 0.036294 -0.140216 -0.124112 -0.000749 -0.306905 0.132700 0.074212 -0.337643 0.110195 0.045366 -0.185778 -0.048061 -0.035884 -0.120208 -0.146324 -0.165771 -0.074957 -0.080714 -0.305174 -0.086982 -0.210984 -0.386828 0.154274 0.092200 0.019682 0.083411 0.054536 -0.123453 0.179762 0.036760 -0.121305 0.098561 -0.210763 0.001186
0.036575 -0.004630 -0.396160 0.030411 -0.010300 0.001525 0.062824 -0.018333 0.151777 -0.007353 -0.214836 0.142472 -0.060940 0.116413 -0.024094 0.047535 -0.004203 -0.122939 0.046135 0.184815 -0.164862 -0.046488 -0.405286 0.105532 0.123625 0.125936 0.021400 -0.379523 0.107228 -0.049260 -0.080996 0.020836 0.118539 -0.031917 -0.090324 -0.224331 -0.498569 -0.048415 0.019245 -0.030583 0.135151 -0.132484 -0.037966 -0.243670 -0.085837 -0.123312 0.022644
0.010269 0.146476 0.115445 -0.025920 -0.038376 -0.014023 0.057615 0.044652 -0.046330 0.020653 -0.099931 -0.018565 0.052351 0.220180 0.079387 -0.094049 0.043343 -0.151452 0.077128 0.115610 -0.095353 0.055172 -0.412528 -0.265812 0.126835 0.233875 0.045502 -0.136802 -0.025386 -0.107454 -0.147815 -0.053343 -0.194745 -0.333569 -0.202380 -0.057704 0.138477 -0.052053 0.182531 0.063392 0.013728 -0.142897 -0.057731 -0.278194 -0.212511 -0.095747 -0.050530
-0.015327 -0.071329 0.072113 0.183616 -0.110935 0.030435 0.166063 0.184329 -0.224214 -0.100911 -0.097778 -0.081533 -0.023180 -0.015474 -0.346485 0.130288 -0.042594 0.162915 0.178859 0.069681 -0.364719 0.136573 -0.118237 -0.004663 0.016488 0.115956 -0.113599 -0.212612 -0.027962 -0.191827 -0.005327 -0.080401 0.023080 -0.219632 -0.003460 0.106634 -0.186201 -0.133936 0.051232 -0.011755 -0.012473 -0.129011 0.494054 -0.029365 0.159191 -0.316155 -0.140418
0.055193 0.009814 -0.028832 0.106211 -0.213688 0.089320 0.287409 -0.100393 0.082052 -0.136674 -0.083357 0.046152 0.109631 -0.063642 -0.139663 -0.253809 0.015867 0.099742 -0.054880 0.109075 0.002936 0.012533 -0.142670 -0.053685 0.003456 -0.200309 -0.044633 -0.099907 0.093359 -0.059008 -0.145326 0.004203 -0.033473 -0.070273 0.126009 0.113188 0.119792 0.009132 0.121765 -0.078513 -0.197598 0.053311 0.040092 -0.104524 0.060731 -0.194925 -0.083237
-0.055300 0.088169 0.182181 0.056106 -0.013308 -0.029732 0.024029 0.006662 -0.119884 0.057688 -0.215513 0.076044 -0.099816 -0.101827 0.011703 -0.018254 -0.063881 0.062560 0.069731 0.054259 0.069152 0.152254 0.049298 0.133224 -0.050717 -0.381865 0.066479 0.009533 -0.083815 -0.063075 0.091059 0.064853 -0.081683 0.131620 0.026298 0.112380 -0.058198 -0.075661 0.066469 0.011880 -0.186559 -0.047396 -0.101592 -0.011471 -0.015677 -0.336895 -0.015282
0.028134 -0.056148 -0.062390 0.102278 -0.235229 0.092566 0.138011 -0.205763 0.110549 -0.199079 -0.093290 0.052020 -0.028536 -0.183938 0.101830 -0.293545 0.099946 0.025751 0.096944 0.018549 0.129369 0.011253 0.037925 0.037632 -0.254187 -0.474042 0.068330 0.091754 0.149928 -0.070165 0.155528 -0.188713 -0.059667 0.119404 -0.166747 0.023276 -0.071518 0.104364 -0.038805 0.021982 -0.244584 -0.021607 0.000967 0.027592 -0.091753 0.139515 -0.189661
-0.348993 0.006694 0.134791 0.088200 -0.294046 0.057397 0.012504 -0.070759 0.121301 -0.130751 -0.103293 -0.116965 0.003468 -0.460639 -0.016628 -0.246277 -0.153635 0.022339 0.026688 -0.076370 0.088233 0.013820 -0.363431 0.014907 -0.406845 -0.012655 0.080244 0.068417 0.189372 -0.034521 0.159410 -0.101963 -0.192955 0.088926 -0.390784 0.076286 0.167482 -0.045473 0.029675 -0.062086 -0.179273 -0.046436 0.187676 0.136974 0.008954 0.163899 0.066284
0.010747 0.022209 0.172642 0.012038 -0.019874 -0.218922 0.007982 -0.057254 -0.020326 -0.006296 0.116059 0.070437 0.131307 0.056974 -0.010108 -0.185473 -0.136942 -0.298146 0.037290 0.001999 0.028309 0.097247 0.174926 -0.364353 -0.050712 0.006134 -0.302619 0.020732 -0.085743 -0.089004 -0.136904 -0.000358 -0.207177 -0.188890 -0.187474 0.068306 0.128563 0.064793 -0.114885 0.002679 -0.058761 0.050525 0.159707 -0.044405 0.162494 -0.182247 0.143154
-0.208274 0.080343 -0.008979 0.017225 -0.014078 0.092007 0.034499 -0.252981 -0.012528 -0.010654 0.013868 0.079097 -0.013015 -0.153849 0.125569 -0.073222 0.083979 0.001061 0.014470 -0.193862 0.138593 -0.010747 -0.081139 0.161830 -0.137418 -0.371688 0.110918 0.153799 0.068911 -0.110248 -0.059463 -0.118950 0.123442 0.047497 -0.056661 -0.038463 0.038140 0.040774 0.031604 0.006559 -0.017888 -0.134594 -0.073544 -0.015966 0.002364 0.174664 -0.123247
-0.035947 0.114933 0.088301 0.238623 -0.058632 -0.306363 -0.075672 0.134552 -0.077748 0.050062 -0.089480 -0.084408 0.098250 -0.200091 -0.289792 -0.500130 -0.221323 -0.223265 0.197323 0.015906 -0.192293 0.108906 -0.269181 -0.137272 -0.051198 -0.566527 -0.336462 0.112188 -0.081277 0.023483 -0.329239 -0.033721 -0.269209 -0.066689 -0.327154 -0.016562 0.063699 -0.029436 -0.059419 0.159217 -0.443635 0.080340 0.063350 0.131272 0.296300 -0.092118 0.117487
-0.105287 0.048592 -0.061208 0.016518 -0.043379 0.019626 0.058407 0.040171 -0.008130 0.089049 -0.212473 0.067933 -0.137809 0.014708 -0.220953 -0.097356 0.000361 -0.066604 0.131106 -0.110582 0.181426 0.129994 0.161177 -0.004320 -0.171817 -0.034785 -0.057771 0.322937 -0.082275 -0.053454 -0.012810 0.022531 -0.016423 0.014213 0.044988 0.039244 0.099901 -0.053847 0.051710 0.123708 -0.033679 -0.014597 0.040245 0.178489 -0.018428 0.253790 -0.112114
-0.222939 0.042152 -0.014047 0.142482 -0.253511 0.093999 -0.033556 -0.145881 0.079157 0.003922 0.142688 0.060798 0.085191 0.094427 0.021622 -0.299404 0.015249 -0.078290 0.022822 -0.077412 0.133117 0.009149 0.239819 0.035239 -0.140035 -0.279132 -0.002616 0.065201 0.138348 -0.112026 -0.026901 -0.283943 -0.106791 0.070011 -0.093163 0.038924 0.000435 -0.007032 -0.004817 -0.024920 -0.256154 0.181531 0.030923 -0.000097 -0.023307 0.009395 -0.160396
-0.161304 0.100209 0.012136 -0.139931 -0.001237 -0.175423 -0.307135 -0.024820 -0.069400 -0.020818 -0.144635 0.139558 -0.051318 0.287804 0.160295 0.146726 -0.207756 -0.016286 0.077210 -0.141034 0.121361 0.067251 -0.140815 -0.037738 -0.118266 0.022888 -0.004603 0.056674 -0.099795 0.002574 0.107337 0.182447 0.015805 -0.105045 -0.050647 0.080549 0.112550 -0.019233 -0.098538 -0.072819 0.004247 -0.108685 0.138127 -0.058428 0.063001 0.088960 -0.040290
-0.019246 0.045965 -0.054936 -0.129554 -0.139877 -0.058160 0.102283 0.019193 -0.226189 -0.172979 0.129842 -0.004090 -0.118518 0.095631 0.177470 -0.089236 -0.198213 0.123565 0.155166 0.113630 0.025476 0.074473 0.165300 -0.111112 0.021790 0.008116 -0.046468 0.004166 -0.025856 0.108585 -0.134106 -0.058197 0.066779 -0.201290 0.030162 0.050534 0.108589 -0.030137 -0.024423 0.063342 -0.004070 -0.041021 -0.143550 -0.172382 -0.257193 -0.039529 0.149083
0.088238 0.156241 0.002509 -0.063256 0.014125 0.197120 0.057175 0.281042 -0.143815 -0.200050 0.154474 -0.242372 0.043742 -0.084738 -0.019177 -0.064479 -0.108605 -0.271512 0.055053 -0.275068 -0.592822 0.058194 -0.300622 -0.096141 0.106510 -0.286084 -0.068860 0.038975 0.110015 -0.206285 -0.054502 -0.106095 -0.652133 -0.126884 -0.215844 -0.007773 -0.360509 -0.219041 -0.429239 -0.189506 -0.078578 -0.219850 -0.030705 0.158119 -0.225493 -0.229001 -0.001534
-0.233940 0.034762 -0.092015 0.007312 0.175069 -0.029670 -0.056100 0.106790 -0.054993 0.047333 0.154216 0.012820 -0.070979 0.072369 -0.009120 0.026293 -0.031151 0.089436 0.037146 -0.062763 0.187524 0.018236 -0.044482 0.108287 -0.146674 0.198100 -0.216196 0.083964 -0.098553 0.168874 0.076711 -0.210632 -0.017504 0.169833 -0.006474 -0.042455 -0.155297 -0.227871 -0.091987 0.055252 -0.097293 -0.041397 -0.038082 0.303139 -0.197311 0.289446 0.194589
-0.233577 0.103496 -0.031686 -0.147656 0.205936 0.017650 0.036500 0.055933 0.039940 0.089113 -0.104713 -0.099234 -0.139020 -0.376887 -0.287467 0.123832 0.092907 -0.221079 0.173193 0.210985 -0.542672 0.121074 -0.045035 -0.137884 -0.180543 -0.008101 0.088267 -0.174831 0.018398 0.126165 -0.152914 0.297084 -0.153233 -0.298662 0.161815 -0.234301 -0.213550 -0.112978 -0.259776 -0.136176 0.066760 0.034563 -0.084799 -0.054033 0.109513 0.137326 0.001972
-0.181502 0.154222 -0.290462 -0.081534 -0.049405 -0.167855 -0.160174 -0.067060 0.065031 -0.036979 -0.088794 0.076950 -0.165436 0.215364 -0.025868 0.094448 -0.278412 -0.186218 0.116042 -0.013835 0.054284 0.121080 -0.237699 -0.406577 -0.275444 0.159431 -0.189644 -0.224165 -0.206207 0.109665 -0.362686 -0.037908 -0.239172 0.136774 0.006534 0.001114 -0.370645 0.024051 -0.133205 0.196844 0.163312 -0.197318 0.020611 0.064103 -0.036581 -0.016098 0.249943
-0.072096 -0.115639 0.044438 -0.014025 -0.248171 -0.155810 -0.231116 -0.038426 0.045001 -0.267540 0.070314 0.159448 0.186447 -0.070179 -0.071670 -0.180746 -0.099670 -0.043293 -0.096197 0.016611 0.112469 -0.025257 -0.204647 -0.017073 -0.133276 -0.056753 -0.312160 0.065809 0.033638 -0.054702 0.197154 0.273625 0.161094 0.169968 0.016888 0.140458 0.143124 0.038158 -0.001962 -0.129672 -0.245588 0.113180 0.103145 0.169135 -0.031616 0.071626 -0.076503
-0.020686 0.202969 0.072618 0.068355 -0.010035 -0.118007 -0.022421 0.142188 0.087923 -0.090805 -0.099732 0.311062 -0.097007 0.083366 -0.044509 -0.180216 -0.179321 -0.065913 0.224299 0.062272 -0.143658 -0.190499 0.287688 0.022529 -0.070991 -0.014912 -0.483469 0.079095 0.134298 -0.291720 -0.074121 -0.044589 -0.052785 0.007416 -0.238179 0.055428 0.011898 -0.226576 -0.027556 -0.047801 -0.008914 0.143485 -0.150318 0.142662 -0.266723 -0.163804 0.113395
0.070072 0.029918 0.073322 0.099123 -0.226721 -0.000193 -0.102821 -0.148404 0.181842 -0.186833 0.051517 0.050542 0.198649 0.014028 0.089777 -0.081056 -0.061833 -0.165490 0.004029 -0.219665 -0.024567 0.041598 -0.075568 -0.034656 0.072539 0.034481 -0.326635 -0.015380 -0.254564 0.029877 -0.062120 -0.218393 -0.199307 0.106120 0.137836 0.010332 -0.028315 0.008479 0.110590 -0.163850 -0.016381 0.052594 -0.162917 -0.125178 0.126339 -0.118251 -0.052214
-0.041644 -0.033175 -0.135028 -0.313897 0.075626 -0.072662 -0.021379 -0.409947 0.163628 -0.094886 0.061807 0.114332 -0.120129 0.133645 0.105525 0.052633 0.055261 0.076825 0.042074 -0.059847 -0.010841 0.265283 0.025080 -0.052802 0.021956 0.044043 -0.194410 0.187569 0.018708 -0.237456 -0.031801 0.077259 -0.039404 0.050973 0.066987 -0.002420 -0.181858 0.088910 -0.352616 0.213977 0.074752 -0.099150 0.195504 0.080776 -0.181990 0.023944 -0.084371
-0.016955 0.178744 -0.023922 -0.086825 -0.273212 -0.128067 -0.023930 -0.212349 0.024387 -0.127739 0.062949 0.213181 -0.014520 -0.002602 0.103604 0.119820 -0.057509 -0.161147 -0.142204 -0.076240 0.261641 -0.049401 0.095943 -0.062984 -0.099992 0.103865 -0.044069 0.118133 -0.005680 0.071429 -0.149133 0.039714 -0.032528 -0.118424 -0.102397 -0.071930 -0.035677 0.083537 0.195536 0.025932 0.004441 -0.221384 0.063188 -0.072200 -0.050859 0.086520 0.182979
-0.017523 0.066177 -0.008110 0.045767 -0.127810 -0.087292 -0.187797 -0.002180 0.066986 -0.098896 0.080104 0.081125 0.078418 0.108328 -0.007340 0.011808 -0.140483 0.056185 0.022015 -0.004254 0.123303 0.048705 0.103880 0.228643 -0.124352 0.030073 -0.104437 0.014745 -0.030029 0.047650 0.042364 -0.069922 -0.097232 0.112388 -0.015757 0.046819 0.005353 0.044771 0.115461 -0.143611 0.019517 0.055900 -0.015942 -0.001973 0.018233 0.045119 0.009923
0.039506 0.040900 -0.075148 -0.193857 -0.013792 0.070739 0.027716 -0.284581 0.067275 -0.159534 0.034349 -0.039615 -0.126028 -0.047670 0.113940 -0.017737 -0.041471 0.089886 -0.074090 -0.077282 0.051762 -0.038993 0.230900 0.089912 0.019693 0.144055 -0.003613 0.120274 0.068387 -0.020477 0.112634 -0.051706 0.054716 0.068223 0.063937 -0.090803 -0.018629 0.002693 -0.131693 0.020231 -0.003288 -0.121954 -0.084998 0.080536 -0.316852 0.047063 -0.114646
0.072430 0.059105 0.057955 -0.092076 -0.174343 -0.050223 0.153064 0.007288 -0.081484 -0.147576 0.026182 0.118826 0.053297 0.045605 0.058129 0.033478 -0.039875 0.083246 0.016352 -0.020637 0.003048 0.097017 -0.334871 -0.023397 -0.029104 -0.039000 0.046313 -0.235533 -0.110107 -0.007575 0.020595 -0.003374 0.031134 0.044070 -0.073484 0.012976 0.074149 0.037950 0.090125 0.053221 -0.122503 -0.115027 -0.055088 -0.273443 -0.190679 0.055192 -0.024246
0.056293 0.017398 0.050684 0.078532 0.032850 0.041068 -0.017945 -0.101698 0.081158 -0.045359 0.112556 -0.029871 0.023835 -0.099662 0.012514 0.038958 0.007698 -0.029395 0.030890 -0.084583 -0.058590 0.011433 0.163756 -0.292873 0.024238 -0.109800 0.075093 -0.030742 -0.074991 -0.054094 -0.059041 -0.006896 -0.097329 -0.330906 -0.129978 -0.175266 -0.123332 -0.011987 0.030501 0.064648 0.037489 0.105987 -0.001647 -0.131431 0.064844 -0.022705 -0.069731
0.013569 0.006818 -0.059785 0.058782 -0.072063 -0.020040 -0.033307 -0.156932 -0.079392 -0.085064 0.055707 0.015951 -0.084305 0.023948 0.160249 0.111871 0.014855 0.040246 0.016625 0.070466 0.161888 0.025795 -0.013643 0.099743 0.064479 -0.038442 -0.147988 0.058265 -0.006661 0.002060 -0.047401 -0.085235 0.063735 0.101738 -0.008549 -0.122929 0.051371 0.102478 0.111545 -0.009482 -0.004224 0.031385 -0.029141 0.027434 -0.059133 0.116613 0.007338
0.098406 0.167838 -0.082210 0.003811 -0.346151 0.213617 0.211568 -0.111223 0.274531 -0.344967 -0.527530 -0.219367 -0.149915 -0.161603 -0.115597 -0.212105 0.009143 -0.271033 0.127781 0.180516 -0.115211 0.124229 -0.618149 -0.093347 0.014580 -0.109917 -0.351130 -0.049612 0.011817 -0.093499 -0.155470 0.180783 -0.123184 -0.361430 0.022307 -0.015365 -0.312621 -0.162810 0.066947 -0.234684 -0.154510 0.085276 -0.114828 -0.331619 0.099018 0.064092 -0.170523
-0.072897 0.031437 0.125847 0.084788 -0.143449 0.055037 0.051087 -0.160849 -0.191957 -0.067680 -0.171971 -0.136266 0.011897 -0.098570 -0.017223 0.013288 -0.136235 -0.015092 -0.043012 0.081578 -0.146288 0.164730 -0.046131 -0.088025 0.010073 -0.159149 -0.368499 -0.453887 -0.112743 -0.009633 -0.261690 0.225299 0.070497 0.042217 0.115779 0.126993 -0.139015 -0.003989 -0.340564 0.101644 0.039219 0.297009 -0.035661 -0.336334 0.154272 -0.036639 0.117125
-0.027574 0.044009 -0.031534 -0.130448 0.045141 0.001935 0.075354 -0.084141 -0.118754 0.116074 -0.089965 -0.170607 -0.017750 -0.042694 0.107334 0.109562 -0.021002 0.208975 0.217766 0.118056 -0.132085 -0.045502 0.158477 -0.074397 -0.009299 0.149561 0.182172 -0.011214 0.034377 -0.225152 -0.104054 0.099783 0.122616 -0.551292 0.066883 0.058494 -0.078276 -0.031598 -0.166920 0.025016 0.044715 0.160853 -0.209125 -0.125949 0.158826 -0.070088 -0.057874
-0.100257 0.090462 0.034064 0.073503 -0.144977 0.096947 -0.191656 -0.034308 0.127636 -0.083333 0.054441 -0.066587 -0.093192 -0.066424 0.035926 -0.108979 -0.155673 -0.091646 0.099145 0.038005 0.021589 0.077193 -0.128828 0.157372 0.037420 -0.078717 0.000285 0.056964 0.087924 -0.052411 -0.221084 0.050387 -0.270777 0.227177 0.044734 -0.092634 -0.055559 0.004338 -0.160285 0.030413 -0.065335 -0.141642 -0.123853 -0.024366 -0.210016 0.000546 -0.102579
-0.124142 -0.254518 -0.070221 -0.175270 -0.360030 0.042871 0.127777 0.067695 -0.378152 0.086178 -0.307012 -0.124640 0.027704 0.029604 -0.015108 0.126183 -0.045520 -0.208157 0.359584 -0.041031 0.223239 0.191891 -0.015406 -0.079975 -0.073875 -0.354402 -0.018894 -0.284052 -0.022514 -0.064039 -0.150336 0.128414 0.099456 0.093175 0.038680 -0.050973 -0.058222 -0.030414 0.037065 -0.117852 0.103518 0.126703 -0.003107 -0.184650 -0.309721 0.107798 -0.125051
0.170802 -0.132429 -0.086845 -0.106537 -0.583246 -0.042625 -0.066861 -0.055578 -0.198069 -0.059370 -0.185501 0.010073 0.259430 0.188793 -0.025864 -0.298283 -0.066191 -0.232227 0.264950 0.055848 -0.105997 -0.087405 0.052974 0.081190 0.166077 -0.256036 -0.140465 -0.032907 0.214054 -0.221347 0.197955 0.194780 0.116155 0.129114 -0.148444 -0.091794 0.049879 -0.186661 0.022055 0.030194 -0.504999 0.015744 -0.245868 0.179532 0.051219 -0.016886 -0.211394
0.111041 -0.198715 -0.129371 0.049832 -0.138035 0.053264 0.081329 -0.265021 -0.333964 -0.088465 -0.265466 -0.061719 -0.148157 0.232891 -0.109325 -0.440391 -0.109747 -0.594870 0.036073 0.203867 -0.229620 0.115149 0.100845 -0.008251 0.074815 -0.168638 0.040238 -0.207220 0.000909 0.191030 -0.091429 -0.112942 0.133655 -0.100481 -0.062440 -0.016903 0.174906 0.107952 0.062973 -0.113353 -0.122288 -0.138474 0.048724 0.264259 0.008929 -0.207626 -0.058429
-0.071937 -0.628884 -0.247015 -0.150385 0.221467 -0.071012 0.103960 -0.482957 0.013787 0.128605 -0.131145 -0.089481 -0.084180 -0.207356 -0.028595 -0.222305 -0.035392 0.222740 0.265406 0.065671 0.188132 -0.108698 0.100754 -0.003894 -0.133895 -0.118579 0.014333 0.174976 -0.010691 0.085231 0.088825 -0.011781 0.285085 -0.014059 0.254337 -0.059963 -0.058521 0.075835 -0.068881 0.102993 -0.264994 0.138732 -0.093763 -0.030899 0.095297 -0.094549 -0.006507
-0.101974 -0.145876 0.031548 0.047055 -0.019178 0.006676 0.048775 -0.394450 -0.050395 0.009391 0.071227 -0.041611 -0.009918 0.079478 -0.032101 -0.141122 0.044935 0.041328 -0.085109 -0.010675 0.147474 -0.216293 0.137474 -0.111343 0.049326 -0.010792 0.141633 -0.048963 0.088798 0.192248 -0.123238 -0.022215 0.124014 -0.255033 -0.040777 0.001472 -0.014388 0.060217 0.099391 0.227149 -0.027521 0.150603 0.020532 0.032244 -0.053597 0.415496 -0.007531
-0.209672 0.123778 -0.035497 -0.245122 0.221708 0.123138 -0.299251 0.062162 0.112074 0.027953 -0.406661 -0.385136 0.029977 -0.077148 -0.166204 0.102673 -0.362893 -0.652186 -0.078449 0.071806 -0.148362 -0.176562 -0.098815 -0.026711 -0.133308 0.041936 0.007217 -0.274027 -0.071652 0.034508 -0.369289 0.035862 -0.300037 -0.068593 0.154031 -0.306079 -0.055580 -0.172206 -0.013833 -0.022539 0.063357 -0.054679 -0.585881 -0.106549 -0.021270 0.063144 0.040919
-0.065388 -0.153504 -0.056449 -0.130508 0.010504 -0.044327 0.047720 -0.114041 0.007738 0.059489 0.164614 0.157495 0.012211 -0.011813 -0.027837 -0.124049 0.057470 0.078534 0.042219 -0.240065 0.092896 0.051938 0.151651 0.015680 -0.075177 0.015072 -0.053355 0.054183 -0.114301 -0.142022 -0.061547 0.008311 0.096177 -0.039299 0.031273 0.163485 -0.012734 -0.074665 -0.099034 0.015643 -0.037401 0.036054 0.099066 0.017817 0.099604 -0.068103 -0.114428
-0.086528 0.178153 0.254638 -0.087481 -0.539388 -0.063245 -0.113321 -0.025378 -0.000597 -0.091608 -0.028112 -0.374145 0.023397 -0.069198 0.068137 -0.245590 -0.149840 -0.536118 0.167462 0.081557 0.003740 0.189813 -0.148033 0.051673 -0.046524 0.030690 -0.358065 -0.160572 0.019846 -0.080630 -0.214735 -0.039331 -0.346779 -0.064527 0.234226 0.033103 0.120799 -0.073667 0.086490 -0.084777 -0.163287 -0.064540 0.066924 -0.100423 -0.184082 -0.100746 -0.091804
-0.057862 -0.058769 -0.086286 0.050786 0.040538 -0.056267 -0.071568 0.003314 0.174537 -0.005810 0.094539 -0.060359 -0.035271 -0.165193 -0.025298 -0.136552 -0.076145 0.085671 0.018620 -0.112941 0.194109 -0.013701 0.179403 0.017607 0.002228 -0.066574 -0.038738 0.113495 -0.130333 -0.016907 0.013152 -0.007153 0.041026 0.058376 0.041576 -0.054574 0.061096 -0.151754 0.023993 0.053942 -0.016263 0.000953 -0.078859 0.016146 0.022881 0.058206 -0.084306
0.102452 -0.033655 -0.010820 -0.053286 -0.583289 -0.181913 -0.210031 -0.100840 -0.042957 -0.397820 -0.187285 -0.041604 0.118510 -0.258210 -0.109821 -0.281049 -0.404504 -0.195064 0.061813 0.008201 -0.325581 0.101516 0.084930 -0.121004 0.128620 -0.130617 -0.249181 -0.106627 0.084077 -0.033112 0.042820 0.112308 -0.284301 -0.203555 -0.060387 0.008876 0.046389 -0.040759 -0.418963 0.091960 -0.159171 -0.181136 -0.173846 -0.055402 -0.231339 0.204647 0.000729
-0.007283 0.021965 0.055052 0.065086 -0.430438 0.122395 0.118338 -0.192488 -0.058817 -0.174270 -0.368979 -0.152411 -0.063477 -0.042261 0.223851 -0.225449 -0.009256 -0.067149 -0.028050 0.026900 -0.013851 0.050468 0.100213 0.176524 0.039744 -0.254019 0.088332 0.078531 0.050933 0.027986 0.065634 -0.356919 -0.035963 -0.024350 -0.035418 0.045683 0.150140 -0.191716 0.207950 0.012113 -0.077199 -0.129106 0.184317 -0.109665 -0.046609 -0.046073 0.070944
-0.110019 0.013294 -0.056122 -0.322599 0.129270 -0.080497 -0.521839 0.099258 -0.269473 0.025594 -0.306000 -0.314260 0.000358 -0.053038 -0.220725 0.112464 -0.161698 -0.469313 0.123673 -0.123650 -0.509907 0.164724 0.094232 0.241072 -0.068403 0.230939 0.293323 -0.540765 0.059586 0.107489 0.239500 0.030355 0.224951 0.057309 0.032095 -0.322703 -0.163593 -0.096566 0.139122 0.014317 0.058943 -0.018428 -0.302691 -0.167387 0.071226 0.116332 -0.056928
-0.161476 0.040468 -0.176338 -0.007895 0.036741 -0.107463 0.075213 -0.002880 0.194889 -0.014696 -0.190035 -0.059723 0.115881 -0.191132 0.143719 0.019983 -0.440498 -0.002248 0.101541 -0.014964 -0.093724 0.107480 -0.638335 -0.447351 0.177940 0.108154 -0.334918 -0.189308 -0.084810 0.082107 0.121596 0.225520 -0.138062 -0.106464 0.017308 -0.126583 -0.295174 0.018994 -0.239201 0.205198 0.062663 -0.109712 -0.067087 -0.031829 0.062995 -0.107506 -0.007347
0.001936 -0.151768 0.088291 0.058407 -0.315380 0.057274 -0.109503 -0.149074 -0.096680 -0.140907 0.103939 -0.032681 0.339089 -0.259251 -0.140606 -0.061686 0.149422 -0.062355 0.044867 -0.150947 -0.197416 0.009922 0.217719 -0.211363 0.002470 -0.017634 0.006939 0.074759 0.052047 -0.078357 0.156448 0.066350 -0.142145 -0.136942 0.480669 0.165451 -0.231806 -0.099319 -0.400581 0.098199 -0.051259 -0.054962 0.232707 -0.220666 0.061528 0.093903 -0.021175
-0.032209 -0.058007 0.020058 0.117981 -0.008878 -0.029170 -0.064411 -0.021181 0.111604 -0.222585 -0.615563 -0.053168 0.264582 -0.267904 -0.129044 0.139336 0.094961 0.227895 0.234565 0.010583 -0.338788 -0.027888 -0.480159 -0.147089 -0.054912 0.459115 -0.127868 -0.365985 -0.003441 -0.157912 -0.015792 0.199067 0.306074 -0.001871 0.013313 0.222837 -0.196050 0.070794 -0.216446 -0.297667 0.130476 -0.149522 0.233458 -0.326383 -0.275291 0.069897 0.083473
-0.049740 0.071912 0.085451 0.008450 -0.113657 -0.003292 -0.087257 0.073836 0.030934 -0.040040 0.065965 -0.038111 -0.012337 -0.018214 -0.035365 -0.060132 -0.125290 0.011336 0.046097 -0.141096 -0.028471 0.010913 0.033611 0.035425 -0.006170 0.073262 -0.153097 0.029705 -0.009946 -0.126556 0.012716 -0.158375 -0.169276 0.027168 0.049460 0.008006 0.008625 -0.040823 0.013325 0.043440 -0.021997 -0.169146 -0.018926 0.025004 -0.118493 0.083095 0.061223
-0.102633 0.042858 -0.032191 -0.506846 -0.074507 -0.067939 -0.209128 -0.182130 0.221228 0.094201 0.094545 -0.035130 -0.092751 0.100584 0.089021 -0.069488 -0.106800 0.033658 0.291067 0.075597 0.009879 0.093239 -0.107450 -0.041424 -0.043589 0.077192 -0.060220 0.075941 0.036065 -0.255078 0.069874 -0.066468 0.085476 0.069666 0.114120 0.005638 0.024755 0.152332 0.015624 0.106103 0.061421 0.061564 0.032486 0.059690 0.058307 0.005585 0.012359
0.138250 0.079394 -0.080884 -0.307457 0.006792 0.097203 -0.350312 -0.220245 0.105231 -0.093107 -0.021437 0.065136 0.077838 0.034724 -0.113418 0.023171 -0.117341 0.153847 0.062028 0.003925 0.042847 0.088986 -0.034943 0.187302 0.105562 0.023183 -0.137575 -0.096389 -0.054983 -0.522296 -0.052001 0.082457 -0.285800 0.142142 -0.135910 -0.162422 -0.056301 0.101689 0.040950 0.182662 -0.099338 -0.244132 0.063055 0.148756 -0.320687 0.236140 0.097721
-0.043818 0.204149 -0.180964 0.105073 0.003592 0.023651 0.092447 0.245816 -0.060947 -0.107682 0.101392 -0.123312 0.109057 -0.157318 -0.180273 -0.023303 -0.104748 -0.255617 0.145160 0.272966 -0.374713 0.130169 -0.190567 -0.287296 -0.069150 -0.018957 -0.493596 -0.347271 0.073042 0.046874 -0.008426 0.083714 -0.005514 0.059741 0.032600 0.059110 -0.142922 0.148216 -0.323327 -0.050318 -0.052284 -0.043433 -0.055764 -0.012620 0.076242 -0.218902 0.058279
0.092481 0.215503 -0.079224 -0.000923 -0.044373 -0.308128 0.262641 -0.009284 -0.289389 -0.112227 -0.010413 -0.055952 0.001962 -0.085446 -0.081973 -0.067095 -0.156960 0.046789 0.049970 -0.028964 -0.208084 0.184073 -0.385498 -0.150603 0.050834 0.187374 -0.212831 -0.315925 0.084361 -0.146651 0.106382 0.216993 -0.022098 0.227570 -0.041281 0.062318 -0.093582 0.138722 -0.191442 -0.121371 0.154548 -0.088041 -0.147424 -0.247116 -0.068729 -0.197565 0.176312
0.070155 -0.033641 -0.285642 0.014740 0.063177 0.022046 0.035555 0.086222 -0.074650 0.137808 -0.224813 0.083999 -0.053449 -0.202853 -0.023196 0.009697 0.088928 -0.075739 0.019971 0.082663 -0.286826 0.196816 -0.021301 -0.143359 0.033807 0.061993 -0.057230 0.059008 -0.305928 -0.181024 0.056176 0.028752 -0.057605 -0.012122 -0.039565 -0.218557 0.176286 -0.056141 0.276596 0.066769 -0.034370 -0.140370 -0.181430 0.120331 -0.166504 -0.054006 -0.145454
0.088474 -0.034405 0.093185 0.002125 -0.030494 -0.042213 0.069000 -0.095934 0.072252 -0.009968 0.041266 0.064650 -0.184151 -0.112991 0.013216 -0.012437 -0.068526 -0.132951 -0.012467 0.121745 0.015775 0.136478 -0.131760 -0.107722 0.019243 -0.013373 -0.007298 -0.007255 -0.037365 0.001592 -0.158249 0.115444 0.013920 -0.000683 -0.042520 0.049699 -0.070856 0.128971 -0.097688 0.138422 0.060446 0.021921 0.004542 -0.187198 0.057007 -0.013606 -0.076743
-0.096677 0.208013 -0.061373 0.164677 0.085311 0.135225 -0.071510 0.034385 -0.051460 -0.193643 -0.133363 -0.122011 0.134070 -0.183098 -0.245422 -0.070707 0.183325 -0.253440 0.302270 0.347521 -0.304910 0.037960 -0.070389 0.047985 -0.036952 -0.126719 -0.111209 -0.147151 0.088695 0.196031 0.072680 0.191267 -0.096574 0.096449 -0.183484 -0.170724 -0.095262 -0.387445 -0.171975 -0.136292 0.069267 0.096505 -0.098953 -0.147802 0.109211 0.155193 0.102676
-0.028236 0.056096 0.013573 0.069112 -0.067304 0.029507 -0.028951 0.034426 0.058167 -0.106074 -0.046883 -0.008502 -0.024427 0.068354 0.006035 0.058939 -0.043696 -0.032902 -0.023612 0.039954 0.053902 0.027628 -0.131583 -0.034929 -0.057456 -0.022442 -0.049829 -0.010425 -0.037563 -0.012619 -0.154845 -0.027480 -0.236153 -0.077858 -0.047916 -0.017541 -0.167210 0.004581 -0.018847 0.036010 -0.037695 0.017877 -0.004592 -0.157129 0.084968 -0.098769 -0.057448
0.083581 -0.053343 -0.107358 0.080629 -0.030409 0.107813 0.028594 -0.093942 0.049365 -0.066091 -0.113971 -0.033816 -0.001831 -0.134776 -0.079834 -0.028580 0.088990 0.119800 0.105038 -0.032866 -0.079631 -0.020653 0.086372 0.012888 -0.030577 0.071598 -0.075103 -0.098748 -0.082067 -0.075075 0.048597 0.071270 0.012338 0.133307 0.068439 -0.112598 0.069964 0.016967 0.134199 -0.022786 -0.021082 -0.026081 -0.055370 0.030831 0.034394 0.006317 -0.323722
-0.039385 -0.080749 0.066608 -0.155538 -0.016853 0.143032 -0.145509 0.132384 -0.055697 -0.085941 -0.063135 0.095142 0.276422 0.138733 -0.090482 -0.095330 0.119270 -0.095964 -0.077510 -0.014699 -0.098146 0.005461 -0.024272 0.152886 0.173877 -0.065608 -0.102882 -0.053053 0.000714 -0.092910 -0.236540 -0.180238 -0.563544 0.153782 -0.128682 0.051794 -0.069126 -0.046056 0.033856 -0.140100 -0.240859 -0.017689 -0.070628 0.117126 -0.101362 0.093604 -0.130813
-0.008142 -0.062817 0.052665 -0.137531 -0.000522 0.083955 0.081287 0.016304 0.005046 -0.028567 -0.016886 0.032670 -0.015024 0.024232 0.005057 0.114761 -0.026089 -0.095766 -0.015165 0.084466 -0.302096 -0.068699 -0.090862 -0.051447 -0.024524 -0.042779 0.112132 -0.102205 -0.105412 -0.082807 -0.050941 0.080005 -0.019461 -0.071485 -0.029066 -0.083208 -0.089490 0.079629 -0.159105 0.105221 0.041299 0.128762 0.020892 -0.058995 0.167411 -0.056146 -0.006983
0.003113 0.082511 -0.063506 0.082316 0.002976 -0.001202 0.040578 -0.051572 0.027891 -0.029038 0.005260 0.103509 -0.041165 0.041929 0.050004 0.130177 -0.150637 -0.137650 0.084843 -0.030618 -0.108624 0.040698 0.024062 0.110329 -0.000622 -0.025637 -0.022055 -0.170435 -0.049107 -0.051314 -0.042443 0.077971 -0.021032 0.044634 0.063873 -0.065060 0.033997 -0.085959 0.048715 -0.048255 0.096719 0.018185 -0.112965 -0.031069 0.066231 0.029709 0.011759
0.052057 -0.068759 -0.110570 0.084309 -0.053374 0.015125 0.068211 -0.150639 0.072931 0.007914 0.071467 0.066601 0.037723 0.011322 0.028680 -0.091850 0.058221 0.012637 -0.066134 0.013958 0.114356 -0.077960 -0.096725 -0.029285 -0.015844 -0.141965 -0.063040 -0.049985 -0.089520 -0.020477 0.186585 -0.030139 0.101936 -0.020687 0.117548 0.016645 0.053730 0.043304 0.046669 -0.028414 -0.061703 0.042455 0.030041 -0.094642 0.008458 -0.211288 -0.123556
-0.015555 0.094475 0.062238 -0.019975 0.112683 0.087890 0.093848 -0.039367 0.081843 -0.143078 0.083066 -0.026007 0.174220 0.120852 -0.146338 -0.079575 -0.153212 -0.116631 -0.006550 0.033736 -0.029576 -0.009503 -0.132464 0.116121 -0.039748 0.061657 0.169256 -0.098157 0.058229 -0.016580 -0.355701 0.067215 -0.044771 -0.117202 0.143738 -0.034345 -0.263423 -0.015111 0.072128 -0.181881 -0.082917 0.022534 0.016273 -0.187664 0.074742 0.017902 0.053075
-0.091973 -0.136473 -0.086581 0.155003 0.036957 0.078817 0.014569 -0.065663 -0.085539 -0.078561 0.263238 0.105952 0.059919 0.018915 -0.051501 0.037516 0.001252 -0.167265 -0.026797 0.095651 -0.077309 -0.158471 -0.088236 0.017723 -0.025162 0.016502 0.268628 -0.085786 -0.020145 -0.135628 -0.097747 0.001423 -0.034817 -0.094207 -0.019555 -0.010878 -0.045492 -0.021382 0.078097 -0.068273 -0.028195 0.050421 0.067147 0.084403 -0.019486 0.069964 -0.006216
-0.078440 -0.024718 -0.069288 -0.026684 0.029465 -0.001944 0.059666 0.103688 -0.163844 0.002289 0.046321 -0.169267 0.028001 0.009336 0.041448 -0.112731 -0.088637 -0.102865 0.055991 0.073218 -0.096352 0.163066 -0.091990 0.033105 0.020929 0.062574 -0.095233 0.026466 -0.155042 0.022348 0.078284 0.003189 -0.022346 -0.035789 0.012366 -0.102799 0.184507 -0.149533 0.014745 -0.180731 -0.024018 -0.025173 0.061366 0.090450 0.028290 0.120985 -0.012515
0.001648 -0.012652 -0.001836 -0.093880 0.011387 -0.064891 -0.232176 -0.118936 -0.191449 -0.218794 -0.106196 -0.031334 0.018453 -0.111887 0.030631 0.180558 0.165318 -0.197196 0.120027 -0.069429 0.050310 0.105321 -0.047609 0.045628 0.114696 -0.013805 0.059660 0.018758 0.032117 0.124152 -0.217952 0.246046 -0.133341 0.082665 -0.010484 -0.050412 0.048943 0.061003 0.041333 -0.059823 -0.068828 0.140475 0.015466 0.023366 0.111951 0.087205 0.023489
-0.066470 0.274163 -0.225048 -0.099547 0.172412 0.049217 -0.210111 -0.013144 -0.174902 -0.100520 -0.110096 -0.190751 -0.100338 -0.271769 -0.339879 -0.073550 0.029970 -0.061599 0.079609 -0.109631 0.028454 0.352691 0.026722 0.052292 -0.078408 0.127364 -0.276386 -0.263288 -0.066790 -0.071303 0.116346 0.106808 -0.140937 -0.156591 0.044482 -0.149609 -0.017831 -0.005490 -0.035380 -0.138301 -0.163771 -0.203899 0.036656 0.220828 -0.025589 0.284673 -0.199301
-0.061657 0.040459 -0.190372 -0.133016 -0.023734 -0.031676 0.085905 -0.053651 -0.029688 -0.140787 -0.021022 0.019976 -0.053492 0.017739 0.014364 -0.353233 -0.089282 0.029495 -0.071075 0.255076 0.139147 -0.067274 -0.007516 -0.010616 0.050299 0.072466 0.005969 0.050316 -0.078782 0.033054 -0.023612 0.020899 -0.412770 -0.013112 0.052397 0.141688 0.012819 -0.076264 0.075047 -0.047191 -0.055945 0.095236 0.156356 -0.049323 0.150956 -0.082987 0.016821
-0.062862 -0.146168 0.036522 0.112718 -0.010505 0.024607 -0.353001 0.108381 -0.094294 -0.015190 0.176154 -0.065947 0.003068 0.076064 -0.177327 0.017085 0.063838 -0.198726 -0.201639 -0.189093 -0.121895 0.039281 -0.026561 -0.034795 -0.242799 0.182377 0.081523 0.024469 -0.011381 -0.358871 0.076642 0.154645 -0.086466 -0.002311 -0.143209 -0.166734 0.007471 0.085764 0.158180 0.087879 -0.059337 -0.019928 -0.016063 0.126756 -0.190415 0.074266 -0.175785
-0.019695 -0.095117 0.114766 -0.001888 -0.131761 -0.151733 0.073453 0.048263 -0.140401 0.083315 0.103373 -0.160103 0.049575 -0.045010 -0.209122 0.106631 -0.181100 -0.125744 -0.009134 0.110805 -0.033051 0.101945 0.209409 -0.096179 -0.027561 -0.205832 0.112421 0.257046 -0.080329 0.121211 0.172305 0.046167 0.198467 -0.059413 -0.067919 -0.172590 0.130227 -0.189483 0.031857 -0.200438 -0.103470 0.272137 0.468145 -0.295063 -0.139554 0.067761 -0.113614
0.082619 -0.082886 -0.184129 0.027266 -0.033796 -0.023552 -0.184057 -0.298915 0.118030 0.045327 0.153143 0.029923 -0.132080 0.064888 -0.000504 0.012654 -0.121041 0.037500 0.015617 0.064274 -0.023900 -0.064247 0.236448 0.034243 -0.009680 -0.014325 0.223029 0.068689 0.025488 -0.065690 0.080539 -0.034825 0.297277 -0.104294 -0.056542 -0.220845 0.111792 -0.044088 0.097976 0.017032 0.001709 0.085350 -0.059061 0.019192 -0.099758 -0.090988 -0.343090
0.020344 -0.039449 -0.133170 -0.036615 -0.055317 -0.098397 -0.067366 -0.081257 -0.028433 0.208286 0.144684 -0.044957 -0.076057 0.038251 -0.235928 0.050901 -0.294559 0.068437 -0.017557 0.095529 0.194364 -0.087658 0.211708 0.182825 0.065430 0.244396 0.097225 0.008482 0.025263 0.015548 0.086691 0.258417 0.273775 -0.009919 0.135866 -0.057936 -0.115359 -0.253466 -0.027272 -0.089069 0.003454 -0.009402 -0.171456 -0.235105 -0.046433 0.033930 -0.157251
0.044092 0.000307 0.000258 -0.042450 0.033856 -0.134408 0.060394 0.028968 0.019089 -0.116854 0.215586 -0.167281 -0.042765 0.036345 0.076631 -0.130197 -0.321416 -0.261407 -0.049997 -0.017247 -0.116183 0.195656 0.093639 -0.025149 0.078091 0.102137 -0.085704 0.026815 -0.022056 0.042212 -0.062311 0.020290 0.005463 -0.011358 0.037817 0.030569 -0.087780 -0.239494 0.055604 -0.001223 0.107097 0.038795 0.107797 -0.059805 0.008400 -0.110193 -0.009262
0.045059 -0.010954 -0.338283 -0.185626 0.038084 -0.064805 -0.228427 -0.210392 0.030497 -0.011543 0.043834 -0.052010 -0.029289 -0.035144 -0.007436 -0.163445 -0.107266 0.120933 0.027642 0.049798 0.182223 -0.290996 0.080220 0.008371 0.042492 0.044374 -0.067377 -0.172162 -0.110677 -0.068461 0.096674 0.026459 0.039837 0.062785 0.123904 -0.248899 0.124320 -0.019939 0.019466 0.030912 0.000758 0.102573 -0.307652 0.190488 -0.069466 0.107856 -0.251646
0.004049 0.099919 -0.015717 -0.011655 -0.094665 0.039165 -0.072419 0.069708 0.077321 -0.010767 0.000996 -0.098783 0.067591 -0.000156 0.137968 -0.187942 -0.015013 -0.227236 -0.177594 0.133471 0.074437 -0.094209 -0.023370 0.048606 -0.033000 -0.106342 -0.046255 0.073924 -0.213374 0.040524 -0.155230 0.131485 0.090350 -0.097711 0.190378 0.137879 -0.268099 0.182430 0.327906 -0.277929 -0.113006 -0.196913 0.197444 0.033214 0.033521 0.010944 -0.054804
-0.027742 -0.060985 0.061746 -0.174108 -0.146094 -0.068638 0.067042 0.093755 -0.168143 0.093578 0.260949 0.028287 -0.196922 0.088111 -0.099003 0.051433 0.108764 0.262687 -0.064980 -0.071502 -0.130036 -0.050580 0.046712 0.141710 0.070060 0.208452 -0.108751 -0.079803 0.104003 0.078328 -0.110733 0.003600 0.091592 -0.084305 0.051918 0.099994 -0.041709 -0.236546 -0.056925 0.112583 -0.063895 -0.172396 0.026338 -0.076089 -0.194080 0.092280 -0.049098
-0.018741 -0.068484 -0.117875 -0.124747 -0.021807 0.031420 0.142237 -0.007238 0.118383 0.078280 0.170926 0.123291 0.071500 0.081281 -0.044069 0.041656 -0.258475 0.113715 0.004077 0.273410 0.069937 -0.024062 0.065769 -0.010532 0.007975 0.022007 0.190146 -0.062441 -0.142995 -0.038026 -0.123047 0.038623 0.158113 0.033746 0.200104 -0.108395 -0.146905 -0.080744 -0.034643 -0.189657 -0.006804 0.141820 -0.087927 -0.025942 -0.075027 0.086990 -0.283927
0.164660 -0.042409 -0.285631 0.004591 -0.296212 -0.113678 -0.099358 -0.109724 -0.046146 -0.307965 0.090219 0.078191 -0.048223 -0.028092 -0.097156 -0.092205 0.198121 0.012352 -0.138995 0.063039 0.036118 -0.005794 -0.003927 0.087344 0.007495 0.025692 -0.053279 -0.020307 0.005947 -0.066435 0.105123 0.073983 0.179856 0.012777 0.225403 0.246969 -0.048668 -0.024228 0.040712 -0.059886 0.101086 0.045933 0.081006 -0.082653 0.072020 -0.018011 -0.086064
0.013736 0.041677 -0.024611 -0.213587 0.179967 -0.161769 -0.156458 -0.055904 0.032750 0.086193 0.127929 -0.139566 -0.039224 -0.004133 0.016836 0.129946 -0.043849 0.023994 -0.089565 -0.162459 0.089404 0.044083 0.032095 0.271815 0.066218 0.059518 0.088705 -0.082818 0.046925 -0.127184 -0.025476 -0.108546 0.058022 -0.009711 0.086450 -0.063620 -0.095253 -0.018691 0.304406 0.055175 -0.214019 0.012944 -0.073083 -0.154279 -0.023007 -0.213563 0.010643
-0.008218 -0.135646 -0.042490 0.009003 -0.193393 -0.120597 -0.068294 -0.005858 0.024611 -0.133752 0.103163 -0.028257 0.112330 0.046655 0.033547 -0.010131 0.323956 0.000206 0.098908 -0.040733 -0.040466 -0.089737 -0.005889 0.119723 0.079804 0.177437 0.104148 -0.117863 -0.087728 -0.097769 -0.061499 0.048536 0.279831 -0.021863 0.110849 0.075502 -0.193293 0.066691 0.196531 -0.163981 0.141686 0.084844 -0.083713 -0.248945 0.135167 -0.303860 -0.029878
0.024853 0.003923 -0.120115 -0.345345 0.050784 0.009506 -0.354326 -0.050728 0.280545 0.060518 0.115043 0.259247 0.070365 -0.018101 -0.170560 0.052355 -0.101705 0.083246 -0.128185 -0.031115 -0.004275 -0.124259 0.283800 -0.013523 0.052851 0.145468 0.044211 0.025030 -0.037919 -0.084110 0.036096 0.172269 -0.221724 -0.042607 0.137883 -0.207179 -0.041810 0.083127 0.135690 0.001293 -0.040687 0.035585 -0.173327 -0.041011 -0.131131 -0.037344 -0.092203
-0.057283 0.042624 0.003179 -0.047418 0.008718 -0.059472 0.048454 -0.216368 0.145709 -0.116176 0.037139 -0.028419 0.009048 0.031267 -0.078331 -0.215857 0.196558 0.115845 -0.109415 0.161859 0.017625 -0.194819 -0.098007 0.132783 0.013236 -0.025682 0.095025 -0.138392 -0.085143 -0.055727 -0.063860 -0.077331 0.033594 0.103883 0.143704 0.086360 -0.194682 0.233850 0.095555 -0.177192 0.135292 0.016422 -0.197231 -0.199326 0.165427 -0.274523 -0.050108
0.110633 -0.034378 -0.189380 -0.172887 -0.170312 -0.045683 0.079700 -0.073504 0.187904 -0.029403 0.011246 -0.004033 -0.130863 -0.047446 0.005282 -0.102737 0.075471 -0.133043 -0.163257 0.137972 0.025434 -0.066292 -0.263725 0.149320 0.006413 0.144496 0.013191 -0.125959 -0.008690 -0.143526 -0.079748 0.059127 0.182341 0.207247 0.126063 0.024151 -0.077701 -0.009819 0.093233 -0.165240 0.072173 0.107854 -0.022310 -0.102894 -0.035830 -0.273776 -0.162814
0.062201 -0.024144 -0.095023 -0.121568 -0.014626 0.001902 0.157491 -0.093896 0.013990 -0.029310 0.106112 0.090711 -0.158183 -0.020858 -0.115064 0.052882 -0.046655 0.179748 -0.031193 0.081102 0.002275 -0.095223 -0.300208 0.147033 -0.012443 0.132934 0.107253 0.043253 0.004132 -0.169958 -0.055531 -0.089345 -0.039993 0.057038 0.090039 0.061282 -0.012081 -0.078948 0.024936 -0.115402 0.061970 0.105897 -0.125371 -0.186295 -0.032364 -0.152703 0.079404
-0.025011 -0.023397 -0.062571 -0.076343 0.046201 0.055503 0.134851 0.081771 0.080173 -0.069976 -0.309875 -0.006985 -0.093700 0.027278 -0.089942 0.060951 0.037235 0.021430 -0.014355 0.183550 -0.079676 -0.215398 -0.312547 0.024690 0.004443 0.102912 0.084646 0.061662 -0.084866 0.072977 -0.036645 0.158018 -0.051432 0.026073 0.134289 -0.008455 -0.180618 0.126114 0.086487 -0.158041 0.068380 0.119621 -0.148012 -0.082696 -0.029076 -0.281548 -0.082713
-0.036824 -0.117257 -0.149730 0.047208 0.025420 0.058028 0.143809 0.005914 -0.016486 0.140948 -0.203693 0.099865 -0.083176 0.107953 -0.085801 -0.114614 0.101145 -0.080584 -0.111791 0.018846 0.153666 0.019985 -0.174818 0.130817 0.032999 0.168283 0.019520 -0.119976 -0.013468 -0.136996 -0.204560 0.211774 -0.296906 0.101667 0.118210 0.031877 0.002728 0.030089 0.125460 -0.107335 0.041546 -0.066103 -0.028281 -0.277549 -0.072433 -0.305493 -0.138302
0.051387 -0.056292 -0.220379 -0.015687 0.121772 0.071767 0.060463 -0.082244 0.080469 -0.047541 -0.255959 0.105382 -0.062589 0.081170 -0.104523 -0.156522 0.030477 -0.073256 -0.102845 0.141109 0.041204 -0.098694 -0.132344 0.012500 -0.091527 0.022166 -0.071330 -0.035419 0.066204 0.019124 -0.054246 0.050572 -0.017625 0.153170 0.134069 -0.030382 0.007772 0.077688 -0.041673 -0.105750 0.113538 -0.018922 -0.063331 -0.185365 0.103981 -0.497928 -0.168085
0.082854 0.032128 -0.143235 0.002798 0.040868 0.055135 0.135401 -0.125875 0.151900 -0.184295 -0.120095 0.132882 -0.053235 0.026259 0.011194 -0.211221 0.054261 0.107150 -0.196595 0.110873 -0.026768 0.000367 -0.035873 -0.031531 -0.076453 -0.175778 -0.064910 -0.128437 0.158034 -0.143406 -0.036455 0.042519 0.012085 0.208422 0.131914 -0.011099 -0.241883 0.014939 -0.001637 -0.003350 0.108603 0.098677 -0.171817 -0.284187 0.154318 -0.348923 0.008665
-0.052942 -0.163044 -0.089483 -0.125015 0.097624 -0.126486 0.000382 0.064939 0.166722 -0.064103 0.126576 0.101983 0.015869 0.104817 -0.113366 -0.064800 -0.026053 0.148078 -0.207686 -0.073335 -0.057079 0.122144 0.065360 -0.073553 0.076391 -0.057899 0.070377 -0.057852 0.142353 0.110944 0.040565 0.132669 -0.110637 -0.028096 0.215595 -0.158430 -0.282322 0.031443 0.124606 -0.009577 0.022866 0.038511 -0.220611 -0.117418 -0.052536 -0.125294 -0.017170
0.017279 -0.164216 -0.252268 -0.149092 0.010214 -0.010569 -0.115600 -0.038294 0.117106 -0.104432 0.235584 0.170833 0.001269 -0.020477 -0.058947 0.022937 0.013103 -0.045028 -0.058512 0.257884 0.018173 -0.105340 -0.043138 0.110240 0.037281 0.047365 0.139279 0.036999 0.198761 -0.062997 -0.215306 0.204416 0.160297 0.172967 0.044534 -0.235157 -0.176110 -0.012627 0.070684 -0.141294 0.095551 0.109102 0.004430 -0.174102 0.013136 0.109659 -0.157077
0.014891 -0.107650 0.064158 -0.185068 0.023683 0.069365 -0.024699 -0.020063 0.210779 -0.057224 0.029478 0.112569 -0.054414 -0.105561 -0.057278 -0.119482 0.021145 0.018291 -0.065420 0.118527 0.027806 -0.088870 -0.230195 0.216079 0.020237 -0.305530 0.307725 0.065384 -0.038808 0.000075 -0.033310 -0.138602 -0.013625 0.154854 0.100728 -0.253432 -0.451298 -0.210348 0.095542 -0.008046 0.146485 0.067102 0.091846 0.020977 0.079035 -0.084754 -0.090624
-0.143617 -0.074417 0.086373 -0.014949 0.121220 -0.089934 -0.041990 -0.117990 -0.015285 -0.072400 0.266384 0.146913 0.001485 -0.005009 -0.018122 -0.110754 0.216225 0.125350 0.006692 0.006526 0.115500 -0.137523 -0.102366 0.305899 0.032001 -0.076830 0.148211 -0.052823 0.024305 -0.267694 -0.026026 -0.134556 -0.239171 0.022994 0.081696 -0.129884 -0.070813 -0.238051 0.108424 -0.173862 0.034798 -0.079849 -0.108051 -0.120721 0.158842 0.193982 0.046164
0.055692 -0.071402 -0.191697 -0.337234 -0.019925 -0.113076 -0.320103 -0.162836 -0.003393 0.005790 0.333035 0.043336 -0.014601 0.072184 0.017345 -0.066766 0.065711 0.147489 -0.109471 -0.009825 0.059627 -0.168713 0.052122 -0.094440 -0.018159 -0.135878 0.147299 0.051606 0.004546 0.030589 0.026803 0.132029 -0.008595 -0.057473 0.069063 -0.237659 -0.137875 0.099516 0.080609 -0.035087 0.058099 0.012131 -0.029206 0.039430 0.200295 0.118327 -0.168872
-0.000373 0.069928 0.024213 0.087062 -0.201171 -0.106979 -0.104534 -0.050993 0.007547 -0.049981 0.143127 -0.066634 -0.061699 -0.078451 0.120748 -0.086331 0.108562 0.008818 0.018854 0.001986 -0.062789 -0.029819 0.081562 -0.097373 -0.000605 -0.083347 0.015520 0.174950 -0.013480 0.043014 -0.077810 -0.057261 -0.328847 0.050247 -0.037974 -0.000660 0.043947 -0.155530 0.055950 -0.100438 0.038473 0.075096 -0.010078 -0.077989 0.084041 0.048834 0.049832
-0.066092 -0.062233 0.313581 0.102329 -0.229686 -0.190195 -0.263683 -0.119407 -0.115738 0.178372 0.210205 0.227961 -0.428093 0.142545 -0.039585 0.275421 -0.120991 -0.153098 -0.218344 -0.275132 -0.241621 0.055857 0.013781 0.244266 -0.012194 0.226135 0.175480 0.239723 0.121090 0.122868 -0.217283 -0.120462 -0.273205 0.339234 -0.257917 -0.143926 -0.051404 -0.092179 -0.278202 0.104176 0.007901 0.126886 -0.131138 -0.344035 -0.021399 -0.178791 -0.076047
-0.116790 0.263448 -0.082456 -0.175932 -0.152334 0.049349 -0.121051 0.062139 0.037807 -0.268769 0.037908 0.021714 -0.026279 -0.113296 -0.098719 -0.054415 -0.072757 -0.050120 0.130940 0.216336 -0.025860 0.023182 0.078148 0.054150 -0.011205 -0.068071 0.238961 0.086109 -0.114365 -0.128541 0.098355 0.093690 0.037781 -0.032671 -0.013808 -0.003790 0.004989 -0.093532 0.122439 -0.162766 -0.256240 -0.158608 0.066381 0.058365 0.121977 0.132242 0.138468
-0.089408 0.077247 0.000252 0.263786 -0.023602 -0.347201 0.069707 0.296960 -0.002373 0.188796 0.073981 0.077985 -0.200505 0.003841 -0.196874 0.016247 0.093674 0.001221 -0.069157 0.018529 0.177653 -0.095462 0.116037 0.014578 -0.112652 -0.135155 0.204156 0.207877 -0.049226 -0.290648 0.089465 0.038598 0.065820 -0.059302 -0.134960 -0.058975 0.143255 -0.177816 0.068396 -0.187386 0.098710 0.023635 -0.051486 0.023097 0.003048 -0.075830 -0.069339
0.035091 0.038420 0.016231 -0.077679 -0.218615 0.197968 -0.033067 0.192942 0.202162 0.165276 0.003643 0.174635 0.103529 0.199185 -0.171271 0.041069 -0.013909 -0.083050 -0.068205 0.027883 -0.674393 -0.349026 -0.055380 -0.286460 0.098027 0.132988 0.220000 0.034960 -0.280643 -0.256415 -0.460091 -0.326210 -0.343404 0.069078 -0.389363 0.104422 0.222491 -0.403947 -0.151965 -0.006711 0.040115 0.021834 -0.170762 -0.226673 -0.024345 -0.117895 -0.084882
-0.048280 0.202095 0.038575 0.177882 -0.026976 -0.256672 -0.046414 0.378978 -0.042924 -0.070485 0.199735 -0.035567 0.153904 -0.133559 -0.241742 -0.013491 0.077081 -0.136964 -0.066147 -0.098996 -0.275686 0.079819 0.032503 -0.125432 -0.031214 -0.101579 0.060111 0.116249 0.054599 -0.094893 0.106895 -0.019804 -0.180830 -0.147746 -0.044570 -0.224631 0.063636 -0.201442 -0.064013 -0.011112 0.086445 -0.016346 0.071181 0.087359 0.003323 0.058379 -0.085316
-0.110341 0.190347 0.070194 -0.183381 0.035975 -0.258331 -0.089705 -0.052005 -0.019597 0.061956 0.159453 -0.050241 -0.163831 -0.074455 0.065466 -0.015660 -0.044395 0.090538 0.045543 0.081706 -0.150036 -0.043049 -0.102031 0.203144 0.107048 0.007862 -0.102719 0.133703 0.033744 -0.067224 -0.031777 0.082277 0.015703 -0.083616 0.013591 0.001432 -0.071293 -0.003258 -0.100201 -0.059837 0.173392 -0.014603 0.049734 -0.013284 -0.076633 0.007096 0.101084
0.117262 0.006728 0.180393 -0.380690 -0.054158 -0.261308 -0.089471 -0.064034 -0.298369 0.095758 0.137348 0.036260 -0.123260 0.111999 -0.350821 -0.162262 -0.094022 0.022975 -0.037189 -0.081274 -0.265562 0.043594 -0.155916 0.058809 0.016645 0.202651 -0.204819 0.022432 0.469762 -0.231357 -0.101567 -0.002078 0.002824 -0.031511 -0.013532 -0.113180 0.077802 -0.064340 0.054775 -0.058554 -0.007888 0.055808 0.006290 0.049923 0.090128 0.079585 -0.490587
-0.000981 0.170868 0.151539 -0.076898 -0.255045 -0.255724 -0.113086 0.006936 -0.189688 0.105450 0.115232 -0.001127 -0.138704 0.113880 -0.270177 0.070210 -0.047322 0.090211 0.025653 -0.192716 -0.126598 0.083618 -0.013169 0.203364 -0.013193 0.396721 -0.268176 0.040461 0.173822 -0.072390 -0.062637 0.185811 0.035964 0.144459 0.032044 -0.392551 0.068776 -0.129566 -0.103672 0.244714 0.047893 -0.001626 -0.112484 0.102574 -0.101610 0.023139 -0.198721
-0.004857 0.064379 -0.015217 0.166655 0.013255 0.056674 -0.066858 0.031370 0.006526 -0.041340 0.171697 -0.009414 -0.044437 -0.066539 0.163040 0.213267 0.009020 -0.356394 0.057798 -0.049551 -0.136581 -0.071465 -0.049668 -0.204483 0.047972 -0.075627 0.090507 0.078476 -0.044491 0.233207 -0.290388 -0.281045 -0.308307 0.117779 -0.120430 0.020288 0.039736 -0.192811 -0.077188 -0.072695 -0.043684 0.031444 -0.134739 0.054666 0.033250 0.041469 0.069907
0.065905 0.074799 0.078212 0.055551 0.139211 -0.136052 0.047002 0.209410 0.008722 -0.112946 0.188248 0.001167 -0.123334 0.092515 0.029308 -0.088981 -0.071349 0.094228 -0.007955 0.123794 -0.023254 0.000903 0.083982 0.165107 -0.089756 -0.121616 0.073071 -0.034545 -0.110225 0.054978 -0.088462 0.100851 -0.078336 -0.099996 0.006024 0.034612 0.002743 -0.112759 -0.187087 -0.136554 0.004029 -0.066576 -0.026556 -0.055616 0.000054 -0.010227 0.015500
0.079189 0.113424 0.217759 0.064281 -0.080695 -0.160178 -0.150110 -0.088505 0.121872 0.100060 0.111753 -0.185808 -0.137673 -0.061076 -0.243777 0.235374 0.047201 -0.145004 -0.048671 0.023039 0.015572 0.042417 -0.442674 0.025098 -0.107337 0.096609 0.193419 0.007555 -0.011651 -0.058790 -0.221150 0.037122 -0.216858 -0.550696 -0.616820 -0.334674 -0.109342 -0.049956 0.117055 -0.032356 0.061329 0.022726 0.040113 -0.088770 0.010700 0.032487 -0.023504
0.001639 0.169549 -0.129559 0.051953 0.156052 0.163013 -0.092143 0.066222 0.313128 -0.310154 0.022401 -0.197159 -0.017517 0.019530 -0.110478 -0.101962 -0.027375 -0.116893 -0.016217 0.260533 0.188180 0.025538 0.068344 0.020491 -0.016422 0.204136 0.090469 0.000906 -0.196227 0.217716 0.005594 -0.183381 -0.030434 -0.201321 -0.297985 -0.013789 0.075331 -0.085082 0.111948 -0.087532 0.036162 -0.269949 0.060134 0.032113 -0.305600 0.021645 0.126297
0.012608 0.146858 0.059963 0.219578 -0.414935 0.104692 -0.113327 -0.036353 -0.065598 -0.087513 0.030005 -0.192325 -0.033856 -0.134830 0.193440 0.055659 0.109300 -0.206773 0.144564 -0.174593 -0.149033 -0.103579 0.198944 -0.093168 0.073018 0.083899 0.046345 0.034450 0.034460 0.014721 -0.290270 -0.348465 -0.286420 0.166504 -0.087925 -0.037501 0.176917 -0.099507 -0.238805 -0.036848 0.113524 -0.072492 -0.406715 0.068424 -0.081391 -0.161805 0.176889
-0.070155 -0.281114 0.169696 -0.169295 -0.124546 -0.141872 -0.243254 0.117418 -0.292745 0.213683 0.187221 0.130914 -0.162560 0.011103 0.080834 0.579855 0.052814 -0.028283 -0.127907 -0.041929 -0.535551 -0.077047 -0.161411 0.208374 -0.102372 0.093529 0.125141 0.125859 0.150719 -0.212812 -0.093282 0.152651 -0.065158 -0.228707 -0.587857 -0.134563 -0.126757 -0.151152 -0.070155 0.033567 -0.145932 0.155583 0.027118 -0.139099 0.122168 0.003049 -0.525352
-0.012979 0.100484 -0.014914 0.049647 -0.159703 -0.062277 -0.027025 0.081222 0.078497 0.000802 0.171989 0.012401 -0.033477 -0.024163 0.033031 0.108440 -0.041075 0.070431 -0.067900 -0.008703 -0.088164 0.004910 -0.028900 0.179536 -0.017316 -0.042892 0.036565 0.002052 -0.064425 -0.020903 0.131818 0.017637 -0.085427 -0.048185 0.135256 -0.005016 0.028266 -0.204161 -0.070294 -0.120598 0.052838 -0.074149 -0.108010 -0.054892 0.002203 -0.076005 0.146650
-0.060167 0.066694 -0.057148 -0.066744 0.161453 -0.100758 -0.131911 -0.155577 -0.055324 0.015237 0.116098 0.091558 0.152359 0.171317 -0.290544 -0.028947 -0.001295 -0.013659 -0.045143 0.041637 -0.166200 0.042657 0.141089 0.153413 0.270408 0.038568 -0.029699 -0.001935 -0.132409 -0.127317 0.106245 -0.034593 0.053340 0.118470 0.039512 -0.106726 -0.080624 -0.165485 0.054361 -0.210772 -0.229724 0.186527 -0.351200 -0.030133 0.006544 -0.028728 -0.062054
-0.019982 -0.368634 -0.161689 -0.085610 -0.237576 -0.323933 -0.237199 -0.457278 -0.060898 -0.067456 0.239288 -0.153050 -0.077361 0.121584 -0.092725 0.383144 0.134176 -0.023173 0.178000 0.006319 -0.147808 0.133151 -0.213703 0.128189 0.054855 -0.225999 -0.008487 -0.040702 0.099577 0.138198 0.292096 0.030315 0.010714 0.015587 0.217380 0.092778 0.082797 0.142635 0.043129 0.080091 -0.262687 0.405379 -0.159087 -0.013080 -0.022929 -0.146348 0.144785
-0.041354 0.048417 0.001959 0.165001 -0.186429 0.016879 -0.098262 0.027599 -0.238582 0.005996 0.052300 0.039463 0.088041 0.081487 0.151665 -0.088467 0.151117 -0.172400 0.167878 0.003888 -0.153122 -0.066013 0.008367 0.047750 0.249518 0.030518 -0.137998 -0.186855 0.050669 -0.252979 0.194983 -0.138042 0.100972 -0.098674 -0.061701 -0.138901 0.123327 0.006923 -0.092589 -0.392470 -0.105103 0.084341 -0.039636 -0.073358 0.034819 0.030839 0.207165
0.053720 -0.182215 0.179705 0.198311 -0.164647 0.010605 0.052227 -0.069457 -0.128054 0.128650 -0.012431 -0.135995 0.022229 0.194189 0.181279 0.031103 0.027845 -0.230211 0.031734 -0.220360 -0.021480 -0.021319 -0.137949 0.042492 0.030094 0.034395 -0.204803 0.046151 -0.056510 -0.131559 -0.269136 -0.232382 -0.248756 0.105279 0.150139 -0.047868 0.109098 -0.165082 0.062290 -0.095722 -0.085599 -0.012530 0.038952 0.127796 0.001539 0.048607 0.060027
0.088706 0.160306 -0.393843 -0.506104 0.386539 0.355942 -0.194705 -0.219554 -0.263817 -0.149785 0.106949 -0.359574 -0.048476 -0.245415 0.117609 0.053678 -0.041191 0.425691 0.348705 0.356697 -0.344603 -0.048363 -0.431420 0.239107 0.067247 -0.171746 -0.075704 -0.000451 -0.006681 0.146737 0.228674 -0.188190 -0.374979 -0.158757 -0.085151 -0.262256 -0.352815 -0.270822 -0.256357 -0.056630 0.286036 -0.266184 -0.167683 -0.027621 -0.406248 0.037967 -0.000723
-0.449809 0.166199 0.168478 -0.329476 -0.264160 -0.056448 -0.021448 -0.228768 -0.328817 -0.363485 -0.357845 -0.233727 0.259029 -0.080612 -0.244542 0.100400 0.007755 -0.297612 0.073184 0.156925 -0.161220 0.233629 -0.466044 0.301567 0.058431 0.213808 -0.409342 -0.410583 0.046511 0.005836 -0.151839 -0.126972 -0.283413 -0.174529 0.171820 -0.015637 -0.196913 0.076459 -0.420586 0.046410 0.102319 -0.396241 0.319414 -0.053722 -0.505061 -0.145084 0.033424
0.051941 -0.043173 -0.077452 -0.008351 0.041564 0.061414 0.043173 -0.194747 -0.195725 -0.036007 0.059646 0.029506 0.032211 0.179966 -0.129667 -0.139430 -0.080302 -0.064978 0.031494 0.003992 -0.051302 0.011877 -0.079167 0.245102 0.034856 -0.052962 0.077166 -0.081806 -0.010647 -0.109916 0.214392 -0.137544 0.127944 0.045253 0.129629 -0.066748 0.201575 -0.014828 -0.135934 -0.300456 0.187937 -0.003610 -0.189174 0.115796 0.073329 0.070962 -0.049036
0.169280 0.055547 -0.157638 0.126190 -0.161015 -0.207421 0.036952 -0.068485 0.103980 0.028571 -0.054874 -0.187497 -0.103196 0.104234 0.044480 0.004250 0.068478 -0.184418 -0.043040 0.266801 -0.121125 0.032966 -0.064898 -0.062977 0.071522 -0.171443 0.241613 -0.308068 0.096225 -0.309350 -0.060602 -0.180105 0.014865 0.206721 0.011296 -0.030525 0.192785 -0.000487 -0.056867 -0.228630 0.030149 -0.050243 0.121164 0.012021 -0.032647 0.199316 0.047331
-0.066398 -0.001912 -0.069268 0.376561 0.149935 0.036462 -0.053972 -0.042036 0.200781 0.071885 0.159624 -0.344566 0.023685 0.085806 0.138205 -0.138388 -0.032120 0.112970 0.021068 -0.237809 -0.024577 0.113350 -0.172033 0.051280 0.268593 -0.099304 0.258650 -0.018268 0.066106 -0.028790 -0.251743 -0.317690 -0.001362 -0.087651 0.190833 -0.142444 0.164223 -0.313382 -0.126581 -0.021425 0.037242 -0.214377 -0.253084 -0.077442 -0.065500 0.056821 -0.178220
0.042694 -0.008778 0.045270 0.052505 0.127157 -0.071651 -0.527361 -0.089195 -0.019858 0.048074 0.048200 -0.088928 0.168630 0.027147 -0.194500 -0.073849 0.137211 0.051019 0.038818 0.066867 0.129858 0.011891 -0.039134 0.009097 0.143462 -0.152563 -0.019403 -0.210600 -0.073666 -0.065012 0.061754 0.072101 0.038576 0.149043 0.062275 0.052462 -0.078795 -0.281568 -0.048816 0.065054 -0.235291 0.074717 -0.157703 -0.093693 -0.093038 0.086567 0.065823
0.002951 0.084108 -0.057272 0.185682 -0.255772 -0.140920 -0.131414 0.014908 -0.043720 -0.140454 0.035689 0.021707 0.027853 0.012278 -0.097993 0.003533 -0.028885 -0.091648 0.006252 -0.005814 0.035172 -0.037467 -0.009394 0.129052 0.036694 0.035759 -0.064619 -0.139316 -0.048846 0.192338 0.014105 -0.129443 0.064389 -0.016310 0.045567 0.019854 0.041436 -0.060056 -0.040265 -0.240184 0.034613 -0.057504 0.045983 0.036404 -0.164605 0.013278 0.086566
0.097916 0.127182 0.025752 -0.208924 0.123379 -0.068605 -0.261448 -0.080949 0.086438 -0.118476 0.091051 -0.126213 -0.204509 0.061455 -0.156092 0.113729 -0.057238 0.069672 -0.069614 0.010340 -0.322366 0.055840 -0.021823 0.032996 0.044571 0.229479 -0.108511 0.092392 0.058943 0.058213 0.032716 -0.083800 -0.218088 -0.132581 0.094471 -0.317296 -0.081057 0.035140 0.274386 -0.027274 -0.146409 -0.062327 -0.185678 0.184662 -0.351058 -0.054584 0.104208
0.103118 0.043503 0.120638 -0.004958 -0.181438 -0.276412 -0.144618 -0.061341 0.043830 -0.110963 -0.068374 -0.011380 -0.139625 -0.002815 -0.039085 -0.017856 -0.010545 -0.067020 0.074601 -0.016635 -0.043680 -0.020654 0.105210 -0.062915 0.044295 0.102199 -0.160709 -0.038956 0.083778 0.268651 0.044751 -0.114909 -0.015406 -0.257841 0.132559 -0.133544 0.016372 -0.258085 0.086092 -0.029018 0.067571 -0.086221 0.002807 0.053213 0.044369 -0.066535 -0.019829
-0.057989 0.246235 -0.478961 -0.191218 -0.040165 0.168168 -0.396066 -0.346490 0.247606 0.060624 -0.202759 0.018872 0.313375 -0.146120 -0.370344 -0.057521 0.060929 0.095798 -0.088646 -0.296730 -0.339066 -0.299495 0.179873 0.097626 0.317683 -0.203138 0.038255 0.004886 0.233255 0.025789 0.138210 0.044181 0.016603 -0.014668 0.000976 0.095366 -0.095311 -0.274496 -0.089221 -0.257777 -0.155380 0.171710 -0.359450 -0.120063 -0.197309 -0.080512 0.025961
-0.002312 0.005668 0.044666 0.116206 -0.117040 -0.225669 -0.271502 -0.111290 0.114792 -0.045261 -0.093549 -0.121086 -0.067121 -0.037463 0.040844 -0.024024 0.061875 0.156265 0.102195 -0.001558 0.033599 0.030298 -0.209186 0.155170 0.024670 -0.037099 0.130317 0.034853 0.222388 0.050736 0.158354 -0.275171 -0.002988 -0.088698 0.103303 -0.031354 -0.042027 0.162475 0.116533 -0.026911 0.057637 -0.076059 -0.065328 -0.060566 -0.142840 0.266159 0.009597
0.083673 -0.012850 0.105926 0.140528 -0.185010 0.049164 -0.142336 -0.278369 -0.359573 0.077173 -0.071303 -0.173679 0.115382 0.026709 -0.093838 0.044591 0.056472 -0.085630 -0.073175 0.199042 -0.063608 -0.095321 0.007755 -0.222458 0.047423 0.187820 0.017791 -0.195420 -0.076342 -0.003774 -0.029053 0.043326 0.103141 0.056697 0.083746 -0.119002 0.072426 -0.438377 0.043687 0.082671 -0.165144 0.182590 -0.176425 0.068929 -0.093572 0.063365 0.053389
-0.089688 -0.062733 -0.010550 0.183334 0.045951 0.011763 0.001100 0.055599 -0.015246 -0.027195 0.085632 0.186949 -0.268988 -0.054273 -0.163571 -0.059654 0.080992 0.007837 -0.083079 0.096528 0.008859 -0.122784 -0.445744 0.260918 0.110395 -0.292926 -0.072216 0.070822 0.089686 0.040196 0.002132 -0.359711 -0.280469 0.070660 -0.154170 0.025543 -0.064582 -0.018181 -0.024489 -0.263991 0.101467 0.103395 0.091960 0.058836 -0.041782 0.050169 -0.182252
-0.101800 -0.050634 0.048682 0.056570 0.017160 -0.085928 -0.170276 0.339844 -0.081827 -0.002376 -0.191850 -0.092960 0.103173 -0.154330 -0.056192 -0.066358 -0.023993 -0.011085 -0.282503 -0.092845 0.195585 -0.039569 -0.133177 0.094243 0.007003 0.011957 -0.302348 -0.081209 0.053100 -0.129383 -0.133414 0.064200 -0.270964 0.048625 -0.076972 0.015755 0.024557 -0.024063 0.137537 0.151251 0.047724 -0.124515 0.019360 0.220384 -0.134053 0.180854 -0.043070
-1.293569 0.119622 0.141749 -0.046821 -0.340263 -0.218369 0.124230 -0.095623 -0.324553 0.651386 -0.558016 -0.848255 0.063747 -0.858550 -0.031639 0.100960 -0.345889 -1.082923 0.032611 -0.064711 -0.403676 0.212789 -1.216004 -1.005947 -2.089066 -0.941013 -0.936037 -0.501995 -0.120554 0.209030 -0.425874 -1.023666 -0.192843 -0.614715 0.085659 0.109848 -0.874633 -0.134198 -0.692573 -0.237968 0.177741 -0.223407 -0.178170 -0.795907 -0.175051 -0.010914 0.175417
-0.096149 0.055190 -0.052399 0.123082 0.205631 -0.070297 0.170146 0.104098 -0.052994 0.109950 -0.204379 -0.367676 0.339114 -0.575755 0.223292 -0.083020 -0.070380 -0.392144 -0.027372 0.229414 -0.135074 0.012901 0.090260 -0.025642 -0.139655 0.148096 0.184692 -0.129979 0.010743 -0.005619 -0.053889 -0.152709 0.285888 0.267323 -0.078847 0.204650 -0.262117 -0.205963 -0.309836 -0.072568 0.038817 -0.182414 -0.141981 -0.078853 -0.183932 -0.239636 0.076741
-0.402581 -0.040003 0.079558 -0.183799 0.183920 -0.081587 -0.086315 0.076556 -0.308763 0.005968 -0.428353 -0.267885 -0.128944 -0.462868 -0.080782 0.397298 -0.166777 -0.661698 -0.024252 -0.006808 -0.013408 0.251127 -0.487747 -0.781038 -0.353127 0.089082 -0.889413 -0.311162 -0.120462 0.161484 -0.536770 -0.042057 0.095171 -0.346405 0.151754 -0.028206 -0.662805 -0.214546 -0.689516 0.407644 -0.093310 -0.071465 0.051800 -1.008435 -0.122771 0.234517 0.002150
-1.357180 0.084325 -0.436454 0.292623 -0.302635 0.001862 -0.268475 -0.280966 -0.388895 -0.080067 -0.665899 -0.758722 0.129002 -1.154706 -0.202271 0.052597 -0.201292 -0.756427 0.118301 0.297466 -0.386801 0.118644 -0.839887 -0.864245 -0.957045 0.019140 -0.917698 -0.166658 0.052392 0.258710 -0.379913 -0.057343 0.174339 -0.436656 0.038280 0.094086 -0.043746 -0.037798 -0.244831 0.249224 0.131900 0.003686 0.298822 -0.490066 -0.259531 -0.011163 0.012991
0.025575 0.027316 0.003044 -0.191129 -0.041972 0.028088 0.010584 0.013102 0.045252 0.025149 0.022376 0.101825 -0.125095 0.139473 -0.121803 0.034170 -0.060819 0.165056 -0.002743 -0.078960 -0.026242 0.001185 0.029751 -0.002161 -0.023338 -0.215225 -0.122881 0.188589 -0.034244 0.003024 0.095411 -0.055600 -0.099561 -0.065217 -0.064621 -0.047673 -0.270034 0.053205 -0.093332 0.068504 -0.084805 0.101320 0.090976 -0.134483 0.021853 0.050918 -0.202572
-0.491040 0.160836 0.182473 -0.215274 -0.497314 -0.256359 -0.036002 0.368301 -0.085794 0.201360 -0.319333 -0.753313 -0.164408 -0.314249 0.039008 0.014082 -0.011154 -0.137895 0.206928 0.189779 -0.284496 0.178017 -0.556360 -0.251402 -0.406236 -0.495550 0.242751 -0.236404 -0.071981 0.019587 -0.043153 -0.310683 -0.405026 -0.305777 0.004361 0.128700 -0.127511 0.029616 -0.132193 -0.053648 0.032916 -0.110954 0.015768 -0.812987 -0.033801 -0.149114 0.064516
0.179134 -0.024542 0.218266 -0.359831 -0.036385 0.053159 -0.160547 0.172861 0.060219 0.156848 -0.199978 -0.006151 -0.068300 -0.109795 0.127694 -0.051235 0.341068 -0.513753 -0.161866 -0.251392 0.011079 0.001728 -0.182642 0.292172 0.168319 -0.151799 0.044075 -0.061572 -0.338456 0.069261 -0.096146 -0.177072 -0.246772 -0.037063 -0.265991 0.027639 -0.363266 -0.032955 -0.124569 0.046433 -0.219211 0.012604 0.274468 -0.045363 -0.144519 -0.028253 0.209894
0.069071 -0.146001 -0.395085 -0.154532 0.029264 -0.101039 -0.080442 -0.175188 0.070244 -0.035088 0.021568 0.090061 0.157570 0.086804 -0.188549 -0.071983 0.153290 0.215370 -0.286759 -0.147726 -0.044399 -0.315576 -0.166864 0.083490 0.066200 0.058234 0.086166 0.045486 -0.010153 -0.373362 0.044566 0.103103 0.251269 -0.126692 0.036624 -0.070009 0.214935 0.086817 0.134687 -0.122399 0.007958 0.033235 0.099499 0.092208 0.087861 -0.036357 -0.173974
0.030667 -0.169765 -0.165547 -0.188286 0.127185 0.004391 -0.028039 -0.195270 -0.043862 -0.072587 0.130025 0.171203 -0.038206 0.062539 -0.087458 0.008933 -0.088713 0.181892 -0.035667 -0.102443 0.105120 0.053326 0.001385 -0.007156 0.011382 0.001198 -0.029554 0.030117 -0.065487 -0.136454 -0.069551 0.004492 0.065591 -0.063464 -0.037674 -0.083634 -0.033006 0.031988 -0.007616 -0.161142 0.054925 -0.083348 -0.040841 0.199260 -0.021160 -0.060374 -0.232181
0.026144 -0.064167 -0.033455 -0.042200 -0.065574 -0.041670 0.046833 0.053603 0.094216 -0.040200 0.171127 0.126469 0.037399 0.025536 -0.066165 0.011512 0.184475 0.202018 -0.095608 0.018015 -0.005219 -0.170697 -0.091708 0.069920 -0.069444 -0.204217 -0.059286 0.009808 0.054860 -0.091676 0.039516 0.121148 0.078953 -0.014495 0.029600 -0.159932 0.148700 -0.016011 0.183940 -0.222504 0.017289 0.008804 -0.015741 0.014573 0.110000 -0.132835 -0.205448
0.037377 -0.261123 -0.111442 -0.060018 0.078414 0.005262 -0.019666 -0.148376 0.011199 -0.051420 0.124123 0.131824 -0.075203 -0.013414 0.048269 -0.041315 0.076440 0.097721 -0.151559 -0.062762 -0.037696 0.011277 0.070365 0.059613 0.053005 -0.028370 0.007363 0.030005 -0.072435 -0.187840 0.054709 0.013126 0.054630 -0.117048 0.060103 -0.033590 -0.001586 -0.039636 -0.083814 0.014864 0.006516 -0.051521 -0.023014 0.039403 0.058048 -0.107311 -0.069126
-0.295770 -0.186547 0.027096 0.024710 -0.444857 0.101946 0.289559 -0.534875 -0.019736 -0.722474 -0.002794 -0.240813 -0.079456 -0.789312 -0.483888 0.189938 -0.141530 -0.660270 -0.053230 0.060105 -0.382398 -0.254351 -0.674204 -1.282065 -1.172388 -0.134440 -1.058606 -0.294886 0.201415 0.162347 -0.448693 -0.443744 -1.252044 0.241603 -1.053198 0.056190 -0.838886 0.058436 -0.327364 -0.134810 0.196801 -0.201581 0.336476 -0.642478 0.100450 0.079048 0.280709
-0.002808 -0.056777 -0.057260 -0.130563 -0.034916 -0.063196 0.036854 0.007027 0.023827 -0.040312 0.029466 0.077962 -0.025890 -0.006959 -0.058186 -0.026763 0.066246 0.097038 -0.142675 -0.069680 -0.063972 -0.068411 0.119970 -0.024619 0.007631 0.039679 -0.041411 0.048630 -0.082114 -0.290477 0.033706 0.081962 0.056294 -0.044595 0.006274 -0.069276 0.037440 0.078408 0.020803 0.049667 -0.021104 0.032276 0.007757 -0.002045 0.103663 -0.039875 -0.176780
-0.175580 -0.019634 -0.243567 -0.039782 0.236149 -0.015496 -0.275212 0.138049 -0.012836 0.080107 -0.214877 -0.286266 0.210655 0.042836 -0.062933 -0.036792 0.028343 -0.157471 -0.082168 -0.086737 -0.097560 0.371664 -0.194195 0.161223 -0.032840 0.171727 0.201448 -0.079935 -0.095710 -0.084624 -0.139218 0.169872 0.204405 0.070543 -0.024290 0.289262 0.167201 -0.130649 -0.296744 -0.084277 0.011120 0.047155 -0.188672 0.038527 -0.035489 -0.174454 -0.126123
0.063541 -0.084878 -0.015733 0.029872 -0.359700 -0.003835 0.147103 -0.354689 0.073225 -0.190146 -0.028457 0.170035 0.056091 0.066927 0.106366 -0.254839 -0.038643 0.016193 -0.177450 0.088463 -0.140111 -0.081823 -0.366472 -0.031491 -0.015029 -0.206352 -0.077764 -0.115872 0.049387 -0.120372 -0.071242 0.153317 -0.009200 -0.011430 0.039004 -0.017383 0.027611 0.080657 -0.090468 0.025959 0.024609 0.081950 -0.144244 -0.249309 0.048221 -0.189351 0.023374
-0.018096 -0.097561 0.102835 -0.238279 -0.132571 -0.088475 0.203325 -0.280304 0.159995 -0.020573 0.102383 0.219259 0.082559 0.130433 0.057402 -0.273462 -0.051040 -0.085470 0.002669 0.014154 0.197047 0.102551 0.072716 0.094664 -0.009103 -0.071448 0.081796 0.080678 0.006047 -0.297113 0.171924 -0.154388 -0.039061 0.027898 -0.398048 0.071065 0.033173 -0.195545 -0.083768 0.104032 -0.089034 -0.019288 -0.200933 -0.171531 -0.132909 -0.007134 -0.135617
0.057215 0.011954 -0.097953 0.004376 -0.183654 -0.043659 0.072331 -0.107934 0.124934 -0.116057 0.105490 0.175359 0.100348 0.110512 0.145408 -0.105079 -0.098416 0.019088 -0.172429 0.169647 0.168154 -0.090790 -0.389152 0.057660 -0.021821 -0.132643 -0.030310 0.022855 -0.013219 -0.147668 0.027943 0.070997 -0.022744 0.011526 -0.000289 0.044150 -0.127611 0.103713 0.073018 -0.002755 0.048842 0.178240 -0.237511 -0.183439 0.019737 -0.111847 -0.016088
0.049312 -0.017828 0.018585 0.018024 -0.028447 0.003437 -0.074830 -0.201996 0.028575 -0.054689 -0.228972 0.146922 -0.023589 0.121826 0.176605 -0.200566 0.000111 -0.170387 0.022717 0.009558 -0.011239 -0.022435 -0.580169 -0.009328 0.026259 -0.193770 0.010118 -0.034899 0.057269 -0.094331 -0.015009 -0.000206 -0.029559 0.130425 0.042731 0.044360 -0.001402 -0.040202 -0.027364 0.030380 -0.141016 -0.078872 -0.298505 -0.251517 0.052873 -0.197434 0.104524
0.218111 -0.309697 -0.034246 -0.050257 -0.197453 0.244556 -0.299719 -0.193612 0.047799 -0.164097 0.175150 -0.105640 0.021022 -0.297919 -0.053952 -0.887197 0.222231 0.178080 -0.096290 0.172289 0.024132 0.270379 -0.156080 0.309717 0.024272 -0.688159 0.180447 -0.049552 -0.123896 -0.171942 0.092379 0.127646 -0.273717 -0.051012 -0.221647 -0.199571 -0.066684 0.206142 0.135532 0.129289 -0.237872 0.383415 -0.221982 0.055820 -0.289020 -0.030779 -0.329357
0.026224 -0.304380 0.081479 -0.017902 0.142174 -0.026319 -0.221872 0.144496 -0.222678 0.337231 0.038212 0.030051 0.196714 -0.032825 0.184394 -0.181951 0.037942 -0.164144 0.105962 -0.154632 0.024964 0.410866 -0.538562 0.002400 0.037240 -0.444379 -0.593690 0.117809 0.056671 0.092819 0.163126 -0.749356 0.155754 0.278300 -0.148967 0.062844 -0.198067 -0.069553 -0.045724 0.015239 -0.137861 -0.298385 -0.252846 -0.259765 0.006136 -0.322362 0.389857
0.068171 -0.014541 -0.208654 0.019110 -0.243540 0.024396 -0.126469 -0.287069 0.331598 -0.130167 -0.161594 0.029106 0.055487 0.062144 -0.269305 0.009565 -0.064333 0.402359 -0.358233 0.084419 -0.082381 -0.247829 -0.548236 -0.300610 0.027742 -0.603970 0.079007 -0.175171 0.009877 -0.098567 0.311466 0.184814 -0.055349 0.105323 0.003342 0.076737 -0.016937 0.028640 0.147643 -0.245916 -0.139550 -0.043398 0.207794 -0.172895 -0.060095 -0.135791 -0.050799
0.110093 -0.055028 -0.014078 0.430585 -0.109579 -0.118128 -0.047010 -0.445062 0.204725 -0.410264 -0.150657 0.231790 0.033962 0.404881 0.317117 -0.072388 -0.087384 -0.105820 -0.114435 -0.080241 -0.025498 0.085983 0.026154 -0.112996 0.074348 -0.384184 0.099948 0.070009 0.054360 -0.369503 0.218305 -0.092414 0.070213 0.037645 -0.059642 0.028478 0.133177 0.152509 -0.026163 0.083082 0.086069 -0.115165 0.028294 -0.262093 -0.090653 -0.231061 -0.168935
-0.066037 -0.055962 -0.190360 0.052741 0.070409 0.097468 -0.382272 0.139923 -0.540472 0.245502 -0.091967 0.009379 0.283874 0.127064 0.138599 -0.055718 -0.092586 0.012570 -0.021000 -0.038982 0.213815 0.192334 -0.197102 -0.093845 -0.114692 -0.439073 -0.045130 0.052000 0.146596 -0.286876 0.053929 -0.094392 0.074649 -0.119664 0.197585 0.110328 0.032129 -0.061966 -0.121916 -0.079236 -0.045457 -0.046338 0.213556 0.008146 0.085066 -0.817953 0.101986
0.119348 -0.014353 0.015543 0.117206 -0.331946 0.096788 0.071493 -0.265543 0.141117 -0.202333 -0.159062 0.024853 -0.017373 0.072918 0.036746 -0.090289 -0.029249 -0.074369 -0.066851 0.092385 -0.464481 -0.073214 -0.203155 -0.290426 0.106665 -0.380721 0.097863 -0.154975 0.043382 -0.179547 0.061297 0.014464 -0.281884 0.068213 -0.134242 -0.086562 -0.051955 0.170418 -0.032112 -0.044032 -0.164663 -0.044179 -0.163877 -0.483731 0.003299 -0.438119 0.134371
-0.004367 0.178727 -0.041241 0.111455 0.232812 -0.011326 -0.016325 0.046539 0.171425 0.011608 -0.479938 0.179804 -0.077440 0.057034 -0.205827 -0.024000 -0.013834 -0.511897 0.136286 0.034920 -0.461449 -0.017552 -0.185077 -0.053026 -0.033373 0.349099 0.115798 -0.417905 0.001628 0.051631 -0.097797 0.113783 -0.175566 -0.244348 0.084904 0.012514 -0.121981 0.029654 -0.063932 0.016206 -0.021712 -0.057576 -0.330620 -0.210321 -0.174722 0.235126 -0.011901
-0.035252 -0.208803 -0.002741 -0.123940 -0.120346 -0.070362 0.064808 -0.153235 -0.129098 -0.200060 0.209925 -0.084744 0.091390 0.042127 0.015770 -0.076850 0.139484 0.212074 0.061644 0.170260 0.197581 -0.070708 -0.367084 -0.028596 0.042077 -0.441956 -0.043867 0.080605 0.053368 -0.168868 0.115908 -0.139193 0.064018 0.074549 -0.158230 -0.012070 0.120004 -0.119124 -0.081509 0.031837 -0.327352 0.060855 0.116548 0.123637 0.207456 -0.157472 -0.135017
-0.097656 0.001911 -0.229782 0.165621 0.082198 0.063542 -0.045515 0.069407 0.222532 -0.016101 -0.193410 -0.118718 -0.166588 -0.053051 -0.148470 -0.158918 0.052677 -0.331585 0.040902 -0.061177 -0.279198 0.118070 0.003299 -0.375228 -0.012244 0.072968 0.230161 -0.151574 -0.039023 0.081537 -0.250010 0.046256 -0.336779 -0.090925 0.147634 0.141742 0.015356 0.084574 -0.031696 -0.006239 -0.053882 0.253870 -0.056694 -0.139355 -0.271992 -0.029142 -0.215941
0.239426 -0.578029 -0.284139 0.197352 -0.464004 0.156153 -0.060442 -0.760263 0.000147 -0.087191 -0.246230 0.042160 -0.088532 -0.171791 -0.247150 -0.372232 -0.045005 -0.289279 0.193077 0.267845 -0.393092 0.216271 -0.213838 -0.275612 0.306804 -0.696556 -0.112740 -0.258156 0.012128 -0.233341 -0.035559 0.234061 -0.218278 -0.468997 0.067901 0.360501 -0.063000 0.234201 0.043126 0.127790 -0.046842 0.127138 -0.408307 -0.359447 -0.568824 -0.205395 -0.087658
0.243624 -0.052871 -0.007942 0.039460 -0.132044 0.180903 -0.013366 -0.162235 -0.059884 -0.171098 0.048433 -0.123816 0.058727 -0.055722 -0.006079 -0.159280 0.185004 0.352355 -0.002238 0.040426 -0.138760 0.046567 -0.338438 -0.048582 0.172348 -0.480097 -0.013185 0.013706 -0.094919 -0.027307 0.211228 0.118099 0.096119 -0.046253 -0.123951 -0.089366 0.036807 -0.048986 0.132407 0.105636 -0.290674 0.076324 0.155738 0.047021 -0.142644 -0.232516 -0.085485
0.079679 -0.002543 0.007577 -0.005600 -0.099372 -0.032072 0.050190 -0.337716 0.054129 -0.124108 -0.319748 0.117014 -0.015648 0.089677 0.026126 -0.026073 0.015859 -0.179826 0.021692 -0.016531 -0.157041 -0.004282 -0.220018 -0.003197 0.089474 -0.048849 0.056783 -0.223152 0.019023 -0.298839 -0.007339 -0.030458 -0.078430 0.122225 -0.014984 -0.015350 -0.088311 0.121313 -0.018865 -0.081609 -0.134744 -0.059528 -0.464124 -0.471487 0.073217 0.148000 0.063956
-0.000692 0.077116 -0.205439 0.018478 -0.445201 -0.229739 0.005226 -0.182048 -0.199827 -0.299953 0.095617 -0.261371 0.178940 -0.409581 -0.160618 0.126523 0.188748 0.095555 -0.321404 -0.032234 0.035130 -0.037416 0.125411 0.177544 0.078374 0.135905 0.064995 0.098611 0.072847 0.105279 0.007483 -0.073663 -0.104089 0.033763 -0.074082 -0.262035 0.121591 -0.503092 0.110771 -0.056941 -0.104738 -0.126467 -0.079609 0.105689 -0.082175 0.225613 -0.146568
-0.138414 0.127643 -0.050609 -0.204994 -0.017947 -0.072687 -0.209604 -0.088196 -0.012610 0.209201 -0.076848 -0.176828 -0.238449 -0.274263 -0.190007 -0.014739 -0.139219 -0.143293 -0.255808 -0.065932 0.165060 -0.109767 -0.090475 -0.111461 -0.220438 -0.031661 0.027041 -0.143132 0.246882 -0.027196 -0.220103 -0.085608 0.201309 0.281997 0.113938 -0.087756 0.000469 0.255193 -0.040864 -0.114564 -0.103650 0.314228 -0.013645 0.040797 0.127354 -0.055809 -0.058736
0.015456 -0.821785 0.203970 -0.172186 -0.368278 -0.104984 -0.058185 -0.456965 0.172643 0.041254 -0.049072 -0.432074 0.010382 -0.257798 -0.085173 -0.111775 -0.004147 -0.054466 -0.226088 -0.048197 0.039137 -0.135633 0.046874 -0.135160 -0.033810 -0.037615 0.002086 0.184923 -0.059762 -0.008430 -0.088095 -0.034193 0.128066 0.027888 -0.011416 -0.079380 0.036184 -0.233693 -0.008292 0.122585 -0.137121 0.187824 -0.072695 -0.097649 0.094601 0.064065 0.155938
0.052053 -0.345002 -0.470036 -0.210581 0.066023 -0.006450 0.159370 -0.094186 -0.131807 0.013871 -0.142206 -0.051824 0.098923 -0.168554 -0.039599 -0.259098 0.115133 -0.125449 -0.348664 -0.391502 0.102823 0.033572 -0.026275 -0.053548 0.012026 -0.155867 0.099852 -0.000624 -0.176415 -0.280403 0.171596 0.119152 0.169374 -0.047850 0.157022 -0.283413 -0.020532 -0.037583 -0.278082 0.072812 -0.273675 0.070512 0.078778 0.094529 0.099424 -0.003918 -0.358535
0.008033 -0.369765 0.149465 -0.096471 -0.429044 -0.216433 0.004294 -0.014610 0.035669 -0.279444 -0.009736 -0.468704 0.208424 -0.298747 -0.118906 0.036256 0.096525 0.029496 -0.391639 0.068238 0.130833 -0.249017 0.213793 -0.118908 0.042986 -0.158925 -0.009889 -0.011585 0.036282 0.040515 -0.032862 -0.186429 0.122755 0.192889 -0.009735 0.031424 0.172975 -0.187895 0.049610 0.099114 0.144134 -0.066140 0.115682 -0.156676 -0.306597 0.158603 0.004423
0.033517 -0.489321 -0.247089 0.036265 -0.361896 -0.160738 0.081761 -0.151874 -0.076623 -0.075483 0.097753 -0.141892 0.227984 -0.314068 -0.082840 -0.190180 0.203021 0.165145 -0.343215 -0.231313 0.020784 -0.054564 0.047280 0.090264 0.091776 0.017230 0.099453 0.203348 -0.163565 -0.137736 0.057075 -0.024091 0.068111 -0.080764 -0.089170 -0.395729 -0.013926 -0.433891 -0.068268 0.045604 -0.159548 -0.057381 -0.176826 -0.027000 -0.027097 0.204981 -0.077513
0.017148 0.051790 -0.332185 -0.325223 -0.093829 0.359430 -0.103285 -0.044504 -0.112909 0.098079 0.170272 0.059340 -0.159361 -0.259756 -0.066152 -0.136757 0.180436 0.091472 -0.203314 -0.328699 0.062092 -0.020810 0.039104 0.265993 -0.095357 0.153345 -0.047393 -0.086057 -0.205994 -0.078316 -0.127146 -0.141787 0.131670 0.010792 0.194260 -0.204524 0.051935 -0.171738 -0.288883 -0.029990 -0.145262 0.305881 -0.082808 -0.157959 0.122510 -0.029427 0.044511
0.002086 -0.019911 0.045707 0.138583 -0.441639 -0.191944 -0.126152 0.021621 -0.159436 -0.442522 0.077684 -0.324167 -0.006917 -0.312731 -0.152655 0.105243 0.052364 -0.034476 -0.380002 0.043131 -0.080081 -0.237925 0.018279 0.002631 0.065559 0.009947 0.036436 0.072525 -0.072977 0.143965 0.021097 -0.019584 -0.145102 0.034381 0.035728 -0.049965 0.181202 -0.383577 0.149127 0.207230 -0.076529 0.033406 0.024559 0.028813 -0.293896 0.145072 0.199937
-0.070502 -0.174610 -0.394463 -0.055779 0.059256 0.040771 -0.093668 0.066087 0.000669 -0.077544 0.137680 -0.113612 -0.382958 0.049554 -0.018923 -0.070226 0.026520 0.112972 -0.071451 -0.238432 0.146484 -0.126641 -0.113423 -0.322014 -0.489356 -0.217989 -0.086569 -0.185955 0.025365 0.103748 0.055421 -0.008721 0.036676 0.045904 0.078453 0.077201 0.172902 0.107546 -0.079014 -0.139181 -0.284646 0.419844 0.052317 0.197409 0.076194 -0.111993 -0.082643
0.014113 -0.040339 -0.257829 -0.137572 -0.129489 -0.163910 0.106144 -0.268898 0.100384 0.166497 0.182162 -0.132428 -0.060728 -0.187069 0.123088 -0.311757 0.055757 -0.020680 0.147716 -0.185109 -0.048123 0.165580 0.089310 0.022830 0.046430 0.074767 0.064622 0.111666 -0.159753 -0.264469 -0.046739 -0.067026 -0.126320 -0.105537 0.128645 -0.216227 0.073154 -0.231747 0.031758 0.195249 -0.369383 0.042794 0.041792 0.219933 0.065074 0.051282 -0.401868
0.031328 0.222570 -0.019923 -0.341332 -0.012999 0.318364 -0.158259 -0.049395 0.307580 -0.005744 0.086409 -0.143153 -0.189503 -0.304026 -0.278791 -0.128366 -0.098842 0.021401 -0.342142 -0.108531 0.015366 -0.414130 0.057062 0.154123 -0.088501 -0.090605 -0.073190 -0.094475 -0.001789 -0.132531 -0.140444 0.001628 0.148232 0.226352 0.131626 -0.174160 0.084266 -0.186326 -0.247014 -0.069665 -0.103884 0.214513 0.061241 -0.145739 0.177128 -0.229211 0.063521
-0.147767 -0.144154 -0.360685 -0.299986 0.035684 0.354643 0.066302 -0.104010 0.049555 0.163534 -0.283401 -0.054564 -0.043301 -0.021446 -0.100711 -0.058384 0.058542 -0.035244 -0.099521 -0.284886 0.094965 0.050744 -0.120570 -0.274931 -0.069527 -0.105232 0.027135 -0.159608 -0.209642 -0.208528 0.105164 0.130211 0.296131 0.021355 0.144653 -0.138889 -0.118095 0.084349 -0.364121 0.014125 -0.284356 0.091269 0.090884 -0.013935 0.196718 -0.071881 -0.340205
0.097936 -0.173156 -0.578227 -0.088379 -0.078736 -0.038117 0.166380 -0.072640 -0.247774 0.007436 -0.032736 0.100967 0.157693 -0.209252 0.026132 -0.541114 0.069571 -0.041167 -0.248849 -0.414441 -0.030789 -0.045700 0.176976 0.126344 0.014863 -0.124785 0.089822 -0.046350 -0.170866 -0.200842 0.089791 0.089378 0.018415 0.042605 -0.070974 -0.438972 0.030670 -0.229354 -0.063470 0.088743 -0.275963 -0.000279 -0.039472 0.069401 0.198484 0.005248 -0.535675
-0.006338 0.247676 0.285697 -0.255959 -0.001064 -0.114679 -0.457565 -0.073115 0.215740 0.134220 0.043751 -0.232279 -0.255903 -0.300545 -0.136381 -0.122964 -0.005753 -0.137389 -0.293217 0.108035 -0.022533 -0.171057 0.089365 0.048461 -0.143195 -0.006453 0.002946 0.065024 0.162164 0.019573 -0.391759 -0.066422 0.051854 0.119834 -0.005977 -0.079208 -0.227791 -0.125434 -0.007369 -0.021413 -0.048460 0.214679 -0.037447 -0.052371 0.105825 0.082319 -0.001759
0.032266 -0.221473 -0.419174 -0.057189 0.077211 -0.047347 0.053720 0.265038 -0.454931 -0.195972 0.036004 -0.375902 -0.203458 0.083368 -0.044133 -0.150648 0.298640 0.141919 -0.130401 -0.338038 0.201269 -0.041646 -0.044483 -0.119942 -0.459612 -0.308054 0.239522 -0.340890 -0.392602 0.034536 -0.006306 0.027877 0.209597 0.058883 0.102783 -0.186539 0.168354 0.191156 -0.104459 0.054179 -0.501491 0.245885 0.044245 0.040022 -0.173110 -0.023452 -0.287035
0.023708 -0.199129 -0.201673 -0.147021 0.016223 0.086997 0.078587 0.087740 -0.016916 0.071301 -0.049543 0.063391 -0.019147 0.060509 0.058282 -0.231967 0.030882 -0.083635 -0.310584 -0.203468 0.077949 0.071211 -0.054744 -0.057887 -0.059778 -0.267440 0.082028 -0.005650 -0.197232 -0.257133 0.067719 0.127240 0.146130 -0.085948 0.181438 -0.289105 -0.097378 -0.031979 -0.117127 0.184521 -0.045857 0.023485 -0.064816 -0.019049 0.115407 0.037342 -0.363258
0.073455 0.012459 -0.194137 -0.309256 -0.034232 0.004122 0.039403 -0.263261 0.141094 -0.138684 0.058205 0.068518 -0.079490 0.106337 0.035241 -0.041368 0.095316 0.097604 0.099713 0.033747 0.134535 0.019287 0.090236 -0.072497 -0.181320 -0.096384 0.082051 0.032819 -0.036046 -0.059253 -0.017911 0.022582 0.093733 0.187536 -0.026459 -0.084367 -0.135701 0.037851 -0.122414 -0.093435 0.038437 -0.073342 0.136473 0.159210 0.133753 0.028284 -0.104892
0.132011 0.028410 0.034849 0.099775 -0.051585 0.065588 0.025567 0.022901 -0.254002 -0.173870 -0.210670 -0.170124 0.117560 -0.073471 -0.052610 -0.049051 0.004434 -0.184292 0.053173 0.034260 -0.165572 0.017319 0.137318 0.027294 0.054761 -0.117293 0.014474 -0.162644 0.022206 -0.031167 -0.025718 0.104404 -0.134419 0.202188 0.136138 -0.002640 -0.080363 0.030380 -0.077261 0.026910 0.023778 -0.062847 -0.252054 0.113893 -0.203069 0.002677 0.134082
-0.084087 -0.038056 0.088073 -0.217149 -0.268333 -0.245868 -0.078491 0.103645 0.251083 -0.013440 0.001826 -0.336069 0.179272 -0.327444 -0.214690 -0.208874 -0.053950 -0.311704 0.006059 -0.089758 0.090431 -0.010166 0.073669 0.239657 0.015173 -0.090941 -0.032441 0.135854 0.104647 -0.084949 -0.109185 0.040393 -0.178607 -0.008027 0.332713 -0.008561 0.079923 -0.028870 0.065743 -0.039593 0.056144 0.001315 0.013706 -0.060378 0.012925 0.096942 -0.078462
-0.057093 0.102818 0.036574 0.054060 -0.001365 -0.031523 -0.195528 0.069753 0.003980 -0.017433 0.015161 -0.029196 0.036562 -0.142082 -0.073975 -0.002103 -0.116647 -0.051823 0.045645 -0.114238 0.054751 0.018674 0.078233 0.069828 -0.044365 -0.010681 0.002787 0.065459 -0.085865 0.103162 0.160343 0.138321 -0.090181 -0.038417 -0.140715 -0.002926 0.104989 0.047393 -0.113303 -0.069850 0.035200 -0.044096 0.012739 0.097622 -0.014467 0.116611 0.049330
0.062017 -0.015234 0.125395 -0.373028 -0.037659 -0.099210 0.215665 -0.066193 0.046427 0.000890 0.107371 -0.022738 0.101361 0.004296 0.031917 -0.137072 -0.095184 -0.117034 -0.023034 0.186053 -0.002716 0.094759 0.053403 -0.042769 -0.021370 0.042305 0.057803 0.002187 0.029529 -0.068845 0.129178 0.035593 -0.133771 -0.005929 -0.087245 -0.080678 0.016991 -0.281826 -0.040897 -0.070068 0.086803 0.048118 0.010352 0.021700 -0.145072 -0.166465 -0.060218
0.114191 0.026895 -0.208455 0.052414 -0.084545 0.029945 0.136747 -0.183947 0.088460 -0.429010 0.016663 -0.156383 -0.048564 0.049274 -0.038092 -0.053701 0.142813 -0.032472 0.013064 0.012487 0.097942 0.029980 0.200888 0.017188 -0.042477 -0.058688 0.265994 -0.092527 -0.219759 -0.135802 -0.062129 0.121027 0.195472 0.107548 0.119062 -0.194870 -0.068498 -0.069835 -0.056127 -0.108256 0.054895 -0.132166 0.111375 0.141518 -0.013602 0.128567 -0.167637
0.014439 -0.219109 -0.057669 0.119499 0.037375 0.117252 -0.073293 -0.169509 0.028560 -0.081963 -0.080050 0.041189 0.116612 -0.064232 -0.112723 0.086965 -0.075002 -0.106903 0.044883 0.058002 -0.058614 0.106688 -0.069111 0.213392 0.085062 -0.044414 -0.161966 -0.153271 0.025568 -0.055502 -0.122375 -0.028810 -0.168754 0.027613 0.152707 -0.120120 0.137240 -0.042808 -0.062251 0.114065 -0.070993 0.148621 -0.030560 0.045211 -0.242293 -0.023004 0.131419
-0.026359 0.060150 0.021520 -0.477984 0.054672 0.183764 -0.175604 -0.249821 0.073856 -0.227359 -0.078959 -0.262085 -0.180234 -0.035791 0.011089 0.080536 0.032551 -0.205389 0.067624 -0.273571 0.079590 0.034943 0.222402 0.071020 -0.330493 -0.002735 0.220663 0.024643 -0.201940 -0.004612 0.124744 0.046375 0.010089 0.107786 -0.016321 -0.116899 -0.304769 0.251140 -0.029613 -0.072682 -0.068440 -0.029343 0.283977 0.192337 -0.376973 0.017094 -0.014141
-0.033791 0.051675 -0.348364 -0.044424 0.013842 0.137660 -0.088599 -0.172195 0.268955 -0.042729 0.088060 -0.270868 0.106121 -0.049146 0.024646 0.050511 0.271276 -0.113401 0.062012 0.077161 -0.032977 0.276563 0.145760 0.417879 0.008950 -0.014638 0.155403 -0.069384 -0.165669 -0.016280 -0.263987 -0.036018 -0.515800 -0.061593 0.213838 0.102187 -0.007418 -0.018047 -0.011545 -0.179877 0.019978 0.135736 -0.184776 -0.061315 -0.229424 -0.009972 -0.251902
-0.029098 0.058748 0.151080 0.131995 -0.036341 -0.193218 -0.013940 0.088077 0.005860 0.061900 -0.018841 -0.049102 -0.140041 -0.106899 -0.076395 -0.100358 0.067899 -0.072038 0.081192 0.091845 -0.104429 -0.008249 0.056220 0.118065 0.082381 -0.095841 0.157869 0.143397 -0.003838 -0.047979 -0.144942 0.175309 -0.056948 -0.002828 -0.183799 -0.043723 0.065020 -0.117317 0.025685 0.079640 0.001830 -0.205257 0.019625 0.020359 -0.012141 0.061591 0.110378
-0.008281 -0.011630 -0.134322 0.022952 0.079913 0.081053 -0.044201 -0.067749 -0.065226 -0.078791 0.017959 -0.044492 0.151113 -0.051439 -0.147705 -0.078591 -0.008798 -0.158256 -0.037194 -0.043113 -0.044415 0.031401 0.188185 0.205126 0.000443 -0.003933 0.003042 0.015346 0.056513 -0.090286 -0.076143 0.043479 -0.142945 -0.066606 0.127313 -0.181216 0.058908 -0.118259 -0.032051 0.177579 0.060128 -0.062707 -0.117310 -0.022172 -0.169547 0.074939 0.059767
0.001726 0.005719 0.001322 0.040684 -0.016796 0.011104 -0.158957 0.016895 0.036247 -0.070977 -0.026840 0.023269 0.015427 -0.098966 0.006377 -0.039367 -0.109632 -0.130930 -0.005834 -0.120508 -0.002338 -0.021734 0.103523 -0.010184 -0.008462 -0.035978 -0.092048 0.028373 0.027059 0.076976 -0.025679 0.096854 -0.159700 -0.020318 -0.077877 0.003758 0.023818 0.105789 0.017642 0.032086 -0.062661 -0.029988 -0.075397 0.073198 -0.088686 0.101936 0.057074
0.150833 -0.010263 -0.080074 0.207896 0.010774 0.070573 0.008453 0.034777 -0.003772 -0.053561 0.049485 0.061479 0.032250 0.094834 -0.177630 0.040662 -0.022465 -0.037633 0.025630 -0.000167 0.049166 0.016521 0.153788 0.098281 -0.128904 0.009472 0.075248 -0.020369 -0.126185 -0.001779 -0.236047 0.108295 0.007670 0.028593 -0.003726 -0.145961 0.200889 -0.047726 -0.143181 0.008717 0.004842 -0.258849 -0.003607 0.099032 -0.172899 0.047760 -0.105842
0.039997 0.055652 0.190070 -0.298948 -0.113081 0.010478 -0.126998 0.232929 -0.268186 -0.049039 0.035545 -0.062891 0.035152 -0.036662 -0.164431 -0.043306 -0.167639 -0.318689 0.039619 0.233949 -0.354898 0.068846 -0.114232 0.075800 0.062076 -0.044811 0.078922 -0.143466 -0.007589 -0.138316 0.101224 -0.035609 -0.256118 0.051682 0.121474 -0.142186 -0.097950 -0.235939 0.006811 -0.028014 -0.270664 -0.005912 -0.059188 -0.036142 -0.128664 -0.020912 0.214018
0.039275 0.052860 0.090554 -0.016044 -0.038036 0.074801 -0.021366 0.035453 0.177017 -0.095882 0.042620 -0.162543 -0.070905 -0.059007 0.183019 -0.054077 0.034705 0.027992 0.040562 0.111036 0.020657 -0.048550 0.146563 0.011341 -0.020793 0.078351 -0.006167 0.081572 -0.092155 0.009500 0.015507 -0.008496 -0.100766 -0.028113 -0.080711 0.054661 0.015124 -0.072206 -0.179568 -0.140454 0.033218 -0.019998 0.048078 -0.031873 -0.019037 0.056291 -0.124896
0.048769 0.097026 -0.127418 -0.096834 0.031489 -0.019312 -0.216192 -0.041352 -0.006127 -0.010943 0.070557 0.036427 0.028482 -0.097727 -0.106739 -0.022151 -0.172430 -0.141599 -0.007671 -0.108340 0.077421 0.009986 0.057778 0.031799 0.056059 0.048966 -0.085975 0.145083 -0.114025 0.013546 0.125033 0.124944 -0.134028 -0.032415 -0.011676 0.057665 0.110812 0.114838 -0.095169 -0.082570 -0.038901 -0.006740 -0.002843 0.071977 -0.029004 0.107164 -0.021555
-0.019478 0.046007 0.020943 -0.056854 0.089993 -0.022570 0.017132 -0.015884 -0.002833 -0.028878 0.030381 0.058396 -0.146244 -0.207340 -0.025532 -0.192524 0.097643 0.013377 -0.053964 0.110198 -0.033276 -0.029818 -0.382230 0.011169 -0.054312 -0.268284 -0.009834 -0.164730 -0.017069 0.060987 0.103358 0.046721 -0.010731 0.065724 -0.019219 -0.113329 0.201928 -0.122767 0.015877 0.151235 0.049217 0.076641 -0.005911 0.074886 -0.020147 0.020391 -0.015111
0.018318 0.084221 0.086994 0.101917 -0.247472 0.029340 -0.100639 -0.127116 -0.032147 -0.007345 -0.473996 -0.030016 0.070615 0.049651 -0.286831 -0.320864 0.084637 -0.268105 -0.069721 0.106633 -0.175062 -0.050074 0.173101 -0.107700 0.066023 0.036055 -0.203942 -0.061568 -0.024992 0.020681 0.219933 0.229694 0.141672 0.118428 0.074140 -0.000828 -0.291114 -0.282658 0.052951 0.121372 -0.119601 -0.247227 0.151745 0.066236 -0.148618 -0.016073 0.164052
-0.059190 -0.217834 0.124877 -0.481377 -0.264759 0.084995 -0.057902 -0.049696 -0.078721 0.125767 -0.200712 -0.366338 0.299343 0.052472 -0.181236 0.035555 0.123002 -0.114264 0.068777 -0.008650 0.066039 0.047773 -0.097176 -0.009915 -0.020994 0.177214 0.192811 0.142041 -0.065102 0.113900 0.020292 -0.000027 0.055051 -0.142121 0.293645 -0.137291 -0.027714 -0.023217 -0.053798 -0.145017 0.132955 -0.128217 0.018826 -0.079234 0.198910 -0.007303 0.009716
0.065286 0.050311 -0.017925 0.057684 -0.040295 -0.260833 -0.221602 0.060759 -0.092517 0.047002 0.003283 -0.154990 0.031899 -0.083650 -0.049321 0.041236 -0.288451 0.049575 0.017160 0.043394 -0.086644 0.036297 0.136002 -0.008212 -0.101504 0.095239 -0.061315 -0.015611 0.150097 0.107514 -0.028942 -0.048483 -0.102654 0.079951 -0.021997 -0.040371 0.082114 -0.343914 -0.083412 -0.071674 0.107760 -0.003081 -0.213560 0.032719 -0.064882 0.043916 -0.012239
0.025081 0.018458 0.264951 -0.014810 0.041236 -0.114967 -0.084423 -0.052482 -0.363445 0.001119 0.024930 -0.076034 0.043333 0.050894 -0.256482 0.360653 -0.021758 -0.172690 -0.014255 0.088552 0.133997 0.038249 0.004636 0.084966 -0.014372 0.056093 0.215243 0.275426 -0.214036 -0.055884 0.130662 -0.031609 -0.018247 -0.139394 0.002738 -0.145145 -0.114167 -0.246112 -0.002664 -0.088506 -0.040944 -0.217034 -0.024467 -0.153695 -0.101404 0.034529 -0.084321
-0.045472 0.115329 -0.015674 -0.312956 0.003543 -0.025538 -0.073152 -0.189689 -0.162290 0.044609 0.028643 -0.073674 0.026629 -0.221886 -0.025196 -0.396091 0.009152 -0.041674 -0.007365 0.063335 0.024393 -0.055665 -0.162324 0.073392 0.010446 -0.054462 0.136139 -0.091882 0.042791 -0.008174 0.171959 0.006006 0.098059 0.160081 -0.051050 0.003232 0.058491 -0.206582 0.094276 0.020794 -0.026487 0.041149 0.095558 0.091866 -0.080225 0.179641 -0.101073
0.072866 -0.008906 -0.057047 0.058179 -0.020849 -0.036624 -0.101785 -0.078697 0.146215 -0.005908 0.122554 0.184287 0.078031 0.145409 -0.004452 -0.031394 -0.117737 -0.278376 -0.006410 0.212243 -0.060973 -0.007018 0.112291 0.139861 -0.102192 0.079737 -0.024052 0.215164 0.032886 0.019595 -0.037988 -0.119077 0.055670 0.260465 0.037684 -0.040054 0.000003 -0.074581 -0.059604 -0.176729 0.035729 -0.222860 -0.249077 -0.041742 0.073642 0.074847 0.039749
-0.257136 0.085144 -0.111172 -0.065315 0.142715 0.207042 -0.027903 -0.249321 -0.242701 0.274893 -0.026325 -0.322897 -0.163076 -0.096988 -0.479100 -0.127616 0.023886 -0.044127 0.049588 0.075430 -0.227529 0.288407 -0.388121 0.033777 -0.143845 0.016121 0.001600 -0.080446 -0.054344 0.023482 -0.009996 0.126421 0.030129 -0.055968 0.027029 -0.160285 -0.001129 -0.076072 -0.085147 0.538305 0.077881 -0.036741 0.221912 0.034987 0.105177 -0.203879 0.216755
-0.005818 -0.038229 -0.482421 0.052452 0.012529 0.099266 -0.267928 -0.156807 -0.251341 0.022243 0.453490 0.022820 0.224490 -0.220418 0.052436 -0.165547 -0.000012 0.023374 0.029680 0.065169 -0.176419 -0.032080 -0.140741 -0.211780 0.005972 0.051807 0.026880 -0.189119 0.149822 -0.011388 0.181971 -0.386094 0.046880 0.151702 -0.051824 0.041762 0.161583 -0.287566 0.301493 -0.352870 -0.085886 0.151805 -0.019016 0.223901 0.220227 0.158284 -0.029435
-0.237691 -0.068016 0.005433 0.094202 0.002538 -0.100988 -0.095120 -0.038015 -0.008985 -0.217903 0.018577 0.144061 -0.246796 0.065144 0.096270 0.280846 -0.025855 0.094424 -0.023652 -0.149981 -0.045042 0.053248 -0.192607 -0.017298 0.125048 0.109489 0.081565 0.193955 0.193216 0.082205 -0.051305 -0.030887 0.041580 0.134311 0.148295 -0.139597 0.101169 -0.033416 -0.015164 -0.070224 -0.003507 0.146685 -0.154514 -0.089005 0.045024 -0.017451 -0.003364
-0.126504 -0.113516 -0.057125 -0.052419 -0.177569 -0.050853 -0.053539 -0.014125 0.126249 -0.356225 0.092233 0.158874 -0.009961 0.132779 -0.045581 0.237444 -0.108961 -0.180968 0.044347 -0.071235 -0.103624 0.145490 0.129897 -0.036776 0.268242 -0.168972 -0.379718 0.287450 0.015820 -0.177002 0.018144 0.026842 -0.048473 0.079434 0.224106 0.105475 -0.000244 0.067990 -0.082809 -0.013116 -0.179319 -0.289540 -0.086222 -0.060857 0.144122 0.126542 -0.005698
-0.008899 -0.024262 -0.150768 0.097977 -0.000176 -0.120059 -0.216795 0.011091 -0.029288 -0.118462 0.005533 0.014779 0.070460 -0.041366 -0.050067 0.149787 -0.228665 -0.077996 -0.002061 0.067734 -0.149424 0.017463 0.195425 -0.041020 0.039659 0.006926 -0.203841 0.063443 0.047389 0.062714 -0.245607 -0.029068 -0.045670 0.195082 -0.042762 0.105828 0.072360 -0.110051 -0.102010 -0.007984 -0.023268 -0.024603 -0.154457 0.029221 0.160243 -0.089009 0.051301
0.159997 0.063365 0.008177 -0.136155 -0.099661 -0.296419 -0.116991 0.039550 -0.112081 0.010194 -0.046851 0.023323 -0.110389 0.037801 0.069725 0.218152 -0.268151 -0.049108 0.026479 -0.035037 0.026607 0.024310 0.013080 0.139081 -0.077100 -0.080563 0.157910 0.037791 0.284332 -0.097591 0.200464 -0.026940 -0.008252 0.079452 0.031214 0.006544 0.039988 -0.202005 0.086044 0.052083 -0.149042 -0.050644 -0.040356 -0.051451 0.058898 0.163553 -0.061705
0.056481 -0.169545 0.034619 0.030174 -0.226367 -0.043882 0.134638 0.233241 -0.091958 -0.168769 -0.048147 -0.033829 0.215870 0.132731 -0.325543 0.008315 -0.203019 -0.314888 -0.202447 0.179103 -0.016219 0.227931 -0.079230 -0.114007 0.135525 -0.034219 0.190717 -0.139753 0.015767 -0.006484 0.040911 0.146638 -0.196405 0.020312 0.068466 0.019020 -0.464787 -0.067873 -0.043615 -0.080103 0.162020 -0.183162 0.040824 0.013537 -0.346629 0.131078 -0.057378
-0.022548 -0.213512 -0.179288 0.013978 -0.202895 -0.120216 -0.208681 -0.041287 -0.111832 -0.016773 0.298174 0.058394 -0.002521 -0.057273 -0.139458 0.417497 0.042399 0.064989 0.073466 -0.140405 -0.149702 0.130830 -0.088402 0.031671 0.002704 0.056493 0.035148 0.059763 0.155429 -0.109188 -0.148349 -0.322454 0.098485 0.272577 0.045112 0.018975 0.000427 0.033442 0.117863 -0.009947 -0.181980 0.185653 -0.121782 -0.018206 0.038140 -0.136811 -0.090634
-0.057193 0.010609 -0.198099 0.018515 -0.147270 -0.213801 -0.193666 -0.101304 -0.160855 0.066493 0.143762 0.053251 0.114393 -0.026079 -0.080664 0.327365 -0.058477 0.000023 0.007473 0.156717 0.018380 0.051194 0.163321 0.025632 0.127263 0.170234 0.048539 0.053186 -0.029266 -0.058497 -0.076595 -0.017263 0.023062 0.130753 -0.083775 -0.010421 -0.041647 -0.149168 0.049974 -0.166174 -0.252642 0.109571 -0.093536 -0.024727 0.136055 0.076741 -0.003609
-0.129925 -0.251696 -0.123244 0.019619 -0.229558 -0.117181 0.126256 -0.291708 0.054478 0.062268 0.133492 0.030129 -0.278651 0.058938 -0.177275 -0.493551 -0.110764 0.012995 -0.103449 -0.106886 0.323700 0.013373 0.323937 -0.013778 -0.122025 -0.065542 0.137427 -0.026555 0.094341 -0.618191 0.089505 -0.383724 0.069542 -0.240002 -0.167183 -0.127990 -0.288501 0.073075 -0.215394 -0.137656 -0.193497 0.016684 0.157372 0.011732 0.092952 -0.014207 -0.509563
-0.013861 -0.165974 -0.089232 -0.184468 0.056789 -0.496615 -0.170886 -0.080539 -0.263277 -0.157611 -0.025664 0.074731 0.235244 0.031090 -0.240044 -0.133876 0.007792 0.123698 0.037517 -0.202089 0.118574 0.180533 -0.104358 0.057525 -0.215997 0.327816 0.129547 0.278308 0.278825 -0.136906 0.164514 0.206973 -0.029727 0.010704 0.130842 -0.014636 -0.146946 -0.242110 -0.028926 -0.106715 -0.106004 -0.260954 0.018673 0.070594 0.030091 0.164610 -0.269770
-0.032610 -0.368880 -0.317642 -0.093317 0.035918 -0.063545 0.028132 -0.186059 0.029969 -0.140067 -0.315085 0.389749 0.021925 0.008692 -0.110880 -0.125547 0.106510 -0.168007 -0.138417 -0.071117 0.209756 0.138667 0.167909 0.086919 -0.079304 -0.017969 -0.104716 0.099443 0.162791 -0.188346 -0.293272 -0.141567 0.005051 -0.114832 0.076221 0.044703 -0.113187 0.051306 0.052577 -0.251085 0.011920 -0.132750 0.074060 -0.083115 0.125164 -0.214398 -0.081033
-0.013209 -0.194747 -0.130935 -0.101752 -0.097597 -0.440920 -0.195818 -0.115044 -0.329561 -0.158965 0.072201 0.057444 -0.191460 0.093970 -0.453793 0.003771 -0.246740 0.056135 -0.299358 -0.154622 -0.117562 -0.086220 0.024942 0.125083 0.089268 0.237978 0.116767 -0.017886 0.123492 -0.408705 0.083949 0.076118 0.151884 -0.047220 0.096844 -0.612282 -0.091726 -0.127144 0.028864 -0.045766 -0.163876 -0.259240 -0.268170 0.073115 -0.197717 0.019660 -0.406936
0.184097 0.020499 -0.155456 -0.135439 -0.112970 -0.082436 0.221617 -0.329277 0.103051 0.150073 -0.278272 0.224641 0.009989 -0.075936 -0.178858 0.097692 0.087526 0.155340 -0.235348 0.004341 0.322781 0.008444 0.188338 0.031801 -0.403053 -0.003441 0.073459 0.228138 0.025817 0.085028 0.128162 0.018868 -0.082491 -0.107735 0.031340 -0.022675 -0.525932 -0.056460 -0.036704 -0.240905 0.130439 -0.257129 -0.059692 -0.104586 -0.058413 -0.384951 -0.462404
0.066547 0.090202 -0.278200 -0.111219 -0.250384 0.114911 0.053669 -0.096180 0.121180 -0.022970 -0.272335 0.084305 -0.178754 0.120539 -0.380467 -0.194284 -0.102186 -0.276889 -0.186756 -0.089395 -0.064489 -0.103661 0.295377 0.071865 0.093372 0.015747 0.177124 -0.107712 -0.150347 -0.442471 -0.045362 -0.253144 0.293780 -0.249125 0.183850 -0.276302 -0.293518 0.142586 0.006220 -0.280331 -0.428263 -0.356858 0.053851 0.046393 -0.031652 -0.184938 -0.253065
-0.050316 -0.124050 0.139241 -0.123774 -0.212867 0.111478 -0.269986 -0.149525 0.217128 -0.094501 -0.074705 -0.334474 -0.009331 -0.039100 -0.459284 -0.316492 -0.153293 -0.259226 -0.283275 -0.468863 0.250269 -0.258824 0.028605 0.053459 0.007232 0.082218 0.506033 0.121440 -0.169273 0.093396 -0.010268 0.255454 0.144597 -0.170178 0.074283 0.031050 -0.079293 0.098636 0.170114 -0.033994 -0.307654 -0.099434 0.320673 -0.082176 0.127723 0.108384 -0.544952
-0.122619 -0.212946 -0.208461 -0.135609 -0.214601 0.108114 0.039636 -0.459309 0.226302 0.194956 -0.110993 0.161214 0.080457 0.019876 0.049803 -0.143916 -0.095971 -0.236741 -0.107656 0.049285 0.139798 0.028869 0.198833 0.023858 -0.108653 -0.169243 0.015035 0.293410 -0.000636 -0.246578 -0.084461 0.155391 0.005935 -0.121163 -0.087879 0.012593 -0.328736 0.074617 -0.248388 -0.233133 -0.131727 -0.180689 0.076361 -0.029226 0.227409 -0.155981 -0.292997
-0.168553 -0.313402 -0.297148 -0.312866 0.012105 -0.320580 -0.332176 -0.335311 -0.027071 0.019344 0.019064 0.096449 0.282852 -0.038791 -0.267206 -0.081861 0.291497 0.141628 -0.055191 -0.109195 0.058492 0.274540 0.100544 -0.012286 -0.237058 0.256787 -0.126733 0.002368 0.320797 0.171927 -0.025056 -0.059405 0.050824 -0.032944 0.107073 0.010668 -0.132413 -0.350397 0.159597 0.002994 0.119975 -0.228211 -0.205654 -0.211540 0.036837 -0.485466 -0.221859
-0.119549 -0.243853 -0.437969 0.052106 -0.098122 0.003270 0.181014 -0.359492 0.048012 0.039120 -0.101685 0.239952 -0.061069 -0.080349 -0.469021 -0.088743 -0.137046 -0.126756 -0.007913 -0.188574 -0.061771 0.009717 0.110720 0.118473 0.185715 0.161883 0.111714 0.173154 -0.098864 -0.363211 -0.041476 0.068769 0.181537 -0.249175 -0.046835 -0.066041 -0.086898 0.082201 -0.191933 -0.170694 -0.152770 -0.106051 -0.098366 -0.024205 0.013490 -0.199148 -0.125452
0.006644 -0.094897 0.101856 -0.014309 -0.440242 0.213524 0.009470 -0.261067 -0.301301 -0.201222 -0.145333 -0.064131 -0.153863 0.022356 -0.335416 -0.208109 -0.173287 -0.442444 -0.182720 -0.498717 0.212527 -0.106843 -0.034846 0.012801 -0.082159 0.251651 0.296285 -0.001362 -0.032883 0.050597 -0.140903 -0.009739 0.053534 0.030206 -0.118367 -0.120421 -0.084146 -0.005224 0.234546 -0.236440 -0.136025 -0.041510 0.333228 -0.006839 0.141381 0.077642 -0.514397
-0.082667 -0.119578 -0.123870 -0.111086 0.109333 -0.328219 -0.051532 0.094084 -0.138126 -0.158721 -0.029160 0.004337 -0.000765 0.101849 -0.402993 -0.027220 -0.117562 0.137106 -0.367781 -0.205086 0.013265 -0.125770 -0.077560 0.107043 0.010397 0.180356 0.154412 0.045351 0.097022 -0.164536 0.035530 0.258651 0.155057 -0.039298 0.076164 -0.226121 -0.072083 -0.345404 0.063147 0.087706 -0.158946 -0.277954 -0.258725 0.033764 -0.117515 0.173499 -0.404026
-0.027227 -0.249325 -0.192171 -0.006807 -0.298350 -0.072188 0.002800 -0.232763 -0.177040 0.027804 -0.305702 0.146884 -0.202745 0.032193 -0.639762 -0.182481 -0.291466 -0.340534 -0.135268 -0.117852 -0.173119 -0.319159 0.150040 0.199174 0.080375 0.252589 0.266631 -0.300854 -0.039226 -0.563738 0.014442 -0.021599 0.133231 -0.144626 -0.083461 -0.419410 -0.159401 0.187323 -0.051380 -0.138159 -0.112563 -0.273133 -0.104750 0.027638 -0.120117 -0.094968 -0.502455
-0.029649 0.020817 0.040579 -0.222738 -0.161897 0.009201 -0.092952 0.103948 0.097005 -0.342907 -0.228176 -0.109629 -0.121286 -0.010948 -0.145033 -0.255900 -0.035950 -0.172620 -0.180271 -0.395515 0.379560 -0.467023 -0.043341 -0.153225 -0.083712 0.300232 0.185979 0.095141 -0.096091 0.002359 0.137500 0.301185 0.110596 -0.005292 -0.116068 0.102446 -0.260789 -0.032958 -0.050779 -0.230844 -0.156502 -0.175191 0.255741 -0.049260 0.094520 0.020664 -0.223062
-0.045203 -0.159009 -0.389815 -0.543889 -0.000015 -0.550165 -0.458781 -0.209090 -0.297629 -0.094615 0.145682 0.167275 0.221122 0.004213 -0.117279 -0.017760 0.154274 0.206892 0.007874 -0.085934 0.093163 0.187272 0.054101 0.074005 -0.252237 0.320673 0.013794 0.122874 0.252829 0.205901 0.002441 0.121533 0.078870 0.058519 0.144792 -0.292323 -0.149312 -0.397716 0.138882 -0.091913 0.079357 -0.191252 -0.138846 -0.023305 -0.562657 -0.354618 -0.418871
0.008955 -0.090835 -0.066158 -0.206443 -0.075961 0.051693 -0.027275 0.069731 -0.124628 -0.190774 -0.026080 0.057767 -0.259110 0.117707 -0.402142 -0.122212 -0.211526 0.003737 -0.206614 -0.016739 0.087660 -0.488933 -0.059275 0.082627 0.117081 0.258872 0.252232 -0.094513 -0.255105 -0.326610 0.078752 0.285376 0.128159 0.071430 -0.091447 -0.363427 -0.191559 -0.159328 -0.012282 -0.110364 -0.030560 -0.255449 -0.239362 0.009766 -0.137335 -0.061634 -0.183891
-0.081899 -0.027386 -0.116898 -0.638202 -0.082782 -0.019219 -0.084595 0.116746 0.135285 0.016012 -0.052277 0.279097 0.212003 0.088402 -0.100678 0.015436 -0.104463 0.109024 -0.050684 -0.213039 -0.062391 -0.031214 0.166427 -0.124502 -0.038295 0.002861 -0.203925 0.047343 0.024539 -0.018181 0.087092 0.343776 0.260079 0.169767 0.230943 -0.482073 -0.109054 0.079825 -0.171297 0.004082 0.059933 -0.005071 0.058330 0.039010 -0.055709 0.012449 -0.185192
0.074000 0.012118 -0.170497 0.187821 0.161182 -0.057564 0.062437 0.163069 0.080135 -0.131158 0.084476 -0.176898 -0.011370 -0.002042 -0.058125 -0.399714 -0.108383 0.054111 -0.117519 0.031628 0.052985 0.083575 -0.076574 0.143579 0.057872 0.215546 0.253422 0.031756 -0.766046 -0.107250 0.126821 0.102562 -0.017602 0.145077 0.025604 0.006432 0.119546 -0.270622 -0.393406 -0.069899 -0.037826 -0.356589 -0.000664 0.115140 -0.029883 -0.318343 0.169889
-0.022114 -0.206106 -0.220344 0.104205 -0.065743 -0.175821 -0.283891 -0.169434 0.204101 0.274075 0.145430 0.059812 -0.143031 0.121488 0.213202 -0.033394 0.074996 0.017801 -0.002114 -0.076116 -0.312199 -0.079497 0.083934 -0.007803 0.028141 0.152636 0.193831 0.131911 -0.093639 0.036137 -0.091010 0.150703 0.032416 0.103198 -0.039616 -0.113996 -0.200455 -0.016456 -0.117375 0.069538 0.048271 0.091372 0.064550 -0.027561 0.184839 -0.105119 -0.131679
-0.041601 0.021995 0.009897 0.008095 0.138866 -0.181302 0.055356 -0.070038 -0.165462 -0.135665 -0.062707 -0.143147 -0.191889 0.139409 -0.055823 -0.011695 -0.141532 -0.026555 -0.161463 0.023007 0.055699 0.057605 0.118840 -0.171799 -0.114169 -0.099049 0.153555 -0.266769 -0.062849 -0.167001 0.141972 0.114523 0.132314 0.125819 0.132446 0.006209 0.070430 0.043845 -0.167923 -0.069733 -0.152378 -0.264354 -0.128520 0.112734 0.012494 -0.044526 0.335729
-0.011043 -0.101184 -0.144780 -0.092684 -0.209220 -0.245485 0.056186 -0.094444 -0.033846 0.174480 0.271588 0.105564 -0.428207 0.156986 -0.023129 -0.075770 -0.005173 0.062296 -0.218776 -0.249482 -0.145791 0.064980 -0.152696 0.083164 0.026652 0.158439 0.474684 0.220422 0.050496 -0.256848 -0.145365 -0.218238 -0.508365 0.011535 -0.155634 -0.102810 -0.053575 -0.051048 0.094599 -0.182453 0.223214 0.087318 -0.184956 -0.458788 0.147037 -0.103657 0.050672
-0.052929 -0.162569 -0.074431 0.042657 -0.282217 -0.297230 0.097312 -0.053084 -0.231169 0.072993 0.128996 0.121442 -0.122547 -0.029558 -0.036289 0.037555 0.026168 -0.140877 -0.088407 -0.043380 -0.291256 -0.106380 -0.069561 0.131684 0.091444 -0.006605 0.448554 0.292207 0.088242 -0.146813 -0.209017 -0.058611 -0.179820 0.021447 0.232901 0.049522 0.021813 -0.170654 -0.086585 0.016859 0.103457 0.078033 -0.080841 -0.187425 0.207858 -0.236033 -0.064814
0.043574 -0.046301 -0.427971 -0.353579 0.000088 -0.094352 0.095888 -0.257713 0.248466 0.103334 0.105765 0.051275 0.305922 0.172658 -0.437596 0.209295 -0.025492 0.153362 -0.138371 -0.193140 -0.024113 0.006589 -0.162636 0.011105 0.019952 0.050560 0.224782 0.056086 0.005957 -0.030044 -0.091817 0.378561 0.235046 -0.184384 -0.160039 -0.338308 0.019627 -0.009074 -0.081243 -0.187746 0.010477 -0.117347 -0.100990 0.051207 -0.022138 0.065702 -0.120680
0.077017 -0.083847 -0.053371 -0.181204 -0.125739 -0.200235 -0.093145 -0.115105 0.061817 0.126243 0.032136 0.134468 0.218100 0.054608 0.134484 0.094395 0.049032 -0.050754 -0.154442 -0.144126 -0.155687 -0.034750 0.001561 -0.074885 -0.037057 0.164584 0.329592 0.136504 0.078566 -0.081059 0.020597 0.060987 0.064121 0.129549 -0.011804 -0.150906 -0.326311 -0.182340 -0.001485 -0.177209 0.073790 0.147037 -0.016372 -0.043200 0.070944 -0.064518 -0.218829
0.086014 -0.043242 -0.148388 -0.168697 -0.131528 -0.315487 -0.036627 -0.319719 -0.017422 0.155437 0.173378 0.110215 0.174211 0.167299 -0.078338 0.002658 0.102705 -0.095426 -0.209000 -0.067167 -0.315322 0.061757 -0.106357 0.053968 -0.006260 0.222008 0.382315 0.083605 0.037943 -0.068289 0.085259 0.187833 0.158607 0.041025 -0.106825 -0.275151 -0.096124 -0.202202 0.007593 0.100655 0.129571 -0.057905 0.033852 -0.007995 0.036462 -0.258088 -0.001406
-0.197180 0.061359 -0.165766 -0.515419 0.154978 0.077559 -0.047536 0.015574 -0.088219 -0.041037 -0.140462 0.121711 -0.148435 0.008335 0.030069 0.077422 -0.103595 0.108353 -0.083708 -0.269119 0.170406 0.003911 0.200783 -0.046030 -0.165071 0.034937 -0.215864 -0.043246 -0.152062 -0.170411 0.139929 0.261511 0.194614 0.181129 0.237336 -0.341589 -0.406241 0.157434 0.107702 -0.134857 0.133008 0.048675 0.115914 0.058053 -0.091248 0.220840 -0.005015
-0.017179 0.050561 -0.335035 -0.377976 0.280493 0.215307 0.008769 -0.040218 -0.147864 -0.094990 -0.093735 0.016478 -0.089426 0.003136 -0.189837 0.062861 -0.073928 0.156864 -0.084316 -0.135349 0.260855 0.113105 0.228223 -0.085931 -0.174367 0.062449 -0.053570 -0.085759 -0.193065 -0.041178 0.139596 0.178985 0.229677 0.128010 0.215041 -0.237014 -0.114782 0.172302 0.035780 -0.273611 0.054708 -0.178842 0.101364 0.020950 -0.222822 0.129200 0.062577
-0.153294 0.011361 -0.191513 -0.161094 0.281811 0.158927 0.067748 0.001608 -0.209984 -0.275617 -0.171695 -0.178341 -0.137130 -0.018327 0.001081 -0.093168 -0.275080 0.087142 -0.066908 0.004964 0.089917 -0.032142 -0.002846 -0.070357 -0.079135 0.112546 -0.021886 -0.069650 -0.400038 -0.202104 0.152165 0.160664 0.208798 0.122528 0.162455 -0.011001 -0.163543 0.100076 -0.008210 -0.276165 -0.065516 -0.164108 0.066803 0.062547 -0.109083 0.177105 0.204517
-0.084804 0.031487 -0.029266 -0.133677 0.091734 -0.002586 0.186072 -0.030006 -0.164282 0.006480 -0.087084 -0.065298 -0.078582 -0.141388 0.012885 0.085424 -0.076866 0.150702 -0.039941 -0.009576 0.153309 -0.000234 0.120827 -0.051924 -0.047180 -0.009609 -0.080841 -0.061531 -0.124213 -0.189731 0.119731 0.082513 0.131884 0.155455 0.219510 -0.212722 -0.200058 0.091978 0.008111 -0.192403 0.070483 -0.051331 0.092505 0.058651 -0.187999 0.055495 0.045385
-0.078880 -0.322980 -0.247292 -0.150623 -0.075692 -0.182999 -0.216205 0.038571 0.112509 0.215900 0.095666 0.097330 0.351117 -0.059177 -0.191575 0.141000 0.036676 0.110243 -0.158091 -0.021267 -0.070152 -0.147581 0.112024 -0.042612 -0.004288 0.140241 0.156836 0.314922 -0.012377 -0.085738 0.183759 0.084799 0.252773 -0.156379 0.063966 -0.161136 -0.180563 -0.168943 0.105977 -0.061812 0.181700 0.152640 -0.006307 0.047346 -0.258003 -0.026008 -0.278350
0.127828 0.161130 -0.274860 -0.183675 0.379569 0.128330 0.208142 0.204298 -0.212085 -0.608350 0.012960 -0.372332 -0.223635 0.034270 -0.243255 -0.282901 -0.147872 0.156438 -0.120230 -0.076139 0.308232 0.156781 0.038122 0.207111 -0.163206 0.024600 0.186334 -0.248121 -0.926185 -0.036684 0.165781 0.118396 0.075756 0.174956 0.272496 0.051152 0.024715 0.074773 -0.056741 -0.352128 -0.075232 -0.555462 -0.009651 -0.042396 -0.575382 0.177153 0.125048
-0.080437 0.055572 -0.039577 -0.119163 0.174005 0.027459 0.182174 -0.007155 -0.178522 -0.281029 0.017614 -0.149807 -0.253250 -0.088769 -0.058668 -0.000901 -0.137189 0.096927 0.006958 -0.017985 0.149174 0.049927 0.087541 -0.091743 -0.095001 -0.150912 -0.063754 -0.302692 -0.191517 -0.204599 0.091549 0.112329 0.090676 0.160440 0.224057 -0.108588 -0.099857 0.048660 -0.022397 -0.128852 0.023315 -0.254763 0.061424 0.065813 -0.132247 0.017221 0.133636
0.029341 0.012531 -0.174011 0.031608 0.150771 -0.050716 -0.167758 0.113470 -0.072132 -0.068507 0.095805 -0.088339 0.066643 0.001239 -0.235940 -0.096762 -0.132686 0.092968 0.018518 0.119102 0.121667 -0.027874 0.033718 -0.049851 0.082237 -0.029017 0.148669 0.045331 -0.227785 -0.007815 0.096374 0.030295 -0.178004 0.088200 0.084746 0.074470 -0.022310 -0.176269 0.017510 -0.143383 -0.067113 0.025442 -0.222179 0.049961 -0.059127 -0.056201 -0.090646
0.069264 -0.316641 -0.252746 -0.081326 -0.497396 0.052487 0.106929 -0.373199 0.143708 0.160428 -0.166129 -0.028284 -0.046141 0.073035 0.061608 0.152490 0.133683 -0.216108 0.279970 -0.035032 0.373756 -0.367805 -0.344670 0.043437 -0.004053 0.029299 0.148717 0.063617 0.046821 0.039630 -0.391000 -0.448528 -0.143597 -0.113729 -0.012029 -0.181815 0.015785 -0.186540 -0.207035 -0.075105 0.140472 -0.095257 -0.137263 -0.051824 -0.049612 0.059268 -0.101729
0.092727 -0.024954 -0.335451 -0.216306 -0.002827 0.215918 0.183156 -0.047294 0.069967 0.069413 -0.390223 0.127498 -0.181242 0.058697 0.152585 -0.012804 0.074525 0.064285 -0.028985 -0.015345 0.208414 -0.059255 -0.112292 -0.190826 0.140924 0.072245 0.144360 -0.066988 -0.006131 0.043130 -0.031863 -0.019452 0.075654 0.151853 -0.107396 -0.007517 -0.132592 0.005014 -0.115961 -0.151346 -0.083039 0.120922 -0.114049 0.014745 0.176736 -0.052035 -0.174906
0.018844 0.090601 0.049582 0.008727 -0.352503 -0.136318 0.044868 0.128528 -0.112322 0.074864 -0.080639 -0.251581 -0.058577 0.009337 -0.082819 0.091481 0.040832 -0.436784 -0.043173 -0.225115 -0.199639 0.024990 -0.034039 -0.154934 0.033830 0.020770 0.124873 0.105078 0.142930 -0.223429 -0.109772 -0.141429 -0.016545 -0.247933 -0.060163 -0.007936 -0.164438 -0.106699 0.183500 0.121168 0.086907 -0.292159 -0.004482 0.065692 0.045555 0.273345 -0.071637
0.101576 -0.272776 -0.235426 -0.429133 -0.175737 0.278811 0.190492 -0.234728 0.016611 -0.196537 -0.113686 0.019679 -0.101908 0.211780 -0.006187 0.150043 0.108311 -0.523207 0.166120 0.086252 0.218121 -0.160507 -0.441501 -0.172269 0.029417 0.384495 0.037505 -0.052300 0.008553 0.177050 -0.600138 -0.220332 0.027309 -0.038026 -0.137112 -0.158324 -0.246280 -0.197126 -0.032884 -0.169467 0.166621 -0.081835 -0.083867 -0.340224 0.010527 -0.206366 0.056162
0.012644 -0.159690 -0.021969 0.010876 -0.132026 0.024324 -0.164467 0.001639 -0.137272 -0.030749 -0.192391 -0.367577 0.166908 0.103202 -0.112840 0.196579 -0.023956 -0.249363 0.117092 0.125911 0.033257 0.044729 -0.116213 -0.257176 0.051615 -0.047364 0.184258 -0.119412 0.038742 0.164068 -0.081149 -0.196345 -0.348012 -0.025626 0.134462 -0.070435 -0.163080 0.090747 -0.074711 0.001219 -0.016071 -0.206517 -0.403797 0.232009 -0.220671 0.016289 -0.164961
-0.064149 -0.033123 0.049956 -0.015762 -0.162675 -0.215235 -0.227949 0.119262 0.011264 0.021449 0.081536 0.045062 -0.066707 -0.067908 -0.141027 -0.088057 -0.098316 0.002228 0.008725 0.008605 -0.058615 -0.002876 0.230556 0.060466 0.093634 0.160380 -0.009454 0.108498 0.140817 -0.050064 0.041575 0.007235 0.033979 0.008330 -0.093211 -0.029082 -0.028192 0.009711 0.086057 0.010146 -0.038685 0.002541 -0.164197 0.056777 0.099228 -0.132456 -0.099179
0.299014 -0.032307 -0.297464 -0.044443 -0.103776 0.045071 0.233395 0.520248 -0.232496 0.171671 -0.300714 -0.041396 -0.061229 0.161894 0.225913 -0.044145 -0.147309 -0.163976 -0.033199 -0.085690 0.088709 -0.159778 -0.201184 -0.208459 0.024347 -0.031591 0.335831 -0.085921 -0.099879 0.013733 -0.088299 0.002245 -0.102565 0.249854 0.030657 0.129579 -0.082543 -0.019457 -0.129423 -0.257950 -0.103036 -0.412210 0.050912 -0.014239 -0.097529 -0.027479 -0.301800
0.001061 0.220059 -0.224305 0.116023 -0.008645 0.021908 -0.100482 -0.023072 -0.207872 0.156919 0.078742 0.081097 -0.139298 0.028246 -0.175879 -0.010407 -0.022123 0.078098 -0.225523 -0.238314 -0.012619 -0.074788 0.175027 0.059393 0.051398 0.070210 0.119059 0.117122 -0.256747 0.110955 0.020972 0.151546 0.175251 0.133958 0.232076 -0.090343 -0.283028 0.056170 0.247294 -0.042346 -0.286484 -0.002374 -0.115604 -0.042540 -0.195889 -0.125582 -0.297592
0.033616 -0.133963 0.016877 -0.141080 -0.006630 -0.036452 -0.065329 -0.014950 0.056430 -0.011559 -0.051652 0.002995 -0.003788 0.012744 -0.013200 0.090572 0.103655 -0.035024 0.052863 0.023897 0.019801 -0.074866 0.081851 0.077753 0.057620 0.088506 0.075646 0.009401 0.055961 0.111513 -0.043043 0.053993 0.034504 -0.108738 0.013682 -0.026811 -0.034755 -0.000505 0.071790 -0.041733 0.055204 -0.054653 -0.124159 -0.012327 -0.077017 0.014217 -0.058982
0.021142 -0.014440 -0.133993 -0.111851 0.047459 0.179100 -0.100634 0.041130 0.099019 -0.128903 -0.039244 0.012452 0.012578 0.041401 0.095391 0.090029 0.049642 0.027489 0.006051 0.048334 0.065091 -0.137345 0.070872 0.146511 0.009980 0.103422 -0.018098 0.006092 0.017418 0.092123 0.057189 0.043088 0.106866 -0.029552 -0.032766 -0.008763 -0.012160 0.069679 0.226177 -0.109901 -0.051363 -0.051526 -0.202496 -0.126472 -0.042516 0.037180 -0.010283
-0.044512 -0.025321 0.007831 0.003207 -0.073216 -0.158528 0.088293 0.112674 -0.002519 0.087488 0.017838 0.014787 -0.083396 0.126120 -0.106195 0.056068 0.090134 -0.082364 -0.031821 -0.173232 -0.182216 -0.027691 0.128922 -0.000018 -0.029675 0.107371 0.078928 0.015800 0.121437 -0.054340 -0.058737 -0.098939 0.032600 -0.079335 -0.056352 -0.113479 0.031217 -0.130804 0.047045 -0.013358 0.077844 -0.160836 0.023974 -0.149905 -0.011101 0.081662 -0.047493
0.073661 -0.031371 -0.100449 -0.010416 0.003828 0.208370 0.048028 0.117605 -0.068093 -0.071633 -0.000096 -0.150980 0.072712 0.009340 0.038895 0.109120 0.056590 -0.188192 -0.011882 0.062903 -0.094132 -0.074490 0.119166 -0.176072 0.065983 0.000874 0.068932 0.018491 -0.046316 0.001769 -0.068404 -0.092711 -0.016289 -0.035254 -0.065971 -0.054116 -0.001986 0.021819 0.112819 -0.081966 -0.029922 -0.143175 -0.150978 -0.007367 -0.087509 0.043917 0.100937
0.007983 -0.223113 -0.109666 -0.004026 -0.209439 -0.032248 -0.077153 0.072640 -0.170531 0.129528 0.049366 0.147535 -0.194074 0.029000 0.091514 -0.070078 -0.203358 -0.226357 -0.016737 -0.096767 -0.005520 0.074150 -0.108543 0.109121 0.017362 0.226686 -0.002125 0.075318 0.232198 0.066557 -0.094695 -0.110342 0.169760 0.099257 -0.179495 -0.019020 -0.098932 -0.040715 -0.051214 -0.112720 -0.035720 0.065629 -0.054031 -0.074148 0.024614 -0.125905 0.101621
0.035896 -0.199443 0.004418 -0.064174 -0.118312 -0.134416 -0.000247 -0.072200 0.039392 0.140387 0.191372 0.062391 -0.022035 -0.004950 0.016144 0.134543 0.081457 -0.069847 -0.116917 -0.090492 -0.165469 -0.198977 -0.186775 0.066401 0.098107 0.161703 0.186803 0.032436 0.054667 -0.115217 -0.171910 -0.299782 -0.259428 -0.093011 -0.379359 -0.164362 -0.073271 -0.232569 0.146132 0.097654 0.059104 -0.001034 -0.112824 -0.078107 -0.045385 0.100520 -0.288788
0.002361 0.017713 -0.060670 -0.111076 -0.144822 0.033728 0.085665 0.030614 -0.039244 0.059435 -0.018485 -0.062715 -0.039622 0.074379 0.073947 0.051500 0.126566 -0.254771 0.036489 -0.099344 -0.205198 -0.066733 0.102886 -0.120924 -0.021599 0.057088 0.078036 0.086557 0.037097 0.013684 -0.127541 -0.237385 -0.253142 -0.261848 -0.162537 0.027658 -0.029687 -0.027952 0.154480 -0.056196 0.085584 -0.111187 -0.058484 -0.134215 -0.053125 0.099574 0.024366
-0.065165 0.037752 0.119941 -0.246616 -0.061609 -0.202706 -0.017755 0.066494 -0.149638 0.006145 0.266194 -0.155394 -0.054119 -0.147618 -0.137767 -0.073846 -0.021770 0.091798 0.014970 -0.076902 -0.097233 0.008486 -0.102750 0.180482 -0.116505 0.339981 0.189038 0.156365 -0.033191 0.111750 -0.048945 -0.115037 0.274830 0.038958 -0.165911 0.099954 0.021021 -0.195898 -0.034635 -0.151598 0.016749 0.047968 0.252516 0.198279 -0.039810 0.081041 0.151393
0.037661 0.081589 -0.050638 0.332015 -0.110345 0.142603 -0.201307 -0.275832 -0.435088 -0.015330 -0.222420 -0.085493 0.133744 0.249249 -0.217641 -0.112419 -0.041875 -0.445824 0.037346 0.191140 -0.191987 0.074865 -0.081166 -0.039680 0.115339 0.132643 0.061633 -0.117287 0.320545 -0.231004 0.187402 0.164928 -0.087952 -0.305017 0.041903 -0.038662 0.057235 -0.009942 0.124201 -0.007403 -0.081089 0.146977 -0.261868 0.000948 -0.014624 -0.088298 -0.465847
-0.002117 0.040401 0.006874 0.198848 -0.037499 0.014230 -0.069425 -0.008444 -0.108803 -0.003311 0.077185 -0.067015 -0.081896 -0.060746 -0.154443 -0.049250 -0.057084 -0.281317 0.028924 0.044041 0.033466 -0.110185 -0.091177 -0.022900 0.018001 0.135048 0.075232 0.112392 0.022081 0.015110 -0.138262 -0.024451 0.206450 -0.216316 -0.188608 0.129814 -0.028865 0.042198 -0.057099 -0.046339 -0.040934 0.150108 -0.087207 0.242599 -0.027074 0.002907 -0.047167
-0.031776 0.076777 0.022364 -0.030745 0.107738 -0.103600 0.132246 -0.143898 0.063933 0.057744 -0.011481 -0.049321 -0.001400 0.078298 0.129453 0.055445 -0.065151 -0.021548 0.028510 0.004327 -0.070969 -0.030096 0.006935 -0.087946 0.055034 0.133060 0.081801 0.067551 0.077272 -0.058753 0.008227 -0.000487 0.115049 -0.084778 -0.256100 0.061680 0.066790 -0.053187 -0.055092 0.028892 -0.009552 0.017734 0.000488 -0.033109 -0.032017 -0.044824 -0.246292
0.057022 0.006854 0.099577 0.148697 -0.122100 0.058155 0.041795 -0.203741 0.164072 0.121322 -0.150325 -0.069511 -0.058891 -0.072527 0.008409 0.056974 0.074374 -0.266204 -0.047794 -0.075399 -0.108304 -0.046948 -0.107533 -0.015039 -0.024638 -0.007935 0.039560 0.013543 -0.003614 -0.069180 -0.089683 -0.118815 0.057134 0.003158 -0.164074 -0.007097 -0.075948 -0.179175 -0.139880 0.115267 0.057689 -0.016774 -0.003312 -0.132389 0.007287 -0.126962 -0.018062
-0.024714 0.052107 0.167699 -0.105713 -0.193648 -0.124647 0.052633 -0.011489 -0.123772 -0.062633 -0.032206 0.043433 -0.072833 -0.016885 0.041531 -0.074689 0.026925 0.200679 -0.016568 -0.104672 -0.036425 -0.037191 -0.044463 0.000247 0.007068 0.048988 0.290807 0.127702 -0.082256 -0.084733 -0.131784 -0.126446 0.327936 -0.141541 -0.200695 0.027123 -0.040855 -0.048211 0.110741 -0.207413 0.042581 0.169444 -0.106882 -0.098222 0.059105 0.040170 -0.192625
0.113729 0.021738 0.074306 -0.083623 -0.127921 -0.138732 0.070295 -0.081217 0.004590 0.057052 0.098010 -0.234110 -0.126328 -0.111897 -0.069698 0.070789 -0.057732 -0.064758 -0.148436 0.260008 -0.145123 0.100936 -0.129047 0.171769 -0.061641 0.171901 0.021446 0.090712 0.136404 -0.087701 -0.323597 0.205434 0.087556 -0.064561 -0.033469 0.002256 -0.148907 -0.354356 -0.146131 0.074161 0.051203 0.146219 0.250822 0.089978 -0.128943 -0.062561 0.153897
-0.029612 -0.045952 -0.103206 0.202117 -0.207702 0.063847 -0.032711 0.052880 -0.105913 0.058479 -0.128761 -0.365695 0.305724 -0.194957 -0.179879 -0.135774 -0.107896 -0.280407 -0.032843 0.091227 -0.200822 -0.058365 0.261154 0.192430 0.101013 0.222388 0.081303 -0.177852 0.182310 0.039637 0.054449 0.041535 -0.068778 -0.153229 0.168238 0.028131 -0.108743 -0.246403 -0.129078 0.049354 0.011662 0.181477 -0.268123 -0.065892 0.013684 0.021220 -0.148931
0.133669 0.051174 -0.104117 0.023841 -0.018703 -0.238798 0.091130 -0.074679 0.036879 0.005463 -0.003730 -0.121399 -0.110733 -0.282428 -0.199772 0.047462 0.064745 -0.081122 -0.108660 0.027133 0.013160 -0.180450 0.398490 0.061555 0.043812 0.014369 -0.002464 0.230538 -0.112531 0.025902 -0.046720 0.179752 0.130981 -0.090318 -0.027445 -0.284062 0.017138 -0.088756 0.015063 0.073301 0.015334 0.017089 0.065144 0.050461 -0.122035 0.195840 -0.208421
-0.141260 0.073697 -0.207698 -0.371243 -0.200109 -0.121366 0.087038 0.030170 -0.014217 -0.134022 0.077443 -0.075566 -0.045488 -0.163209 -0.387192 0.002826 0.112452 0.194302 0.016153 -0.126021 0.104173 -0.050633 0.232481 0.296432 -0.109209 0.002000 0.253886 0.342242 -0.147339 0.024989 -0.060893 -0.060542 0.238836 -0.061950 -0.259676 -0.324294 0.041784 -0.087596 -0.101591 -0.265830 0.038888 -0.134391 0.157547 0.194547 -0.063409 0.243642 -0.112717
-0.093888 0.154961 -0.350020 0.000620 -0.071301 -0.113137 -0.059473 -0.160451 -0.225975 -0.059938 -0.215556 -0.117096 0.160833 0.227254 -0.420680 0.056064 0.300192 -0.059562 0.034439 0.103455 -0.011101 0.139132 0.143690 0.197220 -0.036424 0.192770 0.213927 0.100488 -0.004913 0.018121 -0.144022 0.262251 0.017499 -0.124151 -0.104227 -0.220215 -0.465298 -0.079581 -0.310740 0.101894 0.025810 -0.240615 -0.082549 0.161717 -0.360707 0.083679 -0.165970
-0.009055 0.051867 -0.031208 -0.036654 0.004488 -0.063398 -0.010906 -0.143800 0.028448 0.011689 0.072525 0.061846 -0.021900 -0.082889 -0.027653 0.093972 -0.100195 -0.004175 -0.084204 0.040183 0.035424 -0.049174 -0.016986 0.042577 -0.063443 0.069027 -0.027419 0.119654 -0.051481 -0.017988 0.071170 0.040113 0.075594 0.042292 -0.027316 -0.065254 0.006558 -0.043372 0.085244 0.009104 0.042601 -0.136902 -0.046532 0.064883 -0.178595 0.044398 -0.111667
-0.047305 -0.017967 -0.133380 -0.010373 0.118536 0.060179 -0.007109 -0.265082 -0.170916 0.089951 -0.294186 -0.032703 0.058585 -0.050586 -0.271153 -0.090683 0.001930 -0.120881 0.042037 0.083583 -0.013684 -0.022838 0.189517 0.174193 0.055112 0.215837 -0.013100 0.148301 0.122457 -0.160900 0.037807 0.045203 0.062746 -0.105445 -0.052411 -0.157955 0.083747 -0.220081 -0.024221 -0.223731 0.107625 0.084697 -0.224230 -0.069356 -0.055309 -0.029284 0.024156
-0.142116 0.025325 0.170009 0.076024 0.038015 -0.246546 -0.068686 0.339919 -0.497466 -0.106694 -0.076752 -0.406913 0.157665 -0.725795 -0.075499 0.046427 -0.143105 -0.082816 0.032119 0.156821 -0.195396 0.145662 -0.062723 0.064137 -0.330242 -0.296418 -0.415288 -0.326370 0.313129 -0.402417 -0.342437 0.066013 0.391898 -0.451146 0.255515 -0.040365 0.141732 -0.571056 0.002357 -0.232779 -0.007989 -0.135789 0.211745 -0.274558 -0.328729 -0.012698 0.053337
-0.041583 -0.044217 -0.072718 -0.119018 -0.117878 -0.047975 -0.088083 -0.246426 -0.244550 -0.155349 0.032767 0.151821 0.111471 -0.041398 -0.180557 0.160304 0.031966 0.067343 0.082156 0.140875 -0.112577 0.104900 0.030157 0.111245 0.042479 0.159024 -0.010917 -0.074970 0.149287 -0.172929 0.080159 0.039014 -0.068894 -0.173065 0.115494 -0.318366 0.059814 0.073183 0.141966 -0.158980 -0.133268 0.029547 0.003541 0.068997 -0.073740 0.046805 -0.093723
-0.007145 -0.036778 0.062855 -0.174656 -0.141817 -0.081078 0.081734 -0.241469 -0.226099 -0.159660 -0.063328 0.176363 0.031790 -0.025557 -0.126013 -0.172874 0.130906 -0.047629 0.005156 0.022663 -0.058622 0.045725 0.084640 0.137389 0.031181 0.122644 -0.031566 0.020261 -0.012670 -0.256251 0.056408 0.004636 0.173777 -0.097678 -0.096891 -0.110107 -0.010350 0.093715 -0.036198 -0.286285 0.193229 0.231130 0.001471 0.064820 -0.038579 0.016683 -0.178884
-0.149913 0.629655 -0.008415 0.033629 0.030047 0.167502 -0.322266 -0.324806 0.104743 -0.017999 0.032814 -0.033907 -0.118287 -0.271398 -0.130306 -0.811543 -0.023485 -0.016021 -0.133796 -0.354629 0.270141 -0.063545 0.118562 0.017962 -1.204003 -0.464950 0.002976 0.177839 -0.263057 0.093548 0.039053 -0.141024 -0.352125 -0.061116 -0.060474 0.010614 -0.296126 -0.104607 0.015212 -0.000096 -0.444030 0.074548 0.288918 0.098266 -0.068445 -0.001786 -0.083495
0.068119 -0.379449 -0.127122 0.179435 -0.046772 0.140844 -0.374805 0.150085 0.046019 -0.038436 -0.064416 0.088115 -0.238742 0.058279 -0.637235 -0.549998 -0.228103 -0.266347 -0.271110 0.227140 -0.120973 -0.001365 -0.081970 0.267393 0.031957 0.112582 0.017640 0.132418 -0.139614 -0.175040 0.254680 -0.038810 -0.116911 0.199600 -0.151397 -0.291707 -0.126307 0.016650 0.388201 -0.093441 -0.350308 -0.369033 -0.032972 -0.047001 -0.180632 -0.172261 -0.133203
-0.174741 0.035914 -0.047600 0.059478 -0.235803 0.050033 -0.397217 -0.177408 0.192394 0.171779 0.077138 0.132080 0.030967 0.035177 0.065598 -0.432091 0.036285 0.010685 0.082822 0.015588 0.345988 0.000031 0.142070 0.156237 -0.569866 -0.150698 -0.098036 0.137542 -0.226844 0.269228 0.059256 -0.114680 -0.052795 -0.156502 -0.073640 0.149336 -0.189348 0.193243 0.050066 -0.244535 -0.165368 -0.261959 0.044004 -0.066422 -0.366769 0.013582 -0.072438
-0.010352 0.150099 -0.240760 0.133442 -0.329581 0.035218 -0.264516 0.086426 0.162224 0.144427 0.186591 0.086176 -0.129824 0.060670 -0.330154 -0.283936 -0.259420 -0.029696 -0.213534 0.181075 0.030728 0.032396 -0.034023 0.202725 -0.023149 -0.117377 -0.493477 -0.168965 0.016951 -0.093113 0.158094 -0.033763 -0.035244 0.136529 -0.113764 0.001683 -0.110695 0.119871 0.157362 -0.106066 -0.266214 -0.188569 -0.091380 0.011542 -0.373942 -0.352491 -0.102429
-0.141754 -0.227847 -0.016864 -0.085662 0.133954 -0.035006 -0.088106 0.272873 -0.078791 -0.144719 -0.032290 0.048769 -0.345262 0.150353 0.079631 -0.100714 -0.190180 0.268584 0.008456 0.062666 0.007841 -0.227270 0.105502 0.201679 -0.411618 -0.213645 -0.395479 0.009259 -0.160997 -0.071964 0.137349 0.112715 0.108223 -0.041782 -0.067904 0.124887 0.154039 0.055056 0.092033 -0.190045 -0.215127 -0.410924 -0.082980 -0.044687 -0.345959 -0.130229 -0.138691
-0.130442 -0.300600 -0.126659 0.124442 0.050764 0.100417 -0.094977 0.128508 -0.059066 0.124273 -0.034933 0.082243 -0.149131 0.116578 0.077228 -0.096621 -0.069818 -0.042038 0.022582 -0.163690 0.079853 -0.166828 0.016454 0.180427 -0.330590 -0.063151 -0.345328 0.275044 -0.209196 -0.009094 0.183469 0.058201 0.146314 -0.083937 0.039968 0.125360 -0.117068 0.100266 0.024816 -0.435253 -0.123019 -0.289187 -0.066092 0.060351 -0.171372 -0.164665 -0.122541
-0.133060 -0.299049 -0.043944 0.004396 0.190765 0.076834 -0.170647 0.026855 0.048352 0.012300 -0.016917 -0.002908 -0.163937 0.077997 -0.082673 -0.064263 -0.137090 0.090763 -0.074857 -0.076949 0.107715 -0.060307 0.200794 0.107839 -0.186971 0.148748 0.058877 0.121839 -0.247160 -0.017095 0.095192 0.140673 0.105208 -0.004132 -0.069597 0.153454 -0.114426 0.072849 0.092758 -0.485776 -0.343549 -0.037447 -0.136278 -0.011056 0.100631 -0.009541 -0.003995
-0.140158 -0.007589 0.013081 0.023945 0.100810 0.169752 0.001549 0.009099 0.008814 0.123149 0.001162 0.124454 -0.209210 0.071852 -0.146606 0.039757 -0.011666 -0.040318 -0.151217 -0.017736 0.225180 -0.150775 -0.003827 -0.025517 -0.172231 0.072192 0.099622 -0.031203 -0.293856 0.083994 0.025538 0.132439 0.100252 0.032154 0.076771 0.059624 -0.081228 0.056610 -0.042397 -0.163588 -0.151751 -0.250141 0.019706 0.109355 -0.230010 -0.026826 -0.042376
0.042139 -0.036642 -0.021163 -0.047168 0.149390 0.244983 0.012566 0.150001 -0.013922 0.077668 0.037646 0.157410 -0.234933 0.135737 -0.075148 -0.004100 -0.119928 0.093530 -0.091909 -0.052927 0.127011 -0.244851 0.286937 -0.006348 -0.137112 0.013917 0.113187 0.001981 -0.361204 -0.085031 0.094872 0.030425 -0.130451 -0.028125 0.020478 0.085241 -0.128491 0.015948 0.034536 -0.126503 -0.027221 -0.138061 -0.121819 -0.128045 -0.104098 0.064008 -0.067529
0.092489 0.074478 -0.152171 0.137891 0.112775 0.084400 -0.139539 0.190824 0.003426 0.115902 -0.070102 -0.005541 -0.179359 -0.003467 -0.169458 -0.161684 -0.035122 -0.065040 -0.081764 0.072042 0.193846 -0.010909 -0.190093 -0.024005 0.021760 -0.143127 -0.236696 -0.048286 -0.031513 0.136419 -0.060466 -0.042737 -0.041190 0.085713 -0.015175 -0.013968 0.026759 -0.003485 0.024129 -0.216467 -0.046510 0.012589 0.148979 0.136668 -0.201452 -0.212968 -0.164693
0.041953 0.055174 -0.075315 0.099580 0.031658 0.039040 -0.220977 0.294051 0.071501 0.026366 0.066334 0.022009 -0.209241 0.034428 -0.175700 -0.067926 -0.080641 -0.014153 -0.107726 0.147377 0.039264 0.029809 -0.190104 0.062860 0.049522 0.053704 -0.129586 -0.014203 -0.064811 -0.035548 0.051303 0.096815 -0.118351 0.045325 -0.132844 -0.071575 0.103999 -0.015186 0.156296 -0.176630 -0.092438 0.018114 0.060086 0.112892 -0.064466 -0.247252 -0.078292
0.044226 0.047113 -0.134167 0.065076 -0.078691 0.016970 -0.134688 0.083349 0.125585 0.097768 -0.012459 0.122121 -0.114122 0.087081 -0.091275 -0.029934 -0.058763 -0.176925 -0.085602 0.057027 -0.012918 -0.061381 -0.189767 0.063807 0.003888 -0.024616 -0.075095 0.004041 -0.075465 0.048944 0.062945 -0.179280 -0.132546 0.080291 -0.213365 -0.012963 0.027364 -0.059278 0.155639 -0.175216 -0.006705 -0.131408 -0.063974 0.000454 -0.044978 -0.204375 -0.010494
0.058051 0.048875 -0.062266 0.012934 -0.089072 0.028673 -0.052435 0.200800 0.060738 0.167581 0.089730 0.028965 -0.138893 0.026288 -0.165121 -0.006209 -0.048820 -0.034814 -0.022175 -0.044850 -0.057700 0.025935 -0.070819 -0.114319 0.049940 -0.036010 -0.080157 0.083652 0.039468 0.116361 -0.064429 -0.209099 -0.038906 -0.016673 -0.177064 -0.099292 -0.045907 -0.002506 0.069964 -0.271225 0.030631 -0.023386 0.053801 0.041053 -0.056329 -0.190580 -0.182685
0.058316 0.044656 0.022813 0.128385 -0.027847 0.011421 -0.180301 0.014237 0.143375 0.066604 0.061795 0.129448 -0.059569 -0.051021 -0.044796 -0.003328 -0.001088 0.113000 -0.126187 -0.219461 -0.017338 -0.001560 0.040757 -0.039617 -0.058864 -0.011580 0.109831 0.183454 -0.089212 0.075602 -0.067405 -0.115675 -0.245087 -0.127717 -0.332878 -0.009733 -0.277005 0.071532 -0.022059 -0.114959 0.048199 0.061357 0.130589 -0.269910 0.085299 -0.049636 -0.056691
0.034655 0.044310 -0.107495 0.124449 -0.103986 0.078662 -0.300240 0.154437 -0.028470 -0.110938 0.114774 0.047238 -0.191032 0.054471 -0.111423 0.046193 -0.150005 -0.168683 -0.087294 0.165896 -0.064800 -0.009500 -0.310612 0.091532 0.001203 0.191181 -0.057795 -0.077123 0.022449 -0.008909 0.158794 0.050844 -0.097038 0.155809 -0.082464 -0.093452 0.111131 -0.130701 0.205980 -0.041931 -0.027954 -0.126187 -0.053327 0.004036 -0.060821 -0.159297 -0.078675
0.043616 0.138802 -0.091690 0.026207 -0.146934 0.016241 -0.083923 0.208248 0.003331 0.102636 0.111345 -0.068817 -0.196978 -0.031940 -0.165191 0.062242 -0.086461 -0.022347 -0.128224 0.132191 0.081490 0.037522 -0.197862 0.047046 0.073992 0.058259 -0.050562 -0.003958 0.080993 -0.016545 0.116972 -0.164428 -0.017261 0.046267 -0.037519 -0.095134 -0.086073 -0.001761 0.145562 -0.133429 -0.046684 -0.095860 -0.111352 0.112535 -0.017174 -0.167730 -0.019739
-0.224019 -0.274480 0.045598 0.068197 -0.024153 0.049193 0.065669 0.040947 -0.013445 -0.104840 0.155952 -0.027083 -0.094190 -0.091952 -0.031833 0.156354 -0.063914 0.135251 -0.293509 0.091030 -0.024960 -0.262580 -0.100350 -0.190506 -0.094748 0.006363 -0.076261 -0.015473 0.024398 0.052306 -0.097503 -0.313898 -0.013739 -0.095889 -0.114842 0.059087 0.016702 0.025473 -0.246381 -0.004673 0.146777 -0.084618 -0.046047 -0.195481 -0.029718 -0.098433 0.190488
0.086786 0.036566 0.044996 -0.054062 -0.094797 -0.054350 -0.026252 0.011515 0.006037 0.034508 0.043410 -0.047860 -0.107745 -0.049037 0.044257 0.106858 -0.067686 -0.144305 0.028161 0.153220 -0.345829 0.010846 -0.421826 -0.150761 0.013437 0.046624 0.078325 -0.102519 0.081555 -0.022453 -0.066708 0.057291 -0.355487 -0.106889 -0.190209 0.101001 0.052864 -0.134707 -0.244549 0.007384 0.074796 -0.027284 -0.165486 0.140406 -0.094015 0.070777 -0.122906
0.050878 0.046040 0.026771 0.002594 0.099485 -0.005593 -0.016193 -0.062443 -0.030711 0.030628 0.103453 0.201241 0.054700 0.088257 0.158245 0.154661 -0.052689 0.144880 -0.150974 -0.179554 0.060696 -0.073038 -0.256288 -0.249799 -0.005709 0.011059 0.031737 0.087436 0.138728 -0.053276 -0.077339 -0.002401 -0.053917 -0.085112 -0.111102 -0.063776 -0.097091 -0.006799 -0.126187 -0.009655 0.056877 0.117875 0.115555 -0.247691 0.050351 0.096941 -0.016750
-0.317076 -0.228494 0.230868 0.077438 -0.180617 0.147973 0.077450 0.100503 0.016845 0.065053 -0.133698 -0.165437 0.072020 -0.379593 -0.047779 0.110606 0.082310 -0.149067 0.033991 -0.032735 -0.170825 0.063848 -0.043073 -0.035763 -0.332870 -0.257238 0.130660 -0.036367 0.028339 -0.122515 0.001798 0.143379 -0.251300 0.062218 -0.130129 0.036034 0.007416 0.030801 0.009929 0.000037 0.108555 0.013805 -0.008008 0.039302 -0.081810 0.084206 -0.225312
0.044910 -0.011156 -0.056319 0.042259 -0.024046 0.127700 0.125659 -0.051538 -0.132970 -0.031489 -0.050087 0.101467 -0.145294 0.231480 0.029202 0.113291 0.020967 -0.046298 -0.211102 -0.293422 -0.133584 -0.282248 -0.201536 -0.181540 0.054284 0.089023 0.244842 0.131915 0.083756 0.081245 -0.116142 -0.135817 -0.041196 -0.209129 -0.216825 0.011713 -0.010139 -0.051447 -0.105649 0.061632 0.124130 0.056801 0.004856 -0.085551 -0.026976 0.078638 0.115805
-0.124327 -0.167393 -0.291557 -0.107362 0.084095 0.168486 -0.015136 -0.231817 0.114118 0.121951 -0.300273 -0.131719 -0.119895 -0.034556 0.109661 0.089649 -0.088593 -0.051648 -0.322560 -0.110804 -0.153866 -0.126076 -0.179012 -0.129542 -0.120188 -0.076563 -0.124554 -0.086438 0.157649 -0.046174 -0.440347 -0.010617 -0.077292 -0.033927 0.088131 -0.085626 -0.238777 0.049066 -0.286761 0.026548 0.069555 -0.026142 0.058909 -0.026327 -0.007988 0.162681 -0.055779
-0.108622 0.117690 -0.255657 0.179889 -0.247151 0.076568 0.210183 -0.074226 0.126282 -0.122009 -0.034859 0.128690 -0.147821 -0.148345 0.162840 0.024833 -0.007648 0.022184 0.178572 0.174099 -0.057982 -0.071898 -0.155206 0.004490 -0.126390 -0.152088 0.065510 -0.041426 0.092884 0.083044 -0.144275 -0.088618 -0.192715 -0.061028 -0.341333 0.055798 0.023694 0.149100 -0.000905 -0.025392 0.013994 -0.213807 0.004046 -0.023384 -0.152291 0.090879 -0.001615
-0.136833 -0.182933 -0.281943 0.203477 0.113403 0.236598 0.085618 -0.206031 0.086545 -0.041695 0.015351 0.224022 -0.109759 -0.112583 0.118240 0.046996 0.084611 0.075698 -0.188696 -0.235466 0.167561 -0.200848 -0.208434 -0.118295 -0.172766 -0.037310 -0.081117 -0.129748 0.195098 -0.170655 -0.129404 -0.142831 -0.261601 -0.104483 -0.040650 -0.036331 -0.007853 0.222066 -0.007737 -0.128608 0.079262 -0.012620 0.138812 -0.105026 -0.060467 -0.075441 0.043259
-0.020479 -0.161023 0.031212 0.055200 0.021024 0.036619 0.232023 -0.097811 -0.219778 -0.015972 -0.037046 -0.010572 -0.149284 -0.200028 0.090211 0.077964 0.156950 -0.162032 -0.020723 -0.033353 0.011231 -0.282638 -0.285944 -0.144319 -0.089591 -0.176788 -0.023365 -0.022626 -0.008747 -0.015292 -0.044758 0.126080 -0.069085 0.385476 0.480358 0.017529 -0.063053 -0.055126 0.005719 -0.318126 0.065389 -0.003978 -0.043225 -0.079680 -0.111491 0.179773 -0.079528
-0.178574 -0.199951 -0.136212 -0.055954 -0.098799 0.189126 0.007523 -0.098353 0.051781 -0.109560 -0.119833 0.028765 -0.056537 -0.264232 0.163029 0.040965 0.055707 0.082021 0.198412 0.146034 0.116920 -0.339829 -0.180045 -0.079916 -0.249739 -0.216489 0.003072 0.028075 0.211898 -0.071673 -0.020431 -0.096718 -0.128665 0.004115 -0.251278 -0.004800 -0.134957 -0.004245 0.102371 -0.103299 0.052178 -0.032077 0.002292 -0.349018 -0.049563 -0.073558 -0.016918
-0.035333 -0.072604 0.049296 0.182632 0.248081 0.112289 -0.167328 -0.047195 -0.054054 0.024460 -0.234574 0.084061 -0.014634 0.164181 -0.125063 0.046541 -0.224442 -0.130160 -0.015362 -0.011378 -0.271015 -0.046826 -0.454670 -0.449545 -0.029728 -0.264206 -0.097611 -0.356179 0.073108 0.041534 -0.017881 -0.417391 -0.113616 -0.194540 -0.087029 0.061364 0.005409 -0.024925 -0.147826 -0.071374 0.148310 -0.008889 -0.141922 -0.165930 0.093583 -0.272116 0.147772
-0.198552 -0.329419 -0.044724 -0.083495 -0.039492 0.144313 -0.061374 -0.020242 -0.253862 0.000818 -0.158128 -0.221270 0.003193 0.113572 0.147426 0.104643 -0.084150 -0.107345 -0.031205 0.333554 0.033479 -0.169233 -0.112732 -0.117501 -0.114790 -0.142895 0.012907 -0.145786 0.087441 0.124981 0.025832 -0.185003 0.017833 0.048495 -0.054021 -0.053592 0.004354 -0.015775 0.045182 -0.043348 0.137675 0.012965 0.165517 -0.200958 -0.074924 -0.109166 0.198937
0.017457 -0.135223 0.143274 0.004027 -0.092917 0.032416 -0.279096 0.108775 0.001216 -0.113489 -0.167766 -0.041139 -0.030122 0.064347 0.024585 -0.071168 -0.190573 -0.188704 0.269630 0.266974 -0.220635 -0.259876 -0.418535 -0.056040 0.015619 -0.232375 -0.058818 -0.027203 -0.036321 0.176428 0.023729 -0.205102 -0.009723 0.091897 0.136247 0.108344 0.115795 -0.208916 -0.146387 -0.217596 -0.234559 -0.012154 -0.268508 -0.044185 -0.197468 -0.233731 0.098440
-0.225803 -0.268481 -0.191422 0.018734 0.209970 0.083851 -0.293084 -0.294245 0.002034 0.149154 -0.151560 -0.189771 -0.323227 -0.216733 -0.029660 0.021897 -0.141843 0.043517 -0.310449 0.027523 -0.098431 -0.390580 0.052875 0.003052 -0.156052 -0.117195 -0.363128 -0.096865 0.091609 -0.065517 -0.191897 -0.277616 0.193495 -0.134507 0.129437 -0.196669 -0.134026 -0.107890 -0.326765 -0.030719 0.016529 0.167037 0.070143 -0.030044 0.132567 0.053453 0.000065
-0.194359 -0.332315 0.100861 -0.026160 0.313170 -0.069822 -0.085063 0.119177 -0.705512 0.047357 -0.020714 -0.023564 0.007689 -0.135416 -0.035134 0.066157 -0.015266 -0.113897 -0.036014 0.015695 -0.148786 0.049097 -0.389633 -0.079828 -0.211348 -0.076051 0.123668 -0.119194 -0.196793 0.175249 0.040273 -0.276321 0.041013 -0.207062 0.063059 0.101706 0.112506 -0.183174 -0.054267 -0.097808 0.111485 0.021800 -0.074468 -0.116257 0.097896 0.035327 0.070774
0.047892 -0.290869 -0.044687 0.063124 -0.463648 0.079429 0.144517 -0.004658 0.014114 -0.247645 -0.245334 0.047349 0.086338 0.047148 -0.019259 0.007422 0.069404 -0.314275 0.201309 0.151210 -0.052982 -0.584554 -0.019725 -0.061575 -0.071721 -0.270197 -0.254650 -0.206832 0.159156 0.074554 -0.246217 -0.008788 -0.350752 -0.095300 -0.191670 0.117110 0.052611 0.135223 -0.077151 0.003080 -0.007382 -0.218638 0.027581 0.187062 -0.194088 -0.014258 0.001650
-0.234042 -0.182308 -0.003085 0.168171 0.132112 0.026503 -0.065445 0.005305 -0.047905 0.004871 0.062387 0.049095 -0.024302 -0.100623 0.007226 0.017674 0.118206 0.078865 -0.383384 -0.335590 0.108103 -0.286739 -0.178463 -0.162571 -0.167370 -0.082061 -0.080503 0.018508 0.051787 -0.056711 0.050517 -0.164160 -0.090843 0.003503 -0.004748 0.028430 0.012905 -0.064476 0.029200 0.014671 0.004858 0.014643 -0.205139 -0.495703 0.043254 -0.153746 0.322599
-0.132476 0.090380 0.060438 -0.033888 -0.266966 -0.053773 -0.045114 0.179943 -0.006961 -0.098081 -0.154555 -0.032416 -0.322077 0.038020 -0.125651 -0.002803 -0.133057 0.095969 0.067532 -0.074299 0.115278 0.060068 0.027969 0.173022 -0.067604 0.039248 0.034748 0.157608 -0.141526 0.251710 -0.049069 0.231609 0.132743 0.019499 -0.174772 0.096294 -0.222153 -0.090108 0.012305 -0.150635 0.010403 -0.238495 0.147956 0.242621 -0.153081 0.220259 0.005126
0.044901 -0.186947 -0.018690 0.082069 -0.107654 0.067199 -0.048743 0.012243 -0.114730 -0.096862 -0.170620 0.206727 0.030066 0.215939 -0.149801 0.042175 -0.060442 -0.197046 -0.132512 -0.013076 0.122566 0.106636 0.152869 0.013612 -0.008317 0.154251 -0.100174 0.030222 0.085881 0.054370 -0.078860 -0.018553 -0.093150 -0.107124 0.113792 0.034723 -0.200421 -0.002758 -0.144353 -0.271972 -0.142341 -0.110784 -0.335688 0.155319 -0.086777 0.152528 -0.272695
-0.003246 -0.131005 0.124457 0.076525 -0.040524 -0.088773 -0.069835 0.253808 -0.059646 -0.050006 -0.005688 0.048065 0.135517 0.009483 -0.148083 -0.009384 0.112132 0.014668 -0.034771 0.041099 -0.027790 -0.039890 -0.233497 -0.176152 -0.001618 -0.075005 -0.231015 0.029354 0.114717 0.071749 0.023704 -0.200169 -0.142172 -0.064345 -0.065277 0.032826 -0.092923 -0.200764 0.088778 0.041044 -0.040054 -0.281289 -0.289380 -0.069362 0.025679 0.192563 0.019630
-0.060057 -0.374548 -0.045033 0.033382 -0.002289 -0.101399 -0.117914 0.108910 -0.030442 -0.039709 -0.026925 0.199961 0.119887 0.178064 -0.085257 0.004815 -0.121590 -0.107600 -0.038084 0.176616 -0.151269 0.085779 -0.200906 -0.003554 0.032440 0.015169 0.096753 0.064331 -0.040612 0.071116 0.028620 0.108401 -0.015104 0.055933 -0.102934 -0.022062 -0.222589 -0.161978 -0.108911 -0.055222 0.048818 -0.135937 -0.098407 0.087451 -0.056164 0.228118 -0.044191
0.113853 -0.191372 -0.017151 0.035293 -0.175274 0.108811 -0.165311 0.063845 0.089451 0.036723 0.126772 0.118739 0.086206 0.097701 0.125181 0.105589 -0.075684 -0.080558 -0.032597 -0.029072 -0.063840 -0.120058 -0.107038 0.055050 0.089272 0.054281 -0.000366 -0.012638 -0.200119 0.073739 -0.048656 -0.259620 -0.158800 -0.088938 -0.048522 -0.004827 -0.026433 -0.013502 -0.149782 -0.027802 -0.216152 0.019751 -0.310956 -0.124509 0.077957 0.065232 0.069020
0.093861 0.008597 0.008974 0.020008 -0.168267 -0.236393 -0.308082 0.114864 0.141607 -0.154063 -0.281932 0.161978 0.109294 0.153069 0.073510 -0.085317 -0.120116 -0.308460 -0.003077 -0.075462 -0.324911 0.105842 -0.180946 0.066258 0.089068 0.029110 -0.159250 -0.014541 0.035590 0.085777 -0.101234 0.034673 -0.197536 -0.100198 -0.238695 0.026245 0.081349 0.196712 0.143096 0.002108 -0.070212 -0.164484 -0.555375 -0.011148 -0.175115 0.029974 -0.098249
-0.031553 0.111534 -0.010012 0.014252 -0.546209 -0.012722 0.046451 0.218473 0.140246 -0.042673 -0.087241 0.127948 0.049367 0.059351 0.132068 0.043816 0.002786 -0.242912 -0.015000 -0.050597 0.023520 0.074012 -0.034193 -0.052043 0.071256 -0.018753 0.017156 0.126975 -0.050206 -0.064614 0.167888 0.013873 0.147385 -0.117969 -0.038299 -0.091215 -0.082803 -0.054378 -0.053555 0.048281 0.058290 -0.037601 -0.578521 -0.052698 -0.082460 -0.126400 -0.390122
0.059788 -0.021484 -0.086265 0.006068 -0.270155 0.020313 -0.041189 0.071222 0.129769 0.195547 -0.024767 0.048291 0.093024 0.001254 0.217695 -0.094033 0.130070 -0.270185 0.030448 -0.101249 -0.105812 -0.040148 0.052225 -0.244116 0.053797 0.039255 -0.217016 0.089004 -0.126544 0.130673 -0.008169 0.070563 -0.003871 -0.051707 -0.079241 0.195321 0.010664 0.022544 0.052876 -0.044305 -0.046706 0.087447 -0.123881 0.043742 0.214204 0.030140 -0.062781
-0.056808 -0.122234 0.026662 0.021238 0.010110 0.128346 0.052810 0.217056 0.019504 0.070224 0.148121 0.171258 0.083203 0.151618 0.022993 0.091180 0.091464 0.162372 0.011613 -0.037893 -0.164683 -0.033338 -0.077649 -0.307595 0.016563 -0.045693 -0.121089 0.129662 0.075180 0.003853 -0.240772 -0.460935 -0.119750 -0.167944 -0.054930 0.008861 -0.057012 -0.012958 -0.072406 -0.128836 0.072336 -0.069915 -0.115811 -0.135572 -0.076482 0.082762 0.045989
0.092576 0.085789 -0.022049 0.006817 -0.087403 0.077745 -0.132506 -0.100726 0.094960 0.125851 -0.164889 0.118642 0.175994 -0.035754 0.107333 -0.015224 0.042460 -0.056137 -0.017795 0.071914 -0.289603 0.055950 -0.120389 -0.206275 0.087152 0.033966 -0.264094 -0.075084 0.060679 0.053734 0.021163 -0.277185 -0.284393 -0.226349 -0.108814 0.038305 0.122070 0.064713 -0.146971 0.176101 -0.025633 0.109706 -0.089864 -0.033245 -0.019995 -0.097544 -0.075859
0.075248 0.035442 -0.039278 0.035664 -0.105442 -0.062437 -0.186571 0.009972 0.043310 -0.011488 -0.141165 0.062193 0.017987 0.199970 0.075556 -0.002939 0.119189 -0.315071 0.055460 0.075694 -0.306101 -0.130805 -0.176598 -0.148063 0.105481 -0.023093 0.026346 0.074139 0.091953 0.070647 -0.294451 -0.326159 0.103386 -0.225076 -0.099078 0.005008 0.095916 0.072095 0.107234 0.162095 -0.072954 -0.086788 -0.332952 -0.116034 -0.067683 0.154995 0.057386
0.055086 0.061653 -0.004014 0.001777 -0.061671 -0.003694 -0.056946 0.035002 -0.012926 0.003069 0.069118 0.078989 0.191001 -0.059689 0.036502 0.040588 0.029151 -0.047226 -0.004553 -0.042209 -0.389135 0.038714 -0.101157 -0.301741 0.047529 -0.082099 -0.019953 -0.110728 0.119023 0.014022 -0.123094 -0.089458 -0.368246 -0.253819 -0.158176 -0.028475 0.039553 -0.139944 0.015640 -0.035894 0.021225 -0.086313 -0.216006 0.012996 0.016471 0.013514 -0.001932
0.004705 0.031634 0.064165 -0.025104 0.065174 -0.005822 -0.182620 0.246055 -0.017344 -0.099410 0.204953 -0.150073 -0.005187 0.023883 -0.204191 0.095910 -0.220265 0.051809 -0.082414 -0.157839 -0.087744 0.153940 0.066307 -0.003498 0.056244 -0.015217 -0.176542 -0.052410 0.198147 0.076266 0.069903 0.089238 -0.216345 0.069753 -0.226573 0.080498 -0.012279 -0.228246 -0.197925 -0.246397 0.113327 -0.278918 -0.084801 -0.040291 -0.224367 -0.028776 -0.013805
0.047587 -0.003205 -0.099976 -0.004382 -0.081606 0.057280 -0.039477 0.021267 -0.034495 0.032827 0.061520 -0.066806 -0.044953 0.060349 0.139053 0.056393 0.009565 -0.083612 0.045680 0.080838 -0.125595 -0.041394 -0.147386 -0.310121 0.065609 -0.042451 -0.083972 0.084224 -0.073568 0.035536 -0.309642 -0.013667 -0.409973 -0.400748 -0.015975 0.011780 0.262803 -0.176672 0.056665 0.061714 0.013939 0.125693 -0.156937 -0.135167 0.032932 0.036494 -0.004166
0.048884 0.016752 -0.006597 -0.022221 -0.071624 -0.000694 0.059818 0.018620 0.196425 -0.042268 0.224580 -0.084494 -0.023393 -0.044804 0.035939 0.126574 0.035861 0.057491 0.005922 0.046110 -0.095759 0.056159 -0.025960 -0.507214 0.044610 0.012856 -0.135451 -0.078528 -0.085007 0.012554 -0.285194 -0.051704 -0.160292 -0.245869 -0.126182 0.002524 0.005703 -0.005881 0.000358 -0.124829 0.060206 0.252403 -0.122602 -0.073869 0.078285 -0.046326 0.122561
0.047428 0.002099 -0.064015 0.074502 0.023787 0.089915 -0.020034 -0.004299 0.092010 0.061147 -0.059518 -0.064996 0.079012 -0.148407 0.060615 0.067959 0.016682 -0.052521 -0.062042 -0.017655 -0.146148 -0.067239 -0.137303 -0.261036 0.068487 -0.155713 -0.070728 -0.218705 0.064469 -0.079885 0.040651 -0.162255 -0.100525 -0.333212 0.049378 -0.105774 0.021357 0.050979 0.132636 0.103399 0.021708 0.171740 -0.510450 -0.363368 -0.013775 -0.100323 0.066106
-0.027568 -0.320275 0.066567 0.125354 0.092796 -0.027257 -0.411767 -0.070223 0.022914 0.058749 0.084004 -0.308446 -0.046999 0.046002 0.010749 -0.003762 -0.238643 0.053464 -0.033012 0.144135 -0.067990 -0.031967 0.158649 0.132712 -0.017390 -0.004010 -0.218519 -0.005943 0.070130 0.022119 0.020456 -0.059534 0.040418 -0.039979 0.249532 0.107401 0.079539 -0.216268 -0.224567 0.017190 0.047491 0.084315 0.007092 0.107811 0.031641 -0.114719 -0.077732
0.087140 -0.073695 -0.095426 -0.029342 -0.225720 -0.000238 -0.023407 0.075629 -0.114430 -0.158197 -0.128820 0.174922 0.181183 0.203432 -0.028879 -0.090437 0.013794 -0.085716 0.064992 0.106475 0.089564 0.038564 -0.078547 0.012434 0.048877 -0.195726 -0.078188 -0.082620 -0.039827 0.188783 0.084260 0.087294 0.166390 -0.192636 -0.106711 -0.007959 0.163355 -0.048806 0.214311 -0.003082 -0.172529 -0.080948 -0.506276 0.105566 -0.136145 -0.056906 -0.099327
-0.159076 -0.115691 0.049372 0.100120 0.232039 0.069607 -0.179364 0.077649 -0.035356 0.147030 -0.161077 0.083668 -0.208088 -0.080309 -0.015675 -0.025658 0.075770 0.020016 -0.028885 0.064606 -0.235850 -0.353355 0.042787 -0.081589 -0.163958 -0.087243 -0.029271 -0.233031 0.051158 -0.039108 -0.101057 -0.120095 0.095637 -0.139881 0.125571 0.159266 0.010298 -0.025026 0.044170 0.098878 -0.017916 0.083454 -0.087702 -0.124906 0.183989 -0.209130 -0.079891
-0.061825 0.038532 -0.205136 -0.023929 0.004958 -0.029625 -0.056440 -0.141582 0.178868 0.016563 -0.083741 0.105543 0.065126 -0.170480 0.170138 -0.005262 0.076983 0.090396 -0.171981 -0.107023 0.144479 -0.241893 -0.142722 0.018886 -0.156281 -0.004877 -0.064150 0.086933 0.238608 0.055334 0.014920 -0.158926 -0.118950 0.020975 0.018204 -0.157188 -0.059629 0.064449 -0.097891 -0.179031 -0.077547 -0.015773 -0.101651 -0.094612 -0.040691 -0.037331 0.233202
-0.141238 -0.190351 -0.030073 -0.189077 0.102279 0.065314 0.167346 -0.351944 0.059493 0.065610 -0.014466 0.265984 -0.147695 -0.257621 0.156096 0.013034 0.180934 0.180365 -0.190116 -0.053614 0.018133 0.071037 0.045144 0.017272 -0.139632 0.068098 0.111245 -0.001455 0.202408 -0.146581 -0.143494 -0.143705 -0.110615 -0.235988 -0.120322 -0.112905 -0.135401 0.083862 -0.150540 0.167119 0.002055 0.047288 -0.151982 -0.291202 0.018736 -0.450474 -0.004079
0.008019 -0.209604 -0.018977 -0.005374 0.043126 0.067018 0.141772 0.091063 0.005957 -0.064306 -0.285169 -0.136499 -0.173217 -0.193316 0.078796 -0.034770 0.216588 -0.039836 -0.244659 0.081310 -0.051291 -0.150060 0.224256 -0.181726 -0.027165 0.013747 -0.080036 -0.006963 0.148555 -0.114059 -0.168005 -0.212832 -0.137282 -0.301542 0.227482 0.086487 0.053865 0.101011 -0.278362 0.046641 -0.081574 0.064718 0.024528 -0.092083 -0.023015 -0.084377 0.094062
-0.049790 -0.009515 0.042847 0.142552 -0.251131 0.181591 -0.073352 0.146527 -0.061777 -0.257213 -0.234984 0.013380 -0.130749 0.071512 0.098805 -0.092325 -0.038145 -0.242991 0.138409 0.189314 -0.289709 -0.359763 -0.029499 -0.014042 -0.030877 -0.103575 -0.065427 -0.010243 -0.133431 -0.073567 0.106657 0.086443 -0.002114 -0.027823 0.190767 0.229818 0.178948 -0.229877 0.065607 0.136905 -0.070670 -0.115390 -0.256914 0.092787 -0.221770 0.047580 -0.350036
0.013390 -0.228208 0.115915 -0.009189 -0.406710 0.060866 -0.027092 0.045364 0.102884 -0.130278 -0.313585 0.199316 0.170530 -0.149384 0.041020 -0.067191 0.333263 -0.406698 0.039789 0.115194 0.053329 -0.198316 0.039153 0.150853 -0.058354 -0.117140 0.261140 -0.103786 0.004048 0.046492 0.046277 -0.041312 -0.204323 -0.123155 0.338966 -0.008282 -0.017591 -0.068780 -0.097377 -0.149717 -0.051941 -0.030298 -0.648706 -0.018672 -0.217619 -0.154532 -0.069272
0.093667 -0.120328 -0.170799 0.032349 0.042815 0.131166 0.055734 -0.074993 0.276061 0.126109 -0.221826 -0.182518 0.031157 -0.083364 0.057009 -0.048548 -0.052937 -0.185104 -0.065494 0.190624 -0.462674 -0.054718 -0.206851 -0.455408 0.058083 -0.303167 -0.115285 -0.512120 0.125657 -0.012935 -0.029134 -0.223387 -0.459375 -0.215543 0.061781 -0.125992 0.086224 0.021580 -0.145666 0.026490 -0.129711 0.083837 -0.362067 -0.195106 0.001904 -0.146570 0.025452
-0.119826 -0.017688 -0.001781 -0.035956 0.285703 0.143407 -0.083614 -0.192276 0.188953 0.098502 -0.111923 -0.380416 -0.315418 -0.161889 0.038313 -0.083620 -0.030893 0.220641 -0.190780 0.024668 -0.075746 -0.081980 -0.284248 -0.051888 -0.097964 -0.163386 -0.015475 -0.230726 0.165197 0.022578 -0.065311 -0.043923 -0.124519 -0.031099 -0.012402 -0.028802 -0.160175 0.022136 0.015673 0.078951 -0.048729 0.105073 0.074131 -0.082339 -0.001206 -0.124869 0.115509
-0.026590 -0.142078 0.046601 0.225204 0.047517 0.127392 -0.188571 0.093534 -0.122573 0.024113 0.078042 0.060794 -0.175657 0.040614 0.162202 0.186425 0.137335 0.161863 0.060141 -0.225427 -0.128966 -0.142721 -0.111737 -0.043861 -0.018912 -0.015617 -0.016004 0.006504 0.036064 0.045732 -0.302892 -0.470475 0.024133 -0.045695 0.034730 0.167644 -0.111195 0.004799 -0.102311 -0.006876 0.049101 -0.056119 0.076218 -0.089109 0.057939 -0.080505 0.156898
-0.089884 -0.221374 -0.073574 0.075879 0.050711 0.168018 -0.061765 -0.053875 0.111899 0.044197 -0.214098 -0.219167 0.256314 0.017707 0.027551 -0.036044 -0.257996 -0.196888 -0.050473 0.002474 -0.120005 -0.117777 -0.268314 -0.099367 -0.117949 -0.308768 -0.202856 -0.345496 0.182140 -0.055562 -0.044064 -0.212996 -0.059972 0.081679 0.073456 0.036616 -0.290550 -0.019923 -0.218691 -0.219613 0.071606 0.047339 0.145125 -0.158747 0.002723 -0.173918 0.091422
-0.075549 -0.132743 0.022098 0.221891 -0.042751 0.049457 0.070725 -0.236171 0.047699 -0.062772 -0.000140 -0.083006 0.053923 -0.325286 0.094757 -0.061367 0.041408 0.024088 -0.081579 0.035798 -0.161339 0.051245 -0.023552 -0.212765 0.007819 -0.258042 -0.115840 -0.273523 0.116312 -0.065953 0.022962 0.232917 -0.181062 -0.069463 -0.105448 -0.186882 -0.079050 -0.129603 -0.179739 0.010503 -0.000911 0.092932 0.085285 -0.093204 -0.006098 0.134213 -0.127787
-0.108049 -0.078323 0.052878 0.046390 -0.206045 -0.083863 -0.115102 0.284397 -0.052489 -0.092480 0.061676 -0.147347 -0.197613 0.188944 -0.091739 0.060033 -0.305521 -0.077943 -0.083623 -0.026097 -0.379436 -0.040554 -0.087960 0.114024 -0.137413 0.201712 0.042846 -0.002715 -0.102627 0.058957 0.088332 0.257149 -0.008111 -0.007181 -0.001030 0.063308 -0.097199 -0.000053 0.027971 0.163790 -0.160264 0.185449 -0.088346 0.096152 0.016610 0.081486 0.125964
-0.031738 -0.304427 -0.057997 0.102050 -0.099732 0.169244 0.057874 -0.096364 0.053856 -0.040644 -0.126753 -0.072090 -0.100597 0.005506 0.153200 0.137816 0.043076 -0.094218 -0.317593 0.054292 -0.210754 -0.299026 -0.094275 -0.253498 -0.004013 -0.079947 0.111355 -0.193487 0.263095 0.039778 -0.230625 -0.332166 -0.186628 -0.183877 0.009538 -0.063841 -0.190571 0.166701 -0.015061 -0.071968 -0.003050 0.061554 0.065443 -0.185190 0.139215 -0.227359 0.027825
-0.003255 -0.139329 -0.081658 0.153544 -0.118840 0.140238 0.186083 -0.116344 0.137363 -0.045417 -0.260965 0.209100 0.103209 -0.067049 -0.150696 -0.008879 0.113933 -0.056281 -0.095863 0.095825 0.110248 -0.201763 -0.281260 0.022569 -0.030179 -0.087155 0.151677 0.112018 0.088857 -0.155287 -0.130567 -0.043099 0.073106 0.054906 -0.046279 -0.267850 -0.121166 0.084421 0.104325 -0.128355 -0.162011 -0.001836 -0.077094 -0.126628 -0.122305 -0.081772 -0.052492
-0.058209 -0.168225 0.065859 -0.291235 0.188018 -0.140508 -0.436514 0.256182 -0.091936 -0.003802 0.076215 -0.124501 -0.299625 0.164593 -0.083565 -0.118308 -0.019194 0.160324 -0.112752 -0.067185 -0.190831 -0.061818 0.314528 0.184152 -0.039145 -0.034870 -0.074652 0.076248 -0.063233 0.000103 0.148947 0.096002 0.065677 0.048195 -0.015834 0.197945 -0.058315 -0.231292 0.151462 -0.018061 -0.095151 0.006031 -0.064912 0.058933 -0.109617 0.101382 0.169077
0.033843 -0.079463 -0.146704 0.137139 0.022646 -0.001078 -0.206170 -0.039855 -0.116613 0.072742 -0.109389 -0.013114 -0.031851 0.155027 0.043970 0.096121 0.131089 -0.074269 -0.169415 0.059283 -0.067558 -0.144813 -0.151934 0.036931 -0.012343 -0.044909 0.059160 0.086002 -0.065647 -0.127041 -0.016072 -0.126259 -0.204331 0.055641 0.033410 -0.068759 -0.018985 0.106472 -0.010543 0.223412 -0.075821 0.107092 -0.291304 0.131102 0.032247 0.314578 -0.003772
0.064434 -0.238465 0.067054 0.102150 -0.130865 0.069354 -0.295131 -0.132803 0.128663 0.069469 0.050215 -0.080450 -0.096917 0.096605 -0.007217 -0.044819 -0.052858 -0.296831 -0.135374 0.193266 -0.350222 -0.152858 -0.142179 -0.030686 0.040679 0.015554 0.088619 -0.035763 0.228028 -0.048804 -0.213320 -0.120152 -0.091589 0.052957 -0.009601 -0.095718 -0.116120 -0.000776 -0.075999 0.048463 0.011144 0.096815 -0.095101 0.037466 0.129801 -0.142502 -0.103711
0.023157 -0.193363 0.092983 -0.060852 -0.111583 0.095660 -0.048771 -0.135043 0.158639 -0.031850 -0.194843 -0.024766 0.057766 -0.067566 -0.045187 0.102629 -0.035801 -0.066310 -0.203930 0.100684 -0.138982 -0.202187 0.067901 0.132651 -0.013185 0.038861 0.167505 0.052627 0.036011 -0.211488 -0.059339 0.044191 0.111827 0.044327 0.029309 -0.140365 0.090652 -0.024635 -0.004182 0.056734 0.061680 0.016130 -0.235384 0.039281 0.045495 0.069401 -0.136450
0.030522 -0.143836 0.129945 0.137703 -0.201253 -0.080060 -0.033028 -0.259619 0.125234 0.019247 -0.246048 -0.056115 0.070776 -0.046117 -0.075245 0.087860 0.153255 -0.150653 -0.054985 -0.110190 -0.085819 -0.110053 -0.071708 -0.194409 -0.037382 -0.114012 0.168944 0.043209 0.320417 0.039751 -0.214260 -0.036643 0.104655 -0.137223 -0.219470 -0.032832 -0.095035 0.061528 -0.070374 -0.110695 0.029592 0.082676 -0.142428 -0.041594 -0.001704 0.270364 -0.160868
0.016531 0.032597 -0.152154 0.022428 0.105627 -0.018589 0.177389 -0.054410 0.156334 -0.026866 0.028128 0.067987 -0.038561 -0.065437 0.047519 0.065989 -0.062065 -0.166311 0.029280 0.006779 -0.207247 -0.058278 -0.077333 -0.003943 0.033031 0.128337 0.126414 -0.260372 0.055979 -0.024402 -0.096608 0.123586 -0.007592 -0.059684 -0.100433 -0.035835 -0.071631 -0.080772 -0.097616 0.085656 -0.040500 -0.101192 -0.254896 -0.034242 -0.130083 -0.028260 0.086484
0.067188 0.001279 0.135976 -0.199525 -0.140186 -0.057322 0.214970 -0.070128 -0.067693 0.020129 0.058624 -0.146298 -0.094547 0.059599 -0.128685 0.023635 0.037369 -0.080195 0.130965 -0.117597 -0.493654 0.063707 -0.096418 -0.084347 0.047828 0.122477 -0.033352 -0.000882 -0.009580 0.044958 0.001087 -0.033457 -0.109745 -0.107569 -0.050117 -0.133324 -0.006739 0.026826 0.118246 0.035483 0.159074 -0.068988 -0.175260 -0.157392 -0.104676 0.011039 0.059987
0.070926 0.035789 -0.058856 -0.052575 -0.059952 0.056774 -0.160879 0.030447 -0.080673 0.105881 -0.079356 -0.083081 0.070743 0.059511 -0.037040 0.157567 -0.156765 -0.206794 0.014129 0.001816 -0.388481 -0.042644 0.026547 -0.119629 0.056107 0.147902 -0.191719 -0.233792 0.089325 -0.098811 0.132945 -0.132385 -0.197016 -0.048805 -0.017965 -0.241735 -0.040696 -0.131254 -0.211346 0.095679 -0.003900 -0.012837 -0.170632 0.118005 -0.051228 0.087032 0.047339
0.037575 -0.014923 -0.077212 -0.036090 -0.104189 -0.105077 -0.070681 -0.111864 -0.095789 0.019260 0.158259 0.044907 0.118167 0.015244 -0.065882 0.023993 0.105166 0.079502 -0.096954 -0.076003 0.058146 -0.041197 -0.001107 0.047168 0.056923 0.182664 -0.051940 0.078000 0.154798 -0.070402 -0.105594 -0.120556 -0.147624 -0.055936 -0.113486 -0.343810 0.003256 -0.064489 0.170545 0.110121 0.020449 0.084921 -0.300743 0.050704 -0.054577 -0.091900 -0.052780
-0.052484 -0.018067 -0.111603 0.120114 0.074324 0.096017 -0.202477 0.062291 0.186935 0.120077 -0.104778 -0.245355 0.137587 -0.032148 0.095501 0.064048 0.080696 0.021422 -0.012793 0.136969 0.022095 -0.016497 -0.004578 -0.024044 -0.043624 0.041192 -0.042165 -0.140033 0.148993 -0.158430 -0.061936 -0.248313 -0.334538 0.072148 0.048397 -0.056337 -0.165332 -0.294428 0.190085 0.121446 -0.035930 0.036869 -0.280093 -0.019180 0.037328 0.153499 0.006625
0.023665 -0.097742 -0.018569 -0.168305 0.075374 -0.047008 -0.171104 -0.116318 0.155270 -0.069034 0.111195 0.098803 -0.165395 0.156263 -0.053449 -0.045745 -0.073109 -0.007904 0.041932 0.101603 0.017472 -0.023081 0.007867 0.268994 0.020101 0.100843 0.136602 0.137056 0.089387 -0.110982 0.125108 -0.100569 0.128888 0.172697 0.057507 -0.116959 -0.029353 -0.112473 -0.001949 -0.195896 0.054799 0.000331 -0.150400 0.027741 -0.093963 -0.077996 -0.097783
0.110018 0.060282 -0.000180 0.062343 0.011153 0.086758 -0.270987 0.126176 -0.140288 0.071893 0.051725 0.100465 0.122720 0.115663 -0.118351 -0.025649 0.079497 -0.026587 -0.228902 -0.110836 -0.004419 -0.135430 -0.078061 -0.031116 0.027542 0.093833 0.160619 0.009978 0.178618 0.116774 -0.257575 -0.203741 -0.062916 -0.158234 -0.106496 -0.223156 -0.037417 0.003474 0.030467 -0.029096 -0.034814 -0.083102 -0.127455 -0.065088 0.036356 0.032494 -0.055645
0.111507 -0.059397 0.151590 -0.047639 -0.097333 -0.115892 -0.019550 0.001713 0.074097 -0.054272 -0.215801 -0.117918 0.105083 -0.255582 0.100322 0.072096 0.145352 -0.204732 -0.051100 0.054450 -0.076916 -0.178454 -0.105070 0.088772 0.037238 0.033516 -0.137391 -0.037676 0.030019 0.025439 0.020906 0.171199 0.047025 -0.021289 -0.188783 -0.052433 -0.074272 -0.184256 -0.032606 0.251975 0.078945 -0.032270 -0.037403 0.049987 0.016573 0.133288 -0.037143
-0.019270 -0.142769 0.043435 0.182076 -0.136273 -0.029991 -0.211061 -0.008786 -0.051233 -0.002271 0.062512 0.159154 0.092631 0.134573 -0.126893 0.008078 0.080194 -0.062145 -0.121563 0.136348 -0.291407 -0.012375 0.058585 0.037970 -0.023963 0.215070 -0.021757 0.127203 0.101309 -0.094306 0.035830 0.072275 0.022184 0.059635 0.132321 -0.167302 -0.056894 -0.297024 -0.048192 0.195761 0.004250 0.007208 -0.242047 0.057989 -0.043285 -0.008290 -0.169373
-0.003070 -0.107281 -0.144959 0.159731 -0.014001 0.101878 -0.056836 -0.003474 0.067539 -0.022370 -0.027579 -0.044249 0.030463 0.118043 0.181837 0.072106 -0.040107 -0.077820 0.022522 0.116258 -0.372178 -0.121675 0.062404 0.048034 0.012511 0.121558 0.017976 0.062539 0.157488 -0.320051 -0.133463 -0.062077 -0.171884 0.101450 0.049361 -0.015596 -0.124143 -0.148719 0.034532 0.073519 -0.016784 0.077646 -0.026121 0.020377 -0.130484 0.008838 -0.125822
-0.015895 0.036368 -0.207946 0.006445 -0.031089 0.117234 0.051166 -0.434268 0.043490 -0.008761 0.222922 0.206787 0.100029 -0.280856 -0.065210 0.052191 0.211666 0.237337 0.010445 -0.000490 -0.074463 -0.068898 0.063302 -0.028095 0.078731 -0.150614 -0.052599 0.009054 0.075951 -0.247152 -0.091645 0.035121 -0.278760 -0.225849 0.150745 -0.277840 -0.086982 -0.115563 0.098659 -0.029141 0.067417 -0.101216 -0.202841 -0.003659 -0.243539 -0.005903 0.007609
0.025583 -0.001473 -0.005192 -0.223675 -0.352518 -0.085031 0.061533 0.125853 0.205147 0.042067 -0.102589 -0.525551 -0.213168 0.049972 -0.012066 0.039839 -0.368744 -0.178994 0.052682 -0.127619 -0.199922 0.012438 0.049687 -0.049436 0.018958 -0.019308 -0.244423 -0.128540 0.060710 0.139522 0.047039 0.222643 -0.173220 -0.084805 -0.171080 -0.135224 -0.116392 -0.028388 0.052334 -0.085325 0.043431 0.043458 0.027809 0.174972 -0.025346 0.082563 0.024907
-0.087421 -0.040858 0.061062 -0.004158 0.168729 -0.099690 -0.016488 -0.288911 -0.055071 -0.254948 -0.074245 0.123698 -0.003080 -0.085946 -0.187068 0.124359 0.018594 -0.101598 -0.078628 -0.125316 0.286220 0.035559 0.012566 0.283096 -0.050224 0.218659 -0.031587 0.206057 0.044334 -0.104096 -0.202485 -0.313311 -0.152155 -0.000253 -0.063074 0.052231 -0.326585 -0.180845 -0.113638 -0.070312 0.197179 -0.011575 -0.170503 0.111003 -0.081279 0.217130 -0.024245
-0.016552 -0.186746 0.159446 -0.084746 -0.175412 0.040757 -0.118276 -0.386532 0.062706 -0.025022 0.097717 -0.211375 0.040256 -0.003794 0.171624 -0.047711 0.072678 0.033117 0.381676 0.072482 -0.194374 0.235501 -0.007949 0.116997 -0.200215 0.016817 0.100252 0.081877 0.034007 -0.105708 -0.169370 -0.058508 -0.113497 0.052996 -0.103094 -0.084792 -0.088991 -0.027733 -0.252505 0.049042 0.059963 -0.001937 0.181974 0.019077 0.239335 -0.056845 0.057541
0.009072 0.180035 0.192704 0.279435 0.027592 -0.051080 -0.387197 -0.127153 -0.262026 -0.029790 0.052266 0.084446 0.089700 0.207282 0.127217 0.141450 -0.104751 -0.231841 0.171445 0.223120 0.207244 0.093535 -0.328442 -0.218133 -0.129186 -0.352312 -0.317690 -0.040437 0.096306 -0.102349 -0.204717 -0.047011 -0.227160 -0.070938 -0.207380 0.195481 -0.123122 0.071058 -0.160655 0.147235 -0.104971 -0.123940 -0.112737 -0.195210 -0.018503 0.038177 0.013308
-0.128416 -0.354836 -0.186233 -0.104435 -0.036678 0.037127 -0.033123 -0.457126 -0.052579 -0.012399 0.259487 0.075392 -0.136225 0.049911 0.027011 0.058813 0.172456 0.248369 -0.158356 -0.290246 -0.027479 0.099020 -0.095841 0.114968 -0.044204 -0.139920 0.030008 0.170354 0.185262 0.159958 -0.642870 -0.163735 -0.337839 -0.051492 0.087166 -0.388544 -0.352766 0.134100 0.049591 -0.088935 0.021633 -0.074363 0.146654 -0.082906 -0.041768 0.078537 0.103442
-0.025410 -0.062332 0.103608 0.027900 0.023945 0.146448 -0.147736 0.110129 0.133540 0.070958 0.099793 -0.125973 -0.535525 -0.006726 -0.072649 -0.210697 -0.468299 0.099522 0.028758 0.113110 0.256496 -0.127184 0.196237 0.021933 -0.005869 0.057621 -0.077666 0.019010 0.251430 -0.033993 -0.183983 0.030075 -0.038213 0.161869 0.127522 -0.096623 -0.153677 -0.092025 -0.037125 0.041552 -0.125053 -0.033552 -0.264245 -0.262853 0.008745 -0.015269 -0.150404
-0.028706 0.046037 0.069393 0.141332 -0.119461 -0.175708 -0.360008 -0.084411 -0.218699 0.002375 0.050336 0.080616 0.022211 0.155634 -0.044344 -0.303061 -0.179447 -0.225725 0.176990 0.167838 -0.012809 0.027870 0.020482 0.178602 -0.050776 -0.156135 -0.294454 0.331936 -0.049608 0.007694 -0.001237 -0.002269 -0.035466 0.129430 0.073315 0.008520 -0.115973 -0.295919 0.038753 0.083090 -0.215719 -0.145254 -0.302909 0.057397 0.015454 0.059840 0.091037
-0.170731 0.032063 -0.038026 0.168593 -0.128091 0.066781 -0.134929 0.087047 -0.020248 0.029057 -0.021723 0.071923 0.243218 0.109408 -0.131266 -0.017951 -0.075446 -0.035777 -0.212214 0.213629 0.154371 0.008125 0.096695 0.120063 -0.060409 -0.196910 -0.111425 0.143656 -0.008785 0.083723 0.095397 -0.023981 0.024970 0.279400 0.032690 0.070973 -0.070435 -0.055665 -0.067555 0.019627 -0.281004 0.067451 -0.127214 -0.153850 -0.120863 -0.163127 -0.053225
0.030250 -0.091939 0.057805 0.177496 -0.080112 0.001265 0.145750 0.118901 -0.099064 -0.361870 0.164769 -0.022048 -0.077010 -0.157303 -0.095050 0.142510 0.136650 -0.005004 -0.249065 -0.070466 -0.030501 -0.066337 -0.046902 0.021360 -0.112475 -0.076185 0.119694 -0.102454 -0.016214 0.027212 0.020046 0.156689 -0.015138 0.023223 -0.119975 0.047874 -0.151581 -0.059867 0.159507 -0.141704 0.043554 0.133446 -0.015291 0.069881 -0.007720 -0.143555 -0.006325
-0.065073 -0.091783 -0.041262 0.034700 -0.075142 0.115544 0.012192 -0.032225 0.073258 0.099230 0.229200 -0.188898 -0.197749 0.133856 -0.224275 0.047711 0.018511 0.152317 -0.309997 0.050494 -0.267873 -0.140668 -0.116939 0.011033 -0.082020 0.143640 -0.026254 -0.038331 -0.007872 0.051972 0.003205 -0.030785 -0.041928 0.068470 0.218021 0.071425 -0.279256 -0.064419 -0.042339 -0.278361 -0.120099 0.255747 -0.044119 -0.059686 -0.028983 0.029945 0.172240
-0.048560 0.003543 0.161696 -0.074533 0.071584 -0.001845 -0.078567 0.109797 0.182868 0.087767 -0.035712 -0.037248 0.100965 0.142397 -0.248737 0.039751 0.091311 0.058318 0.001157 -0.173152 -0.170568 0.158179 0.162114 0.128799 -0.089977 -0.051547 0.095805 0.025962 -0.011729 -0.067790 -0.188325 0.049618 -0.047133 0.025009 0.059639 -0.023176 -0.223839 -0.056893 -0.338088 -0.048998 0.031804 -0.076692 0.166604 -0.013422 0.089316 -0.167170 -0.017548
-0.331373 0.011490 -0.007236 -0.154013 0.155004 0.010670 0.063110 0.100286 0.007495 0.016062 0.027116 -0.071351 0.128087 -0.148497 0.045024 0.049520 0.212063 0.018569 -0.135037 -0.233131 -0.042618 0.196322 -0.244441 -0.270138 -0.110475 -0.265757 -0.106753 -0.138477 0.102511 0.080015 -0.050654 -0.134123 -0.135020 -0.113396 -0.020762 0.075261 -0.208350 0.214099 -0.241659 -0.082402 0.102050 -0.017074 0.219601 -0.026113 0.061593 -0.142059 0.163378
0.047155 -0.028975 -0.116186 -0.280469 -0.101385 0.086381 -0.036943 -0.193345 0.133950 0.102837 -0.257818 -0.214306 -0.007388 0.060346 0.113220 0.070868 0.033421 -0.250425 0.065300 -0.058725 -0.180984 -0.057362 0.236073 -0.216271 -0.079881 -0.010570 0.011604 -0.287774 0.079683 -0.008045 -0.058896 0.023198 -0.130666 -0.165186 -0.154934 -0.052581 0.034688 -0.000771 0.138703 0.045717 0.104308 0.072874 0.041342 0.053109 0.147272 0.060856 -0.026088
-0.057804 -0.059412 0.044764 0.131725 -0.189174 -0.106735 -0.149670 0.194437 -0.089823 -0.059053 0.014923 0.110431 0.106473 0.112241 -0.088844 -0.210538 0.049520 -0.055379 -0.062703 0.114107 0.049525 0.052678 -0.016757 0.127308 -0.022950 0.079953 -0.166215 0.183991 -0.156253 -0.040238 -0.114379 -0.056002 -0.171839 0.107582 -0.101934 0.170461 0.062588 -0.124574 -0.265667 -0.129691 -0.027659 0.037363 -0.058492 0.028821 -0.025552 -0.026736 0.092694
-0.023614 -0.218560 0.094804 -0.046824 -0.004040 0.039060 0.170460 -0.017329 -0.005825 -0.048056 -0.009857 -0.227951 0.138330 -0.136475 0.109720 0.102914 0.210396 0.097372 0.218450 -0.231040 0.000893 -0.076965 -0.005629 -0.100518 -0.044497 -0.096368 0.000220 0.020214 0.034871 -0.064319 -0.297694 -0.172239 -0.049871 -0.169839 -0.243793 -0.015484 0.078910 0.058623 -0.018833 -0.138801 0.069586 0.039211 0.068684 -0.141308 -0.008215 0.054978 -0.069890
0.030559 0.165017 0.101827 0.003145 -0.304788 0.128954 -0.074746 -0.156538 -0.373382 0.117258 -0.034080 -0.031196 0.021854 0.082825 0.030951 0.149939 -0.040701 -0.109576 -0.050186 -0.030464 0.000392 -0.053962 -0.149710 -0.130864 -0.045186 0.012171 -0.050052 -0.334122 0.041126 0.072228 0.109343 -0.115118 -0.104757 -0.299285 0.135309 -0.174773 -0.106624 0.045620 -0.117255 -0.091247 0.106694 0.068347 -0.076596 0.026427 -0.111758 0.247635 0.110430
-0.012648 0.058326 0.136979 -0.246406 -0.049236 -0.094484 -0.162690 -0.076644 0.103838 -0.172863 0.144221 -0.050007 -0.032384 0.027367 -0.023555 0.094500 -0.087620 -0.034681 -0.022222 -0.087126 0.163202 -0.125896 0.063496 0.061114 -0.052301 -0.028189 -0.069529 0.006415 -0.079465 0.096492 -0.143157 0.074270 0.239877 -0.048419 -0.070577 -0.022282 0.015969 -0.025286 0.189254 -0.179311 0.035654 -0.033510 0.005880 0.077507 -0.170754 0.143870 0.207941
0.104103 0.069327 -0.109784 -0.001725 -0.179948 0.057054 -0.315902 0.005444 -0.193160 -0.096514 0.040010 0.139497 0.011738 0.067089 -0.038164 0.060121 -0.174742 0.026960 0.080580 0.052927 0.012880 -0.029521 -0.115173 -0.173005 -0.019572 0.071478 -0.260612 -0.153834 0.086271 -0.015609 -0.065910 0.167133 0.004873 -0.089639 0.126465 -0.053939 -0.022168 0.024916 -0.021985 -0.035667 0.169179 0.037480 -0.018151 -0.007005 -0.055234 0.066196 -0.033095
-0.073142 0.091626 -0.022197 0.201558 0.087139 0.016725 0.179252 0.072702 -0.045656 0.011148 -0.107426 -0.072918 0.065200 0.009018 0.114426 0.065694 0.096670 0.064108 0.135101 0.136442 0.050711 0.084954 -0.130724 -0.182433 -0.019112 -0.170896 -0.217220 0.034857 0.056869 0.053377 -0.041874 -0.097867 -0.096470 -0.145821 -0.153836 0.067877 0.086380 -0.055022 -0.273107 -0.143817 0.087256 -0.130364 -0.077436 -0.102306 -0.007016 -0.103739 0.139551
0.008945 0.057093 0.064523 0.066751 -0.239798 0.031497 -0.232669 0.073549 -0.134066 0.051587 0.029020 0.023755 -0.018516 0.034569 -0.106360 -0.002593 -0.179717 -0.166150 0.067069 0.118741 -0.029188 -0.022686 0.032634 -0.100638 0.095712 -0.132148 0.052673 0.085270 -0.055048 0.100608 -0.043877 -0.112020 -0.056323 -0.142942 -0.037703 -0.001894 -0.123342 -0.003466 0.066551 0.038958 0.100445 -0.066674 0.009448 0.203964 -0.060909 0.032888 -0.011907
-0.023230 -0.060224 0.048865 -0.157451 -0.222900 0.069880 -0.216339 -0.034477 0.171774 -0.020860 0.100444 -0.280829 -0.016389 -0.081989 0.094683 0.160779 -0.167348 -0.147933 -0.191972 -0.089897 0.313208 0.085532 0.113431 0.014539 0.000762 -0.090458 -0.353648 -0.003107 -0.027627 0.149323 -0.438224 0.179163 -0.036719 -0.117484 -0.093766 -0.089196 0.043082 -0.006586 -0.066977 -0.137023 0.097238 -0.104985 -0.041462 -0.046402 0.047079 0.247408 0.131226
0.034321 -0.104418 0.055704 -0.050778 0.006202 -0.058116 -0.003162 -0.038483 0.193256 0.021712 0.072034 -0.213054 0.046788 0.037999 0.093121 0.020754 0.054085 -0.048298 0.111988 0.059354 0.073214 -0.031980 -0.174789 -0.143862 0.030817 -0.048972 -0.220917 -0.071147 -0.025439 -0.010073 -0.052204 -0.130463 -0.039725 -0.142094 -0.004543 0.044134 0.115730 0.119072 -0.106688 0.111108 0.015264 -0.114014 -0.064998 0.016900 -0.023943 -0.018138 0.064013
0.029369 -0.010098 -0.045304 -0.007959 -0.278916 0.138031 -0.009623 -0.143140 -0.344267 0.086925 0.054815 0.205558 0.069812 0.162868 0.001438 0.024538 0.016451 0.046514 0.083388 -0.013170 0.016984 -0.134646 0.063710 -0.020966 0.016836 0.125134 -0.111382 -0.083945 0.050935 0.127290 0.013947 -0.006595 0.005079 -0.035645 0.008215 -0.172202 0.043703 0.058660 -0.202879 -0.064316 0.159353 -0.079205 0.066456 -0.018391 -0.086671 0.104292 0.014865
-0.071062 0.023607 -0.140213 -0.113631 -0.112460 -0.027263 -0.027902 -0.120781 -0.051653 -0.081163 -0.036355 0.148730 0.055115 -0.064557 -0.065205 0.208538 0.144754 -0.038715 -0.026441 -0.006990 -0.032759 -0.112155 -0.169437 -0.042204 0.078526 0.024592 -0.044336 0.228920 0.129514 0.091778 -0.018881 0.051940 -0.184277 -0.110486 0.054606 -0.145049 0.152147 0.106415 0.015575 0.199406 -0.156162 0.106128 -0.277262 -0.059132 0.023565 0.112533 0.023733
-0.074157 -0.020155 0.100615 0.138176 -0.273722 0.026511 -0.162843 0.044318 -0.220414 -0.205158 -0.205191 -0.058262 0.027453 0.045782 -0.038362 0.074430 -0.358191 -0.044686 0.127078 0.108067 -0.026885 0.047456 0.026244 -0.060846 -0.037110 0.061370 -0.092771 0.006735 0.038934 -0.057527 -0.143411 -0.063605 0.120893 -0.350164 0.101035 0.046930 -0.013280 -0.258508 0.122095 -0.083970 0.081158 -0.083959 0.129941 -0.168639 -0.062684 0.191103 -0.135431
-0.042124 -0.059377 -0.087317 0.060354 -0.062443 -0.033307 -0.245440 0.164472 -0.005687 -0.271736 0.074979 0.051126 0.060791 0.121726 -0.349548 -0.001782 -0.149223 0.044699 0.160102 0.158365 0.049137 -0.002100 0.017348 0.020845 0.003809 0.197225 -0.105109 0.044404 -0.028177 0.040901 0.019027 0.107390 0.182421 0.016813 -0.024037 0.119746 -0.062367 0.040375 0.130818 -0.153999 -0.046630 -0.243801 -0.103110 -0.070586 -0.070025 -0.110208 0.118171
-0.145494 -0.136427 -0.022838 0.272065 -0.091855 -0.002678 0.069575 0.081680 -0.110987 0.052647 0.055959 -0.003406 -0.147517 0.040767 0.045502 0.126332 0.114151 0.127122 0.115665 0.103098 0.116424 -0.018734 -0.079597 -0.010695 -0.023901 0.030531 -0.044212 0.102291 -0.081707 0.121269 0.032856 -0.085400 0.044290 -0.144049 -0.102120 -0.017212 0.043395 -0.148119 -0.110874 0.046039 0.056857 -0.271857 0.094192 -0.142682 -0.070263 0.116176 -0.039105
-0.358509 -0.142949 0.147585 0.085445 -0.364198 -0.085389 -0.294943 0.393319 -0.312735 -0.531560 0.029419 -0.239379 0.032257 0.031677 -0.256175 0.050257 -0.080090 0.050615 0.143311 0.256593 0.106405 -0.077537 0.057028 0.122331 -0.267976 0.231016 -0.466173 -0.113463 0.023570 0.215507 -0.030047 0.017709 -0.044951 0.025598 0.184833 0.210879 -0.073936 -0.111825 0.045066 -0.032140 -0.008910 -0.100094 -0.140445 0.009257 -0.344585 0.002432 0.236640
-0.123124 0.010177 -0.136859 0.107280 0.003193 0.132819 -0.189864 -0.021495 -0.068367 -0.499592 -0.119885 -0.171527 0.211496 -0.034682 -0.247787 0.038811 -0.252211 -0.032740 0.122312 0.192198 0.246036 -0.043136 -0.014015 -0.143471 -0.160955 -0.024359 -0.092419 -0.355076 0.219829 0.107270 -0.109423 0.349726 0.109267 0.073783 -0.082318 -0.133762 0.090404 0.125345 -0.076487 -0.192256 0.151114 -0.188702 0.238441 0.013679 -0.289755 -0.238477 0.022874
-0.054620 -0.184872 0.092422 0.027439 -0.190851 -0.018606 -0.088771 0.043050 -0.039218 -0.208184 -0.071348 0.203072 -0.110177 0.111037 0.139607 -0.031707 0.046564 -0.128777 -0.047335 0.021916 0.033444 -0.044448 -0.033726 0.135693 -0.209316 0.128850 0.037463 0.125919 -0.244647 0.242093 0.034777 0.065832 -0.015725 0.120347 -0.063203 0.188777 -0.062460 -0.098612 0.297594 -0.056294 0.033153 -0.085768 -0.217312 0.043477 -0.166680 -0.043220 0.063560
-0.139380 -0.054311 0.095769 0.207014 -0.089419 0.045936 -0.169317 0.267600 -0.195304 0.009918 0.007057 0.157167 -0.142436 0.099497 -0.226115 0.055941 -0.021636 -0.032188 0.013152 0.133920 -0.080080 0.006171 -0.130278 0.056839 -0.179071 -0.165377 -0.401818 -0.091455 0.080559 0.182057 -0.192093 -0.002331 -0.012588 -0.085995 -0.038887 0.145937 -0.015856 -0.137754 -0.017626 -0.069925 0.164561 -0.168216 0.155703 -0.008592 -0.204601 -0.011765 0.081914
0.038203 -0.012959 -0.054444 -0.013415 0.004415 0.246661 0.031747 -0.431941 -0.061650 -0.003204 -0.187395 -0.062224 0.216776 -0.158248 -0.017619 0.086326 0.003733 -0.057250 0.071641 0.081130 -0.014854 0.013758 -0.431556 -0.168967 0.126253 -0.174871 -0.027603 -0.414192 0.130819 -0.196808 0.120385 0.120345 -0.259453 -0.156223 -0.084569 -0.191792 -0.048484 0.130118 -0.054365 0.125709 -0.000527 -0.083532 -0.118510 -0.019466 -0.088185 -0.120367 -0.017957
0.007018 -0.073842 0.078111 -0.189859 0.023551 -0.073585 -0.127105 -0.174466 0.121930 0.056963 -0.244434 -0.326194 0.146276 -0.274172 -0.045133 -0.130187 0.077591 -0.327697 -0.027479 -0.016462 -0.441895 -0.006779 0.108739 -0.040629 0.110371 -0.095097 0.260025 -0.034812 0.098464 -0.045502 0.241071 -0.087701 0.017262 0.211961 0.277145 0.045458 0.100296 -0.389070 0.125110 0.218707 -0.329428 -0.071917 -0.227847 -0.038911 0.034360 -0.015788 0.125139
0.184605 -0.229831 -0.176259 -0.105791 0.087004 0.125000 0.027279 -0.113470 0.156229 0.159887 -0.182656 -0.153303 0.060897 -0.281449 -0.090818 -0.212734 -0.062858 -0.100704 -0.093842 0.194423 -0.395819 -0.170228 -0.253891 -0.241684 0.131367 -0.255228 0.001257 -0.354083 0.087265 0.028972 0.021945 -0.135722 -0.081688 0.072979 0.158513 -0.034348 0.036137 -0.028904 -0.139805 0.209785 -0.025386 0.043406 -0.158620 -0.168399 0.167677 -0.188728 -0.000686
-0.121547 -0.076119 -0.013622 -0.163745 -0.002185 0.035455 -0.188316 0.002408 0.088658 0.014913 -0.051847 0.058231 -0.005698 0.091732 -0.068779 -0.094199 -0.179749 -0.192746 0.127240 0.241344 -0.167436 0.114471 0.049807 -0.072969 0.033465 0.155429 -0.100441 0.107517 0.127979 -0.055699 -0.051407 0.142980 -0.014462 0.148731 0.052046 0.082707 -0.350848 -0.010871 0.111087 0.158674 0.042721 -0.158486 -0.079565 0.093900 -0.009933 0.055623 -0.179582
-0.002320 -0.178498 -0.209616 -0.026242 0.053743 0.018532 0.095593 -0.165397 0.068525 0.047848 -0.236780 -0.274411 0.166288 -0.181091 -0.109377 0.121271 0.121082 -0.168947 0.090882 0.256808 -0.059385 0.030518 -0.271063 -0.160741 0.104001 -0.051735 0.076013 -0.366383 -0.041663 -0.086564 0.088304 -0.073743 -0.018654 0.041477 0.089280 0.022861 0.095368 -0.050823 -0.091057 0.137198 -0.225886 0.002736 0.085210 -0.149297 0.018719 -0.163966 -0.052090
0.013717 -0.127927 -0.204457 -0.284870 -0.024878 0.091770 -0.027181 -0.170297 0.057776 0.056741 -0.239699 -0.204280 0.198407 -0.175837 -0.152566 -0.057356 -0.034676 -0.088858 0.051415 0.021760 -0.222500 0.034447 -0.291186 -0.134893 0.186871 -0.239704 -0.057563 -0.314011 0.194058 -0.071114 0.095416 0.107910 -0.079698 0.045436 0.063609 0.003701 -0.040833 -0.172213 -0.119696 0.230585 -0.035818 0.112156 -0.005123 0.065054 -0.048680 0.032517 -0.106460
-0.045951 -0.114707 0.041414 -0.169912 0.103134 0.142757 -0.031623 0.038427 0.127556 0.124818 -0.099668 -0.107658 0.040360 0.025079 -0.042957 -0.188732 -0.069867 -0.163663 -0.052543 0.093397 -0.092395 0.012339 0.059931 -0.131741 -0.022536 -0.163929 0.071362 -0.155560 0.042334 -0.106848 -0.051127 -0.065882 0.140711 0.033233 0.099396 -0.066294 -0.061368 -0.009776 0.004315 0.063588 0.066247 0.131923 -0.105173 0.007846 -0.086701 -0.093438 0.002892
-0.011257 -0.038460 -0.255163 -0.020969 0.147772 0.148525 -0.066000 -0.018010 0.031189 -0.001779 0.018348 -0.125135 0.190063 0.014481 -0.140455 -0.005649 0.052263 0.008155 -0.022015 0.077480 0.040323 -0.075784 -0.162245 -0.113415 0.069365 -0.117783 0.090069 -0.134891 0.041898 0.028208 0.089974 0.016381 -0.035256 0.032399 0.084724 -0.167294 -0.011329 0.195087 -0.036785 -0.057639 -0.216890 0.106780 0.218701 -0.159641 -0.052801 -0.111773 -0.159881
0.019282 -0.009070 -0.028929 -0.064416 0.063283 0.017864 0.014226 0.005654 0.107575 0.083557 0.042630 0.090947 0.047577 0.099069 0.056282 -0.051537 0.135937 -0.198922 -0.372465 0.029927 -0.044759 0.028465 0.175908 -0.210398 -0.044783 -0.021274 0.064612 -0.111021 0.023676 -0.024292 0.020357 0.062093 -0.116363 0.081562 -0.059520 0.081459 0.008143 -0.049159 0.198445 0.077814 0.190150 -0.093065 -0.118694 0.043761 0.004615 -0.187077 0.054598
0.011888 0.023346 -0.097435 0.012124 0.055878 0.155299 -0.123573 0.100665 -0.035217 -0.016981 -0.199145 0.320114 0.060843 0.050099 -0.061660 0.082111 -0.058930 -0.132507 -0.057236 -0.047923 0.054533 -0.104453 0.056971 -0.021409 -0.005975 -0.195537 0.180371 -0.070587 -0.028729 0.002537 -0.002973 -0.183130 -0.223021 0.050432 0.023257 -0.090685 0.001309 -0.011210 0.073948 -0.045997 -0.118943 0.004631 -0.150460 -0.116477 0.092483 -0.072556 -0.010448
-0.031757 0.018148 0.103072 -0.280583 0.016420 -0.001226 -0.022223 0.047805 0.152105 0.105487 -0.081451 -0.207207 0.073801 -0.134388 0.128403 0.029996 -0.052172 -0.040017 -0.130204 -0.067887 -0.174793 -0.124559 0.039529 0.053336 0.068490 -0.167113 -0.045939 -0.086046 0.151254 -0.010148 -0.005599 -0.092608 -0.103108 0.054476 -0.041290 0.043745 -0.079380 -0.064267 0.081017 0.032525 -0.128813 0.031379 -0.153579 -0.005003 -0.025877 -0.051275 -0.031401
-0.094016 -0.035183 -0.049870 -0.077080 -0.052736 0.020368 -0.317350 0.120547 0.139230 -0.022854 0.097668 -0.131490 -0.103457 0.072219 0.008994 0.048886 -0.233331 -0.161709 -0.010878 -0.054790 -0.074178 0.000747 0.161827 -0.002106 0.036285 -0.054285 0.004227 0.036712 0.083966 0.054690 -0.120741 -0.115275 -0.099060 0.118814 0.051432 0.125450 -0.117700 -0.104184 -0.016631 0.021131 -0.059977 0.006120 -0.133354 0.006460 0.099051 -0.022227 0.075196
0.134142 -0.011202 -0.057845 -0.051421 0.017873 0.010968 -0.195363 -0.112791 0.100528 0.013285 -0.118712 -0.269588 0.240787 -0.165163 -0.176316 -0.085546 -0.072708 -0.054818 0.042824 0.043319 -0.141433 -0.096991 -0.173094 -0.044088 0.069087 -0.210573 -0.086103 -0.183353 0.139541 0.057815 0.043130 0.039133 -0.312776 0.254631 0.193837 -0.146152 -0.237450 -0.089536 -0.145612 0.240487 -0.054322 0.104252 0.014554 0.006061 0.016444 0.085227 -0.184541
0.044460 0.083848 -0.014713 -0.269272 -0.004040 -0.053178 -0.042910 -0.253033 0.025027 -0.045699 -0.037407 -0.348116 -0.018927 -0.109558 0.106360 -0.057218 -0.155803 -0.050057 0.007311 -0.032680 -0.268639 -0.008097 -0.042535 -0.169612 0.053745 -0.210458 0.070920 -0.236553 0.131847 0.093993 0.056552 -0.032455 -0.058619 0.029120 0.004190 -0.023678 0.020823 -0.037896 0.044920 0.094040 0.030815 0.154952 -0.096252 -0.004965 -0.062985 -0.059133 0.039853
-0.018600 0.094013 -0.081115 0.121201 -0.072805 -0.216239 -0.200365 0.064019 -0.086792 -0.112983 -0.016180 0.060410 -0.039281 0.152128 -0.024845 -0.058014 0.059020 -0.090103 0.059620 0.000124 -0.172417 0.027790 0.102386 0.033145 0.038178 0.003331 -0.000887 0.016587 -0.023366 0.080467 -0.006192 0.084219 -0.143077 0.273196 0.084771 0.168555 0.008416 -0.376201 0.203277 -0.134477 -0.120755 -0.016534 -0.102394 -0.055802 -0.130899 -0.204417 0.168861
0.041676 -0.019110 -0.105211 -0.061681 0.069171 -0.021998 -0.195214 -0.009928 -0.004190 0.103012 0.007727 -0.120389 -0.113926 0.021242 -0.007133 -0.014328 -0.292028 -0.050190 0.118009 -0.040964 -0.061611 0.055797 0.156730 -0.074921 -0.091161 -0.011919 0.050950 -0.064109 0.095073 0.062939 -0.073527 -0.043083 -0.135844 0.028115 -0.083669 -0.042308 0.018534 -0.192890 -0.043689 0.075875 -0.028885 -0.006010 -0.080105 0.039102 0.089074 0.014316 0.055292
0.084906 -0.013833 -0.061090 0.103276 -0.345568 0.039455 -0.179302 0.109901 0.031627 -0.127378 0.026442 0.027644 -0.006687 0.083740 0.006553 0.005472 -0.133482 -0.217328 -0.029260 0.066989 -0.249698 -0.007609 -0.146560 -0.154625 0.032247 -0.023389 0.003760 0.121545 -0.180857 0.073157 -0.146709 -0.231354 -0.230022 -0.136487 -0.093002 0.146018 0.066705 -0.000947 0.019438 -0.063664 -0.087311 -0.007605 -0.225103 0.066038 0.000662 -0.048410 0.042667
0.055527 0.025633 0.018137 0.142047 -0.141849 -0.074119 0.058290 -0.045369 -0.181151 0.057406 -0.029577 -0.011981 -0.035842 -0.036566 0.121452 -0.031195 -0.078085 -0.195029 0.084197 -0.059415 -0.108846 -0.024856 -0.022649 -0.215790 0.020063 0.057792 0.091108 -0.107320 0.173339 0.042598 -0.076090 0.090086 -0.542903 0.048043 -0.160125 0.080359 0.042035 -0.146392 -0.251003 -0.074138 -0.138871 0.117944 -0.198125 -0.020394 0.019883 -0.046084 -0.160460
0.058010 0.062259 -0.059659 0.086451 -0.062875 0.042146 -0.158788 0.004826 0.100806 -0.029532 0.089659 -0.004424 -0.122692 -0.018154 0.002055 -0.118475 -0.193895 -0.171251 -0.029775 0.035765 -0.110453 -0.061013 -0.048443 -0.088879 0.051300 0.146834 0.070137 -0.014514 -0.120033 -0.012601 -0.159439 0.007025 -0.083326 0.036968 0.020686 0.108343 -0.023940 0.046817 -0.017164 -0.027091 0.025170 0.125988 -0.192599 0.147052 0.011620 -0.011574 -0.094280
0.052193 0.015413 -0.104592 0.009495 -0.236081 0.078076 -0.153348 -0.057737 -0.097366 0.078441 -0.010357 0.033517 -0.005567 0.075737 0.050262 0.009531 -0.140690 -0.258009 0.059023 -0.014358 -0.256191 0.075863 -0.066240 -0.046124 0.030028 -0.027342 -0.106875 0.104753 -0.018831 -0.018642 0.042864 -0.043800 -0.096523 -0.050542 0.006814 0.130716 -0.005052 -0.035881 -0.169440 0.046016 -0.107427 0.064217 -0.161231 0.066536 -0.157830 -0.016572 -0.190116
0.033472 0.095107 -0.007366 0.036253 -0.085562 0.128142 0.027454 -0.032441 -0.025382 -0.000387 0.089583 0.159193 -0.065760 -0.142903 0.175344 -0.014309 -0.069590 0.063177 -0.083151 -0.018255 -0.039060 -0.140869 -0.197911 -0.023645 0.115386 0.057869 0.004448 -0.017780 -0.245775 -0.018216 0.096611 0.059316 -0.294955 -0.198517 0.051060 0.151681 0.214020 0.027126 -0.136782 0.064104 -0.079635 -0.003199 -0.171837 0.059929 -0.070825 -0.004562 0.155274
0.076706 -0.148998 -0.108193 0.088393 -0.412454 0.079160 -0.249842 0.084263 0.085678 0.014762 -0.183634 0.080039 -0.003632 0.030035 0.018423 -0.085035 -0.073863 0.005455 -0.051897 -0.061850 0.096834 -0.083989 -0.076590 -0.092749 -0.043668 0.052460 -0.046745 0.058425 -0.010960 0.093409 0.088775 -0.016842 -0.044840 -0.087403 0.108163 0.135725 0.004256 0.072503 -0.219444 0.010824 0.107728 0.008803 -0.254340 0.076530 -0.162109 0.023828 -0.142571
0.045859 -0.092564 -0.027338 -0.033058 -0.335046 0.189102 -0.237571 -0.029382 0.041616 0.017894 0.129552 -0.007709 -0.073769 0.060658 -0.148275 -0.095404 0.066586 -0.017649 -0.091852 -0.138897 -0.310809 0.082966 -0.131245 -0.011690 -0.064609 0.184931 0.129565 0.244863 -0.041366 0.075462 0.051223 0.067916 0.024110 0.009976 -0.094912 -0.115024 -0.010608 -0.251452 -0.013079 0.217792 -0.048346 0.246823 -0.279882 0.041179 0.190110 0.004911 -0.046780
-0.033131 -0.093186 0.186789 0.039582 -0.095937 -0.123410 0.136695 0.229923 0.022172 0.212493 -0.065650 -0.059196 -0.087522 0.018422 0.022636 -0.008992 0.065312 -0.064853 -0.270070 -0.098180 -0.045516 -0.074661 -0.439546 0.031468 -0.064272 0.067168 -0.089054 0.193437 0.242207 0.013502 -0.223554 -0.032383 0.047131 0.019834 -0.052241 0.123716 0.021038 0.065000 -0.153885 0.088795 -0.045238 0.022917 -0.392272 0.043894 -0.011403 -0.086470 -0.254974
0.056781 -0.154975 -0.002513 0.005547 -0.191085 -0.053861 -0.102836 -0.005219 0.184218 -0.156958 -0.044204 -0.015251 -0.238644 0.031852 0.024940 -0.005908 -0.095268 0.032233 0.159317 -0.015053 -0.170874 0.031746 0.175448 -0.054175 -0.070470 0.125442 -0.061319 0.036526 0.058192 0.053185 -0.082791 0.014373 0.056790 -0.092570 -0.037903 0.042281 0.015263 -0.392029 -0.078241 0.037060 -0.033237 0.005477 -0.518985 0.065210 0.052758 -0.058713 -0.077425
-0.009031 -0.007028 0.103929 0.121153 -0.508721 -0.006946 -0.162290 0.195910 0.036382 -0.062663 0.018209 0.035041 -0.094217 0.108386 0.136071 0.023746 -0.000505 -0.211835 -0.019463 -0.020680 -0.590988 -0.137041 -0.258959 -0.065995 0.016287 0.075113 0.115896 0.129486 -0.079150 0.034533 -0.147218 -0.214834 -0.135900 -0.181231 -0.383477 0.103152 0.111960 -0.069648 -0.079878 0.063657 0.033112 -0.056356 -0.246791 -0.082256 0.043033 -0.030249 -0.185697
0.005975 -0.204902 0.133894 0.147060 -0.518011 0.082485 -0.313778 0.111566 0.156595 0.070679 0.058392 0.015805 0.018986 0.084878 0.210352 -0.033846 -0.006132 -0.439691 -0.016370 0.139678 -0.545616 -0.081631 -0.287421 -0.032726 0.074948 0.194130 0.083194 0.022298 0.023335 -0.102653 -0.106831 -0.228763 -0.200864 -0.082735 -0.869087 0.050380 -0.051557 -0.400904 -0.175272 -0.063945 0.082601 0.106722 0.090318 -0.011472 0.085582 -0.007957 -0.426426
0.046946 -0.158274 0.156856 0.107399 -0.475424 -0.017376 -0.222474 0.086498 -0.056307 -0.010215 0.059219 0.170636 -0.007288 -0.011171 0.079568 0.048870 -0.015505 -0.288597 0.122939 0.006314 -0.462146 0.108382 -0.107809 -0.232150 0.139231 -0.002034 -0.089629 0.083909 0.090154 -0.066553 -0.117152 -0.078705 -0.212891 -0.157385 -0.379486 0.009421 0.051579 -0.281281 -0.037804 0.030072 0.039239 0.010108 -0.453708 0.000199 -0.107731 -0.076981 -0.158511
-0.016164 -0.234897 0.066771 0.071069 -0.453628 -0.087547 -0.133243 0.073350 -0.048865 0.033740 0.070308 0.167546 0.007686 0.160418 -0.032761 0.102430 -0.036365 -0.432802 0.039951 0.112339 -0.357740 0.003574 -0.513346 -0.143922 0.050094 0.131676 0.032580 0.114983 0.072818 0.152145 -0.170812 -0.017729 -0.275606 -0.076747 -0.312517 0.104933 0.103549 -0.523569 -0.300344 0.004377 0.048876 -0.007449 -0.286814 -0.094670 -0.103406 -0.017026 -0.307298
-0.026561 -0.306531 0.021944 0.059763 -0.609078 0.065248 -0.059599 0.219240 -0.040723 -0.063568 -0.046628 -0.009243 -0.018870 0.007474 0.063494 -0.072342 -0.208920 -0.264653 0.091413 0.200210 -0.158781 0.158670 -0.188035 -0.092820 0.044834 0.025890 -0.066865 -0.067430 0.086953 0.073717 -0.109187 -0.004305 -0.245709 -0.272004 -0.191841 0.098245 0.036856 -0.394937 0.192117 -0.140424 0.052976 -0.080768 -0.022318 -0.085114 -0.085370 -0.203479 0.081335
0.030235 0.014050 0.111812 -0.038683 -0.036002 -0.039683 0.073921 -0.039387 0.029648 0.122853 0.091632 0.081944 -0.226230 0.061607 0.178801 0.066592 0.070236 -0.252497 -0.101382 -0.061620 -0.315700 0.000337 -0.083929 -0.018536 -0.042128 0.036404 -0.027548 0.171774 0.045256 0.035100 -0.179785 -0.020831 -0.205062 -0.283937 -0.288429 -0.051238 -0.127826 -0.023963 -0.289371 0.173317 0.046864 0.107140 -0.111801 0.037200 0.055965 0.002965 -0.246431
-0.066063 -0.098903 0.014234 -0.003073 -0.303400 -0.071462 -0.074791 0.180066 -0.050063 -0.108802 -0.106585 0.051763 0.023016 0.122311 0.030388 0.024945 0.011671 -0.298086 0.024430 -0.015005 -0.322648 -0.002411 -0.163823 -0.091079 0.056538 0.084002 0.115071 0.164832 0.043603 -0.048425 -0.100663 -0.001813 -0.123911 -0.099307 -0.111135 -0.042210 0.092875 0.140925 -0.191344 0.022940 0.051230 -0.096589 -0.171126 -0.005853 0.018226 -0.079243 0.049936
-0.133476 -0.129454 -0.064390 -0.346851 0.034723 -0.068586 -0.044683 -0.388194 0.207192 0.144650 -0.112356 -0.273494 -0.372564 0.010558 0.118187 0.042920 -0.166683 -0.114591 -0.092423 -0.232906 -0.036554 -0.036623 0.039111 0.187401 0.003029 -0.020468 0.081169 0.049857 0.167885 -0.001842 0.050839 -0.107850 -0.099133 -0.071705 -0.066386 -0.147749 -0.121644 -0.085296 0.102886 0.079865 -0.079710 0.099160 -0.012016 -0.047937 0.117668 0.053399 0.098742
-0.052088 -0.235906 0.029845 -0.148851 0.010975 -0.009605 -0.121261 -0.092253 0.097627 0.242376 -0.164844 -0.087042 -0.121846 -0.217406 0.130017 0.014570 0.012182 -0.065235 -0.046450 -0.148642 -0.111868 -0.219848 0.160958 0.234796 0.019060 0.035906 0.169311 0.077216 0.078619 -0.093470 0.026826 0.096347 -0.215130 -0.009561 0.069619 -0.150957 -0.222070 -0.290718 -0.073335 0.328200 -0.021814 0.087574 -0.163596 0.055779 0.096416 0.027237 0.101573
0.012545 -0.147552 -0.163848 -0.092954 -0.050173 -0.025411 -0.063922 0.004167 0.041710 0.047570 -0.041968 -0.127867 0.046896 -0.106181 0.110984 -0.160376 -0.132455 -0.023609 -0.115446 -0.176101 0.014890 -0.185256 0.013932 0.250873 0.056640 0.047630 0.117276 0.109142 0.036616 -0.001908 0.068732 -0.015263 -0.012897 0.020927 0.116310 -0.094618 -0.075008 0.141941 0.029349 -0.087052 0.145378 -0.067136 -0.000918 -0.035252 -0.041335 -0.031621 -0.103649
0.046223 -0.019168 -0.069579 -0.260516 -0.002556 0.017067 -0.201506 -0.013437 0.200730 0.042985 -0.027906 -0.109835 -0.074843 -0.133905 0.115652 -0.069261 -0.232382 -0.056126 -0.118924 0.027894 -0.293304 -0.115953 0.039959 0.047579 -0.016166 0.006605 0.038763 -0.075765 0.097063 0.010698 0.145347 0.060845 0.117713 0.074743 -0.192320 -0.177516 0.028628 -0.163152 0.010221 0.013841 -0.028593 0.104419 -0.133414 -0.034199 0.036960 -0.013213 0.022004
-0.022657 -0.125828 -0.039347 -0.221440 0.108243 0.018386 -0.031267 -0.000848 -0.014925 0.046051 0.133277 0.049181 0.017016 -0.006617 0.119491 -0.013103 -0.032837 0.079581 -0.086029 -0.201536 -0.001238 -0.078227 0.046362 0.108988 0.010399 0.183221 0.052233 -0.027139 0.060993 -0.007700 -0.034447 -0.011128 -0.141905 -0.002793 0.083907 -0.096471 -0.032748 0.068340 0.043513 -0.066573 -0.023232 -0.074496 -0.064010 -0.016485 -0.108893 0.050930 -0.098202
-0.061200 -0.101243 -0.212019 -0.304658 0.008803 0.027108 -0.054825 -0.167460 0.257824 0.032130 -0.050326 -0.124368 -0.041883 -0.001867 0.104860 0.001053 -0.297432 0.167339 -0.206843 -0.426094 -0.063249 0.088299 0.186289 0.111884 0.116542 0.132750 -0.026074 -0.074308 0.078293 -0.175015 -0.134465 0.000107 -0.108153 0.135667 0.131775 -0.035003 -0.200673 0.079557 0.025366 -0.005368 0.063033 0.046290 -0.160896 0.026807 0.016159 -0.075188 0.085686
-0.015678 -0.065368 0.014204 -0.165469 0.063222 -0.009051 -0.024778 -0.183814 0.118851 0.101798 0.032805 -0.216099 -0.146310 -0.052462 0.092835 -0.030822 -0.069615 -0.011890 -0.182881 -0.221719 -0.160913 -0.083366 -0.033191 0.193799 -0.035541 0.034138 -0.038332 0.049461 0.128048 -0.155980 -0.133985 0.009957 0.167155 0.072173 -0.021056 0.029791 -0.032338 -0.035300 0.013280 0.170727 0.094734 0.129362 -0.111445 -0.008146 0.092351 -0.026702 0.149764
0.036525 -0.070624 -0.103582 -0.149595 -0.053840 -0.001485 -0.188992 -0.138377 0.052162 -0.021329 -0.043324 -0.199155 -0.163886 0.061353 0.119294 0.059285 -0.138575 -0.009322 -0.077238 -0.235258 0.115501 -0.098564 0.023655 -0.005161 0.009402 -0.057255 0.068957 0.009544 0.084855 -0.055363 -0.216638 -0.121751 -0.003689 -0.031388 -0.032633 0.059443 0.100501 -0.003516 0.240791 0.018339 0.012959 0.242200 -0.071478 -0.075623 0.182122 -0.035187 0.095670
-0.063433 -0.031944 0.122509 -0.135720 -0.027551 0.004956 -0.265388 -0.033345 0.203995 -0.013795 0.058304 -0.118037 -0.025880 0.010835 0.114529 0.026998 -0.009474 -0.008957 -0.104001 -0.140411 -0.202843 -0.178600 0.040581 0.047894 0.056062 -0.029504 0.063688 -0.174487 0.095815 -0.200796 -0.244678 0.079935 0.068269 0.101595 -0.010227 -0.113646 -0.001609 -0.106898 0.074684 0.136943 -0.019268 0.036089 -0.261846 0.050777 -0.013196 0.079412 0.110455
-0.050430 -0.012318 0.009165 -0.165848 -0.034129 0.094864 -0.133980 -0.123710 0.216872 0.042343 0.052361 -0.300175 0.022517 0.145124 -0.071885 -0.048620 -0.175879 -0.188828 -0.105091 -0.010013 -0.100724 0.032483 0.015331 0.017993 -0.074477 -0.125759 0.031870 -0.177595 0.123506 -0.213502 -0.036562 -0.051309 -0.208540 0.223108 0.265063 -0.092433 -0.087175 -0.126749 0.201322 0.119721 -0.061541 0.216628 -0.016697 0.001130 0.021573 0.110550 0.002478
0.047946 0.064898 0.147903 0.143146 -0.077778 0.031230 -0.154115 0.047151 -0.241587 -0.020390 0.011708 -0.027221 0.052310 -0.127521 0.061844 -0.015945 -0.132781 -0.105996 0.054106 0.130146 -0.031039 0.020960 0.186449 -0.037454 0.026985 -0.100941 -0.109089 -0.179676 -0.105152 0.097655 -0.048617 0.058471 -0.111872 0.080009 -0.049633 0.036521 0.031573 -0.077132 0.046677 -0.046192 -0.098593 0.009975 -0.159529 0.180097 0.012010 0.019158 -0.049688
-0.069907 0.015466 -0.000730 -0.400967 -0.112791 -0.107093 -0.352029 -0.113898 0.149155 0.130468 0.011398 -0.102294 0.078680 0.172044 0.076904 0.010325 -0.302870 0.009216 0.015466 -0.201598 -0.293209 -0.001076 0.136986 0.203067 -0.011281 0.080098 -0.157561 -0.071576 0.156888 -0.091734 -0.087641 0.089133 -0.267977 0.178409 0.071694 -0.214010 0.080046 -0.010204 0.068923 -0.043630 0.030480 0.074416 -0.159137 0.104977 0.032825 0.106841 0.011023
0.066017 0.108971 0.085024 0.225091 0.082420 -0.093435 -0.188315 0.101673 -0.083016 0.078809 0.070554 -0.090433 0.036403 0.083195 0.112642 -0.032076 -0.111912 0.043083 -0.034597 0.011543 -0.013330 -0.041077 -0.086354 -0.248288 0.087088 -0.028712 0.026521 -0.060890 -0.019834 -0.218564 -0.192113 -0.037390 -0.156789 0.062671 0.023892 0.030699 -0.045389 -0.084137 0.080560 -0.105210 -0.100259 0.049883 -0.138025 0.106751 -0.065572 0.129084 0.002689
0.017410 0.086121 -0.082074 0.005965 -0.129606 -0.089410 -0.081374 0.027144 0.096767 0.117495 -0.128016 -0.131485 0.262848 -0.047161 -0.142918 -0.047394 -0.032770 -0.021127 -0.060755 -0.070267 -0.084879 0.008574 0.003682 0.106650 0.097435 0.083635 0.365385 -0.001765 0.061050 -0.109177 -0.025271 -0.081447 -0.079315 -0.041357 -0.022238 0.141483 -0.032741 -0.253301 0.141906 0.203419 -0.142326 -0.048299 -0.260254 -0.115045 0.061145 -0.219712 -0.041105
-0.007432 -0.003109 0.076805 -0.036912 -0.045623 -0.009118 -0.220441 -0.041298 0.105146 0.091815 0.058635 0.038139 -0.188893 -0.109662 0.009081 -0.059817 -0.199757 -0.163296 -0.030304 -0.220868 -0.180406 -0.123561 0.075867 0.131366 0.010938 0.050479 0.140149 -0.010345 -0.044170 -0.131350 -0.098062 0.050221 0.027748 0.154478 0.163308 0.063493 0.027307 -0.126070 0.096577 0.126950 -0.173906 0.077400 -0.136646 0.031661 -0.032376 -0.065692 0.142976
-0.046850 0.014429 -0.143947 -0.011452 -0.014073 -0.052325 0.027688 -0.098842 0.171184 0.041206 -0.125575 -0.079644 -0.086191 0.085639 0.007897 -0.156762 -0.166731 0.076384 -0.136241 -0.088040 0.019498 -0.163840 0.159616 -0.091001 0.040846 0.022974 0.105567 0.040498 0.016255 -0.088996 -0.067997 -0.049743 0.033683 0.001870 0.122865 0.141029 -0.016365 0.009469 0.002697 0.038140 -0.079797 0.094760 -0.141685 -0.108014 0.120160 0.096732 0.140216
0.047839 -0.062280 -0.071817 0.057192 0.125126 -0.122899 -0.078640 0.056614 -0.189265 0.082735 -0.114425 -0.009322 0.042382 -0.074480 -0.006495 0.082769 0.032202 0.011558 0.021997 0.079742 -0.042454 0.003810 -0.318539 -0.239926 0.006609 0.081153 -0.017111 -0.181110 -0.005420 -0.055818 -0.015652 -0.182830 -0.179623 -0.342588 0.138388 -0.197913 0.006910 -0.183132 -0.081421 0.061627 0.068414 0.132974 -0.217737 -0.104178 0.125250 0.069696 0.011628
-0.012621 -0.164744 0.093793 0.175485 0.026109 0.103605 -0.109951 -0.092224 0.007710 0.058188 0.149295 0.049262 -0.054769 0.117926 0.073599 0.043997 0.029837 0.165329 0.057550 -0.001690 -0.107502 -0.225394 -0.133634 -0.154793 0.001315 0.231121 0.039318 -0.127001 0.066260 -0.172069 0.021710 -0.179931 -0.102403 -0.162842 -0.105790 -0.196929 0.009144 0.055806 0.213583 0.021024 -0.037962 0.036344 -0.102220 -0.161207 -0.018049 -0.079256 0.020261
0.086994 0.060979 0.034686 -0.037372 0.145359 0.060807 -0.028764 -0.067354 0.143614 -0.034811 -0.043896 -0.099784 0.022074 -0.064402 0.006927 0.112086 0.314205 0.024886 0.001714 -0.193346 -0.191505 0.050858 -0.106076 -0.066161 -0.014867 0.057772 -0.024110 -0.082826 -0.139716 -0.020549 -0.103679 -0.028115 0.054442 -0.032847 -0.056688 -0.024967 -0.113630 -0.318914 0.041586 -0.112569 0.034713 -0.010612 0.079740 -0.035668 -0.009508 0.033685 0.182984
-0.003682 -0.295778 -0.300423 0.185591 -0.052952 -0.027901 -0.045389 0.018060 -0.022098 0.000665 0.039184 0.223492 0.035693 -0.153278 0.028400 0.079159 0.058162 -0.021225 -0.214142 0.050096 -0.111127 -0.048487 0.095567 0.065658 -0.019148 0.247967 -0.048633 -0.104729 0.029261 -0.085264 0.064203 -0.405497 0.040328 -0.026120 0.026514 0.102746 -0.014957 0.047756 -0.091197 0.026855 0.056689 0.033390 -0.127003 -0.356666 0.113189 -0.025000 0.072542
-0.124875 -0.065418 0.036742 0.250399 0.053696 -0.179604 -0.003523 -0.093832 -0.090502 0.032920 0.055414 0.117895 -0.412326 0.013755 0.334941 0.118533 -0.039261 0.100269 0.086914 -0.052569 0.071718 0.003381 -0.317605 -0.375174 0.008584 0.049344 0.177712 -0.017369 0.020357 0.062564 -0.124643 -0.165828 -0.027374 -0.060259 -0.188579 0.082420 -0.216067 -0.015788 -0.128752 0.250125 -0.007146 -0.075252 -0.275744 -0.239302 0.010362 -0.224818 0.008618
-0.232310 -0.128174 -0.040581 0.231604 0.035338 0.051538 0.057036 -0.207417 0.009925 0.070464 0.061024 0.275054 -0.223279 -0.054886 0.126240 0.073259 0.072727 0.231449 -0.086961 -0.118651 0.148480 -0.326680 0.037863 -0.126620 -0.012252 -0.066652 0.239479 -0.041954 0.071635 0.168208 -0.122328 -0.323178 -0.105837 0.020251 -0.114486 -0.161876 0.063727 -0.068453 -0.038398 0.161306 0.065572 0.039862 -0.268475 -0.419307 0.128772 -0.289835 -0.073222
0.007307 -0.104775 -0.072547 0.282995 0.195317 0.126488 0.023273 -0.250122 -0.148312 0.183682 -0.417839 0.108919 0.003516 0.073835 0.060222 -0.012541 0.129300 -0.076506 0.048108 0.248540 0.092113 0.058717 -0.395850 -0.164063 0.059821 -0.148062 -0.003621 -0.094224 0.116482 -0.148945 -0.044625 -0.146681 -0.012760 -0.153944 0.080416 0.007977 -0.106073 0.062208 -0.080753 0.078448 -0.000663 0.221701 -0.078734 -0.116888 0.016723 -0.212548 -0.263702
-0.061067 -0.205588 -0.102256 0.320579 0.061679 0.221957 -0.093010 -0.175991 0.395768 0.054233 -0.096766 0.162586 -0.162592 -0.213911 0.055995 0.022377 -0.031590 0.069696 -0.257239 0.123161 0.038737 -0.118957 -0.149856 -0.077227 0.031389 -0.313524 0.007620 -0.020605 0.254909 -0.162771 -0.022112 -0.247885 -0.204321 0.092342 0.170553 -0.020750 0.085801 -0.010037 -0.158744 0.040329 0.025626 0.050943 -0.112540 -0.351935 0.131960 -0.250300 -0.035466
-0.054071 -0.194413 0.108392 0.022466 0.085119 -0.000477 0.096104 0.126270 0.078931 -0.043597 0.207462 0.313470 -0.029692 -0.291349 0.185919 0.172277 0.276991 -0.105402 -0.270912 -0.320438 0.067614 -0.003497 -0.263526 -0.031923 0.001178 0.154312 -0.098714 -0.099835 0.025811 -0.418024 -0.234972 -0.145227 -0.228651 0.196318 -0.104910 -0.028418 0.151603 0.084225 -0.014415 0.088605 0.041054 -0.193730 -0.367203 -0.321856 -0.024623 0.043587 0.137020
-0.089933 -0.033826 0.120430 0.324079 0.201278 0.148967 -0.350117 0.255697 -0.241450 0.169627 -0.105590 -0.098006 -0.033005 -0.181125 0.043768 0.128093 0.010376 0.003259 -0.342107 0.094677 -0.205182 -0.091792 -0.075888 -0.771104 -0.075556 -0.144765 -0.198230 -0.311605 0.047232 -0.183205 -0.171296 -0.553266 -0.077488 -0.206512 0.116403 0.039344 -0.116019 -0.113342 -0.063997 0.017127 0.086316 0.059828 -0.131749 -0.584039 0.019289 -0.468088 0.078574
-0.044408 -0.142188 0.105066 0.021462 -0.030942 0.114927 -0.116142 0.066613 0.273207 -0.272568 0.052158 0.259510 0.220510 -0.026357 -0.250582 -0.006918 -0.186866 0.018119 0.047199 -0.086785 0.142922 0.205536 -0.358183 -0.057584 -0.016096 0.301624 -0.074083 -0.018001 0.088008 -0.061916 -0.113025 0.013835 0.110979 0.087019 0.200622 -0.015319 -0.279201 -0.014604 -0.085402 -0.156786 -0.316412 -0.226188 -0.180201 -0.256815 -0.226530 0.162356 -0.010577
-0.064632 -0.025940 -0.037718 0.023004 -0.019504 0.010584 0.029031 -0.007470 0.026870 0.047329 0.103698 0.038478 0.049945 -0.224324 0.056507 0.059889 0.132746 0.086737 0.048725 -0.122582 -0.005250 -0.078342 -0.005110 -0.119525 -0.097273 0.020274 0.018403 0.012893 -0.042671 -0.131366 -0.057284 -0.105646 -0.056318 0.031194 0.039675 -0.064023 0.006404 0.059085 -0.080562 0.071352 0.115586 -0.027292 0.053248 -0.000428 0.095858 -0.162198 -0.016496
-0.017084 -0.109314 0.108528 0.015117 0.039747 0.077095 -0.216392 0.032446 -0.052117 0.054182 0.098098 0.208529 0.077027 -0.243145 -0.028484 -0.065733 0.068797 0.101298 -0.046261 0.074931 0.145862 -0.179406 0.023864 -0.152354 0.002818 0.003942 -0.027788 -0.089438 0.165693 0.058787 -0.138018 -0.134443 0.005638 0.085398 0.062415 -0.140654 -0.069249 -0.074343 -0.174344 0.007159 0.000530 0.005388 -0.106552 -0.147684 -0.027687 -0.022009 -0.044977
-0.043168 -0.108705 -0.147032 0.096656 0.244431 0.045227 -0.331794 0.086164 0.040010 0.143108 0.248139 0.105518 0.033009 -0.014027 -0.053772 -0.035407 -0.148643 0.129768 0.087262 0.004268 -0.024517 -0.153641 -0.100181 -0.174479 -0.037191 -0.262444 -0.095592 -0.263527 0.026791 0.070946 0.019422 -0.208751 -0.133674 -0.307697 0.301623 0.079486 -0.063907 0.028837 -0.171155 0.034978 0.010620 0.188885 -0.030902 -0.199701 0.055269 -0.031284 -0.037190
0.017052 -0.023989 -0.069879 0.035955 0.061833 0.049445 -0.002792 0.141778 -0.040776 0.026918 0.175424 0.052866 -0.074712 -0.131761 0.129016 0.128728 -0.043322 0.179450 -0.155924 -0.113931 -0.067231 -0.139341 -0.021830 -0.214577 -0.032936 -0.063462 0.042701 -0.044811 0.103764 -0.153689 -0.065993 -0.153080 -0.022681 -0.040308 -0.098375 0.050193 0.052361 0.061252 -0.012416 0.125154 0.082396 0.020060 -0.069548 -0.176230 0.056306 -0.136314 -0.066441
0.030344 0.072273 -0.009494 0.182129 0.040442 0.067847 -0.167988 0.038372 -0.032895 0.066798 -0.210184 -0.068822 0.019700 -0.127153 0.027562 0.053623 -0.072525 -0.004714 -0.154493 0.142393 0.117395 -0.110679 0.207724 -0.101551 0.061590 -0.171619 -0.020985 -0.020678 0.136460 0.071961 0.061769 -0.158515 -0.044236 -0.104450 0.149170 -0.022225 -0.027291 -0.008390 -0.371522 0.003899 -0.029856 0.049797 -0.163638 -0.151398 0.058129 -0.241397 -0.074789
-0.079030 -0.086824 -0.081031 -0.490632 0.047333 -0.056659 0.042858 0.103504 -0.169705 -0.066448 0.164011 0.080801 0.025813 0.030115 -0.095171 -0.308517 -0.081311 0.093267 0.124660 -0.177625 0.109692 -0.119638 0.221458 0.134909 0.057921 -0.164079 0.049428 0.169918 0.026476 0.021535 0.009236 0.221817 -0.090639 0.034552 -0.113162 -0.024121 -0.191442 -0.018322 0.148853 -0.048420 -0.021611 0.133470 0.402115 -0.039596 -0.128755 -0.060089 -0.094234
0.001744 -0.176408 -0.088055 -0.097432 -0.061201 -0.076100 -0.136315 -0.330412 -0.059675 0.039906 0.032949 0.074553 0.197411 0.097372 0.143301 -0.018483 -0.058656 -0.016896 -0.117671 -0.175050 0.096307 0.184345 0.110099 -0.026722 0.022181 -0.135270 0.005133 0.171666 -0.006236 -0.073608 0.133103 -0.013261 0.060093 0.170637 -0.269926 -0.049818 0.109129 0.024189 0.006603 0.135589 -0.002121 -0.072113 -0.146176 0.028171 -0.142305 0.087434 -0.118078
0.011656 -0.163615 -0.171504 -0.146591 -0.033069 0.095955 0.017736 -0.097686 0.245059 -0.022579 -0.015566 0.110809 0.027656 0.031175 -0.090585 -0.220987 -0.043179 -0.064951 -0.003417 -0.105478 -0.142165 -0.042166 -0.024546 0.250672 -0.035634 -0.144801 -0.075990 0.085239 0.092281 0.010080 -0.070131 0.092353 -0.139956 0.206092 0.110147 -0.151191 -0.032316 -0.053452 -0.119845 0.011793 0.065030 0.025169 0.201232 0.140874 -0.113086 -0.063996 0.093259
0.001668 0.000671 0.215306 -0.188905 0.097684 -0.129307 0.083594 -0.047032 -0.020648 0.047811 0.155034 -0.228826 0.004450 -0.341305 0.087446 -0.032063 -0.063933 0.140063 0.089872 -0.119437 0.220701 0.000686 -0.079652 0.054091 -0.035640 -0.130821 0.193384 0.156507 -0.141671 -0.107282 0.102612 0.092888 0.077562 0.064042 -0.345252 0.055065 0.125460 -0.154851 0.066921 0.160328 -0.115777 -0.060030 0.007701 -0.111626 -0.133915 0.044671 -0.047474
-0.066840 -0.057100 -0.036074 -0.026902 0.021810 -0.005778 0.057739 -0.147842 0.140570 -0.178055 -0.037464 0.028165 0.105433 0.247453 0.163322 -0.210087 -0.366229 -0.059481 0.119335 -0.166898 0.130072 0.055194 0.109281 0.164080 -0.040866 -0.130979 0.164540 0.278009 -0.052446 -0.142763 -0.152897 -0.180392 -0.125619 0.040535 -0.007948 0.064521 0.035141 -0.003212 0.222982 0.114718 -0.299812 0.094423 -0.029046 -0.144799 -0.060963 -0.107881 0.182416
-0.040894 -0.026623 0.125240 0.068769 0.190541 0.111970 -0.103821 -0.042344 -0.095230 0.011655 0.062155 -0.054295 0.147633 -0.093792 0.041880 -0.053441 -0.181434 -0.000623 0.055592 -0.016314 0.289544 -0.010196 0.014361 -0.071771 -0.015269 -0.019215 -0.016018 0.025450 -0.111102 0.058798 -0.021361 -0.092668 -0.190416 -0.006882 -0.270028 -0.031668 0.003433 0.181440 0.273839 -0.102186 -0.118617 -0.038577 0.034307 0.110513 -0.115152 -0.159470 0.063853
0.079423 0.158283 -0.034357 -0.087793 -0.123206 -0.037715 -0.029383 -0.236674 0.115963 0.017741 0.119704 -0.180199 -0.110347 -0.160396 0.136409 -0.092107 -0.269358 -0.128573 0.081434 -0.256748 0.015573 -0.058730 0.107775 0.054451 0.064568 -0.018722 0.129091 0.059750 -0.040474 -0.146944 0.011322 -0.017782 -0.223832 -0.108317 -0.031130 0.089181 0.195243 0.022492 0.074300 -0.076749 0.003984 -0.136467 0.108604 0.004741 0.061465 -0.053375 0.029162
-0.005224 -0.023103 0.080667 0.053783 -0.262246 -0.025249 0.059320 -0.138713 0.089562 -0.057677 0.026660 0.099133 0.057150 -0.119834 -0.035691 -0.071147 -0.037605 -0.213030 -0.030245 -0.016511 0.158020 -0.007185 -0.120111 0.157543 0.117846 -0.135201 -0.013082 0.127736 -0.038688 -0.109885 0.051891 -0.014854 -0.146717 0.129508 0.136128 -0.151203 -0.016732 0.086359 0.265252 0.144893 -0.066469 0.124333 -0.124472 -0.076513 -0.352913 0.005285 -0.137330
-0.046225 0.023593 -0.064673 0.084640 -0.122038 0.045615 0.181511 -0.033169 0.149981 -0.133184 -0.165869 0.011481 -0.003968 -0.078473 0.009876 -0.024627 -0.147513 0.036105 0.073766 -0.045465 0.019814 -0.065454 0.183175 0.100264 0.032715 -0.148835 0.115601 0.260172 -0.178126 -0.183716 -0.070399 -0.052917 -0.063468 -0.057819 0.056086 0.078300 -0.047509 -0.075703 0.163310 -0.090550 -0.067394 0.138654 0.063279 0.046286 -0.027644 -0.092710 -0.010869
-0.008611 0.001344 -0.066894 -0.053571 -0.129219 -0.131322 -0.056193 0.040953 -0.119314 -0.053115 0.107040 0.082939 0.043785 -0.029936 -0.041499 -0.119125 -0.102872 0.063913 0.098593 -0.007569 0.218515 -0.009787 0.056492 0.190690 0.004936 -0.238292 -0.219414 0.245061 -0.036322 0.024075 0.074484 -0.111953 -0.082258 0.275333 -0.173070 0.072974 -0.033237 -0.009010 0.131914 0.079490 0.016896 0.056053 0.096694 0.002834 0.112569 -0.011241 -0.082530
0.009633 0.061865 0.027384 -0.126282 0.003244 -0.117524 -0.234679 0.006847 -0.119610 -0.018053 -0.131644 0.119274 -0.059724 0.002306 -0.026606 0.076745 0.071121 0.035887 -0.100138 0.068983 0.200285 0.014064 -0.140392 0.146051 -0.052247 0.032522 -0.076627 0.050052 -0.031030 -0.049640 0.006760 0.065626 -0.166418 0.023755 -0.107802 0.056507 0.023920 0.133398 0.114688 0.166299 -0.203197 0.025855 0.086274 0.057831 0.041282 0.028193 -0.057133
-0.049962 0.125506 0.101629 -0.153011 -0.154908 -0.250641 -0.168698 -0.181912 0.160447 -0.088444 0.241769 -0.098379 0.043039 0.091128 0.010590 0.025457 -0.117162 0.054787 -0.096365 -0.163611 0.265795 -0.042698 0.113747 0.133429 0.095563 -0.049649 0.212331 0.143739 0.060121 -0.078526 0.195006 0.004956 0.307726 -0.065051 -0.237114 0.016593 -0.074374 -0.213323 0.136820 0.085527 -0.241987 -0.114825 0.050864 -0.158970 0.021166 -0.084394 -0.013647
-0.012522 0.018198 -0.023105 -0.057192 -0.062467 -0.045113 -0.032916 -0.064791 -0.113342 -0.001341 -0.078147 0.112793 0.142710 -0.086713 0.244720 -0.146156 0.028052 0.097529 0.001118 0.068691 0.304597 0.119941 -0.189086 0.204895 0.020248 -0.280415 -0.053545 0.111058 -0.067801 -0.219444 0.083136 -0.099189 -0.169657 0.078003 -0.219551 0.135458 0.009487 0.112819 0.058094 0.078282 -0.194959 -0.010902 -0.176912 0.035568 -0.248094 0.009948 0.064466
0.032409 -0.141813 0.006770 -0.108619 -0.153209 0.051758 -0.081226 -0.082750 -0.002135 0.103930 -0.089873 -0.057837 -0.062917 0.172180 -0.087995 -0.207434 -0.079148 0.089814 -0.075857 -0.096008 0.090500 -0.117111 0.195043 0.132380 0.013919 0.027739 0.195387 0.093245 -0.098101 -0.008233 0.221838 -0.065192 -0.010635 -0.219821 -0.131773 -0.056040 0.040639 0.093370 0.067169 -0.080882 0.231594 0.009622 -0.079636 0.033198 -0.113705 -0.056266 -0.243879
-0.009658 -0.194357 0.008490 0.039251 -0.117273 -0.116931 -0.122778 -0.278192 -0.108199 -0.194505 0.061114 0.007558 -0.075010 0.016072 0.063241 0.007389 0.017630 -0.072470 -0.200917 -0.059930 0.190779 0.078003 0.025287 0.133616 0.023995 0.094389 0.001620 0.454708 -0.117447 -0.131546 -0.013845 -0.081418 0.150950 0.075628 -0.069912 -0.051059 0.047600 0.064114 -0.011480 0.054819 -0.051311 0.047433 -0.109380 -0.039664 -0.040693 0.021013 -0.044086
0.045337 -0.078818 -0.043507 -0.140732 -0.085888 -0.141822 0.034109 0.035191 -0.053862 0.035118 0.076422 0.048440 -0.043466 -0.053353 0.041077 -0.038938 0.035278 0.057971 -0.101797 -0.021482 0.214116 0.078301 -0.167742 0.069110 -0.054993 0.002822 -0.028808 0.212739 -0.133683 0.004798 0.073460 -0.085029 0.102834 0.147595 -0.176099 -0.011199 0.023195 -0.024952 0.015840 0.098823 -0.081871 -0.002841 -0.322027 -0.008382 -0.165494 0.126209 0.074745
-0.018561 -0.105314 -0.169535 0.016768 -0.137153 0.289867 -0.282470 -0.016264 -0.078435 -0.111831 -0.238727 -0.102769 -0.039087 0.132053 -0.033960 0.120849 -0.043156 -0.289377 0.089610 -0.008023 -0.066186 0.214478 -0.203957 -0.086187 -0.102520 -0.236275 0.121455 -0.621863 0.030604 -0.094480 -0.110307 -0.136880 -0.042107 -0.165774 -0.010618 -0.289223 -0.189629 -0.063872 -0.025923 -0.083201 0.132634 0.221629 -0.119981 -0.414532 0.047419 0.249995 -0.204255
-0.217257 -0.157242 0.118502 -0.102668 -0.270794 -0.221960 -0.364697 -0.086235 0.052064 -0.419724 0.052888 0.268682 -0.178217 0.059354 -0.159176 -0.099966 -0.763432 0.220747 -0.139724 -0.276258 0.029670 -0.178764 0.136272 -0.007131 -0.216693 0.117296 -0.474903 0.157781 -0.379529 0.206951 0.144460 0.381178 0.271187 0.200757 -0.087536 0.104883 -0.132012 0.352484 -0.181069 -0.211265 -0.054509 -0.273473 -0.106475 0.196932 -0.485432 0.071228 0.186204
-0.171909 -0.050585 -0.249574 0.060749 0.065716 0.062994 -0.104715 -0.067973 -0.343221 0.103867 -0.150299 0.267361 0.066458 0.052425 -0.341284 0.019389 -0.137913 -0.114164 0.258033 0.182691 -0.021947 -0.108256 0.111018 -0.088492 -0.117541 -0.181711 -0.019201 -0.178528 0.080128 0.031222 0.142315 -0.048158 0.105139 0.156216 0.125793 -0.206247 -0.121893 -0.036104 -0.045303 -0.277229 0.062321 0.018049 -0.025984 -0.049831 -0.183646 -0.189135 -0.008855
-0.337491 0.019933 0.156414 0.254669 -0.078933 -0.118816 -0.346751 0.131180 -0.114715 -0.129270 -0.099053 0.027359 -0.273265 0.152412 -0.270454 0.103258 -0.523206 -0.048767 0.183561 0.306803 -0.052858 -0.162223 -0.053414 -0.071577 -0.363441 -0.127378 -0.404256 -0.363051 0.036196 0.188236 -0.017137 0.165386 0.185220 0.156408 0.013371 0.339898 -0.188798 -0.036522 -0.154701 -0.086697 0.102477 -0.246786 0.071216 -0.002704 -0.236188 -0.093766 0.280288
-0.122871 0.308528 -0.289104 0.184164 -0.199148 0.181111 -0.298780 0.082729 -0.379788 -0.164724 -0.128470 0.103860 -0.089928 0.076283 -0.132948 0.059617 -0.192005 -0.182031 0.309513 0.333296 -0.237033 -0.204332 -0.052814 -0.239292 -0.082099 -0.288646 -0.068095 -0.419734 0.218368 -0.019744 0.164533 -0.113844 0.142447 0.041985 0.074275 0.020577 -0.135195 -0.199261 -0.092535 -0.129099 0.126405 -0.005924 -0.056767 -0.103256 -0.253082 -0.232477 -0.050256
-0.289012 -0.099463 0.209908 0.121389 -0.142171 0.267621 -0.427516 0.063201 0.128608 -0.000799 -0.104757 -0.428787 -0.524339 0.108613 -0.213179 0.202175 -0.209042 0.083954 -0.135833 -0.016589 -0.180436 -0.118567 -0.150182 -0.237744 -0.320382 -0.280464 -0.480379 -0.970246 0.151045 0.105891 -0.089803 -0.003818 -0.068267 -0.056761 0.024642 0.008570 -0.207835 -0.122470 -0.027075 -0.041557 0.100865 0.086129 -0.004175 -0.257283 -0.026445 -0.208556 0.160263
-0.036349 -0.312883 0.106412 0.046418 -0.236094 0.000400 -0.337003 0.196334 0.253890 0.055550 -0.113121 -0.072780 -0.053374 0.150312 0.012718 -0.030443 -0.259644 0.186057 -0.009872 0.128224 0.176813 -0.075313 0.087460 -0.060214 -0.001360 -0.250701 -0.006788 -0.160068 0.085132 0.021222 -0.090544 -0.204676 0.088648 0.047033 -0.050968 -0.169908 0.016142 -0.016321 -0.114125 -0.098775 -0.042339 0.081995 0.216609 -0.054674 -0.137402 -0.178780 0.053229
-0.114990 -0.153202 -0.113446 -0.152908 0.025445 0.239922 -0.123331 -0.090619 -0.219145 0.111803 -0.057285 0.152662 -0.147007 -0.026164 -0.128641 0.106613 0.052333 0.142249 -0.066223 -0.095463 -0.002232 -0.098572 0.060955 -0.081767 -0.117907 -0.183580 -0.041864 -0.000648 0.064975 -0.020066 0.188078 -0.094065 0.023931 0.032148 0.147600 -0.153720 -0.274322 -0.013217 0.106696 0.204373 -0.069669 -0.013759 -0.024295 -0.046171 0.045330 0.069130 -0.028640
-0.133528 -0.183571 0.083617 -0.212805 -0.097367 -0.147239 -0.165869 -0.151888 0.074746 -0.118263 -0.110606 0.072086 0.047852 0.131603 0.099057 0.103842 -0.047976 0.003417 -0.059997 -0.124116 0.242353 -0.344946 0.052203 0.136129 0.044121 -0.142031 0.033537 -0.046531 0.082829 -0.030851 -0.000551 0.069397 0.067913 0.079208 0.069754 -0.060805 -0.092730 0.048493 0.193332 0.016140 -0.117677 -0.119603 0.067588 0.056985 0.107373 -0.042833 0.090595
-0.004363 -0.043010 -0.124968 -0.087737 -0.001854 0.022260 0.117157 -0.171429 -0.008488 0.006240 -0.149933 0.149377 0.005062 -0.044812 -0.010508 -0.104250 -0.012281 -0.055826 0.149071 -0.036085 -0.050544 0.067897 -0.109685 0.014322 0.011749 -0.120997 -0.019615 -0.117900 0.013145 -0.013775 0.079685 0.097214 0.075141 -0.032393 -0.067588 -0.106567 0.022997 -0.051901 0.029612 0.016633 0.217060 -0.009469 0.066473 0.006512 0.147070 0.062162 0.066724
-0.028867 -0.228821 0.070183 0.094180 -0.108871 0.096133 -0.315449 -0.090260 0.201056 -0.015648 -0.031542 -0.284484 -0.140336 0.072230 -0.001106 -0.015931 0.035758 0.108370 0.327411 -0.142485 0.083086 0.017959 -0.173312 0.005560 -0.057209 -0.119885 -0.034010 -0.174304 0.200338 0.148518 -0.075506 -0.151250 -0.052142 0.171312 -0.130036 -0.007287 -0.091688 0.050645 -0.001566 0.050006 0.002705 0.038844 0.143634 -0.084582 0.029644 -0.385690 0.057804
-0.002846 0.086571 -0.016424 -0.117549 0.035842 -0.135657 0.100161 0.069596 -0.030027 0.047947 0.140660 0.032518 -0.007377 0.010941 -0.060989 0.044906 -0.173147 0.089191 -0.252775 0.142943 0.232914 -0.212791 0.037480 0.145771 -0.060749 -0.036131 -0.137228 0.027292 -0.089412 0.013239 -0.001387 0.137813 0.067139 0.138816 0.013662 0.129559 -0.009856 0.035921 -0.116042 -0.024797 -0.030209 -0.045104 0.109454 0.045049 0.004051 0.004013 0.063737
-0.073748 0.044927 -0.027539 0.118137 0.037485 0.247655 -0.314923 0.030201 -0.130724 -0.082748 0.048264 -0.088665 -0.174282 0.163006 -0.242713 0.058104 -0.274705 0.033468 -0.107921 -0.234694 0.089395 -0.212078 -0.309215 0.124341 -0.148350 -0.047550 -0.268397 -0.120672 -0.022841 0.230716 -0.186738 0.000239 0.050922 -0.015257 -0.051217 -0.015041 -0.043083 0.040748 -0.147167 0.092992 0.076931 -0.011033 0.077527 -0.078733 0.105336 -0.011250 0.279776
-0.034370 -0.174861 0.189963 0.094265 -0.026699 -0.394335 -0.250936 -0.041874 -0.014957 -0.118763 0.085482 -0.195449 -0.050598 0.123799 0.145488 0.050875 -0.271131 0.040923 -0.090347 0.127313 -0.053257 0.063675 0.220569 0.109451 -0.146014 0.065854 -0.228645 -0.102767 0.135510 0.084199 0.176007 0.136029 -0.032629 0.189452 -0.211461 0.087574 -0.071180 0.283809 -0.053847 -0.013144 -0.009973 -0.221157 0.203999 0.229225 -0.083416 -0.019681 0.085790
-0.046913 -0.078943 -0.056842 0.033860 -0.035339 -0.023811 -0.025117 -0.049648 -0.011737 -0.167684 -0.092791 0.269045 -0.163128 0.120284 0.114796 -0.033997 -0.265270 -0.027635 0.039171 -0.061917 0.026145 -0.439299 0.062739 0.149576 0.022675 0.137645 -0.074226 0.112749 -0.106137 0.076842 0.004728 0.097776 0.127320 0.075421 -0.036143 0.140552 -0.058764 -0.018187 -0.085673 -0.160729 -0.165296 -0.262866 -0.050330 0.103427 -0.125443 0.027752 0.152694
-0.062978 0.022116 0.064450 0.301659 -0.071651 -0.049865 -0.133350 -0.032560 0.119022 -0.039572 -0.009345 -0.187759 -0.182753 -0.095578 -0.140775 -0.053915 -0.354665 0.059003 0.007131 0.010238 -0.067387 -0.009301 0.036247 0.038114 -0.164803 -0.037191 -0.308132 -0.005983 -0.044079 0.172502 0.076001 0.060230 0.105288 0.042389 -0.100591 0.187122 0.093064 -0.027645 -0.019045 -0.035710 0.028749 0.013573 0.159723 0.152237 -0.024968 -0.213933 0.108499
0.004424 0.097091 0.043547 0.151064 0.122245 0.165522 -0.020310 -0.127535 -0.048439 -0.031506 -0.253760 -0.096078 0.136232 -0.211872 0.077084 0.071785 -0.020291 0.005574 -0.218527 -0.075835 0.059295 -0.038774 0.045275 -0.252889 -0.046173 -0.192662 -0.094627 0.091525 0.019140 0.000321 -0.194978 0.151436 -0.136895 -0.282332 0.041971 -0.161126 0.027637 -0.188100 -0.101377 -0.032174 -0.017948 0.059093 -0.217024 -0.120074 -0.177737 0.063214 0.320373
-0.078366 -0.047188 -0.035688 -0.309015 -0.174370 -0.004659 -0.146198 0.056619 0.160248 0.051238 0.044333 -0.136158 -0.320824 -0.069355 -0.073073 -0.015150 -0.124472 -0.054851 -0.089786 -0.081866 -0.121037 -0.063126 0.127178 0.197832 -0.069193 0.008448 -0.094699 -0.040901 -0.133184 0.094719 -0.096384 0.061702 -0.021577 0.180033 -0.008796 0.130733 0.118130 -0.074948 0.048402 -0.273923 0.062100 -0.061943 0.125787 0.131583 0.094914 0.048477 0.195445
0.005925 0.088343 -0.171732 -0.129099 -0.196909 -0.027689 -0.115976 0.024964 0.129389 0.125014 -0.096209 -0.086374 0.090713 -0.103070 0.082930 0.072855 0.073456 -0.296615 0.050336 -0.045014 -0.238016 0.037254 0.049308 0.201241 0.052156 -0.240006 -0.089746 -0.026577 0.006037 0.056914 -0.000858 0.062531 -0.380081 0.140209 0.107654 0.015636 -0.057157 -0.082353 0.103273 -0.103272 0.252617 0.114528 -0.138283 -0.066485 -0.041426 -0.158780 0.174038
-0.168009 0.025246 0.224315 0.200328 -0.111289 0.083121 -0.382113 0.141146 0.044580 -0.252930 -0.213843 -0.141087 0.208412 0.004813 -0.139902 0.030565 -0.223115 0.042360 0.049763 0.179371 -0.058076 0.091928 0.050919 0.171822 -0.122763 -0.099417 -0.313831 -0.139908 -0.112326 0.156496 -0.094856 0.073988 -0.120434 0.197374 0.061815 0.005646 -0.011242 -0.115237 0.154509 -0.133009 -0.137670 -0.221379 0.041480 0.132302 -0.285053 0.026179 0.018151
-0.035399 0.122411 0.010311 0.135856 0.085590 -0.074291 -0.240047 -0.185288 -0.043663 0.099169 -0.043227 0.023163 0.070745 0.021220 0.054535 0.018324 0.031975 0.124715 -0.126876 0.183172 -0.126148 0.025705 0.009880 -0.103068 0.050490 -0.194591 -0.257801 -0.209575 0.036108 0.097737 -0.071133 -0.174694 -0.230744 -0.069560 0.044447 0.064936 0.064857 -0.035025 -0.010432 -0.118050 -0.081845 0.077499 -0.054229 -0.221425 -0.005176 -0.190933 0.197140
0.041949 -0.014249 0.291766 -0.171296 -0.171716 0.069161 -0.304329 -0.162431 -0.018942 0.093432 0.075802 -0.199169 -0.153167 -0.216251 0.023848 0.119254 -0.064015 -0.147314 -0.184465 -0.039273 0.027776 0.024649 0.066338 0.173630 -0.032523 -0.061530 -0.184420 -0.104336 -0.033824 0.149125 -0.070782 0.112652 -0.148038 0.045277 0.121357 0.028638 -0.058216 -0.164311 -0.037379 0.064296 0.001709 0.172461 -0.085294 0.141254 0.056804 0.017004 0.092331
-0.059789 0.120101 0.031181 -0.015442 -0.059470 0.118629 -0.053617 0.067481 -0.041474 0.056254 0.045324 0.028095 0.036321 0.066150 -0.266999 -0.046311 -0.220631 0.111563 -0.053213 0.066127 0.181007 -0.068547 0.077908 -0.119629 0.127998 -0.151381 -0.141120 0.003079 -0.054990 -0.015615 0.029089 -0.037400 -0.002700 0.024764 -0.020121 0.037699 -0.127585 -0.209700 0.069589 0.025753 -0.038011 -0.096026 -0.171240 -0.074301 0.097832 -0.080271 -0.133075
0.035922 0.062221 0.061535 0.098471 0.011279 0.007906 -0.020324 0.150974 -0.064296 0.036059 -0.128950 -0.003681 0.085889 -0.093230 -0.164012 0.063477 0.019690 0.007841 -0.160115 0.021269 -0.156385 0.063234 -0.007260 0.084414 -0.023383 -0.011128 -0.075757 -0.071575 -0.087654 0.068968 -0.005919 -0.041547 -0.050968 -0.055548 -0.133726 -0.138241 0.153623 -0.137148 0.129061 -0.022987 -0.014527 -0.067480 -0.342606 -0.030100 -0.177938 -0.077610 0.128503
-0.015293 0.205282 0.027438 -0.167398 0.001091 -0.047252 -0.282838 -0.005152 0.172812 0.087460 0.076073 0.019897 -0.124686 0.111158 -0.127945 -0.103909 0.010235 -0.010872 -0.230289 -0.026598 -0.220654 -0.104193 0.053779 0.058428 0.031427 -0.081663 0.067603 -0.029932 0.022179 0.024727 0.092772 0.042599 0.154884 -0.018336 -0.054518 0.063236 -0.045578 0.023522 0.019507 0.029051 -0.150345 0.026949 -0.144167 0.131195 -0.075172 -0.009558 0.104904
0.022230 -0.113780 -0.004593 -0.008911 -0.056368 -0.153250 -0.070286 0.023181 -0.027955 0.060767 0.042933 -0.074980 -0.019676 -0.013282 -0.080204 -0.031895 -0.048740 0.078388 -0.064426 -0.171006 -0.142760 -0.009691 0.088536 0.077546 0.041233 0.036079 0.034936 0.147858 -0.057114 -0.078854 0.053402 0.019563 -0.060874 -0.183062 -0.011850 -0.021840 0.047747 -0.070567 0.050787 -0.082320 -0.046009 -0.028872 -0.052376 0.060354 -0.027068 -0.141292 -0.130517
-0.067333 0.146280 0.126234 -0.023433 -0.207013 0.121405 -0.242660 -0.049939 0.118405 -0.019470 0.105306 -0.262678 0.159144 0.002883 -0.064924 0.005271 0.024066 0.018361 -0.094691 0.116010 -0.430771 -0.327421 0.036867 0.127253 0.021831 -0.120837 -0.129102 -0.088380 0.033201 0.165829 -0.174871 0.046496 0.219545 -0.020140 0.059754 0.028203 -0.116799 -0.137794 0.174928 0.084437 -0.044440 -0.146579 -0.160095 -0.027394 -0.054605 0.135990 0.174774
-0.015307 -0.436913 0.090061 -0.305787 0.002703 0.120905 -0.309671 0.071832 0.197396 0.153688 0.012214 -0.373636 -0.008721 0.085137 -0.194902 -0.054433 -0.213880 0.181786 0.113231 0.068453 -0.129893 -0.021859 -0.036030 -0.036416 0.040881 -0.047943 0.030936 -0.131301 -0.005321 -0.076870 -0.074991 0.053206 -0.048208 0.073705 -0.050636 0.083903 -0.045688 -0.002643 -0.079098 -0.178695 0.063707 -0.051847 0.015049 0.014935 0.083727 -0.024003 0.044182
-0.004435 -0.099638 0.242455 0.119882 -0.240720 0.169447 -0.246588 -0.080094 0.007813 -0.022784 -0.011771 -0.481757 -0.047561 -0.376670 -0.153347 0.071823 -0.143362 -0.094241 -0.261021 0.031599 -0.259434 -0.056451 -0.066659 0.306545 -0.087975 0.069948 -0.061682 -0.072390 0.051014 0.191529 -0.004412 0.090477 -0.101486 0.180437 0.082143 -0.158215 -0.139495 -0.354727 0.140451 -0.258955 0.119166 0.020713 -0.050816 0.043010 0.028180 -0.047195 0.351316
-0.004102 -0.415111 0.392441 -0.218255 -0.268203 -0.169390 -0.305834 -0.460672 -0.009058 -0.169953 -0.040009 -0.352482 0.311884 0.149633 -0.088403 0.120286 -0.191961 -0.247395 -0.076313 0.077869 -0.207852 -0.058630 0.114779 0.088434 0.063253 -0.247464 -0.249556 -0.121213 0.030172 0.277818 -0.011549 -0.114702 0.094674 0.292851 0.030202 -0.158048 -0.034124 -0.293637 0.174641 -0.189941 0.072705 0.014136 -0.072306 0.159720 -0.224232 0.122481 0.195304
0.091130 -0.245051 0.075234 0.223029 -0.241299 0.018156 -0.420934 0.207859 0.214833 -0.115294 -0.180762 0.045932 -0.009173 0.093455 -0.064612 0.046998 -0.239204 -0.027182 -0.095235 0.145509 -0.275849 -0.236023 -0.017880 0.163769 0.060071 0.004647 -0.195092 0.034845 -0.033721 0.250757 -0.044907 0.075830 -0.150175 0.187760 -0.015368 0.143223 -0.059299 -0.291699 0.231459 -0.258009 -0.160793 -0.116596 -0.261805 0.088028 -0.142630 0.016389 0.112026
-0.115009 -0.099331 0.255942 -0.079125 0.049755 0.091716 -0.400821 -0.152863 0.113440 0.073610 -0.164537 -0.247643 -0.180724 -0.127963 -0.034565 0.068143 0.001385 0.070666 -0.174926 -0.089779 -0.119232 -0.090290 -0.088913 0.077820 -0.082678 -0.132666 0.129486 0.014776 0.091324 -0.048032 -0.127661 -0.113786 -0.165204 0.142195 0.017042 -0.016816 0.144786 -0.180206 0.104797 -0.048076 0.064410 -0.112792 -0.055973 -0.088416 0.025730 -0.136995 0.076855
-0.167614 0.009566 0.010357 -0.020121 -0.031546 -0.049268 0.169399 0.107593 0.077904 -0.250724 0.128488 0.247290 -0.019186 -0.327854 -0.157774 0.036775 0.084119 -0.075153 -0.112177 -0.074646 0.379875 0.003267 -0.340512 0.077235 -0.300327 -0.202194 0.134815 0.206909 -0.033925 0.101574 -0.030629 -0.091802 0.004069 0.116690 -0.197832 -0.057495 0.005439 0.095887 0.110686 -0.141190 -0.015090 -0.189343 -0.041147 0.001921 -0.030318 0.188003 0.114713
0.034742 -0.053302 -0.003511 -0.214008 -0.120759 0.140976 -0.102838 -0.180155 0.163659 0.009102 0.180942 -0.115540 -0.176032 0.177107 -0.449199 0.068432 0.075979 -0.192091 -0.020695 0.169050 0.022443 0.064156 -0.124112 0.079726 0.100711 0.116132 -0.156163 0.067882 0.172601 -0.120423 0.103756 -0.236658 0.276556 0.221190 -0.176988 -0.221348 0.055777 -0.075950 0.102679 -0.076345 -0.104798 -0.152680 0.101714 0.030727 -0.294839 -0.253729 -0.112312
0.004246 -0.181221 -0.034314 -0.187034 -0.298723 0.032288 0.337756 -0.348927 0.200801 -0.035141 -0.109619 -0.067208 -0.228578 0.060227 -0.092400 0.026326 -0.082381 -0.099713 -0.237041 -0.009466 0.111560 -0.081879 -0.241075 0.085812 0.048636 0.078064 0.283510 0.133632 0.042907 -0.178735 -0.021747 -0.062099 0.209447 0.184854 -0.200383 -0.149261 0.028382 0.341403 -0.042077 0.027048 -0.009645 -0.093082 0.032101 -0.219324 -0.045770 0.040695 -0.075892
0.136557 -0.144694 0.000346 -0.279857 -0.061871 0.075827 -0.131495 -0.181839 -0.138921 -0.018001 0.174014 -0.027551 0.068514 0.230192 -0.278852 0.043763 -0.155708 0.071059 -0.011609 0.167655 -0.088074 -0.033729 -0.114766 0.244851 0.098460 0.354466 0.159854 0.079368 0.023344 -0.051096 0.012281 0.011361 0.281809 -0.036513 -0.084477 -0.280458 -0.014655 -0.141466 0.062167 -0.072187 0.102667 -0.031380 -0.060433 -0.054590 -0.090171 0.055533 -0.202462
-0.111115 -0.106817 0.099486 -0.083196 -0.307133 -0.052226 0.046980 -0.085312 0.070933 -0.070271 0.034891 0.085015 -0.043184 0.053976 -0.098953 0.234924 -0.203713 -0.001282 -0.174515 -0.296388 0.205976 -0.002548 -0.150494 0.072131 -0.027833 0.167866 0.144950 0.211450 0.033512 -0.095368 -0.101294 -0.012043 0.281160 0.060262 -0.287073 -0.171908 0.189880 -0.030523 0.011647 0.048607 -0.075647 -0.077407 -0.049776 -0.046686 -0.163505 0.152727 -0.098798
0.028506 -0.043387 -0.257454 -0.045052 -0.147934 0.076007 0.082701 -0.144896 0.107788 -0.040637 0.010284 0.073679 -0.071857 0.201447 -0.068217 -0.043658 -0.089518 -0.244254 -0.054922 -0.077851 0.243634 -0.015826 -0.117092 0.122252 0.098031 0.100129 0.192865 0.074856 0.023422 0.029219 -0.090690 0.034435 0.171724 0.127962 -0.134632 -0.162476 -0.081208 0.175485 -0.011820 -0.127692 0.160490 -0.166546 0.150093 -0.070102 -0.253674 -0.005846 0.019450
0.025255 -0.140164 -0.229912 -0.030838 0.035100 0.116665 0.102884 -0.082424 -0.075225 0.065690 0.021367 0.204393 -0.088037 -0.045308 0.010496 0.004420 0.071944 0.007999 -0.103348 -0.124707 0.220619 0.041458 -0.118283 0.099305 0.048141 0.188980 0.293629 -0.069980 -0.010739 -0.104172 -0.178964 -0.001020 0.102226 -0.007570 -0.083986 -0.120300 -0.027296 0.099915 0.094857 0.029855 0.044531 -0.022132 -0.001927 -0.019324 -0.023344 -0.121730 -0.070170
0.002871 -0.093823 -0.033546 0.140030 -0.109211 -0.009544 0.050205 0.036441 0.071833 0.021826 0.042179 -0.035362 0.062378 -0.191183 -0.323863 0.049084 -0.107043 0.064402 -0.132635 -0.114822 0.089252 -0.023003 -0.185043 0.096134 -0.046361 0.107550 -0.074992 -0.076506 0.036544 -0.110336 -0.002561 -0.085801 0.063544 0.041370 -0.097038 0.035783 0.010280 0.291432 -0.067647 -0.023022 0.008291 -0.164857 0.103417 0.035302 -0.074694 0.128682 -0.053491
0.058524 -0.097370 0.052654 -0.207313 0.030733 -0.068112 0.082389 -0.032848 -0.072277 0.100796 0.121711 -0.092621 -0.172644 -0.037477 -0.007934 -0.054786 -0.296053 -0.111123 -0.145833 -0.092578 0.130610 -0.060227 0.055804 -0.013225 0.092206 0.089376 -0.238407 0.105640 -0.012640 -0.198220 -0.034159 -0.042074 -0.202124 -0.043151 -0.061088 -0.168534 0.229740 0.022058 0.050075 0.197681 0.009631 0.005301 -0.073261 0.130816 0.001075 -0.023653 0.094386
0.021675 -0.180980 -0.058588 0.083773 -0.031316 -0.005165 0.121068 -0.169099 0.174714 -0.160505 0.102394 0.291364 -0.017397 -0.035067 -0.099771 0.012323 0.009959 -0.113188 -0.125044 -0.161489 0.175270 -0.053237 -0.117531 0.011329 0.067242 -0.015058 0.137811 0.177183 0.074307 -0.127302 -0.023316 -0.009062 -0.101644 0.085025 -0.014997 -0.025294 -0.069219 0.116702 -0.050639 0.029412 0.017006 -0.191280 -0.192932 -0.109334 0.115423 0.092058 0.038191
0.021193 -0.176908 0.006269 0.055697 0.011386 0.116354 0.111944 -0.109006 0.077709 -0.219080 -0.050551 0.133900 -0.057560 0.024774 -0.109671 -0.070601 0.009509 0.075402 -0.064396 -0.167014 0.365346 -0.091273 -0.044004 0.046578 -0.039634 -0.056182 0.082310 0.189608 0.029444 0.018325 -0.131792 -0.051339 0.061578 0.084402 -0.017227 0.005311 -0.080221 0.134041 0.011169 -0.202786 -0.039342 -0.216720 0.118157 -0.068770 0.149912 -0.238013 -0.005131
0.091147 -0.106168 -0.079161 -0.071237 -0.002665 0.020388 -0.008358 -0.336438 0.089012 -0.063162 0.018739 0.131239 -0.073061 0.107880 -0.083121 0.093838 -0.041553 -0.007402 -0.022662 -0.015960 -0.073882 -0.086924 -0.110519 0.134569 0.114631 0.183992 0.258733 0.101652 0.131234 -0.001145 -0.279056 -0.187618 0.126914 -0.148262 -0.045396 -0.152592 -0.157494 -0.008211 -0.008111 -0.021975 -0.032293 -0.034860 -0.016649 0.001336 -0.161764 0.029695 0.033342
-0.002192 -0.060620 -0.069345 -0.026756 -0.167117 0.062644 0.158504 -0.457361 0.113437 -0.316196 -0.123401 0.200308 -0.069929 0.234458 -0.275825 0.171077 -0.094770 -0.155527 -0.005515 0.097711 0.151726 -0.067746 -0.112815 0.043631 0.171451 -0.172587 0.142532 0.055648 0.048440 0.010323 -0.101171 -0.183134 0.183215 0.098144 -0.065192 -0.153302 -0.071103 0.246602 0.010293 -0.224552 0.086682 -0.108580 0.112787 -0.065040 0.035855 0.035727 -0.037238
-0.023826 0.025839 0.056045 0.081114 -0.035564 0.047046 0.008556 -0.136835 -0.107409 -0.173118 0.048958 -0.152180 -0.048630 0.142552 0.048235 -0.134359 0.041988 -0.125438 -0.049800 -0.073082 0.074181 0.064866 -0.021749 0.099175 0.097027 -0.035118 0.325233 -0.022867 0.015593 -0.024736 -0.173539 0.098495 0.213616 0.188594 -0.187545 -0.107171 -0.044673 -0.028334 0.173696 -0.213549 0.154472 -0.191588 0.117735 -0.063031 0.016131 0.071262 -0.073435
0.009563 -0.001200 0.054319 0.006228 -0.126571 -0.276900 -0.216504 -0.147627 0.136188 0.135375 0.044717 0.085076 -0.126010 0.090932 -0.295212 0.128890 0.014085 -0.009671 0.066273 -0.026281 -0.118844 0.085127 0.060425 0.318980 -0.025950 0.210630 -0.036006 0.105325 0.118168 -0.113229 -0.057615 -0.226560 -0.081293 0.157077 0.038073 -0.139915 -0.031721 -0.229123 0.095961 -0.000237 0.089466 -0.073780 -0.180457 0.036828 -0.050231 0.022260 -0.144302
0.084768 0.002942 -0.148630 -0.017833 -0.234007 0.110903 0.068752 -0.331144 0.097186 -0.008312 -0.058013 0.031771 -0.071975 0.104496 0.262917 0.093117 -0.074531 0.077797 -0.006814 0.001552 0.018312 -0.011215 -0.098437 -0.033669 0.112715 -0.015715 0.302872 -0.051997 0.058289 -0.139919 -0.159302 0.001490 0.122360 0.124338 0.052497 0.010727 -0.090488 -0.007269 -0.068080 -0.199433 0.100003 -0.035971 -0.020595 -0.141483 -0.015434 -0.155274 -0.097246
-0.107661 0.148021 0.097558 0.005183 -0.001110 -0.012264 -0.072468 0.095712 0.062168 0.041181 0.004495 0.120350 -0.081737 -0.073345 -0.097505 -0.058114 -0.069100 0.011251 -0.026717 0.002399 0.163549 0.084352 0.204812 -0.206704 -0.125535 -0.146385 -0.023475 0.102342 -0.189290 -0.174804 0.089093 -0.037367 -0.393820 0.186292 0.070726 0.099994 0.052705 -0.010259 0.034434 -0.064615 -0.193247 -0.084051 -0.042086 -0.018569 0.039603 0.090685 -0.019888
-0.115119 0.056408 -0.150353 -0.021596 -0.091914 -0.007955 0.073936 -0.148490 0.078747 0.042923 -0.059189 0.075843 -0.129677 -0.100402 0.080436 0.029004 -0.076897 0.007687 -0.012176 -0.163367 0.051099 -0.143008 0.002861 -0.071775 0.042704 -0.111783 0.022321 0.064772 0.002664 -0.066059 0.114614 -0.024073 0.005192 0.021282 -0.081573 0.092231 0.010419 -0.003685 0.037408 -0.029946 0.047361 0.062402 -0.033843 -0.146979 -0.003429 0.182380 -0.026147
-0.086150 0.036192 0.096764 0.022092 0.075501 -0.063019 -0.003302 -0.239706 0.041432 0.021560 0.037155 0.135744 -0.111929 -0.104659 0.228980 -0.078445 -0.126288 0.007280 -0.013551 -0.080211 0.206620 -0.079441 0.141893 -0.223417 -0.028150 -0.169441 0.138411 -0.020000 0.027112 0.083910 0.071502 -0.002459 -0.150200 0.185751 -0.097228 -0.090584 -0.029491 -0.158598 0.057963 -0.112867 -0.034397 0.082658 -0.211163 -0.055518 0.015827 0.171471 0.097640
0.070813 0.031087 -0.047787 -0.018318 -0.080676 -0.113133 0.119496 -0.114777 0.120879 0.070783 0.022577 0.055718 -0.255690 0.045698 -0.050291 0.092101 -0.106926 0.045450 -0.205681 -0.060832 -0.171666 -0.197097 -0.001067 -0.113569 0.059484 -0.040477 -0.051488 0.105034 0.078865 0.017513 0.069636 -0.039619 -0.108756 0.036647 -0.055916 -0.157044 -0.071803 0.101929 0.082069 -0.086088 0.055399 -0.014692 -0.014609 0.119482 0.025606 0.165809 -0.121775
-0.034448 0.076426 0.086983 -0.011836 0.109058 -0.164901 -0.167843 -0.261776 -0.179616 0.062486 0.090029 0.036487 -0.178667 0.076739 -0.027425 0.119764 -0.111189 -0.051388 -0.146926 -0.236797 0.120160 -0.044611 0.159605 0.020057 -0.023738 0.073651 0.053544 0.239897 -0.030975 -0.027811 0.115515 -0.126351 -0.256600 0.064310 -0.006298 0.102652 0.076510 0.042302 0.085220 -0.058312 -0.070355 0.009299 -0.022810 0.145914 0.090095 0.087793 -0.154235
0.014808 -0.124784 0.050728 0.060357 -0.040577 -0.122209 0.125179 0.010588 -0.000918 -0.014312 0.022591 0.035583 -0.127837 0.063386 -0.059028 -0.102452 -0.183889 -0.177338 -0.382072 -0.059908 0.056318 0.075573 0.330436 0.081408 0.035500 -0.028174 0.078838 -0.076113 -0.029045 -0.034934 0.034825 -0.059528 -0.137870 0.024935 -0.033351 -0.016902 0.104395 0.088614 0.108534 -0.142685 -0.097344 -0.066435 0.093143 0.031996 -0.032295 0.124686 -0.050423
0.031569 0.068182 0.023886 -0.096075 -0.061530 -0.098892 -0.066172 -0.002518 -0.033408 0.006562 -0.030692 0.045011 -0.005663 0.058683 -0.092085 -0.143421 -0.082334 0.002775 -0.022860 0.062002 -0.202522 -0.045384 0.015586 0.085100 0.073008 0.029019 0.046955 0.088454 -0.174189 -0.102367 0.108938 0.016447 0.020748 0.009408 -0.129589 0.077425 0.084126 -0.011416 -0.048182 -0.021184 -0.043279 0.067865 0.051133 -0.014629 -0.007446 0.110722 -0.070483
0.027969 0.544368 -0.038378 -0.044851 0.076686 -0.083083 -0.011039 -0.071358 0.012832 0.141645 -0.022399 -0.228167 -0.109968 0.011386 -0.130730 -0.155089 -0.307638 -0.016068 -0.015033 -0.201344 -0.102934 0.103980 0.153650 -0.036195 0.041579 0.106619 0.201181 -0.070176 -0.188763 -0.142785 0.110528 -0.042338 -0.138361 -0.039426 0.253334 0.072887 -0.010505 -0.047914 0.123779 -0.045350 -0.106192 -0.012146 -0.184158 0.116798 0.100467 0.012762 -0.125213
-0.029610 -0.273206 -0.085642 -0.058429 -0.259464 -0.013066 -0.062160 -0.466259 0.166493 0.116193 -0.021474 -0.085098 -0.127219 0.270054 -0.049301 -0.099054 -0.293212 -0.060351 0.003989 -0.263702 -0.352234 0.104175 0.009093 -0.046469 0.099573 0.147837 0.208227 -0.024769 -0.155938 -0.038864 -0.110246 0.034732 0.186907 0.169497 0.264191 -0.020215 -0.065897 0.057157 0.025831 0.115791 0.118855 -0.027229 0.007787 -0.211099 0.108320 0.291725 -0.003604
-0.092907 0.079034 0.120439 -0.248492 -0.048647 0.102674 0.243199 -0.342203 0.028761 0.038052 -0.069522 0.175476 -0.320289 0.037532 -0.252692 0.072488 -0.066754 0.013291 -0.212812 0.132141 -0.008794 -0.046360 0.075444 -0.232639 0.071063 0.022782 0.308666 0.251051 -0.280771 0.014876 -0.064915 -0.242762 -0.018714 0.312743 0.033405 0.186725 0.043328 -0.210098 -0.067665 -0.101193 0.038854 0.014514 -0.186079 -0.189172 0.031758 0.055198 0.036071
-0.105075 0.099020 0.289055 0.086511 0.038016 -0.090131 -0.143505 -0.069174 0.024815 -0.199260 0.037570 0.243601 0.266665 0.025229 -0.084124 0.107900 -0.076815 0.167460 -0.117125 -0.226100 0.039088 0.276186 -0.024828 -0.070534 -0.068419 -0.263159 0.047990 0.125849 -0.080907 0.067840 0.017696 -0.163613 0.029758 0.049256 -0.294313 0.143180 -0.092339 -0.122026 -0.059415 -0.325461 -0.056298 -0.072414 -0.105776 -0.009157 -0.074280 0.134128 0.122167
0.038376 -0.147690 -0.241716 -0.297657 -0.260318 0.019089 0.306238 -0.258702 0.159761 0.021159 -0.004664 0.114809 -0.301937 0.214887 0.124547 0.116221 -0.057756 -0.077270 -0.180294 -0.114268 0.023283 -0.213730 -0.286083 -0.009830 0.052227 -0.061169 -0.000892 -0.029153 0.134614 0.122423 0.049666 -0.013260 0.020236 0.121382 -0.147182 -0.048314 -0.262879 0.019894 -0.053288 -0.117694 0.043812 0.063954 -0.035882 0.016220 -0.019482 0.173515 0.240350
-0.001144 -0.066158 0.023921 0.029699 -0.119198 0.143541 0.304867 -0.134829 0.248519 -0.199408 -0.174080 0.123486 0.031611 0.173264 -0.287283 0.050449 -0.090011 -0.128001 -0.177953 0.061933 0.025450 0.183524 0.173257 0.026403 0.072439 -0.200075 0.085904 -0.236769 0.083768 0.255285 -0.022652 -0.134007 -0.136703 0.119220 -0.153312 -0.059076 -0.269614 0.094153 -0.256985 -0.388104 0.027563 0.026650 -0.158664 0.013463 -0.168801 0.255699 0.015348
-0.074654 0.035992 0.098980 0.113273 -0.015491 -0.087595 0.208965 -0.209446 -0.143874 -0.136185 -0.008663 0.036685 0.002735 0.146353 -0.182796 0.033892 -0.084367 0.064948 0.027671 -0.249076 0.087133 -0.111044 -0.081136 -0.086251 -0.053903 -0.429090 0.070810 -0.089428 0.446089 0.075207 -0.069660 -0.221912 -0.017478 0.042818 -0.352345 0.051907 0.016706 -0.068624 0.123164 -0.369648 0.094340 -0.260891 0.049680 0.034262 -0.044107 0.173207 0.215537
-0.092369 -0.337122 0.057977 -0.287995 -0.411385 -0.110019 -0.202681 -0.552414 0.073544 0.182094 0.005152 0.037602 -0.211303 0.276148 -0.063689 0.106174 0.074911 -0.224555 -0.131800 -0.100683 -0.171741 -0.007111 -0.261058 -0.081722 0.040342 0.234926 0.091945 0.355938 0.111217 0.061947 0.103093 -0.040333 -0.017462 0.066670 0.001573 -0.349763 -0.063873 0.137562 -0.172180 0.120291 0.134757 0.138434 0.143908 0.088459 0.092184 0.216146 -0.111020
0.122832 -0.030658 -0.328786 -0.183999 -0.041364 -0.036919 0.235574 -0.347892 -0.039956 0.105188 -0.168032 0.051430 0.028055 -0.038118 -0.159488 0.080900 0.149828 -0.171935 -0.078459 -0.167462 -0.079591 -0.113746 -0.009518 -0.052866 0.092099 -0.261623 0.122366 0.016491 0.265090 -0.011689 -0.064045 -0.221304 0.068618 0.053360 -0.095840 -0.126047 -0.120332 0.046712 -0.142639 0.024776 0.170454 -0.037620 0.023027 -0.043087 0.055759 0.191510 0.077711
-0.038575 -0.204041 -0.281999 -0.433062 -0.171454 -0.092799 -0.278481 -0.125002 0.495686 0.188940 0.147243 -0.165134 -0.142329 0.166597 0.004922 0.109792 -0.114215 -0.070645 -0.219676 -0.110610 -0.474406 -0.015315 0.098907 0.144547 0.018562 -0.020361 -0.009268 -0.119819 0.149328 0.017528 0.017925 0.125599 0.005571 0.193408 0.122328 -0.386960 -0.134602 -0.091620 0.047130 0.191091 0.079354 0.001126 -0.140765 0.050754 0.076794 0.083788 0.019408
-0.009357 -0.003328 0.141067 0.150072 0.047075 -0.033019 -0.023969 0.110910 -0.059680 0.062396 0.034932 0.011970 0.103269 0.018644 -0.024694 -0.064639 -0.061802 0.143362 -0.229733 -0.077557 0.133008 -0.199264 0.152637 0.179484 -0.050982 -0.018800 -0.121496 -0.037490 -0.211482 -0.083552 -0.000794 0.021700 -0.171189 -0.001210 0.057280 0.025743 0.075078 -0.626405 -0.292623 0.096865 -0.227056 -0.060455 -0.216351 0.160081 -0.043219 0.039039 0.102690
0.068414 0.177788 0.024635 -0.164102 -0.016116 0.044539 0.130311 0.033016 0.008051 0.033913 0.006127 -0.075434 0.049950 -0.105495 0.076422 -0.095281 -0.051371 0.047021 -0.159875 -0.195815 -0.033839 -0.065649 0.080629 0.040755 0.034464 0.047476 0.242883 -0.180196 -0.108770 -0.240910 -0.048400 -0.020877 -0.030858 -0.018921 -0.019590 -0.071908 0.116795 -0.293128 -0.167299 0.081587 -0.031479 0.049047 -0.151524 0.043362 0.160443 -0.045705 0.069022
-0.075148 -0.048809 0.075160 -0.043055 0.243324 -0.235807 -0.125376 -0.036350 -0.148789 -0.068155 0.115937 0.212772 -0.014186 -0.043241 -0.135749 0.008088 -0.069600 -0.011375 -0.209893 -0.115556 -0.087700 0.022933 0.228280 0.216795 -0.013469 0.222511 -0.114964 0.155966 -0.034869 0.001420 0.063415 0.125476 -0.004219 0.212847 0.128249 0.124974 0.024565 -0.076207 0.074558 -0.026573 -0.140160 0.012555 -0.120054 0.071078 -0.107562 0.139959 0.133197
-0.022030 -0.111886 -0.022486 -0.156582 0.021002 0.059575 -0.081627 -0.051099 0.047212 0.105561 0.066012 -0.069372 -0.018963 -0.002637 0.048119 -0.127301 -0.196438 0.085037 -0.067746 -0.417186 0.008283 -0.101561 0.105036 -0.010032 0.108982 0.027328 0.063371 -0.115249 -0.070723 -0.114768 0.007445 0.108344 -0.265194 -0.041274 -0.138864 0.147768 0.093265 -0.029030 -0.015752 0.094119 0.113870 0.158046 -0.080839 0.021326 -0.014721 -0.077188 0.104704
-0.000502 -0.040263 0.271071 -0.331294 0.068829 0.103884 -0.107573 0.038566 0.049313 0.084150 0.117061 -0.034014 -0.103093 -0.081976 0.023832 0.107074 -0.308464 0.091151 -0.151728 -0.246662 -0.053601 -0.140072 0.033913 0.093009 -0.026371 -0.026389 -0.186494 0.067788 -0.045164 -0.232984 0.003048 0.000681 -0.263579 0.189390 0.082904 0.022924 -0.088384 -0.246680 -0.060831 0.314746 -0.020598 0.131991 -0.263853 0.136777 0.053743 -0.052836 0.055409
0.030810 -0.200996 -0.162965 -0.165814 -0.004113 0.066239 -0.121021 -0.226694 0.294974 0.153104 0.155135 -0.190363 -0.152104 -0.080672 -0.005922 0.060304 -0.337622 -0.011819 -0.226925 -0.045788 -0.172418 -0.260209 0.097455 0.072557 -0.045668 0.022409 0.185755 0.078936 0.029655 0.043616 0.106630 0.049138 0.042449 0.090138 0.031913 0.001750 -0.076637 -0.029523 0.094651 0.294501 0.057394 -0.043935 -0.169637 0.018701 -0.019063 0.018937 -0.063380
-0.026199 -0.117843 0.095169 -0.168396 -0.058359 0.064621 0.049166 0.011783 0.093100 -0.018776 0.121203 -0.111386 -0.129780 0.039149 0.182407 0.003594 -0.087225 -0.115619 0.009214 0.029396 -0.137403 -0.158395 0.188247 0.029600 0.092451 -0.012938 0.040121 -0.138463 -0.039205 -0.106739 -0.080032 -0.038573 0.091340 -0.054787 0.003761 -0.168893 0.003285 -0.127163 0.016937 0.164515 0.054590 0.213976 -0.012237 0.004379 0.091072 -0.019902 0.084342
-0.140753 0.015171 0.112445 -0.002654 -0.176122 -0.039245 -0.041812 -0.117501 -0.116362 -0.028812 0.260068 0.018418 -0.208035 0.097651 -0.002802 0.070693 -0.061052 0.028326 -0.004265 0.179051 0.077727 -0.035274 0.114538 0.229310 -0.077422 0.153124 0.382745 0.187675 -0.025138 -0.127809 0.257758 0.012578 0.186219 0.118011 0.126286 -0.111619 -0.108813 -0.224140 0.152340 0.008137 -0.042113 0.010940 -0.127163 0.183427 -0.188879 0.224630 -0.023551
-0.078403 0.016386 -0.081277 -0.249190 -0.054973 0.026889 -0.130635 -0.037711 0.158614 -0.050694 0.106883 0.101832 -0.073408 0.062664 0.079164 0.020583 -0.254758 0.014210 0.004539 -0.094167 0.038585 -0.010205 0.018630 0.066715 -0.118030 0.058871 -0.165855 0.068208 -0.099249 -0.015814 0.066425 0.050135 0.112454 0.082869 0.163861 -0.174381 -0.062310 0.083691 -0.069634 -0.084992 0.071490 -0.070488 0.027997 0.055131 -0.037371 -0.062673 0.030563
-0.163090 0.047410 -0.064497 -0.038136 0.004620 0.027096 -0.053066 0.010128 0.250401 0.039822 0.048844 0.013780 -0.176010 0.209297 0.002266 -0.059086 -0.147950 -0.106247 0.050483 0.000330 -0.040395 0.043053 -0.029032 0.015356 0.048372 -0.058598 0.113151 0.121951 -0.037743 -0.217191 -0.105548 0.006440 0.179125 0.178869 0.067279 0.006570 -0.100178 -0.126839 -0.102111 0.046328 0.068499 0.065861 -0.134118 0.006704 -0.051196 -0.019359 0.051697
-0.230300 0.059390 0.052399 0.120121 0.061156 -0.079967 -0.033165 0.042994 -0.160785 -0.146283 -0.036933 0.213652 -0.146214 0.019614 0.133832 -0.140146 -0.185776 0.074124 -0.089254 -0.034172 -0.011810 0.043805 0.262555 0.135773 -0.163657 0.113658 0.004958 0.108382 -0.084947 0.049477 0.054806 0.082711 0.082816 0.115782 0.138817 0.081918 -0.001977 -0.052086 -0.058748 -0.096685 -0.074143 0.082256 -0.039684 -0.008216 0.023450 0.082964 0.008212
-0.087253 -0.086806 0.168446 0.016456 -0.002324 -0.088504 -0.238808 -0.053039 0.236919 0.060510 0.082852 0.087445 -0.253633 0.062641 -0.005961 0.094721 -0.048846 -0.047829 -0.071409 -0.113733 -0.150744 -0.097814 0.018185 0.164599 0.000470 -0.003383 -0.005337 0.073189 0.000357 -0.016812 0.053679 0.033728 -0.100383 0.244664 0.135620 -0.037868 -0.064061 -0.157934 -0.066390 0.244178 -0.080072 0.079914 -0.179994 -0.033702 0.023899 -0.090565 -0.041320
-0.093147 -0.013262 0.034569 0.181061 -0.038739 -0.146900 -0.067646 0.167252 0.196253 0.063470 0.067677 0.159618 -0.047651 -0.035694 0.095552 -0.085902 -0.150986 -0.050154 -0.053360 -0.063599 -0.181660 -0.178252 0.117500 0.108196 -0.017381 0.111451 -0.038269 -0.178898 0.029807 -0.147399 0.099286 -0.084278 0.055989 0.177308 0.063973 0.079421 0.067810 -0.134289 0.013470 0.015467 -0.011682 0.059386 -0.156327 -0.025536 0.119795 -0.023954 -0.056781
0.008574 0.074219 -0.100499 0.150739 0.170925 -0.182826 -0.070670 0.160536 -0.046304 0.004811 0.097216 0.032339 -0.337619 0.158843 -0.246982 -0.145607 -0.099903 0.149976 -0.181917 -0.109265 0.195850 -0.052570 0.134956 0.063839 -0.151211 0.031335 -0.237324 0.068539 -0.155476 -0.083501 0.075387 0.229079 0.163620 0.246781 0.125304 -0.063689 0.092700 -0.074800 -0.068332 0.148692 -0.088540 -0.146059 -0.094747 0.008162 -0.010630 0.028587 -0.066867
-0.008142 -0.046085 -0.004531 -0.013913 0.016677 -0.103028 -0.110056 -0.033619 -0.067887 0.042098 0.084636 0.310784 -0.143726 -0.024795 -0.009657 -0.282051 -0.168716 0.006593 -0.177450 -0.099028 -0.096121 0.027864 0.203669 -0.003299 -0.027771 0.232778 -0.081576 0.010359 -0.086276 -0.030569 0.107186 0.077620 0.059450 0.163398 0.109584 0.009385 0.140509 -0.080538 -0.063592 0.005295 -0.155537 -0.035077 -0.030540 0.078522 -0.015739 -0.033717 0.087953
0.152308 -0.116073 -0.099016 0.034558 -0.153706 0.074618 0.114396 0.005003 -0.178346 0.155303 -0.220803 -0.113666 0.088328 0.213592 -0.197067 0.021209 0.147668 -0.110797 0.250156 0.168147 -0.087536 0.159457 0.210602 0.001771 0.098382 -0.098325 -0.281293 -0.509187 0.041217 0.117711 0.023661 0.010352 -0.013142 -0.441381 -0.176009 -0.260249 -0.095569 0.057878 -0.018307 -0.273780 0.056218 -0.047849 0.040478 0.095683 -0.267437 0.055711 -0.029370
0.001331 -0.186819 -0.031360 -0.109110 -0.191119 0.023544 -0.156481 -0.069577 -0.101140 -0.080060 0.086982 -0.106618 0.041082 0.121897 -0.263439 -0.051689 -0.074209 -0.002850 0.123629 0.010332 -0.347387 -0.040022 -0.011319 0.072750 0.022044 0.171127 0.065742 0.035241 -0.178168 0.104391 0.066177 0.016358 0.019601 0.037330 0.123497 -0.104207 -0.032691 0.050509 0.060208 0.167668 0.035835 0.015008 -0.147819 -0.029720 0.054217 0.003012 0.081942
0.036005 0.194165 -0.104302 0.194804 -0.181366 -0.019153 0.044284 -0.008489 0.023424 -0.095646 -0.185414 0.029761 -0.079395 0.033823 0.090419 -0.075105 0.024314 0.037081 -0.308977 0.042661 0.081410 -0.020403 0.019986 0.035862 0.091905 0.133631 0.087765 -0.280315 -0.093713 0.146065 0.002094 -0.192223 -0.009856 -0.011469 -0.289882 -0.154967 -0.087703 0.094306 -0.095499 -0.023220 -0.052340 -0.230528 -0.052473 -0.009656 0.062432 0.241318 -0.100577
-0.053758 -0.101837 -0.378874 -0.175189 -0.111432 0.067365 0.057181 -0.205236 -0.044107 -0.094480 -0.075369 -0.082187 -0.059861 -0.008441 0.081228 -0.047828 -0.138838 -0.161171 0.046380 0.162689 0.064249 -0.061470 -0.105584 0.158807 0.092117 -0.069863 0.050071 0.000165 -0.025584 0.136475 0.137715 -0.024722 0.211260 0.074405 -0.214777 -0.054548 -0.164526 -0.021875 -0.248979 -0.144739 -0.007762 -0.092665 -0.181141 -0.194907 -0.107190 0.021690 0.191332
0.064554 -0.075973 -0.060935 0.035071 -0.166462 0.128521 0.128251 -0.084863 -0.050781 -0.020568 0.261924 -0.180589 -0.026287 0.080834 -0.286676 0.133474 -0.041662 0.176151 0.129630 0.025739 -0.144282 -0.183458 0.006460 0.053462 -0.046768 -0.190845 -0.097462 0.024443 0.110654 0.075654 -0.151917 0.093466 0.061929 -0.050888 -0.270916 0.030098 -0.088696 -0.094690 -0.332381 -0.172110 0.206635 0.083090 -0.310737 -0.286720 0.048470 0.027976 0.064822
-0.027332 0.018374 -0.259165 -0.369954 -0.048176 0.176961 0.378659 0.134504 -0.215743 -0.440937 0.068818 -0.323218 0.157610 0.242915 0.067835 0.097130 0.098999 -0.250524 0.213122 0.084073 0.016950 0.014369 -0.147533 0.007035 0.206702 -0.088893 -0.162352 -0.372401 -0.151428 0.077451 -0.231138 0.042798 0.119224 -0.041440 -0.166996 -0.115128 -0.084689 -0.001283 -0.423243 -0.357183 -0.076959 0.105599 -0.115980 -0.068582 -0.176572 0.031069 0.013456
-0.281448 -0.141754 -0.210294 -0.174691 0.119320 0.093275 0.121891 -0.151138 0.040752 -0.066786 0.196259 0.154417 -0.100859 -0.227473 0.160175 0.149539 0.140137 0.069970 0.175786 0.107168 0.161794 -0.128093 -0.190397 -0.160661 -0.046796 -0.210459 -0.226826 -0.164995 0.019287 0.038626 0.026303 -0.063084 -0.031684 0.037941 -0.065973 0.106688 -0.364388 0.024405 -0.210891 -0.167972 0.126792 0.098960 0.105376 -0.201311 -0.048625 -0.165631 0.125683
0.016458 0.013627 -0.364024 -0.074605 0.067953 0.036384 0.277165 -0.251786 -0.189780 -0.125183 -0.183276 -0.240908 -0.327115 0.131912 0.299742 0.013617 0.104432 -0.248371 0.231525 0.282686 0.133049 -0.105788 0.008231 -0.098467 0.184836 -0.501603 -0.055153 -0.378459 0.044378 0.125526 -0.025013 0.243734 0.062435 -0.097484 -0.333325 -0.098265 -0.138434 0.065904 -0.367236 -0.339985 0.040659 -0.101242 0.007184 0.028934 -0.029089 0.068148 -0.026060
-0.100087 -0.248232 -0.448432 -0.171828 -0.109089 0.161291 0.042460 -0.442887 0.052876 0.072262 -0.175974 -0.279093 0.002633 -0.298453 0.172623 0.062590 0.061616 0.014823 0.089370 0.108105 0.347438 -0.149564 -0.110602 0.108988 -0.042293 -0.358073 -0.371278 -0.134774 0.105623 0.121677 -0.167599 -0.008166 0.052788 -0.265830 -0.101483 -0.104780 -0.008402 -0.164485 -0.230134 0.020859 0.095251 -0.033157 0.114505 -0.314605 -0.241445 0.019351 0.140744
0.129572 -0.110714 0.164295 -0.004577 -0.531197 -0.034050 0.270625 0.019401 -0.112377 -0.036687 -0.148312 -0.099245 -0.177139 0.205470 -0.274860 0.054104 0.166108 -0.329136 0.003168 0.055482 -0.292396 -0.123242 0.066471 -0.063800 0.138257 0.364332 0.009918 -0.023952 -0.001146 -0.084939 -0.056281 -0.366008 -0.300946 -0.428608 -0.229314 -0.101387 0.014861 0.134380 -0.218263 -0.001784 -0.189023 -0.238461 -0.055649 0.093459 -0.251123 0.222758 -0.064197
0.029346 -0.185778 -0.095354 -0.044794 -0.174633 0.138351 0.097092 -0.336034 -0.067536 -0.157050 0.114251 -0.110354 0.021299 0.033340 0.044164 0.118587 -0.047606 -0.246376 0.101580 0.060286 -0.084949 -0.123891 -0.188407 -0.263673 0.008229 0.129619 -0.037331 0.026492 -0.070363 0.108645 -0.073577 -0.085751 -0.001177 -0.060267 -0.093126 -0.032166 0.127984 -0.068274 0.010230 0.238244 -0.032337 -0.054158 -0.105189 -0.040920 0.034027 0.137647 0.051675
-0.048747 -0.274640 -0.216774 -0.267879 -0.080202 0.153547 -0.113663 -0.503929 -0.036130 0.067050 -0.089999 -0.120052 0.035553 -0.052544 0.089151 0.146183 0.024606 0.034983 0.097667 0.193070 0.049258 -0.121365 -0.226620 -0.121793 0.062753 -0.060650 -0.071511 -0.256860 -0.126120 0.100607 0.156279 -0.014502 0.106317 -0.099120 -0.051699 -0.246200 0.100560 -0.152462 -0.278443 0.260490 0.032445 -0.145461 -0.313971 -0.164832 0.082883 -0.022577 0.081517
0.120213 -0.264866 -0.188991 -0.090975 -0.061945 0.067301 0.175060 -0.331940 0.155075 -0.002604 -0.122539 -0.204304 0.045604 -0.044071 0.147242 -0.104859 0.015390 -0.155139 0.117937 0.109886 0.074880 -0.324673 -0.053685 -0.038574 0.045227 -0.015611 -0.065356 -0.276027 -0.080593 0.072155 -0.014928 0.017961 0.029371 -0.115229 -0.067697 -0.103275 0.042628 0.163953 -0.089036 0.049139 -0.016337 -0.148014 0.007596 -0.000125 -0.177855 0.127530 0.066713
0.039621 -0.102341 -0.188879 -0.292815 -0.075241 -0.090039 0.017327 -0.250281 0.026084 0.148426 -0.081228 -0.012402 0.129851 -0.239733 -0.008950 0.026393 0.215088 -0.018469 0.029460 0.002078 -0.105563 0.119792 -0.099144 -0.056236 0.041967 -0.100594 -0.023224 0.089676 0.031584 -0.110786 0.003757 -0.000008 0.043747 -0.322073 -0.129726 -0.009562 0.015873 -0.016190 -0.195182 0.213278 0.029079 0.168081 -0.023809 0.123103 0.089810 -0.135684 -0.086014
0.013035 -0.035281 -0.095390 0.030522 -0.279463 -0.196540 0.127190 -0.125637 -0.140940 -0.104123 -0.078319 0.048288 0.034874 0.066110 -0.032546 -0.037099 -0.000278 -0.145945 0.005516 0.091822 -0.140255 0.043565 0.093603 -0.012205 0.084682 0.018261 -0.040824 0.087741 0.161204 0.013127 -0.064681 0.015844 -0.012998 -0.055934 -0.017949 -0.136731 -0.003119 -0.076671 -0.137893 0.166769 0.007126 -0.106415 -0.271235 0.065065 0.039435 0.060870 -0.152769
0.015012 -0.241122 -0.167243 -0.151482 -0.035185 0.042144 0.130661 -0.215072 0.064049 -0.016429 -0.022024 -0.197498 0.161941 0.036321 0.075918 0.015901 -0.024138 -0.071137 -0.023026 0.006077 -0.025301 -0.055566 0.028853 0.021828 0.083851 -0.126369 0.013931 0.031575 -0.046128 0.064949 -0.025047 -0.095001 -0.017151 -0.075591 -0.096944 -0.081995 -0.020445 0.031373 -0.073837 0.013323 0.044228 -0.006386 0.075583 0.072863 0.011751 0.069661 0.037748
0.104245 -0.099030 0.036526 -0.159324 -0.019211 0.008418 0.205572 -0.239776 0.084009 -0.119650 -0.050978 -0.096301 0.081167 -0.081983 -0.037432 -0.055509 0.045999 0.127814 -0.010931 -0.029537 0.120145 0.053859 0.001262 0.143850 0.015532 -0.032476 0.146024 0.060238 -0.092293 -0.101576 0.034634 0.060302 0.091002 0.035160 -0.038809 -0.191402 0.088113 -0.027507 0.081522 -0.075169 -0.014949 0.001661 0.005785 -0.003482 -0.091373 0.004815 -0.209914
-0.035957 -0.120555 -0.198649 0.064923 0.059981 0.058145 0.144871 -0.075058 0.133586 -0.019277 0.021200 0.118996 -0.021769 0.008018 -0.057504 0.091655 -0.032871 -0.063683 0.019753 0.067725 -0.061864 -0.184442 0.017389 0.028307 0.014810 -0.090408 0.026388 0.056154 0.031133 -0.220197 -0.137758 -0.251954 0.059291 0.183143 0.153737 -0.028322 -0.059348 0.081158 -0.029220 0.056230 0.036523 -0.015660 -0.029077 0.076293 0.084819 -0.100428 -0.017833
-0.016899 -0.161992 0.175299 -0.020396 -0.072393 0.080670 0.143338 -0.113160 0.093582 -0.064349 -0.030450 -0.021028 0.027439 -0.082581 -0.111644 0.059689 0.056222 0.156197 -0.031191 -0.012905 0.000402 -0.038422 0.026249 0.035061 0.020159 -0.141565 0.278635 0.014655 -0.020868 -0.117757 0.051571 -0.043710 -0.092650 -0.031781 -0.037440 -0.149185 0.026458 -0.040844 0.070050 0.027509 -0.097998 0.055109 0.044773 -0.010769 -0.256021 -0.181462 0.089154
-0.031565 0.225069 -0.094132 0.235278 -0.100899 0.058794 0.011540 -0.081108 -0.265683 0.086419 0.049146 -0.213684 0.044526 -0.231271 -0.204888 0.237041 -0.111467 0.107040 0.223934 0.126095 -0.091290 -0.013240 0.000069 0.128556 0.104247 -0.132258 0.057962 -0.081934 0.049947 -0.236014 0.033991 -0.036095 0.033786 -0.264171 -0.016527 -0.225607 -0.119973 -0.164928 -0.041234 0.071770 -0.098831 0.109279 -0.054370 -0.054168 -0.046399 0.017552 -0.121259
-0.015639 0.055909 0.134862 -0.005969 -0.067040 0.011373 0.157146 -0.147340 0.172214 -0.074328 -0.002898 0.127195 -0.052581 0.023961 -0.234348 -0.097208 0.076742 -0.108173 0.051696 0.047461 0.086967 -0.083709 -0.059491 -0.069690 -0.022959 -0.123537 0.291287 0.022137 0.008324 0.035303 -0.157904 0.045877 -0.147156 0.078973 -0.006919 -0.060490 0.020323 -0.052962 0.195585 -0.050860 0.127427 0.051029 0.074250 -0.178634 -0.346080 -0.070108 -0.072150
0.028081 0.105875 -0.145862 0.205952 0.066046 0.035183 -0.037159 -0.281119 -0.130653 0.003174 -0.038219 -0.136145 -0.172706 -0.013587 0.044292 -0.004070 -0.058425 -0.035290 0.145041 0.082050 -0.045373 0.009421 -0.112066 0.131325 -0.055542 -0.150774 0.092037 -0.027877 0.052619 -0.290062 -0.207677 0.013119 0.207620 0.141881 0.139820 -0.145092 0.162447 0.133645 0.043911 -0.079057 0.071919 0.082926 -0.163139 -0.218241 -0.162437 -0.048557 -0.179241
-0.153494 0.078626 -0.139613 0.064369 0.018537 -0.038955 0.002364 -0.071582 0.124762 -0.007425 0.047039 0.101259 -0.239286 0.056323 0.167672 0.095688 -0.058650 -0.063339 0.037374 0.006049 0.175699 0.024535 -0.088592 0.000452 -0.128166 -0.085741 0.122516 0.066902 0.069982 -0.055469 0.014367 -0.118952 0.101057 0.181324 -0.008773 -0.043251 0.036910 -0.027603 -0.078063 0.042116 0.100620 0.096730 0.027904 -0.210069 -0.126189 -0.020776 -0.121764
-0.185361 -0.042982 0.183498 0.032031 -0.050521 -0.035313 0.147610 0.030232 0.166061 -0.091594 -0.010236 -0.071859 0.102991 0.055560 -0.093631 -0.018657 0.043173 0.222021 0.045673 0.110549 -0.051612 -0.066020 0.017834 0.054006 -0.063665 -0.048619 0.065338 0.075806 -0.054308 -0.020021 -0.024048 -0.038712 -0.040717 0.064253 0.078139 -0.033597 0.222309 -0.111842 0.032533 -0.047591 -0.132061 0.087980 -0.015894 -0.245312 -0.016255 -0.132482 -0.069225
-0.024877 0.024645 0.093710 0.263222 0.025305 -0.042043 0.042433 0.132775 0.029983 0.120416 0.043951 0.021413 -0.105433 -0.168881 -0.003813 -0.010954 0.007435 0.071860 0.125845 -0.063525 0.055530 -0.020172 -0.043716 0.029112 -0.170699 -0.080402 -0.033634 -0.028943 -0.001894 -0.179400 -0.073668 -0.057606 0.140872 -0.025639 0.081851 -0.000398 -0.013035 -0.162548 0.092661 0.014157 0.076183 0.152554 -0.186561 -0.306934 -0.012076 -0.282599 -0.145283
0.027355 -0.119504 0.081187 -0.203934 -0.141642 -0.121992 0.226485 -0.294597 0.145709 -0.057762 0.169781 -0.244716 -0.025653 -0.436124 -0.129516 0.003180 0.169465 0.177323 -0.162878 0.110198 -0.048228 -0.138746 0.163443 0.121656 0.014326 0.072623 0.132281 0.241822 0.024263 -0.203876 0.007170 -0.017016 0.018191 0.030496 -0.056592 -0.046678 0.049545 -0.335118 0.197849 -0.037405 -0.084402 0.054089 0.044273 -0.063115 -0.179146 0.001894 -0.178472
-0.040415 -0.141692 -0.093696 0.024709 -0.055301 -0.132924 -0.014171 -0.150534 0.083918 -0.065599 0.194230 -0.021136 -0.064999 -0.176561 0.026360 -0.006372 0.169831 0.124355 0.011099 0.035058 0.041421 -0.206821 0.078402 0.134472 -0.026996 0.161209 0.071918 -0.018026 -0.006762 -0.180150 0.031000 0.013509 0.037596 0.076898 0.006783 -0.143200 0.092371 0.077287 0.022947 -0.077741 0.060533 0.141544 -0.111921 -0.047066 0.034233 -0.092218 -0.121108
0.070156 0.202366 -0.055678 0.107811 -0.017440 0.139434 -0.025771 0.158109 -0.295081 -0.032697 0.048467 -0.076604 -0.040220 -0.194477 -0.163535 0.078408 0.090523 0.007392 0.145838 0.231410 -0.179883 -0.241571 0.108851 -0.009756 -0.034429 -0.066593 0.019851 -0.066336 0.079123 -0.232652 -0.123720 -0.059261 -0.099586 -0.203562 0.247435 -0.186928 0.070795 -0.334902 0.035176 0.013574 0.011414 0.005670 -0.066489 -0.155356 -0.077737 -0.254508 -0.052023
-0.012730 -0.179338 0.075747 0.029946 -0.119296 0.045640 0.121084 -0.358936 0.079073 -0.260538 0.173598 -0.192284 -0.036828 -0.175066 -0.090471 -0.050770 0.190407 0.265672 0.057192 0.229122 0.038138 -0.228123 0.124850 0.193676 0.044621 0.059454 0.161455 0.101972 0.036463 -0.273696 -0.017813 -0.115052 -0.022937 -0.000762 -0.029623 -0.216675 0.124911 -0.285489 0.172112 -0.061818 -0.150366 0.131478 -0.200852 -0.011950 -0.249138 -0.072294 -0.379607
-0.010434 0.195482 0.079152 -0.147847 -0.043562 -0.106705 -0.038798 0.148498 -0.016989 -0.055493 0.063545 -0.164852 -0.046859 0.099025 -0.064939 -0.010846 0.052534 0.042094 0.099257 0.166054 -0.020048 -0.056055 0.123963 0.040176 0.002982 0.004622 0.028962 -0.123049 -0.011815 -0.136141 0.055418 -0.110839 0.087217 -0.107048 0.147122 -0.161840 0.045220 -0.066758 0.133400 -0.012703 -0.128120 0.100222 -0.081760 0.049267 -0.154509 -0.148126 -0.224561
0.036481 -0.172410 -0.083357 0.216056 -0.038138 0.055524 -0.099157 -0.089359 -0.143007 0.037061 -0.050265 0.211082 -0.015235 -0.248827 -0.173521 0.119113 0.091635 -0.165074 0.086030 0.389206 -0.270182 -0.308863 0.154503 0.215421 0.101260 -0.116601 0.109994 -0.336243 0.152848 -0.283011 -0.081212 -0.017187 0.069105 0.056597 -0.013523 -0.313898 0.035535 -0.195760 -0.011245 0.027738 0.090607 0.076269 -0.017293 -0.108712 0.021435 -0.233901 -0.063634
0.090027 0.132058 -0.064506 -0.096791 -0.133777 0.017111 0.130206 -0.201929 -0.110503 0.060562 0.083074 -0.152254 -0.014234 -0.170279 -0.032804 -0.169938 0.147123 0.212629 -0.009028 0.038102 -0.069602 -0.176409 0.187477 0.179389 0.089958 0.020051 0.134819 -0.036374 -0.027903 -0.366421 0.105426 -0.027663 0.025825 -0.098513 -0.165425 -0.226855 0.077868 -0.281254 0.207796 -0.044213 0.105634 -0.035690 -0.163021 -0.007777 -0.109234 -0.096494 -0.184278
-0.450432 0.086026 0.165093 -0.257548 0.040344 -0.327484 -0.152348 0.150565 -0.098362 0.082834 0.147807 -0.623696 -0.218676 -0.420498 -0.048982 -0.019034 -0.159933 -0.022808 0.066129 -0.368726 0.210990 0.146993 0.076621 0.067075 -0.480301 -0.213262 0.014418 0.163700 -0.344725 -0.113020 0.152822 -0.324186 0.043644 0.149409 -0.077369 0.111576 0.101803 -0.497151 0.079344 -0.094374 0.051402 -0.196291 0.166353 0.076156 0.051074 0.103993 -0.022150
-0.074261 0.047438 0.170385 -0.003291 -0.092759 -0.058260 0.003161 -0.322569 0.206166 -0.421774 -0.304798 0.216353 0.331017 0.175355 -0.051320 0.122498 0.033095 -0.106797 -0.022586 -0.006032 0.129642 -0.168071 -0.079179 -0.018904 -0.083224 -0.034041 0.138162 0.088617 -0.060482 -0.316083 0.052499 -0.060616 0.067436 0.208438 -0.205691 -0.001262 0.081424 0.144249 -0.175738 -0.045657 0.036547 -0.275653 0.000410 -0.002116 -0.122019 0.068610 -0.115236
-0.179188 0.120496 -0.009119 0.021749 0.057207 -0.181375 0.013598 0.002890 0.036646 -0.136754 0.062355 -0.047823 0.165930 -0.251847 0.095035 0.250566 -0.147729 -0.075158 -0.018925 -0.296555 0.214223 0.241003 0.027087 -0.070993 -0.183195 -0.076035 0.186685 -0.017079 -0.119156 -0.133467 0.086024 -0.366909 0.149760 0.122343 -0.216352 0.161959 0.003849 0.034024 0.175640 0.053591 0.140385 -0.159399 0.003662 0.059143 -0.115459 -0.070287 -0.231772
-0.051764 0.107454 0.214249 -0.042715 -0.060933 -0.237800 0.068088 -0.061759 -0.177440 -0.068862 -0.154579 0.083942 0.099622 0.010691 -0.047003 0.002641 -0.064257 -0.108364 0.052081 -0.320317 0.123028 0.308379 -0.035640 0.095519 -0.056536 0.324785 -0.120133 0.221266 -0.089912 -0.076143 0.023784 -0.045029 -0.023856 0.246904 -0.331994 0.111474 0.015303 -0.005288 -0.086373 0.003950 0.077093 -0.365510 -0.018936 -0.042499 0.082675 -0.060768 -0.009539
0.024105 0.075164 -0.024475 0.099090 -0.078886 -0.135495 0.087762 0.123778 -0.026386 -0.054326 -0.131681 0.108305 0.182305 -0.044983 0.111096 -0.024554 0.100579 -0.068851 -0.037445 -0.133869 0.079547 -0.098878 -0.427785 0.073455 0.056659 0.133926 -0.144209 0.018825 -0.011354 -0.461017 -0.086999 0.080041 -0.099215 0.053838 -0.247683 0.023816 0.125033 -0.044950 -0.237518 0.061424 0.021330 -0.233242 -0.073866 -0.113728 -0.026382 0.135664 0.144571
-0.089375 0.035986 0.148709 -0.278083 -0.009347 -0.152478 -0.039185 -0.084005 -0.144092 0.043387 -0.044960 -0.275323 0.014120 -0.242387 0.138578 0.084105 0.047022 -0.039084 0.078210 -0.153045 0.093930 0.174319 -0.058801 0.045575 -0.145800 -0.385954 -0.108776 0.054685 0.005419 -0.207874 0.123055 -0.219823 -0.022345 0.194185 -0.204830 0.008313 0.172357 -0.141319 -0.000241 0.150775 0.054296 0.005959 -0.052557 0.127366 0.128044 -0.059460 0.058502
-0.021562 -0.118540 0.128760 0.093709 0.069185 -0.125188 -0.223702 0.010594 -0.002324 -0.161316 0.145567 -0.049278 0.037048 -0.455256 -0.130238 0.041009 0.091888 0.239953 0.138648 -0.134320 0.065128 -0.083100 -0.261225 0.078072 -0.126315 0.172590 0.281869 0.036838 0.045402 -0.243188 -0.097107 -0.103872 0.195421 0.196634 -0.177963 -0.084745 -0.008535 -0.145408 0.019686 -0.090786 -0.002377 -0.106919 0.156592 -0.290570 0.015152 0.032553 -0.173243
-0.027903 0.002667 0.091260 -0.070564 -0.093221 -0.049616 -0.215780 0.055181 -0.166533 -0.193190 0.005777 0.030375 0.144398 -0.128974 0.116715 0.095883 -0.052279 0.065054 -0.035385 -0.074095 -0.052274 -0.049504 0.175780 -0.038048 -0.039995 0.035948 0.120798 0.072385 -0.112111 -0.193736 -0.104490 0.045906 0.192154 0.128385 -0.230911 0.010730 0.246212 -0.117545 -0.001967 0.142226 0.030948 -0.023637 -0.151064 -0.035155 -0.003784 -0.114040 0.233832
0.007578 -0.056910 0.112992 -0.008273 0.061731 -0.265646 0.057079 -0.167156 -0.175761 -0.204708 0.181659 0.137532 0.002872 -0.283820 0.000446 0.048453 0.085907 -0.037910 0.018437 -0.245053 -0.015743 -0.117848 -0.003050 0.101114 -0.014023 0.323233 0.257659 0.144586 -0.029945 -0.139205 -0.051815 -0.054190 0.266327 -0.038414 -0.390104 -0.243746 0.076889 -0.150838 -0.000924 0.038479 0.095189 -0.191983 -0.074227 -0.088964 -0.053378 -0.125502 0.074532
-0.155647 0.000926 -0.066811 -0.148642 0.090861 -0.176943 -0.065228 0.054479 0.021672 0.044926 0.185557 -0.061828 0.024850 -0.176716 -0.300617 0.020097 -0.067704 0.090615 -0.120928 0.209342 0.343739 0.069004 -0.078675 0.064750 -0.127930 -0.248405 0.246900 0.247892 -0.099950 0.088382 0.153410 -0.305888 0.120596 0.101873 -0.219060 -0.214133 0.297221 -0.045420 0.052063 -0.230725 0.039233 -0.186809 0.169067 0.137048 -0.060450 -0.092822 -0.281059
-0.037914 0.032223 -0.063877 -0.029296 -0.045669 -0.052220 0.161185 -0.262102 0.185283 -0.150502 -0.007606 0.106113 -0.064239 -0.026773 -0.157747 0.040003 -0.055208 0.057530 -0.131752 0.037436 0.017545 -0.019348 0.177031 -0.000250 -0.049195 0.134391 0.178586 0.084926 -0.043212 -0.229327 0.040246 0.063950 0.188015 -0.161641 -0.173387 0.067858 0.061258 0.176858 -0.077712 -0.081658 -0.031191 -0.035371 -0.060645 -0.063184 -0.031023 -0.068013 0.082579
-0.122043 -0.092876 0.099251 0.069346 -0.042388 -0.139690 0.141499 -0.179730 0.030150 -0.226742 0.045888 0.083260 0.036288 -0.002929 0.102544 0.004516 0.055408 0.092025 0.035958 -0.204785 0.241031 0.148254 -0.098671 0.037251 -0.050419 -0.025977 0.142743 0.148983 -0.136298 -0.124311 0.121885 -0.129774 0.076278 0.155883 -0.073287 -0.005919 0.062935 0.031970 -0.041659 -0.017851 0.124960 -0.005666 -0.035638 -0.020137 -0.139232 0.011983 -0.074369
-0.032842 -0.018364 0.064543 -0.173927 -0.084456 -0.166619 -0.106594 -0.172247 -0.029673 -0.137734 -0.114396 0.018318 -0.018788 -0.004569 0.090000 0.010418 -0.218396 0.012967 -0.024877 -0.124102 0.132223 -0.057759 0.014691 -0.016070 0.008634 0.292187 0.077214 0.108489 0.000131 -0.098532 0.084761 -0.030591 0.128084 0.195591 -0.180652 -0.001675 0.122909 0.039033 -0.000060 0.038917 0.126883 -0.221374 -0.002007 -0.032771 0.067608 0.045797 -0.075392
-0.175229 -0.097683 -0.132081 0.240535 0.191156 0.040802 -0.034504 0.188750 0.126090 -0.050424 -0.101703 0.201910 0.015612 -0.236700 0.136466 0.045367 0.062614 0.049041 -0.026401 -0.240612 0.132987 0.007078 -0.138492 0.061536 -0.046945 0.077273 -0.115928 0.054982 -0.014878 -0.226455 0.051207 -0.068563 0.141099 0.135937 -0.091575 0.017816 -0.077204 -0.048230 -0.071080 0.023439 0.065005 -0.073699 -0.182870 -0.154799 -0.086236 0.131274 0.145933
-0.065280 -0.049576 -0.006210 0.211401 0.055313 -0.024374 0.228756 -0.182594 0.172871 -0.406811 0.028158 0.227693 0.031922 -0.115669 -0.050624 0.095286 -0.024593 0.064728 -0.046199 -0.091200 0.190147 -0.103574 -0.181687 -0.216496 -0.035063 -0.055342 0.186471 0.007538 -0.020521 -0.078152 0.067352 -0.080776 0.050249 0.112043 -0.143101 -0.058908 -0.097237 0.133483 -0.070293 -0.080356 0.124816 -0.170760 0.069316 0.064662 -0.024654 0.158937 -0.006281
-0.073943 0.014668 0.054133 -0.118591 -0.050411 -0.038448 0.010779 -0.086479 0.064294 -0.047901 -0.021802 0.204452 -0.183353 -0.003108 -0.061797 0.034120 -0.019197 -0.080886 -0.022399 -0.049614 0.254504 -0.039164 0.036417 0.142153 -0.151193 0.071326 0.144333 0.289439 -0.061306 0.009990 -0.022167 -0.122174 0.091621 0.202912 -0.131714 0.104098 0.049303 0.060602 0.015829 -0.007088 0.051515 -0.207041 -0.054150 -0.005392 -0.010288 0.113312 0.001908
-0.177680 0.169481 -0.041834 0.054000 0.008091 0.093727 -0.065129 -0.063371 0.013458 -0.004951 -0.121794 -0.010086 -0.091453 -0.126742 -0.119838 -0.118026 -0.199067 -0.126089 0.151668 0.088938 0.047849 0.157430 0.081136 0.056706 -0.224123 -0.114445 -0.051442 -0.165707 -0.053111 0.095968 0.079038 0.037991 0.089149 -0.134095 -0.121905 -0.011917 -0.153800 -0.091546 0.154104 -0.064334 -0.045165 0.030154 0.007552 0.048668 -0.100705 -0.004779 0.012334
-0.000170 0.026570 0.015977 0.149860 0.110451 -0.060049 -0.016301 -0.003758 -0.067174 -0.003537 -0.001771 0.080569 -0.450790 -0.040682 -0.069666 0.028401 0.198202 0.226692 0.000524 -0.048062 -0.018502 -0.083763 -0.017445 0.116383 -0.031259 -0.091695 0.081411 -0.080926 -0.076020 -0.071976 0.049854 0.120124 0.110141 0.097521 0.058806 0.097473 0.052620 -0.004348 -0.016825 -0.230160 0.033204 0.036412 -0.025976 -0.153903 0.123153 -0.126192 -0.226589
-0.197485 0.130283 0.022970 -0.105285 0.064740 -0.122562 -0.204237 -0.146175 -0.169253 0.022551 -0.088884 -0.179687 -0.084829 -0.300803 -0.056971 -0.004863 0.288494 0.026203 0.101157 0.060642 0.046786 0.054663 0.111931 0.013534 -0.246033 -0.156430 0.027387 -0.107796 0.157062 0.141909 -0.039129 0.035579 0.001080 -0.331795 -0.127306 0.037624 -0.206117 -0.085647 0.069853 -0.080326 -0.073521 0.044426 0.083812 0.047073 0.101174 -0.195293 0.052324
-0.061143 0.089333 -0.011945 0.111573 0.179228 0.004800 -0.001791 0.187706 0.055585 -0.069357 -0.093305 -0.169998 -0.215694 -0.041347 -0.068386 -0.088989 -0.119566 0.171615 0.060576 -0.041569 0.162386 0.093364 -0.041497 0.185688 -0.072042 0.040036 -0.262243 -0.167316 -0.103040 -0.267703 0.128843 0.067967 -0.152508 -0.089601 0.119819 -0.170893 -0.109078 0.011867 -0.138980 -0.085666 -0.076227 -0.089728 -0.023264 0.024011 -0.052843 -0.004456 -0.196061
0.007219 -0.022098 0.213724 0.049787 -0.028272 -0.267004 -0.152691 -0.036879 -0.273078 0.055314 -0.147552 -0.060483 0.034864 -0.072753 -0.278824 -0.167090 0.039511 0.282550 -0.011236 0.245461 -0.062957 0.004155 0.094911 0.163567 -0.093501 -0.017867 -0.054229 -0.131271 -0.248685 -0.151975 0.173676 0.104809 0.052320 0.092782 0.025193 -0.089022 0.162240 0.040122 0.088172 -0.088393 -0.315615 0.037614 0.030649 0.190652 0.161444 0.069838 -0.068013
0.083135 -0.177112 0.075877 -0.066145 0.153165 -0.296090 -0.190227 0.061862 -0.001933 0.076744 0.115691 -0.049369 -0.128646 -0.026921 -0.063424 -0.125871 -0.034647 0.235793 -0.205005 0.110855 -0.063084 -0.221544 -0.193448 0.031335 0.084897 -0.027944 0.172638 -0.022504 -0.129626 0.028544 0.052463 0.117998 0.261758 0.013185 0.073025 0.023678 0.138068 -0.248096 0.129309 -0.102595 -0.048711 0.207939 -0.092438 -0.068101 0.140669 -0.205809 0.035011
0.019368 -0.087189 -0.033243 0.083595 0.119145 0.030251 0.059837 0.126897 -0.049704 -0.002194 0.006818 0.015561 0.193731 -0.082538 0.103688 -0.027377 0.015001 0.059112 -0.263654 -0.136125 -0.157394 -0.269511 -0.224428 0.021829 0.043469 -0.262727 0.022111 0.060023 0.041998 -0.005523 -0.200222 0.062642 0.121062 -0.144632 0.070638 -0.069767 0.016474 -0.054916 -0.074601 0.107703 0.022641 0.032753 -0.065177 -0.015300 -0.010009 0.097986 -0.119657
0.084243 -0.136158 0.103262 0.175449 0.021272 0.276720 0.083471 -0.079684 0.037815 0.096640 -0.027420 -0.098193 -0.430316 -0.061856 -0.252672 0.093558 -0.046819 -0.161494 -0.142387 0.083712 -0.290085 -0.174904 0.038197 -0.030091 0.216981 -0.152906 -0.069173 -0.173603 0.157055 -0.001472 -0.120718 -0.022099 0.052033 -0.161834 0.046106 -0.214074 0.055666 -0.005757 0.047009 -0.113684 0.100952 0.027844 -0.144387 -0.115306 -0.086074 -0.070851 -0.143397
0.087821 0.084153 -0.153684 0.082869 -0.217453 -0.003500 0.010156 0.155420 0.099627 0.070511 -0.111559 -0.166648 0.089996 0.013405 0.142260 0.128176 0.119125 -0.196240 -0.140923 -0.075864 -0.503477 -0.082083 -0.063156 0.123532 0.093622 -0.082957 -0.147860 -0.103957 0.085711 -0.293941 -0.268694 -0.117990 0.083279 -0.211036 -0.039455 0.006216 -0.012418 -0.266322 -0.071629 0.039812 -0.066988 0.063268 -0.045680 -0.041994 0.101608 -0.223170 -0.154861
-0.023565 0.115900 -0.266892 0.032706 0.100699 -0.052199 -0.092981 -0.045317 -0.250709 -0.125637 -0.090722 -0.394090 -0.088067 0.059673 -0.044123 -0.162709 0.095103 0.186054 0.115101 0.179120 -0.248004 0.149184 -0.044011 0.072705 -0.021274 0.041518 -0.036078 -0.393023 -0.016023 0.038578 0.082633 -0.026927 -0.042383 -0.534373 0.053664 -0.376640 -0.132529 -0.185015 -0.136742 -0.071945 -0.183777 -0.084190 -0.069404 0.129701 -0.229199 -0.045902 0.000004
0.149568 -0.070080 -0.120933 -0.089672 -0.033342 0.134321 -0.100474 0.079579 -0.217461 0.088281 0.083706 0.005300 0.119626 -0.087014 -0.112515 -0.121689 0.092417 0.085515 -0.038093 -0.322829 -0.130522 -0.023110 0.224506 0.109623 0.135049 -0.218967 0.074843 -0.066351 -0.117884 -0.067164 0.054788 -0.143045 0.190534 -0.075142 -0.153681 -0.236141 0.164318 -0.015466 -0.100073 -0.048178 -0.034918 -0.040865 0.119615 0.080735 -0.002877 -0.027847 -0.006574
0.074455 -0.084009 -0.119035 0.009509 0.177726 -0.002098 0.085251 0.022660 -0.168380 -0.029165 -0.061094 0.020206 -0.078862 0.068190 -0.258442 0.138863 -0.005384 0.106616 -0.237598 0.086774 -0.207947 -0.121649 0.037625 0.089868 0.091058 0.003665 -0.006039 -0.264323 -0.022845 -0.053649 0.118120 0.153708 -0.232118 -0.101780 -0.019843 -0.296532 0.040515 -0.010476 0.256373 -0.315399 0.043896 -0.068827 -0.033731 0.020743 -0.047114 -0.448189 -0.039034
0.094572 -0.035186 -0.167154 -0.405808 0.077102 0.032418 -0.099352 -0.028273 -0.232591 -0.034927 0.094908 -0.022609 0.039949 0.104433 -0.073574 0.078322 0.083836 0.022467 -0.155200 -0.090781 0.054358 -0.069590 0.178202 -0.006520 0.068087 0.064517 0.034980 0.030764 -0.069481 0.000712 -0.065152 -0.089594 0.085181 -0.157457 -0.095803 -0.336230 0.245642 0.004844 -0.059726 -0.189300 0.019301 -0.103969 0.193111 0.074813 0.035162 -0.006643 0.012871
-0.013685 0.120967 -0.133174 -0.290858 0.060850 -0.208559 -0.071110 0.018967 -0.257254 -0.087726 -0.056745 -0.153140 -0.035965 0.080701 -0.406335 -0.126328 -0.225516 0.024350 0.105915 -0.076041 0.092644 0.091577 0.097315 -0.011323 -0.185851 -0.224794 -0.447571 -0.140403 -0.304842 0.039183 0.158675 0.158696 -0.094353 0.072561 0.070062 -0.093407 -0.256734 0.072000 0.117975 -0.222432 -0.183443 -0.116799 0.080570 0.007043 -0.139237 -0.098185 0.128917
0.068521 0.139908 0.043208 -0.051487 -0.068802 0.085120 -0.055391 0.085422 -0.127716 0.078237 -0.330103 -0.112469 -0.080326 0.018436 -0.093342 -0.008137 -0.073606 -0.170701 0.125655 0.098348 -0.311212 0.139198 -0.249075 -0.130023 0.044819 -0.016716 -0.073718 -0.428598 0.040295 -0.035308 -0.109107 -0.039554 -0.214491 -0.591212 -0.155481 -0.133916 0.066876 0.072677 0.125515 -0.100326 -0.045740 0.073863 -0.162653 -0.125446 0.014098 -0.581867 0.120302
-0.118390 0.155831 -0.262941 -0.199169 0.162239 -0.106811 -0.275901 0.105809 -0.426597 0.055172 -0.067823 -0.140989 0.202868 -0.156425 -0.456079 -0.327754 -0.097473 0.117069 0.121820 0.220160 -0.167403 0.136703 0.240742 0.085386 -0.110106 -0.290928 -0.234356 -0.155782 -0.100204 0.086434 0.094338 0.096616 -0.178257 -0.118255 0.139039 -0.431296 -0.012060 -0.302814 0.154141 -0.283779 -0.280612 -0.040757 -0.051945 0.023786 -0.059281 -0.107132 0.150235
-0.149862 0.108152 -0.148517 -0.519570 0.087223 -0.245529 -0.262773 0.086531 -0.112966 0.062031 0.182098 0.053354 -0.305059 0.000417 -0.170166 -0.059200 -0.261457 0.131924 0.118458 -0.192113 0.138899 0.083028 0.130995 0.107927 -0.153775 0.084376 -0.081418 0.148339 -0.197544 0.067537 -0.184985 -0.194418 0.058695 0.078270 0.020763 -0.147075 0.067144 -0.020581 -0.086366 -0.400433 -0.107531 -0.142944 0.209791 0.208470 0.070915 0.139788 0.007526
-0.040784 0.116879 -0.003921 0.020955 0.048150 0.017798 0.006739 -0.004137 -0.090560 0.029874 0.064039 -0.158816 0.159705 -0.180653 -0.144960 -0.220530 0.065048 0.111568 0.051423 -0.148534 0.060024 0.176224 0.040667 -0.025959 -0.049183 -0.275441 -0.197988 0.018957 -0.347560 0.034640 0.198589 0.048925 0.055889 0.026262 0.111463 -0.050973 -0.136484 -0.036180 -0.004810 0.141976 -0.131827 -0.063157 0.212706 0.049324 0.183418 -0.268603 0.055531
0.051659 -0.000832 -0.588474 -0.064612 0.065277 0.166698 0.050938 0.095128 -0.289232 0.065728 0.048266 -0.189775 -0.301480 -0.090385 -0.286137 0.013764 0.250554 0.136661 -0.042930 0.110468 -0.230082 0.030578 -0.251706 0.128716 -0.018165 -0.067410 0.132959 -0.269681 -0.180886 0.009735 0.147237 0.102766 0.026415 -0.173934 0.052262 -0.079645 0.013258 -0.103851 -0.005615 -0.362471 -0.014618 -0.063821 -0.096023 0.071110 -0.007309 0.037303 0.084401
-0.150831 0.076034 -0.198103 0.316260 -0.030519 -0.047058 0.255426 -0.036596 -0.118222 -0.160956 -0.106354 0.098705 0.037524 -0.003671 -0.193476 -0.246882 -0.113524 0.112302 0.053862 0.124562 0.164657 -0.007885 0.162122 0.050577 -0.068785 -0.147761 -0.158231 -0.323258 -0.119486 -0.064601 0.285671 -0.055042 0.266855 0.270422 0.046851 0.124548 -0.190512 -0.085128 0.048473 -0.170744 -0.114959 0.132807 0.093741 0.086225 0.037220 -0.046494 -0.151054
-0.030152 0.060397 -0.020760 -0.148256 -0.031815 -0.070016 -0.041129 0.100869 -0.191334 -0.079395 -0.326655 0.013106 0.083230 -0.046866 -0.130734 -0.055354 0.032232 0.129900 0.153511 -0.244991 -0.021898 0.066930 0.234285 0.136547 0.013169 -0.026678 -0.001758 0.013956 -0.057207 0.127681 0.145129 0.047346 -0.178242 0.041121 0.150024 -0.238022 -0.040244 -0.108537 -0.112949 -0.201607 -0.069314 -0.169030 0.003296 0.067699 -0.022743 -0.230585 0.039169
-0.035440 -0.067658 -0.083120 -0.088195 0.109784 0.091041 0.023485 -0.015042 -0.029669 -0.186281 -0.069557 -0.069527 -0.165046 0.103214 -0.153795 -0.111968 -0.125173 -0.025264 -0.080507 0.078603 -0.010678 -0.100125 0.206042 0.108748 -0.023317 -0.195348 -0.018248 0.016401 -0.211138 -0.024273 -0.010540 0.030606 0.204855 0.075455 0.172837 -0.127995 -0.112637 0.084082 0.164236 -0.087309 -0.086548 -0.111806 -0.026863 -0.016640 -0.033670 -0.047265 -0.080187
0.034391 0.217640 -0.139019 -0.040679 0.103158 -0.296468 0.148006 0.105654 -0.133655 -0.217020 -0.101490 -0.055287 -0.189681 -0.102787 -0.120766 -0.039836 -0.112647 0.100397 -0.049459 0.280800 0.027983 0.019490 0.084082 0.174721 0.015469 -0.020662 -0.031005 -0.086338 -0.202258 -0.035368 0.157170 0.146422 0.026370 -0.028086 0.072769 -0.084042 -0.104980 -0.001229 -0.057198 -0.036519 0.042812 -0.155841 -0.014396 -0.132730 -0.191065 -0.033784 0.045833
0.106235 -0.038435 0.166782 -0.020855 -0.030838 0.046683 0.011109 0.045123 0.091541 -0.043972 -0.075268 -0.087758 0.028991 -0.227468 0.092381 0.060943 -0.031647 0.018050 -0.097736 -0.060039 -0.121173 -0.074575 0.203914 0.135967 0.087334 0.025415 0.085776 0.004251 0.033457 -0.150907 0.078657 -0.011827 -0.094422 -0.343824 -0.255112 -0.170595 -0.027200 -0.153296 0.134721 0.132422 0.014513 0.024146 -0.171235 0.043191 -0.033910 0.061747 -0.106238
0.070515 0.009351 0.147812 -0.060892 -0.022038 -0.151394 -0.003111 -0.273985 -0.056444 -0.273250 0.143645 -0.072723 0.190175 0.096451 0.068157 0.062284 0.186355 0.273132 -0.054737 -0.135566 -0.075874 -0.047550 0.045814 0.013176 0.015588 -0.058878 -0.181433 0.057376 -0.124327 -0.042667 0.139747 -0.169617 0.257229 -0.059341 -0.033957 -0.080559 0.013497 -0.018099 -0.027881 0.012822 0.080084 -0.122520 -0.025701 0.184712 -0.085704 -0.044734 -0.028235
-0.086848 0.166780 -0.169286 -0.218823 0.070659 -0.038433 -0.053476 0.154099 -0.109190 -0.088956 0.040417 0.084203 -0.286131 0.095075 -0.298565 0.015264 -0.148138 0.127997 0.052569 -0.073101 0.091831 -0.028124 -0.069451 0.079986 -0.061177 0.049614 -0.186389 0.082780 0.020888 0.019005 -0.008327 0.006139 0.021822 -0.003304 -0.032897 -0.002775 -0.075661 0.091206 -0.019510 -0.289225 0.059994 -0.015146 0.240375 0.170234 -0.050063 0.137823 0.001961
-0.079695 0.019737 0.096065 -0.105460 -0.034887 -0.080355 -0.108385 -0.021172 0.044329 -0.175183 0.140766 0.069855 0.035083 0.093762 0.220913 0.087461 -0.044625 0.019211 0.013722 -0.199863 0.118094 0.024593 -0.098930 -0.064088 0.010329 0.051805 -0.129457 0.048390 -0.138751 -0.009801 -0.090378 0.038901 0.057024 0.230416 -0.058951 0.087080 -0.129908 0.097607 -0.058416 -0.184698 0.092219 -0.139255 0.254622 0.068520 -0.060055 0.037299 0.085804
-0.115420 0.094237 -0.182683 -0.267347 -0.041208 0.045351 -0.000241 0.047671 -0.180943 -0.117757 -0.002361 0.057490 -0.095079 -0.023282 -0.142606 -0.012875 0.030674 0.096038 0.081073 -0.256588 0.193299 0.123960 0.483089 0.080770 -0.115792 -0.017338 -0.106680 0.142138 -0.251921 0.029504 0.112125 0.006661 -0.108443 -0.126716 0.038840 -0.098071 -0.127352 0.049338 -0.094979 -0.196504 0.015775 -0.167825 0.108129 0.092159 -0.092528 0.191360 0.037026
-0.130256 0.041113 0.127196 -0.005689 0.076819 -0.131462 0.039059 0.056090 0.161672 -0.187422 0.022496 -0.017540 -0.105431 0.113529 -0.205569 0.131758 -0.294101 -0.014464 0.026412 0.040539 0.001113 0.055985 -0.032551 0.135178 -0.153511 0.043137 -0.057677 -0.024049 -0.016746 0.079645 -0.165061 -0.014479 -0.009315 0.107534 -0.049320 0.043687 -0.065014 0.134679 0.105890 -0.290038 0.179210 -0.215403 0.230734 0.109826 0.022241 0.164411 0.021495
-0.062913 0.094250 -0.186609 -0.148493 0.025159 -0.044846 0.000197 0.118809 0.013845 -0.060560 -0.042519 -0.108986 -0.241177 -0.144606 -0.184700 -0.152079 0.023097 0.169513 0.185826 0.131697 0.073147 0.065258 0.038488 0.168893 -0.093963 -0.064386 0.018686 0.008492 -0.217895 0.079741 0.117493 0.090609 0.125926 -0.092109 0.048978 -0.260333 0.053987 -0.052351 0.057661 -0.343014 -0.047940 -0.115260 0.165330 0.200846 0.015446 0.031773 -0.001017
-0.062647 0.068441 -0.008812 0.127414 0.167287 -0.177693 0.151994 0.216810 -0.192658 -0.065981 -0.119852 -0.022031 0.137373 -0.121718 -0.204904 -0.042256 0.045555 -0.126582 0.048625 -0.162538 0.001415 0.089889 -0.181391 -0.034098 -0.192746 -0.080998 0.025690 -0.017216 -0.228281 0.167740 0.161170 0.163547 -0.002405 -0.013053 -0.003116 -0.154714 -0.027837 -0.032338 -0.219025 -0.149370 0.002197 -0.121101 -0.049285 -0.047532 -0.046995 0.026334 -0.037263
-0.072635 0.027083 0.019789 -0.236530 0.124672 0.192083 0.231774 0.282650 0.094527 -0.040339 -0.062113 -0.158241 -0.304465 -0.052114 -0.088903 -0.086912 -0.145465 0.008334 0.097673 -0.133991 0.006973 0.039762 0.007857 0.108553 -0.169020 -0.003549 -0.005498 -0.231072 0.010980 0.079230 0.009002 0.023623 -0.062002 0.108151 0.049749 0.109005 -0.284862 0.135687 -0.135581 -0.139955 -0.048250 -0.111950 0.014020 0.045029 -0.009201 -0.067473 -0.129351
-0.048054 -0.064465 0.006767 0.159402 0.035110 0.145919 0.004950 0.039222 0.137885 0.069671 0.073475 -0.056530 -0.223154 -0.190962 0.000056 -0.126175 0.033882 -0.130981 0.047157 -0.045180 0.188870 -0.179748 -0.020592 -0.082593 -0.022404 -0.334512 -0.000562 -0.120410 -0.098898 -0.023131 -0.071184 -0.064259 0.268963 0.104013 0.085158 0.068436 -0.071281 -0.058991 -0.028664 -0.083479 -0.043454 0.124457 0.049336 0.108614 -0.104072 -0.096971 -0.057522
-0.027839 -0.129633 -0.079419 0.137430 0.034921 -0.091080 0.100785 0.100008 0.008895 0.055556 0.085947 0.028449 -0.068745 -0.098496 -0.091084 0.013921 0.068940 0.034674 -0.167205 0.041262 -0.115298 -0.208808 -0.199392 -0.085667 -0.011619 0.051451 0.049604 -0.261209 0.054692 -0.099454 0.013499 -0.018959 -0.093234 0.049955 0.107672 0.026029 0.089051 -0.027550 0.014794 0.162365 0.083486 0.063818 0.141181 0.072685 0.060884 -0.057723 -0.205281
0.034257 0.005720 -0.172338 -0.179176 -0.042781 0.088478 -0.191372 0.062684 -0.301824 0.086175 0.001900 0.053560 0.150333 0.001388 -0.532835 -0.068722 0.125084 -0.062829 0.051945 0.259182 -0.276617 0.045419 0.042973 -0.071472 0.019272 -0.027245 -0.058249 -0.041916 0.147339 -0.011207 -0.128418 -0.037973 -0.038645 -0.201832 0.166461 -0.207298 0.030901 -0.042602 0.031870 -0.257862 -0.055272 0.154380 -0.168495 -0.041574 0.099919 0.148628 -0.484177
0.009265 -0.320963 0.094832 0.109311 -0.247571 0.070948 0.168697 -0.019118 0.150874 0.067349 0.035294 -0.149629 -0.189209 -0.026039 0.178492 -0.163635 0.101507 -0.080863 -0.363691 -0.148302 0.063238 0.111077 -0.172266 0.022932 0.028836 -0.037574 0.072203 0.003539 0.024217 -0.101835 -0.219470 -0.162304 -0.170364 -0.020075 -0.096201 0.060375 -0.030002 0.035361 0.115801 0.152990 -0.063513 0.028661 0.033225 0.214607 0.002751 -0.089986 -0.210878
-0.068529 -0.031634 0.003364 -0.044573 -0.007280 -0.074790 0.004804 -0.089162 0.044237 0.094089 0.050979 0.130968 0.092617 -0.063194 -0.023399 -0.096775 0.135847 0.051174 -0.030785 -0.123237 0.115898 0.019579 0.217007 -0.078039 0.015201 -0.084331 -0.034973 0.014658 -0.106583 0.024253 -0.035602 0.054529 -0.189896 0.064916 0.083835 -0.033457 0.051753 -0.059693 0.148443 -0.213137 -0.327700 0.113709 0.112254 0.013320 0.061517 -0.187141 0.079179
-0.019433 -0.057431 0.001784 -0.206901 -0.103610 0.061586 0.068058 -0.074426 -0.039486 0.060211 -0.038909 0.057946 -0.136235 -0.035800 -0.079190 -0.282102 0.007754 -0.019473 -0.057064 -0.181716 0.087351 -0.091547 -0.119319 0.048243 0.001333 -0.113017 -0.093903 -0.185302 0.015057 0.085080 0.036965 0.008452 0.092916 -0.070248 -0.155222 0.153736 -0.040566 -0.065986 0.120554 -0.023194 -0.085676 0.147983 -0.009552 0.211077 0.012118 0.059678 0.185335
0.035665 -0.087320 -0.153090 -0.008540 -0.082234 0.100726 -0.048912 0.047223 -0.015078 0.182805 0.096479 0.017721 -0.031206 0.088912 -0.078793 -0.217137 0.099806 0.013691 -0.106041 -0.050354 0.132229 -0.047989 -0.120312 0.108126 -0.004124 0.180308 0.105709 0.045562 -0.214997 -0.018705 -0.211774 -0.101953 0.055306 -0.147368 0.157887 -0.077879 0.120342 -0.006681 -0.270960 -0.168021 0.077522 0.096484 -0.011601 0.017016 -0.060565 -0.063082 0.005811
-0.055914 -0.057884 0.199935 -0.014618 -0.040718 -0.095860 -0.009143 -0.052521 0.011377 0.198052 0.186319 -0.069600 -0.111613 0.057445 -0.038426 0.038385 -0.014546 -0.143403 -0.093059 -0.045183 -0.289820 -0.122103 -0.156257 -0.176552 -0.029571 -0.051508 0.042886 -0.002410 0.205438 0.061039 -0.181281 0.044170 -0.021045 -0.236825 -0.056985 -0.117696 0.164082 0.010393 -0.153067 0.002179 0.048314 -0.018180 -0.259832 -0.037809 -0.021997 0.159769 -0.084901
0.118466 0.038489 -0.342977 -0.365949 -0.031546 -0.077347 0.090785 0.081745 -0.046399 0.043522 0.133079 -0.261082 0.234247 0.036447 -0.201375 -0.065745 0.184394 -0.240245 -0.021683 -0.016776 -0.300053 0.119303 0.122749 -0.189910 0.023545 -0.088087 0.155054 -0.031606 0.303536 -0.049135 -0.126279 -0.179193 -0.001065 -0.194013 -0.028439 -0.262102 -0.033203 -0.267350 -0.314248 -0.236592 -0.091601 0.034036 -0.244750 -0.154732 0.089782 -0.307803 -0.046018
0.020063 0.009141 0.270538 0.186831 0.117410 -0.132830 -0.068347 0.037638 0.099221 0.027793 -0.058894 -0.121624 -0.074045 -0.047547 0.205381 -0.159444 0.068194 -0.009703 -0.155936 -0.044166 -0.242008 -0.060758 0.111397 0.130736 -0.069710 -0.436666 -0.016100 -0.048312 -0.043674 -0.013933 0.197738 -0.120074 -0.237237 0.198743 -0.181063 -0.008865 -0.022201 0.028739 -0.149251 -0.048841 -0.241464 0.018304 0.009054 -0.010658 0.043812 -0.301430 -0.037719
0.016809 0.021777 0.062850 -0.146662 0.194342 -0.172992 0.129661 0.164534 0.202965 0.102454 -0.116242 -0.122028 0.125855 0.118211 0.136179 -0.140344 -0.056954 0.097616 0.019441 -0.161223 -0.225481 0.013157 -0.226137 0.001929 -0.021355 -0.097260 0.023397 -0.212485 -0.140367 0.025898 0.094754 -0.094813 -0.070664 0.177085 -0.048953 0.015199 0.093749 -0.248954 -0.143363 -0.174945 -0.002963 -0.129505 -0.106128 -0.133495 -0.041580 0.084162 0.069611
0.029228 0.012008 0.172036 0.208107 -0.143783 -0.129968 0.141223 -0.003923 0.193165 0.033438 -0.138593 -0.090865 0.231028 -0.279155 0.257153 -0.014771 0.098629 -0.183756 -0.032022 -0.219975 -0.063780 -0.027152 -0.431240 -0.252701 0.061894 -0.053436 0.077273 0.011593 0.030111 -0.271211 -0.157441 -0.260163 -0.397284 -0.268639 -0.262390 -0.059863 0.085240 -0.167125 -0.113144 0.165929 0.012871 0.161756 -0.155602 -0.153931 0.141036 0.025323 -0.149350
-0.138688 0.107994 0.040075 0.011233 0.015062 -0.347213 0.073837 0.087046 -0.023455 -0.092089 -0.216062 -0.290630 -0.165104 -0.211003 -0.285602 -0.271119 -0.132749 -0.080145 0.100632 0.073731 0.112820 0.131900 -0.215009 -0.056755 -0.114316 -0.325698 -0.364109 -0.226821 -0.462498 0.140123 0.322514 0.070044 -0.042364 0.187931 0.133180 0.089736 -0.123016 0.044685 0.035600 -0.333259 -0.252275 -0.174329 -0.034838 0.005557 -0.024217 -0.058480 0.158742
0.008468 0.026816 0.122074 -0.111148 0.050880 0.130675 -0.088310 0.117043 -0.116951 0.087848 0.180076 0.038002 -0.024870 0.077053 -0.196468 -0.006370 -0.225760 -0.052089 0.076642 -0.111061 -0.087273 0.071637 -0.074745 0.020918 -0.119070 -0.224036 -0.116801 0.074341 -0.070646 0.113740 -0.116640 -0.053157 -0.163493 0.374872 0.079855 0.172934 -0.128560 -0.111331 -0.491923 -0.142369 -0.164616 -0.272428 -0.041282 0.172477 -0.020402 0.099858 0.078028
-0.038508 0.023529 -0.278752 0.019541 -0.001456 -0.034700 0.090534 0.051058 0.020322 0.086883 0.054017 -0.111390 -0.067725 -0.098258 -0.117570 0.017942 0.219613 0.079469 0.023462 0.088137 0.109200 0.105229 -0.041478 0.094951 -0.052182 -0.029221 0.073998 0.053251 -0.080377 -0.014220 0.131504 0.084650 -0.166619 -0.289563 0.131400 -0.125704 -0.016991 -0.111134 0.091439 -0.048203 -0.027601 0.037060 0.046587 -0.071279 0.100233 -0.201915 -0.093316
-0.010919 0.150965 0.033077 0.179219 0.088792 -0.032233 0.007308 0.063122 -0.339787 -0.157076 -0.016814 -0.209802 -0.260124 -0.126506 -0.193078 -0.129188 -0.039681 0.030755 0.097736 -0.017175 0.008973 0.053279 0.115955 0.171377 -0.020688 -0.349834 -0.065999 -0.242602 -0.170654 -0.035716 0.204103 0.067413 -0.100453 0.156358 0.243065 0.059880 0.000094 -0.097238 0.155335 -0.199788 -0.255181 -0.104446 0.074057 -0.037286 -0.062585 0.087970 0.102375
0.031972 0.042307 0.036849 -0.183654 0.051818 -0.127417 -0.098682 -0.221109 -0.017261 0.147145 0.078153 0.013851 0.007150 0.056014 0.167226 -0.220452 0.107627 -0.061985 -0.011894 -0.171338 -0.050535 -0.049787 0.215646 0.134678 0.056763 -0.072513 -0.150602 0.085743 -0.387758 0.003801 0.144097 -0.284211 -0.102513 -0.236094 -0.169523 -0.026883 0.072825 0.031742 0.070448 0.086751 0.020509 -0.140469 -0.011459 0.163504 0.191370 -0.071029 -0.055380
-0.006490 -0.076148 -0.155850 0.030767 -0.012076 -0.004517 0.089525 -0.031477 -0.010598 0.070616 0.150824 0.075343 0.000731 -0.062731 -0.052618 0.141357 0.011595 0.018012 -0.166639 -0.102751 0.086169 -0.121647 -0.075942 0.189935 0.018338 -0.114529 -0.048845 0.077360 -0.120679 -0.080719 0.039992 0.011421 0.146733 0.007555 -0.070441 -0.076997 0.054305 0.046706 -0.055858 -0.006894 -0.015916 0.066931 0.027487 0.059375 0.007415 0.065053 -0.286124
0.037589 -0.114726 0.027878 0.038512 0.164868 -0.103308 0.171404 -0.042110 -0.206252 0.025435 -0.007748 -0.099512 0.090000 0.085808 0.167727 -0.081561 0.201117 0.079790 -0.102511 -0.225049 -0.040797 -0.074317 0.046753 -0.137096 0.016618 -0.183138 -0.047485 -0.038024 0.108186 -0.301125 0.028881 0.089064 0.070541 -0.069520 -0.005336 0.025867 -0.005315 -0.072146 -0.095677 -0.217975 0.023709 -0.031006 -0.016381 0.077070 0.159870 0.049359 0.048064
0.005917 -0.002632 0.103246 -0.061844 -0.147889 -0.220144 0.122785 -0.113871 0.175174 -0.084879 -0.088702 -0.106252 0.148989 0.006640 0.076694 -0.064200 0.030070 -0.034526 0.027169 -0.325520 -0.008005 0.186628 -0.081431 0.028696 0.042799 -0.000800 -0.042031 0.016245 -0.092570 0.087201 0.212077 0.071760 -0.177219 -0.175520 -0.081581 -0.067156 -0.025145 -0.054247 -0.169522 0.111334 0.014374 -0.042149 0.017744 0.030098 -0.035241 0.022455 -0.036924
0.017260 0.020409 -0.023475 -0.305839 0.028631 -0.071921 -0.160825 -0.080626 0.026842 0.071981 0.042661 0.017044 0.105334 0.117930 0.133609 0.044590 -0.005450 0.030729 -0.031166 -0.202275 -0.055162 -0.009573 -0.187703 0.020457 0.091561 0.038472 -0.054038 0.012310 -0.104028 0.049665 -0.156040 0.162697 0.120460 -0.085181 -0.084489 0.163516 -0.003296 0.053186 -0.076017 -0.019006 -0.123613 -0.274260 0.012226 0.253639 -0.076411 0.018967 -0.025197
0.084518 0.052442 -0.024374 -0.201439 -0.245350 -0.229729 0.029108 -0.033819 0.105096 0.104189 -0.103204 0.048925 0.052120 0.057382 -0.069367 -0.047279 -0.079159 -0.076647 0.068748 -0.387869 -0.000190 0.019602 -0.359445 -0.022794 0.056119 0.142500 -0.027571 0.155251 -0.109418 0.057600 0.065510 -0.046780 -0.247274 -0.156391 0.027799 0.099272 -0.245830 -0.050174 -0.328526 0.010973 -0.063093 -0.108186 -0.104893 0.269878 0.021764 0.199921 -0.011821
-0.005519 -0.013386 0.117307 -0.125043 0.061952 -0.140465 0.041229 -0.183774 0.093609 -0.121263 -0.178966 0.011140 -0.036780 0.096597 0.054214 -0.064530 -0.052627 0.090295 -0.003389 -0.284430 0.048972 0.040111 -0.133860 0.134490 0.062473 0.052969 0.259826 -0.010273 -0.230834 -0.039478 -0.069277 0.102169 0.011075 -0.059176 -0.036020 0.005018 -0.069496 0.002231 -0.180193 0.116930 -0.078970 -0.133478 0.052037 0.050118 -0.066481 -0.032384 0.117772
0.016028 0.100253 0.109194 -0.183349 0.046622 -0.049784 0.120251 0.026687 0.073277 -0.003834 0.032693 -0.084323 -0.182400 0.024498 0.056594 0.023549 -0.120286 -0.033263 0.015318 -0.142496 -0.208300 -0.077127 -0.084225 0.012227 -0.002550 -0.013661 0.020318 0.008899 0.049218 -0.083615 -0.010396 0.019474 0.244513 -0.110950 -0.063559 -0.128142 0.037580 0.216909 -0.192529 -0.072669 0.088812 -0.036925 0.048255 -0.005830 0.075739 0.009616 -0.118378
-0.031526 0.029996 0.076516 -0.238951 -0.002548 -0.074326 0.211394 -0.171570 0.028688 0.087704 -0.044266 -0.069854 -0.027322 -0.020843 0.077846 0.006716 -0.191478 -0.117470 0.005999 -0.035344 0.087676 0.073393 0.060256 -0.130906 -0.031800 0.137212 0.122734 -0.005544 -0.005134 -0.158333 -0.231003 0.042303 0.046587 -0.161527 -0.019353 0.115207 -0.156763 0.078801 -0.131466 -0.042080 -0.012858 -0.090695 0.075168 -0.106297 0.001495 -0.016363 0.174111
0.078417 0.083076 -0.056157 -0.212673 0.102883 -0.137331 -0.060585 0.060665 -0.147654 0.021475 0.132066 -0.264551 0.046031 0.002205 -0.297079 -0.045517 -0.010249 0.092973 -0.019500 -0.060252 -0.086222 0.099736 0.332563 0.215978 -0.035681 -0.171694 -0.208090 -0.137666 -0.122588 -0.159132 0.037134 0.126814 0.321313 -0.102230 0.060531 -0.112092 0.037910 -0.044327 0.186040 -0.302840 -0.023422 0.000122 -0.051194 -0.019156 0.047370 -0.132881 -0.144965
-0.041309 0.032898 0.071656 -0.048120 -0.051575 -0.228241 -0.204083 0.017739 0.130891 0.032032 -0.171476 -0.130532 -0.090831 0.044553 0.022436 -0.060736 -0.170148 0.102284 -0.001062 0.063139 0.009527 -0.008978 -0.064899 0.201322 -0.090696 -0.111234 -0.012537 0.220658 -0.177071 -0.086739 -0.035314 0.127621 0.276423 0.215833 0.140112 0.000612 -0.142563 0.027979 -0.076099 0.119042 -0.028977 0.016619 -0.075643 -0.009478 0.093866 -0.036870 0.082030
-0.040600 0.073500 -0.039606 0.092015 0.042098 -0.229100 0.119024 0.109783 -0.034776 -0.045871 0.051429 -0.060686 -0.010878 -0.101421 -0.245043 -0.030103 0.141627 0.195299 -0.141728 -0.222695 0.000611 -0.003908 0.043713 0.135105 0.021035 -0.053904 0.137889 -0.028593 -0.002471 -0.064213 0.041178 -0.142952 -0.034309 -0.121596 -0.040191 0.044678 0.083071 0.031312 -0.112980 -0.108457 -0.022034 -0.067970 0.219689 0.106994 -0.063382 0.011196 0.018007
-0.057008 0.008266 0.180415 -0.144391 0.022956 -0.349693 -0.145658 0.139755 -0.095842 -0.107550 0.193795 -0.244375 0.027850 0.090823 -0.070696 -0.032516 0.075278 0.218035 -0.017886 -0.176967 -0.194786 -0.048220 0.068563 0.215962 -0.072138 -0.010343 0.078781 0.123691 -0.235869 0.097954 -0.029013 0.059504 0.050261 -0.107908 0.040507 0.018822 0.002224 -0.046347 0.085755 -0.006052 -0.149989 -0.099024 -0.186235 0.036389 0.013161 0.029080 0.092077
-0.003431 -0.116272 -0.118276 0.247991 -0.026228 0.041759 -0.055232 0.130086 0.038470 0.048644 -0.027438 0.109248 -0.142901 -0.033270 -0.195961 0.033680 0.049218 -0.054226 -0.134526 -0.172437 -0.017614 0.019403 0.048321 0.056939 -0.048604 -0.124260 0.094437 0.104398 -0.068471 -0.082531 0.137425 0.103007 -0.019250 -0.112414 0.008947 0.015648 -0.026372 0.014156 -0.382137 -0.067046 -0.072593 0.238258 0.235121 0.004974 0.098918 -0.085101 -0.181743
0.001180 0.048621 -0.083907 -0.015927 0.036234 0.007065 0.101761 -0.102658 0.053708 -0.202451 -0.156154 -0.019579 0.029551 0.013000 0.007190 0.061655 0.002215 0.127474 -0.023337 0.249209 0.235650 -0.049135 0.045183 0.194824 0.035331 -0.115774 -0.051702 -0.241771 -0.101171 -0.323655 0.026339 0.175723 0.384746 0.080366 0.165012 -0.195105 -0.055028 0.064654 0.208747 -0.108030 -0.090894 0.002302 0.082430 -0.071561 -0.132529 -0.157179 0.157096
0.010513 -0.276185 -0.033044 0.097361 -0.007164 0.006610 0.015906 0.055573 -0.146958 0.011284 0.020292 -0.075109 0.039495 0.016171 -0.142867 -0.181800 0.152708 0.175152 -0.183844 0.018373 -0.062604 -0.033374 -0.029472 0.057042 -0.011749 -0.009851 0.004337 -0.021124 -0.032845 -0.107084 0.149776 0.032889 -0.020032 -0.133837 0.178627 0.060276 -0.095870 -0.081526 0.000994 -0.158228 -0.219154 -0.020773 -0.108005 -0.042743 -0.108451 -0.050958 0.116526
0.036323 -0.026466 0.109622 -0.100927 0.009070 -0.041485 -0.179405 0.034465 0.014107 0.128292 0.171311 -0.188749 -0.062686 -0.000618 -0.206951 -0.060560 -0.024956 0.128385 -0.035180 -0.036147 -0.204969 0.086627 -0.043359 0.071954 0.039957 0.046880 -0.034281 -0.071234 0.005665 0.047299 -0.083882 0.064572 -0.015262 -0.111660 0.081723 0.026617 0.098477 0.024650 -0.049436 -0.113884 -0.218919 -0.115120 0.026673 0.028996 -0.165844 -0.031464 -0.006988
0.018923 -0.149286 0.030347 0.204241 -0.071809 -0.073932 0.169481 0.048133 -0.078605 -0.091852 -0.007564 0.222686 -0.229287 -0.026900 -0.384199 -0.055663 0.256681 0.100919 -0.074387 0.033626 0.185677 -0.066730 0.000228 -0.018786 -0.094624 -0.139503 -0.066035 0.010478 0.157391 -0.074743 -0.014617 0.015641 0.056916 -0.000641 0.126015 0.115145 -0.025935 0.119545 -0.060700 -0.346446 -0.067413 0.058366 0.085142 0.062800 0.117935 0.085898 0.030485
0.027356 -0.026032 -0.146738 0.141803 0.132384 0.025656 0.009100 0.078876 -0.255834 0.101175 0.163354 0.162765 -0.054647 0.019894 -0.513089 -0.146497 -0.010004 0.067446 -0.121282 -0.089993 -0.185746 -0.230585 0.013728 0.075395 0.016482 -0.257099 0.030211 -0.291039 0.096363 -0.217122 0.169311 -0.073487 0.071575 0.034460 0.000399 -0.134233 -0.063214 0.189868 -0.204718 -0.201446 -0.157267 -0.137426 0.239870 0.014310 0.032337 -0.289470 0.088059
-0.065630 0.091276 0.034730 0.028794 -0.113582 -0.401014 0.131768 0.169045 -0.386160 -0.034160 -0.131980 -0.130731 0.066876 -0.028367 -0.248030 -0.254164 0.007368 0.109753 0.127159 -0.114506 -0.237629 0.074785 0.019627 0.121681 -0.093619 -0.245139 -0.123490 -0.257427 0.069554 0.038383 0.222804 0.278067 -0.106787 -0.055859 -0.011123 0.048209 -0.122495 -0.018127 0.111690 -0.120466 -0.173760 -0.038594 0.032627 0.052729 -0.056643 -0.077609 0.045873
-0.057554 0.208268 0.083773 -0.223344 -0.001946 0.109295 -0.079055 -0.232614 -0.143576 0.091803 -0.000210 -0.127639 0.140148 0.076882 0.074940 -0.117643 0.095435 -0.093920 -0.109229 -0.206967 -0.133000 -0.105177 0.154249 0.055130 0.046093 -0.311113 0.003427 -0.076286 0.068433 0.161417 0.161728 0.021588 -0.177571 -0.253872 -0.052818 -0.017100 0.205092 -0.111256 -0.025235 -0.062408 -0.041234 0.146281 0.181335 0.122964 -0.369278 -0.227348 -0.163821
-0.031366 0.102185 0.198057 0.316643 -0.037888 -0.093382 0.043724 -0.022114 0.116018 0.071619 -0.307491 -0.276838 0.231649 -0.010191 -0.229463 -0.146828 -0.017022 -0.159893 0.057520 0.020819 -0.078203 0.093824 0.044264 -0.258879 -0.060398 -0.325137 -0.248125 -0.105355 -0.279335 0.093948 0.207438 0.062114 0.105657 -0.150764 -0.128647 0.095521 0.148454 -0.115295 -0.312975 -0.116953 -0.353678 -0.002262 -0.044644 -0.008345 -0.039299 0.003103 0.027314
0.016621 0.077926 -0.213784 0.068519 0.062866 -0.035938 -0.238816 0.147089 -0.065109 -0.033168 0.079403 -0.116417 -0.369888 -0.150070 -0.192525 0.016709 0.030017 0.121076 0.145193 0.126168 0.012327 0.002015 -0.204703 0.066460 -0.018112 -0.129418 -0.038303 -0.127431 -0.101276 0.172448 0.065612 -0.039859 -0.088954 -0.137996 0.115472 0.125829 -0.082852 0.117644 -0.162280 -0.352077 -0.022697 -0.051977 0.383834 0.085003 -0.026653 0.094174 0.128855
0.072221 -0.117996 -0.236928 -0.018348 -0.090190 0.305393 -0.299905 0.001370 -0.180836 0.141666 0.245214 -0.151886 -0.355770 -0.015133 -0.303612 -0.040986 0.059174 0.033984 0.123609 0.156141 -0.045615 0.006522 -0.015305 0.212920 0.029757 -0.323248 0.055917 0.120901 0.027464 0.095101 -0.142675 -0.042256 0.179171 -0.241170 0.059467 -0.052090 -0.165399 -0.304678 -0.077139 -0.081414 -0.106245 0.083557 0.290954 0.096948 -0.083346 -0.207902 0.002261
-0.016830 0.115102 -0.359573 -0.127335 0.287284 0.141690 0.022170 0.039425 -0.252204 -0.025762 0.277022 -0.245008 -0.277029 -0.051978 -0.208512 -0.018628 0.021267 0.037054 0.073985 0.134342 0.059985 0.104582 -0.072395 0.073159 0.011859 -0.126805 -0.163183 -0.220193 0.098404 0.148137 -0.168735 -0.215873 0.150193 0.239193 -0.013160 0.220950 0.113477 0.064447 0.071986 -0.188024 -0.077803 -0.056107 0.017448 0.162658 -0.096203 0.067496 -0.019940
0.089994 0.006014 0.044609 -0.119243 0.003683 -0.164690 -0.241959 0.023641 -0.161091 0.078859 -0.031893 -0.274777 0.000955 0.003612 -0.020335 -0.219444 -0.048736 0.160438 0.089178 0.042732 -0.104906 0.102862 -0.250309 0.030138 0.015585 -0.145625 -0.141326 -0.198104 0.057353 0.038230 -0.022680 0.056534 0.146739 0.026170 0.032122 -0.004369 0.180831 -0.043868 0.112073 0.075979 -0.084034 -0.166185 0.058964 0.231746 -0.044242 -0.268409 0.059498
-0.044167 0.069300 0.055797 0.309234 0.003555 -0.183424 -0.071513 0.334793 0.021342 0.003240 -0.153113 -0.142969 0.109706 -0.027371 -0.167953 -0.129319 0.085107 0.081576 0.000605 -0.156061 0.009234 0.072221 0.038649 -0.225054 -0.110442 -0.081806 -0.131721 0.060630 -0.002592 0.029918 0.094753 -0.007329 -0.023169 0.000453 0.018896 0.106973 -0.043960 0.064416 -0.173002 -0.100327 -0.063156 -0.008468 0.169923 -0.017248 -0.038457 -0.043481 0.003788
-0.047550 0.141127 0.000807 -0.004173 0.163142 -0.202640 0.129140 0.082262 -0.283919 -0.130579 -0.058593 -0.282356 -0.078404 -0.045452 0.045973 -0.203978 0.040618 -0.012856 0.041005 0.167892 0.137394 -0.018294 0.019183 0.111404 -0.099145 -0.187975 -0.157609 -0.054596 -0.040310 0.099019 0.006878 0.204229 -0.093452 -0.069178 0.093338 0.023220 0.021638 0.059255 -0.018270 -0.235458 -0.112815 -0.060734 -0.038607 -0.025671 -0.104831 0.019995 0.067212
0.057623 -0.072341 0.206103 -0.233861 -0.062499 -0.354113 0.029933 0.147241 -0.021586 -0.044389 0.021737 -0.200090 0.177378 0.088988 -0.058931 -0.197279 -0.226039 -0.210194 0.020604 -0.223066 -0.276146 -0.003249 0.020403 0.108710 0.023131 -0.068447 -0.124204 0.030902 -0.170839 -0.077532 -0.011916 -0.073155 0.128164 -0.195378 -0.235781 0.063576 0.264438 -0.199363 0.129472 0.106620 -0.022711 -0.088838 -0.131951 0.155472 0.079352 0.062818 -0.127457
-0.025990 -0.030156 0.078754 0.173392 -0.152248 -0.135257 0.189458 0.135567 -0.011654 -0.031665 -0.094114 0.249067 -0.081241 0.002300 -0.043286 -0.117446 0.125227 0.046718 0.023277 -0.231249 -0.040058 -0.037948 0.014745 -0.057943 -0.011560 -0.043124 0.034478 -0.029759 -0.112393 -0.063520 0.091522 -0.006023 0.035813 -0.093715 -0.190661 -0.002578 0.134376 -0.079587 -0.111636 -0.024618 0.133995 -0.067382 0.067696 -0.072404 0.117070 0.074982 -0.213789
-0.016715 -0.091615 -0.096218 -0.204232 0.203936 -0.079169 -0.047230 0.132925 -0.128707 -0.078002 0.152792 -0.133157 -0.129575 -0.059371 -0.041268 0.034248 -0.043532 0.088348 0.047914 0.422335 0.193612 0.055584 0.090555 0.114220 -0.107012 -0.077690 -0.038545 -0.146448 -0.056051 0.215754 0.109874 0.082951 0.209408 -0.023908 0.102078 -0.194772 0.005011 0.056553 0.014186 -0.394196 0.044370 -0.057192 0.119170 -0.044345 -0.227550 -0.127261 0.070559
-0.042401 0.043164 0.014817 -0.129606 0.022209 -0.139165 0.098566 0.065607 -0.159918 -0.070499 -0.020846 -0.099253 0.003141 0.023013 -0.113497 -0.048251 0.056013 0.018009 -0.097856 -0.118055 -0.151925 0.124181 -0.130904 -0.003398 -0.015500 0.031926 -0.053019 -0.009791 -0.126548 -0.150166 0.095981 0.099462 0.021996 0.039856 -0.096766 0.064506 0.100807 -0.009635 0.019519 0.055832 -0.056392 -0.045105 0.127737 0.203486 -0.001928 0.068564 0.005966
-0.010474 -0.024354 -0.110237 -0.292781 -0.147949 -0.273606 -0.217002 0.070478 -0.186875 -0.142323 0.035643 0.003874 -0.035274 0.058533 -0.063927 -0.014491 -0.128240 0.093984 -0.009237 -0.099447 -0.014685 0.004693 0.310901 0.261443 -0.021451 0.269716 -0.198670 0.187577 0.044096 0.038965 -0.145487 0.084467 0.166852 0.072779 -0.098881 -0.067725 0.055022 -0.046228 -0.145541 -0.195230 -0.123839 0.051401 -0.001546 0.192333 -0.051851 0.164428 0.041713
0.079585 -0.113930 -0.090497 -0.018021 0.044903 -0.134565 0.050953 -0.029639 0.051717 -0.120150 -0.003374 0.165596 0.089851 -0.167405 -0.070228 0.180634 0.197233 -0.150549 -0.189354 -0.002791 0.189315 -0.065707 -0.011700 0.046633 0.000994 0.025043 0.083463 0.049563 0.010151 -0.166245 -0.076056 -0.004458 0.062743 -0.049326 -0.119489 0.043779 -0.245566 0.041032 -0.036646 -0.051008 -0.000278 0.135809 0.167482 0.039549 -0.062210 0.052134 -0.028097
0.077075 0.019097 -0.035708 -0.196195 0.020817 -0.243256 0.000743 0.019770 0.049137 0.025384 0.039662 -0.171011 -0.118485 -0.045746 -0.074070 -0.018738 -0.237247 -0.093770 0.062226 -0.222016 0.033018 0.054086 0.091763 -0.013728 -0.006208 -0.065580 -0.023959 -0.032313 -0.041476 0.001496 -0.015430 0.016678 0.164110 0.131374 0.050951 0.079580 0.052201 0.146388 -0.105592 -0.129833 0.051225 0.077222 0.215085 0.196018 0.063022 -0.021174 -0.011782
0.052851 -0.027267 0.100097 -0.108231 0.021717 -0.083071 0.077566 0.121200 -0.226209 -0.072065 -0.119331 0.089886 0.370664 0.076392 -0.322029 -0.051092 -0.026296 -0.085524 0.060405 0.075408 -0.037215 0.118856 0.090261 -0.096244 0.045754 -0.130605 -0.296989 -0.213280 -0.312001 0.153686 0.263996 0.094015 0.100657 -0.092689 -0.054537 0.003756 -0.139749 0.143077 -0.125989 -0.035037 -0.112934 -0.047075 -0.068237 0.022538 -0.047040 0.028318 0.022611
-0.116718 0.029612 0.053666 -0.322928 0.051876 -0.166127 -0.015051 0.048888 -0.104571 0.020609 0.193443 -0.288189 0.045392 -0.219392 -0.320332 -0.003670 -0.126665 0.049588 0.100377 0.029031 0.024590 0.008919 0.130453 -0.022683 0.066447 -0.025807 -0.050477 0.117317 -0.120896 -0.119334 -0.104923 0.126004 0.006032 0.050712 -0.007196 0.000739 -0.138110 -0.052255 0.027478 -0.142017 -0.053409 -0.089951 0.456059 0.246454 -0.072297 0.061303 0.052687
0.038411 0.109826 -0.301869 -0.264827 0.032455 -0.015552 -0.126128 0.034440 -0.037028 -0.046469 -0.006813 -0.040420 -0.021301 -0.047848 -0.398937 -0.244494 -0.073485 0.112929 0.164953 0.165162 -0.119011 0.019168 0.210287 -0.031594 0.013277 -0.222762 -0.125024 0.045102 -0.304641 0.188376 0.053857 0.111354 0.002973 0.042064 -0.093282 -0.223074 0.080831 -0.119553 0.071713 -0.154886 -0.094219 -0.005749 0.320273 0.151885 -0.040846 0.180970 0.097894
-0.064599 -0.059649 0.051732 -0.115982 -0.026146 -0.058320 0.071927 -0.010285 -0.207735 -0.063811 -0.066881 0.128856 -0.123032 0.071411 -0.200121 0.070169 -0.108054 0.124734 0.112111 -0.043954 0.110229 -0.036308 0.136207 0.124181 -0.098271 0.195492 -0.114762 -0.103441 -0.026561 0.083386 -0.005869 0.048992 0.081388 0.063739 -0.012436 -0.039973 0.044762 0.033761 -0.073918 0.011893 0.031837 -0.033847 0.164229 -0.018456 0.119547 0.022697 -0.015240
-0.012040 -0.063999 0.238395 0.162108 0.016976 -0.070780 0.020525 0.080816 -0.069190 0.039938 0.110877 0.197701 -0.132759 -0.249529 -0.328148 0.101715 0.045960 -0.123588 -0.055006 -0.191332 0.021018 -0.060525 0.063599 0.149628 -0.015066 -0.130504 0.181707 0.100601 -0.116284 -0.080124 -0.020793 0.108428 0.078409 0.063976 0.035133 0.109805 -0.151400 -0.139111 -0.115108 0.043688 0.050518 0.027721 0.310702 -0.006322 0.001657 0.031870 -0.037695
0.000245 -0.054203 -0.052128 -0.202043 -0.027521 -0.092241 -0.070500 0.025453 -0.065003 0.063229 -0.125844 0.142452 0.233388 -0.039169 -0.266175 0.088733 -0.001335 -0.027328 -0.146100 0.095873 0.029532 -0.022995 0.296786 0.072345 -0.018080 0.090557 -0.173356 0.067162 -0.141739 0.077101 0.052040 0.064468 0.054273 0.079860 0.106335 -0.168421 -0.130487 0.021720 -0.048881 -0.265396 -0.120052 -0.073626 0.000471 0.149717 0.119806 -0.067870 -0.034220
0.023844 -0.096594 -0.029253 -0.112979 -0.105020 -0.284736 -0.020303 -0.293646 -0.145852 -0.037865 -0.143104 0.097874 -0.042224 0.009115 -0.091429 0.200276 0.008196 -0.028443 -0.011184 0.009685 0.300299 0.005933 0.037759 0.188693 0.029553 0.113846 -0.066400 0.150432 -0.022523 -0.004898 -0.086710 0.234759 0.090091 0.162485 0.131306 -0.117178 -0.045171 -0.019599 0.136612 -0.079117 0.020335 0.157590 0.103598 0.114903 -0.034963 0.101813 -0.267279
-0.005797 -0.113800 -0.127551 -0.037089 -0.027981 -0.056730 -0.184166 -0.019490 0.013681 0.108581 0.177265 -0.138872 -0.055922 0.058791 -0.109385 -0.169314 -0.048588 0.119145 -0.003129 0.009198 -0.142516 -0.141420 0.149714 0.132460 0.023355 0.052703 0.076552 -0.155731 -0.103290 -0.007322 0.015975 -0.028654 0.042219 -0.086165 0.013959 0.109269 0.273290 0.154808 -0.212862 -0.183767 -0.088476 0.057770 0.041860 0.053005 0.047400 0.022136 -0.132049
0.019525 -0.058596 -0.032330 0.002707 0.099099 -0.046047 0.037045 0.181578 -0.161970 -0.084338 -0.132183 0.091734 0.150931 -0.052012 -0.250521 -0.103893 0.169045 0.062305 -0.049156 -0.085143 0.207340 -0.098098 -0.041309 0.044403 0.001721 0.039264 0.046038 -0.072422 -0.013455 0.023779 0.105682 0.070097 0.075484 0.101373 0.107747 -0.002768 -0.030370 0.009379 -0.001965 -0.036971 -0.068376 0.089267 -0.008768 -0.071382 -0.056399 -0.089749 0.019879
0.133170 0.040125 -0.047232 -0.301668 -0.254699 -0.029183 0.062626 0.023215 -0.071481 -0.028311 -0.161658 -0.122199 0.239256 0.273448 -0.037919 -0.170537 -0.009835 -0.065625 -0.021974 -0.116878 0.026576 0.029995 0.164325 0.094773 0.118892 0.000992 -0.049323 -0.134687 -0.328586 0.116185 -0.085987 0.205779 0.098316 -0.154000 -0.375688 -0.077600 0.108977 -0.083025 -0.083392 -0.049159 -0.283426 -0.195538 -0.048068 -0.012025 -0.052022 0.194951 -0.034435
0.056796 -0.108599 0.061456 0.068880 -0.085977 -0.059403 0.098902 0.168703 -0.137315 -0.030843 0.064731 0.236491 -0.003775 0.035757 -0.273019 0.014890 0.236096 -0.096703 -0.229464 -0.341020 0.137061 -0.074580 0.137853 -0.046729 0.016327 -0.177105 -0.075722 -0.023478 0.048369 -0.022028 -0.001788 0.008925 -0.228199 -0.014764 -0.083011 0.004402 0.027125 0.120807 -0.158556 -0.090796 -0.039075 0.001150 0.200019 0.098000 -0.005591 -0.033410 -0.021200
0.124510 0.114672 -0.339889 -0.246386 0.182166 -0.000024 0.200040 -0.289063 -0.092645 -0.115102 0.144413 -0.042222 -0.098186 -0.076827 -0.465021 -0.047731 0.017357 -0.088759 0.040060 -0.137415 0.208906 0.065367 0.158803 -0.140523 -0.062046 -0.187196 -0.044041 -0.169879 -0.128473 -0.166817 -0.045027 -0.028329 0.098593 -0.128384 0.171340 -0.041664 0.004160 0.075660 0.152534 -0.169670 0.073680 -0.101516 -0.084825 0.167870 -0.052752 -0.235741 -0.138225
0.016962 0.059416 -0.004027 0.158127 0.016926 -0.316904 0.085077 0.123575 -0.092351 -0.022496 -0.035805 0.139828 0.242660 -0.108792 -0.189658 -0.000618 0.160159 0.034231 -0.219855 -0.176736 -0.011618 0.089747 -0.050942 -0.199267 0.076001 -0.015100 -0.089530 0.075178 -0.211551 -0.071784 0.001734 0.218272 -0.217391 -0.208301 -0.176054 0.017515 0.039516 0.081514 -0.207876 0.034108 -0.225354 -0.052854 0.087742 0.041274 -0.112688 0.037911 0.064599
0.173005 0.002654 -0.047275 0.109790 -0.005098 -0.073723 -0.349451 0.204270 -0.106693 -0.037619 0.158599 0.071479 -0.425975 0.136230 -0.311902 0.039847 -0.054486 -0.074442 -0.067847 0.077561 -0.075223 0.092127 -0.753066 -0.105213 0.008751 -0.119980 -0.157017 -0.229126 -0.070271 0.054277 -0.115227 -0.000388 -0.122855 -0.109550 0.107710 -0.124795 -0.001404 0.026028 0.011878 -0.184417 -0.043873 -0.064332 0.185679 0.180071 -0.170781 0.015579 0.118893
-0.005992 0.135472 -0.074056 0.199433 0.183655 -0.038039 0.238587 0.260210 -0.072766 0.099407 0.087621 0.020425 -0.017017 0.031332 -0.057242 -0.091236 -0.074153 -0.270781 -0.094942 0.094139 0.097046 0.014258 -0.073991 -0.027790 0.081026 0.055073 -0.325468 -0.267788 0.063363 -0.243791 -0.391792 0.173440 -0.115368 0.110863 -0.105499 -0.078736 -0.199332 -0.055641 -0.040008 -0.228401 -0.021345 0.002755 0.143460 -0.022725 0.137188 -0.158824 -0.160238
0.081767 -0.190006 -0.221085 0.135110 0.046880 0.002884 -0.159922 0.301261 0.030465 0.116574 -0.099250 -0.085944 0.025928 0.035723 -0.221115 -0.140832 0.289829 -0.043028 0.001639 -0.079848 0.072960 0.070714 -0.829723 0.205672 0.082467 -0.140651 -0.152148 -0.373782 0.096745 0.105436 -0.044370 -0.019173 0.026054 0.147300 -0.127839 0.099633 -0.003504 -0.221853 0.276768 -0.190467 -0.180024 -0.049837 0.121380 0.162211 -0.022678 -0.036930 -0.015865
-0.185918 0.045770 0.086204 -0.057343 -0.026987 -0.175701 0.217594 0.077667 -0.023440 -0.022441 -0.108170 -0.288977 0.172488 -0.442462 -0.044727 -0.125656 -0.021432 -0.157274 0.126488 0.039881 -0.049508 0.061741 -0.324231 -0.059681 0.107520 -0.270196 -0.152751 -0.115471 -0.025677 0.081135 0.032190 -0.052097 -0.444643 0.052477 0.112013 0.033237 -0.098896 -0.130467 0.087077 -0.194886 -0.070156 -0.224497 -0.144832 -0.240443 0.019424 -0.216056 -0.118733
0.050205 0.047273 -0.356915 0.180202 0.178971 0.203048 -0.112014 0.259792 -0.114285 -0.068973 0.036671 0.021588 -0.275632 -0.032408 -0.262255 -0.044590 0.058837 -0.002609 -0.116484 -0.171232 0.230682 0.125891 -0.659111 0.114355 0.048405 -0.297408 -0.198202 -0.263173 0.060589 0.006922 -0.108294 -0.111892 -0.138332 0.030403 0.053521 0.092220 -0.116869 0.130505 0.041340 -0.257959 -0.106807 -0.035069 0.021874 0.150578 -0.047918 -0.201326 0.049716
0.052031 0.041193 -0.075223 -0.126969 0.176769 -0.109362 -0.167762 0.201748 0.153985 0.038332 0.019957 0.124909 0.004976 -0.076628 -0.261367 -0.218098 -0.056276 -0.021339 0.041842 0.098870 -0.027336 0.088396 -0.728038 -0.006060 0.062259 -0.070812 -0.124555 -0.055129 -0.195099 0.100056 -0.026631 -0.014958 0.012403 0.113822 -0.046353 -0.031214 -0.024959 -0.065240 -0.002486 -0.431669 -0.041002 -0.166610 0.089018 0.084903 -0.051956 0.035390 -0.071962
-0.010201 0.108530 0.125652 0.133079 0.022515 0.135335 0.033566 -0.047822 -0.017019 -0.206428 -0.051230 -0.011995 0.057740 -0.002241 -0.057630 -0.153519 -0.008661 0.055052 0.059621 0.065081 0.050706 -0.036741 0.100839 -0.114785 0.028322 0.055375 0.124603 0.038361 -0.147300 -0.082866 0.120451 -0.105290 -0.008677 -0.106678 -0.088324 -0.088582 -0.025918 -0.003756 0.160000 -0.292471 0.223597 0.035792 0.051222 -0.135782 -0.182324 -0.060156 0.076674
0.075895 0.001517 -0.205129 -0.131748 0.054581 -0.025157 -0.252444 0.163910 0.004788 0.011600 0.196885 0.252637 -0.074503 0.052341 -0.151659 0.037595 0.038666 0.021410 0.157072 -0.204488 0.108329 -0.079941 -0.363420 0.046734 0.029750 -0.183468 0.057208 0.263036 0.014016 -0.195685 -0.074206 0.128731 0.120971 0.113915 -0.075540 -0.075493 0.046376 -0.180280 0.222497 -0.306062 0.013510 0.037197 -0.310525 0.104511 -0.272100 -0.194131 0.059976
-0.055628 -0.003855 -0.048428 0.092469 -0.095517 -0.060145 -0.096794 -0.151412 0.030259 0.066421 0.042322 0.017308 0.147696 -0.106115 0.077607 -0.067816 0.015736 -0.021736 -0.152942 0.129214 0.062744 -0.047578 -0.024948 0.033792 0.134058 -0.186522 -0.077204 0.158511 -0.012932 -0.026871 -0.136247 -0.065473 -0.012935 0.066276 0.166962 -0.008222 -0.011096 -0.045401 -0.051626 -0.168498 -0.116901 0.110004 0.059052 0.088612 -0.112215 0.128865 0.268130
0.039318 -0.013621 0.144830 -0.256540 -0.295889 -0.000951 0.086096 -0.044220 0.083388 -0.200943 0.077211 -0.090948 -0.023256 0.049183 0.159797 -0.196535 0.040135 -0.057393 -0.018628 -0.097549 -0.078566 0.105594 -0.221153 0.008231 0.004887 -0.003134 -0.002594 -0.051418 -0.050253 -0.074635 0.234126 -0.112440 0.049372 0.144644 0.026806 -0.064213 0.007752 -0.112435 0.285744 -0.045571 -0.112868 -0.101145 -0.065092 0.046896 -0.061904 0.038715 -0.025809
0.035074 -0.061728 0.252377 -0.028425 -0.169264 -0.134262 -0.004404 0.108594 -0.039015 -0.176439 0.059741 0.055541 -0.010077 0.079208 0.123827 -0.123124 -0.081124 0.062194 -0.082552 0.099178 -0.090515 0.015689 -0.149262 0.026722 0.093801 0.098474 -0.184531 0.014490 0.060187 -0.093618 0.117340 -0.092393 0.017754 0.126474 0.128952 0.015734 0.019584 -0.102311 0.016760 -0.086367 0.045575 -0.148550 0.007681 -0.034764 -0.194618 -0.106562 -0.008061
-0.026652 0.066186 0.035492 -0.002682 -0.008062 -0.146439 0.104044 -0.103517 -0.042341 -0.078084 0.011839 -0.071957 0.046065 -0.069583 0.057682 -0.089518 -0.053369 -0.132929 -0.011719 -0.046356 -0.083388 0.055697 -0.087670 -0.180029 0.134731 0.044810 -0.031108 -0.040661 -0.022807 -0.062212 0.009925 0.010604 -0.150484 0.033864 -0.074675 0.021763 0.138728 -0.051472 -0.002434 -0.061693 0.004526 0.039473 -0.033416 -0.041288 0.095749 -0.109958 0.040048
0.177557 -0.029069 0.196564 -0.188988 0.032695 -0.187243 0.063832 0.057704 0.126535 -0.111466 -0.136896 -0.064745 0.010534 0.004804 0.192028 -0.042708 -0.146024 -0.009236 -0.026658 -0.038460 -0.016849 0.048049 -0.574169 -0.075220 0.122075 -0.069675 -0.064128 0.026387 -0.096887 -0.022428 0.109646 0.038132 -0.309989 0.041993 -0.037309 0.041609 0.032693 -0.159999 0.083283 -0.081931 -0.109410 -0.163714 0.154157 -0.201724 -0.001435 -0.101282 0.015439
-0.006959 -0.086765 0.015543 0.115867 0.222296 0.064555 0.013652 0.128575 -0.086761 0.137889 -0.136551 0.201134 -0.061045 0.220847 -0.070144 0.002897 -0.081526 -0.037302 -0.041455 -0.036437 0.061119 -0.009566 -0.427158 -0.160487 0.050922 0.222919 -0.038075 0.074561 -0.064721 -0.028482 -0.002916 0.025477 0.039660 -0.010756 -0.094478 -0.016176 0.070903 0.081300 -0.150072 -0.003372 -0.013383 0.022415 0.110384 0.007216 -0.097172 -0.073363 -0.023639
0.012830 0.102814 -0.334529 -0.182459 0.082899 0.027455 0.057218 -0.050834 0.007719 -0.085494 0.060236 -0.058798 0.179384 -0.045955 0.028915 -0.061854 0.020690 -0.155000 0.084754 0.146023 0.075076 0.021044 -0.011826 -0.328286 -0.132740 -0.284658 -0.094107 -0.101540 0.083275 0.012077 -0.121024 -0.003621 0.049684 0.052214 -0.013108 -0.098429 -0.001939 0.040480 0.050124 -0.195882 -0.038857 0.038889 0.216378 -0.084397 0.065041 0.073166 0.059974
0.005940 0.060196 0.063661 -0.096510 0.063489 -0.072832 0.114997 -0.058935 0.051950 0.081259 -0.063494 -0.002686 -0.105471 -0.029433 0.025423 -0.017353 -0.213221 0.046584 0.058376 0.066577 0.061239 0.067573 -0.266041 -0.233569 -0.033896 -0.102863 0.008536 -0.173591 -0.043228 -0.060444 0.143467 0.076495 -0.188958 0.036332 0.008884 0.024794 -0.164320 -0.044774 -0.072497 -0.042775 -0.094637 -0.056576 -0.055290 -0.056248 0.087055 -0.145998 0.106513
-0.058543 -0.027291 -0.195643 -0.186532 0.077505 0.145254 0.208182 0.016546 -0.002831 0.018401 -0.007185 -0.159941 -0.108485 -0.070433 0.210115 -0.015120 -0.030025 -0.236205 0.018915 0.060553 0.016479 -0.002771 0.197360 -0.079625 0.049031 -0.266826 -0.093822 -0.188202 -0.071563 -0.007147 0.074939 0.109567 0.089719 0.141662 0.087017 0.065908 0.056911 -0.012963 -0.181780 -0.237346 0.018337 0.052119 -0.012937 0.013576 0.062903 0.038391 -0.228805
-0.042101 -0.012519 0.175279 -0.077779 -0.247075 -0.278366 -0.082528 0.093472 -0.134811 0.153770 0.095755 -0.062975 0.034511 0.022696 0.093328 0.080164 0.191271 -0.191346 -0.084645 -0.095016 -0.269022 0.051392 -0.506532 -0.050724 0.059597 0.118359 0.035160 0.138781 0.281407 -0.137526 -0.509062 -0.335807 -0.156565 -0.257866 -0.636939 -0.035794 0.144268 0.084765 -0.171955 0.138164 0.099912 0.064360 -0.109612 -0.110053 0.079680 0.143050 -0.197368
0.056217 0.100236 0.024095 0.057943 -0.127205 -0.098821 0.122074 -0.092945 -0.084985 0.118033 0.115031 -0.242528 0.045383 -0.198604 0.042768 0.147632 0.198693 -0.279667 0.022125 -0.032876 -0.098809 0.026950 -0.186649 -0.303694 0.040022 -0.143843 0.161070 -0.023676 0.116768 -0.097721 -0.003143 0.148003 -0.124969 -0.004755 -0.019253 -0.153472 -0.106117 -0.196973 0.143899 0.094663 -0.026163 -0.022623 -0.087165 -0.112122 -0.016761 -0.037262 0.047520
-0.007322 0.075221 0.308203 0.210680 -0.221499 -0.120550 0.032969 0.120914 -0.113064 0.114643 0.104463 -0.034634 0.000620 -0.132934 -0.008730 0.108262 0.098990 -0.318275 0.030815 -0.122599 -0.444224 0.008790 -0.277245 -0.097774 -0.023457 -0.065975 -0.038183 0.104108 0.197324 0.052470 -0.204916 -0.110024 -0.178674 -0.294990 -0.294092 -0.161172 0.200622 -0.202168 -0.228582 0.048277 -0.010735 0.235754 -0.085765 -0.079683 0.235373 -0.055535 -0.206462
-0.081428 0.029682 -0.086154 0.194561 -0.002908 0.230776 -0.179864 -0.126337 -0.029364 -0.066623 0.137463 -0.000864 -0.028149 0.093653 0.330175 0.104768 -0.055813 0.005049 -0.170873 -0.029692 -0.087085 -0.248607 -0.067761 0.083265 0.042091 -0.029305 0.051714 0.228256 -0.134806 -0.012968 -0.003095 -0.286222 0.062467 0.058489 0.051478 0.033298 0.156980 -0.035954 0.093825 -0.061527 0.052545 -0.013897 0.036219 -0.057563 -0.051040 -0.154298 -0.163759
-0.005348 0.046622 0.225401 -0.065729 0.022158 -0.130310 0.008278 -0.051791 -0.035597 0.171702 0.143492 -0.047100 0.225662 -0.129704 -0.041477 -0.028869 0.227002 -0.132824 -0.037706 -0.129158 -0.309762 -0.017930 -0.270282 -0.056109 0.019658 0.033266 0.063672 0.082789 0.286426 -0.095792 -0.087642 -0.223817 -0.221215 -0.431907 -0.251017 -0.128522 0.016536 -0.003986 -0.038129 0.228837 0.148744 0.148998 0.028265 -0.103625 0.218285 -0.127178 -0.213147
-0.000847 -0.195360 0.132075 0.046575 -0.168747 -0.028827 0.198280 -0.024224 -0.045291 0.120704 0.023918 -0.224742 0.113874 -0.163002 0.053811 -0.111680 0.114384 0.001994 0.074075 0.032052 -0.037408 0.019614 -0.259915 -0.109280 0.104997 -0.231792 0.036605 -0.018102 0.189830 -0.085086 0.074390 -0.053936 -0.099064 0.061664 0.019586 -0.143419 0.030881 0.085177 -0.472672 0.161441 0.007453 -0.015328 -0.106494 -0.072236 -0.023625 0.125770 -0.384989
0.127236 -0.189124 0.225752 0.057813 -0.097629 -0.138228 0.017174 -0.128093 -0.169276 0.136001 -0.009312 -0.005571 0.182186 -0.084191 -0.148897 -0.133694 0.090480 -0.110417 -0.049913 -0.191661 -0.234346 -0.068766 -0.264007 0.001624 0.040637 -0.072181 0.059705 0.013936 0.192131 -0.076179 -0.018634 -0.021865 -0.138223 0.115315 -0.037256 -0.055604 0.000113 0.066918 -0.256491 0.033778 -0.159046 0.119156 -0.094583 0.023439 0.051385 0.062908 -0.180649
0.024704 -0.088855 0.179634 -0.106967 -0.188652 -0.009921 0.219838 -0.149927 -0.141231 -0.059390 0.020658 0.064127 -0.025348 -0.013874 0.118342 0.053745 0.125627 -0.031730 0.038172 -0.135557 -0.062369 0.024064 -0.153588 -0.077051 -0.027915 -0.037705 0.081943 0.039730 0.184658 0.054181 -0.140056 -0.045460 0.025201 -0.065943 -0.038231 -0.041973 -0.017896 -0.019476 -0.092818 0.013427 -0.142861 0.133226 -0.100107 0.059664 0.147373 0.126023 -0.088373
-0.040218 -0.109025 -0.282195 0.052833 0.201068 0.164232 -0.220300 0.050414 0.064090 -0.131844 -0.158142 -0.144548 0.000748 -0.102011 0.155472 0.041025 -0.101035 0.330644 0.045014 0.154762 0.253943 -0.165534 0.323613 0.109343 -0.004697 -0.274044 -0.086518 -0.079348 -0.443816 -0.154196 0.443475 0.124693 0.096451 0.316592 0.373561 0.131338 0.185402 -0.163064 -0.203546 -0.026698 -0.185166 0.080109 -0.312243 0.254388 0.023430 -0.168545 -0.262794
-0.054293 0.028400 -0.149610 0.078710 -0.303607 0.112034 -0.003534 0.065350 -0.009582 -0.038846 0.077936 0.058236 -0.034487 0.054494 -0.074773 -0.143615 -0.036571 -0.153187 -0.014824 0.079067 -0.056979 -0.012650 0.109432 -0.126163 0.086455 -0.097653 -0.169245 -0.000616 -0.022810 -0.227377 0.088027 0.092610 0.079865 -0.034506 0.338755 -0.025432 0.107664 0.018816 -0.044871 -0.030666 -0.250859 -0.061210 -0.083390 0.057899 -0.039855 0.117562 -0.040884
-0.035424 -0.068840 0.021613 0.013501 0.079486 -0.134301 -0.064130 0.186421 -0.005262 0.122918 -0.012509 0.060020 0.071004 -0.108624 -0.145773 0.105968 0.146583 -0.112796 -0.017766 -0.110807 -0.173765 -0.011145 0.025433 -0.042590 0.053672 0.023702 -0.050152 0.101769 0.081196 0.141356 -0.410098 -0.159925 -0.225960 -0.400580 -0.085421 -0.035040 0.180364 0.072230 -0.278160 -0.061960 0.077886 0.151028 0.190828 -0.025145 0.192291 -0.154648 -0.309835
0.122953 0.006169 -0.068398 -0.073957 0.215287 0.046641 -0.152699 -0.146040 0.182994 0.039614 0.075021 -0.052711 -0.054377 0.001822 0.050435 0.035679 -0.069641 0.096821 -0.074148 0.029583 0.049741 -0.135452 0.235988 -0.035524 0.010479 0.158218 0.083204 -0.025914 -0.056625 -0.213837 -0.210423 0.163503 0.126982 -0.077668 0.368107 -0.053946 0.023476 -0.078979 -0.221195 0.036730 -0.114696 0.102874 -0.127866 0.120362 -0.053976 -0.051463 -0.149329
-0.003805 -0.081605 0.022555 0.145195 -0.254151 -0.057046 -0.167353 0.127004 -0.061408 0.254806 -0.109666 0.216063 0.119594 0.015029 -0.076878 -0.162759 -0.083980 -0.167548 0.052456 -0.083512 0.283446 -0.425633 0.005931 0.099501 -0.081622 -0.031270 -0.032975 0.007313 -0.107167 -0.239781 0.039361 -0.179491 -0.190254 -0.038123 -0.231785 0.230825 0.168816 0.000985 -0.061552 0.091069 -0.003263 0.133302 0.004884 -0.311446 0.221654 0.188000 -0.172487
0.011465 0.064902 0.175260 0.069914 0.039432 -0.004525 0.113013 0.171660 -0.072082 0.059915 0.101824 0.051292 0.037707 -0.012109 -0.140621 0.101013 0.133647 -0.293936 -0.036597 -0.127245 -0.067341 0.079064 -0.133206 -0.188940 -0.096107 0.119820 0.018004 -0.004195 0.050515 -0.268098 -0.168616 -0.042327 0.008607 -0.190753 -0.234180 -0.220369 0.188382 -0.129131 -0.193684 0.182481 -0.020455 0.048476 -0.083957 0.037700 -0.031331 0.019083 -0.199188
-0.080384 0.121482 -0.117532 -0.250929 -0.162024 -0.046891 0.062940 -0.064430 -0.052332 -0.054106 0.223711 -0.113547 0.136912 -0.131672 0.035415 0.021246 0.026453 -0.137916 0.050857 0.175823 -0.155896 -0.000662 -0.323867 -0.217600 0.065977 -0.040976 -0.036111 -0.041549 0.246725 0.062173 -0.440932 0.001549 0.048772 -0.023510 -0.018436 -0.037757 0.169738 -0.224126 0.144674 0.041075 0.067535 -0.143695 -0.187923 0.061317 0.120643 0.019463 -0.146860
-0.036194 -0.010340 -0.179448 -0.054000 -0.165434 -0.062879 0.181555 0.151740 0.070396 0.011407 -0.142793 -0.133497 0.125959 -0.332796 -0.043606 -0.090788 -0.020187 0.125289 -0.251969 -0.340816 0.317716 0.282993 0.000893 -0.058278 -0.068986 -0.079113 -0.026207 -0.028675 -0.232253 -0.175481 0.161576 0.023165 -0.170255 0.201794 0.068135 0.021213 0.032686 -0.086748 0.211513 -0.077399 -0.017255 -0.001153 -0.122626 0.114805 0.051316 0.265725 0.029441
0.082011 0.071783 0.045421 0.160814 0.157707 -0.058973 0.186284 0.177158 0.035020 -0.080027 0.001935 -0.021960 -0.385528 -0.034097 -0.284184 -0.058777 0.252249 -0.155385 -0.007851 -0.374034 0.052534 0.025944 -0.275991 -0.030919 0.133100 -0.034647 -0.142396 -0.161715 -0.167583 -0.184573 -0.114173 0.114738 -0.153205 0.058393 0.030089 0.051984 -0.299710 -0.032696 -0.357446 0.105526 -0.083532 0.082038 0.102520 -0.182457 0.123676 0.094089 -0.079528
-0.017808 -0.191975 -0.067143 0.017554 -0.205905 -0.124303 0.095918 0.201283 -0.124598 0.084417 -0.078702 0.115169 0.050461 -0.079916 -0.151608 -0.103085 0.002075 0.103843 0.165188 -0.171741 0.040534 -0.010387 0.144537 0.048372 -0.061480 0.149102 0.022620 0.078965 -0.103561 -0.190801 0.238480 0.081756 -0.250425 -0.205002 -0.022342 -0.038803 0.059756 0.161370 0.266761 -0.149193 0.012915 -0.056767 -0.123465 -0.068336 -0.001419 0.053313 -0.453059
0.039889 0.010624 0.140941 0.363076 -0.048477 0.006027 0.186347 -0.200898 0.239021 0.056414 0.006328 -0.054767 -0.151399 -0.033677 0.076801 -0.130307 0.038472 -0.059035 -0.001512 -0.149495 0.135461 0.086725 0.165398 0.009490 -0.126871 -0.100485 -0.009199 0.015066 -0.146428 -0.042941 -0.135456 0.098756 0.019712 0.152149 0.006817 -0.032821 -0.027639 -0.023621 -0.144852 -0.022735 -0.034008 0.043787 0.045265 0.063747 0.066105 0.062336 -0.279797
0.055319 -0.006908 0.131349 -0.046661 -0.006454 -0.092751 0.091387 -0.275971 0.092998 -0.114172 -0.067623 -0.037611 -0.036995 -0.121875 0.019738 -0.108515 0.133237 -0.053660 0.166344 -0.126760 0.061879 0.025864 -0.091159 -0.105494 -0.032144 0.066219 0.180321 0.047362 -0.012708 0.071109 -0.112949 -0.015578 0.059801 0.006363 -0.153796 -0.006625 -0.019368 -0.171240 0.045789 0.001076 0.074419 0.001306 0.022475 -0.096499 -0.085700 0.013108 -0.016977
-0.035484 0.003676 0.126803 -0.078894 -0.206185 -0.140852 0.192660 -0.263297 0.070996 0.080977 0.078645 -0.068536 -0.088230 -0.006274 -0.075799 -0.066120 0.031387 -0.089044 0.107777 -0.166789 -0.045208 0.214636 -0.078195 0.069633 0.038132 0.258859 0.064693 -0.041306 -0.056759 0.184056 0.068777 -0.074148 -0.134749 0.103979 -0.033468 0.087985 0.048889 -0.054774 -0.192728 -0.100048 -0.083811 -0.061273 0.004325 -0.064630 0.013177 -0.037900 -0.030276
-0.004120 -0.159105 0.072161 -0.026008 -0.066711 -0.006417 0.028290 0.031788 0.116889 0.049646 0.041776 -0.052511 0.081861 -0.009283 0.009754 -0.050117 -0.110542 0.124677 -0.021489 -0.168481 0.002470 0.178944 0.107789 0.040241 -0.021719 -0.149633 -0.020422 0.030712 -0.075439 -0.156355 0.159039 -0.118683 -0.062873 0.162002 0.090975 -0.015989 0.083937 -0.018007 -0.151449 0.005624 -0.120175 -0.003187 0.106422 0.087601 -0.174174 -0.120656 -0.047638
0.033324 0.041894 0.086651 0.338966 -0.029857 0.021355 0.128247 -0.020657 -0.089983 -0.137313 0.083803 -0.024171 -0.039847 -0.073511 0.079172 -0.071065 -0.200831 -0.046508 -0.107828 -0.065618 0.010739 -0.001169 0.021434 -0.146579 0.027763 -0.074745 -0.084054 0.141983 -0.194681 0.108983 0.124772 0.037197 0.061092 -0.076753 0.170064 0.003197 0.120159 0.101759 -0.092643 0.005660 -0.086300 -0.103680 -0.101072 -0.027914 -0.091163 -0.113610 -0.299216
-0.017041 -0.059509 0.017851 0.121036 0.018913 0.018177 0.053939 -0.153612 -0.058444 -0.099673 -0.039772 -0.060919 -0.067570 0.025254 0.042209 -0.030266 -0.021065 0.137699 0.090313 0.001392 0.102170 -0.055802 -0.221571 -0.091979 -0.066279 0.090254 -0.049701 -0.036510 -0.062924 -0.086033 0.087761 0.048956 0.149657 0.065992 -0.020306 -0.019869 0.057202 0.067727 -0.174991 0.093134 -0.068341 -0.031191 0.085867 -0.017276 -0.040742 0.029045 -0.035321
0.048688 -0.001587 -0.071378 -0.166997 -0.064760 -0.058882 0.189753 0.089734 0.023790 -0.077496 0.062376 0.137246 0.035504 0.051291 0.009190 0.017148 0.076930 0.171502 -0.027560 -0.130790 0.059851 -0.031830 0.006531 -0.209998 -0.006122 0.033407 0.033416 -0.131420 -0.029862 -0.260948 0.002240 0.093639 -0.072470 0.218913 0.090784 -0.116679 -0.021296 -0.016025 0.118170 -0.119766 -0.068171 -0.081733 0.007826 0.130170 -0.080864 0.160224 -0.070997
0.020067 -0.020880 -0.006131 -0.238109 0.023788 -0.066932 0.094567 0.079771 -0.008308 0.028817 0.013668 -0.017565 0.000027 0.074015 0.038022 0.003523 0.009321 0.137924 -0.005545 0.017209 0.007770 0.075069 0.049329 -0.111899 0.102837 0.004154 0.056496 0.028061 0.019875 0.106632 -0.003355 0.083681 -0.050987 -0.038594 0.035253 -0.118980 0.008431 0.085808 -0.028251 0.033975 -0.080685 0.010461 0.060259 0.000107 0.023481 -0.290012 -0.148958
-0.007678 0.053909 -0.129975 0.084097 0.039697 -0.006763 0.226269 0.114583 -0.115631 -0.058551 -0.175582 0.013053 0.148139 -0.206737 -0.161968 -0.130703 0.148534 0.070271 0.057370 -0.090484 0.016540 0.084797 -0.332874 -0.122691 0.065407 0.202343 -0.170453 -0.153210 -0.046138 0.102905 -0.133984 0.045634 0.001920 -0.091394 0.076632 0.021175 -0.097304 0.109174 -0.184594 -0.072559 -0.012858 -0.063053 0.163807 0.074921 -0.012063 0.012340 -0.058074
-0.008174 0.039061 -0.025592 0.038388 0.022409 -0.145150 0.133965 -0.003709 -0.107587 -0.004952 0.027447 0.071308 0.119018 -0.122453 -0.098150 0.049620 0.163475 -0.012410 -0.090044 0.036844 -0.003064 0.075773 -0.213071 0.055317 0.014440 -0.067374 0.115752 -0.123389 -0.023449 -0.042953 -0.160213 -0.060302 0.083768 0.121698 0.149491 -0.032515 -0.176164 0.029396 0.178030 -0.058016 0.023791 0.094490 0.041963 0.143364 -0.228433 -0.062572 -0.115848
0.052054 0.033864 -0.118117 0.045463 -0.138706 -0.127056 -0.012860 -0.248725 -0.020485 -0.198697 -0.157895 -0.014453 0.017972 0.137157 0.064670 0.122952 -0.131820 -0.090363 0.060401 -0.147713 0.106949 0.024487 -0.009169 -0.327456 0.080324 0.163921 0.055619 -0.073263 -0.080037 0.201101 -0.052974 0.025937 0.143112 0.040237 -0.038556 0.093779 0.022079 -0.002844 0.008332 0.022308 -0.059722 -0.000156 -0.027664 0.068372 0.165820 0.067113 0.047582
-0.003965 0.059543 -0.324567 0.183098 0.192598 0.106234 0.019239 0.000557 -0.040194 -0.064906 0.031947 0.012460 0.193463 0.034547 -0.015583 -0.114319 0.162659 0.089823 0.058850 0.171051 0.120576 -0.119178 -0.064449 -0.276917 -0.132596 -0.168855 -0.248717 -0.368148 0.047708 -0.254526 0.149977 -0.094109 -0.036300 0.012638 0.061658 0.018875 0.071750 0.027917 0.018053 0.186956 0.054998 -0.260311 0.053595 0.010497 -0.099919 -0.023216 0.004853
0.029148 0.049189 -0.026214 0.078411 0.130180 0.032612 0.080111 -0.052841 -0.004035 0.031484 0.029432 -0.009992 0.064188 -0.032808 -0.069587 -0.082440 -0.029427 -0.064837 -0.034668 0.031892 -0.123425 0.069330 0.150118 -0.037049 0.003292 -0.160195 0.031816 -0.146290 -0.144777 -0.111408 0.025330 0.008165 -0.009655 0.124692 0.055015 -0.108058 0.071286 -0.221240 0.125127 -0.035593 -0.175381 -0.020937 -0.137746 0.004471 0.074664 -0.054806 -0.036280
0.068816 -0.057296 0.009216 -0.176662 0.025775 -0.123096 0.044660 -0.009469 0.126643 -0.008798 0.050913 -0.141775 -0.044735 -0.030154 0.049469 0.150921 -0.061179 0.131546 -0.007965 -0.109112 0.070859 -0.022198 -0.090701 -0.032038 0.057151 -0.031014 0.014986 -0.041934 0.017293 -0.113094 0.010945 0.023761 0.113831 -0.155481 -0.154965 0.027423 -0.014969 0.083006 0.028086 0.115494 0.010384 -0.078306 -0.054765 -0.025110 0.053015 -0.000793 -0.075095
0.069126 -0.000247 0.035568 0.020397 -0.000623 -0.078994 0.014674 0.025717 -0.108737 0.162969 -0.027042 -0.077214 -0.040170 0.023117 0.082631 -0.075676 -0.159427 -0.075054 0.000932 0.053080 -0.020048 -0.074833 -0.164014 -0.029610 0.039738 0.046637 -0.076063 -0.018280 0.006601 -0.013251 0.019365 -0.045062 -0.196560 -0.031124 -0.030285 0.094052 0.131100 -0.073069 -0.121904 0.067555 -0.159225 -0.023684 -0.113146 -0.066528 0.077474 -0.056014 0.042044
0.051260 -0.019459 0.207834 0.179850 0.101064 0.002531 0.049381 0.066502 -0.282554 0.053769 0.004604 -0.173412 -0.087760 -0.262444 -0.261806 -0.147265 -0.102634 0.042797 0.199401 -0.237408 0.013528 0.038826 -0.197598 0.053229 -0.125071 -0.143678 0.043152 -0.171933 -0.082618 0.062485 0.046517 -0.280226 -0.098735 0.125364 -0.196780 -0.018930 0.177401 -0.087827 0.060120 -0.030553 0.123038 0.086624 -0.106770 0.049075 0.047764 -0.046380 0.005816
0.064989 -0.068960 0.004733 -0.081780 0.103369 0.116198 0.056847 -0.064136 0.147329 -0.020081 -0.044118 -0.200709 0.004072 -0.052280 -0.038332 0.001900 -0.041150 -0.077928 -0.153452 -0.010769 0.024237 0.009047 -0.312358 -0.052917 -0.039350 -0.200404 0.073696 -0.037249 -0.123828 0.016039 0.083417 0.083907 0.023165 0.023677 -0.083302 0.079760 0.179938 -0.026786 0.056141 0.001366 -0.149386 0.053208 -0.016679 0.029570 -0.167446 -0.212762 0.222262
-0.020079 -0.019591 -0.059283 -0.039338 -0.016322 0.020792 0.068697 -0.067284 0.052074 0.152131 0.046400 -0.097115 -0.060347 0.108202 0.058400 0.041218 -0.070027 -0.134631 -0.023275 0.102294 0.048865 0.074688 -0.207998 -0.104952 -0.003550 -0.126863 -0.147180 -0.024680 0.006035 -0.016927 -0.021034 -0.056221 0.053048 -0.051323 0.007937 0.044477 -0.035882 0.074778 0.115730 0.116075 -0.118723 -0.053937 0.122916 -0.035246 0.053198 -0.090835 -0.071549
-0.094787 0.148830 0.138321 -0.187399 0.101064 0.014870 0.214608 -0.014970 0.039137 0.048233 0.009934 -0.033631 -0.084747 0.075461 -0.025816 0.162296 -0.268022 -0.223755 0.096005 -0.012887 -0.124049 0.140084 -0.467853 -0.149291 -0.024356 -0.158084 -0.284375 -0.082677 0.019011 -0.041408 -0.082666 0.113342 -0.124442 0.074516 -0.173315 0.010835 0.015857 0.077942 -0.177920 0.095021 -0.016722 -0.015777 0.248129 0.121080 -0.016580 -0.036134 -0.096548
-0.164598 -0.091200 -0.034696 0.036398 -0.018885 -0.060194 0.096927 -0.287587 0.093931 0.063388 0.099820 -0.066931 0.100898 0.004509 -0.056333 -0.003579 -0.081135 -0.043126 -0.200191 -0.177998 0.032520 -0.023720 0.111645 0.199773 -0.060553 -0.169940 -0.106831 0.078693 0.012631 -0.080890 -0.101329 0.071904 0.018153 -0.116698 0.066081 0.006953 -0.087754 0.021594 0.035454 0.028618 -0.009955 0.076343 0.102370 0.103282 -0.077018 0.147299 -0.180986
-0.157160 0.235915 0.054085 0.331994 -0.013220 0.071909 -0.105765 -0.103453 -0.053593 0.232857 -0.137778 -0.090546 0.090663 -0.167370 0.052892 -0.210167 -0.050637 -0.099825 0.042040 -0.087749 -0.190520 -0.200661 0.425991 0.032522 -0.078192 -0.263856 -0.264207 -0.175851 0.016410 -0.155655 0.036539 -0.112483 -0.108399 0.088031 0.089526 0.032578 0.090670 -0.058195 0.087104 -0.004851 -0.056475 0.108714 0.115790 0.004805 0.000107 0.204577 -0.334235
0.066345 0.027055 0.064472 -0.149563 -0.040319 0.082816 0.013348 0.082872 0.126781 0.083017 0.048420 -0.214494 0.010822 -0.309730 -0.104149 -0.212977 -0.143499 0.025159 -0.120481 -0.023670 0.056277 -0.048495 -0.196092 -0.066972 0.054019 -0.304588 0.100192 -0.021671 0.032125 0.094001 0.063668 0.031751 -0.036736 0.242488 0.155028 0.056977 0.011900 0.086089 -0.024004 0.124119 -0.226243 -0.191582 0.040017 0.107302 -0.289605 -0.030498 -0.055775
-0.056156 0.017917 -0.136089 -0.260689 -0.088793 0.140037 -0.177301 -0.205453 -0.070449 -0.184136 0.076318 0.115234 -0.023177 0.179754 -0.395043 0.025414 0.181000 0.162485 0.010091 -0.055883 0.038989 0.056027 0.008052 0.280349 0.100102 0.145116 0.396415 -0.061774 -0.170944 -0.054805 0.026507 0.036068 0.042519 -0.044842 -0.076162 0.115198 -0.187463 0.098305 -0.052952 -0.072518 0.093883 -0.025970 0.077789 -0.046797 0.272515 -0.450513 -0.134225
0.010376 0.117407 0.449872 0.075722 -0.087332 -0.096291 0.108290 -0.215887 -0.264535 0.054568 -0.077434 -0.178906 0.015091 0.140898 -0.017102 -0.062380 -0.175802 -0.017726 -0.049847 -0.174064 -0.270796 -0.044912 0.352528 0.102485 -0.091279 -0.102627 0.074171 -0.240495 0.200517 0.090055 0.234514 -0.058423 0.021798 0.087193 0.167879 -0.039345 -0.092856 -0.163984 -0.049456 -0.269966 -0.176355 0.096211 0.052386 -0.158066 -0.100545 -0.165477 0.000172
-0.163112 0.024468 0.070587 -0.119980 -0.082153 -0.384526 0.042026 0.052397 0.180189 -0.276701 -0.205845 0.044823 0.136983 0.047928 0.023349 0.087670 -0.384106 0.065606 0.074149 -0.007250 0.058573 0.170484 -0.072882 0.145946 -0.030774 -0.012389 -0.161009 0.137028 -0.243934 -0.013342 -0.204048 -0.186627 0.302600 0.053427 -0.055646 -0.014766 -0.287317 0.008612 -0.122232 0.014460 0.029412 -0.092651 -0.010520 -0.057910 -0.058672 0.128948 0.074550
0.028843 0.096180 -0.067561 -0.091781 -0.046004 -0.018927 -0.007806 -0.310406 0.226526 0.044396 0.202945 0.011199 -0.494018 0.076083 0.089058 0.027029 -0.081735 -0.181605 -0.094067 -0.102995 -0.254800 0.100066 -0.176212 -0.040524 -0.047952 -0.083236 0.143401 -0.192233 -0.063586 0.120943 0.038038 0.071296 -0.078143 0.275785 0.006359 0.008965 0.002005 0.107357 0.105475 -0.009825 0.060311 -0.084452 0.105408 0.024142 -0.139294 0.060204 -0.142592
-0.009673 -0.030110 -0.016015 -0.178889 -0.090671 -0.263834 0.014099 -0.200443 0.166696 -0.303621 -0.153062 -0.054987 -0.117279 0.171106 0.090581 0.020720 0.048525 -0.110986 0.061372 0.290675 0.089808 0.091370 0.051513 -0.255158 -0.108377 -0.127898 -0.172435 -0.218561 0.308733 -0.081405 0.091179 -0.308153 0.013304 -0.052324 -0.039505 0.043290 0.092283 0.169385 0.019289 0.252981 -0.102056 -0.053754 -0.164295 -0.243841 0.285261 -0.045799 -0.130035
0.004646 -0.236315 -0.009222 0.028368 0.009373 -0.101184 -0.108545 -0.087156 0.273969 -0.066930 0.135493 -0.103062 0.121783 -0.127631 -0.054088 -0.008427 -0.167122 -0.094618 0.064492 -0.343446 0.007846 0.248992 -0.092504 0.174554 0.106951 -0.062882 -0.000462 0.064358 -0.093390 -0.016721 -0.019638 -0.016781 -0.071354 0.127580 -0.063638 0.133637 -0.295700 -0.006445 -0.052031 -0.190521 -0.078966 0.013032 0.021942 0.127951 -0.006577 -0.205927 0.047421
-0.045056 0.040201 0.178234 -0.185533 0.113648 0.038247 -0.107762 0.035926 -0.025838 -0.040045 0.084559 -0.186556 -0.090436 0.093923 0.077293 -0.076511 -0.069239 0.070616 -0.037261 0.109735 -0.064400 0.039965 0.100022 0.022962 0.042256 0.023913 0.020751 -0.119242 -0.057507 0.032913 0.071622 -0.087415 -0.143009 -0.026865 -0.177600 0.071562 0.020088 -0.090131 0.109250 -0.161143 -0.020520 0.020688 -0.090373 0.036989 -0.028059 -0.047473 -0.077586
0.003994 -0.110820 0.016918 -0.221109 -0.120167 0.003540 -0.181826 -0.135716 0.115171 0.024446 0.145940 -0.024755 -0.100443 0.097235 -0.106325 -0.151881 -0.062305 0.155660 0.125226 -0.098548 0.079465 0.106993 0.274001 0.069698 0.055738 0.160406 0.088462 0.089592 0.024613 0.003656 -0.018023 -0.132035 0.060071 -0.108093 0.024606 0.033084 0.030914 0.125236 0.058638 -0.126456 -0.105562 -0.007328 0.000178 -0.004075 -0.177079 -0.220905 -0.046103
-0.033307 0.132177 -0.020562 -0.047103 -0.191526 0.045877 -0.119651 -0.161184 -0.063954 -0.106668 0.077562 0.153120 -0.021636 0.147209 0.068038 -0.117105 -0.083951 0.011892 -0.090241 -0.162467 -0.044377 0.194194 -0.065864 -0.033648 0.076245 -0.251107 0.103068 -0.245475 0.017848 -0.124965 0.058104 -0.053068 0.102121 0.109119 0.063950 0.043436 0.201368 0.169921 -0.131378 0.049914 -0.131921 0.038212 0.038187 0.035847 -0.123035 -0.017250 -0.076752
0.008877 -0.189133 -0.050311 0.003076 -0.220434 0.035402 -0.052002 -0.180474 0.085494 -0.014768 -0.003227 0.056962 -0.023315 0.127335 -0.028666 -0.109949 0.131795 0.072977 0.009995 0.171466 -0.151852 -0.171725 -0.068039 0.117152 0.040094 -0.043200 0.042124 -0.010449 0.160028 -0.384848 0.057099 0.072262 -0.055290 -0.077074 0.262679 -0.038453 -0.036959 0.034094 -0.123304 -0.167603 -0.039382 0.041145 0.096982 -0.003555 0.057435 -0.034278 -0.104699
0.073741 0.083051 -0.021615 0.154905 -0.276430 0.138764 -0.066934 -0.097461 0.065338 -0.105038 0.056852 -0.106274 -0.012871 0.023634 -0.012716 0.039901 -0.026531 0.061590 0.066857 -0.033815 -0.121563 -0.008408 -0.148354 -0.012761 -0.004212 0.131128 -0.033923 -0.105459 -0.038840 -0.217040 0.073697 -0.060925 0.012824 -0.053614 0.204407 -0.037701 0.026727 0.090796 -0.057760 0.035248 0.027949 0.084287 0.185572 -0.077522 -0.006782 -0.070984 -0.056617
0.011584 0.073962 0.067236 -0.045568 -0.020502 0.038900 0.000508 -0.148643 -0.106921 -0.094036 0.118625 0.013257 0.023797 0.107176 0.069812 -0.002414 -0.153007 0.062364 -0.082099 0.029930 -0.070545 -0.070005 -0.171699 -0.132580 0.087563 0.191771 -0.031300 -0.226341 0.029597 -0.045849 0.045311 0.014459 0.247216 -0.321968 -0.171620 -0.005680 0.060163 0.194933 -0.088017 -0.145029 0.007272 0.034634 0.132484 -0.161951 -0.087121 -0.133743 0.153060
0.046580 0.134425 0.059889 -0.044064 -0.023697 -0.041029 0.109867 0.046638 0.041907 0.179982 0.098095 -0.047677 -0.051263 -0.026076 -0.089637 0.045888 -0.038796 0.040079 -0.034100 -0.089081 -0.251025 -0.034645 -0.192149 -0.090631 0.075313 0.029853 -0.039976 -0.167377 -0.045600 -0.129411 0.019361 0.161266 0.001397 0.026227 -0.112849 0.032312 0.186576 0.095521 -0.246960 -0.056388 -0.095025 -0.019597 0.200703 -0.126456 -0.280516 -0.119003 0.143380
-0.031165 0.002638 -0.042419 0.083307 -0.142054 -0.025893 -0.021254 -0.278733 0.108088 0.120784 0.149178 -0.011067 -0.070206 0.027801 -0.031564 -0.180363 -0.116043 0.163244 -0.058645 -0.054662 -0.119837 0.053932 -0.095053 0.145758 0.092135 -0.073249 -0.023071 0.016176 -0.032709 -0.195014 0.219639 0.043406 -0.140868 -0.252978 0.044870 0.045770 -0.013608 0.093775 0.105148 0.047541 -0.112297 0.035275 0.261020 -0.129294 -0.042970 -0.188199 0.118331
0.040523 -0.049634 0.065947 -0.047794 -0.079748 0.049517 0.084116 -0.075230 0.036545 -0.246298 0.038642 0.303861 -0.009363 0.255148 0.099135 -0.197760 -0.140099 0.195115 -0.018153 0.071878 -0.141753 -0.044977 -0.164107 0.071125 -0.020278 -0.161060 0.103453 0.059908 0.084907 -0.137807 0.193396 0.057168 -0.110705 0.083216 -0.159214 -0.209503 -0.171723 0.103195 -0.133983 -0.064473 -0.158544 0.083088 0.411115 -0.164314 0.089924 -0.114140 0.114079
-0.017435 0.076054 0.024314 -0.081628 -0.162052 -0.130321 0.092888 -0.143470 0.010496 -0.027121 -0.121363 0.177341 -0.048266 0.096945 0.062484 -0.070724 -0.041448 0.062816 0.032982 0.168590 -0.295831 0.138217 -0.057764 -0.116588 0.085598 -0.059752 -0.087724 -0.183984 0.096051 0.078087 -0.007988 -0.023174 0.115789 -0.023286 0.104036 -0.043670 -0.221352 0.017512 0.075368 0.122366 0.006056 -0.003890 0.090645 -0.036277 -0.074655 -0.246570 -0.079655
0.045359 0.063001 -0.024452 0.136648 -0.273732 0.039645 0.117205 -0.224238 -0.137679 -0.300345 0.027817 0.166921 0.042807 0.062603 0.036399 -0.228981 0.119597 -0.007893 0.019395 0.257419 0.016155 -0.116023 0.162197 -0.131255 0.079412 -0.266406 -0.272269 -0.009257 0.100543 -0.049729 0.031922 0.041265 -0.001427 -0.152218 0.014818 0.115067 -0.043668 0.183436 0.056825 -0.019647 0.059891 0.001141 -0.059172 -0.156506 0.006284 -0.211073 -0.021041
0.004461 0.003268 -0.027727 -0.047752 -0.088778 -0.039774 0.003684 -0.114717 -0.014317 -0.164281 -0.067843 0.083782 0.091230 -0.046089 0.087094 -0.130040 0.007213 0.141850 0.011944 -0.004787 0.013605 -0.067280 -0.032397 -0.141713 0.047540 -0.412515 -0.262213 -0.041251 0.026992 -0.113046 -0.029172 0.086443 0.137348 0.008980 -0.084220 0.018054 0.035403 0.036449 0.112612 0.158323 0.013132 0.047428 0.081298 -0.216760 0.181125 -0.004511 0.135486
0.061659 0.019681 0.042108 -0.100689 -0.108265 -0.154424 0.002956 -0.099304 0.054531 -0.095573 -0.074087 0.020599 0.099042 0.074208 0.067932 0.039328 0.083867 0.102354 0.046686 0.013635 -0.044600 -0.010290 -0.115876 0.011582 0.058382 0.133835 -0.098256 -0.160709 0.044538 0.085466 0.122932 -0.008453 0.071439 -0.147284 -0.087955 -0.081011 -0.034890 -0.005402 0.095119 0.002314 -0.061618 -0.028262 -0.117884 -0.125268 0.015345 -0.103648 -0.000071
0.019996 -0.067032 0.013823 -0.015728 -0.050486 -0.189339 -0.076132 -0.027832 0.084626 -0.174445 0.002031 -0.045474 0.088440 0.082951 0.124908 -0.238593 0.000638 0.202171 -0.059385 -0.006089 0.016351 -0.084957 0.064056 -0.109920 0.003299 -0.262369 -0.187089 -0.017534 0.123387 -0.138203 0.069136 0.003683 0.123695 0.066174 0.043496 -0.033670 -0.058445 0.113431 0.005179 0.169837 0.028161 0.081055 0.116072 -0.064645 -0.073258 -0.430846 0.069198
-0.001232 -0.274139 -0.149160 -0.016790 -0.171671 -0.092505 0.262510 -0.301682 -0.074718 0.158988 -0.030320 0.106857 0.052742 0.140065 -0.074190 0.086647 0.173975 0.055971 0.034918 0.157612 -0.149190 0.067943 -0.271222 -0.337161 0.079501 -0.144517 -0.069887 -0.147641 -0.005848 -0.097549 -0.032410 -0.091380 0.026116 -0.114853 0.212658 0.104261 0.251313 0.128852 -0.176548 0.009080 -0.305857 -0.107541 -0.095741 -0.015303 0.037737 -0.113726 0.127194
0.045423 -0.070834 0.047857 0.177397 -0.206773 -0.019007 0.105447 -0.327856 -0.017455 -0.121895 0.090471 0.056137 -0.103806 -0.091707 -0.004170 -0.189771 -0.080131 0.020517 -0.021832 0.218029 -0.108332 0.076698 -0.167281 0.117372 0.059322 -0.187583 0.066756 -0.005323 0.002781 -0.038790 0.125643 0.102454 0.030764 -0.130615 0.009305 0.072320 0.006842 0.136789 -0.052017 -0.066818 0.032279 0.064196 0.083834 0.016376 -0.018244 -0.170723 -0.029665
0.046120 -0.026817 0.030865 0.121121 -0.317375 -0.013598 0.026394 -0.267224 -0.026626 -0.149450 0.102125 0.037018 0.096506 0.106157 -0.025241 -0.256619 -0.039153 0.206717 -0.039006 -0.007227 -0.111468 -0.159792 -0.067764 -0.016141 0.124893 -0.331189 -0.082578 0.090438 0.079692 -0.236462 -0.054106 0.104114 0.084404 -0.107927 0.152907 -0.005328 -0.043122 0.116591 -0.151338 0.045114 -0.130687 -0.046547 0.071712 -0.065322 0.019947 -0.153212 0.169735
0.015329 -0.047878 0.012934 -0.041761 -0.100402 -0.046710 -0.015306 -0.295344 -0.154865 -0.102234 0.080082 0.075657 -0.018067 0.021202 -0.039843 -0.060303 -0.004590 0.027935 -0.057040 -0.051169 0.030728 0.109214 -0.013038 0.181933 0.014729 0.011193 -0.072885 0.056307 0.035959 -0.005255 -0.039671 -0.025645 -0.071487 -0.020394 -0.069834 -0.019778 -0.021388 0.020543 -0.029587 -0.002366 0.039690 0.070343 0.040986 0.001090 0.020560 0.074154 -0.071710
-0.086310 0.164184 -0.053708 -0.044652 0.126231 -0.140932 -0.044340 -0.012172 -0.131365 0.080035 0.012866 0.061952 -0.049404 -0.066569 -0.172819 -0.223211 0.029112 -0.155812 -0.081391 -0.194207 -0.260710 0.153480 0.027961 0.002201 0.017052 -0.255412 0.079809 -0.153106 0.101172 0.111628 -0.163709 0.022150 -0.171010 -0.072696 0.058251 0.116574 0.134156 -0.107480 0.114841 -0.019864 -0.105580 0.038766 0.030167 -0.024772 0.108070 0.078272 -0.152269
-0.074499 -0.025845 0.165720 -0.038927 0.299177 -0.166197 -0.239313 -0.184119 0.094832 -0.049595 -0.080940 -0.058833 -0.269322 0.112351 -0.031466 -0.170952 -0.133969 -0.115582 0.045069 0.052889 -0.305240 0.087091 0.011775 0.117065 -0.111147 -0.319856 -0.113308 0.074715 0.190734 0.114156 -0.193749 -0.201574 -0.548233 0.163535 0.043548 0.054006 0.107596 0.023279 -0.022862 0.050245 -0.098003 0.064735 0.076669 0.150322 -0.033853 -0.072043 0.122547
-0.005194 -0.181252 0.034016 -0.298048 0.027447 -0.009564 0.077370 -0.230811 0.009433 0.005497 -0.064416 0.002858 0.049037 -0.045105 0.011612 -0.063635 0.021019 -0.000040 -0.171912 -0.243139 0.041611 -0.021736 0.069752 0.020597 0.028105 -0.043667 0.033828 0.055235 -0.056987 0.002054 0.039919 0.092721 0.011869 -0.026926 -0.049451 0.047479 0.073281 -0.045677 0.064814 0.080181 -0.043692 0.004196 -0.171547 0.032189 0.003941 0.097275 -0.122080
-0.223303 -0.076578 0.102530 -0.225624 0.215985 -0.260049 -0.408467 -0.065837 0.016088 -0.061314 0.093850 0.028924 -0.231052 0.216962 0.006496 -0.071973 -0.008051 0.008142 0.012759 0.011697 -0.068209 0.036090 0.036454 0.203355 -0.157924 0.014576 -0.022200 -0.047427 0.188980 0.133058 -0.065604 -0.106564 -0.355231 0.219776 0.073013 0.107714 0.046126 0.160140 -0.044792 -0.010638 -0.045833 0.117018 0.042135 0.182782 0.080413 -0.178316 -0.039250
-0.011230 -0.132432 -0.162631 -0.321591 -0.090311 -0.248431 -0.020913 -0.301660 -0.143630 -0.036543 0.085472 0.019258 0.121154 -0.067141 0.006301 -0.018070 0.024619 0.071534 -0.099008 -0.216143 -0.001941 0.157621 -0.018477 0.157116 0.033505 -0.034381 0.131275 0.067289 0.103023 -0.017457 0.025047 -0.006475 -0.152832 0.012301 -0.160038 0.092702 0.157877 -0.012737 0.086844 0.061385 -0.010774 -0.089376 0.069436 0.040109 -0.059679 0.154440 -0.120132
-0.003807 -0.028558 -0.035219 -0.259818 0.262558 -0.006715 -0.308970 -0.023984 0.070867 -0.088978 0.083303 0.139589 0.076746 0.041710 0.000635 -0.001137 0.019323 -0.014055 0.052453 -0.230841 0.005620 0.030442 0.176221 0.294877 0.048108 -0.202502 -0.032207 0.096091 0.076356 0.002477 -0.158006 -0.101001 0.001414 -0.007968 0.094416 0.263357 -0.121803 0.215100 -0.100703 -0.136676 0.160665 -0.050663 0.080040 -0.060672 0.144406 -0.091305 -0.227188
-0.090810 -0.054099 0.133808 -0.206013 0.066911 -0.262309 -0.110286 -0.221816 0.044582 -0.135775 0.058841 0.020181 0.026373 0.119085 0.138521 -0.041155 0.085106 -0.173393 -0.112254 0.058699 -0.087097 0.125888 -0.187914 0.322587 0.000367 0.027469 -0.163567 0.132115 -0.107324 0.045520 -0.174706 0.012416 -0.448604 -0.172028 0.010940 0.015123 0.099877 -0.030570 0.109237 -0.049721 -0.063861 -0.088192 0.100289 -0.003611 0.016467 0.291748 -0.324754
-0.072430 -0.068566 0.038804 -0.176576 0.038128 -0.098201 -0.110103 -0.118437 0.170017 0.266548 0.092006 0.025513 0.220801 -0.011236 -0.277118 0.124438 0.401122 0.119197 -0.477735 -0.062282 -0.107965 0.078080 -0.338182 0.085346 -0.039121 0.152117 -0.001432 -0.107024 0.192218 0.135951 -0.131495 0.037028 -0.118039 -0.279225 0.056368 -0.164845 -0.118258 -0.214588 -0.003869 -0.182426 -0.197890 0.190971 0.134658 0.118883 -0.002033 0.244815 0.001272
-0.085517 -0.175369 0.126959 -0.209255 0.014586 -0.378805 -0.056894 -0.253508 0.337593 -0.124096 0.090725 -0.187947 0.028942 0.198585 0.176778 -0.027036 -0.002855 -0.013993 0.020826 0.013538 -0.043137 -0.069527 0.103090 0.159348 -0.019226 -0.319628 -0.155057 0.052273 0.204921 0.125404 0.076846 -0.076844 -0.207326 0.199453 -0.027836 -0.039821 -0.074284 -0.008859 -0.049928 -0.132027 0.027189 0.144998 -0.045589 0.099177 -0.110366 0.058686 -0.043780
0.030711 0.085143 0.192365 -0.259533 0.336696 -0.060399 -0.204981 0.078761 0.291245 -0.088158 -0.026106 -0.298923 -0.105145 -0.059493 -0.051392 0.055985 -0.097095 -0.062155 0.007846 -0.258334 -0.184383 0.085134 -0.028390 0.091637 0.028889 -0.362248 0.033769 0.039123 0.163254 0.123467 -0.039758 -0.227212 0.003372 0.061802 -0.080810 0.234910 0.021408 0.029089 -0.007598 0.009448 -0.008898 -0.002612 -0.161167 -0.055054 0.055367 -0.405291 0.023869
-0.015238 -0.094495 0.025375 -0.150417 0.121968 -0.063905 0.088022 -0.036159 0.109241 0.024943 0.039972 -0.102606 0.044589 0.004934 0.061035 -0.171551 -0.071091 -0.021521 -0.104019 -0.273294 0.090262 0.010591 0.065374 0.037904 -0.004235 -0.025685 0.053220 -0.016744 -0.074570 -0.018681 -0.040665 -0.041808 -0.019577 -0.164582 -0.069844 -0.044445 0.021165 -0.011851 -0.068434 0.022962 0.010723 0.048721 -0.092216 -0.024726 -0.025543 0.054298 -0.017294
-0.006841 -0.037183 0.143063 -0.449279 0.064438 -0.098918 0.015611 -0.233000 0.158021 0.007457 0.107452 -0.021067 0.128786 -0.014349 0.134473 -0.088268 -0.002253 -0.014783 -0.026912 -0.177873 -0.081151 0.037925 -0.010552 0.109496 -0.012649 -0.158941 -0.029145 0.018806 -0.064565 -0.043709 0.009478 -0.006715 -0.082354 0.097322 -0.068311 -0.077266 0.031450 -0.118156 0.183325 -0.009691 -0.077082 0.000278 -0.125783 0.034853 -0.061192 -0.008195 -0.156338
0.052941 0.022850 0.246394 -0.046202 0.159720 -0.017611 -0.239325 0.033818 0.019040 -0.074096 0.036818 -0.097142 -0.032915 0.033743 -0.121335 -0.040694 0.051181 -0.164797 -0.111069 -0.066689 -0.265992 0.042136 -0.020014 0.165551 -0.003682 -0.145952 -0.101988 -0.053629 0.137030 0.133780 -0.173610 -0.248902 0.004793 0.043565 0.050818 -0.089581 0.057601 0.064158 0.144620 -0.186283 -0.104877 -0.031755 0.130300 -0.077775 0.105923 -0.214388 0.050304
-0.020623 -0.162523 0.061774 -0.038314 -0.024226 -0.046504 -0.126553 -0.062604 0.111759 -0.030207 0.036786 -0.023906 0.058628 0.080589 0.117232 -0.131005 0.040189 0.018113 -0.209547 -0.146482 -0.138150 0.060221 -0.083110 0.054945 0.022690 0.007740 0.146132 -0.048581 0.043001 0.000725 0.006192 -0.015017 0.050630 -0.099700 0.071409 -0.114988 -0.015510 0.111208 0.068795 -0.030662 0.013174 0.015853 0.021275 0.080055 0.054352 0.080561 -0.104345
0.025896 -0.035945 0.018102 -0.171969 0.009620 0.071075 0.070696 -0.071048 -0.016857 -0.023943 0.053782 0.117730 0.063425 0.053536 0.032343 -0.027379 -0.056890 -0.062993 -0.050518 -0.111273 -0.067313 0.037747 -0.063038 -0.025559 0.027386 -0.140775 0.056574 -0.014117 -0.123651 -0.044662 0.055474 0.087548 -0.009530 -0.081545 -0.069385 -0.022237 0.016731 -0.030324 0.050782 0.002788 -0.020470 -0.019048 0.033177 -0.005219 -0.003440 -0.064270 -0.112571
0.008666 -0.090109 0.078686 -0.251736 -0.134044 0.034237 0.083896 -0.067254 0.033825 -0.075506 0.043396 0.054855 -0.073602 0.190020 0.058052 -0.030167 -0.010250 -0.000414 -0.034042 -0.017198 -0.117561 -0.002366 0.175592 0.009013 0.001402 -0.005080 0.008579 -0.065141 -0.083239 -0.060864 0.037452 -0.050003 0.164345 -0.002875 -0.140939 -0.003453 -0.059104 -0.045184 0.176293 -0.200438 -0.129736 0.061569 0.194848 0.055784 0.045530 -0.028745 0.065882
0.039279 0.041794 0.063866 0.146305 0.028272 0.109011 -0.059002 -0.014544 -0.056366 -0.034806 0.068510 0.085115 -0.041070 0.016073 0.093887 -0.140626 -0.104405 0.105094 -0.031394 0.011376 0.139274 -0.025109 0.123798 -0.166108 -0.021067 -0.050288 0.129268 0.000719 -0.145524 0.013031 -0.064408 -0.084803 0.193406 0.021100 -0.001260 0.047084 -0.078253 0.087684 -0.012783 0.060015 0.025619 -0.026100 0.126329 -0.005923 -0.183636 -0.047815 0.059074
0.070683 -0.028614 0.059330 -0.061687 0.068882 -0.031427 0.222041 -0.131269 0.094670 -0.084256 -0.022673 0.139745 -0.042172 0.043200 0.172168 -0.209026 0.017704 0.076048 0.050448 -0.071420 0.029383 -0.074449 0.072949 -0.092964 0.008680 -0.127662 0.195195 0.097776 -0.151517 -0.180359 -0.086749 0.037432 0.167229 -0.054830 -0.143688 0.045673 0.054691 0.020157 0.017865 -0.036333 -0.074576 -0.138890 0.103173 -0.036812 0.165122 -0.047992 -0.058116
0.013927 0.015101 -0.044765 -0.275541 0.019294 0.043050 0.011140 0.009618 -0.003395 -0.069099 -0.164591 0.196130 0.185943 0.238825 0.020228 -0.022824 -0.019043 -0.094357 0.018566 -0.068916 -0.069560 0.011378 0.168237 -0.149865 0.076389 -0.000486 -0.019265 -0.013905 -0.054219 -0.061611 0.035515 0.026234 0.100028 -0.033927 -0.018584 -0.058300 -0.139771 0.108606 -0.039375 -0.031509 0.068675 -0.095699 -0.041323 -0.105628 -0.044758 0.030802 -0.121661
0.014266 -0.021400 0.099843 -0.159155 0.039516 0.003896 0.077889 -0.044438 -0.098287 -0.020622 -0.036052 0.055680 -0.118149 0.090514 -0.029577 -0.063129 -0.104921 0.040527 0.059842 0.110621 -0.022150 -0.035418 -0.055189 -0.259472 -0.000157 0.099540 0.149644 -0.025476 -0.133679 -0.018794 0.011849 -0.075408 0.043091 0.074257 0.057677 0.053873 -0.259155 0.080663 0.109079 -0.038738 -0.051368 0.162180 0.086010 0.188085 -0.024184 -0.302247 -0.115730
0.054254 -0.018970 -0.072215 -0.267658 -0.091104 0.009955 0.124438 0.012925 0.054780 -0.098929 -0.005426 0.160349 0.174331 0.192399 0.101072 -0.154858 0.020019 -0.240861 0.120964 0.010122 -0.298595 -0.020101 0.248095 0.120140 0.007837 0.168358 -0.067019 -0.132900 -0.055578 -0.104723 0.112986 0.013986 0.219887 -0.028184 -0.109653 0.003774 -0.124323 0.093193 0.062303 -0.164276 -0.016144 -0.028245 -0.017213 -0.144937 -0.025978 -0.108304 -0.000554
0.056478 -0.042036 -0.072726 0.082237 -0.091594 0.041664 -0.068432 -0.157693 -0.062665 -0.088385 0.047468 0.083330 0.005603 -0.042222 -0.110719 0.144128 0.086098 0.001277 -0.026456 0.043556 -0.054483 0.125380 0.176014 -0.050057 -0.001494 -0.146454 -0.038777 0.093170 -0.100428 -0.076934 -0.046920 0.025216 0.022473 -0.030293 0.076280 -0.000878 -0.081447 0.103600 -0.030628 0.078436 -0.166521 -0.080087 0.164818 0.039581 0.064313 -0.155799 0.037970
-0.043593 -0.106007 0.059132 -0.123909 0.095445 -0.064035 -0.108550 -0.140931 0.091088 -0.184486 -0.131801 0.220679 0.011991 0.125444 0.003826 -0.149914 0.014421 -0.019339 -0.001271 0.057460 -0.102805 0.088141 0.044076 0.119877 -0.021707 -0.047319 0.187901 -0.044088 0.025590 0.090558 -0.079302 -0.145639 -0.116060 0.100932 -0.101791 -0.004813 -0.186671 0.152281 0.022894 0.049452 -0.008392 -0.069780 0.029133 0.122044 0.154781 -0.034697 -0.017472
0.112959 -0.040315 0.040914 0.187126 0.106005 0.080667 0.113032 -0.076738 -0.065636 0.054171 -0.079215 0.142088 -0.095743 -0.049210 0.165719 -0.068659 -0.122867 0.003407 -0.040657 -0.177103 0.044738 0.115960 -0.146550 0.035613 -0.064809 -0.235259 0.001007 0.003688 -0.022322 -0.036718 -0.059171 -0.062965 0.072719 0.001380 0.250358 -0.020711 -0.093620 -0.013557 0.139550 -0.052769 -0.045393 -0.048584 -0.069727 -0.043245 0.033893 0.001660 -0.115651
0.031618 -0.081795 -0.035858 -0.076511 0.057691 -0.054029 0.081571 -0.202130 0.044713 0.037461 0.038955 0.041721 0.040834 -0.065914 0.007433 0.013217 0.020840 -0.087216 0.130388 0.056928 -0.078362 -0.027203 0.112095 0.130748 0.051156 0.058863 0.064517 -0.121650 0.013770 -0.236144 -0.039195 -0.034985 0.174669 -0.200299 -0.010669 -0.030582 0.075760 -0.000569 -0.054064 -0.025109 -0.159661 0.233531 0.062883 -0.043693 -0.067766 -0.011181 -0.011947
0.133107 -0.095487 -0.014276 -0.015617 -0.083685 0.059548 -0.035354 -0.022732 0.170553 -0.119431 0.129506 0.097935 -0.006258 -0.024013 0.081644 -0.062377 -0.054228 -0.060862 0.010913 -0.089318 0.236672 0.018648 0.040846 0.084065 -0.052219 -0.201755 0.063128 0.119501 -0.066100 0.120388 -0.066153 -0.163036 0.224236 -0.022452 -0.119523 -0.015257 0.192656 0.072634 -0.081730 -0.019339 -0.288697 -0.073013 0.111193 0.037960 0.157637 -0.108442 -0.022820
0.013659 -0.009417 0.024302 -0.040353 0.025659 -0.037431 0.102113 -0.157256 -0.013793 -0.019756 0.019120 0.097867 -0.015041 0.055292 -0.026112 -0.037299 -0.057159 0.019335 0.017015 -0.213616 0.085798 -0.036532 -0.149098 -0.007843 -0.001888 -0.127878 -0.078460 0.084146 -0.060755 -0.001767 0.096255 -0.105749 0.127629 -0.075968 0.053554 0.037205 0.034595 0.025257 -0.037364 0.086681 -0.173257 -0.012920 0.026357 0.061774 -0.100605 0.013904 -0.045661
0.205823 0.060393 -0.015758 -0.301533 -0.018258 -0.025791 0.061784 -0.000923 -0.020731 0.011387 0.063509 0.049548 0.061806 0.223679 -0.117633 0.008970 0.088246 -0.155312 -0.009859 0.003156 -0.028313 0.051889 0.228004 0.202091 -0.107012 0.033672 0.065478 0.021737 -0.252344 0.086640 -0.040137 -0.018753 0.186407 -0.109965 -0.174796 -0.186027 -0.062474 0.267960 -0.122635 -0.060841 -0.434719 -0.192189 -0.025996 -0.008005 -0.077564 -0.050280 -0.128669
-0.064912 -0.119612 0.085003 -0.018088 0.202794 0.085638 0.037662 -0.106055 0.012178 -0.237272 0.205086 0.069316 0.049048 0.007683 -0.335650 0.177333 0.004169 -0.026824 -0.028867 -0.058701 0.069304 0.009159 0.100039 -0.065566 0.073534 -0.141420 0.073646 0.142046 -0.375195 -0.088674 0.071602 0.052333 0.062734 0.041173 -0.133537 0.057734 -0.080305 -0.045432 -0.309321 0.023972 -0.189497 0.031465 0.220590 0.007816 -0.232605 -0.053198 -0.093289
-0.046187 0.055030 -0.032572 -0.055712 0.182288 0.112026 0.008351 -0.278702 -0.090664 -0.058328 0.118956 0.048574 -0.046398 -0.020590 -0.065560 0.030413 0.038194 -0.086408 0.051697 -0.135990 0.096051 -0.067554 0.068875 -0.143601 -0.089371 -0.119618 0.132481 0.016610 -0.092714 -0.096546 0.122897 0.054172 0.245797 0.015812 0.309335 0.102985 -0.109408 -0.083960 -0.043336 0.074609 0.051762 0.114236 0.089219 0.148551 0.000122 -0.024231 -0.098863
-0.003394 0.030308 -0.082857 0.017439 -0.045061 -0.108454 -0.026481 -0.061378 -0.011719 -0.128282 -0.118062 0.123706 0.367009 0.173241 -0.030603 0.059641 0.086802 -0.072315 0.057944 0.063363 -0.001572 -0.037124 0.119926 0.018745 -0.052065 0.090418 -0.030270 0.022997 -0.150918 0.160371 0.060854 0.074335 0.180673 -0.003761 -0.136069 0.046180 0.064090 0.001901 -0.027494 0.078237 0.018304 -0.118048 -0.035390 -0.009999 -0.115255 0.094082 -0.115660
0.067549 0.034837 0.020327 -0.077212 -0.097606 -0.125902 -0.318433 0.072824 -0.066802 0.203827 -0.007425 -0.175420 -0.165693 0.236215 -0.049777 -0.098545 -0.159023 0.052821 -0.016124 -0.031002 -0.041006 0.061909 0.058643 0.069162 0.087723 -0.017218 0.036439 -0.083721 -0.006267 -0.149378 -0.059399 0.107875 -0.201436 -0.185463 0.096265 0.101560 -0.237349 0.038352 -0.029463 0.113971 -0.039073 0.030249 -0.085598 0.105631 -0.054651 -0.147970 0.117903
0.050409 0.004605 -0.296349 0.407360 -0.143109 0.108704 0.168188 -0.011225 0.409060 -0.016888 -0.343635 0.245136 -0.051093 -0.028629 -0.530660 -0.225886 0.069437 0.105684 -0.089935 0.049700 0.142809 0.068023 -0.163497 -0.253668 -0.040213 0.079191 -0.375652 -0.116859 -0.065049 0.097618 -0.009003 0.104358 -0.161336 0.096672 0.340076 0.161806 -0.272500 0.051614 -0.307047 -0.035325 -0.411435 0.118858 0.204350 -0.222271 -0.013485 0.000790 -0.316011
0.225208 0.015282 -0.409129 0.267401 -0.169249 0.116278 0.156507 -0.038313 -0.313449 -0.015615 -0.078954 0.114423 -0.215195 0.058188 -0.212151 -0.074089 0.191464 0.062589 -0.039507 0.047668 0.204660 0.035632 -0.205987 0.177474 0.150837 0.024869 -0.077802 -0.342531 0.062501 -0.124395 -0.065647 0.192592 0.184043 -0.055428 0.047270 0.041432 -0.202387 0.148986 -0.144484 0.032913 0.002868 -0.325020 -0.026127 -0.055863 -0.021597 -0.323074 0.012813
-0.284521 0.114502 -0.116960 -0.231502 0.057904 -0.297164 -0.139002 0.155241 -0.083350 0.196440 -0.288715 -0.419226 -0.234294 -0.743481 -0.242032 -0.058546 0.086279 -0.271967 0.052168 0.063516 0.115374 0.227435 -0.018093 -0.229662 -0.135237 0.157377 -0.125309 -0.025049 -0.149219 -0.032899 0.277379 0.310674 -0.368177 0.040418 0.355241 0.190678 -0.336285 -0.329122 0.112537 -0.078828 -0.086964 -0.069524 -0.128701 -0.174750 -0.085551 -0.081952 -0.046402
0.182903 0.065852 -0.429816 0.082136 -0.046823 0.243463 0.193157 0.080739 -0.094127 0.119984 -0.056353 0.032482 -0.258249 0.240014 -0.100168 0.004136 0.239744 0.036815 -0.048804 0.109648 0.068687 -0.021586 -0.020050 0.126164 0.094403 0.124816 -0.278595 -0.270374 0.046896 -0.062072 -0.137846 0.081628 -0.106187 -0.279151 0.217074 0.125305 -0.262731 0.207394 -0.424921 -0.365640 -0.083108 -0.249356 -0.265736 -0.118256 -0.169483 -0.590144 0.119387
0.270701 0.026437 -0.180291 -0.282041 -0.139121 -0.043538 -0.367842 -0.011764 -0.062834 0.127702 -0.024461 -0.435074 0.158518 0.126285 -0.678821 -0.263434 -0.038331 0.015744 0.010380 0.061587 -0.191811 0.060733 -0.078040 0.065762 0.093210 0.346645 0.171668 -0.060712 -0.127882 -0.077828 -0.179328 0.229987 0.017542 -0.255226 0.182804 0.069786 -0.363179 -0.115446 0.010612 0.118105 0.077470 0.091098 -0.073629 -0.032350 -0.090520 0.022709 -0.035839
-0.089243 0.173412 0.022198 -0.035896 0.040551 -0.259348 -0.067264 0.072286 -0.058034 0.129274 -0.268330 0.167213 0.077620 0.216807 0.249717 0.052660 0.072518 -0.055679 0.023901 -0.054633 0.046800 0.003033 0.064582 0.106357 -0.036246 0.167452 -0.293304 0.062679 0.029016 0.067035 -0.117041 -0.066252 -0.124585 -0.162971 0.130706 0.057149 -0.315592 0.101289 -0.013680 -0.068249 -0.004053 0.086200 -0.280708 -0.208699 -0.037491 -0.309679 -0.183887
-0.004106 0.091547 -0.050890 -0.115714 -0.091338 0.124447 -0.067782 -0.066940 -0.070611 0.129503 -0.117950 0.000814 -0.173917 0.293994 -0.122324 -0.099920 -0.148565 -0.072602 0.002830 -0.023413 -0.006881 0.015325 0.098312 0.160963 0.117103 0.181451 -0.170473 -0.028423 -0.052180 -0.091049 -0.137705 -0.111719 0.043797 -0.093476 -0.001431 0.162399 -0.126413 0.092899 0.061989 -0.234483 0.087923 0.069238 -0.293709 -0.110616 -0.165603 -0.230879 0.022851
-0.013443 0.199958 0.110443 0.059026 -0.464556 0.160716 0.196104 0.160645 -0.030648 -0.393011 -0.312766 0.301422 -0.054668 0.125360 0.157222 0.058754 -0.160999 -0.363179 -0.150711 0.169862 -0.051998 -0.015511 0.184638 -0.046588 -0.083370 0.012261 -0.245431 -0.055342 -0.025307 -0.092039 -0.237170 -0.173094 0.025035 0.165660 0.229392 0.070464 -0.076907 -0.004791 -0.222949 -0.008113 -0.181402 -0.302763 0.022225 -0.032199 0.189918 0.099624 0.254043
0.063759 0.101854 0.018633 -0.182281 -0.092213 0.025580 -0.017755 0.058270 -0.084382 -0.155141 -0.031717 -0.068970 -0.123348 0.142301 0.083362 -0.001161 0.121901 0.012848 0.051464 -0.128064 0.138836 0.038218 -0.140718 0.066482 0.002715 0.133755 -0.001327 -0.085499 0.027594 -0.128239 -0.123433 0.003534 0.132263 -0.019633 -0.003736 -0.002809 -0.260971 -0.004115 0.140460 0.050786 0.055502 0.037237 -0.054859 0.035251 0.033767 -0.044194 -0.053852
0.077733 0.026063 0.169551 -0.029685 -0.021365 -0.185717 -0.072469 -0.010637 -0.062198 0.021478 -0.001657 0.059655 -0.036859 0.035789 0.102617 0.007776 -0.130189 -0.044940 -0.002696 -0.108419 -0.139022 -0.012099 0.166237 -0.030837 0.033764 0.274682 -0.101866 -0.004614 0.041199 -0.085654 -0.227429 -0.034277 0.076462 0.045277 0.088865 -0.111120 -0.179377 0.026818 -0.104636 0.202614 -0.053238 0.003491 -0.143855 -0.051510 -0.008880 -0.113944 0.006843
-0.050919 0.075810 0.072023 -0.057226 -0.131823 0.060382 -0.064359 0.001971 0.097573 -0.081957 -0.343664 0.075148 -0.043011 -0.043430 -0.047812 -0.083670 0.042197 -0.086452 0.050066 0.016480 0.116879 0.074588 -0.194651 -0.249450 -0.102567 0.054200 -0.003832 0.102463 -0.144207 0.022777 0.115947 0.014072 -0.262287 0.040387 0.129540 0.056269 -0.155770 -0.114649 -0.088389 0.110183 -0.066987 0.023655 0.098042 -0.140796 0.272162 0.127127 -0.096296
0.045176 0.040955 0.127590 -0.322509 -0.119846 -0.072312 -0.123087 -0.006157 -0.097226 0.105443 -0.178002 -0.221005 0.103372 0.074351 -0.089671 -0.007086 -0.068078 0.025743 -0.033663 -0.250056 -0.014739 0.047098 0.093775 0.112094 0.118431 0.097215 0.139349 -0.034044 -0.207956 -0.071434 0.002862 0.067467 0.055569 -0.224235 0.101832 0.010229 -0.231462 -0.128385 0.094610 0.092180 -0.083045 0.099615 -0.192148 0.027373 -0.062782 0.005365 -0.128982
0.023969 0.045803 -0.015664 0.190427 -0.183514 -0.084506 0.006173 0.021719 0.296887 0.027268 -0.197458 0.175456 0.034489 -0.014339 -0.230643 -0.226259 0.007014 -0.001432 0.015851 0.049502 0.034867 -0.082031 -0.036710 -0.081860 -0.021600 0.264139 -0.051953 -0.004972 0.010968 0.033527 -0.070467 0.083747 -0.219649 -0.107496 0.034987 -0.043833 -0.161163 0.149181 -0.063093 0.130680 -0.044894 -0.102027 -0.027619 -0.226049 -0.107697 0.072348 0.040508
-0.033886 0.049724 -0.335318 0.151468 0.108692 0.462275 0.221539 0.059484 0.041318 -0.101043 -0.259141 0.117961 -0.227910 0.145875 0.262729 -0.051042 -0.102903 -0.215189 -0.003023 0.482087 0.240244 0.053002 -0.264817 -0.250013 -0.054645 -0.379166 -0.185292 -0.278486 -0.291474 0.048729 0.115261 -0.162465 -0.051550 0.342471 0.222175 -0.011335 -0.410845 -0.032750 -0.556406 -0.210080 -0.114930 -0.226191 0.052247 -0.479902 -0.159890 -0.085512 0.057268
0.063454 -0.011058 0.037822 -0.070816 0.059505 0.042172 0.035857 0.071540 0.079478 0.034782 -0.478356 -0.009328 -0.029781 -0.012417 -0.139356 0.070355 0.024331 -0.130004 0.041843 -0.007929 0.158131 0.070530 0.006337 -0.029278 -0.036188 0.100652 0.085378 0.139475 -0.021172 -0.037621 -0.072914 -0.016224 -0.047516 0.077946 0.070862 0.052653 -0.212339 -0.033098 -0.066790 0.009518 -0.055088 -0.016317 -0.090156 -0.340586 -0.035196 0.002962 -0.039708
0.060371 0.107814 -0.083434 0.051497 -0.104836 -0.064434 0.056498 -0.036845 -0.025932 -0.067212 0.003362 0.038857 -0.082137 0.260945 0.061968 -0.114974 -0.063297 0.016519 -0.106365 0.103665 -0.163054 0.012690 -0.155022 0.003886 0.006810 -0.003192 0.010336 -0.237754 0.138217 -0.161186 -0.129468 0.010098 0.048061 -0.035026 0.098151 -0.082230 -0.109186 0.121180 0.114025 0.002193 0.012450 -0.015330 0.074180 0.013409 0.038778 0.038949 -0.070249
-0.061249 0.102326 -0.298569 0.034626 -0.169689 0.055978 0.104348 0.066309 0.090609 -0.041701 -0.197056 0.089869 0.324386 0.170411 -0.112211 -0.178122 0.100521 -0.018008 -0.061929 -0.130956 -0.048012 0.091676 -0.195631 0.014680 0.015831 -0.010317 -0.055412 0.057571 -0.040156 -0.018026 0.087656 0.032665 0.035939 -0.010722 0.019179 0.037011 0.100102 -0.110053 0.071657 0.081253 0.096331 -0.047445 0.062859 -0.060673 0.078961 -0.002514 -0.014578
-0.047112 0.109937 -0.068901 -0.045514 -0.222771 -0.041869 -0.035011 -0.165854 -0.130774 -0.075021 -0.198304 0.127749 0.059436 0.113619 0.059554 0.084668 -0.020913 -0.181892 0.022431 -0.061194 0.109737 -0.049488 0.196960 -0.120179 0.017551 -0.176024 -0.088506 -0.010731 0.047520 -0.037645 0.033248 0.012464 -0.225173 0.123502 0.092688 0.017005 -0.003339 0.041057 0.049355 0.090246 0.025752 -0.040210 -0.072673 -0.156269 0.036250 0.074482 0.151649
0.014235 0.046313 -0.126000 0.011182 0.054905 0.005413 0.115621 0.008733 -0.031183 0.110638 -0.122134 0.059178 -0.008965 0.069380 -0.106617 -0.256122 0.030055 0.058499 -0.118841 0.039870 -0.066559 0.004328 -0.046028 0.052495 0.004907 0.116360 -0.003910 -0.148846 -0.035691 -0.081120 -0.024326 0.006447 0.065464 0.051868 0.082763 -0.008908 -0.069875 0.053418 0.120252 0.023441 -0.079755 0.027879 -0.134857 -0.018296 0.091385 -0.143628 -0.014150
-0.045574 0.000213 -0.169038 0.063317 -0.053367 0.059697 0.063411 -0.008794 0.041794 -0.146049 -0.272077 0.116489 0.168131 0.067327 0.088934 -0.060451 0.108512 -0.121347 0.021311 -0.019796 -0.079603 -0.091580 -0.183502 0.069721 0.005295 -0.340264 -0.112596 -0.011266 -0.027598 0.000247 -0.060352 0.049165 -0.291365 0.049328 0.104018 0.003518 -0.047629 0.060806 -0.040756 0.167036 0.018788 0.026197 -0.014954 0.023818 0.055673 0.085287 -0.034984
-0.048088 0.087559 -0.169633 0.041704 -0.048645 0.050498 0.105341 -0.011731 0.055237 0.042709 -0.051867 0.034834 0.102700 0.075451 -0.002944 -0.068135 0.020356 -0.085541 -0.089573 0.068433 -0.013129 -0.000669 -0.139791 0.208008 -0.014135 0.141259 0.042393 -0.177464 0.143992 -0.133108 -0.048214 -0.061441 0.035108 -0.163875 0.126497 -0.057277 -0.014501 0.048693 0.073977 -0.117949 -0.109431 0.048993 -0.085123 -0.065406 0.070173 0.114539 -0.071364
-0.067437 -0.106522 0.026833 0.000670 -0.045363 -0.072144 0.039648 -0.169835 -0.000663 -0.048754 0.020692 0.126533 0.232481 0.065158 0.038687 -0.187635 -0.050838 0.056270 -0.019578 -0.143209 -0.014265 0.012407 -0.212975 0.057009 -0.066123 0.104570 0.033978 -0.029381 0.002102 0.041994 -0.034053 -0.034913 0.016751 -0.166233 0.075508 -0.074031 -0.010823 0.028530 0.226942 -0.070418 -0.255158 0.004740 0.020057 0.008583 0.049799 0.054315 -0.011377
-0.039666 0.039080 -0.055548 0.055178 -0.062250 -0.058858 0.052346 -0.205844 -0.064307 -0.077305 -0.018084 0.083925 0.084653 0.015755 -0.023271 -0.141296 0.091933 -0.014133 -0.036085 0.025153 -0.049899 -0.086138 0.190253 0.086024 -0.045791 -0.028474 -0.042671 0.009456 -0.041300 0.131567 0.026218 -0.087186 -0.512786 0.031772 -0.009302 -0.044271 0.076562 0.051576 0.006696 0.018652 0.046706 0.045963 -0.025954 0.137696 -0.054580 -0.013572 0.093353
-0.197673 -0.006962 -0.121038 0.007033 -0.126614 -0.024187 0.124709 0.003501 0.026019 -0.061132 -0.128986 0.055664 0.018667 -0.089860 0.087201 -0.073746 0.047276 0.035005 -0.022050 -0.038194 0.087866 0.090707 0.011746 0.072670 0.054652 -0.088962 0.069515 0.035121 -0.038050 0.075682 0.080303 0.049657 0.034043 0.065640 -0.025739 0.045963 0.033382 -0.075477 0.087885 -0.128977 -0.000788 0.014224 0.035655 0.037258 0.083430 0.108881 -0.057018
-0.057440 0.132871 -0.052528 -0.109756 -0.017382 -0.042744 -0.233750 -0.137922 -0.261968 -0.029566 0.092129 0.084988 0.091505 -0.022700 -0.016697 -0.248316 0.139493 0.011735 0.140365 -0.144214 0.117785 0.007359 -0.007125 -0.071354 -0.088006 -0.197960 0.016340 0.103934 -0.058787 -0.165723 0.038627 0.014286 0.001487 -0.042706 0.068849 0.080046 0.022478 0.147652 -0.043588 0.004566 -0.062850 0.060954 0.132288 0.100884 0.065530 -0.153652 0.003209
-0.188300 0.054847 -0.066770 -0.156479 0.010955 -0.286216 -0.119029 -0.083822 -0.285884 0.012423 -0.108298 -0.230454 0.327609 -0.066455 0.155989 -0.085565 0.240383 -0.148478 -0.103924 -0.255020 0.066649 0.063893 0.223748 0.045941 -0.218250 0.254167 -0.125327 0.396159 -0.241640 -0.263154 0.108416 0.068556 -0.115038 0.093947 -0.101675 0.289635 0.106397 0.029944 0.235421 0.169554 0.081344 0.141369 -0.204370 -0.177609 0.100811 0.377871 -0.035313
-0.028279 -0.142471 -0.038860 -0.076835 -0.137563 -0.033019 -0.031379 -0.011601 -0.007958 0.024790 -0.060609 0.075852 0.065596 0.019181 -0.162459 -0.145652 0.135117 0.084134 -0.185672 -0.121997 -0.201022 0.044253 0.128678 0.098484 -0.025250 0.158548 0.047946 -0.058122 -0.182209 -0.075988 0.000896 0.070864 0.074549 0.112290 0.147077 -0.069018 0.062592 -0.054309 0.145968 0.014877 -0.020133 -0.017427 -0.003361 0.049811 0.051693 -0.034007 -0.062568
-0.017197 -0.184136 0.013421 -0.128340 -0.022935 -0.100494 -0.098287 -0.119695 -0.209230 0.078120 -0.140505 -0.175702 0.087106 0.039527 -0.220143 -0.143614 -0.015585 -0.034263 -0.117558 -0.203447 0.024332 0.066549 0.088357 0.178557 0.042593 0.379116 0.108555 -0.046394 0.159717 -0.176713 0.031536 0.051966 -0.031306 -0.024784 -0.047374 -0.060836 0.036046 -0.063389 0.119443 0.020470 -0.041675 -0.131197 0.013926 0.003555 0.056478 -0.031756 -0.087476
-0.489768 0.065222 -0.224829 0.019251 -0.041234 -0.216155 0.101058 0.031326 -0.003906 -0.307997 -0.198207 -0.141509 0.422122 -0.351656 -0.074407 -0.096994 0.248186 -0.050589 -0.152654 -0.184234 0.094733 -0.076619 0.176463 -0.202201 -0.372078 -0.093858 -0.213589 -0.082759 0.269991 -0.117141 0.116729 0.285702 -0.028040 0.313355 0.167215 0.202521 -0.130524 -0.011766 -0.263912 -0.173661 -0.075107 0.030508 -0.104522 -0.049690 0.101462 0.052323 0.142561
-0.021519 0.007877 -0.347841 -0.079864 -0.051658 0.196985 0.023959 0.097960 -0.066910 -0.083097 -0.140327 -0.098500 -0.079377 0.006177 0.034838 -0.015565 0.122760 0.040381 -0.077396 0.016366 0.004052 0.002373 0.068993 -0.070719 -0.011680 -0.175627 -0.066898 -0.006319 -0.080160 0.135773 0.038636 0.050241 0.010943 0.156766 0.082852 0.060812 -0.049673 -0.127384 -0.096022 0.106134 0.053966 -0.065318 -0.018483 0.067099 -0.048990 0.019212 -0.068988
-0.017653 -0.038525 -0.041593 -0.016217 0.077099 0.021420 -0.085581 -0.110530 0.018722 0.158042 -0.058831 -0.059533 -0.035037 0.024831 -0.104332 -0.080512 -0.019562 0.032462 -0.166194 -0.141293 -0.121151 0.043789 0.049773 0.110172 -0.008515 0.188857 0.039245 -0.035958 -0.146414 -0.172763 -0.022963 0.022994 0.021586 -0.105679 0.061051 -0.010683 0.051827 -0.005026 0.012717 -0.015056 -0.106026 -0.093140 -0.039561 -0.007265 0.044477 -0.052671 -0.013881
0.047647 -0.038122 -0.283737 -0.406771 0.062527 0.075896 0.051408 0.013930 -0.091299 0.046274 -0.073869 0.184547 0.169408 0.048879 0.012711 0.004549 0.047934 0.020847 -0.200229 -0.138069 -0.056997 0.060422 0.082877 -0.145222 0.058786 0.002010 0.026884 0.003207 -0.169576 -0.024479 0.075349 0.161179 0.390802 -0.107470 -0.177589 -0.367332 -0.071502 -0.034456 -0.207061 0.201578 -0.062590 -0.052263 -0.059926 0.006587 0.034271 0.081262 -0.263994
0.136323 0.106155 0.137066 0.043793 0.184539 0.068673 0.307354 0.027956 -0.198928 0.110278 0.073722 -0.201679 0.048640 -0.237352 -0.000942 -0.113499 0.098278 -0.087330 0.051628 0.023090 -0.094143 -0.165747 0.103997 0.067864 0.006652 0.163291 0.191627 0.141004 -0.221156 -0.090602 0.074292 -0.372192 -0.074042 -0.460418 0.063019 0.048453 0.048524 -0.494206 -0.504901 -0.025205 -0.160537 0.022150 0.036324 -0.139573 0.014733 -0.317078 0.120186
-0.069640 -0.337988 0.307786 0.000735 0.040514 -0.136901 0.073229 0.117432 0.031800 -0.103403 0.119463 0.196774 -0.076218 0.174258 -0.043900 0.063977 0.004222 0.025601 -0.029665 0.238523 -0.029066 -0.176684 -0.137356 -0.295270 0.017699 0.079771 0.039568 0.087369 -0.130871 0.184728 -0.063995 0.021310 0.414711 -0.212078 -0.113517 0.183401 -0.247763 0.108852 -0.159232 0.095474 -0.041884 -0.112940 -0.155852 0.067046 0.068484 -0.048146 -0.021459
0.089410 0.100730 0.188792 -0.244360 -0.000103 0.006183 0.080125 0.146041 -0.068884 0.058714 0.024732 -0.271098 0.035641 -0.058986 0.024065 0.039278 0.080439 0.008326 0.025257 -0.339334 -0.203253 -0.004573 0.027145 0.172377 0.036965 -0.026642 0.052081 0.069135 0.212876 -0.360465 -0.033878 -0.393450 -0.375882 -0.405607 -0.139944 -0.218060 0.018505 -0.088042 -0.182389 -0.064363 -0.015578 0.096681 -0.031172 -0.050674 0.104093 -0.005858 -0.082714
0.088955 -0.011607 -0.026648 0.309734 0.310307 -0.061287 0.035835 -0.031090 -0.010462 -0.026657 -0.114331 -0.087947 0.313502 -0.115111 -0.063091 -0.072532 0.028321 -0.007127 0.014927 0.134189 -0.125463 -0.000719 -0.067679 -0.112224 0.079124 0.041614 0.096378 0.054390 -0.134047 -0.022473 0.018247 -0.039390 -0.413850 -0.135523 -0.362563 0.003308 0.144826 -0.184670 0.103062 -0.040636 -0.101297 -0.124653 -0.061775 0.006098 0.031380 -0.135581 0.055317
-0.072772 0.091098 0.078302 -0.042017 0.105271 0.123867 -0.031744 0.111494 -0.094604 -0.093211 0.047909 0.124631 0.013057 -0.042133 0.180532 -0.026187 -0.051178 0.127631 0.026090 -0.256856 -0.004548 0.036890 -0.171071 0.040065 0.068512 0.005289 0.038413 0.086805 -0.125755 0.035835 -0.033917 0.003801 -0.405984 0.054008 -0.075715 -0.088773 -0.085288 0.035785 0.064321 -0.107449 0.005027 -0.011314 -0.007243 -0.026882 -0.261008 0.055433 -0.129694
0.038272 -0.032677 0.072465 -0.159648 -0.062838 -0.042474 -0.042886 -0.011758 -0.113003 0.027421 0.065077 -0.024528 0.090814 0.051120 0.073551 -0.084074 -0.008629 -0.004247 -0.073492 0.116920 -0.105182 0.101521 0.062448 -0.053167 0.061920 0.031784 0.165289 0.042159 0.052697 -0.069422 -0.001461 -0.117501 0.072815 -0.253413 -0.224863 -0.200231 -0.134833 0.075931 -0.092769 -0.159116 0.035257 0.180212 0.079411 0.099018 0.203782 -0.018566 -0.263637
0.072373 -0.033389 0.122472 0.050740 -0.090342 -0.149834 0.113767 -0.041629 -0.083349 -0.079394 0.035495 0.017450 0.063758 0.059914 -0.082921 0.033908 -0.076451 0.248632 0.102124 -0.207057 -0.133050 -0.154087 -0.025686 -0.102190 0.039671 0.000783 0.141608 0.035595 0.028638 0.005758 -0.050250 -0.047241 0.045334 -0.190096 0.007502 -0.079975 -0.118168 0.020321 0.072548 0.058196 -0.048666 0.068669 -0.242902 0.008492 0.148300 0.034233 -0.067741
0.086371 0.005212 0.025342 -0.158504 -0.045502 0.091334 0.226965 0.056482 0.037365 -0.003754 -0.050135 -0.018088 0.145208 -0.017290 -0.092961 -0.143117 -0.026467 -0.075141 -0.041453 0.016946 -0.089526 0.064266 0.098246 -0.076524 0.023424 -0.099336 0.107302 -0.039811 -0.089927 -0.040136 0.002349 -0.020006 0.098968 -0.234378 -0.011605 -0.122213 -0.003759 -0.022894 -0.039371 0.030016 -0.004603 0.076562 0.034513 -0.157649 0.119977 -0.017836 -0.201338
-0.008160 -0.106335 -0.200488 -0.666818 0.114396 0.252839 0.139924 0.036871 -0.126543 0.026710 -0.024998 0.145669 -0.106418 0.023161 0.015823 0.008180 0.101712 0.079687 -0.051460 -0.363243 0.159866 0.066078 0.034683 -0.342379 -0.021049 -0.127994 -0.039747 -0.005544 -0.352429 -0.286601 0.036036 0.169199 0.397078 0.028295 0.135653 -0.236133 -0.217512 0.195281 -0.072066 0.070705 0.037378 0.090297 -0.056551 -0.086645 -0.013373 0.014097 -0.045281
0.054984 0.063322 -0.306912 -0.015320 0.254768 0.183543 0.025663 0.128696 -0.315833 -0.505532 0.067933 -0.028159 -0.199831 -0.047711 0.037029 -0.126817 -0.112433 0.276575 -0.069624 0.197658 0.076869 0.107131 0.030149 0.048599 0.010513 -0.065597 -0.080762 0.055602 -0.370854 -0.001773 0.159073 0.003217 0.150639 0.052720 0.213122 -0.098799 -0.335199 0.139102 0.194544 -0.230327 -0.014473 -0.439734 0.029875 0.033407 -0.437516 -0.067650 -0.050146
0.097431 0.063152 0.123151 -0.085781 0.137547 0.073903 0.073612 0.110354 -0.039839 -0.032772 -0.101432 -0.123813 -0.021520 -0.098061 0.008418 0.015165 0.006712 -0.138176 -0.107201 0.074496 -0.170179 0.025656 -0.120266 -0.021157 -0.026891 -0.069603 -0.004597 -0.071263 -0.020716 -0.207283 -0.059807 -0.180338 -0.246029 -0.250693 0.057944 -0.215343 -0.085986 -0.098848 -0.143312 -0.030810 0.019061 0.136692 0.104966 -0.168767 0.098770 -0.085337 -0.151737
0.080325 -0.022885 0.194490 -0.181621 0.297750 0.198182 0.150299 0.389085 -0.051665 -0.090066 -0.107901 -0.130328 -0.071266 -0.189429 -0.053665 -0.088512 0.079829 0.050403 -0.062168 -0.079011 0.120528 0.051844 -0.078920 -0.030608 -0.016061 -0.156413 -0.007969 -0.247784 -0.170525 -0.050517 0.094702 -0.076648 0.144268 0.060963 -0.090395 -0.057433 -0.171728 -0.011202 -0.110392 -0.091826 0.031389 0.012843 0.068741 -0.307427 -0.106508 -0.048360 0.119304
0.017128 0.083757 -0.021845 0.145197 -0.019457 -0.046817 0.080923 -0.152412 0.027864 -0.008953 -0.155022 0.077495 -0.013922 -0.144110 -0.070127 -0.036533 -0.007986 -0.123346 -0.015496 -0.015486 -0.241801 0.017395 -0.036109 -0.120354 0.049483 -0.191884 0.034974 -0.176600 0.034735 -0.151043 -0.123239 -0.140428 -0.024419 -0.113772 -0.129583 -0.047254 0.007252 -0.020057 -0.202779 0.098135 0.050933 0.198984 -0.016901 -0.085407 0.152142 -0.365287 0.067590
0.060048 0.003822 -0.002288 0.074946 0.033604 -0.033778 0.032809 -0.103577 0.055682 -0.055942 -0.009967 -0.060958 0.028485 -0.107398 -0.146235 -0.194665 0.044974 -0.007925 -0.085542 -0.111215 -0.065826 0.024340 -0.036060 -0.017350 0.032810 -0.129252 0.005501 -0.072959 0.024004 -0.244065 -0.061285 -0.105712 0.106500 -0.144695 0.162930 -0.136918 -0.087799 0.048488 -0.141126 -0.075102 0.039393 0.136239 0.107619 -0.123729 0.257166 -0.222593 0.063585
0.082578 -0.016119 -0.202184 0.203505 0.160050 0.016305 0.076766 0.023978 -0.037452 -0.113535 -0.110157 0.042827 -0.102828 -0.203167 -0.056226 -0.114086 -0.030456 0.103832 -0.108201 -0.123228 0.061439 0.107600 -0.240825 -0.075386 0.001266 -0.098683 0.143384 -0.074924 -0.065327 -0.043649 0.202790 -0.188990 0.161907 0.089102 0.046009 -0.015589 0.055379 -0.070478 0.022748 0.082763 -0.119758 -0.000498 0.075479 -0.110013 0.039040 -0.101293 0.100374
-0.194014 -0.003757 0.022868 0.302305 -0.040115 -0.065401 -0.153974 0.092156 0.135153 0.034698 -0.499112 0.089248 0.119326 -0.232037 -0.350803 -0.226534 -0.046858 0.038231 -0.047561 -0.090154 -0.040261 0.005603 -0.449954 0.295569 -0.164154 0.227615 -0.274786 0.085613 0.001595 -0.004019 0.055420 0.154895 0.035208 0.166450 0.051954 0.000768 -0.048040 0.125344 -0.048068 0.117119 -0.164377 0.029255 -0.164064 -0.038160 0.048635 -0.100247 -0.116416
-0.058241 -0.107827 -0.357260 0.174473 0.052208 0.327896 0.194545 0.049389 -0.043503 -0.166099 -0.266677 -0.151245 -0.217173 -0.387588 0.181147 -0.021640 0.001260 -0.079430 0.113263 0.145548 0.526446 -0.009851 -0.300012 -0.203906 -0.213941 -0.334637 0.115033 -0.418304 -0.199274 0.052545 0.167573 -0.067710 0.154341 0.117525 0.107473 0.152089 -0.126173 -0.050674 -0.474202 -0.077520 -0.026254 -0.101781 0.208602 -0.310243 -0.078331 -0.030257 0.033739
-0.362290 -0.085442 -0.156056 0.142051 0.178435 0.180553 0.033096 -0.294791 0.201008 -0.068374 -0.140763 0.096442 0.034640 -0.333187 0.008629 0.148631 -0.138664 -0.102814 -0.113843 0.150079 0.285523 -0.043506 -0.572224 0.199635 -0.161888 -0.121961 -0.003444 -0.068735 -0.057890 0.146450 0.075188 0.075998 -0.264250 0.228664 -0.035823 -0.015493 -0.124933 -0.049157 -0.455926 -0.076146 0.031062 -0.132005 -0.108164 -0.237315 0.068838 -0.040976 0.236249
-0.082213 0.064170 -0.169638 0.276114 0.038763 0.112225 0.154253 0.231128 0.049990 -0.217790 -0.216857 0.138210 -0.047873 -0.354963 -0.108161 -0.108537 0.131440 0.070876 -0.021636 -0.070538 0.254096 -0.065039 -0.117178 -0.063204 -0.260552 0.013471 -0.337202 -0.015736 0.036639 -0.015201 0.073994 0.053862 -0.016307 0.174205 0.122908 0.127179 -0.231017 0.114200 -0.096929 0.103173 -0.079522 -0.145289 0.210889 -0.492156 -0.112461 -0.079915 -0.001042
-0.054770 -0.156309 -0.033498 0.071718 0.056160 0.120921 -0.036155 -0.133060 0.152099 -0.069606 0.064519 0.063919 -0.020508 -0.237576 0.169375 0.025746 -0.082122 -0.073873 0.041543 0.023230 0.291813 0.003895 -0.053441 -0.207094 -0.219299 -0.546241 0.131021 -0.084309 -0.120960 0.351105 -0.024225 0.011232 -0.067554 0.231884 -0.185259 -0.034475 -0.126371 0.113051 -0.197434 -0.371303 0.023828 0.015188 -0.066241 -0.155274 -0.197083 0.084608 0.183647
-0.335036 -0.030718 -0.217575 0.173822 0.019467 0.110939 0.167427 0.041894 -0.027147 -0.109342 -0.158794 -0.008408 -0.098607 -0.244892 0.108625 -0.133570 0.136214 0.093281 0.034537 -0.001749 0.214904 -0.075443 -0.042186 0.096305 -0.196627 -0.341028 -0.291856 -0.105194 -0.005417 0.175605 0.071824 0.096518 0.044647 0.270489 0.080290 0.144673 -0.061832 0.025935 -0.109748 -0.172412 -0.104974 0.048873 0.070105 -0.257470 0.172516 -0.122740 0.027359
-0.056945 -0.030927 -0.006136 -0.210851 0.087004 -0.238030 -0.320700 0.101345 -0.132650 0.031491 -0.130135 -0.165602 -0.070679 -0.178399 0.128594 -0.204977 0.163232 0.122587 -0.116463 0.031675 0.195340 -0.004516 -0.318130 0.178348 0.011564 0.208074 -0.064645 0.153057 -0.027318 -0.136112 0.022630 0.175573 0.204005 0.034148 0.025161 -0.021599 0.111732 -0.336254 0.067174 0.122863 -0.069571 0.026316 -0.126107 0.032489 0.130015 -0.036132 -0.068701
-0.127638 -0.216251 0.042373 0.133192 -0.226545 0.163179 -0.387225 -0.209655 0.043141 -0.112455 -0.421274 0.160621 -0.174616 -0.163633 -0.517973 -0.003725 -0.073665 -0.170980 0.024025 -0.203972 0.167133 0.070766 -0.291321 0.081763 -0.268387 0.281574 0.121568 0.027109 -0.022090 0.017484 0.113432 0.086798 -0.257580 0.202801 -0.002314 -0.032384 -0.061305 0.342822 -0.292516 0.075011 -0.265846 0.092766 -0.110436 -0.031079 0.091363 0.021022 -0.002456
-0.036849 -0.001187 -0.148048 0.028366 0.088719 0.297779 0.150098 0.112413 0.196538 -0.062472 -0.491451 0.227039 -0.127813 -0.418714 -0.028772 0.099035 -0.035473 0.145516 -0.067330 0.032293 0.258051 -0.094350 0.013246 0.115891 0.007862 -0.216185 -0.060599 -0.185644 -0.349666 0.060622 -0.083735 0.052765 -0.063389 0.083891 -0.027764 0.128125 0.160103 -0.037477 -0.147415 -0.027477 -0.198319 0.007397 -0.227489 0.116184 -0.117523 -0.238554 0.034466
-0.259016 0.044489 0.047514 0.204393 0.024616 -0.117115 0.034896 0.099102 0.020759 -0.075504 -0.224079 0.027999 -0.029280 -0.431265 -0.257300 -0.055321 -0.030725 -0.028051 -0.025648 0.059582 0.051362 0.024919 0.096949 0.299436 -0.294202 -0.165444 -0.283334 -0.023019 -0.042871 -0.125599 0.183474 0.203640 -0.147789 0.150032 0.152230 0.031280 -0.092619 -0.021905 -0.008803 0.096424 -0.189894 0.062788 -0.041410 0.011236 0.044869 -0.192530 -0.040995
-0.313715 0.050320 -0.031797 0.094807 0.013918 0.067065 -0.007387 0.222061 -0.178549 -0.117709 -0.084020 -0.054952 0.074633 -0.185745 0.211548 -0.054317 -0.132384 0.033520 -0.056906 -0.011068 0.203006 0.037593 -0.447547 0.302814 -0.065862 -0.006779 -0.243274 -0.008387 -0.029857 0.056560 0.104717 0.171238 -0.056328 0.073099 0.104950 0.041287 -0.150492 -0.230581 0.041401 -0.020099 0.001809 0.062250 -0.051786 -0.232644 0.021482 -0.211182 0.041455
0.013806 0.053299 -0.421071 0.068568 0.076116 0.189363 0.132618 0.229667 -0.061706 -0.185330 -0.289604 0.015520 -0.194469 -0.710798 0.078293 -0.098522 -0.003135 0.020347 0.009064 0.102980 0.308900 -0.029786 0.192186 0.036820 -0.161046 -0.390619 -0.290293 -0.148594 -0.091843 -0.037007 0.193643 0.107432 0.184273 0.208305 0.178856 0.128358 -0.291832 -0.044320 -0.024589 -0.107486 0.016316 -0.073453 0.001987 -0.297916 -0.087417 -0.180336 0.031143
-0.265509 0.046671 -0.184245 0.244851 -0.052528 0.150177 0.130692 0.092250 -0.018967 0.016371 -0.220115 0.010859 -0.161668 -0.362258 0.062299 -0.100866 0.066286 -0.018973 0.017886 0.014510 0.231546 -0.023075 -0.030297 -0.143279 -0.151299 -0.209503 -0.671485 -0.180595 0.052395 0.086604 0.042293 0.110733 -0.317021 0.188938 0.067373 0.107923 -0.110702 0.007993 -0.284818 0.033536 0.010246 0.043899 0.043038 -0.295112 0.018462 -0.129785 0.089978
0.087847 0.026324 -0.293085 -0.162167 0.010348 0.221834 0.148506 -0.128478 -0.091244 -0.042556 -0.367532 -0.146720 -0.048383 -0.380339 0.171734 -0.013104 -0.028599 0.051644 -0.099465 0.097316 0.156753 -0.102821 -0.128783 -0.099142 -0.134695 -0.160429 -0.248322 -0.040758 -0.189573 0.154863 0.097936 0.111346 0.058662 0.251060 -0.037934 0.000203 0.021038 -0.136503 -0.221663 0.017681 -0.138564 -0.098685 -0.096315 -0.283998 0.126933 0.039584 0.178273
0.105227 0.030264 -0.538479 -0.102608 0.202460 0.354182 0.152099 0.200005 -0.097627 -0.179657 -0.198193 -0.385291 -0.141801 -0.466841 0.174369 -0.020611 -0.119279 -0.075732 0.038665 0.102399 0.392685 -0.005262 -0.062640 0.085609 -0.107482 -0.419910 -0.041107 -0.569974 -0.309049 0.105667 0.060912 0.219555 -0.086167 0.294467 0.369867 0.115039 -0.271644 -0.153464 0.036699 -0.279796 -0.145844 -0.223806 -0.027505 -0.129036 -0.212693 -0.249385 0.176556
-0.176250 0.005797 -0.317883 0.311544 -0.029358 0.104517 0.177743 0.181256 0.081455 -0.015343 -0.388473 0.097195 -0.176773 -0.294199 -0.021837 -0.079080 0.024451 -0.046164 0.031337 -0.007354 0.324869 -0.002327 -0.092273 -0.162022 -0.293196 -0.054783 -0.682813 -0.055713 0.057645 -0.061296 -0.113913 0.113841 -0.260108 0.223036 0.040177 0.190204 -0.151966 0.073694 -0.422779 0.084886 -0.072962 -0.041167 0.132375 -0.334151 0.008033 -0.237463 0.026881
-0.060625 -0.192284 0.035800 -0.142366 0.125268 -0.246937 -0.423873 0.001356 -0.212318 -0.037195 0.289618 -0.261225 -0.383393 -0.243095 0.015478 0.023040 0.047932 0.284863 0.011696 0.211731 -0.037910 0.056914 -0.019081 0.079738 0.018249 -0.040061 -0.224296 0.044213 0.013184 -0.116794 0.014252 -0.064668 0.154599 -0.028263 0.166983 0.215036 0.125935 -0.127350 -0.032395 -0.489720 -0.135077 -0.079481 0.426847 0.199244 0.082910 -0.144334 -0.041582
0.093136 -0.060531 0.199267 -0.058230 -0.275549 0.148608 -0.057749 -0.069501 -0.143330 -0.007330 0.091322 -0.188951 -0.331175 0.079227 0.115379 0.004670 -0.237850 0.051098 0.016062 0.105370 -0.165006 0.192189 0.098620 -0.125406 0.110272 -0.106600 -0.121684 -0.446107 -0.048272 -0.061682 0.117666 0.131785 0.136843 -0.119622 0.002807 -0.002696 0.035781 0.228285 -0.070093 -0.176640 -0.120619 0.043039 0.272851 -0.145468 0.069382 -0.074025 -0.107819
-0.089040 -0.074131 0.090121 0.146964 -0.232990 -0.069704 -0.127159 0.017551 -0.006721 0.311893 0.194198 -0.085176 -0.436183 0.026866 0.238231 0.014563 -0.030307 0.104991 -0.130343 0.013374 -0.021524 -0.077446 0.122548 -0.190040 0.104468 0.015787 -0.062356 -0.433904 -0.184463 -0.212521 0.217217 0.155615 0.175397 -0.090822 0.279554 0.137486 -0.142677 -0.049552 0.406245 -0.245848 -0.030098 0.006434 0.276712 -0.006537 -0.011905 -0.185034 -0.052568
-0.015948 0.056924 0.045867 -0.221694 0.004912 0.022573 0.044532 -0.176077 0.016532 -0.018700 -0.057380 0.120351 0.066626 -0.005002 -0.095728 -0.066230 0.027631 0.048852 0.057177 0.033876 -0.192574 0.114727 0.187579 0.035867 0.061683 0.126659 0.096550 -0.077351 0.041053 -0.128824 -0.042948 -0.002636 0.046930 0.015844 0.029607 0.037949 -0.051293 0.028418 -0.103297 -0.043134 0.023638 0.063392 -0.096875 -0.172007 0.077829 -0.153720 -0.078057
0.110719 -0.194429 -0.012162 0.080134 -0.293345 0.026236 0.045398 -0.166741 0.187248 -0.024862 0.127725 -0.042579 -0.147845 0.013781 -0.088865 0.021347 -0.143850 -0.042159 -0.137869 0.129023 0.125447 -0.071194 0.209971 -0.186282 -0.077729 -0.014825 -0.006931 -0.283034 -0.126739 0.045036 0.088812 -0.096845 0.262844 0.131850 0.172751 0.102365 0.131076 0.128075 0.137331 -0.427823 0.079189 0.097281 0.068649 0.073645 0.160280 -0.116125 0.052390
0.065679 0.014464 0.016237 -0.124182 -0.038514 0.019378 0.108865 -0.073316 -0.025386 -0.071707 0.104985 0.066525 -0.195534 0.093890 0.023388 -0.037734 0.066175 0.071890 -0.079431 0.075284 0.010684 -0.070596 0.091145 0.033028 0.013078 0.173283 0.086025 -0.086435 -0.039168 -0.186462 -0.041206 -0.054579 0.038977 0.111499 0.056575 0.098940 -0.009177 0.029646 0.068866 -0.102289 0.036809 0.105372 0.025749 -0.043071 0.033855 -0.164833 -0.095704
0.070436 -0.045461 0.062802 0.043641 0.040517 -0.169810 0.228095 0.074902 0.130349 -0.132995 0.052752 -0.012634 -0.111771 -0.076771 0.009177 0.046568 -0.049159 0.021392 -0.047675 0.130877 -0.127063 -0.178817 0.146241 -0.080861 0.048602 0.111579 0.002861 -0.267754 0.014376 -0.067105 0.094784 -0.040138 -0.015613 -0.096778 0.122536 0.058503 0.094987 -0.094085 -0.133815 -0.158356 0.003843 -0.021236 0.021490 -0.188507 0.102101 -0.326212 0.061487
0.049055 -0.054867 0.073822 0.086712 -0.072366 0.031103 0.096345 -0.015057 0.076781 0.077917 0.000405 0.121631 -0.105774 -0.032271 0.019150 -0.080957 -0.066635 -0.213711 -0.022209 0.114666 -0.056247 -0.097583 -0.051456 -0.217174 0.030093 0.097450 0.079182 -0.089789 -0.059793 -0.122594 -0.023929 0.065902 -0.270337 0.138666 0.210503 0.027025 -0.236963 0.059625 -0.085119 -0.332852 0.107727 0.043510 0.162774 0.037986 0.001924 -0.411488 -0.036204
-0.026157 0.046293 0.027717 -0.054439 0.002781 -0.055883 0.170075 -0.106402 -0.003312 0.176458 -0.222469 0.043034 -0.051096 0.237199 0.070143 -0.161245 0.042506 -0.197730 0.044520 0.029151 -0.005814 0.025837 0.119557 -0.033396 -0.005711 -0.037169 0.035662 -0.012322 0.035170 -0.151771 -0.092228 0.077821 -0.222662 0.035659 0.050948 -0.077500 0.013976 -0.023233 0.172038 -0.061806 0.205819 -0.040325 -0.132647 -0.162136 -0.035266 -0.241291 -0.140852
0.120203 0.039750 -0.225118 -0.023712 0.219250 0.030265 0.125174 -0.253345 0.075899 -0.046692 -0.256402 0.145243 0.005043 0.056729 -0.108103 -0.091597 0.100058 -0.127484 -0.117489 0.112361 0.017778 -0.040507 -0.383056 -0.095920 -0.126139 0.054636 -0.098957 -0.445674 0.037129 -0.031985 -0.071503 0.175688 -0.113877 0.231111 0.113695 0.084153 0.008906 0.019274 0.019278 -0.309858 0.050281 0.052956 -0.117700 -0.157439 0.076816 -0.677493 -0.144445
0.021523 0.011480 -0.264060 0.117586 0.054826 -0.006104 0.164815 -0.024467 0.049594 -0.355744 0.029616 0.034162 0.153493 0.031139 0.118822 -0.131130 -0.025742 -0.056953 -0.205597 0.090282 -0.130791 -0.121757 -0.250512 -0.166826 -0.084736 -0.083557 -0.228746 -0.160284 0.147356 0.009349 0.126942 0.154159 0.098853 0.122197 0.235788 0.010395 0.061959 -0.030565 -0.038600 -0.111484 0.153702 0.269204 -0.136446 -0.168966 0.120424 -0.566416 -0.011266
-0.061402 0.004532 0.069663 -0.205871 0.028897 -0.164963 0.137088 -0.023824 -0.018501 -0.016656 -0.124884 0.025640 0.036936 0.165464 0.026538 -0.025295 -0.061212 0.019555 0.070363 0.035629 -0.217274 0.102157 -0.004350 -0.052171 0.054701 -0.092355 0.111801 -0.130324 0.090027 -0.009062 0.035704 0.054134 0.055028 -0.055322 0.102383 -0.072302 -0.196700 0.061466 0.018249 -0.129900 0.046319 0.003637 -0.045841 -0.175130 0.116033 0.006684 -0.083582
0.008889 -0.162971 0.222659 -0.092457 0.053288 -0.014758 0.105647 0.038809 0.014142 -0.040229 0.235837 -0.307124 -0.111264 -0.041208 0.240771 -0.044761 -0.318887 0.064325 -0.069575 0.182671 -0.098418 -0.246848 -0.306604 -0.168040 -0.009089 -0.409685 -0.234664 -0.371600 0.086522 -0.078278 0.140869 0.049454 -0.157391 0.109336 0.011344 0.172751 -0.129393 0.049998 -0.134953 0.161414 -0.072300 0.194445 0.123834 0.256809 -0.035591 -0.095633 -0.020217
-0.109780 -0.376517 0.141709 0.184837 -0.128573 0.015400 -0.087993 0.094574 0.250072 -0.025317 -0.088160 0.023560 -0.061693 -0.056715 0.074445 -0.054998 -0.058153 0.007514 -0.011438 0.145836 -0.089259 -0.055387 -0.029276 -0.110012 -0.096345 -0.133759 -0.202378 -0.297074 -0.066197 -0.107160 0.171391 -0.203965 -0.093592 -0.052581 0.259265 0.100666 -0.025061 0.274386 -0.039183 -0.338148 -0.058317 0.172355 0.349960 -0.067913 0.084203 -0.235648 -0.053198
0.109217 0.072947 0.068640 -0.221444 -0.186018 -0.099972 0.134599 -0.084473 0.093037 -0.075961 0.143587 0.001318 0.113935 0.300239 0.015656 -0.062710 0.124793 -0.058737 -0.002967 -0.087757 0.011301 0.015484 0.009412 0.016170 -0.098495 -0.193806 0.185417 -0.063033 -0.063512 -0.076330 0.093185 -0.002679 0.061569 -0.040205 -0.006725 -0.081890 -0.048820 -0.085618 0.102129 -0.357199 -0.111916 -0.010667 0.012467 0.045974 0.184883 0.288865 -0.006065
-0.008989 -0.227391 0.162029 -0.105177 -0.121605 -0.015564 0.064061 0.031718 -0.058530 -0.076813 0.071858 -0.091169 -0.308644 0.027932 0.144886 -0.175891 -0.112398 0.031892 0.013018 0.008069 -0.102515 0.109940 0.189162 -0.143774 -0.045481 -0.091477 0.001038 -0.117547 -0.021387 -0.000546 0.089779 0.050365 0.070511 0.076921 -0.046256 0.192756 -0.022359 0.241341 -0.134329 -0.154459 -0.078855 -0.023655 0.147784 -0.114354 0.053940 0.230684 0.024776
0.083969 0.004557 -0.428930 0.319753 0.016224 0.113721 0.198641 -0.110826 0.132346 0.107376 0.045787 0.334952 -0.000453 0.084588 -0.233406 -0.055210 -0.073555 0.001379 0.041986 0.093252 -0.312070 -0.023018 -0.083581 -0.121080 0.057740 -0.323247 -0.456528 -0.547623 0.133008 -0.001386 -0.055835 0.121825 -0.081174 -0.432172 -0.008011 -0.300087 -0.351121 0.131864 -0.277566 -0.167582 -0.213975 0.065911 -0.278068 -0.333432 -0.171064 -0.011198 -0.035085
0.008804 0.070101 0.152686 -0.170905 -0.099062 -0.053989 -0.164578 -0.021990 -0.366956 -0.067534 -0.134839 -0.046410 0.027185 0.123623 0.191127 -0.084235 -0.011950 -0.027595 0.061876 -0.269504 0.242784 0.065932 0.021037 0.143794 -0.004741 0.030019 0.201441 -0.041106 -0.134716 -0.206738 0.033505 0.279276 0.035118 -0.063579 0.004483 0.103354 -0.226906 0.018109 -0.128228 0.231628 0.084851 -0.273985 -0.167008 -0.016795 0.051484 -0.258125 0.137986
0.062425 0.076202 0.013742 -0.017939 -0.133918 -0.216637 -0.126562 0.126686 -0.034004 -0.238295 -0.058771 0.052531 0.183591 -0.070806 0.209974 -0.055122 -0.212923 -0.136749 0.012161 -0.272499 0.103413 -0.034090 0.104853 0.105585 0.083715 -0.089726 0.058970 0.195409 0.048025 -0.167424 -0.070965 -0.037433 0.129982 -0.115562 -0.365875 -0.071048 0.026510 -0.002599 -0.115308 -0.135820 -0.133691 -0.321513 0.038851 -0.038313 0.095916 0.033219 -0.245844
-0.015243 -0.005334 -0.162769 0.089067 0.025720 -0.018247 -0.128762 0.016436 -0.114526 0.000746 0.146152 0.024606 -0.207493 0.015466 -0.479402 -0.330989 0.074722 0.121120 -0.048600 0.014316 -0.173860 -0.013332 0.221376 0.037727 0.089421 -0.317177 -0.024414 -0.320267 -0.023871 -0.188538 -0.001169 0.088575 0.022607 -0.223762 0.032355 0.079205 0.015586 0.096466 -0.184959 -0.218308 -0.077661 0.094436 0.015274 0.115981 0.149828 -0.147237 -0.082415
0.055976 0.129467 0.436444 0.010726 -0.214636 -0.185854 -0.102618 -0.268904 -0.037623 -0.159750 0.117919 0.051582 0.017636 0.063244 0.148142 -0.025920 -0.154801 -0.115546 0.062293 -0.102519 0.221179 -0.270537 0.208436 0.171954 -0.049083 -0.135643 -0.019573 0.322003 0.041830 -0.066916 0.095801 -0.167046 -0.182642 -0.107668 -0.067954 -0.270322 -0.205697 -0.046208 -0.180504 -0.224856 -0.373647 0.065857 0.025250 0.075759 -0.088454 -0.066165 -0.107367
0.009653 0.018996 0.082940 0.111346 0.153716 0.080426 -0.124359 -0.096621 -0.033447 -0.027874 0.204302 -0.029550 -0.460847 -0.047187 -0.754789 -0.274316 0.260512 0.144339 -0.061374 0.156641 -0.020091 -0.001621 0.276247 -0.024903 -0.160149 -0.674793 0.020754 -0.099320 -0.001238 -0.011869 -0.140955 0.008978 0.128306 -0.069360 0.095531 -0.284327 -0.043699 0.066605 -0.192861 -0.364124 -0.152657 0.179406 0.269173 0.040669 0.073556 -0.606907 -0.060960
0.032383 -0.021100 -0.067782 0.205306 -0.164748 0.009335 0.101526 -0.262665 -0.014542 0.020715 -0.055519 0.336544 -0.035151 0.047693 -0.151870 0.017717 -0.076429 -0.312090 0.039987 -0.252844 -0.001156 -0.072278 0.083531 0.038695 -0.006937 -0.115620 -0.176587 -0.145359 0.094473 -0.125188 0.134268 -0.097573 -0.084304 -0.122049 -0.094279 -0.067433 -0.352031 0.122949 -0.068688 0.095845 -0.267453 -0.191883 0.090156 0.084721 0.033274 -0.241471 0.040135
0.103732 0.050726 0.233600 0.011794 0.079491 -0.254140 0.042741 -0.020159 0.053554 -0.016828 -0.050422 0.099444 0.083327 0.042933 -0.027418 0.022083 -0.334528 0.045128 -0.030193 -0.178721 -0.028202 -0.098202 -0.137357 0.108909 0.107957 -0.115336 -0.098770 -0.017846 0.000722 -0.141827 -0.030749 -0.060084 0.067910 -0.063176 -0.081508 -0.264690 -0.165239 -0.042487 -0.431321 -0.110966 -0.087645 -0.216529 -0.088362 -0.011451 0.063509 0.318572 -0.043282
0.094171 -0.063705 0.031221 0.000791 -0.064150 -0.175910 -0.032132 -0.064034 -0.049772 0.069062 0.160629 -0.050149 0.063311 0.139417 -0.095108 -0.248008 -0.152504 0.041827 0.162323 -0.107211 -0.491642 -0.098854 0.407282 0.149439 0.077284 -0.337501 -0.024598 -0.146819 0.049306 -0.089545 0.088161 0.137719 0.136936 0.135241 -0.280354 -0.379515 0.056386 0.059302 0.009652 -0.123635 -0.143452 -0.137542 -0.079298 0.066737 -0.003210 0.034885 -0.132458
0.221512 0.045988 -0.320196 0.101272 0.089985 -0.156754 0.098326 0.106611 -0.198702 0.105641 -0.462822 0.057073 0.168402 0.233433 -0.039896 0.098236 -0.284735 -0.232833 0.127860 0.025295 -0.355827 0.104550 -0.455396 0.116392 0.245031 0.161394 -0.212775 -0.224492 0.227089 -0.107163 -0.265825 0.133916 0.014556 -0.479130 -0.047580 -0.191244 -0.613249 0.008409 -0.503063 -0.072214 0.003780 -0.305066 -0.408064 0.052501 -0.315798 -0.384237 0.141884
0.117848 -0.112743 0.007789 0.030044 0.222390 -0.076842 -0.095495 0.295264 -0.268625 0.016787 -0.193353 -0.202547 0.126379 0.087090 0.220299 0.223556 0.091391 0.062053 0.031352 -0.002736 0.002883 0.024579 -0.387117 0.038534 0.130800 0.100622 -0.179110 0.002756 0.009664 -0.067936 -0.235740 -0.037866 0.101742 -0.126140 -0.207581 -0.121518 -0.852058 -0.037742 0.035705 0.030988 0.251282 -0.193898 0.011349 -0.045308 -0.007305 -0.320390 0.075961
0.090663 0.048184 0.039771 -0.152378 0.043126 -0.035560 -0.130917 0.116923 -0.254392 0.147802 0.080801 -0.065071 -0.152025 0.036886 -0.278467 -0.129157 0.004122 0.139397 0.094227 0.018184 -0.156198 0.073433 0.329822 0.229597 0.048574 -0.043470 0.094609 -0.268638 -0.072851 -0.126705 0.018631 0.198744 0.267039 -0.442094 -0.117055 -0.069205 0.088450 -0.078184 0.133868 -0.361575 -0.135073 -0.108980 0.038210 0.162635 -0.118276 -0.033500 -0.206653
0.171119 0.114704 -0.076588 0.229972 -0.128647 0.174468 0.195424 -0.139659 -0.169985 -0.027661 0.068821 0.255080 0.076858 0.108209 0.147678 0.071981 -0.013367 0.052611 0.024546 -0.247949 -0.363399 0.000354 -0.045915 -0.094741 0.234140 -0.281871 -0.138127 -0.386386 0.004552 0.035096 -0.120017 -0.004552 0.019249 -0.299935 -0.011378 -0.143335 -0.331978 0.089714 -0.252700 -0.179181 -0.027883 -0.315647 0.133722 0.031820 -0.156417 -0.398235 0.212205
0.074529 -0.048832 -0.035916 0.126523 -0.097234 0.006295 0.155148 -0.106333 0.037391 -0.004487 -0.171544 0.287248 0.170842 0.090569 -0.170083 -0.173284 0.066088 -0.336178 -0.002733 -0.248802 0.024415 -0.128820 -0.174726 -0.053107 0.007516 0.076900 0.019097 -0.528362 0.007725 -0.318432 -0.026681 0.071693 0.164284 -0.114911 -0.026785 -0.296961 -0.215986 0.060861 -0.200782 -0.039390 0.164987 -0.361773 -0.127070 -0.066855 -0.104562 0.133693 -0.024906
0.037246 -0.094243 0.117709 -0.212937 0.137082 -0.394125 -0.288355 0.113250 -0.277773 0.139047 -0.091929 -0.466405 0.116812 0.170765 0.072162 0.033929 -0.158351 -0.013284 0.082113 -0.014295 -0.202777 0.104940 0.098118 0.006694 0.019361 0.153645 -0.086847 -0.044700 -0.223517 -0.126357 -0.051861 0.017180 -0.054234 -0.243868 0.083091 0.035949 -0.048481 -0.248290 -0.063345 0.074265 0.001311 -0.101402 -0.159771 0.277853 -0.174559 -0.195205 0.125136
-0.109823 -0.029514 -0.155837 0.126318 0.090278 -0.053634 0.214969 -0.067131 -0.043915 -0.010858 0.002784 -0.013816 0.434537 -0.007255 0.035181 0.012426 0.160187 0.145960 0.035939 -0.192441 -0.133109 0.021905 -0.213453 0.090701 0.179581 -0.017728 0.165355 -0.212096 0.061792 -0.160442 -0.059588 0.126829 0.032328 -0.315633 0.068503 -0.089127 -0.115977 -0.386583 -0.094536 -0.177877 0.100741 0.092160 0.014268 0.075324 -0.144896 -0.108674 -0.097392
-0.002371 -0.079311 0.173237 0.106982 -0.026417 -0.110909 0.139656 0.127820 0.012405 0.003434 0.076075 -0.142077 0.025739 -0.338871 0.087125 0.004234 0.054660 -0.326621 -0.098109 0.139577 -0.039298 -0.084629 -0.305355 -0.281480 0.045676 -0.117181 0.098804 -0.022677 -0.042832 -0.125370 -0.007661 -0.058556 -0.405992 0.060231 0.118168 0.094792 0.022883 -0.305217 -0.322622 0.148707 -0.037360 0.015476 -0.004763 0.044486 0.059495 0.092400 -0.114674
0.125038 -0.060424 -0.285149 -0.396060 0.018232 -0.028043 0.057210 0.040542 -0.294881 -0.245564 0.040532 0.068773 0.244172 0.066982 -0.042124 -0.004268 0.032896 -0.152935 -0.056960 -0.215691 -0.147255 -0.044497 -0.165408 -0.072117 0.111671 0.074368 0.029376 -0.023259 0.128945 -0.128437 -0.120356 -0.185142 -0.187347 -0.231734 -0.361010 -0.321064 -0.046494 -0.098803 -0.035926 0.071980 0.019100 -0.051620 -0.225818 -0.004342 -0.112383 0.074783 -0.012779
-0.134115 -0.449410 0.001714 0.042847 -0.139428 0.072486 -0.167644 -0.171809 0.020947 0.019244 -0.144368 0.168316 0.264292 -0.030732 0.097553 -0.069468 -0.134379 -0.119045 -0.057317 0.002402 0.140383 -0.242115 -0.197443 -0.176330 -0.192178 -0.345558 -0.203923 0.019388 0.067702 -0.024968 0.254706 0.104428 0.089160 0.003452 0.159775 0.016445 -0.040323 0.098913 -0.189034 0.001969 0.017365 -0.074704 -0.011195 0.087884 -0.002713 0.143813 0.115799
0.004492 -0.011889 0.347367 -0.026457 -0.106146 -0.103703 -0.134746 0.054833 0.034702 0.070309 -0.208442 -0.059189 0.094801 0.031138 -0.049189 -0.082339 0.101444 -0.185501 -0.062977 -0.064710 0.131445 0.035837 -0.093200 -0.105173 -0.032363 0.039758 -0.012186 0.023892 -0.055996 -0.012325 0.105449 0.147964 -0.269088 0.163512 -0.025563 0.083730 -0.034142 -0.211565 -0.010150 0.073539 -0.116040 -0.031387 -0.313552 -0.163450 0.014799 0.075706 -0.120412
-0.070840 0.120363 0.013030 -0.296901 -0.042193 -0.251178 0.082601 0.189363 -0.014428 0.026685 0.032010 0.031576 0.078579 0.061972 0.014581 -0.039309 -0.140286 -0.106287 0.079542 -0.319824 0.093774 0.134320 -0.222225 0.119229 -0.036191 -0.010838 -0.148497 0.042218 -0.303204 0.077931 -0.452621 -0.098889 0.088655 0.047959 -0.037464 0.024920 0.089148 -0.004150 -0.210900 0.041011 -0.016970 -0.309399 -0.029117 -0.056462 0.046440 0.191014 0.103774
-0.154690 0.095566 -0.040396 -0.209117 -0.000059 -0.462035 -0.383079 -0.040297 0.000710 0.075773 -0.196583 0.080020 0.119716 -0.355253 0.027606 -0.046038 -0.049702 0.050269 0.072626 -0.253536 0.141703 0.105137 -0.235387 0.011839 -0.180285 0.154735 0.033293 0.029824 -0.028402 -0.092723 -0.013546 0.152507 -0.015312 0.205733 0.019264 0.053825 0.051129 -0.310747 -0.055942 0.048170 -0.079987 -0.024607 -0.161756 -0.150984 0.031392 0.024631 0.005963
-0.130188 -0.019786 0.084861 -0.170867 0.015938 0.008044 -0.336783 -0.124639 0.023510 0.066065 0.076328 -0.088637 -0.106060 0.154363 -0.022379 -0.042504 0.174011 -0.030895 -0.168485 0.101780 -0.288395 -0.005402 0.147768 0.044339 -0.058304 0.199476 0.249104 0.042461 -0.033914 -0.192627 0.048617 0.004805 -0.055518 -0.164297 0.019430 -0.047300 0.286473 -0.160323 0.052482 -0.079897 -0.056403 0.070223 0.056085 -0.276536 0.072797 0.128306 -0.220466
-0.006679 -0.049329 -0.161643 -0.207981 0.030448 0.093344 0.052370 -0.090325 -0.108837 0.008698 -0.056635 -0.146057 0.197281 -0.129250 0.038746 0.011464 0.137173 -0.330646 0.066930 0.053479 0.385092 -0.158962 -0.453853 -0.197136 0.050610 -0.239140 0.029797 -0.203962 0.130297 0.149374 -0.384374 -0.198590 0.161069 -0.007070 -0.382278 -0.148551 -0.124823 -0.029360 -0.348504 -0.007390 -0.022309 -0.077558 -0.077636 0.186700 -0.190807 0.153195 0.121052
0.027897 -0.133936 -0.032203 -0.078722 -0.195648 0.108396 -0.093265 0.013688 -0.429139 0.027867 0.077943 -0.034051 0.007898 -0.041401 -0.093551 -0.096538 0.065075 -0.119914 -0.035722 -0.025878 0.098441 -0.168531 0.202877 -0.107004 0.036443 -0.003100 0.097049 0.015430 0.160672 -0.090871 0.006307 -0.013706 -0.230630 -0.299936 -0.062404 -0.076598 0.030126 -0.232554 0.097087 -0.034216 -0.101043 0.108862 -0.139076 -0.186197 -0.012420 0.311780 -0.093497
-0.116344 -0.052909 0.031559 0.309217 -0.182969 -0.265206 -0.252121 0.014112 0.062047 -0.031625 -0.190374 0.186214 0.202356 0.000308 -0.143750 -0.284819 -0.119278 -0.242985 0.108030 -0.154964 0.138270 0.132294 -0.064988 -0.184062 -0.019065 0.149622 -0.170766 0.197308 0.154127 -0.142038 0.025603 -0.063450 -0.207303 -0.057435 0.035559 0.091125 -0.024271 0.066861 0.040285 0.154170 -0.194451 0.011830 -0.110175 -0.036279 -0.048364 0.047671 -0.013937
-0.103145 0.091993 0.115040 0.177483 -0.294469 -0.053809 -0.169051 -0.185952 0.118154 0.028554 -0.193327 -0.064951 0.017024 -0.021933 0.085355 -0.012048 -0.142478 -0.227003 0.125070 0.192260 0.031915 0.098783 -0.157879 -0.265828 -0.139701 -0.331176 -0.184231 -0.227800 -0.006107 -0.078050 0.171519 0.139376 -0.099349 0.120037 0.013341 0.085823 0.061163 -0.021647 0.059331 -0.018716 -0.087791 0.033796 -0.043085 -0.236144 -0.082324 0.046717 -0.071913
0.142635 -0.077025 0.000717 -0.012048 -0.199740 0.030825 0.186688 0.039279 0.057702 0.037177 -0.058981 -0.208997 0.110729 0.090230 -0.074360 -0.083708 -0.008916 -0.028362 0.019861 0.172015 -0.168886 -0.032978 -0.212199 0.045444 0.150311 0.145994 0.192605 -0.084229 0.119816 -0.030399 -0.017116 0.006563 0.054511 -0.265357 -0.146363 -0.128148 0.115806 -0.390182 -0.010651 -0.017354 -0.062733 -0.006187 -0.309790 -0.100969 -0.076099 -0.057994 -0.132040
-0.136404 0.027265 0.076567 0.062459 -0.042713 -0.085385 -0.019696 0.080998 0.092817 0.038516 -0.229605 -0.048029 -0.097002 -0.084991 0.024293 -0.442056 -0.086903 0.016641 0.067519 0.089411 0.144620 -0.036165 -0.014157 -0.047933 -0.118154 -0.108644 -0.014112 0.081589 -0.016698 -0.231792 0.015677 -0.039466 0.079454 0.058467 0.157255 0.063536 0.078267 0.069683 0.171390 -0.014379 -0.250246 0.224684 0.086491 -0.084723 0.114700 -0.082694 -0.124375
-0.071272 0.167952 0.028164 -0.057229 -0.126060 -0.009244 -0.113400 -0.235681 -0.242127 0.006106 0.072099 -0.106804 0.240862 -0.494241 0.053439 -0.029926 -0.275485 -0.110243 0.066799 -0.348794 -0.123564 0.159367 -0.437291 -0.009169 -0.025512 -0.060918 -0.023019 0.149369 0.047995 -0.037764 -0.093416 -0.279650 -0.276281 -0.064717 -0.245263 0.044056 0.077632 -0.202575 0.099667 0.126058 -0.061578 -0.078138 0.061987 0.175368 0.003116 0.140973 -0.038688
0.034816 0.103833 0.283979 -0.044238 0.086178 -0.026343 -0.042022 0.287548 -0.080225 -0.134324 0.135858 -0.212547 0.038158 -0.068032 -0.245119 0.032953 0.003249 0.124732 0.042408 -0.014220 -0.352896 0.066200 0.064147 0.026587 0.038727 -0.048845 -0.021412 -0.122637 -0.033998 -0.045150 0.036029 0.002374 0.094084 -0.047658 -0.022188 -0.014093 -0.053055 -0.116413 -0.055946 -0.528468 0.025434 -0.154925 -0.109997 0.037390 -0.063527 -0.056767 -0.045128
-0.257414 0.130070 0.039371 0.218979 -0.187748 -0.264976 -0.147761 -0.113731 0.064094 -0.042988 -0.248558 0.109723 0.152145 -0.220751 -0.073092 -0.110033 -0.168592 0.045477 0.069888 -0.150659 0.099275 -0.020455 0.045594 0.016941 -0.212490 0.087010 0.023539 0.014837 -0.035597 -0.087143 0.065127 0.011172 0.188524 -0.108657 0.148578 0.080267 0.040959 0.049691 0.102167 0.083066 -0.221304 0.015746 -0.067564 -0.158795 0.019327 -0.019575 -0.058223
0.083540 -0.105800 -0.052910 -0.203420 0.195471 -0.059902 -0.129844 0.102313 -0.238454 0.074706 0.013719 -0.166039 0.047424 0.041386 0.177349 0.045396 -0.031382 -0.029923 -0.114086 -0.065944 -0.182094 0.163461 -0.354571 0.021799 0.073373 0.026298 -0.008688 -0.029702 -0.070299 0.153421 -0.033497 -0.127140 0.174465 -0.069775 0.054151 0.084092 -0.083561 -0.004108 -0.181790 -0.016542 0.068149 -0.013310 -0.087942 0.074345 0.026549 -0.121056 0.008356
-0.091905 0.196635 -0.175302 0.273592 0.252787 -0.017466 -0.042293 0.039900 -0.099288 0.031970 0.086162 -0.351599 0.111809 -0.078148 -0.000289 0.165386 0.025827 -0.137141 0.182388 0.047246 -0.094560 -0.040051 0.010540 -0.147557 -0.084685 -0.136456 0.036163 -0.308051 -0.084007 0.064685 0.098677 -0.001840 -0.161587 0.107432 -0.059504 0.013344 -0.047729 -0.347981 0.187972 0.140334 0.121671 -0.151410 -0.181071 0.039500 0.062660 -0.052783 0.265718
-0.000431 -0.093215 -0.060984 -0.192206 0.275841 -0.020837 0.018332 -0.062328 -0.293121 -0.008775 0.097441 -0.524455 -0.390127 -0.052135 -0.093776 0.045465 0.100357 0.059212 -0.165724 0.113064 0.056452 -0.155502 0.123269 0.058709 -0.059085 0.068434 0.112102 0.000549 -0.188461 0.065353 0.046422 -0.030389 0.096065 0.024338 0.094502 -0.201894 -0.042403 -0.025731 -0.092540 0.093941 -0.003103 0.036604 0.010879 0.138846 0.050880 -0.104404 0.274704
-0.020537 0.270681 -0.042919 0.052440 -0.227960 -0.079197 -0.128767 0.099417 -0.114807 -0.118833 -0.181863 -0.004074 0.100345 -0.102993 -0.259631 0.098534 -0.187727 -0.355868 -0.030597 -0.032059 -0.080762 -0.112738 0.189196 -0.591061 0.110644 -0.008472 -0.019006 -0.114599 0.096555 0.127836 -0.017452 0.011735 -0.131158 0.200443 0.087265 0.123497 -0.045978 -0.065504 -0.187848 -0.050673 0.039955 -0.073407 0.120371 0.063057 -0.245085 0.089422 0.124980
-0.113589 0.008263 -0.190595 -0.233629 0.272119 -0.152624 0.098963 -0.102349 -0.265738 0.210319 -0.043108 -0.464484 -0.187906 -0.324200 -0.244909 0.114183 -0.268894 -0.116491 0.015321 0.075801 -0.242356 0.048473 -0.221478 -0.204664 -0.192773 0.176798 0.150926 -0.286333 0.038708 0.109893 0.237873 -0.125827 0.051630 -0.184427 0.152003 -0.145080 -0.041612 -0.136859 -0.033749 -0.058004 0.076859 0.035909 -0.044418 -0.183740 0.026646 -0.247884 0.155983
-0.042876 0.102753 0.131275 -0.204310 0.092162 0.057058 -0.271475 0.169802 0.170038 -0.108221 -0.140939 -0.225298 0.050303 0.143648 -0.084519 0.046024 -0.338251 -0.086148 -0.076598 -0.162393 -0.212025 0.195789 -0.013824 -0.028741 0.048324 0.172472 0.021569 -0.315809 0.096543 0.048419 -0.089948 -0.304618 -0.186329 0.180139 -0.122877 0.072049 -0.199142 -0.063265 -0.165821 -0.166383 0.159247 -0.044112 0.073988 -0.064582 -0.065125 -0.016503 -0.014360
0.100986 -0.193187 -0.066583 0.088025 -0.213538 0.040711 0.028011 -0.027613 -0.189374 -0.026139 -0.276925 -0.109059 -0.091905 0.125164 -0.103427 -0.098980 0.045217 -0.421145 0.029197 0.073704 -0.301685 -0.176914 0.081464 0.077842 0.060459 -0.274407 0.084242 -0.457787 0.099221 0.010471 -0.097216 -0.107398 0.064654 -0.242163 0.134236 -0.050832 0.132894 0.124526 0.182104 0.016167 -0.119018 -0.059332 -0.335044 -0.265353 -0.232013 -0.284411 -0.015057
0.136215 -0.162150 -0.253022 -0.076539 -0.038961 -0.088338 0.149136 -0.176081 -0.059712 0.085982 0.108577 -0.065932 -0.160905 -0.059811 -0.086688 -0.121878 0.113073 0.092383 -0.168787 -0.039663 -0.054676 -0.289152 -0.005274 0.015284 0.113059 0.100793 -0.013407 -0.081505 -0.184157 0.002663 -0.040793 0.047859 0.188863 -0.124712 0.031717 -0.044425 -0.076792 0.053220 -0.151188 -0.048995 -0.069536 0.061992 0.002646 0.074894 -0.096109 -0.022494 -0.060668
0.148748 -0.100707 -0.069428 0.134524 -0.353792 0.005964 0.096632 0.115899 0.132606 -0.170599 -0.050609 0.150338 -0.035223 0.112352 -0.192115 -0.191729 0.166422 -0.223490 -0.062387 0.109404 -0.307075 -0.027527 -0.463121 0.012704 0.085843 -0.205160 0.068777 -0.339744 0.006845 -0.042480 -0.010806 0.327158 -0.073231 -0.163076 -0.006968 -0.028012 0.167919 0.143961 0.083997 -0.206195 -0.113003 -0.068582 -0.374217 -0.303912 -0.182422 -0.066955 -0.050198
-0.182620 0.057157 0.029936 -0.101579 0.175712 -0.256163 -0.228374 0.124126 -0.145191 0.000097 0.110724 -0.136211 0.219476 -0.168023 0.189206 0.094485 -0.081091 0.088897 0.045948 -0.287171 0.168573 0.034678 -0.212485 0.078274 -0.158005 0.193851 -0.054381 0.185002 -0.155990 -0.010658 0.030246 -0.314639 -0.053525 0.142475 -0.083621 0.196080 -0.036037 -0.163936 -0.009627 0.234724 0.113982 0.067303 -0.163347 0.041245 0.030724 0.029595 -0.061836
-0.112734 0.096596 -0.007582 0.008195 -0.075712 0.044363 0.021170 -0.078169 0.081324 0.025838 -0.469625 0.113232 0.134961 0.064037 0.092319 0.054547 -0.024901 -0.320967 -0.039964 -0.111019 -0.076267 0.013441 -0.184755 -0.026834 -0.051888 0.133835 0.028959 -0.196276 0.058505 -0.245157 0.226285 -0.290781 0.130787 -0.151354 0.029908 -0.004802 -0.488116 0.009332 -0.013365 0.156036 0.009628 0.090629 -0.329128 -0.184297 0.116336 -0.214744 0.016542
-0.077097 0.219020 -0.152012 0.010065 0.242293 -0.033554 -0.057402 0.180483 -0.277939 0.027676 0.179682 -0.182552 -0.071896 -0.134938 -0.079219 0.009209 -0.026074 0.103814 0.340305 0.203845 -0.086678 -0.008184 -0.110008 -0.001840 -0.077559 -0.127656 -0.027313 -0.099412 0.092476 0.181838 0.001558 -0.304838 0.175766 -0.026128 0.151427 -0.015111 -0.150834 -0.313792 0.039173 -0.113572 -0.046000 -0.144493 -0.037346 0.093411 -0.003229 -0.110727 0.137827
-0.146468 -0.039519 0.043373 0.023921 0.054065 0.034196 -0.017201 -0.033067 -0.466669 0.060510 -0.151131 -0.037772 -0.037532 -0.259920 -0.080655 0.084012 0.067268 -0.175514 -0.067939 0.187416 0.086581 0.020868 -0.367372 -0.047778 -0.150250 0.089576 -0.179371 -0.179570 -0.081160 0.102609 -0.120869 -0.207364 0.199919 0.039802 0.069084 0.029598 0.010833 -0.043379 -0.285299 0.062627 0.126507 0.013183 0.088635 0.141095 0.071844 0.066484 0.208031
-0.016232 0.202299 -0.010871 -0.115647 0.237896 -0.201591 0.046899 -0.084670 -0.240968 0.022757 -0.124970 0.125526 -0.239626 0.072599 0.236140 0.228256 -0.001537 -0.161251 -0.022399 0.151243 0.220844 -0.028331 -0.059276 -0.226941 0.027745 0.065454 0.134730 0.236141 -0.039120 0.010953 -0.085490 -0.104783 -0.085343 -0.051511 -0.105149 -0.103678 -0.150343 0.007781 -0.040153 0.126135 0.079473 -0.014936 -0.137089 -0.337604 0.058647 0.064303 -0.074421
-0.154507 0.008820 0.085934 0.189150 0.022792 -0.073310 -0.079367 0.110201 0.117514 -0.124130 -0.483495 0.080757 0.026192 -0.005162 0.059627 0.019345 -0.227696 -0.142299 0.095160 0.083906 -0.194414 0.005453 -0.177886 -0.094599 -0.131674 -0.068451 -0.284398 -0.158709 0.062330 0.107193 0.186514 0.020059 -0.207545 -0.114090 -0.159947 0.035775 -0.018076 -0.112592 0.007837 -0.055353 -0.068875 -0.009614 -0.416930 -0.229246 0.017555 0.009557 0.237704
-0.315705 -0.005666 0.115250 -0.029396 -0.126371 -0.032781 -0.310899 0.014452 -0.126359 0.026854 -0.021201 -0.125641 0.074350 -0.232550 0.191654 0.179444 0.060716 0.038632 0.106004 0.150625 -0.046234 0.010960 -0.324518 -0.090265 -0.287350 0.121195 -0.312137 0.123587 -0.091672 0.136226 -0.133560 -0.306954 -0.203055 -0.016224 -0.122124 0.058296 0.086883 -0.134118 0.190951 0.148403 0.187947 0.086528 -0.090184 -0.057834 -0.083800 -0.151108 0.160623
-0.080229 0.035327 0.030706 0.046434 0.096185 0.077591 -0.092354 0.225806 -0.258164 0.056670 -0.057762 -0.043504 -0.028526 -0.173780 -0.105071 0.140971 -0.309287 0.151002 0.467214 0.018242 -0.246183 0.126489 0.022151 -0.097562 -0.016317 -0.045060 -0.176102 -0.187289 0.077442 -0.195636 -0.097787 0.004949 -0.135274 -0.095955 0.100688 -0.182826 -0.136997 0.009027 -0.032705 -0.069674 0.130650 0.152767 -0.078828 -0.276292 -0.033919 -0.053643 -0.065196
-0.031619 -0.091261 0.179473 -0.173134 0.217647 0.149630 -0.349503 0.159233 -0.225119 0.084587 0.101885 -0.077470 -0.164137 -0.139215 -0.072641 0.093116 -0.199466 -0.071831 0.062174 0.087803 -0.065981 -0.011590 0.073138 0.087675 -0.034261 0.126658 -0.050483 -0.130862 -0.058725 -0.108758 -0.022335 -0.040250 -0.181976 -0.194954 -0.117722 -0.041796 0.217701 -0.029441 0.023092 -0.146595 0.036937 -0.031520 0.039779 -0.088333 0.025032 -0.071632 -0.084286
-0.075178 -0.019582 -0.017865 0.112673 -0.208980 -0.007758 -0.117561 -0.103138 -0.374028 0.108458 0.043811 0.183684 0.156700 0.030645 0.053054 0.010711 -0.194505 0.066200 -0.062449 0.060373 -0.142158 0.017729 0.063021 -0.068785 -0.011640 0.115332 -0.094172 -0.034914 0.161460 -0.124579 -0.131980 0.036069 0.043337 -0.264179 0.177228 -0.010287 0.209007 0.033300 0.084703 -0.040212 -0.170660 0.105905 -0.109693 -0.176342 -0.070803 0.004872 0.037685
-0.057199 0.014262 0.013908 -0.119626 0.081270 -0.235931 -0.030748 0.034218 0.209870 -0.192171 -0.006705 0.027984 0.009424 -0.144898 -0.021284 -0.061216 -0.137369 -0.070197 0.127905 0.210572 -0.040507 0.001634 0.022723 0.073360 -0.032281 -0.289911 -0.243895 -0.099874 0.229243 0.192714 -0.073848 -0.180106 -0.087809 0.285361 -0.084892 -0.026780 -0.073893 0.047900 0.245412 -0.048763 0.014004 -0.148790 0.136261 -0.011873 -0.299403 -0.123987 0.296685
-0.009277 -0.070208 -0.175859 0.063198 0.058191 0.154003 -0.055850 -0.200856 -0.447033 0.153995 0.106930 -0.028029 -0.113896 -0.027593 -0.140382 0.064654 -0.097814 -0.065319 0.140161 -0.140231 0.113245 -0.054244 0.126911 0.046908 -0.116677 -0.003825 0.059874 0.053531 0.063353 -0.066607 0.036988 -0.060611 -0.168522 -0.106570 -0.003145 -0.060800 0.007638 0.138859 -0.329164 -0.027427 0.103195 0.002715 0.236127 0.076362 -0.012659 0.222788 -0.147145
-0.008070 -0.176360 -0.007948 0.108020 0.078167 -0.049609 0.012985 0.041472 0.005740 -0.172105 -0.348155 0.025802 -0.225989 -0.061146 -0.144565 0.042479 -0.274010 0.101294 -0.069582 -0.069080 0.024786 -0.064352 -0.049917 0.074523 0.003499 0.065806 -0.066917 -0.114882 -0.124117 -0.040403 -0.027380 -0.380459 0.062539 0.120160 0.174300 0.068584 -0.074969 0.102590 0.188899 0.058595 0.065167 0.112490 0.135811 -0.026652 0.028913 -0.058690 0.050087
-0.028922 0.037130 0.050822 -0.044542 -0.033766 -0.095758 0.006925 0.046155 -0.302142 -0.231833 -0.126946 -0.111049 0.110553 0.057859 -0.090870 0.047243 -0.202365 -0.081659 0.057119 0.296960 -0.016476 0.069182 -0.087385 -0.046438 0.145118 0.204661 -0.297174 -0.288070 0.151725 0.122941 0.008249 -0.007195 -0.089144 -0.153000 -0.160914 -0.032245 -0.151291 0.044893 0.062075 0.045594 -0.173164 -0.062197 -0.136255 -0.041430 -0.047930 0.132813 0.141189
-0.112046 -0.291694 -0.084597 0.216652 -0.182295 -0.043506 -0.028344 0.099030 0.003705 -0.087402 -0.082822 0.124958 -0.250922 -0.052484 0.101972 0.098564 -0.128886 0.170716 0.054383 0.195616 0.179392 -0.354606 0.062520 0.103271 -0.109177 -0.019804 -0.138431 0.142334 -0.065004 0.096586 -0.023837 -0.074954 0.187126 -0.125385 0.009460 -0.039773 -0.080160 0.171228 -0.106657 0.112849 0.057482 -0.074112 0.161809 0.010912 -0.120101 -0.159914 0.130211
-0.052483 0.237643 -0.147186 0.073036 0.013535 -0.018815 -0.055978 0.007055 0.071938 -0.129712 0.052626 -0.225476 -0.022124 -0.165986 -0.486814 -0.057450 0.036236 -0.566020 0.354374 -0.005838 0.135251 0.086429 -0.009383 -0.459156 -0.044155 -0.074553 -0.231050 -0.031878 0.218247 0.171565 -0.345231 -0.121338 -0.547355 0.080359 0.068508 0.089301 -0.175011 -0.104086 -0.055764 -0.183656 -0.151873 0.124834 -0.013686 -0.016594 -0.119283 -0.136698 0.051548
-0.060093 -0.088371 0.004577 0.104835 -0.166817 0.032169 0.239715 0.081384 -0.131011 -0.135689 -0.041547 -0.050995 0.265456 -0.146529 -0.065181 0.041461 0.167339 0.229109 0.055745 -0.107365 0.155656 -0.001798 -0.280349 0.069667 0.044851 -0.239854 -0.211359 -0.255533 0.026722 0.082484 -0.107361 -0.172560 -0.063201 -0.125149 -0.147563 0.176612 0.107070 -0.135714 0.105310 0.015262 0.092929 0.025861 -0.000979 0.127230 -0.068773 -0.325096 -0.205403
-0.223000 0.179091 -0.126296 0.222199 0.070757 -0.222445 0.104632 0.128812 -0.043835 0.053622 0.134939 -0.456972 -0.186332 0.153509 0.094712 -0.090898 0.033126 -0.164520 0.110214 0.166225 -0.040390 0.114519 -0.010620 -0.093041 -0.203978 -0.135699 -0.020675 -0.092148 -0.012303 0.160574 -0.105075 -0.094151 0.025097 0.047451 0.132284 -0.026999 -0.074419 -0.059829 -0.065726 -0.197116 -0.226751 0.073856 -0.046873 0.027454 -0.004022 -0.092037 -0.145766
0.050375 0.183484 -0.070121 0.042737 -0.080803 0.048345 -0.113013 0.165455 -0.342263 -0.098615 0.005222 -0.066284 0.145926 -0.051444 0.006317 0.099081 0.022576 -0.247280 0.070183 0.136766 -0.207729 0.004462 -0.225468 -0.069498 -0.103436 0.026127 -0.192243 -0.067955 0.024758 0.085812 -0.158884 -0.152116 -0.154993 -0.081976 -0.077113 0.134703 0.025435 -0.028658 0.278989 0.118369 0.131921 0.078546 -0.025759 -0.195437 0.002799 -0.226723 0.016556
-0.083103 -0.093777 0.120537 0.036011 -0.065044 0.087969 0.151429 0.201187 0.298463 0.001229 -0.193200 0.011555 -0.152470 -0.114670 0.191137 -0.001246 -0.146791 0.114174 -0.058823 -0.205575 0.030794 -0.492155 -0.229200 -0.276302 -0.061241 -0.211415 -0.104838 0.003882 0.112807 -0.137338 0.021529 -0.094517 -0.047548 0.024279 -0.123229 0.087264 0.147660 -0.058941 -0.023561 0.100271 -0.040294 0.092567 0.043237 -0.030642 0.059752 -0.141810 -0.134732
0.131025 -0.305671 0.237911 0.107919 -0.059833 -0.050356 -0.036489 -0.190471 0.094557 -0.134200 -0.082958 0.117404 -0.214918 -0.036292 -0.201487 -0.260564 0.095836 0.080754 -0.049913 -0.114433 -0.164969 0.085713 0.134632 0.080514 0.133494 -0.070321 -0.190078 0.012757 -0.060707 -0.038182 0.013568 0.128924 0.076445 -0.154682 -0.107872 0.106062 -0.040465 -0.070746 -0.240844 -0.113108 -0.139044 -0.043740 0.070931 0.139643 -0.197196 0.070984 -0.092240
0.085887 0.045115 0.086895 -0.005356 -0.100455 0.108949 0.131472 0.011584 -0.059315 -0.023894 -0.054029 -0.147981 0.157073 0.004118 0.037418 0.037845 -0.017676 -0.352804 0.095776 -0.014384 -0.420108 0.067469 0.019398 -0.182790 0.025392 0.082346 0.018229 -0.031906 0.185141 -0.091284 -0.081170 -0.127696 -0.317154 -0.364583 -0.259041 -0.496184 0.038223 -0.173274 -0.058523 -0.061216 0.053554 -0.074009 -0.215198 -0.125984 0.062871 -0.078765 0.021824
-0.022359 -0.020495 -0.217322 0.014160 -0.088966 -0.036176 0.381660 -0.074926 0.139825 0.009051 0.213160 -0.173676 0.153431 -0.185861 0.082604 -0.102591 0.079219 0.153735 0.112585 -0.062338 -0.047418 -0.029494 0.063795 -0.083577 -0.047959 -0.183126 -0.165191 -0.294965 0.080388 0.010351 0.012489 -0.124805 0.058752 -0.115923 0.108229 0.121236 -0.092265 -0.105412 -0.349156 0.253558 -0.035297 0.059279 0.042523 -0.027492 0.024632 -0.079827 0.096874
-0.101835 -0.115639 -0.040960 -0.163707 0.271370 -0.078180 0.013855 0.039042 -0.376119 -0.024400 0.099105 0.034060 -0.022900 0.060830 0.066226 0.156178 0.179352 0.143818 -0.222325 -0.176711 0.022221 0.221822 -0.111114 -0.081593 -0.105311 0.203202 0.000122 -0.042804 -0.141656 0.118408 -0.018974 -0.308789 0.092803 0.271929 0.211962 0.054607 -0.188472 -0.006358 -0.072569 0.040716 0.298675 -0.028553 -0.089082 -0.029978 -0.055863 0.081963 0.262963
-0.108301 -0.009076 0.065238 -0.111432 -0.285709 -0.168120 -0.022630 0.135292 0.165179 -0.159378 0.129957 0.034957 -0.153575 -0.044131 -0.084365 -0.002220 0.081429 0.150136 -0.097741 0.254102 0.170943 -0.082139 -0.335307 0.147490 -0.000622 0.168353 -0.156178 0.024772 -0.014562 0.038662 -0.036787 0.087589 -0.348162 -0.168179 -0.236832 0.200785 0.155007 0.082554 0.138679 -0.106538 -0.051939 -0.056045 0.121897 -0.220130 -0.018880 0.067363 0.271166
-0.037246 0.189244 0.104153 0.080480 -0.159167 0.035189 -0.174757 0.463583 0.019567 -0.158836 -0.200531 -0.074044 0.062433 0.067340 -0.225789 -0.005534 -0.368774 -0.386593 -0.114661 0.095644 -0.004349 -0.037747 -0.007273 -0.084717 -0.010505 -0.022874 -0.375572 -0.149722 0.038151 -0.071297 0.021146 0.152167 -0.059339 -0.120914 -0.015992 0.010687 0.114852 0.020538 -0.009144 -0.194877 0.134117 -0.039766 0.172238 0.135948 -0.191750 -0.013829 0.083301
0.068344 0.179119 0.082454 0.108373 0.084031 0.037543 -0.028552 0.060775 -0.327025 0.063267 -0.072241 -0.001988 0.145811 -0.104397 -0.107072 0.083035 -0.095895 0.154400 -0.139435 0.015333 0.062095 -0.153784 -0.215464 -0.070194 -0.158964 -0.075737 -0.145029 -0.046105 -0.092815 -0.023302 -0.182690 -0.004915 -0.085594 -0.042685 -0.079996 0.093707 0.052079 -0.099283 -0.127286 -0.001564 0.129097 0.022418 0.124827 0.035564 -0.005374 -0.201394 0.027630
-0.176695 0.010165 0.110749 0.015522 0.186334 -0.047814 -0.339766 0.247953 -0.164115 0.144149 -0.042618 0.045891 0.205100 -0.079433 0.067467 0.166609 0.067400 -0.256536 0.013178 -0.067068 -0.122029 0.109428 -0.114194 -0.281399 -0.073773 -0.200675 -0.102727 -0.093980 0.189863 0.045333 -0.150081 -0.227802 -0.186365 -0.028663 0.008164 0.120999 -0.015531 -0.142694 -0.220694 0.022906 0.218844 0.226452 -0.175786 -0.009458 0.095510 -0.140503 -0.144429
-0.005133 0.091130 0.060055 0.216444 -0.038291 0.074642 -0.108229 0.357159 -0.141946 0.035654 -0.206891 -0.085310 -0.089826 -0.114191 -0.085504 0.081483 -0.202306 -0.314282 0.030488 0.148946 -0.119440 0.128400 -0.059179 -0.138272 -0.056289 0.018070 -0.140956 -0.135289 -0.165004 0.125223 -0.102101 -0.538724 -0.127680 -0.172021 0.214658 0.066441 0.003027 -0.155986 0.163814 -0.153505 0.048893 -0.012628 -0.107852 -0.012412 -0.097129 -0.246355 0.031989
-0.055270 -0.100992 0.069367 -0.010429 0.233998 0.207704 -0.279260 0.171043 -0.130938 0.023878 0.138734 -0.281999 0.050685 -0.082443 0.074783 0.015334 -0.097598 0.223510 -0.060274 0.074025 -0.209707 0.117189 -0.262092 -0.348141 -0.050725 -0.182212 -0.171768 -0.210897 -0.073162 0.038089 0.024932 0.000585 -0.122265 0.018829 0.131401 0.099920 -0.167140 -0.099873 -0.020148 -0.132134 0.118844 0.124575 0.038325 -0.069315 0.141918 0.053201 0.006024
-0.263050 0.063321 -0.022226 -0.036628 0.149646 0.156696 0.092339 0.036239 -0.012670 0.111412 -0.117769 -0.004386 -0.322319 0.083154 0.114049 -0.112091 0.172814 -0.171680 0.033669 0.199446 -0.036693 -0.094698 -0.084050 -0.323182 -0.181328 0.013455 -0.000856 0.046891 0.024968 -0.080156 -0.111074 -0.117463 0.181168 0.102042 0.038590 -0.099156 0.015712 0.133340 0.017937 -0.084948 0.079686 0.131040 0.189697 0.067632 -0.147709 0.105323 -0.076789
-0.143367 -0.194180 0.011618 -0.042985 -0.329644 0.104126 -0.500398 0.175870 -0.150760 0.049730 -0.006181 -0.163809 -0.056110 -0.102698 0.075980 0.005521 -0.074409 -0.082386 -0.079735 0.164962 0.118648 -0.087554 -0.067003 -0.140219 0.012568 -0.126120 0.015797 0.111704 0.111480 0.098785 -0.021912 0.213208 -0.024975 -0.160000 -0.125260 -0.099254 0.036864 -0.112159 -0.201541 -0.120461 -0.170664 -0.098540 0.220791 0.086986 -0.069326 0.075132 0.140014
-0.012694 -0.035827 -0.070488 -0.224037 0.101465 -0.245490 0.043834 -0.030909 -0.087924 -0.366477 0.035906 0.019374 0.202089 0.121359 0.062260 0.091387 0.014666 0.090478 0.021650 -0.204960 0.064508 0.055185 0.008269 0.284041 0.067093 0.118925 0.031958 0.089927 -0.118292 -0.085833 -0.068753 0.031984 -0.155466 -0.037006 -0.278433 -0.022291 -0.068482 -0.061508 -0.271840 0.022181 0.166709 -0.182640 -0.091954 -0.054280 -0.007536 0.171891 0.163161
0.101669 0.062087 0.076578 -0.234596 0.082884 0.029064 -0.077678 0.104455 -0.142656 0.102602 -0.067571 -0.435732 0.007021 -0.207921 0.055987 -0.010238 -0.044385 -0.122575 -0.035522 0.153084 0.070015 0.189214 -0.163774 -0.114806 0.043152 -0.310134 -0.110028 -0.243751 -0.162237 -0.064346 0.101385 -0.010254 -0.526294 -0.008721 0.004590 -0.106469 0.226189 -0.284874 0.185862 0.157423 0.004838 0.140659 -0.191143 -0.067233 -0.037546 0.215905 0.008970
0.008009 -0.113301 -0.077144 0.140175 0.009634 0.012047 0.014147 0.047954 -0.312031 -0.026852 0.092494 0.033090 0.115826 -0.010454 0.128680 0.098822 -0.063243 0.305203 -0.009367 0.025339 0.065128 0.025961 -0.153662 -0.231119 -0.050678 0.092163 -0.236202 -0.115876 -0.012369 0.108603 -0.103350 -0.263140 -0.217761 -0.004790 -0.163724 0.091857 0.061971 -0.023950 -0.069997 0.038186 0.208914 -0.000641 0.076870 -0.393245 -0.194755 0.023963 0.217473
-0.247368 0.124402 0.067476 0.069560 -0.104250 -0.026186 -0.058275 0.377992 -0.225024 -0.052254 -0.079873 -0.234012 0.009150 -0.341938 -0.042290 0.063863 0.072911 -0.069696 -0.185288 -0.017304 -0.024239 -0.163898 -0.100050 0.139321 -0.102984 0.081821 -0.110809 -0.046912 -0.130215 0.060026 0.060639 -0.495336 -0.172489 -0.003647 0.081520 0.092991 -0.050432 -0.255511 0.142106 0.199379 0.133559 0.026161 -0.211597 -0.119652 -0.009929 0.004338 0.337124
-0.022009 -0.108183 0.063730 -0.150084 -0.008553 0.009685 -0.032996 -0.470776 -0.034468 0.050253 -0.180873 -0.025627 0.014444 0.123719 0.040434 -0.179416 -0.134572 0.023885 0.034735 0.145208 0.148649 -0.024192 -0.032541 -0.127552 0.168503 -0.270358 -0.035180 -0.238968 0.101295 -0.116357 0.039761 0.019448 -0.135638 -0.106324 -0.000609 0.061410 -0.123216 -0.004878 0.207117 0.041989 -0.022042 0.056665 -0.092217 -0.071058 0.080574 0.252109 -0.060904
0.030027 -0.127858 -0.033098 0.131914 -0.181679 -0.049444 -0.176195 -0.048478 -0.074340 0.097814 -0.016084 -0.149878 0.071800 -0.106457 0.137587 0.053161 -0.033598 -0.113273 0.146298 -0.005444 -0.279141 0.073156 -0.140191 -0.105830 0.047541 -0.062249 -0.236517 -0.026484 0.108325 0.030744 -0.034520 0.097018 -0.383687 -0.071327 -0.351506 0.010340 -0.084906 -0.236681 0.000675 -0.004154 0.069303 -0.065840 -0.183311 -0.047168 -0.093522 0.014719 0.163021
-0.157331 -0.035602 0.116910 -0.148889 -0.214880 -0.216409 0.084209 0.235489 0.041861 -0.140894 0.222281 -0.055317 -0.005885 -0.213016 0.176370 0.041863 0.117040 0.204433 -0.033352 -0.112272 -0.021558 0.049547 -0.152648 -0.055683 -0.163885 0.001835 -0.043069 0.108065 -0.268105 0.135806 -0.246959 -0.048453 -0.138004 -0.092961 -0.052389 0.094329 0.142211 -0.063075 0.130248 0.153008 0.102416 -0.069966 0.139171 -0.294462 -0.087366 -0.124368 0.086556
-0.029113 0.092479 0.094052 -0.114611 0.153427 -0.045994 -0.221703 0.056558 0.161226 0.101467 -0.131728 -0.068013 -0.244617 0.153942 0.124716 -0.200982 -0.113980 -0.129626 0.033223 -0.109019 -0.014523 -0.046449 0.127408 0.123143 -0.028379 -0.301149 -0.157540 -0.047114 0.033830 -0.031024 -0.053207 0.128602 0.187342 -0.114622 0.013486 0.078731 -0.031644 0.031507 -0.012233 0.102555 -0.288281 0.008452 0.116960 -0.050555 0.112736 -0.376069 -0.147364
-0.029565 0.093348 0.119780 0.279706 0.052057 -0.128544 -0.214950 0.021628 -0.044648 -0.080215 0.020042 0.268461 0.021507 0.132708 -0.037459 -0.172828 0.086769 -0.164715 -0.000504 -0.015483 -0.173002 0.149005 -0.107743 -0.068884 -0.057202 -0.071786 0.010535 -0.044570 0.218301 -0.078432 -0.035411 -0.014057 0.110018 -0.101182 -0.137815 0.059664 0.123266 0.065108 0.063306 -0.199318 -0.134317 -0.164973 -0.036563 0.138635 -0.163086 0.084678 0.194014
0.060943 -0.033115 0.068072 0.225126 0.110490 0.410142 -0.391056 -0.056409 -0.079733 0.163897 0.020771 0.121858 -0.199765 -0.053602 -0.216522 -0.015214 -0.276474 -0.246344 -0.359546 -0.094179 0.039261 0.003971 0.136282 -0.029417 0.056075 0.025370 -0.125409 -0.178324 0.192982 -0.251778 -0.071729 0.191980 0.047103 0.170015 0.160958 0.013649 0.047815 0.013293 -0.099565 -0.211074 -0.042514 -0.070221 0.036746 0.046582 0.045988 -0.252304 -0.177102
-0.168629 0.073908 0.133075 0.195492 -0.008241 -0.000189 -0.123928 0.085701 -0.140605 0.046117 -0.232313 0.101235 0.160536 -0.244496 -0.256613 -0.104503 -0.137449 0.004724 -0.148882 -0.247877 -0.028879 0.009603 0.116128 0.201161 -0.059530 -0.017824 -0.279066 -0.284064 -0.001241 -0.115385 0.392804 0.261251 -0.061512 0.153500 -0.106070 0.131436 -0.012572 -0.050682 0.033655 -0.115128 0.090356 -0.008652 -0.243000 0.103572 -0.084640 -0.033704 -0.124063
0.102076 -0.019154 0.149593 -0.089326 -0.033028 0.030914 -0.415993 -0.016023 -0.102031 -0.086401 0.023543 0.045944 0.004136 0.058648 0.156805 -0.395569 -0.120870 -0.236937 -0.027865 -0.127966 -0.258001 0.244671 -0.143469 0.008524 0.154407 -0.073210 0.168825 -0.078876 0.072483 -0.202472 0.169503 0.162436 0.073842 0.009493 0.030061 0.154321 -0.059847 0.016430 0.056100 0.064003 -0.271086 -0.134614 -0.116021 -0.080094 -0.110725 -0.228297 -0.218446
0.100911 -0.031217 0.055386 0.229190 -0.011033 0.184650 0.091487 0.048172 -0.059915 0.015224 -0.212737 -0.099702 -0.233308 0.093712 -0.250915 -0.052431 -0.276649 -0.075651 -0.035434 -0.048428 -0.011345 -0.054356 0.094365 -0.030968 0.032163 -0.117871 -0.124492 -0.088477 -0.065324 -0.103748 0.238710 0.224764 0.073163 -0.084538 0.033900 -0.060122 -0.012013 0.017845 -0.265140 -0.016854 -0.153798 -0.112656 0.064484 0.293323 -0.209037 -0.262236 -0.227159
-0.086176 0.022634 -0.182433 -0.153124 -0.035518 -0.138998 -0.019117 0.098084 0.059840 0.038815 0.087397 -0.126490 0.035003 0.015331 -0.340416 -0.016759 0.301490 0.154928 -0.057718 -0.205813 0.092609 0.132135 -0.124513 0.215718 -0.104048 0.087666 0.032690 0.005478 -0.185063 -0.175874 -0.046439 -0.007739 0.173079 0.241426 0.179186 -0.107843 -0.201532 0.083171 -0.026668 -0.131506 0.010113 -0.053992 0.163519 0.037809 0.098817 0.017735 -0.090877
-0.019127 -0.008788 -0.112291 -0.224147 0.044849 0.031763 -0.370966 -0.193739 0.074800 -0.131666 0.005234 -0.022949 -0.188051 -0.087664 0.112699 -0.090206 0.068289 -0.094106 -0.107767 -0.111163 -0.122064 0.122530 0.128038 -0.076688 0.029044 0.007260 0.042375 -0.074783 0.042916 -0.025172 0.109828 0.059339 0.166734 0.005036 0.327476 -0.076726 0.021389 0.107066 -0.292089 -0.083197 -0.040234 -0.079890 0.204532 0.073987 -0.032051 -0.175592 -0.120082
0.093192 -0.082686 -0.385988 -0.137927 0.146351 0.089381 -0.142807 0.115934 -0.035275 0.000914 -0.180759 -0.330199 -0.223382 -0.190810 0.026633 -0.152986 0.126180 -0.051108 -0.059051 -0.114308 0.092170 0.086014 0.108521 -0.057773 0.088400 -0.390913 0.125739 -0.149404 -0.059214 0.191039 0.094810 0.018024 0.112506 0.126704 0.153313 -0.312078 0.059792 0.150253 -0.154741 0.124277 -0.064497 -0.035111 0.078730 0.118892 0.002961 -0.360977 0.173382
-0.141531 -0.033754 0.101501 0.063951 0.134757 -0.016411 0.022437 -0.020914 -0.039253 -0.032853 -0.394408 0.010703 -0.315236 -0.057785 -0.076219 -0.035489 -0.364330 0.054606 -0.115233 -0.101198 0.035410 0.157964 -0.121911 0.165427 -0.158777 -0.108911 -0.013024 0.127133 -0.034542 -0.005095 -0.064356 -0.079271 -0.005815 0.172097 0.260285 0.019370 -0.052970 0.149564 0.049787 -0.193039 -0.220780 -0.009186 0.017521 0.029810 0.163043 0.214797 -0.101083
-0.035534 -0.151441 -0.047703 -0.198900 0.016342 -0.015220 0.003758 -0.092591 0.080003 -0.015812 -0.007123 0.022789 -0.059592 0.095761 0.074846 -0.091738 -0.108437 0.244843 -0.189722 -0.179361 0.155821 -0.012567 -0.002460 0.107582 0.015470 0.112550 0.268738 0.246078 -0.278774 0.051353 0.014893 0.222425 0.065218 0.071273 0.122790 0.025441 0.038711 0.077045 0.069508 0.042250 -0.110775 0.129787 0.127831 -0.032793 0.068159 0.144066 0.009959
-0.044230 0.059918 0.154792 0.203356 0.048947 0.282209 -0.233329 0.189355 -0.079498 -0.219891 -0.037320 -0.063785 0.022627 -0.150800 -0.321807 -0.164354 -0.084769 0.106307 0.001153 -0.197251 -0.050821 0.000033 -0.207866 0.076730 0.037859 -0.138609 -0.020627 -0.148058 -0.494965 -0.057648 0.129134 0.026375 -0.098212 0.062615 0.167334 0.069993 0.077544 -0.013535 0.151929 -0.051419 -0.081472 -0.146020 0.055306 -0.012426 -0.026706 -0.052585 0.036233
-0.073354 0.361693 0.063163 0.091813 -0.061189 0.146272 -0.319295 0.026367 -0.161763 0.046947 -0.056888 0.029942 0.080056 -0.137722 -0.086682 -0.191929 -0.261016 -0.230636 -0.108229 0.054151 -0.178240 -0.078535 0.055599 0.107737 -0.040168 0.177016 0.018783 0.073982 -0.031226 -0.103771 -0.009151 0.243851 0.290272 -0.086460 -0.096471 0.202623 0.021002 -0.324236 -0.381860 -0.088399 -0.297025 -0.052787 -0.335376 0.056366 -0.085136 -0.108971 -0.133627
-0.044905 -0.070048 0.140006 0.048388 -0.144898 0.110331 -0.074197 -0.095535 0.084541 -0.035201 -0.021957 0.221105 -0.131224 -0.108558 -0.034018 -0.366103 0.023577 -0.063964 0.108607 -0.060593 -0.062306 0.061649 -0.254077 -0.233904 -0.085239 -0.197576 0.002550 0.022982 -0.108139 0.009309 0.172511 0.068451 0.086289 0.008891 -0.012178 -0.010894 0.196384 -0.202713 -0.059291 0.027261 -0.085363 -0.080052 0.101899 0.062852 -0.099011 0.022522 -0.282115
-0.106469 0.029138 0.027855 -0.062862 0.220638 0.068588 0.110846 0.177458 -0.150810 -0.155873 0.026944 0.010651 -0.262982 0.048754 -0.194573 -0.122520 0.044261 0.139259 0.005471 -0.023860 0.160537 0.000041 -0.105506 0.118190 -0.196877 0.011029 -0.177193 -0.227482 -0.236103 -0.006026 -0.105318 0.043519 -0.118711 0.156088 0.351973 -0.031570 -0.122989 0.010811 0.051190 -0.301564 0.147410 -0.111295 0.003831 0.091389 -0.096863 0.035878 0.353595
-0.089493 0.107569 0.094009 0.266970 0.036311 0.196337 0.134237 0.054895 -0.387900 -0.072003 -0.176371 0.033638 -0.038572 -0.258293 -0.202522 0.010371 0.027882 -0.030489 -0.122839 0.213886 -0.011958 -0.050565 -0.188078 -0.059260 -0.142666 0.109029 -0.066350 -0.059272 -0.120042 -0.051373 0.033972 -0.173824 -0.033089 0.050089 0.034498 0.066215 -0.035241 -0.090608 -0.130529 -0.169644 0.009977 0.051850 -0.185019 0.123054 0.030216 -0.040882 0.040787
-0.049356 -0.347882 -0.109691 0.135380 -0.076772 -0.129438 0.048472 -0.040859 -0.275104 0.045298 -0.073596 0.107592 -0.047331 0.037580 0.051831 0.111010 0.135298 0.149522 0.003928 -0.131149 0.096532 -0.028627 0.032649 -0.199680 -0.033412 0.096464 0.058699 -0.173376 -0.039435 0.006062 0.030177 -0.373799 -0.001914 0.185674 0.323101 0.053652 -0.024955 0.134451 -0.006936 0.084818 0.102338 0.148374 -0.144288 -0.179499 -0.107554 0.184218 0.047844
-0.278763 -0.064095 0.310409 -0.127943 0.120300 -0.097161 -0.170745 0.333646 -0.263648 0.022205 0.314012 -0.247118 0.153780 -0.066519 -0.335647 0.094455 -0.281913 0.343031 -0.166207 0.004411 0.059463 0.002028 0.164981 -0.200475 0.001340 0.151047 -0.215662 0.127266 -0.117024 0.096658 -0.225601 -0.029498 -0.089351 -0.454843 -0.038973 -0.318551 -0.219250 -0.479132 -0.114217 -0.035424 0.079497 -0.181807 -0.028142 -0.118254 0.013673 0.138513 0.086318
-0.017551 0.074086 0.067191 0.012116 0.104023 0.088640 0.086528 -0.119142 0.067397 0.078832 0.341023 0.176100 0.225755 -0.125823 -0.222196 0.060578 -0.032213 0.283529 0.066793 -0.169089 0.028672 -0.061487 0.202738 -0.501739 0.041356 -0.148447 -0.431576 0.138936 -0.075041 0.001691 -0.258164 -0.251682 -0.285849 -0.413968 0.098900 0.085930 -0.019729 0.242981 -0.002475 -0.155517 0.025885 -0.081137 -0.279856 -0.382691 -0.060154 -0.062387 0.164725
-0.078712 -0.192481 -0.092342 -0.234694 0.086159 0.025515 -0.087618 -0.111726 -0.154776 0.135566 0.056782 -0.175872 0.027503 -0.096570 -0.102458 -0.323776 0.021253 0.072504 0.060324 0.138012 0.067607 -0.069498 0.018392 0.007284 0.034585 0.089602 -0.048131 -0.069653 0.032657 -0.044044 0.061270 0.004497 0.125482 -0.131939 0.056290 -0.112875 0.092852 -0.022329 -0.009236 0.148199 -0.080098 -0.076488 0.111282 0.010144 -0.045547 -0.141209 0.111042
0.087595 0.078151 0.266407 -0.245988 -0.061479 -0.021855 -0.087432 -0.082222 0.093890 -0.231875 -0.240253 -0.023104 0.161304 0.043060 -0.105936 -0.481369 -0.247104 -0.418567 -0.046811 0.149274 -0.112140 -0.032029 0.185551 -0.299215 0.096045 0.045444 -0.114497 0.038784 -0.045019 0.066323 -0.220705 -0.093717 -0.129825 -0.159433 0.029680 -0.021508 -0.340534 -0.007356 0.011534 -0.168490 -0.129959 -0.025433 0.136540 -0.134071 -0.123635 0.022929 0.327380
-0.059699 -0.141425 -0.108388 0.024536 0.164362 -0.018343 0.028809 -0.294073 -0.013739 0.087216 -0.058747 0.097386 -0.096685 0.140952 0.120622 -0.090167 -0.146789 0.008233 -0.091571 -0.079439 -0.111115 -0.027083 -0.216909 0.061967 0.043079 0.192446 0.116767 0.073735 0.109018 -0.023021 0.202926 0.059770 0.183446 0.077283 -0.125687 -0.088162 -0.046256 0.010790 -0.000173 0.195466 -0.135457 0.050388 -0.177581 -0.128808 -0.051405 -0.135404 0.056896
0.031973 0.105203 -0.022648 0.035981 -0.159594 0.091610 -0.012790 0.069348 0.085351 0.119064 -0.004689 0.380663 0.225161 -0.007822 -0.134834 -0.110488 -0.046090 0.053890 -0.055102 -0.051491 -0.157548 0.239481 0.085261 -0.113706 0.137045 0.028596 -0.409784 -0.110791 0.122348 0.037037 0.004727 -0.008863 0.120425 0.116009 0.083024 0.017123 -0.220139 -0.172426 -0.135603 0.048849 -0.400737 0.000798 -0.325094 0.091175 -0.119762 -0.058368 -0.033881
-0.000658 -0.238319 -0.033895 0.046709 -0.118089 0.022092 0.107714 0.110115 0.043158 -0.096090 0.419089 -0.030939 -0.011935 -0.054521 0.037221 -0.022003 0.240476 0.172985 -0.008033 -0.105163 -0.219951 0.092892 -0.013878 -0.491431 -0.103819 -0.153748 0.165833 0.183695 0.073038 0.069294 -0.240430 0.032880 -0.312004 -0.383975 -0.315875 0.100150 0.275283 0.089175 0.164684 0.004225 0.017466 -0.027447 0.025697 -0.131431 -0.078881 -0.025407 -0.000568
-0.090997 -0.103443 0.136139 -0.208723 0.137352 -0.138112 0.011634 -0.040059 -0.230010 -0.000020 0.176627 -0.145647 -0.013138 -0.044095 -0.286721 0.180938 0.106318 0.112047 -0.104866 0.008481 -0.009502 0.034548 0.164530 -0.068577 0.009693 -0.005769 -0.178344 0.106486 -0.098518 0.095685 -0.090297 0.001098 0.114539 0.013025 0.007271 -0.153497 -0.027462 -0.154887 0.031161 -0.170503 0.038421 0.089723 0.011681 0.020190 0.143947 -0.023885 -0.037098
-0.013331 -0.008858 -0.335505 0.113119 0.138826 0.236491 -0.398439 0.021170 -0.032264 0.016356 0.039821 -0.501264 -0.188724 0.184964 0.015456 0.256062 -0.305742 -0.243668 -0.077094 0.095745 -0.531767 0.202888 -0.016954 -0.526119 -0.174269 -0.050048 -0.056605 -0.157106 -0.194384 0.189964 -0.258457 0.108689 -0.342704 -0.824138 0.035801 0.047939 -0.149302 0.120233 -0.296181 -0.153147 -0.048994 0.053688 -0.282627 -0.138424 0.052095 -0.007609 0.072324
-1.012490 -0.418102 -0.038531 0.191920 -0.179766 -0.183283 -0.040865 0.197779 -0.055510 -0.158802 -0.000384 -0.227949 -0.032843 -0.501490 -0.039748 0.025635 0.025599 0.031450 0.000721 -0.181055 -0.285783 0.085881 -0.135771 0.084199 0.187421 0.060317 -0.194437 0.036473 0.123489 0.104169 0.100336 -0.538163 0.188637 -0.253546 -0.360369 0.039340 -0.015013 0.007186 -0.080824 0.042317 0.095934 -0.168391 -0.040563 0.036703 -0.296293 -0.030337 0.232248
-0.009438 0.011962 -0.004158 -0.111670 0.127438 -0.266971 -0.070643 -0.115610 -0.344153 0.100440 0.191267 -0.303146 -0.182236 -0.115583 -0.189832 0.027485 0.085082 0.133465 0.066980 0.027453 0.104231 -0.062913 0.046057 -0.030085 -0.045067 0.155303 -0.052009 0.003315 -0.067626 0.005671 0.016457 0.039447 -0.054569 -0.033922 0.033095 -0.132482 0.084257 -0.206124 -0.054452 0.061070 0.031816 0.106888 0.067910 0.032910 0.187508 -0.009084 -0.147061
-0.092886 0.108276 -0.013174 -0.552616 -0.277718 0.160052 -0.003030 0.342099 -0.126047 0.043785 -0.133901 -0.133987 0.116849 -0.273860 -0.117875 0.025694 -0.142467 -0.015115 -0.099020 -0.037683 0.050315 0.353334 -0.051588 0.164017 -0.212884 0.073788 -0.390287 0.122308 -0.137969 0.320796 0.112841 0.084182 0.039994 -0.097704 -0.301859 0.025617 -0.171183 0.000593 -0.388306 -0.145004 0.126685 -0.617025 0.328464 0.133354 -0.431917 0.000932 0.341589
-0.053535 -0.036279 -0.016329 -0.152082 0.063040 -0.073801 -0.005717 0.025810 0.180995 -0.016747 0.131577 -0.034151 -0.106056 -0.024538 -0.131151 -0.046650 0.120235 0.284957 -0.188325 -0.252681 0.021805 -0.034482 0.091363 -0.148033 -0.124340 -0.016093 -0.154726 -0.140431 -0.172659 0.253061 -0.432906 -0.179441 -0.140212 -0.091120 0.053105 -0.101680 -0.138943 -0.099519 0.079265 -0.055401 0.052707 -0.142807 0.087229 -0.092098 0.062719 0.132703 0.290796
0.018512 -0.118795 -0.058300 -0.107045 -0.251645 -0.139687 -0.102253 -0.021611 -0.062608 -0.198614 -0.165005 -0.264549 0.125593 0.065053 -0.157971 0.013928 -0.016438 0.067570 -0.044848 0.039549 0.097428 0.099149 0.125306 -0.210626 0.081275 -0.097189 0.021360 -0.164672 0.043756 0.139328 -0.262733 -0.103599 -0.190710 0.023793 0.115216 0.100462 -0.031733 0.072666 0.066029 -0.186387 -0.039358 -0.078597 -0.141583 0.042553 -0.153056 0.147095 0.181842
-0.302380 -0.434157 0.234477 -0.197553 0.041012 -0.168221 -0.030513 0.141626 0.081624 -0.035846 0.086394 -0.095908 -0.097070 -0.027754 -0.127723 -0.040128 0.093610 0.066857 -0.184801 -0.347744 -0.042792 0.113777 -0.010143 -0.140723 0.207157 0.173538 -0.253035 -0.180535 -0.005117 -0.015158 0.041771 -0.041516 0.059047 -0.257169 -0.181901 0.181780 -0.083296 -0.103549 -0.125257 -0.141569 0.074929 -0.028918 0.137348 -0.050204 -0.069342 -0.052772 0.248464
0.068608 -0.159938 0.232042 -0.125223 -0.238528 -0.028251 -0.067588 -0.163824 -0.136634 -0.032887 -0.147914 0.040533 0.021338 0.061880 0.098414 -0.103175 0.015517 -0.095500 -0.089547 0.139739 0.051481 -0.043311 0.183216 0.104943 0.078359 0.125670 0.006525 -0.152887 0.033552 -0.220151 0.067344 -0.186575 0.074921 -0.181468 0.020306 -0.109947 -0.044332 -0.096799 -0.089619 0.097426 -0.320619 -0.072150 0.071522 0.113267 0.128564 -0.196851 -0.098268
-0.070144 -0.026278 0.040870 0.079986 0.009716 -0.109350 0.030843 0.173309 0.116586 -0.116071 0.020965 0.144278 0.001733 -0.084326 -0.281997 0.003449 0.031352 -0.063603 -0.067985 -0.043116 0.185240 -0.041792 -0.058031 -0.058642 -0.051599 0.275989 -0.066110 0.084982 0.067892 -0.127185 0.211722 -0.074817 0.289727 0.019673 0.203574 -0.009016 0.020104 0.018166 -0.252528 -0.124666 -0.161334 -0.018199 -0.172435 -0.183700 -0.107072 0.201807 -0.020582
-0.020050 -0.012462 -0.042663 0.225927 -0.033328 -0.177986 -0.012572 -0.007631 0.090338 0.099646 -0.179417 0.111448 -0.064868 0.016729 -0.479916 -0.100211 0.132736 -0.014857 0.025709 -0.318304 0.115670 -0.027686 0.139050 -0.050436 -0.112715 0.129487 -0.068530 -0.082542 0.207603 -0.282270 0.125084 -0.183241 0.094488 0.071497 -0.050639 -0.049167 -0.151867 0.064674 -0.131410 -0.070946 -0.008767 -0.074206 0.223078 -0.112774 0.102526 0.012771 -0.043066
0.040905 0.062721 -0.001478 -0.052377 0.000762 -0.370437 -0.102243 0.154907 -0.076751 0.025489 -0.238909 -0.094871 0.050406 0.020556 -0.359099 -0.282283 -0.182116 0.165692 -0.026156 -0.142308 0.025106 -0.007143 0.055101 0.105100 0.041365 0.216901 -0.047719 0.117368 -0.205419 -0.187869 -0.037388 0.148612 0.157759 0.038238 -0.008431 0.042047 0.028552 0.188988 0.133962 0.105412 -0.238875 -0.115089 -0.074430 0.065217 0.048817 0.023717 -0.313074
0.091629 -0.024342 0.122233 0.059634 0.097380 0.070785 0.246389 -0.115391 0.162017 -0.080659 0.164076 0.082997 -0.305716 0.046027 -0.120680 0.025186 -0.161165 0.113891 -0.264229 -0.190533 -0.074242 0.059930 0.164142 -0.020925 -0.047991 0.004620 -0.076196 -0.048251 -0.031482 -0.223847 -0.006281 0.027787 0.136104 0.048362 0.048745 0.138283 -0.221751 0.041524 -0.188417 0.025446 -0.142643 -0.189090 -0.015144 -0.061633 0.023313 -0.384554 0.152881
0.159893 -0.019282 0.076490 -0.005560 -0.177099 -0.000177 0.049953 -0.195894 -0.122092 0.070108 -0.155500 -0.057181 0.052910 0.077750 -0.208858 -0.475307 -0.014985 -0.190981 0.021746 -0.015488 0.064855 0.059375 0.207475 0.050118 0.028764 0.047140 0.172861 0.091915 0.004355 -0.053233 -0.038995 0.024775 0.210393 -0.332416 -0.171622 -0.176818 0.017810 0.000778 -0.214098 0.036058 -0.371653 -0.112599 -0.127668 0.162506 0.023141 0.106354 -0.084148
-0.043993 -0.070498 0.086822 0.069143 0.028266 -0.099389 -0.102849 -0.219970 0.040482 0.139103 0.073001 0.267294 0.152374 -0.053933 0.079155 -0.050741 -0.046327 -0.183814 0.059239 -0.074636 0.188166 -0.006647 -0.007752 0.192489 0.011884 0.061257 0.051235 -0.009514 0.005730 0.002555 0.037666 -0.186196 0.077835 -0.288610 -0.165038 -0.147386 -0.012974 0.126694 -0.110674 -0.030735 -0.112035 -0.090932 0.002558 0.019229 0.071906 -0.137660 -0.131436
-0.016627 -0.062269 -0.127787 0.039571 -0.048497 0.076156 -0.186144 -0.041909 -0.203299 0.097409 -0.054024 -0.060843 0.126677 0.171707 -0.325673 -0.131401 -0.025419 -0.069678 0.067640 0.090650 0.171641 -0.093452 -0.031123 0.164231 0.035018 0.435513 -0.021794 -0.295410 -0.040245 -0.257206 0.163734 0.020940 0.299447 -0.101277 0.081251 -0.148643 -0.101608 -0.041049 0.179404 0.030217 0.011007 -0.171132 -0.194705 0.031965 -0.188068 -0.138163 0.148440
0.007019 0.065661 -0.033357 0.046816 0.018453 -0.005731 0.247108 0.097358 0.007658 0.059163 -0.012859 -0.004602 0.021829 -0.205330 -0.177856 -0.007462 0.022844 0.101949 -0.279757 -0.011261 0.312716 -0.036066 0.097501 0.088725 -0.072885 0.099487 -0.067330 -0.023870 -0.009587 -0.132375 -0.061967 -0.049514 0.145858 0.179226 0.259154 -0.091186 -0.067316 0.116827 -0.152372 -0.149236 -0.088056 -0.243749 -0.114435 -0.118161 -0.119339 -0.073105 0.105681
-0.044232 0.076653 -0.043197 0.235129 -0.130856 0.099220 0.170975 0.067750 -0.005673 -0.015289 -0.078507 0.050606 0.071479 0.097380 -0.051601 -0.296448 -0.077032 -0.171792 0.066727 -0.197602 0.018111 -0.240767 0.158713 0.066691 -0.029936 0.127366 -0.026799 -0.018257 -0.103459 -0.196222 0.093404 -0.025230 0.070065 -0.078236 0.077720 -0.065752 0.078843 0.007992 -0.039006 -0.072812 -0.025661 -0.272486 0.099680 -0.085149 0.151627 -0.046794 -0.088464
0.061950 -0.126252 0.112105 0.079386 -0.035511 -0.250437 -0.127717 0.000116 0.033815 0.025881 -0.241478 -0.059722 0.161401 0.034446 0.093264 -0.357942 -0.171869 -0.234545 -0.092601 -0.149479 -0.024429 0.059746 0.010110 -0.061898 0.066165 0.322128 0.093544 0.090000 0.124029 0.032031 -0.025439 -0.056980 0.052760 -0.169464 -0.102529 -0.017911 -0.041031 -0.076961 -0.163160 0.152560 -0.276044 -0.107825 -0.258173 0.027688 0.160517 0.058168 -0.332247
-0.034400 -0.046544 0.067882 -0.045705 0.182498 -0.299787 -0.050219 0.241660 0.040919 -0.118933 -0.170536 0.059050 0.078991 -0.083413 -0.113553 -0.092729 -0.058801 0.055197 -0.081925 -0.210694 0.205694 -0.022289 -0.045214 0.180878 -0.081973 0.234297 -0.042610 0.194222 -0.222036 -0.174255 0.090992 0.091117 0.104980 0.096153 0.114408 0.044910 -0.077679 0.077919 -0.012461 0.029923 -0.153374 -0.177860 -0.198460 0.031494 -0.028926 0.103974 -0.147446
0.063686 0.028995 0.189701 -0.153694 -0.196176 -0.145355 -0.075999 0.037306 -0.170220 0.078997 -0.133539 -0.178358 -0.038589 0.136793 -0.155929 -0.393468 -0.061625 -0.007505 -0.225410 -0.060801 0.010128 0.097852 0.049260 0.164198 0.056411 0.329327 0.132221 0.045397 -0.019104 -0.040290 0.004098 0.050438 0.224275 -0.361699 0.009776 -0.115358 -0.079375 -0.081296 -0.031191 0.085840 -0.267565 -0.188453 0.048059 0.105476 -0.098324 0.044410 -0.353110
-0.065537 -0.014114 0.055329 0.249063 -0.066823 -0.231140 0.092017 -0.205214 0.245675 0.099801 -0.353808 0.411955 0.112636 -0.032558 -0.682132 -0.360028 0.047484 0.018377 -0.036814 -0.172096 0.244665 -0.055606 -0.014721 -0.016661 -0.064112 0.289988 -0.046197 0.107382 -0.066345 -0.017468 0.001127 0.148596 0.102458 0.036652 -0.066394 0.055806 -0.022588 -0.027145 -0.120380 0.249411 -0.061335 -0.076699 0.044761 -0.052681 -0.022009 0.130719 -0.225250
-0.016077 0.052812 -0.223660 -0.255846 0.201588 -0.003712 -0.060977 0.118655 -0.077592 -0.192089 -0.296618 -0.136374 -0.183124 -0.355403 0.086590 -0.076521 -0.130572 0.218203 -0.098960 -0.151174 0.426732 -0.046220 0.001125 0.136292 -0.064819 -0.085898 -0.113392 -0.150014 -0.126377 -0.099346 0.204692 0.111166 0.201676 0.228286 0.317321 0.099661 -0.112848 0.078559 0.054456 -0.147896 -0.009274 -0.059334 -0.062840 -0.179026 -0.086674 -0.061959 0.089695
0.001098 -0.036553 -0.016002 0.134609 0.170003 -0.284276 0.071951 -0.000861 0.071272 -0.069434 -0.137391 0.203692 0.049008 0.027976 -0.229909 -0.144941 -0.097883 -0.005139 -0.069028 -0.120435 0.044036 -0.058358 0.147190 0.106389 -0.004635 0.252205 0.045689 0.146676 -0.312794 -0.237483 0.163578 0.040112 0.087140 0.029335 -0.013111 -0.095720 -0.036358 -0.051629 -0.135071 0.100380 -0.207367 -0.032552 -0.034811 -0.008995 0.019979 0.185951 -0.233533
0.007519 0.048732 -0.117234 -0.221453 -0.037758 0.158542 -0.014277 0.097282 -0.065422 0.024840 -0.183862 -0.169359 0.132483 0.079404 0.102543 0.140660 0.085487 -0.357028 0.050487 0.155919 0.082567 -0.296964 -0.026715 -0.323064 -0.061476 -0.088076 0.059471 -0.092538 0.004308 0.109934 -0.133458 -0.019014 -0.023267 0.082630 -0.036723 0.052319 0.005156 -0.064513 -0.386359 -0.263251 0.043622 0.000810 0.015887 -0.110607 -0.026218 -0.071485 0.113714
-0.027824 -0.028236 -0.304903 -0.233575 -0.111444 0.240650 0.123679 0.044021 -0.027922 0.126566 -0.099645 -0.060986 0.071575 0.075909 0.197361 0.032433 0.001590 -0.444165 -0.033101 0.047699 0.147516 -0.065136 0.173778 -0.622008 -0.051419 -0.104094 0.021710 0.192357 0.003932 0.005608 -0.401108 -0.310772 -0.343110 -0.127326 -0.085096 0.007773 0.220681 -0.113887 -0.590813 0.056504 0.008795 0.062502 -0.069711 0.000331 0.034275 0.112662 -0.023900
0.061683 -0.271820 0.158637 0.140179 0.102971 -0.506555 -0.170737 -0.058070 -0.035038 0.116074 0.097276 0.119022 -0.034701 0.129380 -0.273621 -0.153698 0.076949 0.070657 0.063094 -0.106257 -0.151794 -0.043133 0.054887 -0.026011 -0.074949 0.114141 0.002198 0.087012 -0.207152 -0.059808 -0.173975 0.103565 -0.199351 -0.371356 -0.376551 -0.082520 0.132871 -0.031562 0.123188 0.067363 -0.062296 0.193306 -0.164340 -0.107628 -0.014589 -0.037204 -0.213350
-0.041875 -0.039519 -0.077536 -0.041062 -0.107510 0.269471 -0.140375 0.003447 -0.044252 -0.076314 0.070792 -0.201158 -0.007552 0.047125 0.265521 0.204102 0.155578 -0.376930 0.168869 0.196296 -0.202848 -0.103442 -0.126264 -0.523581 -0.077809 -0.095695 -0.104475 0.085409 -0.091428 0.195465 -0.175148 -0.211746 -0.226831 -0.100681 0.004777 0.137007 0.136409 -0.112367 -0.233993 0.008165 0.019381 0.080594 -0.110768 0.006890 -0.063304 -0.103188 -0.107013
-0.033777 -0.077032 -0.224671 -0.300600 -0.387839 0.152009 0.064085 -0.067086 -0.036149 0.032436 -0.082911 0.010654 -0.006521 0.146190 0.159601 0.168577 0.068672 -0.068790 -0.030821 0.048947 0.083446 0.043763 -0.152870 -0.098190 -0.021627 -0.020564 0.224881 -0.029199 -0.010818 0.180510 -0.357155 -0.209419 -0.301396 -0.189915 -0.378594 -0.008214 -0.022040 -0.211639 -0.202609 -0.112843 0.026143 -0.037583 -0.309435 -0.224383 0.160179 -0.088149 -0.079905
-0.000818 -0.194884 -0.163289 -0.366517 0.022646 0.234632 0.086466 -0.168402 -0.101877 0.017143 -0.054090 -0.054591 0.100375 -0.191284 0.271185 0.172022 0.029632 -0.456236 -0.022818 0.067583 -0.122289 0.069139 -0.093562 -0.238848 -0.053060 -0.117513 -0.120997 0.004611 0.069226 0.096345 -0.179029 -0.032338 -0.268530 0.239312 0.024206 -0.136694 -0.078404 -0.345560 -0.366912 -0.048345 0.102703 0.063235 -0.112797 0.011075 -0.002091 -0.044651 0.039979
-0.137148 -0.082528 -0.014433 0.181814 0.192388 0.232456 0.176889 -0.028972 0.040440 0.000102 0.308631 -0.101092 -0.157951 0.067222 0.009249 0.102455 -0.046440 -0.098760 -0.003765 -0.002973 -0.115553 -0.067465 -0.013102 -0.083845 0.071500 0.121039 0.272631 0.051893 -0.149049 -0.183839 -0.187846 -0.133514 -0.537813 0.097636 -0.032173 0.156035 -0.143149 -0.054718 0.099558 -0.264207 -0.034032 0.007621 -0.092248 -0.205553 0.078858 -0.029005 -0.113036
0.010072 -0.055455 0.262640 -0.089943 -0.026138 -0.293525 0.108440 -0.149915 0.044484 0.017777 0.210160 -0.132509 0.080391 0.098611 0.113326 0.051958 -0.076715 -0.067243 -0.014990 -0.219286 -0.219973 -0.101639 -0.307594 -0.335846 -0.103714 0.132825 0.124211 0.123249 -0.202136 0.106195 -0.048620 -0.173179 -0.355514 -0.084931 -0.187091 0.040729 0.007436 -0.090368 -0.154788 -0.006784 0.102644 0.077322 0.046282 0.137930 0.125465 0.182353 -0.271496
-0.158025 -0.187838 0.175719 0.187694 -0.055868 -0.139710 0.048371 0.106894 -0.066550 0.124503 0.197591 0.070888 0.075125 0.075062 0.061235 0.103170 0.145093 0.028177 -0.056330 0.001456 -0.248746 -0.365198 -0.111243 -0.209173 -0.017214 0.188394 0.247616 -0.015318 0.005261 0.096464 -0.250705 -0.111151 -0.355849 -0.019313 -0.250985 0.184263 -0.000490 -0.448009 0.022416 -0.043435 0.073763 0.117820 -0.063103 -0.003503 0.013470 -0.005235 -0.216231
0.093242 0.084882 0.154481 0.149705 -0.131200 0.096215 0.075472 0.259445 -0.227225 0.029614 -0.047516 -0.117739 0.024136 0.142013 0.052039 0.118671 0.010582 -0.293013 -0.030937 0.036202 -0.367912 -0.185026 -0.640991 -0.531828 -0.064529 0.147376 0.091184 0.156534 -0.042703 -0.187225 -0.341659 -0.218135 -0.147022 -0.187178 -0.332858 -0.090898 0.172414 -0.039184 -0.141849 -0.391124 0.064169 0.040980 0.102173 0.029346 -0.034257 0.025773 -0.560204
0.060559 -0.055352 -0.107088 -0.232008 -0.049464 -0.144386 -0.090998 -0.272753 -0.016443 0.182267 0.231324 0.117693 0.127217 0.034539 0.040905 0.177835 0.136309 -0.040692 -0.112238 -0.152029 -0.072344 0.023299 -0.106510 -0.019360 -0.126914 0.322009 0.174703 0.212335 0.052814 -0.016577 0.162177 0.049521 -0.107214 0.141579 -0.232668 -0.094195 0.040401 -0.340334 0.216637 -0.275752 0.027887 -0.014295 0.077139 -0.312851 0.047432 -0.141341 -0.277435
-0.075444 -0.111587 -0.188648 -0.191401 0.038262 0.196366 0.029356 -0.164102 0.050692 -0.092065 -0.104324 -0.024258 -0.038483 -0.134092 0.199541 0.145553 0.095756 -0.135468 0.018892 -0.015095 -0.142045 -0.086886 -0.100487 -0.260874 0.018543 -0.231155 -0.155604 -0.001029 0.061022 0.167461 -0.175135 -0.098337 -0.452902 0.076992 0.009842 -0.110565 0.043801 -0.172287 -0.150928 -0.005481 0.129988 0.050513 -0.114602 0.083182 0.098250 -0.167209 -0.025364
-0.089758 0.041681 0.012592 0.111627 -0.023088 -0.220374 -0.119992 0.134499 -0.092179 0.162535 0.388933 0.128496 0.111653 -0.243199 0.145390 0.025565 0.157286 -0.187827 -0.126346 -0.027979 -0.363734 -0.044749 0.150417 -0.209002 -0.054480 0.357530 0.076593 0.456832 0.257146 -0.058407 -0.208450 -0.124602 -0.364724 -0.283337 -0.195567 -0.024291 0.032781 -0.180570 -0.139983 -0.165036 0.113468 0.114654 -0.010464 -0.055657 -0.071397 -0.121705 -0.269821
0.044918 -0.165223 -0.155703 -0.333854 -0.182678 0.111372 0.047744 -0.078827 -0.041899 0.088872 -0.099674 -0.021236 0.154068 -0.109671 0.266886 0.042123 -0.036633 -0.038493 0.013828 0.143636 0.284975 0.012124 -0.132012 0.033815 -0.091081 0.242873 0.089442 0.075241 0.032602 -0.002256 -0.197034 -0.177962 0.184260 -0.394511 -0.162747 0.006242 0.048481 -0.277617 -0.057974 -0.128014 0.106975 -0.105221 -0.077241 -0.281494 -0.013318 0.249541 -0.092561
-0.016707 0.029942 0.270840 0.085752 -0.137586 0.541180 0.155547 0.213664 -0.315040 -0.059911 0.030198 0.097490 0.041902 0.073710 0.189536 0.312604 0.041944 -0.158112 -0.068677 -0.098745 -0.185822 -0.089605 -0.240391 0.029211 -0.225195 0.129766 -0.109117 0.229187 -0.202693 0.146485 -0.339926 -0.254416 -0.440016 -0.223590 -0.209357 -0.046448 0.103784 -0.253887 -0.104298 0.103710 -0.007864 0.039377 0.056460 -0.063360 0.142107 -0.420905 -0.220517
0.039093 -0.059525 -0.060513 -0.007454 -0.167392 0.244677 0.112398 0.296187 -0.137011 -0.003284 0.061589 -0.145855 -0.013091 0.006601 0.088308 0.102392 0.008821 -0.284516 0.040468 0.112977 -0.129822 -0.004660 -0.133955 -0.242374 -0.085878 0.008270 -0.066220 0.248951 -0.101541 -0.074359 -0.224026 -0.205011 -0.220125 0.171905 -0.097192 -0.132832 0.124074 0.022400 -0.317452 -0.283553 0.047978 0.037801 -0.054320 0.075333 0.059472 0.308193 -0.183902
0.060431 -0.027959 0.126095 -0.044020 0.073861 -0.000718 0.029835 0.258801 -0.000782 -0.006280 0.051127 -0.256123 -0.073819 -0.240749 -0.067564 -0.137785 0.001056 0.176050 -0.109994 -0.095293 0.058765 0.081263 -0.246039 -0.106193 0.039158 -0.055561 -0.062009 0.130512 -0.157916 -0.030482 0.007266 -0.126335 -0.166953 -0.090991 -0.110766 0.081965 0.059253 0.099532 -0.088408 -0.140050 -0.100117 -0.140341 0.082484 -0.004656 0.120217 -0.110997 -0.148998
0.092245 0.155613 0.105870 0.330487 0.063294 0.008998 -0.024694 0.284280 -0.431906 -0.063315 -0.030629 -0.049088 -0.080542 -0.185122 -0.255193 -0.047133 -0.003593 0.183173 -0.146065 0.015620 -0.309344 -0.066696 -0.010336 -0.010855 0.056901 -0.115422 -0.114862 -0.182194 -0.272126 0.119847 -0.022024 -0.014149 -0.159568 -0.340389 -0.153019 0.229483 -0.033138 -0.319027 -0.005030 -0.200863 0.088093 -0.150012 0.074012 0.145862 0.070473 -0.349619 0.262740
0.064961 -0.052159 -0.012772 0.020607 0.138219 -0.112400 -0.044403 0.140017 0.033116 -0.054114 -0.022231 0.141582 -0.034869 -0.100233 0.000212 -0.080257 -0.093011 0.095691 -0.036517 -0.025156 -0.044003 -0.100219 0.131912 0.020892 0.046281 -0.020847 -0.166259 0.182955 -0.284098 -0.013192 -0.046588 0.038759 0.065519 -0.046137 -0.123007 0.132303 -0.017136 0.007687 -0.080475 0.035092 -0.019661 -0.074529 0.010898 0.092966 0.001512 -0.116972 -0.320876
0.043467 -0.062569 -0.021635 0.316092 -0.131553 0.134640 0.141638 0.215583 -0.360769 -0.016978 0.053599 0.080692 -0.203951 -0.396393 0.004814 -0.044684 0.186754 0.119584 -0.044606 -0.218606 -0.053570 -0.098348 -0.021949 -0.047009 -0.033552 -0.064455 0.147698 0.011479 -0.239823 -0.017575 -0.071117 -0.081767 -0.255409 -0.159584 0.056600 0.175411 0.130295 0.085661 0.036819 -0.050571 -0.002136 0.061815 0.039447 -0.142346 0.218720 -0.005738 0.090876
-0.037977 0.351441 0.216827 0.112031 -0.124391 0.209682 0.131083 0.067913 -0.422336 -0.057899 0.020662 -0.265367 -0.161998 -0.405048 0.105753 0.103822 0.027518 0.215598 -0.087629 0.231679 -0.136884 -0.190673 -0.380092 -0.123697 0.002571 -0.260977 -0.060740 -0.078406 -0.021576 0.050920 -0.302867 -0.147241 -0.031260 -0.144217 -0.059981 0.009455 0.041144 -0.342709 0.146679 0.086325 -0.018752 0.075842 0.117498 -0.079016 0.011717 -0.049489 -0.064468
-0.056965 0.050769 0.133356 0.263527 0.107732 -0.048527 -0.135780 0.312655 -0.179665 -0.215531 -0.024956 0.147202 -0.099549 -0.192327 -0.213817 0.001707 -0.238442 0.183243 -0.020239 -0.016255 -0.117157 -0.123877 -0.084881 0.014626 0.015055 -0.137926 -0.480371 0.046735 -0.253463 0.016402 -0.110318 -0.275713 0.077054 -0.060389 -0.327182 0.023331 0.188051 0.013541 0.227547 0.047887 0.043472 -0.236130 0.038321 0.016891 -0.177584 -0.092060 0.111813
0.128224 -0.042639 0.215436 0.193911 -0.046017 -0.014064 0.090968 0.262116 -0.043246 0.029152 -0.077762 -0.119404 0.006685 0.053567 -0.180185 -0.155558 0.064883 -0.104062 0.034453 -0.201427 -0.066309 -0.203592 -0.059539 -0.028382 0.076187 0.068825 0.034501 0.005020 0.062447 -0.045334 -0.015214 -0.213300 -0.119807 -0.363105 0.062698 0.123640 -0.040622 -0.207225 -0.316363 -0.108944 -0.029328 -0.027967 -0.179945 0.167676 0.111420 -0.053346 -0.214340
-0.050008 0.004439 0.153325 0.377365 0.038807 -0.084280 0.067673 0.213837 -0.076081 -0.117124 -0.058410 -0.038759 -0.369751 -0.179687 0.028305 0.144211 0.024687 0.118109 -0.006930 0.061719 -0.402446 -0.121430 0.005834 -0.133387 -0.094133 -0.112253 0.050595 -0.158524 -0.375699 0.090177 -0.092135 -0.151568 -0.078324 -0.051300 -0.141916 0.210234 0.118034 -0.178261 -0.031817 -0.063005 0.054530 -0.113357 -0.052590 -0.131560 0.077863 0.001211 0.168488
-0.088873 0.001011 0.001831 0.144195 0.167724 0.139257 -0.031369 0.208901 0.038392 -0.134994 0.004578 0.134283 -0.214765 -0.057069 -0.161709 0.005154 -0.038390 0.064982 -0.186412 0.085639 -0.126999 -0.137102 -0.082678 0.033569 0.050755 -0.033459 0.139817 0.061887 -0.262656 0.081640 -0.040348 -0.032054 0.154573 -0.113605 -0.021878 0.065997 0.101742 -0.007508 -0.113187 0.107267 -0.022694 -0.300314 0.064982 0.081183 -0.022170 0.044763 -0.221354
0.045424 0.083675 0.006588 0.302991 -0.108284 -0.064909 0.042418 0.234726 0.150020 0.160003 0.003189 -0.043349 -0.056116 -0.278288 -0.337020 -0.261081 0.015095 -0.205690 -0.122400 -0.234740 0.171235 -0.029254 -0.293010 -0.351698 0.070099 -0.206186 -0.105743 0.143963 -0.407298 -0.088092 0.088519 -0.093898 -0.182609 -0.192238 0.082272 0.279943 0.082498 -0.033409 -0.007018 -0.045752 0.044694 0.008661 0.196497 0.065716 -0.045658 -0.001697 0.208873
0.042604 -0.034640 0.121485 0.144169 -0.174541 -0.039909 0.142452 -0.075823 -0.006824 0.098548 -0.114972 -0.501315 -0.208796 0.069726 0.112711 0.046753 -0.141755 -0.120594 -0.150051 -0.270718 0.144566 0.168418 -0.116661 -0.143163 0.011130 0.119351 -0.093509 -0.174972 -0.132843 0.060413 0.030820 -0.078800 -0.160033 -0.276682 -0.009055 0.251688 0.043371 -0.116425 -0.216385 0.048825 0.111629 0.113484 0.147474 0.073466 0.130454 0.089220 0.010439
0.076704 0.127976 0.049000 0.350239 0.010386 0.083087 0.126619 0.345927 -0.060708 -0.348899 -0.245450 0.025702 0.061764 -0.046388 -0.235321 0.008042 0.011180 0.174903 -0.046915 -0.014471 -0.017396 0.098218 -0.092745 -0.229707 0.077923 -0.033496 -0.053083 -0.248851 -0.208921 -0.001891 -0.033957 -0.259881 0.095762 0.104735 -0.260127 0.064347 0.082338 0.054802 0.061652 -0.307909 -0.040689 -0.278876 -0.005526 0.121729 -0.283339 0.149530 0.090388
0.027035 -0.227455 0.090789 0.455633 -0.078849 0.101544 0.140642 -0.078759 -0.070961 0.095275 0.009168 -0.001434 -0.268513 0.087621 0.147808 0.297042 0.304800 -0.038300 0.134117 -0.066368 -0.081081 -0.268531 0.208646 0.013860 -0.157495 -0.060917 0.373040 -0.318967 -0.522755 -0.122682 0.008078 -0.138334 0.017794 0.024885 0.087782 0.060354 -0.140422 -0.114542 -0.143323 0.034061 -0.244825 0.066973 0.184917 0.057422 -0.045480 -0.228423 -0.069036
-0.041502 0.108333 0.361572 0.122402 -0.066769 0.249152 0.031704 -0.134576 0.080637 -0.046115 0.044589 -0.174340 -0.143550 -0.241525 0.395555 0.162434 -0.003565 0.169370 0.124616 -0.359611 -0.010538 -0.322904 -0.354521 -0.387767 0.040473 -0.236075 -0.099186 -0.095735 -0.375177 -0.225256 0.043616 0.020424 0.003905 -0.306269 -0.011691 0.244750 0.252937 0.004359 0.021171 -0.084512 -0.273616 0.038310 -0.002379 -0.003479 -0.062967 -0.145476 -0.078793
-0.109163 0.051861 0.061853 -0.055714 0.041617 -0.012179 0.111477 0.095578 0.010042 0.061248 0.096892 -0.111485 0.015119 0.013802 0.196650 -0.005580 -0.031726 0.069559 -0.069986 0.001272 0.175776 -0.034040 -0.089921 0.031511 0.093400 0.014005 0.163573 -0.203520 -0.059056 -0.028422 -0.191999 -0.286799 -0.098561 -0.194986 -0.124182 0.001850 -0.109782 -0.060875 -0.006789 -0.203296 -0.048348 -0.057669 -0.040549 0.083967 -0.112163 0.204613 -0.059731
0.105094 -0.100654 -0.013548 0.106134 -0.013899 -0.196362 0.105252 -0.075296 0.140020 0.086027 -0.080911 0.063219 -0.192799 0.019465 -0.016854 -0.073391 0.030299 -0.043190 -0.085516 0.078637 -0.053578 -0.197043 -0.071567 -0.106381 0.028018 -0.009064 0.177192 0.063983 -0.107132 -0.004979 -0.060351 -0.115459 -0.378862 -0.115147 0.198277 -0.027231 0.031726 0.024692 -0.084279 -0.055903 0.015851 0.099411 0.012075 -0.160705 0.128783 -0.177868 0.067989
-0.025462 -0.002090 0.290221 -0.031778 0.016576 0.007879 0.084092 0.002765 -0.004706 0.100420 0.079896 0.076377 -0.286172 0.011367 -0.041129 -0.209326 -0.067234 -0.007849 -0.098630 -0.223526 0.044018 -0.071278 0.321705 -0.123416 -0.020795 -0.336378 -0.025002 -0.224168 -0.129305 -0.173277 0.027217 -0.008693 -0.022369 -0.032412 -0.009220 0.139008 0.018763 0.121365 0.136590 -0.101336 -0.114418 -0.079408 0.194888 -0.028223 0.117830 -0.042109 -0.010884
0.065169 0.060614 -0.090430 0.044642 0.091061 -0.034276 0.223584 -0.094231 0.103274 0.019445 -0.068531 -0.022035 -0.031813 0.095981 0.016261 0.039226 -0.185714 -0.027271 -0.044960 -0.234774 0.086073 -0.018823 0.166593 -0.071237 -0.100120 0.021695 0.083722 0.047075 -0.081721 -0.164974 -0.159260 -0.261130 -0.251653 0.046946 -0.052084 0.005485 -0.242084 -0.078517 -0.022267 0.199211 0.005271 0.157325 -0.118886 -0.202774 0.081693 -0.019604 -0.127918
-0.059281 0.041647 0.017007 0.088054 -0.089971 -0.020970 0.016174 -0.042289 0.051100 0.178384 0.100910 0.152378 -0.232633 0.009479 0.134672 -0.018129 -0.181414 -0.015359 0.033130 -0.149705 0.159214 -0.192414 -0.128392 -0.202197 -0.005944 0.022695 0.085053 0.010424 -0.116148 -0.122179 -0.045496 0.010639 0.000734 -0.168855 -0.152980 0.161222 0.066277 0.024554 -0.105561 -0.163428 0.089402 0.000712 0.120591 0.138384 0.027827 -0.061115 -0.039220
0.012776 0.013551 0.065504 0.025724 0.037446 0.036273 0.089471 -0.060450 0.205676 0.048840 -0.032497 -0.128062 -0.389859 0.059007 -0.035100 0.045174 -0.222649 -0.149184 -0.062806 -0.187345 0.106574 -0.023172 -0.319674 -0.260874 -0.041634 -0.006682 -0.010389 -0.000873 -0.029459 0.016523 -0.051303 0.061817 -0.161520 0.070069 -0.264314 0.058394 0.110799 0.001634 -0.067810 0.170993 0.062807 0.027721 -0.029947 0.053561 -0.071221 -0.052127 0.220258
0.001453 -0.064153 -0.034874 0.241553 -0.241001 -0.017745 0.019404 -0.099083 0.152247 0.181552 0.001990 -0.132545 -0.069270 -0.111731 0.120866 0.079500 0.063873 -0.184477 -0.103660 -0.038519 -0.086747 -0.017879 -0.117611 0.116580 -0.017751 -0.028399 -0.073979 -0.059768 -0.044322 -0.007609 -0.133089 -0.075794 0.053635 -0.023017 -0.013408 -0.145611 -0.007638 0.100138 -0.026279 -0.070557 0.013293 -0.007101 -0.139886 0.087469 -0.113691 -0.095920 0.009670
0.019502 0.101631 -0.107265 0.127294 -0.103014 -0.074618 -0.064068 -0.294582 0.096473 0.065261 -0.067849 0.015631 -0.065136 -0.101769 0.149619 0.054947 0.009615 -0.058928 0.027073 0.092544 0.025136 -0.150726 -0.136673 0.028955 -0.011064 0.201907 0.034895 -0.178172 0.114229 -0.206406 -0.079472 0.160402 -0.313571 0.069089 -0.131097 -0.011129 -0.119565 -0.005651 -0.125706 0.119077 0.018410 -0.088044 -0.029114 -0.333112 -0.082159 0.082020 0.083272
0.008047 -0.014912 -0.007061 -0.104325 -0.124832 0.064162 0.097492 -0.033432 0.166434 0.105257 -0.045923 -0.321246 -0.303093 0.089470 0.075901 0.141963 0.019127 -0.246831 -0.069701 -0.038562 -0.099345 0.048104 -0.066661 -0.265514 0.016421 0.085542 -0.126381 -0.283509 -0.002716 -0.039082 -0.058356 0.129841 0.047243 -0.135712 -0.110633 -0.067750 0.196708 0.107544 0.046908 0.341936 -0.048385 0.097776 0.142815 -0.484301 -0.022478 0.042967 0.027957
-0.019290 -0.008765 -0.002952 0.147917 0.007712 0.105053 -0.127995 -0.014110 0.096178 0.106441 -0.125543 0.047075 -0.139265 -0.078531 -0.071940 0.090619 0.017038 -0.026322 -0.141107 0.182807 0.127606 -0.095198 -0.209918 0.051620 -0.042919 0.240721 0.031284 -0.055673 0.006153 -0.201168 -0.042087 -0.027023 -0.337518 -0.024267 -0.076860 -0.018374 -0.206517 0.015793 0.009047 -0.025647 0.042654 0.187198 0.068421 -0.261370 -0.133793 -0.111513 0.039014
-0.009004 0.043150 -0.005534 0.041591 -0.051135 -0.052226 0.027348 0.069375 0.009041 0.095027 0.107859 -0.102692 -0.071188 -0.162229 -0.031733 0.085013 0.038137 0.101771 -0.125567 -0.071148 -0.187428 -0.124723 0.100330 -0.052345 0.005950 -0.010285 0.020532 0.076283 0.016592 -0.026847 -0.025751 0.055463 -0.145751 0.089445 -0.144866 0.051373 -0.102293 0.011506 0.197925 -0.141847 0.023752 0.075749 0.008412 0.044889 0.058952 0.000833 -0.117478
0.010710 0.066178 0.015305 -0.212889 0.078462 0.038827 0.157515 0.040526 -0.078718 0.055885 0.105096 -0.088965 -0.396097 -0.057520 -0.058251 -0.016639 -0.075830 0.002316 -0.026975 -0.127160 -0.108675 0.092157 0.372841 0.000858 -0.011529 -0.117585 -0.053758 -0.116323 -0.055613 0.063700 -0.017967 0.121226 0.091492 -0.014624 0.001582 0.163943 0.099400 -0.152009 -0.082847 -0.127166 -0.044800 0.005384 0.193040 0.067429 -0.037817 0.135603 -0.086952
0.069841 -0.021829 0.008698 -0.214471 0.086125 -0.008519 0.028043 0.009233 -0.079283 0.062244 0.057099 -0.089195 -0.309481 0.151041 0.099678 -0.124131 -0.208804 -0.002545 -0.097153 0.021074 -0.025900 0.055488 0.362093 0.000308 -0.073182 -0.014063 -0.108404 -0.076355 -0.061411 -0.029412 0.091866 0.145560 0.136880 -0.076876 -0.082275 -0.009467 0.236172 -0.037446 -0.028982 0.141499 -0.050331 -0.012019 0.064596 -0.148668 -0.079810 -0.192874 -0.091513
0.027817 -0.002714 -0.016750 -0.345521 0.105721 -0.047908 0.156032 0.100884 0.004792 -0.002078 -0.037803 -0.059118 0.035468 -0.002061 0.076424 0.035914 -0.077957 -0.127438 0.024631 -0.114566 -0.105656 0.036489 0.122136 0.077200 -0.077077 -0.088883 0.012811 -0.085141 -0.116786 0.128932 -0.040193 0.087304 0.120539 0.179259 -0.052160 0.023225 -0.103142 -0.229635 -0.146638 0.026369 -0.044248 -0.008330 0.020243 -0.046531 0.085434 0.131984 -0.116132
0.035219 0.041534 0.020918 -0.190601 0.011345 0.003339 0.269090 -0.070533 -0.036450 0.016831 0.042540 -0.130303 -0.161446 0.013136 0.089586 -0.076915 -0.249278 0.023708 -0.006547 -0.167554 0.144142 0.048639 0.427016 -0.021829 0.010143 0.001596 0.135387 -0.004247 -0.086060 0.020973 -0.013382 0.006556 0.197451 0.147977 -0.071203 0.178799 -0.070818 -0.187143 -0.307187 -0.071802 -0.069423 -0.148101 -0.182453 0.049666 -0.062120 -0.152138 0.001488
-0.023984 0.009745 0.120167 0.022685 0.198954 0.027492 -0.067222 0.016764 0.022079 0.074791 0.224844 -0.156441 -0.172889 -0.102423 -0.217865 -0.203433 -0.006843 0.085811 -0.167832 -0.013841 -0.239565 -0.162815 -0.030598 -0.133317 -0.105062 -0.702768 0.143359 -0.606872 0.071681 -0.170684 0.083934 0.088384 0.128090 0.037445 -0.036651 0.208915 0.039636 0.075853 -0.017862 -0.080380 -0.156558 -0.041695 0.168828 -0.261135 0.058221 -0.233069 0.086263
0.054510 0.073498 0.094748 -0.219490 -0.004307 0.121380 0.276395 0.022430 0.240832 0.186776 0.275886 -0.498639 -0.173811 0.165701 0.016378 -0.091288 -0.180693 -0.010588 0.021927 -0.319838 -0.085355 0.004125 0.129816 -0.128107 -0.018635 -0.299782 -0.068131 -0.305633 -0.314559 -0.037637 0.041765 0.061074 -0.035524 0.054471 -0.028590 0.106276 0.020507 -0.108398 -0.150211 -0.096592 -0.279396 0.077331 -0.065618 0.040267 -0.042876 0.099064 0.055866
-0.047567 0.035363 0.103003 -0.370581 -0.006991 -0.048810 0.028113 0.084543 -0.037075 0.197202 -0.042502 -0.569152 -0.265719 0.190018 0.054580 -0.115251 -0.066660 -0.133326 -0.046831 -0.044396 0.006888 0.072801 0.060361 -0.062211 0.052965 -0.086362 -0.255931 -0.180862 -0.059378 0.010807 0.032810 0.001047 -0.013455 0.005698 -0.002109 0.042547 0.139655 0.062976 -0.053729 0.239694 -0.217165 -0.202494 -0.140153 0.181327 -0.026360 -0.136316 0.063705
-0.037858 0.070544 -0.140894 0.134922 0.196311 -0.098408 -0.112515 -0.010692 0.094152 -0.062288 0.079814 0.107180 -0.200815 -0.004235 -0.314457 0.088482 -0.005242 0.096752 -0.072448 0.205351 0.154686 -0.098200 -0.226919 0.065155 -0.135297 -0.121703 -0.108272 -0.151424 0.172887 -0.045033 0.093094 -0.229638 -0.120557 -0.172994 0.278249 -0.212651 -0.350940 0.313621 -0.256789 -0.626110 -0.027059 0.069332 0.058760 -0.258698 0.005711 -0.046908 -0.060048
0.071169 -0.056868 0.011683 0.054109 0.114167 0.079459 -0.243776 0.029306 -0.230568 0.057819 0.090940 -0.012166 0.058861 -0.054902 -0.214214 -0.014475 -0.075743 -0.041034 -0.117265 0.178156 -0.440189 0.256708 0.030963 -0.092777 -0.257182 -0.055251 -0.040762 -0.144350 -0.058608 -0.024738 0.176658 -0.259122 0.070342 -0.070805 0.159588 0.002372 -0.097354 0.127598 -0.084843 0.023621 0.109338 0.023182 0.429758 -0.222942 -0.083076 -0.153853 -0.104712
0.000925 0.030397 -0.032861 0.123964 0.242797 0.125098 -0.226147 0.188977 -0.054786 0.128345 -0.507537 -0.191302 -0.056989 -0.199283 0.071082 0.039885 0.086985 -0.073755 0.066927 -0.077923 -0.152473 -0.036666 -0.434583 0.188274 -0.004094 0.194329 -0.227308 -0.167735 -0.083015 0.162849 -0.028092 -0.222628 -0.091680 0.195306 0.059918 -0.360501 0.212524 -0.022603 0.069810 0.103769 0.165295 -0.156383 -0.264674 -0.020725 -0.085897 -0.207169 0.010111
0.110916 0.010747 -0.116445 0.092286 -0.289756 0.016456 0.085745 -0.230866 0.047501 -0.163838 -0.251776 0.124907 0.012435 0.129122 0.063235 -0.366619 -0.158827 -0.038869 0.072131 0.050684 -0.130200 -0.011119 -0.259659 0.030890 0.117552 -0.320290 -0.396072 -0.063804 0.064268 -0.171388 0.212505 0.024270 0.122292 -0.183416 0.034013 -0.050654 0.009010 0.171580 -0.152755 0.062215 -0.187286 -0.096254 0.022965 -0.028708 -0.252769 -0.206969 -0.004864
-0.037786 0.093925 0.038293 0.000510 0.235105 0.030836 -0.097703 0.295588 -0.088275 -0.425581 -0.192713 0.028138 0.026027 0.253675 0.178045 -0.250958 0.106190 0.099896 -0.258023 -0.034398 -0.057773 -0.185808 -0.095297 -0.151943 -0.083107 -0.601568 -0.130102 -0.143615 0.041333 -0.198377 -0.083691 0.173227 0.042680 -0.118894 0.297828 0.151183 -0.041703 0.179976 -0.030290 -0.406727 -0.211580 0.122058 0.159847 -0.125502 0.081857 -0.155109 -0.002209
0.005776 -0.090954 -0.127621 0.070734 -0.022898 0.009609 -0.048099 -0.037111 0.031140 -0.011407 -0.038112 0.122372 0.107302 0.182977 -0.026778 -0.149583 -0.033861 0.193506 -0.013834 0.083422 0.018993 0.025929 -0.000189 -0.066778 0.005115 -0.126104 -0.289745 0.126196 0.083828 -0.034463 0.177387 -0.102170 -0.040545 -0.159640 0.150314 0.000163 -0.195360 -0.067150 -0.127194 -0.113956 -0.080259 0.021984 -0.180897 -0.011421 -0.069896 -0.013795 -0.068066
0.025005 -0.070595 0.136181 0.077036 0.060306 0.009783 -0.030445 -0.031122 0.071365 -0.213103 -0.304763 0.120553 -0.125737 0.164707 -0.091286 -0.005404 -0.100932 0.014896 -0.039421 -0.065995 -0.162493 -0.039278 -0.141347 0.098859 0.012190 -0.106834 -0.231074 -0.037641 -0.011852 0.029522 0.118076 0.082533 0.106507 -0.041160 0.172513 0.061987 -0.347522 0.165630 -0.072340 -0.108750 -0.199153 -0.177728 -0.044411 -0.195400 0.171971 -0.089068 -0.014561
-0.019292 -0.040019 -0.039288 -0.072815 0.031854 0.120338 0.098982 0.035632 0.143740 -0.093143 0.073727 0.053627 -0.337302 0.000982 -0.153787 0.007752 -0.082916 0.282432 -0.113559 0.017625 0.026009 -0.120755 -0.054723 0.102142 -0.216163 0.111699 0.230012 -0.044479 -0.089948 0.018754 0.036236 -0.085146 0.130616 0.265791 0.105975 0.036163 0.035669 -0.011703 -0.175640 -0.098264 0.009826 0.011178 -0.046261 -0.105001 0.053606 0.085379 -0.293507
0.100893 -0.239643 -0.055720 0.032631 0.061804 0.054044 0.191385 0.075373 0.082825 -0.095977 -0.228441 0.115425 -0.081585 0.218008 -0.042081 -0.005543 -0.181364 0.108772 -0.102794 -0.126111 -0.115129 -0.030897 -0.005068 0.056515 0.107682 -0.049271 -0.067241 -0.036384 0.003856 -0.130513 0.072943 -0.067056 0.052363 0.172312 0.083851 -0.165224 -0.075777 0.074198 -0.081120 -0.018238 -0.228689 -0.144221 -0.065307 -0.070649 -0.014694 -0.121115 0.022059
0.064949 -0.041941 -0.003325 0.331541 0.055473 0.050430 -0.295293 0.175159 0.109465 -0.046906 -0.067943 -0.129300 -0.077571 -0.086201 -0.287047 -0.021148 -0.094666 -0.137808 -0.107803 0.032264 0.061347 0.006374 -0.015714 -0.068721 -0.038238 -0.210707 -0.105894 -0.110992 -0.038174 -0.007871 0.211181 -0.084768 -0.273670 0.088713 0.241008 0.126915 -0.272022 -0.057286 -0.115078 -0.314746 -0.064275 0.030472 0.224514 -0.084988 -0.064540 -0.183478 -0.025555
0.055384 -0.164940 0.145740 0.202119 -0.123148 0.023407 -0.209635 0.040650 -0.005434 -0.050886 -0.077045 -0.004551 -0.044725 0.044797 -0.046322 0.008392 0.060963 -0.008694 -0.011150 0.246518 -0.210448 0.019290 -0.106501 -0.283735 -0.033027 -0.144727 -0.103786 0.069127 0.024997 0.039943 0.061252 -0.148137 -0.249057 0.059240 -0.090116 0.286736 -0.034899 0.004257 -0.030070 -0.169710 -0.293881 0.011069 0.185507 -0.108085 -0.137209 0.062263 -0.014963
0.120206 -0.083675 -0.007890 0.176226 -0.008449 0.021837 -0.045965 0.005741 -0.035830 -0.088085 0.038386 0.103767 -0.237946 0.069067 -0.228791 0.055442 0.031821 0.067047 -0.110485 0.024569 -0.295878 -0.033914 -0.013921 -0.033927 -0.021218 -0.070911 -0.102913 -0.197283 -0.043534 -0.082283 0.133509 -0.141341 0.102163 -0.215264 0.195470 -0.024417 -0.244144 0.215936 -0.246172 -0.234602 0.002256 0.138753 0.212398 -0.115090 0.100666 -0.273546 -0.035204
0.048086 -0.001727 0.214049 0.205815 -0.186381 0.164216 -0.096846 0.014390 0.194939 -0.143370 -0.153943 0.058590 -0.145173 0.041176 0.021792 -0.062806 0.102507 0.028862 -0.047550 0.189834 -0.180611 0.000478 -0.198500 -0.308832 -0.021245 -0.128527 -0.186377 0.004996 0.073349 -0.005488 0.060411 -0.059645 0.028715 -0.277842 -0.064630 0.032064 0.000557 0.069910 -0.267997 -0.162454 -0.061781 0.036580 0.117888 0.015522 0.010652 -0.018880 -0.060522
-0.009476 -0.041867 -0.112923 0.097803 -0.035907 -0.029221 -0.118694 -0.032552 0.091017 -0.018970 0.150970 -0.000393 -0.221136 0.061734 0.050625 0.090313 0.055383 -0.081936 -0.038713 0.014203 -0.078952 0.082068 0.191303 0.025999 -0.090398 -0.000452 -0.012484 0.151571 -0.068581 0.113960 -0.148364 -0.290854 -0.218254 -0.128343 -0.097826 0.108060 -0.021340 -0.152898 0.070026 0.149019 -0.000448 0.069314 -0.100115 -0.086645 0.077172 -0.154033 0.004803
-0.012351 0.054197 -0.027630 0.102673 -0.028030 -0.008707 -0.075533 0.024562 -0.034296 -0.038908 -0.072434 0.046649 -0.024473 0.023118 0.014876 0.022240 -0.024102 -0.042555 -0.097950 -0.055121 -0.054249 -0.066457 -0.097815 -0.049876 0.030402 -0.060139 0.003204 0.022885 0.018776 -0.061725 -0.048379 -0.083834 -0.036054 0.093914 -0.037946 -0.003385 -0.172807 0.037328 0.048340 -0.081210 -0.046081 0.040469 0.148557 -0.110647 0.139806 -0.249185 0.067846
0.053919 0.007048 0.167704 0.092338 -0.052522 0.054027 -0.038873 -0.041944 0.032918 -0.079883 -0.025066 0.020469 -0.145403 0.046010 -0.038821 0.041160 0.024018 -0.027838 -0.137456 0.155449 0.005364 -0.043533 -0.210982 0.029032 -0.035208 -0.116834 0.070156 -0.006256 0.062683 0.057678 -0.011635 0.044117 0.059762 -0.110256 0.036426 0.017964 -0.123538 0.035242 -0.082660 0.007483 -0.001051 0.126325 0.214110 -0.130002 0.024594 -0.069192 -0.047383
-0.160798 0.068120 0.007082 -0.126388 0.061055 0.109532 -0.361043 -0.022787 -0.178013 0.077589 0.134755 0.091980 -0.207691 0.240738 0.144537 0.042959 -0.242998 -0.133922 0.006071 -0.007261 -0.076001 0.130053 0.081614 -0.034189 -0.218982 -0.019405 -0.128245 0.043913 0.164774 -0.049580 -0.078943 -0.029084 0.065424 0.076216 -0.133655 0.132573 0.061875 0.061469 -0.046099 -0.162928 0.036605 0.149479 0.045960 0.047541 -0.031863 -0.076305 -0.110400
0.001139 0.092162 0.065668 -0.090589 -0.058777 -0.049996 -0.245347 -0.062811 -0.131344 -0.084384 0.113252 0.158110 -0.095878 0.106518 -0.004886 0.044820 -0.081090 -0.028654 0.085890 0.007609 -0.219956 -0.032996 -0.024032 -0.012758 -0.050004 0.122748 0.045644 0.072300 -0.003008 -0.024134 0.116485 -0.170715 -0.041735 0.125661 -0.163395 -0.061058 0.071098 0.036972 -0.055968 -0.058371 0.010282 -0.063817 -0.072569 0.112108 -0.039928 0.018981 0.129361
-0.299017 0.013257 0.026778 0.060624 0.147630 0.234392 -0.449511 0.007549 -0.210278 -0.057129 0.200998 0.160428 -0.116167 0.248301 -0.061681 0.001414 -0.084500 -0.238750 0.086287 0.135134 -0.193546 -0.156582 -0.005463 0.075568 -0.219935 -0.029630 -0.248832 -0.008309 0.225506 -0.031674 -0.014140 -0.119488 0.048885 0.214972 -0.011549 0.099542 0.113236 0.072552 -0.120643 -0.164917 0.029406 0.045304 -0.282374 0.008013 -0.094384 0.062886 -0.095038
-0.035553 -0.206654 0.164030 0.072906 0.141738 -0.117441 0.016165 -0.033850 0.169099 -0.103160 0.094525 -0.132119 -0.149418 -0.001999 -0.033649 0.126229 -0.040655 -0.077000 -0.296991 -0.031842 -0.274050 -0.049994 0.259427 -0.176590 0.061908 0.143065 -0.130200 0.102695 -0.008437 0.096711 -0.036972 0.206320 -0.128273 0.129661 -0.052050 -0.066693 -0.234874 -0.155919 0.018310 -0.014048 -0.032616 -0.100596 -0.107104 0.211968 -0.175999 0.186236 0.074467
-0.124535 -0.025512 0.050758 -0.190753 0.133971 0.042680 -0.294207 -0.050582 -0.137306 0.058836 0.090345 0.250650 -0.032479 0.215284 0.134885 0.015658 -0.112080 -0.094422 0.063034 -0.052774 -0.198775 -0.098478 0.096275 0.054422 -0.214779 -0.083093 0.005491 0.036259 0.070644 0.069384 0.035160 -0.088655 0.136087 0.044161 -0.027779 0.031386 -0.013778 0.090933 0.059057 -0.123280 -0.029463 0.092829 0.114174 0.054997 0.064398 -0.071024 -0.071508
-0.236437 -0.058107 0.056398 -0.214460 0.185446 0.208867 -0.552464 -0.052279 -0.211346 -0.099057 0.100537 0.194434 -0.265687 0.330245 0.095122 0.147513 -0.214438 -0.043100 0.077425 0.197797 -0.084044 0.042091 0.023775 0.076597 -0.177374 -0.195229 -0.234468 -0.010769 0.227436 0.043560 0.039604 0.029986 0.074132 0.305869 -0.183863 -0.104388 0.016048 0.042782 0.030519 -0.242409 0.029167 -0.117933 -0.022885 -0.003538 -0.081101 -0.077573 -0.064412
-0.033972 0.109765 -0.127468 -0.048915 -0.073016 0.022837 -0.184921 0.023604 -0.092417 -0.088879 0.034749 -0.039586 -0.159272 0.055371 0.192173 0.074312 -0.037190 0.049228 0.021433 0.053328 0.031328 -0.099994 -0.050886 0.106824 -0.054723 -0.084813 0.099737 -0.039840 -0.023176 0.113492 0.048565 -0.005925 0.098051 0.035749 0.057219 0.120644 0.087765 0.061577 -0.004811 -0.211865 0.156288 0.048516 -0.053691 -0.012641 0.034520 0.000837 -0.247250
-0.306127 -0.006343 -0.082428 -0.000750 0.302944 0.066008 -0.455075 0.011126 0.080697 -0.057668 0.117286 0.113045 -0.218769 0.280657 0.035450 0.021835 -0.213251 -0.131628 -0.063254 -0.059560 -0.022291 -0.051955 0.031096 0.085280 -0.223881 -0.089717 -0.252291 -0.035872 0.119720 0.161134 -0.049063 0.010276 0.203021 0.207094 -0.075249 -0.089597 -0.000346 0.096572 -0.101654 -0.267251 0.025456 -0.008341 0.129940 -0.001100 0.048878 0.053116 -0.167840
-0.166351 0.011747 0.082279 -0.096611 0.312411 -0.166368 -0.124618 0.163714 0.088626 -0.002928 0.001902 -0.011237 -0.284168 -0.008204 -0.089081 -0.091029 0.033496 -0.043208 -0.081163 0.022500 0.014415 -0.268412 -0.071972 0.021545 -0.204481 0.239122 -0.050219 0.144334 -0.026932 0.012501 0.206343 0.073057 -0.120903 0.089320 -0.130127 0.112638 0.055940 0.046983 -0.138155 -0.214511 0.064047 -0.112111 0.036277 0.188022 -0.175711 -0.060175 0.015172
-0.257467 -0.092775 -0.055444 0.081690 0.213802 0.122143 -0.618199 -0.039580 -0.121285 -0.186875 0.091106 -0.057468 -0.242633 0.023778 0.074929 -0.065393 -0.281906 -0.134390 0.227860 0.067145 0.077407 0.212025 0.157615 0.122011 -0.253983 -0.128195 -0.348911 -0.068688 0.079698 0.168582 0.136453 0.041778 0.236603 0.053525 -0.057626 -0.002036 0.116403 -0.078856 -0.137100 -0.182003 -0.020090 0.151595 -0.076202 0.099100 0.030487 -0.359985 -0.140895
-0.098149 0.191088 0.293981 0.042536 0.059458 0.066831 -0.394263 0.082973 -0.204336 -0.110416 0.022900 0.041621 -0.267394 0.220426 0.082527 0.039670 -0.417613 -0.074557 0.200007 0.051254 0.059464 0.072953 -0.052570 0.061843 -0.122852 -0.025373 -0.167991 -0.029096 0.006553 0.156380 -0.011329 -0.084901 0.017643 0.019267 0.031888 0.205716 -0.164771 0.104658 0.066355 -0.257720 0.168777 -0.146897 0.068195 0.095262 -0.118563 -0.095999 -0.101288
-0.000456 0.051448 0.248344 0.229538 0.121096 -0.041687 0.071594 0.140090 -0.349810 -0.406056 0.001776 -0.045797 -0.383317 0.036240 -0.286582 0.010358 -0.305561 0.258112 0.097094 0.285764 -0.486112 -0.751774 -0.117972 0.216767 0.046971 0.027935 -0.134598 -0.115042 -0.251976 0.125607 0.303245 0.084430 -0.188847 0.081693 -0.295104 0.096025 0.107601 -0.387386 -0.222213 -0.302053 -0.014675 -0.195165 -0.105987 0.146269 -0.164206 -0.069346 0.173736
-0.293540 0.132865 0.342628 0.108364 0.174335 0.184260 -0.497231 0.103989 -0.098969 -0.191962 -0.118465 -0.395554 -0.635438 0.131449 -0.423210 0.037392 -0.963616 -0.349328 -0.052629 0.621336 -0.151817 -0.233262 0.186120 0.269563 -0.393700 -0.154593 -0.351888 -0.416691 0.056473 0.103168 -0.079036 -0.035683 0.101910 0.154798 -0.143475 0.121267 -0.159217 -0.571321 -0.463336 -0.360748 0.078286 -0.165261 0.135614 0.017857 -0.206787 -0.326648 0.073355
-0.087216 0.143357 0.059281 -0.074040 0.079163 0.017217 -0.262361 -0.058614 -0.334216 -0.308026 0.148852 0.000467 -0.086988 0.169604 0.197880 0.045205 -0.166930 0.009951 0.180391 -0.039560 -0.002101 0.167616 -0.085704 -0.007661 -0.056417 -0.030097 -0.044138 0.171196 0.005549 0.009273 0.085076 0.101096 0.085199 0.184059 -0.287827 0.068068 0.041874 0.233618 -0.051083 -0.242006 0.123428 -0.184412 0.072236 0.146006 0.059719 -0.056283 0.043042
0.177438 -0.131930 0.181263 0.022757 -0.257858 -0.364609 -0.319658 -0.007959 -0.073766 -0.314409 0.051379 0.036854 -0.241465 -0.003395 0.052140 -0.102756 0.104160 -0.040466 -0.090314 0.254965 -0.250093 -0.210647 0.078453 -0.053638 -0.290504 0.072851 0.009613 -0.083402 -0.467966 0.092885 0.256145 0.127594 0.194726 0.099021 -0.044322 0.175875 0.206623 -0.225296 -0.049712 -0.274434 -0.106042 -0.114990 -0.191814 0.111762 0.034503 -0.206710 0.191115
-0.011726 -0.011946 0.137992 0.049233 0.070959 0.072714 -0.312852 0.061249 -0.158919 -0.306587 -0.168844 0.007844 -0.234991 0.116090 -0.006694 0.077800 -0.393376 0.046687 0.000629 0.288423 -0.050884 -0.033807 0.028090 0.106842 -0.302585 -0.133028 -0.357401 0.200603 0.030460 0.114726 0.063298 0.159819 0.075504 0.098223 -0.233421 0.043728 -0.103965 -0.146878 -0.517018 -0.537426 0.038798 -0.279141 -0.250419 0.127453 -0.241039 -0.032814 0.094109
-0.101412 -0.036794 0.148258 0.004101 -0.062628 -0.232715 -0.018304 0.009025 0.049608 0.032148 -0.146064 -0.127707 -0.036961 0.109533 -0.013169 0.116177 -0.265322 -0.005031 0.009309 0.258135 0.015379 -0.048449 -0.182227 0.062197 0.049820 -0.102162 -0.202435 -0.119296 -0.022320 0.099326 0.034585 0.048515 0.181063 -0.054206 -0.013343 0.105670 -0.096203 0.037898 0.051141 -0.244508 -0.075480 -0.070032 0.083785 -0.092117 0.060681 -0.098620 -0.172215
0.015948 -0.029901 0.059899 -0.188960 -0.082761 -0.135454 -0.021799 0.095674 0.076137 -0.151965 0.075266 0.046015 0.018161 -0.268320 -0.246698 0.126976 -0.018243 0.114140 0.227421 -0.194975 0.291154 -0.264914 0.120186 0.230808 -0.075528 -0.241132 -0.019944 0.195917 -0.011307 -0.016458 -0.049561 -0.112301 0.042384 -0.041517 0.024833 0.016108 -0.317196 0.066608 0.141310 0.058456 0.042202 -0.135439 0.015830 0.208141 -0.247271 0.143305 -0.042613
-0.019822 -0.014710 0.045565 -0.170424 0.052481 -0.097075 -0.062562 0.262304 0.117704 -0.029911 -0.157039 -0.199600 0.007433 -0.075011 -0.121827 0.301421 -0.237548 0.079057 -0.138616 0.088962 -0.086128 -0.065629 -0.115382 -0.019808 -0.021467 -0.102942 0.155738 -0.318983 0.000187 0.204935 0.175157 0.020724 0.116461 -0.083887 -0.180475 -0.058683 -0.004972 0.040613 0.152152 -0.223712 -0.108613 -0.030244 0.085208 0.130777 -0.155632 -0.154552 0.179248
-0.011830 0.017094 -0.017974 -0.106763 0.007477 -0.095707 0.029159 0.053795 -0.015809 -0.025732 -0.010144 0.034295 -0.025094 0.099970 0.033213 -0.010654 -0.049726 0.167625 0.020146 -0.029206 0.054914 -0.060996 -0.019910 0.038621 -0.008517 0.005344 0.111617 0.036215 -0.132186 0.013296 -0.017185 0.063205 0.038331 0.051157 -0.090613 -0.001171 0.113221 0.001638 0.045813 0.000001 0.016383 -0.041992 -0.033417 0.102712 -0.091101 0.048926 -0.046353
0.028995 -0.023031 0.062449 -0.068552 0.091620 0.053602 -0.105244 0.170088 0.058203 -0.021399 -0.100631 -0.060947 -0.121542 0.013609 -0.059649 -0.008186 -0.115618 0.001787 -0.031783 0.035458 -0.144284 -0.097254 0.098166 -0.158705 0.007170 -0.087721 -0.091164 -0.198520 -0.057988 0.019595 0.052900 0.036655 0.045187 0.041354 0.052318 0.124794 0.240818 0.075376 0.055773 -0.197898 -0.028694 -0.006104 -0.157580 -0.085228 0.034856 -0.184917 -0.095665
0.041345 -0.068844 0.036977 0.031176 0.058721 0.027670 -0.125139 0.039557 -0.011671 -0.066471 -0.028726 0.002883 -0.137500 0.018455 -0.030541 -0.062415 0.035135 0.035048 0.004658 -0.144180 -0.008250 -0.088452 0.148851 -0.117942 0.041220 -0.071878 -0.002500 0.005884 -0.118612 -0.013369 -0.093669 0.043882 0.225596 0.016045 0.021883 0.073506 0.068406 -0.028000 0.049336 -0.020278 0.008960 -0.189923 -0.088377 -0.121667 0.016818 -0.025171 -0.005520
0.114943 -0.080415 0.059193 -0.050422 0.016468 -0.032644 -0.119067 0.038963 -0.019744 -0.008139 -0.021788 -0.008022 -0.087557 -0.059612 0.015009 0.091762 -0.071096 -0.121261 -0.002979 -0.136282 -0.112294 0.003051 -0.079958 -0.052723 0.005990 -0.034817 0.037131 0.077167 0.055819 0.053253 -0.018554 -0.104177 -0.185141 -0.178795 -0.099110 -0.064374 0.012269 -0.139092 -0.016101 0.081472 -0.058550 0.043725 0.094795 0.029310 0.047512 -0.027063 -0.131630
-0.050929 -0.010801 0.032266 0.117327 -0.045930 -0.267934 -0.131610 0.005211 0.061681 0.085095 0.101977 -0.071102 -0.020743 0.031372 0.024766 0.046025 -0.042002 -0.079230 0.046452 0.097688 -0.147564 -0.070335 -0.242898 -0.128981 0.022829 0.011722 0.119878 -0.091010 0.079889 0.191982 -0.153547 0.051597 -0.042223 -0.146234 -0.175889 0.074801 0.027594 -0.100616 0.247721 -0.084500 0.090039 -0.167274 -0.041640 0.041056 0.014626 -0.028495 0.023382
0.004881 -0.000831 -0.009436 0.166133 -0.122510 -0.031607 -0.287185 0.062814 -0.035286 -0.034840 0.041786 -0.094099 -0.024795 0.026373 -0.083248 0.010984 0.097408 0.037226 -0.000263 -0.046147 0.049450 0.031381 0.120734 -0.000551 -0.008056 -0.121948 -0.040560 -0.015392 -0.004764 0.025559 -0.065188 -0.360386 -0.392775 -0.040269 0.086626 0.015869 0.078034 -0.082697 -0.250358 -0.071915 0.035054 -0.089740 -0.058281 0.080054 0.130526 -0.072944 0.056660
0.038659 -0.049180 0.107224 -0.037263 -0.227376 -0.048557 -0.122390 0.085397 -0.063095 -0.022757 -0.025321 -0.088308 -0.034424 -0.022071 -0.072886 0.082054 -0.060065 -0.046065 0.026274 -0.033100 -0.100111 0.062259 -0.302546 -0.155519 0.046314 0.064502 0.108567 -0.022549 0.059372 -0.003236 -0.037627 -0.055982 -0.062085 -0.062689 -0.115387 -0.016685 0.077182 0.043461 -0.119776 -0.067240 0.020455 0.096015 0.112609 -0.013306 0.115993 -0.198418 0.052216
0.036139 -0.013224 0.011573 0.066781 0.123082 -0.017718 -0.097223 0.111399 0.070715 -0.068059 -0.032919 -0.033095 -0.094403 -0.148771 -0.059483 0.082624 -0.038009 0.043256 0.001020 0.071926 0.175719 -0.029711 -0.197046 -0.093792 0.028115 -0.132526 0.043769 0.044737 0.001085 0.017408 -0.165465 -0.241275 0.172962 -0.040622 -0.017571 -0.047316 -0.053747 -0.014158 0.080111 0.136183 0.016028 -0.081563 -0.060947 0.110947 -0.048406 -0.021406 -0.081472
-0.036681 0.038349 -0.088250 0.058679 0.023792 -0.070021 -0.034503 0.098439 0.064356 -0.089285 0.052239 -0.064864 0.055845 0.015731 0.079972 0.068062 -0.006597 -0.029890 0.029149 -0.146094 0.111430 -0.019874 0.031256 -0.027319 0.072348 0.001736 -0.014651 0.067863 0.031838 -0.056878 -0.307724 -0.126360 -0.134274 -0.187177 -0.158270 0.009003 -0.007380 0.014267 0.040267 0.046131 0.000912 0.005268 -0.054701 0.080401 -0.024894 0.007880 -0.031048
0.023305 0.030542 0.066144 -0.073611 0.030031 -0.085001 0.024086 -0.112837 0.046567 -0.183535 0.050575 -0.115723 0.064437 0.053195 -0.070990 -0.006861 -0.091459 0.063965 0.076002 -0.059677 0.115967 -0.051617 -0.243603 -0.043070 0.053477 -0.037260 0.089306 0.023480 -0.077372 0.070307 0.009624 0.025995 0.162083 0.023865 -0.226122 -0.030363 -0.032870 0.029960 -0.053804 -0.004524 -0.025443 -0.100572 0.087936 0.087445 -0.063832 -0.005944 -0.133910
0.094273 0.080319 -0.037404 -0.079303 -0.040448 -0.044243 -0.164783 0.179007 -0.261767 -0.136586 0.020552 0.106044 0.221277 -0.167671 -0.205826 0.104064 0.003570 -0.058147 0.033560 0.158972 -0.065472 0.128452 -0.002363 0.078815 0.076475 -0.266670 -0.011298 0.021739 0.095134 0.005877 -0.242275 -0.410215 -0.124195 -0.174009 0.162972 -0.143611 0.005788 -0.116896 0.084988 0.031227 0.046186 -0.185956 0.008738 -0.011091 -0.146955 -0.034911 0.038285
0.029697 -0.037620 -0.009221 0.033494 -0.125109 -0.077206 -0.017570 0.170846 0.054986 -0.059279 0.021725 -0.132955 0.025130 0.002628 -0.089836 0.052047 0.013818 -0.155483 -0.038254 -0.015537 -0.055793 -0.065894 0.037179 -0.085442 0.020602 0.031754 -0.007474 0.087415 0.101728 0.010573 -0.128287 -0.187432 -0.249170 -0.116947 -0.105609 -0.096660 0.006172 -0.098088 -0.099042 0.092246 0.013892 -0.034457 -0.111685 -0.004349 0.080604 0.059486 0.064064
0.053693 -0.022447 -0.014324 0.130994 -0.011890 -0.000081 -0.042481 -0.002692 -0.102604 -0.100948 0.056300 0.065820 -0.058446 -0.154400 -0.009126 0.014625 0.026776 0.052232 -0.031158 -0.022338 0.092419 -0.020598 -0.035267 -0.001093 0.064382 -0.046629 0.056050 0.091171 -0.056416 -0.111128 -0.074788 -0.006387 -0.071237 0.044397 -0.020724 -0.163508 0.066557 -0.013545 -0.018399 0.111036 0.041907 0.002728 0.005064 0.019919 0.005685 -0.001195 -0.117672
-0.008696 0.038756 0.149205 0.010606 -0.129307 0.003135 -0.172073 -0.058445 0.081656 -0.078000 -0.147482 -0.047094 0.014769 -0.004341 0.013086 -0.200724 -0.186971 -0.051666 0.062788 -0.233188 -0.036087 -0.081177 0.217857 -0.143310 0.058338 -0.220631 -0.155186 0.042149 0.023863 -0.022453 -0.013100 0.100817 0.134499 -0.418960 -0.129726 -0.026992 -0.011098 0.182964 0.142898 0.127680 -0.050798 0.121249 0.169743 0.150917 0.027180 -0.022706 0.016178
-0.039390 -0.124219 -0.076130 0.022503 -0.033588 0.015121 0.029811 -0.008702 -0.007239 0.054472 -0.168742 -0.024940 0.194748 -0.155708 -0.463794 0.062170 0.145898 0.023078 -0.187563 0.071876 -0.053143 0.046431 0.247731 -0.037715 -0.178498 -0.032827 -0.084886 0.120257 0.172494 -0.080103 0.057208 -0.006299 0.029933 0.031819 0.165776 -0.009185 0.040496 -0.005672 -0.314509 0.043880 -0.010437 0.059227 0.093966 -0.094406 0.100282 0.135585 0.050247
-0.124322 -0.020117 0.014988 0.067317 -0.051412 -0.064928 0.026171 -0.123710 -0.114672 0.072335 0.004297 0.095201 -0.051633 0.006624 0.011463 -0.060354 0.064695 0.018962 -0.189384 -0.312486 -0.073174 -0.025993 -0.108736 -0.195694 -0.061940 -0.280007 -0.099914 0.000317 -0.018884 -0.129354 0.212612 0.056251 0.127285 0.099581 0.069661 0.021505 0.090077 -0.048308 -0.167598 0.074240 0.096936 0.019201 0.014080 -0.055733 0.107223 0.306205 0.227495
0.020234 0.017120 -0.098324 -0.137401 0.030747 -0.125499 0.215667 0.173267 -0.090453 0.010338 -0.065550 0.095113 0.067408 -0.143435 -0.294465 -0.197678 -0.219784 -0.116599 -0.226144 -0.116374 0.134900 0.035599 0.204002 -0.076556 -0.037781 -0.061597 -0.418113 0.097270 -0.148647 0.021304 0.233366 0.155124 -0.030064 0.062345 -0.042563 0.019217 0.019245 0.081169 -0.215823 -0.061905 -0.026755 -0.049408 0.161018 0.128146 0.025794 0.179168 -0.076261
-0.085193 0.033333 0.184641 0.004315 -0.002238 0.230826 -0.046906 -0.117136 -0.019200 0.013578 0.024003 -0.007168 -0.252086 -0.020541 0.038501 -0.031794 0.034510 -0.101319 -0.155042 -0.040816 -0.216267 -0.280191 0.044947 -0.185813 0.004632 -0.065666 0.034867 0.096601 -0.168196 -0.076374 0.015091 -0.045701 0.067274 0.057646 0.147655 -0.010599 -0.046071 0.257276 -0.144244 0.060252 -0.116306 0.063393 0.116017 0.079515 -0.045894 -0.028026 -0.058435
-0.026347 -0.054152 0.068768 0.122991 -0.152362 -0.015154 -0.058080 -0.214038 -0.489143 0.138860 -0.055843 0.089983 0.130289 -0.034600 -0.154575 -0.330549 0.052615 0.062235 -0.091650 -0.050721 0.052751 -0.059552 0.221905 0.052990 0.041124 -0.247960 -0.346430 0.114485 -0.096244 0.179380 0.215576 0.065445 0.021588 -0.468571 0.128560 0.087924 -0.018574 0.000120 -0.196508 0.148181 -0.308002 0.081209 0.135152 0.046451 -0.077668 -0.068093 -0.076194
-0.016718 0.096996 0.108017 0.019769 0.175675 0.187387 -0.101602 -0.109287 0.030252 0.067607 -0.190846 0.234292 -0.177441 0.151736 -0.143035 -0.282292 -0.114670 0.016945 -0.059637 -0.297591 0.088133 -0.091853 0.109182 0.020400 0.031745 -0.073752 -0.053054 0.024605 -0.159904 0.119572 0.049659 0.029701 0.164290 -0.036928 0.102637 0.024111 -0.069426 0.068032 0.188094 0.091640 0.026521 -0.062924 -0.104617 -0.136673 -0.496174 0.025792 0.011648
-0.026233 -0.017964 0.062159 -0.078728 -0.353958 -0.050264 0.019383 -0.016245 0.108778 0.009558 0.000325 -0.029505 0.135424 -0.126234 -0.100206 -0.191988 -0.089887 -0.127367 -0.078059 -0.054378 -0.023178 0.125361 0.146115 0.349033 -0.068398 -0.065206 -0.327786 -0.143737 0.190071 -0.070785 0.016088 0.009395 0.509039 -0.150923 0.025081 -0.044288 -0.030365 -0.229606 0.001717 0.027613 0.226501 -0.229142 0.033626 -0.213673 0.009804 0.137497 0.046459
0.020331 -0.030987 -0.092091 0.084177 0.245443 -0.144897 0.438602 0.087352 0.051924 0.006418 -0.155051 -0.074233 0.299925 0.002703 -0.117197 0.049570 0.140206 0.092956 -0.184970 0.074355 0.008409 -0.094002 0.301030 0.001002 -0.198879 -0.141041 0.044381 -0.203809 -0.043334 -0.347080 -0.040120 0.095590 -0.055649 0.036286 0.178229 -0.005678 -0.228310 0.258163 -0.121803 -0.192401 -0.063540 -0.191473 0.427910 -0.077807 -0.151333 0.029192 -0.064932
-0.040464 -0.012746 -0.076705 0.030680 -0.095016 -0.196502 -0.123031 0.058877 0.024065 0.077400 -0.015203 0.076366 -0.033554 0.065354 -0.266267 -0.075126 -0.126567 -0.101485 -0.083329 -0.338454 0.078450 -0.096476 0.221123 -0.254790 0.030804 -0.008345 0.127384 0.091122 0.014213 -0.113924 0.040026 0.125224 -0.048708 0.030517 0.037948 0.099125 0.113385 0.074511 -0.057662 0.113187 -0.089396 -0.145277 0.201337 0.076291 0.047372 -0.001110 -0.193008
0.036663 0.053001 0.032864 0.244716 -0.081519 0.042581 0.207088 -0.095936 -0.291334 0.179670 -0.345067 -0.097264 0.065678 -0.018279 -0.017923 -0.237683 -0.044270 -0.262413 -0.058296 -0.047061 0.070487 0.028199 0.184078 0.037212 0.078529 -0.141013 -0.332791 0.281117 -0.203693 0.044887 0.161768 -0.000432 -0.047119 -0.018777 0.163167 0.046767 0.023570 -0.030406 0.003939 -0.098056 -0.178595 -0.176095 -0.033664 -0.026217 -0.191669 0.165631 -0.187726
-0.034482 -0.054775 0.061913 -0.046026 0.077425 -0.325661 0.096122 0.341983 0.102893 0.004069 -0.134056 0.165834 0.106092 -0.127972 -0.231318 -0.105861 -0.075691 -0.087099 -0.103351 -0.278100 0.092855 0.127352 0.214089 -0.083690 -0.075718 0.001747 -0.231275 0.050378 -0.144258 -0.235959 0.175154 0.095436 -0.048018 0.099481 0.001302 0.119371 0.078205 0.094566 -0.287457 0.199988 -0.227357 -0.089079 0.025644 0.174220 -0.018063 0.090159 0.119127
0.068167 -0.079703 0.142756 -0.080396 -0.108821 -0.120423 -0.051160 -0.070722 -0.215210 0.128206 -0.308248 -0.176416 0.129925 0.010297 -0.210824 -0.098195 -0.403104 -0.040481 0.027839 -0.162423 0.106875 -0.116552 0.222492 0.066632 -0.040816 0.005742 -0.555279 0.193246 -0.107141 0.113052 0.167965 0.174971 0.169751 -0.055374 -0.105451 0.024521 0.147064 -0.005184 -0.205638 0.168849 -0.323734 -0.227225 0.132918 0.139836 -0.087325 -0.028749 -0.052341
0.026321 0.071342 -0.120164 0.188985 0.033689 0.058038 0.043766 0.008062 0.044541 0.128584 -0.261920 0.333518 -0.001117 -0.094593 -0.229428 -0.153410 -0.189133 -0.000540 -0.136992 -0.230299 -0.074139 -0.032339 0.258986 -0.069505 0.000072 -0.093401 -0.281458 -0.215814 -0.135561 -0.033622 0.060464 0.185928 -0.139042 0.155822 0.018883 0.103027 -0.370310 0.029841 -0.132495 0.067836 -0.007561 -0.040461 0.003451 -0.107880 0.043650 -0.007243 0.048263
0.028110 -0.036839 -0.040623 -0.160642 0.136644 0.038591 0.133876 0.079081 -0.050812 0.063543 -0.071915 -0.006922 -0.058194 -0.135302 -0.052510 -0.042965 0.079213 -0.056487 -0.103666 -0.245641 0.159725 -0.003382 0.093791 -0.166066 0.006234 -0.056712 0.151498 0.034029 -0.064955 -0.237661 0.049326 0.145019 -0.075096 0.126748 0.094229 -0.128772 -0.032724 0.101491 -0.094521 -0.078335 0.029302 -0.028602 0.063725 0.154944 -0.035138 0.082768 -0.050711
0.048761 -0.144454 0.095735 0.202968 0.079800 -0.233649 0.053421 -0.022284 0.041086 -0.005896 -0.095960 0.076408 0.163872 -0.144327 -0.323532 -0.096102 -0.161858 -0.014331 -0.118393 -0.142086 0.072282 -0.006151 0.173046 -0.055903 0.033835 -0.058072 -0.174829 -0.006992 -0.005746 0.033912 -0.026740 0.165710 -0.109418 -0.128212 0.193228 -0.023188 0.033999 0.023910 -0.206512 0.058789 -0.150395 -0.080163 -0.011725 0.020389 0.006951 0.127422 -0.089161
0.005082 0.002386 0.038808 -0.083713 0.025475 0.153959 0.175386 -0.172382 0.016800 0.057535 -0.108396 0.199341 -0.081715 0.031282 -0.092293 -0.233758 -0.074977 -0.187529 -0.237636 -0.152639 -0.079031 -0.116704 0.485202 0.020902 0.015859 0.083952 0.138684 -0.169520 -0.166934 -0.048428 -0.080976 -0.169788 0.214115 -0.201291 -0.078110 0.049234 0.036216 -0.185812 -0.052564 -0.063283 -0.001424 -0.314433 0.319130 0.081585 0.024239 -0.008584 -0.130308
0.013094 -0.120911 0.053931 -0.150108 -0.055977 -0.129664 -0.109597 0.169847 0.130760 -0.163947 -0.001775 0.062933 -0.106801 0.003223 -0.121252 0.080242 -0.040128 0.049545 -0.142149 -0.093388 0.056218 0.044891 -0.009565 0.195882 -0.027524 0.399502 -0.011905 0.227081 0.199902 -0.022872 0.086661 0.106714 0.256491 -0.110950 0.102563 -0.087925 0.036063 0.101514 0.111248 -0.155285 0.121488 -0.038632 -0.436654 -0.162924 -0.009001 0.091624 -0.135797
0.151225 -0.155652 -0.070923 0.101311 -0.126417 -0.155349 0.030732 0.128095 -0.064630 0.112925 0.158123 0.120575 -0.077979 0.078743 -0.092512 -0.038340 -0.054896 0.019136 0.079218 -0.316982 -0.037277 -0.037208 0.114814 0.043999 -0.070633 0.133730 0.237761 0.100541 0.210945 0.009440 -0.031956 0.041367 -0.203987 0.149795 -0.023018 0.031460 -0.000181 0.078358 0.023006 0.032091 0.056228 -0.116962 0.160629 -0.159653 0.062322 -0.040629 -0.082213
0.022778 -0.117278 -0.143129 -0.241779 -0.074374 -0.413869 -0.169577 0.034096 -0.083538 -0.088646 0.145729 -0.030350 0.086429 0.136799 -0.117645 -0.082462 -0.095836 0.125181 -0.007747 0.015353 0.019620 -0.095941 0.080430 0.248279 0.025650 0.306299 0.435137 0.100659 0.084872 -0.098885 -0.157046 0.324364 0.148959 -0.042295 0.013833 -0.111132 -0.079511 -0.049163 -0.060691 -0.097355 0.129980 -0.013160 0.067544 0.033231 -0.117267 -0.039291 -0.089298
0.102621 -0.208855 -0.094017 0.104234 0.036270 0.017286 0.055207 0.069738 0.036321 0.109835 0.032853 0.179893 0.121290 0.020164 0.049717 0.041728 -0.033897 -0.035409 -0.185051 -0.024659 -0.030598 0.052089 0.132838 0.076445 -0.081541 0.124790 -0.020050 0.157314 0.032752 0.119049 -0.010523 0.046412 0.230475 -0.022172 -0.056296 -0.025859 0.041170 -0.064320 -0.151660 -0.129556 -0.006910 -0.360153 -0.123768 0.057180 0.087139 -0.286355 -0.023227
0.005275 0.015271 -0.061579 0.004823 -0.174933 0.046221 0.115645 0.174633 -0.098597 -0.016727 0.032883 0.088422 0.067241 0.055668 -0.075383 -0.127566 -0.214971 -0.142757 0.028624 -0.169674 0.072434 -0.024452 0.223363 0.156477 0.043200 0.111133 0.201579 0.005172 0.035911 0.063776 -0.090470 -0.238252 -0.035085 -0.115935 0.023939 -0.088848 -0.034515 -0.116785 -0.212197 0.015183 -0.039758 -0.123749 -0.209506 0.140150 0.058691 0.060108 -0.243166
0.025308 0.036141 -0.035751 0.101275 -0.056395 -0.009325 -0.127790 0.127530 0.100765 -0.021888 -0.031356 -0.018401 0.008603 0.023666 0.155877 0.001120 -0.048256 0.018947 0.020406 0.029007 -0.066590 0.017946 0.123190 0.002076 0.020102 0.080655 0.136548 -0.010650 -0.042789 0.024454 -0.265073 -0.181878 0.071437 0.093910 -0.166858 0.022169 -0.005936 -0.022400 0.054598 -0.122080 -0.048716 -0.067117 -0.071107 -0.096140 0.002399 0.124410 0.067546
0.067299 0.020082 -0.099398 -0.098032 -0.122667 0.071067 0.007665 0.079244 -0.081333 -0.135535 0.025888 -0.002597 0.149570 0.077899 0.044554 0.077380 -0.048216 0.141607 0.005600 -0.166440 -0.069221 0.055698 0.157036 -0.047517 -0.106397 0.128707 0.055000 0.087594 -0.113511 0.058263 0.085374 -0.157545 0.247601 0.025087 0.029878 -0.078627 -0.103713 -0.138950 -0.136991 -0.018104 0.004765 -0.095614 -0.035988 -0.056250 0.093604 -0.041918 0.004697
-0.016537 -0.053541 -0.211394 -0.015624 0.051674 -0.041760 -0.105529 -0.024637 -0.050250 -0.039875 0.019098 0.004688 0.090128 0.011232 -0.014853 0.084906 0.090130 -0.043861 -0.000943 -0.103211 0.048189 0.112594 0.123289 -0.193622 0.012898 0.210127 -0.022611 0.187588 0.014221 0.021315 -0.092632 -0.002310 -0.157074 -0.046423 -0.039223 0.025718 -0.045914 -0.054180 0.049097 -0.031774 0.065969 0.054008 -0.187145 -0.122414 0.023787 0.013985 0.059587
0.030897 0.029900 -0.044709 0.017241 0.156265 -0.036187 0.005404 0.102603 -0.117233 -0.018242 -0.024395 0.124642 -0.002291 0.085905 -0.164761 -0.049219 -0.152515 0.117953 0.074827 -0.286480 0.044362 -0.029181 0.182425 -0.017209 -0.028241 0.067496 0.211871 0.101176 0.061038 -0.077289 -0.130863 0.034873 -0.011352 0.042250 -0.031514 0.047400 0.049799 -0.131484 -0.046881 -0.101078 0.013899 -0.053539 0.129768 -0.145591 0.041000 -0.059570 0.040609
0.002326 0.000167 -0.033608 0.176688 0.041198 -0.056051 0.000235 0.018545 -0.105248 0.009991 0.085063 -0.047328 0.025645 0.059072 0.103582 -0.076007 0.018339 -0.255459 -0.127767 -0.118616 -0.050727 -0.083656 -0.017792 -0.017370 0.085332 0.137530 0.183298 0.124319 0.064612 -0.058359 -0.198462 -0.004800 -0.065992 -0.205571 -0.084289 0.038381 -0.215794 -0.046200 -0.160586 -0.007502 -0.000817 -0.038870 0.130641 -0.054571 -0.037161 0.028008 0.008073
0.019539 -0.092913 -0.137134 -0.148076 0.026686 -0.242128 -0.274649 0.179723 0.027195 -0.066438 0.116647 0.080906 0.053585 0.023727 0.010548 -0.045503 0.117651 0.174839 -0.050498 -0.080973 0.102107 0.027042 -0.045485 0.077808 0.001971 0.306227 0.310294 0.160778 -0.028355 -0.191158 -0.064797 0.100425 0.068958 0.177397 0.016327 -0.156610 0.010349 -0.037948 0.060698 -0.100446 0.118780 -0.098338 -0.262761 0.002601 -0.045511 0.166853 -0.168808
0.070570 0.071210 0.022784 -0.109059 0.014249 0.041425 0.144694 0.112470 -0.178088 -0.002647 0.039255 -0.029198 0.085757 0.058533 -0.065181 -0.171048 -0.007974 -0.096629 -0.121223 -0.017928 0.162379 -0.217289 0.317688 0.111451 0.017425 0.181793 0.445529 0.039038 -0.047455 -0.106449 -0.154547 0.011481 0.162609 -0.140878 0.015383 -0.151270 -0.172492 -0.208544 -0.046576 -0.080044 -0.109415 -0.106452 -0.209152 -0.039034 -0.048604 0.050776 -0.124730
0.049776 -0.150415 -0.027067 -0.086778 -0.114539 -0.197117 -0.111110 0.098785 0.142082 -0.012243 -0.083279 -0.025776 0.201612 0.052476 -0.009332 -0.072994 -0.006032 0.082784 -0.152678 -0.087818 -0.241679 0.044966 -0.187852 0.187337 -0.043207 0.267886 -0.042211 0.003130 0.182798 -0.077914 0.062162 0.027181 0.031075 -0.010959 0.084472 0.014288 -0.031570 -0.057312 -0.010687 -0.014103 0.010326 -0.152140 -0.098734 -0.073520 -0.012523 0.246299 -0.024211
0.043679 -0.076008 -0.313495 -0.045828 0.054362 -0.084977 -0.242929 0.080755 0.115266 0.013442 -0.095779 -0.002001 0.072345 -0.096663 0.044099 0.044152 0.107592 0.113973 -0.218597 -0.172414 0.127525 0.143513 -0.269966 0.159400 -0.076849 0.184643 0.048778 0.150099 0.119361 -0.011342 0.111016 0.175639 0.120042 -0.033571 0.073744 -0.106094 -0.169949 -0.014533 0.081650 0.024228 0.114777 -0.228809 -0.076764 -0.147067 -0.196450 -0.130114 -0.004616
0.024408 -0.137896 -0.043181 -0.300800 -0.004883 -0.109603 -0.122788 0.177196 0.097162 -0.070492 0.056680 0.126852 0.106365 0.052591 -0.090988 0.000666 -0.014067 0.227616 -0.143324 0.019280 0.115189 -0.045588 0.088550 0.133650 -0.104904 0.277527 0.237456 0.031486 -0.005559 -0.068189 0.073332 0.168672 0.018289 -0.008388 0.096331 -0.080279 -0.092342 -0.165381 -0.088432 -0.177241 -0.082702 -0.091649 -0.047930 -0.102317 -0.061632 0.195732 -0.154724
0.035464 -0.010021 -0.229782 -0.038958 0.180766 0.198429 0.087748 0.140035 -0.170366 0.012888 0.106301 0.151610 0.166553 -0.104282 0.104218 -0.107203 0.125653 -0.036046 -0.019099 -0.078413 0.104766 -0.026288 0.047564 -0.141146 0.082246 -0.010558 0.224538 0.004425 -0.414981 -0.099690 0.142368 0.022343 0.120850 -0.157338 -0.087950 -0.084718 -0.018899 -0.077921 -0.148608 -0.017062 -0.111821 -0.117256 0.025845 -0.002823 -0.325773 -0.093586 -0.215003
-0.144150 -0.014525 0.048762 0.010540 0.215666 0.003625 0.144427 -0.229349 -0.293765 0.116471 0.144575 0.017773 0.359601 -0.025780 -0.173425 0.006352 0.195332 0.051376 -0.069806 -0.070406 0.355571 -0.041011 0.048549 -0.188347 0.013651 -0.120472 0.313984 0.240566 -0.141406 -0.070770 0.224588 0.010314 0.176115 -0.130994 0.171113 0.056543 -0.041542 0.063761 -0.267506 -0.354701 -0.131236 -0.069803 0.200902 -0.071998 0.060639 -0.086507 -0.291246
0.118029 -0.181663 -0.091882 0.151047 0.261692 -0.036532 0.187868 0.021074 -0.197370 -0.100289 0.015345 0.145491 0.106682 -0.187325 -0.027790 -0.041342 -0.173892 -0.239525 0.099157 0.212674 -0.034773 -0.169727 0.047797 -0.021386 0.005897 0.087637 0.327104 0.183377 -0.125575 -0.124348 0.230979 -0.336087 0.407015 -0.325978 -0.088335 0.051081 -0.079671 -0.289928 -0.551516 0.072116 -0.259569 -0.139388 -0.182090 0.026418 0.011378 0.020747 -0.243306
0.038418 -0.047088 0.262502 -0.106880 -0.015256 -0.016172 -0.150040 -0.179893 0.016130 0.091211 0.096261 -0.294434 0.040647 0.013893 0.047748 0.015847 -0.033176 -0.067472 0.000067 -0.037938 -0.115866 0.013592 -0.369414 0.098886 0.018422 0.167856 -0.018647 -0.037193 0.188925 0.037703 0.119256 -0.213189 -0.309222 -0.298876 0.090163 -0.097558 0.027847 -0.056483 -0.248820 0.090998 -0.137337 0.106083 -0.150070 0.075049 0.111150 -0.051050 -0.252649
0.139173 -0.050190 0.050859 0.537702 0.020440 0.034926 -0.067102 0.044036 -0.060198 -0.039381 0.094189 0.002828 0.377568 -0.363739 -0.165765 -0.041580 0.012891 -0.054731 -0.125991 0.148642 -0.029746 -0.168919 -0.102267 -0.227091 0.084011 -0.052426 0.206508 0.126019 -0.092803 -0.052329 0.046662 -0.187768 0.154024 -0.184460 -0.088470 0.124054 0.157213 -0.252388 -0.239332 -0.204238 -0.203112 -0.143683 0.041370 0.009140 0.079874 -0.039223 -0.040697
0.137013 -0.035840 0.019213 0.284685 -0.048324 -0.030794 0.109757 0.103852 -0.089987 -0.155128 0.228159 0.088043 0.236106 -0.110235 -0.183621 0.088632 0.035167 -0.099323 0.084454 0.113117 0.098483 -0.040291 -0.162475 0.093838 0.031681 -0.075814 0.231239 0.177366 -0.452614 -0.113493 0.102285 -0.126524 -0.154018 0.055033 -0.120565 -0.141649 0.295331 -0.081823 -0.059538 -0.244401 -0.107544 -0.048425 -0.037156 0.086856 0.025151 0.059565 -0.400808
0.070940 0.034320 0.103056 0.088423 -0.154759 -0.081365 -0.130842 -0.056177 -0.159687 0.014576 -0.003630 0.178004 0.083633 -0.058399 -0.016911 -0.182023 0.165759 -0.136387 -0.124570 0.164966 -0.070589 0.056762 0.257536 0.044302 0.001472 -0.164115 0.416023 0.147918 -0.145499 0.183492 0.087017 -0.183512 0.211322 -0.356871 -0.141223 0.089114 0.062562 0.279892 -0.157883 -0.248428 -0.300990 -0.186790 0.302728 -0.196662 0.254177 -0.274345 -0.240076
-0.138032 -0.139268 0.168836 0.166961 0.104566 -0.060238 0.207881 0.242322 0.113615 -0.203041 -0.052162 0.049668 -0.236505 -0.117373 -0.096341 -0.002800 -0.266701 -0.047524 0.079963 0.090103 0.034255 -0.024683 0.308822 0.031016 0.157148 -0.061343 0.154156 0.042061 0.003483 -0.022886 -0.003759 -0.268009 0.220408 -0.148003 -0.103256 -0.043651 0.097483 0.028604 0.031457 0.080335 -0.263548 -0.199329 -0.079712 -0.271192 -0.107411 0.053030 -0.056453
0.040491 0.125943 0.067021 0.212496 -0.030048 -0.154615 0.185968 0.359976 -0.070718 -0.027929 -0.034032 -0.018434 0.064456 0.012823 -0.150607 -0.319386 -0.059400 -0.196928 0.023666 -0.072326 -0.184517 -0.261269 0.241281 0.075554 0.077541 -0.009668 0.072272 0.091904 -0.023396 0.086444 -0.129945 -0.064312 0.107005 -0.064612 -0.067588 0.038373 -0.033675 -0.193191 -0.144894 -0.063511 0.090707 -0.195410 -0.069115 -0.067474 0.007249 -0.018847 -0.055837
0.037242 -0.054842 -0.023437 -0.094311 0.093309 -0.229063 0.111394 0.021207 -0.237494 0.072196 0.096244 0.254759 -0.067418 -0.022456 0.067596 -0.055958 0.142059 -0.041261 -0.121199 -0.102065 0.094773 -0.028274 0.036048 -0.238905 -0.050431 0.003852 0.180603 0.189248 -0.106095 -0.091372 0.109514 -0.005841 0.431706 -0.101494 0.017126 -0.172483 -0.113660 0.052664 -0.252334 0.054364 0.044573 -0.069287 -0.000102 -0.024883 -0.042200 0.215352 -0.234283
0.083242 -0.095280 -0.214640 -0.307379 0.234239 0.138646 0.264566 0.012884 -0.189408 0.025136 0.013461 0.179472 0.104341 0.039329 -0.167863 -0.055222 0.267233 -0.020411 -0.050491 -0.062741 0.270231 0.032998 -0.186107 -0.120684 -0.089522 0.081261 0.135023 0.119791 -0.429386 0.029627 -0.001174 -0.043598 0.514950 0.052930 0.027792 0.138448 -0.025928 -0.008933 -0.168656 -0.319708 -0.122970 -0.281955 0.327843 -0.007540 -0.088915 -0.012103 -0.371308
0.006453 -0.133079 0.117612 0.006401 -0.010308 -0.162295 0.017455 -0.041888 -0.065322 0.127657 0.015505 -0.188887 -0.010804 -0.012770 -0.121258 -0.021696 0.038637 0.078231 -0.004962 0.007686 -0.029817 -0.092809 -0.012656 -0.120176 -0.019950 0.048901 0.051320 -0.082299 0.131505 -0.085532 0.051038 -0.070105 0.106700 -0.192036 0.021808 0.005626 -0.102249 -0.026707 -0.031144 0.000538 0.071388 0.108445 0.017242 -0.004739 0.067095 0.053474 -0.127529
0.036963 -0.086607 0.012177 -0.123893 0.105903 -0.026006 0.069045 0.038269 -0.182409 0.020777 0.164918 0.101015 0.018585 -0.034902 -0.091860 0.012839 0.015796 -0.126416 -0.004112 -0.116864 0.164524 -0.049762 0.038473 0.031577 0.043506 0.026888 0.244634 0.034365 0.006243 0.008849 0.046797 0.069487 -0.058220 -0.178784 0.049809 -0.035812 0.024448 -0.049460 -0.537472 -0.048937 -0.100911 0.023547 0.138704 -0.173969 0.002595 0.129816 -0.150583
0.131682 -0.163951 -0.003960 0.194421 0.130494 0.014813 0.026567 -0.089462 0.030209 0.054728 0.191291 -0.034782 0.124322 -0.126407 -0.080520 -0.053087 0.147594 -0.019818 -0.005178 0.028644 0.015542 -0.064358 -0.199032 -0.342818 0.092165 -0.094674 0.247485 0.118706 -0.242443 0.075208 0.140800 -0.085347 0.034481 -0.090166 -0.046070 0.111770 0.020351 -0.141822 -0.197908 0.059298 -0.180295 -0.043218 -0.178887 0.023743 0.093714 -0.170979 0.059810
0.092379 -0.027870 -0.011854 -0.000314 -0.060214 0.035906 -0.148229 -0.214452 -0.033069 0.172238 0.009570 -0.078963 -0.068004 -0.150170 -0.014043 0.039184 0.071262 -0.087102 -0.014492 -0.256164 0.093601 -0.091400 0.020437 0.052390 0.017823 0.177620 -0.009399 -0.007303 -0.071299 -0.017685 0.131893 0.020663 -0.098551 -0.086501 0.077316 -0.099839 -0.131840 -0.008170 -0.055138 -0.133276 0.035227 0.005492 0.024211 0.047882 0.097448 -0.037692 -0.145444
0.045312 -0.079596 0.085599 -0.067816 0.038377 -0.058828 -0.050939 -0.194738 -0.073932 -0.014244 0.026524 -0.034172 0.067647 0.133535 0.087212 -0.048972 0.003405 -0.042654 0.031680 -0.018774 0.169023 -0.069017 -0.060989 -0.249898 0.066017 0.068421 0.100732 0.013164 -0.176801 0.047922 -0.088369 0.009041 0.075488 0.134654 0.018112 0.116923 0.126419 -0.094198 -0.278273 -0.041034 -0.004482 -0.042132 0.047512 -0.001804 0.018752 -0.027521 0.043266
-0.045024 0.098610 -0.121342 -0.051519 0.006719 -0.072837 0.054530 0.112740 -0.090630 0.043577 -0.049594 0.080092 0.141360 -0.278910 -0.086257 -0.020728 0.194000 0.121885 -0.083180 -0.015219 -0.022401 0.090376 0.026356 -0.040751 -0.040808 -0.074483 -0.032928 -0.136141 -0.100750 0.038351 0.031797 0.002109 -0.085240 0.114560 0.052570 0.132817 -0.009239 -0.022565 -0.032889 -0.005221 -0.050522 -0.039241 -0.056012 0.002664 -0.086454 0.066963 -0.019290
0.040808 -0.013495 -0.144013 -0.022085 -0.113774 0.028261 0.084732 -0.024737 0.046580 -0.098720 -0.219101 -0.230471 0.144427 -0.105057 0.071281 0.145438 0.147144 -0.132406 0.005559 0.057857 0.167232 0.020060 0.132935 -0.194057 0.014490 -0.349348 -0.126685 -0.093187 0.068513 0.141382 -0.194917 -0.060678 -0.089529 0.088556 -0.008631 0.053301 -0.031245 0.064624 -0.193815 0.076014 0.030819 -0.122533 0.132212 0.117130 -0.041713 0.064094 0.099719
0.058086 0.037996 -0.115921 0.047137 -0.012184 0.135370 0.054662 -0.048209 0.268246 -0.096943 0.059046 -0.045159 -0.128034 -0.066138 0.278579 0.009487 0.164980 -0.129457 -0.110394 -0.043187 0.155173 0.060342 -0.155200 -0.320439 -0.018174 0.019469 -0.130740 -0.015594 -0.008655 0.186988 -0.101605 -0.253975 -0.120163 0.194964 -0.068351 -0.043311 0.077051 0.052976 -0.273529 -0.132274 0.060375 -0.016364 -0.050460 -0.049020 -0.101639 -0.084586 0.060392
0.015669 -0.100950 -0.225323 0.016740 -0.017011 0.225746 0.195143 0.146381 -0.076626 -0.105066 -0.146985 -0.153012 0.156626 -0.237387 -0.108011 -0.080070 0.299150 -0.015440 0.173366 0.189739 0.105734 -0.096794 0.111181 0.021758 0.050467 -0.329761 -0.300058 -0.225695 -0.001286 0.077310 0.090321 -0.001532 0.044959 -0.026899 0.008913 0.010839 -0.010519 0.035544 0.013438 -0.092635 -0.073377 0.033407 -0.016077 0.095442 -0.068017 0.071032 0.120854
0.032061 0.089249 -0.059803 0.046399 0.001913 0.031039 0.066415 0.129704 0.025986 -0.111384 -0.038089 -0.050146 0.162498 -0.179422 0.103507 0.023822 0.144180 -0.010416 0.015190 -0.074305 0.082231 0.004430 0.098442 -0.307384 -0.006371 -0.308986 -0.026180 0.005707 0.050176 0.083642 -0.084653 -0.085603 -0.185930 0.075872 0.002432 0.153827 0.071702 -0.032051 -0.030780 -0.100579 0.075211 -0.034816 0.016942 -0.099371 -0.053359 0.012403 0.088351
-0.064433 0.018654 -0.182250 -0.000405 0.034265 0.138464 0.138082 0.139979 -0.105408 -0.244942 -0.073494 -0.089911 0.114598 -0.101688 -0.014292 -0.063137 0.235722 -0.016471 0.035065 0.074966 0.044949 0.023441 -0.018184 -0.004865 0.104151 -0.135104 -0.119100 -0.219229 -0.036072 0.124565 -0.110169 0.034852 0.048056 0.032362 0.142703 0.044750 -0.052882 -0.003407 -0.156629 -0.097985 -0.015018 -0.005619 -0.057924 0.008724 0.054758 0.119145 -0.019708
0.040573 0.038665 0.006962 0.018247 -0.038952 0.072959 0.320470 0.081834 -0.089734 -0.123778 -0.043940 0.075881 -0.089124 -0.081027 0.076233 0.096896 0.025249 -0.054743 -0.035257 0.039846 -0.060593 -0.000607 0.026172 -0.113590 0.072416 -0.021777 0.109759 -0.046885 -0.019568 0.013482 0.070732 0.013185 -0.101436 0.075133 0.005208 0.029662 -0.174634 -0.070766 -0.031837 0.056593 0.019938 -0.037231 -0.086118 0.020834 0.024284 0.031028 -0.148185
-0.078990 -0.085092 0.099320 0.161285 -0.081029 0.013333 -0.096646 0.042079 0.001512 -0.056804 0.043553 -0.084882 0.040878 -0.020794 -0.104082 -0.054511 0.083250 -0.133809 -0.023402 -0.022527 -0.133785 -0.071734 0.272046 0.072211 0.107227 0.141275 0.083250 0.048156 -0.025101 0.049415 -0.090637 0.116184 -0.192212 -0.045028 0.088963 0.012187 -0.195342 0.064926 -0.016465 0.089098 -0.042459 -0.069318 -0.151386 -0.076752 0.061105 0.002362 0.080988
0.055505 0.064589 -0.152891 -0.039589 -0.190405 0.128780 0.292810 0.005751 0.073904 -0.064812 -0.053913 -0.031537 0.042529 0.039046 0.003582 -0.028563 -0.077308 -0.054614 -0.096083 -0.032982 -0.010593 -0.026704 -0.055988 0.075894 -0.016614 -0.176346 -0.046170 -0.122476 -0.004886 0.095632 -0.067372 -0.035466 0.039030 -0.050345 0.085771 -0.071541 0.025347 -0.103939 -0.096950 -0.074420 0.101799 0.074550 -0.327736 0.069110 0.042378 0.055507 0.074095
0.012238 -0.083468 0.043915 0.028224 -0.098185 -0.070014 -0.141749 0.186998 -0.040214 -0.051724 -0.087340 -0.029075 0.043430 -0.190347 -0.256914 -0.021782 0.120069 -0.099010 -0.023923 -0.023484 -0.036961 0.076311 0.359332 0.009246 -0.039646 0.134474 -0.153168 0.218073 -0.172643 0.000106 -0.125350 0.174682 0.054040 -0.010985 0.278544 -0.057927 -0.035288 -0.066127 0.202761 0.111025 -0.121137 -0.002576 0.002417 0.216790 -0.065619 -0.004903 -0.353077
-0.108650 -0.110994 -0.134112 0.122439 0.036817 -0.060344 0.244178 0.404270 0.051292 -0.219258 -0.035863 -0.086288 0.112363 -0.090997 0.120294 -0.068157 0.176296 -0.223829 -0.113676 0.132841 0.105227 0.116842 -0.186783 0.017460 -0.298804 -0.257256 -0.316995 -0.153569 0.129906 0.169684 -0.189648 -0.131226 -0.169181 0.242415 -0.095111 0.155766 -0.211247 0.252001 -0.179873 -0.263859 0.006643 0.016837 0.146173 -0.135074 0.020188 0.029892 0.009581
-0.003052 -0.108845 -0.360362 -0.064171 -0.103323 0.151445 0.005882 -0.064801 -0.050411 -0.034167 -0.147420 0.002578 0.044567 -0.107367 0.007669 -0.021173 0.198065 0.022927 0.122077 0.085688 0.069069 0.005140 0.135724 -0.009624 -0.002681 -0.165273 -0.190069 -0.081096 -0.007104 0.167420 0.022073 0.081721 0.048196 0.111061 0.056715 -0.004450 -0.009776 -0.010094 -0.031870 -0.104990 0.085142 -0.023051 0.052780 0.065562 -0.082660 0.111737 0.040542
0.039514 -0.277871 -0.249432 0.078930 0.028110 0.091357 0.286419 0.169006 -0.083396 -0.162981 -0.226225 0.006365 -0.027026 0.025303 -0.029555 0.188510 0.188235 -0.113434 -0.132884 0.149033 -0.043724 -0.025931 0.150173 -0.010176 -0.028315 -0.073631 -0.521407 -0.180113 0.044355 0.102302 0.051591 -0.081752 -0.010653 0.045228 -0.096111 0.180464 -0.296935 0.235479 -0.107448 -0.150983 0.009037 -0.241417 0.199465 0.025373 -0.248788 -0.062321 -0.039117
-0.079909 -0.075959 -0.230558 -0.024329 -0.171788 0.094518 0.216758 0.263352 0.087463 -0.142433 -0.012230 -0.033068 -0.033384 -0.205078 0.167011 0.018560 0.084865 -0.129955 -0.204827 0.041828 0.047876 -0.161590 -0.030256 -0.083761 -0.131486 0.054345 0.025918 -0.107758 0.111692 0.016471 0.007089 0.085505 -0.131591 0.064613 0.097338 -0.009981 -0.046930 0.216256 -0.167888 -0.009706 -0.173865 -0.062652 0.034273 -0.051888 -0.155762 -0.049481 -0.020764
0.003580 0.045891 -0.150022 -0.051621 0.010588 0.065431 -0.008091 0.068179 -0.055956 -0.200724 0.009985 -0.077613 -0.008795 -0.060237 0.101731 0.004067 0.047821 -0.129677 -0.057415 -0.008079 -0.078207 -0.007693 0.138226 -0.046149 0.040191 -0.135503 -0.083151 0.098233 0.075734 0.097809 -0.032854 0.009349 0.028158 0.026133 0.170331 0.009659 -0.008936 -0.054477 -0.019131 -0.005031 0.048695 -0.074191 -0.134764 0.149165 0.016052 0.031852 -0.056087
-0.021598 -0.237740 -0.342064 -0.042005 -0.062006 0.221865 -0.033971 -0.055053 0.056951 -0.078064 -0.127052 -0.132197 0.154244 -0.067788 0.088081 -0.038247 0.351958 -0.013686 0.047987 0.050655 0.181541 0.009464 0.013555 0.073675 0.026385 -0.149832 -0.104356 -0.221030 -0.060367 0.034677 -0.087117 -0.013892 -0.043415 0.135494 -0.065520 0.130902 -0.029317 0.334799 -0.071942 -0.233422 -0.146232 -0.103736 0.082729 0.081949 -0.120708 0.090731 0.120989
-0.271681 0.024583 -0.149867 0.102550 0.022964 -0.053746 -0.360960 0.110424 -0.131868 0.123613 0.272176 -0.020799 -0.539773 0.062020 -0.013783 0.010434 -0.378064 0.132511 0.025296 0.019192 -0.007756 0.069775 -0.023421 0.084038 -0.173326 -0.062001 -0.200945 0.062298 0.167891 -0.023187 -0.424530 -0.273371 -0.036489 0.406501 0.233086 0.051903 -0.145780 0.013889 -0.397492 -0.610440 0.009424 0.036781 0.154581 0.091389 0.092820 -0.270792 -0.142555
0.061726 -0.087694 0.046437 -0.096755 0.067133 -0.013141 0.039946 -0.074382 0.301115 -0.007648 0.042130 -0.269223 0.105033 -0.163566 0.179964 -0.078270 0.010975 -0.071703 -0.114648 0.020959 -0.129161 -0.083774 -0.024451 -0.084356 0.066530 -0.458310 -0.069531 -0.198354 -0.008374 0.066409 0.026912 -0.127545 -0.111708 0.198825 -0.119138 0.018351 -0.031885 -0.228210 0.090897 0.078754 -0.010389 0.165070 0.101211 0.186336 -0.346228 -0.011775 -0.004109
-0.046170 -0.053537 -0.025782 0.126082 -0.262975 0.167749 -0.192833 0.059330 -0.220014 -0.139262 0.008057 -0.083044 -0.488243 0.029520 -0.237276 0.030684 0.004402 -0.098095 0.039094 0.081499 -0.240042 0.081302 -0.180349 0.000947 0.041984 -0.234213 -0.058733 -0.280685 0.160747 -0.078883 -0.008159 -0.152768 0.111617 0.048444 0.280974 -0.029223 -0.110040 0.083891 -0.142251 -0.338298 0.062987 0.298455 0.062735 -0.220209 0.038393 -0.380766 -0.247541
-0.337434 0.053406 -0.018207 -0.103763 -0.009939 -0.023152 -0.253751 0.053230 -0.021894 0.058347 0.150890 0.215098 -0.528677 0.351243 -0.041756 0.032959 -0.241259 0.098588 0.081123 -0.049344 0.056438 0.071990 0.206989 0.338072 -0.387278 -0.142242 -0.109627 0.203712 0.155130 -0.042729 -0.304859 -0.018340 -0.054916 0.106148 -0.008887 0.018317 -0.315353 0.081078 -0.028556 -0.382174 0.047615 -0.023031 0.143644 0.109390 -0.035646 0.215006 -0.095079
-0.058743 -0.104250 0.114343 0.125543 0.188588 0.112271 -0.347300 0.033393 0.107226 -0.090224 -0.168607 0.072899 -0.162772 0.011894 -0.020435 0.060829 -0.288742 -0.092776 0.067977 -0.019118 -0.122129 0.003041 0.135427 0.217124 -0.232355 -0.300663 -0.174212 -0.135463 0.247277 -0.020042 -0.262850 -0.332475 -0.005452 0.090089 -0.014623 0.023668 -0.034383 0.016732 0.001583 -0.140770 0.005931 0.079949 -0.036995 0.077975 0.001988 -0.044854 -0.099912
-0.128129 -0.034712 -0.134298 -0.148353 0.144501 -0.236911 -0.112172 0.147844 0.073965 0.158116 0.114126 -0.221177 -0.011191 -0.283899 0.008147 -0.088108 -0.164544 0.016106 0.068887 -0.017898 -0.116927 0.009940 0.000419 0.118119 -0.151994 -0.154786 0.023116 0.058726 0.149413 -0.019857 -0.109363 -0.358723 0.016247 0.352233 0.114412 0.022761 -0.191270 0.051398 -0.323145 -0.233973 0.023658 0.048174 0.155475 0.231625 0.055021 0.086951 0.107201
-0.094020 0.004623 0.176776 -0.155648 0.073933 0.044671 -0.040588 0.051928 0.291622 -0.063479 0.045262 -0.002805 -0.376391 0.116498 0.143242 -0.025721 -0.287362 0.180714 -0.059576 0.125808 -0.035915 -0.153719 0.087672 0.122468 -0.108993 -0.288304 -0.217223 0.292689 0.066821 0.082300 -0.246451 -0.031169 0.055847 0.174765 -0.152702 0.140764 -0.202621 -0.107128 0.192921 -0.296367 0.113287 -0.008946 -0.214146 0.029851 0.146498 -0.094584 0.074831
0.027777 0.013533 -0.219386 0.146302 0.020565 0.117480 -0.023327 -0.026489 -0.321705 -0.163261 -0.099922 -0.012893 -0.090691 0.095290 -0.006709 0.109378 -0.060177 0.054993 -0.001824 0.149940 -0.291024 0.123543 -0.172153 -0.003638 -0.034871 -0.016389 -0.011221 -0.075689 0.095607 -0.215699 0.221007 0.054656 0.117693 -0.047402 0.122782 -0.249826 0.175666 -0.216834 -0.188020 0.210974 -0.123606 0.010995 -0.154570 -0.188013 -0.028713 -0.148214 -0.080871
-0.056359 -0.173082 -0.061628 -0.060207 0.085270 0.169086 0.062943 0.197316 0.078093 -0.049940 0.062399 -0.098575 -0.034157 -0.070853 -0.024257 -0.057222 0.005609 0.055763 -0.069309 0.004580 0.111822 -0.012288 0.234554 0.113782 0.041471 -0.064287 -0.030799 -0.232128 0.082433 -0.101971 -0.024548 -0.021096 -0.098520 -0.105800 0.010488 0.003936 0.009641 0.044107 -0.092796 -0.083135 0.041972 0.034229 -0.008625 -0.042165 -0.110504 -0.060274 0.015499
-0.107189 0.101802 0.023473 -0.139046 -0.073122 0.039675 -0.186373 0.038463 -0.032424 0.024257 0.016319 0.078669 -0.231716 0.122773 -0.089825 -0.008329 -0.166641 -0.100654 -0.016642 0.009523 0.048410 -0.061738 -0.150804 0.057177 -0.171685 0.029893 -0.153824 -0.074190 0.114475 -0.068547 -0.069088 -0.036770 0.002955 0.088340 0.144456 0.110539 -0.103909 0.116739 -0.387513 -0.109219 -0.036167 -0.019576 -0.006734 0.205873 0.092707 0.065591 -0.056509
-0.034446 0.008297 -0.078208 -0.105459 -0.119689 0.006556 0.030333 -0.003385 -0.079261 -0.003057 0.126021 0.185243 -0.107566 0.082799 -0.046487 0.114484 -0.132039 -0.041367 -0.029771 -0.022261 0.015412 -0.045095 -0.093767 -0.058265 -0.047998 0.167592 -0.100802 -0.069845 0.096603 0.027029 -0.063610 -0.025977 0.050987 0.077973 0.004054 0.081080 -0.046927 0.030252 -0.144646 0.158760 0.073740 0.071856 0.028558 0.115540 -0.093448 0.078294 -0.053361
-0.011564 0.010319 -0.031495 -0.121201 0.013381 -0.010112 -0.110065 0.068327 0.170480 0.046605 0.024152 0.024112 -0.121462 0.096130 0.066569 -0.028774 -0.156962 0.012834 -0.023228 -0.010439 -0.023024 0.031331 0.118738 0.230518 -0.103913 -0.180174 -0.013440 0.075498 0.089916 0.023451 -0.227439 -0.132752 -0.073804 0.213323 -0.055466 0.122126 -0.007878 0.018359 0.003340 -0.106903 -0.012008 0.000620 0.000526 0.258556 0.026576 0.018630 -0.062915
-0.108285 0.058319 -0.079480 0.110304 -0.011693 0.058137 -0.262616 0.031568 -0.021129 0.060779 0.128461 0.062688 -0.180634 0.117902 -0.192557 -0.005936 -0.228808 -0.010105 -0.006798 0.027168 -0.094480 0.077923 -0.151380 -0.108548 -0.120246 -0.044810 -0.147631 -0.092836 0.178376 0.015923 -0.172824 -0.112311 0.087256 0.083706 -0.014213 -0.008097 0.003095 0.038494 -0.224631 -0.070585 -0.001816 0.077783 0.092809 0.227477 -0.073115 0.020332 0.047127
-0.174186 -0.014208 0.042848 -0.024597 -0.055879 -0.034011 0.002904 0.143631 0.230961 -0.098527 -0.136884 -0.394064 -0.164482 -0.047812 0.002965 0.069597 -0.090223 -0.210387 0.055168 0.105029 -0.135861 0.047599 -0.040693 0.035900 0.095965 -0.459858 -0.024172 -0.003703 0.157177 0.070258 -0.116443 -0.188762 -0.091362 0.329512 0.125479 0.035657 -0.174832 -0.084549 0.073101 -0.347070 0.064195 0.182631 -0.190553 -0.016567 -0.078123 -0.095583 0.133240
0.057213 0.013220 0.083350 -0.141630 0.015053 -0.132066 -0.025943 -0.051555 0.190083 -0.024647 0.034469 -0.186398 -0.026177 -0.020017 -0.023871 -0.012293 -0.057808 -0.065430 0.069424 -0.036679 -0.099921 0.102029 -0.031905 0.038705 0.001955 -0.124834 -0.088883 -0.029037 -0.049385 0.054312 -0.117948 -0.115184 -0.125737 0.204973 -0.112344 0.004605 -0.129472 0.017681 0.066844 -0.051710 0.049475 -0.016387 0.043365 0.199226 -0.094976 0.033151 0.064653
-0.054627 0.080007 -0.011121 0.157170 0.058658 0.082477 -0.105798 -0.033601 -0.060850 0.037728 0.128619 0.010115 -0.167413 0.101647 -0.105668 -0.045775 -0.094365 -0.086254 0.070595 -0.023537 -0.020907 0.042768 -0.084057 -0.017979 -0.056294 -0.120765 -0.107096 -0.002900 0.089728 0.027906 -0.203879 -0.146591 -0.074016 0.146932 -0.016765 0.035617 -0.128960 0.020101 -0.154493 -0.117836 -0.027566 0.053550 0.043483 0.146065 -0.010058 0.034308 0.000832
0.009180 0.020581 0.011182 0.155669 0.030090 0.065642 0.019365 0.063438 0.044672 -0.228392 -0.034045 0.062824 -0.081125 -0.096182 -0.543520 -0.092548 0.112726 0.079811 0.008966 0.180684 -0.147253 -0.096205 0.066934 0.044674 -0.032370 -0.117902 0.038194 -0.263666 -0.055320 -0.037086 -0.018033 0.027440 0.019267 -0.217528 0.131319 0.273306 0.008873 0.026326 -0.172054 -0.198261 -0.088190 0.057890 0.273000 -0.040524 0.210418 0.027810 0.007281
0.083821 0.058786 0.012245 -0.006848 -0.058040 0.078240 0.006910 -0.071744 -0.014699 -0.044047 -0.087490 0.066267 0.141699 -0.100196 -0.110543 -0.124326 -0.171038 -0.039418 0.006862 -0.241208 0.074146 -0.080871 0.347650 -0.048752 0.095746 0.055885 0.210291 -0.040436 -0.084093 -0.182441 0.077993 0.053360 0.164524 -0.108750 -0.071466 -0.137062 0.073003 -0.031453 -0.109628 -0.079865 -0.116473 -0.257787 -0.131766 0.214981 0.101134 0.063882 -0.105341
0.078663 0.006039 0.132193 0.183513 -0.133584 0.012152 0.081515 -0.094266 0.154858 -0.146256 -0.024887 -0.005006 -0.021795 -0.067570 0.064555 -0.079207 -0.204304 -0.266305 -0.079532 -0.059005 0.179152 -0.066074 -0.008178 -0.156977 -0.020058 -0.130942 0.347531 0.078918 0.027332 -0.064371 0.034596 -0.133071 0.043354 0.111967 -0.075783 0.193934 0.078331 -0.004463 -0.172931 -0.012188 -0.130346 0.023661 0.136665 -0.075884 0.098693 -0.107510 0.091153
0.098583 -0.127957 -0.111896 0.190120 -0.031862 -0.104296 -0.114662 -0.089360 0.094115 -0.029861 -0.031832 0.103496 0.020947 0.066995 -0.204784 -0.126531 -0.135823 0.080074 -0.039249 -0.072913 0.064091 -0.050021 0.248737 -0.018915 0.132670 0.205906 -0.020750 -0.256284 0.028146 -0.102957 0.034480 -0.032236 0.215898 -0.168298 0.012939 0.015347 -0.116774 0.172956 -0.100599 0.040502 -0.064962 -0.140723 -0.034134 -0.017600 -0.009643 0.028724 0.048729
0.091239 -0.049645 -0.000740 0.104828 -0.148268 0.019889 0.035485 -0.009836 0.069154 -0.004679 -0.175017 0.108204 -0.101553 0.158816 -0.093223 0.001418 -0.243728 -0.013828 -0.085097 -0.075931 0.013526 -0.113104 0.100769 0.080294 0.024300 -0.020036 -0.023527 -0.033275 0.062138 -0.047257 0.155023 -0.180013 -0.119314 -0.073402 0.062679 0.031206 -0.006325 0.126072 -0.165121 0.087687 -0.109310 -0.017110 0.066192 -0.014037 -0.016890 0.191035 0.017157
0.030499 -0.107475 -0.026286 0.113975 -0.223383 0.039286 -0.045361 0.087082 -0.038736 -0.090543 0.102451 0.213310 -0.217728 -0.014238 -0.220289 -0.153810 -0.056834 0.123458 -0.095620 -0.118490 -0.094475 -0.252324 -0.151405 0.162286 0.055939 0.321940 0.044930 -0.477712 0.057530 -0.069214 0.157301 0.074789 0.182096 -0.109087 -0.026443 0.143651 -0.099680 0.061841 -0.042128 -0.153034 -0.085399 -0.049590 0.078450 -0.165652 0.031024 -0.119922 0.058578
0.074071 -0.312642 0.022780 0.034002 -0.227267 -0.122248 -0.018206 -0.107316 -0.019931 0.080598 -0.040534 0.207419 -0.082139 -0.035902 -0.133635 0.038715 -0.126355 0.028825 -0.197889 0.034566 -0.004428 0.199564 0.110578 0.048936 -0.034001 0.159434 0.238397 -0.004984 -0.013795 0.067969 0.127222 -0.060576 -0.040812 -0.038507 -0.013278 -0.073558 -0.174777 0.008542 0.070048 -0.044300 -0.011964 0.026475 -0.048550 -0.046950 -0.107676 -0.070633 0.094364
0.038828 -0.053287 0.096496 0.315702 -0.203253 -0.022840 -0.024935 -0.189394 0.007101 -0.154961 -0.278560 0.127223 0.062634 0.100323 0.034751 -0.127554 -0.161284 0.114723 -0.103971 -0.033463 -0.107044 -0.204431 0.100697 0.021121 -0.109773 0.019517 -0.048166 -0.034379 0.006585 -0.007425 0.246558 -0.123975 0.129193 -0.096534 0.050396 0.199574 -0.046123 0.062987 -0.271295 0.129777 -0.206720 0.024314 -0.085973 0.003331 -0.069799 0.036305 0.028741
0.144572 -0.059081 0.086919 -0.060090 -0.129308 0.010950 -0.155058 -0.022295 -0.137355 0.051052 -0.164570 0.112810 -0.266853 0.303658 -0.089927 -0.272646 -0.271890 -0.032438 -0.073854 -0.154846 0.048719 -0.046271 0.095780 -0.018183 -0.082619 0.170067 -0.191073 0.124157 -0.004860 -0.097309 0.082033 0.135632 0.100290 -0.201114 0.090959 -0.174942 -0.139463 0.071648 -0.271661 0.093325 0.096765 -0.046751 0.131084 0.050652 -0.062252 -0.158670 -0.008126
-0.104185 0.003218 0.098128 -0.229012 0.049085 -0.057822 0.025148 0.009478 -0.089704 0.015855 0.124488 -0.239050 -0.581852 -0.003082 -0.144111 -0.291691 0.193474 0.133787 -0.095188 0.045394 -0.334351 -0.050292 0.439680 -0.105284 -0.051536 -0.467292 -0.013878 -0.085882 -0.123921 -0.069857 0.097726 -0.078878 0.063121 -0.272979 0.074751 0.025291 0.162910 0.055495 -0.032696 -0.228718 -0.128407 0.207598 0.442930 0.211060 0.182207 -0.133814 -0.120346
0.021157 0.060880 0.175643 -0.256780 0.084641 -0.102705 -0.042762 0.102899 -0.113830 -0.000130 0.143824 -0.148766 -0.327725 -0.065836 -0.232869 -0.072414 0.052088 0.130885 -0.040081 -0.148422 -0.070707 -0.016669 0.388698 -0.066613 -0.048959 0.046521 -0.130856 -0.235453 -0.170908 -0.020467 0.150913 -0.114578 0.169067 -0.084091 0.044454 -0.088451 0.117039 -0.044467 0.099196 -0.319443 -0.334092 0.008901 0.346665 0.205333 0.106474 -0.085929 -0.230219
0.072019 -0.057298 0.135806 0.176262 -0.099852 0.000060 -0.013317 -0.057934 -0.090509 0.110249 0.059194 0.085660 -0.091324 0.086223 -0.098770 -0.132183 -0.168817 0.120568 0.033845 -0.272213 -0.067803 0.004164 0.191493 0.062933 0.061590 -0.111339 0.214818 -0.165744 -0.079954 -0.170403 0.078444 0.069126 0.197519 -0.132800 -0.003003 -0.165927 0.043988 0.016364 0.084588 0.133521 -0.254017 -0.320098 -0.026757 0.077867 -0.169407 -0.131988 -0.002705
0.044978 -0.190204 0.079864 0.131109 -0.222158 0.006867 0.147311 -0.007642 0.019063 0.036373 0.160830 0.159252 -0.185831 -0.019490 -0.349106 -0.335583 -0.056297 0.024257 -0.194520 -0.091962 -0.154592 -0.111557 0.413977 -0.146348 0.007492 -0.230592 0.059389 -0.288280 -0.086536 -0.038818 0.061401 0.070873 0.251769 -0.268622 -0.119360 -0.142654 0.011660 0.124450 -0.103764 -0.372402 -0.295187 -0.127181 0.229734 0.099298 0.019830 -0.438478 -0.116467
0.041262 -0.090281 -0.144622 -0.046038 0.121076 -0.128775 0.145703 -0.224800 -0.340503 -0.178570 0.082513 -0.046181 -0.028712 0.025352 0.098857 0.127019 -0.211511 -0.292914 -0.116678 -0.002942 0.215925 -0.183489 -0.032770 0.053257 0.059808 0.120314 0.275777 0.188808 0.034517 0.143530 0.035801 -0.108303 -0.062837 -0.046478 -0.159243 -0.118168 -0.065679 -0.200275 0.116597 0.207904 -0.000645 -0.125851 -0.146228 -0.078390 -0.093346 -0.019108 0.080161
0.159907 -0.180465 0.005312 -0.326760 0.053038 -0.063729 0.108065 -0.092831 -0.224361 0.099469 -0.030836 -0.233089 -0.063817 0.217025 -0.112537 -0.320227 -0.623113 -0.010121 -0.056906 -0.239599 0.040729 0.110416 0.497733 0.008819 0.042000 0.042263 0.014713 0.082698 -0.135984 -0.201463 0.108266 0.152215 0.279389 -0.139633 0.023567 -0.049404 -0.078819 0.061404 -0.167526 -0.021421 -0.201478 0.018164 -0.094033 0.324010 0.026479 -0.089375 -0.109816
0.093076 -0.040763 -0.000979 -0.117924 -0.019997 -0.012439 -0.034192 -0.216782 0.023085 0.080613 0.207019 -0.131070 -0.211635 0.053985 -0.148347 -0.380755 -0.089274 -0.077947 0.010441 -0.047290 -0.046153 -0.163680 0.350577 0.008731 0.031886 -0.092535 -0.059126 -0.217490 0.019141 -0.076678 -0.021414 0.068967 0.055748 -0.172994 -0.156064 0.063299 -0.044694 0.005032 0.024047 -0.028229 -0.246377 0.039259 0.178886 0.167547 0.067134 -0.008607 -0.109158
-0.111276 -0.085683 -0.051137 -0.135069 0.084150 0.084024 -0.021710 -0.239422 -0.132011 0.122530 0.185743 0.042988 -0.036152 -0.129436 0.132559 -0.087631 0.107164 0.184128 -0.052706 -0.164776 0.125350 -0.019245 -0.194200 -0.016781 -0.311091 -0.038347 0.015483 0.057582 -0.038773 0.156319 0.070985 -0.093249 0.162114 -0.070420 -0.104712 0.002035 0.123894 -0.076905 0.078256 0.007694 -0.187662 0.229861 0.130600 0.135407 0.156481 0.044028 0.023788
0.068675 -0.119205 0.008056 -0.169147 0.134951 0.071753 -0.005736 0.083823 -0.173627 0.105826 0.048035 -0.183351 0.113752 -0.065868 0.058382 0.093130 0.119032 -0.198479 -0.168921 -0.404069 -0.070379 -0.124820 0.145755 0.011792 0.096013 -0.056863 0.150700 0.041707 0.027780 -0.009850 -0.061503 -0.041135 -0.272791 -0.142173 -0.055474 -0.059975 0.101163 -0.040836 -0.158454 0.045768 0.050179 0.105435 -0.068423 0.032236 -0.029422 0.010429 0.069411
0.018032 -0.138192 -0.075708 0.004403 0.104124 0.039307 0.087681 -0.368732 0.035964 0.020732 -0.088003 -0.212875 -0.022820 0.017906 0.161085 -0.022441 -0.041329 -0.054695 -0.079909 -0.082704 0.288234 -0.094220 -0.320031 0.148710 -0.002506 -0.285468 0.174859 0.146759 -0.047751 -0.050769 0.025221 -0.021116 0.257217 0.236711 -0.206286 0.008280 -0.116362 -0.054597 -0.059038 0.062396 0.016678 -0.000815 0.128083 0.185766 -0.009764 -0.195727 -0.033840
-0.170262 0.238990 0.092583 -0.236689 -0.234377 0.028710 -0.088731 -0.344651 -0.012057 -0.283844 -0.037759 -0.158194 0.035326 -0.053028 -0.242339 0.097668 -0.035139 -0.139395 0.028406 0.034367 -0.054421 -0.005144 -0.151267 0.115631 0.073594 0.075661 -0.019029 -0.123781 -0.142839 -0.132392 -0.220575 0.133243 0.089215 0.039038 0.216322 -0.050967 0.326163 0.015012 0.045515 -0.127877 0.088361 -0.164731 0.054024 -0.008735 -0.034560 0.113727 -0.118118
0.144968 0.037608 0.009974 -0.084920 -0.048095 0.051810 -0.221542 0.033864 -0.261104 -0.010327 -0.164629 -0.311780 -0.002264 0.029975 -0.121248 -0.180218 -0.070755 -0.063851 0.015194 -0.129023 -0.219402 -0.111518 0.127452 0.079549 0.127077 -0.084769 0.058184 -0.069334 -0.020383 0.045602 -0.067188 -0.040991 -0.197300 -0.316289 -0.068950 0.027120 -0.223965 -0.129397 0.155060 0.096932 -0.085785 -0.046787 -0.238465 -0.023145 0.002364 0.013152 0.173572
0.102499 0.137228 -0.065728 -0.123012 0.017438 0.072286 -0.123157 0.005706 -0.233220 -0.044937 -0.010753 -0.230831 0.136027 -0.144435 -0.035910 0.058626 0.042888 0.018254 0.119041 -0.183320 0.273133 -0.029285 -0.142188 0.123011 0.064373 -0.084529 -0.005817 0.093557 -0.120468 -0.048240 -0.036255 0.059130 0.069861 0.103444 0.045803 -0.150037 -0.047116 -0.353000 0.028637 0.038856 -0.054597 0.010598 0.003426 -0.103497 -0.058487 -0.035534 -0.021924
0.009678 0.268219 0.026780 -0.202098 -0.162482 -0.047375 0.057681 0.106243 -0.252714 -0.196270 0.034472 -0.132031 0.249829 -0.188355 0.019901 0.021213 -0.203497 -0.104220 -0.088685 -0.218453 -0.321940 0.241146 0.062744 0.206936 0.122704 -0.131794 -0.369042 -0.248495 0.205905 0.047137 0.048866 -0.325257 -0.043662 -0.200743 -0.129336 -0.029686 0.003506 -0.051841 -0.387669 -0.119690 -0.005986 -0.220754 -0.013125 0.007986 0.019887 0.143626 0.063116
0.038844 0.020879 -0.026790 -0.035389 0.307316 -0.012379 0.080935 -0.237348 -0.344073 0.201653 -0.301758 -0.037231 0.069267 0.085900 0.080529 -0.325286 -0.004322 -0.123190 -0.001176 -0.127153 0.061990 0.108528 -0.124557 0.127395 0.044544 -0.300161 0.033525 0.157748 -0.015982 -0.057858 0.039032 -0.118981 0.134627 -0.013131 0.022272 -0.025699 0.053350 -0.064184 -0.162777 -0.026013 -0.274196 -0.184411 -0.022956 -0.063834 -0.129161 0.048334 0.087027
0.039695 0.130090 -0.009277 -0.273706 -0.151224 -0.129632 0.014841 -0.296263 -0.125898 -0.479336 0.021646 0.048042 0.085941 0.129005 0.109341 0.117598 -0.143503 -0.080360 0.003349 -0.409328 0.113912 -0.010384 -0.080615 0.138400 0.029257 0.079934 -0.086824 0.056961 -0.059597 0.078104 -0.050334 -0.072730 -0.033884 0.179513 -0.078864 -0.036193 -0.242823 -0.040357 0.037355 0.120568 0.148430 -0.412778 -0.029155 0.066730 -0.139673 0.043643 0.152578
-0.052873 0.070029 -0.022268 -0.094936 -0.293777 0.067621 0.033982 -0.167988 0.206413 -0.327342 -0.018170 0.030058 -0.051453 0.005174 -0.011250 -0.156847 -0.041900 -0.087604 0.114125 0.038787 0.107026 -0.027360 -0.165585 0.051041 -0.026927 -0.035848 0.114320 0.165019 0.035870 -0.015423 0.079401 0.120209 0.096677 0.183874 -0.209958 -0.006597 -0.107757 0.014737 0.033386 0.098725 -0.075583 -0.017566 0.018377 -0.182217 -0.060987 -0.080569 0.138124
0.068860 0.206238 0.006364 0.070782 0.001719 0.015945 0.029745 -0.043633 -0.348096 -0.266505 -0.106674 -0.284539 0.076794 -0.082780 0.050726 0.012956 -0.012333 0.074748 0.180978 0.055488 0.147973 0.147905 0.089139 0.031136 0.008125 -0.350013 -0.292685 -0.106477 -0.005374 0.080164 -0.181914 -0.188954 -0.085829 -0.010851 -0.111439 -0.186996 -0.117424 -0.027413 -0.088805 -0.102390 -0.007952 -0.270593 0.169569 -0.011726 -0.190131 -0.136601 0.271203
0.012800 0.063607 0.130184 -0.424897 -0.268167 -0.135940 -0.168023 -0.066034 -0.018291 -0.419924 0.029965 -0.008862 0.106925 -0.007401 0.148575 0.001396 -0.069223 -0.265087 0.105590 -0.410863 0.165437 0.013854 -0.115382 -0.029449 0.030260 0.045562 -0.094377 0.197032 -0.205333 0.039529 -0.034904 0.013114 -0.090721 0.078987 -0.128670 0.063598 -0.173374 -0.083219 0.150583 0.199534 0.080088 -0.175421 0.090053 0.142883 0.073703 0.036446 0.106351
-0.296939 0.156271 -0.020586 -0.008334 0.173902 -0.249800 -0.303077 -0.198339 -0.240372 0.124923 -0.189458 -0.501018 -0.106413 -0.287111 -0.042193 -0.109577 -0.303901 -0.079839 0.167965 0.167301 -0.104148 0.131434 -0.088299 -0.002671 -0.054471 -0.150783 -0.864937 -0.195221 -0.066852 0.128450 0.174083 0.124084 -0.112576 0.018958 0.260694 0.012669 -0.378515 -0.409125 -0.187665 -0.072794 -0.211399 0.161606 -0.169775 -0.068651 0.128489 0.040687 0.108940
0.161556 -0.081363 -0.111108 0.099515 0.014445 -0.010990 0.025855 -0.177335 0.015748 0.003812 -0.001317 0.130340 -0.052284 0.110429 -0.083207 -0.258611 0.128453 -0.008615 -0.038823 -0.008738 -0.166107 -0.212869 0.136719 -0.251532 0.052572 -0.062372 -0.065654 -0.091001 -0.011451 0.055166 0.079659 -0.140905 -0.103229 -0.105555 0.085738 0.042766 0.074889 0.040387 0.134327 -0.117617 -0.110224 0.076761 0.071955 0.140832 0.056001 -0.051117 -0.262114
0.024511 -0.082569 -0.250241 -0.094974 0.030397 0.000120 -0.352182 0.115456 -0.174749 0.019697 0.153648 -0.101866 0.087696 0.058060 -0.309998 -0.043176 -0.314675 0.093881 -0.208452 -0.077321 -0.210414 0.012152 0.112357 -0.041610 0.023246 0.069194 -0.283984 -0.111948 0.043306 0.135710 0.037216 -0.044289 -0.203099 -0.281168 -0.079576 -0.238165 0.099049 0.007408 0.480154 -0.006154 -0.074538 -0.086077 0.011450 0.128278 -0.070014 0.025269 0.111379
0.073197 -0.030075 0.060729 0.177519 0.042053 -0.067082 0.100331 -0.039449 -0.079734 0.104846 -0.013211 -0.066204 -0.029924 -0.135189 -0.087256 0.025950 -0.181274 -0.056164 0.010188 0.077260 -0.048596 -0.014940 0.054562 -0.286768 -0.034855 -0.269962 -0.296149 -0.067276 0.044276 0.073212 0.214127 0.077763 0.172065 0.200747 -0.135415 0.012847 0.061144 -0.120201 -0.185378 0.237672 -0.031809 0.014694 -0.041869 -0.010108 -0.045058 -0.051794 0.057100
0.086342 -0.091765 0.000285 -0.177967 -0.041535 -0.286257 0.014777 -0.024234 -0.115867 0.000686 0.093256 -0.059052 0.088114 0.009992 -0.076783 -0.049396 -0.061214 -0.045508 -0.031829 -0.018973 0.019962 -0.008263 -0.122842 0.109321 0.123400 0.146857 0.118616 0.015117 -0.012632 -0.104346 0.058962 0.252582 0.162287 -0.028772 -0.126610 -0.062267 -0.003762 -0.261306 -0.025269 0.115036 0.034144 -0.084500 0.071116 -0.043666 -0.061734 0.001419 -0.151076
0.033458 -0.250671 0.014022 0.053127 0.117943 0.022184 -0.349401 0.093569 0.018100 0.077411 -0.134761 -0.104637 0.004895 0.042416 -0.138665 0.095639 -0.096316 -0.063671 -0.137632 0.072519 -0.033789 -0.217819 0.128348 -0.095613 0.004437 0.124584 -0.168804 -0.130277 -0.097713 0.041359 0.093069 -0.091343 -0.115936 0.024473 0.143527 -0.047446 0.122172 0.004200 0.319176 -0.082571 -0.136110 -0.048520 -0.155397 0.014257 -0.147790 -0.032497 0.096606
-0.076463 -0.089404 -0.028169 -0.125097 -0.138849 -0.037634 -0.007533 0.086167 0.142675 -0.014284 0.101929 0.115823 -0.161546 -0.127093 0.022592 -0.106855 0.007535 0.214954 -0.212776 -0.020710 -0.002151 -0.333206 0.136411 0.084612 -0.029734 0.026714 0.081853 0.163819 0.110943 -0.142393 0.136746 -0.036841 -0.027596 -0.158850 -0.005455 -0.151025 -0.139354 -0.222395 -0.188416 -0.167303 -0.058498 -0.086472 -0.133257 0.049655 0.053240 0.114322 0.011409
0.040858 -0.183218 -0.151069 -0.065522 -0.116800 -0.002596 -0.061676 -0.167216 0.030154 0.068382 -0.012188 -0.231209 -0.091883 -0.148993 0.069173 -0.072321 -0.209748 -0.154630 -0.070731 0.120033 -0.146541 -0.193875 0.030007 -0.063114 0.015844 0.189789 -0.203440 -0.085640 0.073438 0.075388 0.073384 0.273157 -0.261514 -0.087141 0.078868 -0.168501 -0.149993 -0.327383 -0.066504 0.304989 -0.021786 0.048845 -0.410411 0.008165 0.184021 0.086661 0.061071
0.093118 -0.158031 0.079256 0.034592 0.012759 -0.210547 -0.155207 -0.028516 -0.078446 0.028298 0.009905 0.057717 -0.004109 0.129051 0.030824 -0.047490 -0.032331 0.081846 -0.113416 -0.075714 -0.308772 -0.186747 0.241819 -0.096807 0.094550 0.036064 0.129512 0.056046 -0.170465 -0.098039 -0.047777 -0.090258 0.055720 -0.130073 0.012706 0.108007 0.112635 0.058603 -0.099582 -0.050284 -0.046722 0.047447 -0.223253 -0.181203 0.110441 0.122925 -0.196806
-0.016577 -0.087528 0.001517 0.069338 0.086317 -0.196320 0.085321 -0.071766 0.065504 -0.006729 -0.044210 -0.001165 0.077012 -0.231110 -0.096431 -0.144710 -0.077487 0.032917 -0.058047 -0.101815 0.162261 -0.097926 -0.052253 0.008258 -0.038539 -0.111360 0.126256 0.040821 -0.139508 -0.293736 0.011856 0.084659 0.197585 0.000761 0.050224 0.071687 -0.004327 -0.288048 0.029595 0.181563 -0.089021 0.072812 -0.075629 0.011459 0.112968 -0.067773 0.011102
0.047579 0.135661 -0.027626 -0.004743 -0.041038 0.077250 -0.298144 0.111150 -0.166844 0.003700 -0.017923 -0.261149 0.033261 0.010273 0.011578 -0.179760 -0.489185 0.061409 0.025978 0.053873 -0.232729 0.156824 0.148377 0.045773 0.059380 -0.088067 -0.216512 -0.305502 -0.018825 0.098378 0.229785 -0.031174 -0.232637 -0.111174 -0.045014 -0.053534 -0.147149 -0.087731 -0.049879 -0.028767 -0.280877 -0.157694 -0.161584 0.004353 0.048471 0.010171 0.173587
-0.103642 -0.003836 -0.078426 0.073686 0.141568 -0.065234 0.113258 -0.056270 0.090653 0.081476 -0.010482 0.243109 -0.089045 0.009707 0.084094 0.038458 -0.172274 0.042690 0.017107 -0.173688 0.027087 -0.059165 0.050960 0.208512 -0.066720 0.217275 -0.007937 0.081485 -0.081249 -0.024058 0.210055 0.031331 -0.111639 0.085567 -0.209824 0.043237 -0.015899 -0.096417 0.080640 0.180564 0.009736 -0.089320 -0.097664 0.059135 -0.122798 0.026262 -0.254750
-0.011116 -0.191826 0.153176 -0.002188 -0.014051 -0.098697 -0.202820 0.095574 -0.129634 -0.214558 -0.142925 0.003931 0.209475 0.063830 0.233029 -0.063435 -0.418449 -0.227209 -0.245070 0.123769 -0.091197 0.042524 0.026857 -0.257516 0.040585 0.070852 -0.434655 -0.285234 0.101617 -0.014481 -0.037798 0.000351 -0.287670 -0.365298 0.049511 0.122225 -0.305621 0.167400 -0.296008 0.138483 0.031445 0.035030 -0.187321 -0.033389 -0.010132 0.135341 0.145631
0.066019 0.002156 0.203156 -0.034897 -0.037108 -0.103517 -0.033405 0.006736 0.139769 0.119802 -0.165782 -0.275280 -0.093431 -0.000927 -0.103400 -0.026401 -0.244332 0.013521 0.048604 -0.011680 -0.018631 -0.069059 0.294515 -0.110985 0.060586 0.104858 0.038533 0.136049 0.020971 -0.074624 0.041146 -0.001306 -0.126450 -0.149607 0.038923 -0.046725 -0.003279 -0.075085 0.013725 -0.074437 -0.176349 -0.065490 -0.248322 -0.151794 -0.067249 0.056790 0.005517
0.053955 -0.045993 0.063061 -0.320421 0.269883 -0.123402 0.046002 -0.133856 -0.090729 -0.297761 -0.337134 -0.087612 0.056034 -0.064700 0.026423 -0.098380 -0.094929 -0.048999 0.196132 0.186186 -0.046232 0.139420 -0.109303 -0.102776 0.029300 0.033170 -0.365068 -0.234206 -0.073950 0.092735 0.163168 0.184470 -0.085122 0.012583 -0.053986 0.012128 -0.400712 -0.044903 -0.161465 0.127552 -0.039487 -0.179511 0.075984 -0.038272 -0.085854 0.101665 0.187009
-0.115001 -0.013803 -0.037394 -0.018312 0.226171 -0.147202 -0.373706 0.060766 -0.071203 0.165428 -0.349922 -0.238971 -0.179755 -0.205058 0.063999 -0.126967 -0.104020 0.028066 0.117455 0.029586 -0.324643 -0.026186 0.008956 -0.011814 -0.113058 0.147606 -0.138418 -0.193135 0.049207 0.079677 -0.159354 -0.117471 0.012845 -0.299938 0.146673 -0.033256 -0.449364 -0.513826 -0.417073 0.124955 -0.244839 0.160022 -0.166768 -0.347511 0.082757 -0.168022 0.174246
-0.046653 -0.166020 -0.239929 -0.300821 0.132043 0.061136 0.135246 -0.195558 0.020316 -0.343080 -0.240726 0.008336 0.133499 -0.078540 0.107426 0.084471 0.107318 -0.098280 -0.138456 0.140902 0.020459 0.046698 0.125772 -0.019622 -0.039011 0.120243 -0.047080 -0.003247 0.035361 0.110523 0.031074 0.087598 0.137750 0.171026 0.149122 -0.167446 -0.312643 0.042075 -0.065519 -0.015866 0.073090 0.011356 -0.064544 -0.057510 -0.049971 -0.009182 0.031922
-0.056189 -0.021793 -0.142729 -0.321415 0.087841 -0.023728 -0.074093 -0.224192 0.059953 -0.086008 -0.167849 0.051843 -0.018911 -0.116824 -0.025643 -0.058765 -0.083223 0.048250 -0.009153 -0.051148 0.058043 0.014676 0.210510 0.109488 -0.103105 0.100733 0.024772 -0.059591 0.029580 0.082748 -0.144730 0.118681 -0.059391 0.310933 0.052783 -0.109133 -0.212630 0.170280 -0.055001 0.044820 -0.007280 -0.068293 -0.133658 0.115950 0.022747 0.112069 -0.083631
0.084286 0.026911 0.033006 0.091965 -0.329420 -0.011039 -0.640038 0.121616 -0.090816 0.018655 -0.041193 -0.079244 0.087773 -0.012468 -0.024375 -0.106875 -0.031904 -0.425147 0.070824 0.125732 0.090914 0.078425 -0.041975 0.027653 0.083772 -0.139707 -0.014789 -0.263480 0.030367 0.167119 -0.308026 -0.226416 0.061380 0.347449 0.161063 0.034457 0.074996 -0.215065 -0.054172 -0.215153 -0.080082 0.082878 -0.351785 0.029331 -0.012902 0.025492 -0.071285
-0.007739 0.065877 0.013805 -0.095793 -0.092013 0.028720 -0.056151 0.011823 -0.099383 -0.072971 -0.197406 0.063946 -0.039962 -0.120725 -0.084190 -0.001149 -0.064907 -0.147579 0.036375 -0.015980 0.076317 -0.003363 0.097736 0.018798 0.018688 0.039320 -0.073521 0.041256 0.071234 0.025005 0.069294 0.055372 -0.060628 -0.018839 -0.014675 -0.068160 0.125750 -0.046615 -0.024079 0.114904 -0.088308 -0.050580 -0.129763 -0.040920 -0.052363 0.127115 -0.046412
0.056405 0.009031 -0.049489 -0.261410 0.151332 0.064680 0.146590 -0.313732 0.022465 -0.132339 -0.362510 -0.343719 0.107467 -0.111250 0.014834 -0.116100 -0.004943 -0.100408 0.042982 0.047183 -0.062155 -0.053886 -0.384858 -0.017844 0.046621 0.141072 0.087934 -0.256660 0.055139 -0.015283 -0.001267 0.106934 0.061573 0.045798 0.043796 -0.196070 -0.004360 0.187053 -0.044223 -0.011189 0.020762 0.067610 -0.176786 -0.023979 0.044481 0.040737 0.013189
0.004067 -0.114113 -0.029880 -0.059559 0.207561 -0.109055 0.050274 -0.188992 -0.118623 -0.058005 -0.185283 -0.129213 0.179478 -0.066734 0.089900 0.032306 -0.081936 -0.161518 -0.106011 -0.030566 -0.057684 0.008304 -0.123740 -0.159688 0.091788 -0.183695 -0.053687 0.001401 0.114148 -0.244895 0.100606 -0.081304 -0.012749 -0.074536 0.026483 0.040311 -0.018305 -0.096047 0.027797 0.017518 -0.011492 0.029012 -0.026781 -0.061889 0.070361 -0.017674 0.024301
-0.146782 -0.345825 -0.019351 -0.101511 -0.116060 -0.011604 0.041634 -0.261531 -0.271417 -0.310288 -0.245044 -0.216188 0.234799 -0.184382 -0.011686 0.061098 0.233376 0.119547 0.163685 -0.144653 -0.248337 -0.029138 -0.053247 0.107231 -0.034630 -0.020876 0.371199 0.048130 0.013547 -0.117990 0.060988 -0.007660 0.183886 -0.196374 -0.211511 -0.190804 -0.038986 0.112824 0.153349 -0.007887 0.259967 0.138450 0.206449 0.098836 0.120740 -0.347917 0.006189
0.006049 -0.015587 0.168360 0.049295 -0.118142 -0.064490 0.143906 -0.079300 0.097961 -0.101791 0.163686 -0.047825 0.010553 -0.170732 -0.071476 -0.059509 0.012111 -0.023929 0.054404 -0.088327 0.020435 0.036685 0.070525 -0.057789 0.027211 0.057524 -0.179735 0.152748 -0.065490 -0.197203 -0.027014 0.068557 -0.001155 -0.179790 -0.157499 -0.039832 0.136159 -0.102092 0.014944 -0.034939 -0.087300 -0.024479 0.141375 0.028526 -0.143523 0.055435 -0.125865
-0.168355 -0.156161 0.072932 -0.039483 -0.103638 0.036370 0.065187 -0.041538 -0.110156 -0.118151 0.102822 0.000875 0.047537 0.034088 -0.192676 0.136839 -0.020339 0.211994 0.113916 -0.204018 0.016147 0.134032 0.058571 0.211921 -0.118579 0.126204 -0.062210 0.011674 0.082476 -0.187263 -0.327684 -0.145588 -0.039125 0.079660 -0.043292 0.059834 -0.193833 -0.225861 -0.087866 -0.216793 -0.013524 -0.056809 0.160579 0.105951 -0.238588 0.264628 -0.120137
-0.097380 -0.078854 -0.063721 0.037826 0.081734 -0.168372 -0.029911 -0.322487 0.067074 0.022100 -0.026509 0.038446 0.044095 -0.213610 -0.143709 -0.130402 0.099304 0.219576 -0.120752 -0.244857 0.216213 -0.064879 0.209868 0.045873 -0.026074 -0.069583 0.051127 0.046612 -0.035410 -0.074666 0.031722 -0.117945 0.073234 0.098786 0.057554 0.023261 -0.050119 0.003750 -0.106018 0.004885 -0.139435 0.146331 0.020702 0.079217 0.153354 -0.007965 -0.144112
0.093812 0.186132 0.209009 -0.225167 -0.202499 -0.151660 -0.039400 -0.136601 -0.107752 -0.073082 -0.343561 -0.329192 0.152675 -0.408037 0.034573 0.092524 -0.101784 -0.404888 0.302814 0.022308 -0.112717 0.101406 0.107800 -0.156845 -0.232501 0.220350 -0.063880 -0.174681 -0.317159 -0.137326 0.075452 -0.023920 0.015467 -0.257879 -0.217706 0.033348 -0.189700 -0.031200 -0.090025 -0.036791 -0.296861 -0.132383 0.126713 -0.311474 -0.055854 0.028502 -0.139236
-0.038914 0.032149 -0.031998 -0.080999 0.087843 -0.052258 -0.175845 -0.019045 0.017890 -0.147999 -0.222800 -0.245079 0.048945 -0.071756 -0.128628 -0.239269 -0.211965 -0.212124 0.133768 0.027263 -0.081772 0.076742 -0.054997 -0.086424 0.110586 -0.286062 -0.155118 -0.154038 0.041109 0.095603 0.075166 0.064885 -0.061075 -0.060267 0.068208 0.101455 -0.107935 -0.111966 -0.272840 0.035007 -0.152566 -0.148562 -0.131841 0.000281 -0.142218 0.028224 0.116793
0.100045 -0.027672 -0.349904 0.156107 -0.158905 0.040132 -0.586063 0.238896 -0.034766 -0.117378 -0.190596 -0.074644 -0.001180 0.122130 -0.195905 0.058301 -0.050944 -0.174080 -0.036171 0.140770 -0.345714 -0.079063 0.135145 -0.285887 0.098659 -0.087140 -0.072835 -0.392588 -0.065781 0.086806 0.128226 0.064457 -0.197555 -0.307370 -0.226559 -0.253566 -0.319278 0.022505 -0.016010 -0.036516 -0.035577 -0.100409 -0.147831 -0.036851 -0.134128 0.107127 0.158072
0.087118 -0.045417 -0.238563 0.202877 0.107002 0.101182 0.140971 0.087828 0.160746 0.001842 -0.273626 0.091203 -0.128297 0.001400 -0.096709 0.054625 -0.243789 -0.090825 -0.015257 0.152348 -0.263356 -0.096060 -0.171550 -0.116839 0.042329 0.087819 -0.093735 -0.193293 0.005927 0.001300 -0.039892 0.086251 -0.283024 -0.318401 0.102460 -0.231323 -0.322574 0.084417 0.087886 -0.117071 0.042722 0.077891 -0.493978 -0.581792 -0.013264 -0.139195 0.041753
-0.051447 0.037591 0.106658 0.164191 0.097452 -0.322141 -0.131809 0.091551 -0.127173 0.165401 -0.197831 0.008096 -0.126544 -0.096377 0.033329 -0.075929 -0.365116 -0.254241 0.043331 -0.146631 -0.035327 -0.004790 -0.130259 -0.024735 0.058497 0.120736 -0.037407 0.070837 -0.095256 -0.138253 0.062849 0.142484 -0.041786 -0.163425 -0.016587 0.048233 -0.049996 -0.143470 -0.153371 0.077653 -0.019987 -0.067955 -0.113474 -0.100225 0.126498 0.028419 -0.098804
0.010024 -0.056081 0.085748 0.051332 -0.124337 -0.071147 -0.062752 0.121733 -0.030214 0.045164 0.040031 -0.137180 -0.068009 -0.035382 0.048961 -0.030386 0.069097 0.017228 0.146944 -0.111925 -0.003615 0.091530 0.084361 -0.087853 -0.034331 -0.102069 -0.145571 0.029781 -0.066583 0.014430 0.121112 0.038946 -0.038018 -0.035274 -0.098368 -0.080591 0.126302 -0.006995 -0.089249 0.023148 -0.015403 0.065514 0.157097 -0.008808 -0.054504 -0.026041 -0.162313
-0.003157 0.076642 -0.029995 -0.083154 0.191546 -0.002412 -0.425079 0.181843 -0.489772 -0.048334 -0.090340 -0.272541 0.038406 -0.151689 0.098515 0.171334 -0.380731 -0.316949 0.113203 0.062882 -0.168028 0.005066 0.012070 -0.040759 0.308136 -0.063818 -0.285306 -0.095800 -0.124004 0.052088 0.033454 0.221278 0.060819 -0.210683 0.068558 -0.083938 -0.099612 -0.393365 -0.324297 -0.117320 0.110235 -0.058874 -0.105621 0.036188 -0.141410 0.050136 0.078193
0.106687 -0.218038 -0.153158 -0.159119 0.056165 -0.034517 0.075841 -0.159995 0.008246 -0.092462 -0.182967 -0.045591 0.047125 -0.014579 -0.009120 -0.213775 -0.088704 0.024772 0.071602 -0.005347 0.075189 -0.046201 0.052188 0.139843 0.082346 -0.057704 0.048683 -0.123150 0.069624 -0.032477 -0.052083 0.005009 0.111439 0.214934 0.183308 -0.170820 -0.066346 0.028865 -0.080048 0.030610 -0.313424 0.118084 -0.132796 0.022433 0.087258 -0.040218 -0.075565
0.044004 -0.235561 0.079717 0.114413 -0.214953 -0.038068 -0.273600 -0.005314 0.044501 -0.076914 -0.272318 -0.332349 0.292773 -0.131244 0.030878 0.057040 -0.150004 -0.174133 -0.070711 -0.001628 -0.101173 -0.196337 0.095434 0.035673 0.043700 0.023902 0.002390 -0.093464 0.087730 0.110332 0.105786 -0.035289 0.106047 -0.030783 0.220372 -0.060320 -0.072769 0.060612 -0.305264 -0.049333 -0.015955 -0.084076 0.021930 0.152284 -0.076137 0.019648 0.020756
0.032433 -0.091337 0.062582 -0.018647 0.016555 -0.044278 0.213520 0.124702 0.053934 0.052534 0.123898 -0.184762 0.050312 -0.052619 -0.082957 -0.009586 -0.094341 -0.075431 0.034991 0.116339 -0.370463 -0.089333 0.009089 -0.015154 0.124673 0.126516 -0.182451 -0.258871 -0.101389 -0.003005 0.031525 -0.016466 0.086025 -0.249971 0.039003 -0.109738 0.031713 0.143643 0.063029 -0.104534 0.103508 -0.002972 -0.053412 0.017371 0.079071 -0.045820 0.015874
-0.115295 -0.064602 0.129249 0.140765 0.068469 0.063736 0.081094 0.188032 -0.422129 -0.002195 0.173661 -0.513805 0.101299 -0.250765 -0.092805 -0.191853 -0.059583 -0.367679 -0.091919 0.233731 0.066559 0.056557 -0.080890 -0.337145 -0.072181 0.166181 0.053719 -0.107305 0.116007 0.095478 0.185029 0.168437 -0.204910 0.022393 0.327215 -0.112744 -0.091735 -0.469473 -0.283509 -0.185412 0.057237 0.178231 -0.303129 -0.595636 -0.236185 -0.217975 -0.071190
0.132519 -0.127671 -0.048389 0.126705 -0.539576 0.109828 0.237255 -0.271359 0.125220 0.005791 -0.079873 -0.079075 -0.006127 -0.229524 -0.137912 -0.059926 -0.112925 -0.103523 0.163579 0.019601 -0.188414 -0.009411 0.266476 -0.208653 0.115798 -0.049704 -0.076485 -0.401275 0.006206 0.000069 0.020729 -0.093749 -0.119832 0.089972 0.260680 -0.189289 0.049006 -0.127221 0.188304 0.015014 -0.043887 0.083648 -0.271249 -0.033596 0.037731 -0.067849 0.154173
-0.097668 0.312573 0.241354 0.074147 0.057595 0.004986 0.211325 0.151685 -0.395522 0.077574 -0.434615 0.097953 -0.095175 -0.107544 0.018813 0.158327 -0.119494 -0.337589 0.023393 -0.058409 -0.208303 0.217987 -0.212112 -0.432101 -0.112384 0.002466 -0.014678 -0.204994 -0.178612 0.133453 0.107463 0.136318 -0.131086 -0.318150 -0.336239 0.187474 0.219356 0.128910 0.037876 -0.144564 0.167527 -0.078150 0.082365 -0.218959 0.022516 -0.034189 0.061829
0.139976 0.010586 0.092692 0.256768 0.027166 0.073545 -0.230243 0.157159 -0.266558 -0.146105 -0.024843 -0.058534 0.145153 -0.186277 -0.047260 0.062088 -0.278152 -0.270468 0.038295 0.206300 -0.176484 0.062438 -0.460599 0.084586 0.068199 0.114172 -0.486929 -0.018009 0.060326 0.051492 -0.362187 -0.365206 -0.301865 -0.129474 0.079487 0.021356 0.097003 -0.379964 -0.035859 -0.071234 -0.095400 -0.148582 -0.289706 0.204240 -0.114786 0.048682 0.112549
0.101081 -0.133789 0.215574 -0.037570 -0.180668 0.056371 -0.022360 0.074047 -0.126561 0.086288 -0.062753 -0.285725 0.019662 -0.275803 -0.022025 0.015280 0.144936 -0.022214 0.161693 0.082954 -0.217119 0.148369 -0.161520 -0.515151 0.104837 -0.047422 -0.052054 -0.501644 0.124856 -0.151674 0.017044 0.160331 -0.156345 -0.080199 0.183165 0.081741 -0.177556 -0.117048 0.185780 -0.147139 -0.073619 0.167765 -0.230347 -0.599565 -0.008372 -0.111074 -0.198941
-0.567796 0.010674 0.154598 0.351905 -0.135758 -0.008373 -0.101571 0.137945 -0.234561 0.051678 -0.276700 -0.250338 0.003459 -0.470151 -0.286531 0.064489 -0.186077 -0.096936 0.295247 0.055720 -0.087287 -0.132105 -0.200213 -0.097197 0.018612 0.017007 -0.083552 -0.017433 -0.216766 0.007716 -0.341055 -0.085475 0.013524 -0.135240 -0.032287 -0.129876 0.307997 -0.152894 0.059833 -0.192728 0.015348 -0.073718 -0.068561 -0.094856 0.010088 0.044143 0.012955
-0.165555 -0.024607 -0.116596 0.067031 -0.071283 0.290850 -0.241466 -0.109646 -0.049392 0.059401 -0.054909 -0.076725 0.086873 0.011584 -0.167529 0.059105 0.013054 0.273637 0.374928 0.100219 0.118347 -0.051421 0.289035 0.418504 0.053537 -0.110137 -0.184784 -0.093783 0.126336 -0.150017 0.031016 -0.125859 -0.170688 0.035349 0.021207 -0.169678 -0.352114 0.050525 -0.086672 -0.172145 -0.016280 0.429624 0.114110 -0.092113 -0.065891 -0.254750 -0.395716
0.088653 -0.014100 -0.064560 -0.033230 -0.047372 -0.150198 0.056139 -0.151317 0.050669 -0.127896 0.080584 -0.162779 -0.094024 -0.151116 -0.141465 -0.021485 -0.281419 0.030709 0.092011 0.071583 0.138350 -0.314838 -0.084453 -0.159050 0.042046 0.134229 -0.109960 0.159531 0.106182 -0.163621 0.238763 0.266727 0.104427 0.170806 -0.075043 -0.052807 -0.003127 0.043091 -0.147150 -0.036561 0.150797 -0.052713 -0.123168 -0.252123 -0.099364 -0.144710 0.210208
0.110907 0.088418 0.282428 -0.050910 -0.142427 -0.168171 -0.099955 0.042491 -0.119416 -0.009703 0.046518 0.002813 0.112950 -0.181689 0.069279 -0.115708 0.124066 -0.269383 0.045657 0.181233 -0.288070 0.191822 -0.451810 -0.064593 0.012319 -0.274384 -0.173957 -0.049710 -0.033600 0.176501 0.023088 0.084173 0.145218 -0.212083 -0.229177 0.082482 -0.042842 -0.262448 -0.115316 -0.082984 0.147115 -0.196649 0.066759 0.078996 0.185799 -0.062685 -0.076838
0.062815 -0.067676 -0.035486 0.038346 0.034491 -0.019524 0.153463 -0.135927 -0.138935 -0.043510 0.170011 -0.057565 0.064875 -0.105198 0.180057 -0.004642 0.058661 0.104889 0.016581 0.048280 -0.067687 0.012966 0.197346 0.024891 0.029355 -0.066664 -0.102132 0.151363 -0.045058 -0.189224 -0.058631 -0.164613 -0.248954 -0.072196 -0.284312 0.067736 0.055439 -0.041119 0.156357 0.037959 0.165766 0.048014 0.156227 -0.073971 0.102217 -0.057743 -0.025467
-0.032026 -0.053952 -0.013921 -0.188328 0.133402 0.095600 -0.036255 -0.102268 0.139420 -0.045006 0.004879 -0.023819 -0.062675 0.054368 0.098293 0.047412 0.000630 0.126177 -0.044309 -0.084452 0.071530 -0.011698 -0.082696 -0.131408 0.070669 -0.133963 -0.009961 0.035936 -0.044752 -0.048513 0.024511 -0.024907 0.101512 0.006919 -0.058828 0.021958 -0.027120 0.099917 0.038129 0.033884 0.005278 0.127458 0.101276 0.121628 -0.023753 0.071006 -0.000679
0.070386 -0.004331 0.055220 0.151323 -0.042865 0.112876 -0.011410 0.087923 -0.372822 -0.141530 0.063462 -0.132635 0.135276 -0.317561 0.010173 -0.028029 0.008073 -0.165117 0.035559 0.239056 -0.098721 0.090483 0.105105 0.176842 0.004603 -0.103097 0.029110 0.043848 0.142505 0.061143 -0.159441 -0.173225 -0.132599 -0.079144 -0.157937 -0.007093 0.046324 -0.130924 -0.028995 -0.081396 -0.111917 0.176177 -0.027321 -0.078002 -0.025373 -0.116761 -0.045857
-0.030323 -0.016595 -0.007954 0.120162 0.097110 -0.048500 -0.076594 -0.035685 0.013983 -0.041832 0.040689 -0.086731 0.085263 -0.179533 0.028508 -0.081149 -0.048471 0.021453 -0.023111 0.072733 0.156362 -0.086046 0.017954 -0.006720 0.017767 -0.076549 -0.102951 0.020485 0.049169 -0.172942 0.019844 0.026662 -0.081950 0.042281 0.032872 0.009091 -0.116140 -0.013188 -0.095494 -0.019130 0.079763 -0.067705 0.105674 0.127102 0.051590 0.095580 -0.040385
0.089254 -0.009631 0.020789 0.137353 -0.030445 -0.074330 -0.112336 0.271073 -0.060568 -0.016789 0.175744 0.008850 0.081978 0.173090 -0.122501 -0.038559 -0.083964 0.039281 -0.018427 0.157816 -0.371027 0.109313 0.133346 0.453634 0.079072 0.223818 -0.164051 0.037166 0.020265 -0.155990 0.043819 0.018521 -0.262324 0.086894 -0.046040 0.061919 -0.152567 -0.166319 -0.114041 0.062428 -0.070043 -0.180691 -0.308876 -0.032696 -0.047211 -0.231305 -0.192733
0.026136 0.063865 0.083680 -0.141003 0.002988 -0.028823 -0.130718 0.017738 -0.016320 -0.007371 0.082113 -0.039439 0.021250 -0.043403 -0.005967 -0.050473 -0.009029 -0.054286 -0.139052 -0.045879 -0.102237 -0.068461 0.092389 0.071935 0.031926 -0.122220 -0.022577 0.070004 0.029436 0.001484 -0.186464 -0.234363 -0.133545 0.070351 -0.175252 -0.080211 0.016993 -0.003380 0.132985 -0.011279 0.009670 0.061218 -0.021272 0.066275 0.106893 0.074538 -0.039183
0.004049 -0.035505 -0.007841 0.072653 -0.048292 0.055518 0.002190 -0.060977 -0.133296 -0.012605 0.041674 -0.002468 -0.006080 -0.110597 -0.017076 0.069002 -0.096448 0.022900 0.029342 -0.054597 0.136196 -0.011743 0.162976 0.027746 -0.032694 -0.012467 -0.046049 0.090128 -0.072337 -0.083594 -0.061549 -0.148408 -0.274073 0.117310 0.039550 0.076721 0.087122 -0.024612 -0.086348 -0.052930 0.052878 -0.093654 0.033810 0.074185 -0.050326 0.076890 -0.074114
-0.101226 0.056552 -0.061934 -0.015778 0.133521 0.178029 -0.220437 0.095791 0.153291 0.067270 -0.341950 -0.358925 -0.124471 -0.249193 -0.120705 0.066676 0.058338 0.007356 -0.004049 0.091467 -0.035696 0.042547 -0.265129 0.000454 -0.214823 0.111841 0.176735 -0.113696 0.096444 0.049185 -0.081307 0.067354 -0.228520 0.055422 0.127101 -0.185212 -0.062101 0.013752 0.099995 -0.121085 0.032962 -0.120102 -0.093340 -0.329003 -0.100280 0.236717 -0.089274
0.103749 -0.006635 -0.125005 -0.050572 0.167045 -0.056984 0.106331 -0.289436 0.267155 -0.071261 -0.028433 0.186381 0.054660 0.058394 0.155894 -0.185056 -0.015278 -0.378243 -0.202971 0.095149 -0.003361 -0.173906 -0.024887 0.080648 0.032399 0.046094 -0.156248 -0.167568 0.039303 -0.208758 0.083125 0.035964 0.144902 0.302098 0.211090 -0.030911 0.117930 0.005404 0.001851 -0.100066 -0.089887 0.075523 -0.182837 0.147590 -0.102949 0.033952 -0.018555
0.099797 0.047174 -0.059992 0.036513 -0.044205 -0.253965 -0.152469 0.048130 0.224402 -0.175205 -0.232925 -0.124247 0.262755 0.182801 -0.118225 0.082031 -0.099040 -0.285238 -0.013188 -0.037538 0.076516 -0.034435 -0.149658 0.001693 0.123876 -0.117943 0.062399 0.134321 -0.267076 0.017034 -0.127541 0.102242 -0.192735 -0.014971 -0.008832 0.010947 -0.076900 0.012660 -0.073368 -0.096834 0.041841 -0.081228 -0.118658 -0.234674 0.201646 0.077454 0.082275
-0.130011 0.082265 0.098092 0.257370 0.017807 0.053038 -0.074004 0.031222 -0.199804 -0.061513 0.258817 -0.259585 0.040259 -0.173789 0.027176 -0.324428 -0.087710 -0.204690 0.146853 0.013872 0.090462 0.066158 -0.143068 -0.028460 -0.146432 -0.415080 -0.269329 0.056292 -0.033000 0.140147 -0.028918 -0.267035 -0.002843 0.254163 0.053639 0.170437 0.037324 -0.278502 0.021017 -0.073280 -0.186152 -0.126449 0.128099 0.006404 -0.119475 0.074029 -0.170383
-0.004187 0.082787 0.146504 0.133476 0.087532 -0.217144 0.055759 0.157768 -0.068574 0.052839 -0.205550 0.045209 -0.267680 -0.259826 -0.190506 -0.160163 -0.188511 -0.463279 0.016749 0.125389 -0.106641 0.142022 -0.181482 0.107356 0.060866 -0.080383 -0.032957 -0.017535 0.039622 0.014709 -0.040882 0.123679 -0.302784 -0.094083 0.084415 -0.036280 0.035289 -0.085990 0.070920 0.148111 0.008318 -0.003010 -0.316686 -0.095342 -0.104512 -0.067236 -0.025622
-0.193584 0.005327 0.002424 0.139383 0.063282 -0.133062 -0.049493 -0.048509 0.155526 0.139820 -0.076405 0.140890 -0.048807 -0.219232 -0.001086 -0.206592 -0.290470 -0.328589 0.128018 0.072188 0.034972 -0.010618 -0.298147 -0.481534 -0.303121 -0.142723 -0.219500 -0.082740 0.049906 0.013852 0.088058 0.105128 -0.505614 0.164563 0.144041 -0.075348 0.254601 -0.045164 0.131451 -0.055584 -0.074414 0.113039 0.025816 -0.146124 0.022224 0.164445 -0.026956
-0.056294 0.215820 0.109897 0.045684 0.062455 0.124565 -0.204979 0.337191 0.057713 -0.036077 0.189830 0.017543 -0.007592 -0.273571 -0.123629 -0.016788 -0.072253 -0.320726 -0.076923 0.147306 -0.062521 -0.019251 -0.106530 0.013037 -0.140737 0.082011 -0.016915 -0.136375 -0.246318 0.020994 -0.057965 0.217400 -0.304430 0.175658 0.073323 0.045938 -0.006979 -0.094660 -0.228485 -0.027359 0.000928 0.055841 -0.000942 -0.147138 -0.012081 -0.036269 0.229022
0.042292 -0.051642 0.073585 -0.085648 0.013027 0.063589 -0.160102 0.231934 0.178490 0.082299 -0.158129 -0.158955 -0.233877 -0.066913 -0.170246 -0.042554 0.029424 -0.217608 0.038858 0.291812 -0.420114 -0.074242 -0.064837 0.119299 0.062007 0.163142 0.227143 -0.316290 -0.037615 0.144953 -0.079956 0.173369 0.042322 0.034993 -0.054362 -0.291717 0.022383 -0.210123 0.012338 -0.163179 0.068514 0.048163 -0.132761 0.138444 -0.108037 -0.173839 -0.110953
0.042602 0.077352 0.076126 0.156865 -0.013745 -0.017013 -0.177033 0.238156 -0.183436 0.051910 0.061460 -0.160136 0.073688 -0.007994 -0.173717 -0.103325 -0.131990 -0.364278 0.025202 0.184477 -0.048077 -0.126385 -0.170869 -0.076943 0.030198 0.075691 -0.029212 -0.448463 0.008536 0.018206 -0.111544 0.148357 -0.123066 -0.324607 -0.045283 -0.051837 -0.027278 -0.013093 0.040771 -0.016760 0.012021 0.190657 -0.096448 -0.149149 0.065819 -0.043897 0.182962
0.051997 0.033654 0.093701 0.123803 0.005700 0.005317 -0.330841 0.059710 -0.109737 0.070225 0.079916 -0.319696 -0.184704 0.044442 0.011584 -0.083620 0.028457 -0.060411 0.056455 -0.109075 -0.004924 0.044309 -0.185860 0.054977 0.041757 -0.136482 0.058820 0.091722 0.204403 0.039901 -0.063529 0.067306 -0.073134 -0.012469 -0.076008 -0.029584 -0.158647 -0.259162 0.136698 -0.190879 -0.085677 0.027653 0.064707 0.019494 0.070724 0.141845 -0.077554
-0.059989 0.218295 0.136078 -0.078461 0.169900 0.023798 -0.100829 0.272083 -0.084434 -0.026419 -0.003325 -0.227036 0.172416 -0.145189 0.042884 0.060332 -0.105941 -0.405125 0.228123 -0.059188 -0.077351 0.084074 -0.220115 -0.041616 -0.087915 -0.082038 -0.015499 -0.050834 -0.110395 0.113808 -0.005378 0.122336 -0.234613 0.229845 0.150102 0.064526 0.066093 -0.117879 -0.005226 0.041368 -0.033080 -0.122929 -0.086228 -0.042277 -0.118467 0.010460 0.127350
-0.052719 0.072274 0.207178 0.081203 -0.075985 -0.064204 0.050169 0.083243 -0.159912 0.280747 0.135661 -0.186585 0.002107 0.026003 -0.042748 0.033437 -0.082763 -0.277452 -0.048832 0.131741 -0.015077 0.056631 -0.169901 0.193121 -0.112292 -0.233987 -0.228902 0.103578 0.084215 0.094594 -0.028455 -0.167764 -0.205470 0.001212 0.038588 -0.021362 0.152775 -0.078211 0.060633 -0.083013 -0.126115 0.063984 0.146614 -0.092742 0.072095 -0.103423 -0.015286
-0.232720 -0.015693 0.044112 -0.103270 0.218235 -0.117302 -0.247950 -0.143967 -0.086241 0.012473 -0.190901 -0.493296 0.062753 -0.248312 -0.117892 -0.112066 -0.114388 0.131061 0.119665 0.137653 0.182788 0.198288 -0.338901 0.001951 -0.054291 -0.073886 0.132691 0.162173 0.086931 0.109983 -0.187527 0.204696 -0.124463 0.162760 0.216738 0.239895 -0.021587 -0.419595 -0.264478 -0.220923 -0.088716 0.023226 -0.018659 -0.047322 0.030410 0.029036 -0.059354
-0.108888 -0.002422 -0.118477 0.051645 -0.386707 0.116793 0.139261 -0.081559 0.096278 -0.077715 -0.330165 0.010541 0.089988 0.169788 -0.044801 0.014618 -0.007374 0.181965 -0.168849 0.055689 0.171080 -0.197001 0.157561 -0.001753 -0.163372 0.216197 -0.267072 -0.081618 -0.094096 -0.127285 0.252390 -0.118905 0.013937 0.119513 -0.049283 0.002524 0.124818 -0.021234 -0.260502 -0.182885 -0.010870 0.023662 -0.110800 0.164509 -0.188173 -0.312805 0.022444
-0.056372 0.038594 0.226473 0.144161 -0.063986 -0.248522 0.022847 0.372313 -0.226778 -0.024988 0.239604 -0.111682 -0.035786 -0.088658 -0.143862 0.105948 -0.061029 -0.472062 -0.019934 0.150574 -0.003918 0.103964 -0.086759 0.080426 -0.031179 0.030614 -0.091728 -0.119185 0.105442 0.016463 -0.052151 -0.099504 -0.252305 -0.109975 -0.164515 0.010406 0.010161 -0.227038 -0.000357 -0.072888 -0.083863 0.040760 -0.225985 -0.169158 0.054380 -0.050135 0.089269
-0.251088 0.165582 0.069314 0.116003 0.128179 0.055628 -0.297992 0.002741 0.004005 0.090269 -0.419840 -0.170639 0.085134 -0.072129 -0.148544 0.047352 -0.153980 -0.075438 0.086954 0.055325 0.003684 0.070197 -0.043624 0.042639 0.073487 -0.053278 -0.199751 -0.066442 -0.021211 0.052872 -0.179520 0.094503 -0.292193 0.127914 0.050617 -0.025565 -0.127399 -0.197598 -0.200157 -0.106708 -0.032376 0.151216 -0.247970 -0.046226 -0.000767 0.262870 -0.125905
-0.072006 -0.037485 -0.088917 0.015616 0.146808 0.084661 0.040474 -0.107875 0.043877 -0.015955 -0.163363 -0.143165 0.110740 -0.144608 -0.213176 -0.053662 0.244423 -0.109638 -0.098152 0.102410 0.014309 0.176028 -0.153579 0.184287 -0.043997 0.246252 -0.004724 -0.311222 -0.147103 -0.001161 0.094099 0.074699 0.034822 0.008980 -0.033395 -0.139227 -0.080658 -0.075599 0.000918 -0.067012 0.001831 -0.337017 -0.168953 -0.176309 0.015854 0.228446 -0.063239
0.044730 -0.154906 0.072700 0.060655 -0.274313 -0.109604 -0.129762 -0.088876 0.174504 -0.264500 0.037642 -0.171867 0.211449 -0.113277 0.040284 -0.023531 -0.015185 0.014801 -0.116879 -0.196250 0.080121 -0.018326 0.083730 0.144313 -0.051980 0.003890 -0.228679 -0.012753 0.074704 0.065342 0.083055 0.090160 -0.004064 0.016259 0.055049 0.028325 -0.124543 0.136643 0.251510 -0.106852 -0.023110 0.159123 0.076352 -0.126568 0.190965 0.013366 0.077166
-0.004498 -0.128863 0.026444 -0.154577 0.090726 -0.112024 -0.245900 0.034615 -0.203905 -0.185649 -0.172759 -0.535004 0.138875 -0.053917 -0.313213 -0.074886 -0.086922 -0.194244 0.088437 0.117498 0.076831 0.040651 -0.042156 0.176569 -0.098823 0.050289 0.024984 -0.086510 -0.089668 0.215456 0.032119 0.025002 -0.118188 0.159001 -0.197282 0.102695 -0.038286 0.288603 0.169915 0.066186 -0.197493 -0.065850 -0.069205 -0.131361 0.013971 -0.189056 0.179629
0.109422 0.069592 -0.061873 0.081613 -0.181271 -0.158352 -0.098098 -0.210644 -0.062710 0.017069 -0.375889 -0.334682 0.255768 -0.328175 -0.363458 -0.043850 0.059051 -0.005943 0.099587 0.140099 -0.198547 0.134205 0.017599 -0.093675 -0.102095 -0.064789 -0.237574 -0.185898 0.279083 -0.064210 0.317830 -0.064415 -0.078649 -0.083739 0.162901 -0.196286 0.099011 -0.015976 -0.048305 -0.019095 0.068232 -0.281440 0.059728 -0.181688 -0.001989 0.137903 -0.147901
0.020099 -0.016937 -0.189298 -0.044719 0.228045 -0.217233 0.000361 0.223619 -0.158917 -0.138758 0.149623 -0.231792 0.131080 -0.182288 -0.039994 -0.003840 0.070023 -0.114196 0.139074 -0.188141 0.005976 -0.091251 -0.015087 0.179828 -0.090034 0.057696 0.060751 -0.061792 0.046972 -0.138401 -0.139375 0.189591 -0.011925 -0.213073 -0.334546 -0.185446 -0.006015 -0.060890 0.008401 -0.014802 0.072568 -0.150211 -0.111610 -0.025411 0.048006 -0.019649 0.250086
0.019491 0.075080 -0.374206 -0.005084 0.131806 0.215294 -0.296692 -0.066143 -0.244445 -0.059030 -0.152166 -0.612388 0.247844 -0.416781 -0.466785 -0.090410 0.114861 -0.046852 0.091152 -0.035728 -0.195358 0.050803 -0.048188 0.144009 -0.042519 0.061732 0.021023 -0.391351 -0.095056 0.168025 -0.068624 0.046397 0.180252 -0.316569 0.144616 -0.559112 0.183807 -0.371184 -0.403485 -0.156283 0.018176 -0.268541 -0.366525 -0.093459 -0.148734 0.207386 0.029247
0.026221 -0.109186 -0.131708 -0.138748 0.056869 0.058234 0.028745 -0.181245 0.114151 0.002201 -0.008761 -0.054510 0.116017 -0.117259 0.014635 0.077604 0.124620 0.062852 -0.023810 0.056000 -0.061711 -0.028804 -0.057162 0.013537 0.027352 -0.060514 0.172555 -0.028475 0.108222 -0.211172 0.034986 0.001098 -0.002625 0.062894 -0.069192 -0.215456 0.031628 0.038617 0.067653 0.120763 -0.073817 -0.067434 0.075659 -0.122870 -0.021826 0.060518 0.000028
-0.010545 -0.033466 -0.067693 -0.177195 0.189714 -0.078441 0.225251 0.246574 0.016223 0.048911 0.160388 -0.338391 0.076399 -0.133112 0.029779 0.075023 0.097676 -0.021779 -0.154281 -0.257282 -0.044674 -0.037541 0.078522 0.165721 -0.013906 0.038744 0.019070 0.157555 -0.072088 -0.041299 -0.056801 0.107001 0.140461 0.177321 -0.090440 -0.135627 0.003557 -0.063074 -0.086366 -0.021897 -0.046226 -0.171813 0.110419 -0.150464 -0.197250 0.068673 0.214748
-0.023437 0.005680 -0.066299 0.051346 0.007132 0.085324 0.161551 -0.078517 -0.035481 0.005557 -0.189890 -0.309926 0.154723 0.058789 -0.083670 -0.022108 -0.042349 -0.033246 0.126697 0.245044 -0.063596 0.014935 0.169948 0.034388 0.020859 -0.082251 -0.109553 -0.144968 0.092661 0.021345 0.020256 -0.038469 -0.365424 -0.305866 -0.111431 -0.107001 -0.044529 -0.021081 -0.071718 -0.166896 0.087009 -0.239645 0.085406 -0.104508 -0.082125 0.084611 0.102260
0.036259 0.042102 0.059771 -0.162121 0.039104 -0.021281 0.069807 -0.076666 0.032307 0.006963 -0.059162 0.023857 -0.021218 -0.009660 -0.046435 -0.016560 -0.061236 0.018080 0.048632 -0.087279 -0.004586 -0.010656 0.214753 0.033563 0.006547 -0.020425 -0.080436 0.076117 0.061259 -0.115659 0.045396 -0.011467 0.008667 -0.049246 -0.064355 -0.092697 -0.065521 -0.031405 0.022274 -0.019653 -0.026237 0.002828 0.025003 0.067191 0.027016 -0.028619 -0.089860
-0.032754 0.029550 -0.119497 -0.092390 -0.030331 0.072732 -0.041188 -0.037941 0.093224 0.019853 0.102135 0.048695 -0.044557 -0.003613 0.010931 -0.005846 -0.081551 0.091707 -0.102827 -0.063446 0.095512 -0.084477 0.100419 0.142303 0.039689 -0.005455 -0.037508 0.064701 0.023574 0.042540 -0.018110 -0.020966 -0.001337 0.092160 -0.057797 0.010523 -0.007940 0.064556 0.021444 0.074052 -0.026538 0.011381 0.033455 -0.022737 -0.020525 -0.023181 0.052606
0.012473 -0.016902 -0.011081 0.048853 0.040261 0.026445 0.053532 -0.181714 0.107016 -0.041297 0.004068 -0.008304 0.081006 -0.062755 0.011879 0.011418 -0.163982 -0.008460 0.025241 0.007022 -0.043211 0.040294 0.079901 -0.115897 -0.022412 -0.103304 -0.225556 -0.015591 0.033952 -0.066183 0.071816 -0.015820 -0.028566 0.042728 -0.156940 -0.066997 -0.053506 0.065424 0.108081 -0.111058 -0.010763 0.040209 0.181213 0.019348 0.132057 0.081029 0.000647
-0.009417 0.050578 -0.088246 0.042413 -0.023146 0.048090 -0.023126 -0.171171 0.036710 -0.041390 0.090762 0.053077 0.028523 -0.081004 -0.073308 -0.058515 -0.083809 -0.007270 0.045950 0.010084 -0.037297 0.001549 0.113707 -0.001123 -0.036992 0.031525 0.000303 -0.035446 -0.078614 0.027762 0.048424 -0.072015 0.119553 0.089210 0.043662 -0.060616 -0.025515 -0.077993 0.014888 -0.001398 0.031201 -0.070375 -0.037807 0.063184 0.086297 0.062747 -0.033745
-0.064659 -0.051153 -0.047587 0.045683 -0.296151 -0.073923 -0.103427 -0.171454 0.121439 0.043836 -0.235093 -0.141419 0.291010 -0.050710 0.001296 0.030820 0.068618 -0.005532 0.037228 -0.078337 -0.030111 0.054436 0.110504 0.036922 -0.052903 0.039949 -0.361975 -0.123714 0.162185 -0.035559 -0.059116 -0.065761 -0.085678 0.033240 0.008477 0.021849 0.172472 0.034033 0.107680 -0.209676 0.052687 -0.223488 -0.061395 0.110148 0.140901 0.078024 0.018405
-0.028023 0.120270 0.149177 0.089470 -0.159192 0.037849 -0.118442 -0.054386 0.076434 -0.034361 0.041446 -0.162109 -0.023265 0.008286 -0.024636 -0.038026 -0.080804 -0.000665 0.043185 0.081492 0.106639 0.065969 0.137316 0.146719 0.072191 0.083953 -0.154012 -0.054305 0.021419 -0.143414 -0.008402 -0.075400 0.034289 0.021212 -0.086866 -0.093184 -0.057261 -0.090343 0.113532 -0.022991 -0.050804 -0.013231 -0.033569 -0.019632 -0.071276 -0.077540 0.152651
-0.052954 0.068923 -0.047068 0.159339 -0.072583 0.027744 -0.068187 -0.059103 0.133665 -0.003425 -0.020007 0.054949 0.078352 -0.044993 -0.018720 -0.113897 -0.046962 0.048304 0.004313 -0.055247 -0.005019 0.017950 0.183414 -0.007181 -0.015427 0.020918 0.002659 0.080802 -0.006074 0.002042 -0.001874 -0.091447 0.124614 0.160721 0.055939 -0.033931 -0.013019 -0.113011 -0.115906 -0.081357 0.099733 -0.012142 0.015900 -0.051717 0.007979 -0.023746 -0.066085
-0.029964 0.048869 -0.042332 0.082521 -0.047422 -0.066990 -0.076096 0.003362 0.098661 0.015411 -0.019564 0.097484 0.065485 -0.028219 0.049347 -0.006091 0.019250 -0.101208 -0.067752 0.071233 0.019816 0.080304 0.094883 -0.140753 -0.044450 0.068863 -0.112951 -0.026271 -0.104573 -0.174475 -0.008650 0.107737 0.057747 -0.016712 0.055895 0.025120 0.037152 0.014021 0.019293 0.037609 -0.181073 -0.051076 -0.108802 -0.034281 -0.042353 -0.163043 0.037786
-0.165134 -0.008713 -0.030692 -0.067336 0.099513 0.076646 -0.135845 0.225959 0.023597 -0.054831 0.145549 -0.134044 -0.016678 0.147330 -0.037869 -0.149060 0.131569 -0.064590 -0.055815 0.098346 -0.351081 0.029381 -0.000785 -0.171056 -0.031580 -0.064108 0.030184 -0.121660 0.070611 0.085904 0.054937 0.029954 0.158150 -0.058711 0.211729 0.045668 0.033805 -0.048679 -0.029488 -0.144610 -0.185044 0.035053 0.036853 -0.306244 -0.056002 -0.020780 0.180245
-0.064439 0.101043 0.176044 -0.001128 -0.089874 -0.039800 -0.113394 -0.012821 0.114779 -0.042023 0.017173 -0.007470 -0.204288 0.042886 -0.078377 -0.046475 0.161867 -0.041881 -0.119133 0.163925 -0.234168 -0.109467 -0.007330 -0.121700 -0.003719 0.099472 0.036724 0.061769 0.048724 0.020280 0.188602 -0.112412 -0.016769 0.056248 0.029324 -0.021061 0.086840 0.040456 0.213907 -0.022493 -0.170910 -0.061803 -0.060050 -0.083543 -0.097097 -0.074800 -0.091775
0.010681 0.000384 -0.042797 -0.085641 0.048503 -0.010713 -0.065949 0.021847 -0.050852 -0.018979 0.042456 0.056120 -0.023266 -0.004678 -0.034952 -0.092768 -0.059002 0.063356 -0.033238 0.018822 0.013668 -0.040286 0.139092 0.077227 0.027957 0.024226 -0.075491 0.071932 -0.023925 -0.095590 0.044525 0.002680 0.069497 -0.101342 -0.052416 -0.091894 0.078682 0.028092 -0.046623 -0.000355 -0.103385 0.022802 0.038240 0.064245 0.046343 0.006368 -0.197067
0.027317 0.001024 0.127169 -0.023250 -0.079586 -0.057853 -0.088548 0.073295 0.045377 -0.065548 0.064290 -0.022477 -0.128797 0.012056 -0.143845 0.004382 0.208479 -0.017475 0.031588 0.080541 -0.104353 -0.127692 -0.066393 -0.102638 -0.016015 -0.069183 -0.026095 -0.072384 -0.035455 -0.072304 0.084256 -0.019356 0.108502 -0.123319 -0.033694 0.092671 0.051477 0.070976 0.164610 0.122990 -0.175296 0.032667 -0.002872 0.061882 -0.046215 -0.061491 -0.002191
0.025830 -0.114169 0.014381 -0.175656 0.086155 -0.179722 -0.001917 -0.075782 0.158304 -0.049149 0.040972 0.008775 0.031246 0.072472 -0.032390 0.004960 -0.027856 0.018424 -0.229576 0.048823 -0.003719 -0.044362 0.053018 -0.014821 0.050604 0.048216 -0.105141 -0.007377 -0.112151 -0.251422 0.097338 0.114755 0.033889 -0.262095 -0.129456 -0.302086 0.035757 0.071144 0.110501 -0.013600 -0.146164 -0.118976 0.019440 0.054574 -0.081753 0.016444 -0.096483
0.036287 -0.187015 -0.061754 -0.162029 0.073845 0.163747 -0.184723 0.030198 -0.114367 0.136543 -0.003771 -0.065535 0.119974 -0.111658 0.056364 0.024293 0.147612 -0.092788 -0.087127 0.139206 -0.102977 -0.031528 -0.007010 0.047699 0.035450 0.012290 0.046865 0.037757 -0.030024 -0.012879 0.113799 0.027621 0.131537 -0.149580 0.018058 -0.110647 0.052351 -0.131744 -0.026289 0.010532 -0.098025 -0.009747 0.051322 0.025891 -0.108198 -0.058482 -0.362205
0.025721 -0.023999 0.057787 -0.043549 -0.027434 -0.102121 0.149883 0.119670 0.055726 0.068068 -0.032004 -0.144825 0.002634 0.071710 -0.019699 0.043535 -0.115835 -0.042083 0.000953 0.074686 -0.227162 -0.096089 -0.053601 0.134182 -0.019862 0.011200 -0.097669 -0.015020 -0.116976 -0.009984 0.102239 -0.013028 -0.050116 -0.103079 0.084995 0.138184 0.023053 0.087619 0.138489 0.127642 -0.173090 -0.148486 -0.116786 -0.057213 -0.156440 0.011605 0.005046
-0.079909 0.152631 -0.067221 0.099412 0.036150 0.228444 0.197722 -0.044609 -0.017813 0.060748 -0.201557 -0.125133 -0.065063 0.146483 -0.103617 0.143887 -0.232138 -0.035122 0.028475 -0.037756 0.016136 0.021798 0.040296 -0.185589 -0.053331 0.070277 0.077856 -0.063660 -0.107623 -0.015867 -0.158870 -0.112054 0.129673 -0.224391 0.209817 0.047127 0.047004 -0.112103 -0.001959 0.032004 -0.181023 0.033435 0.286603 -0.098527 0.076674 -0.084938 0.022955
-0.034691 -0.134013 -0.057273 -0.224179 -0.060162 0.069109 -0.092480 -0.465238 -0.039054 0.039312 -0.115448 0.057778 0.030858 0.094737 0.141365 0.124621 0.082931 -0.071775 -0.060484 0.183023 -0.002510 0.223097 0.113107 -0.042284 0.071992 0.201624 0.150895 0.150781 -0.006748 -0.177998 0.123473 -0.130074 0.084925 -0.193390 0.222059 -0.112604 0.132002 -0.085182 0.008858 -0.034569 -0.010339 -0.109381 -0.115496 -0.056923 -0.290553 -0.119269 -0.178214
-0.020343 -0.089562 -0.334767 0.110946 0.129811 0.296196 0.051145 -0.021165 0.088303 0.192651 0.038259 0.095870 0.013256 -0.126623 -0.390537 -0.109747 -0.191982 -0.126057 -0.026410 0.029708 -0.137705 0.049036 -0.037877 0.095332 0.073213 0.079509 0.164211 -0.157855 -0.091163 -0.263410 -0.111357 -0.092785 0.163406 -0.003277 0.042648 -0.143174 -0.046843 -0.183025 -0.093243 -0.003543 -0.035667 0.132315 -0.071275 0.043895 0.099560 -0.053205 -0.102055
0.025467 0.099672 -0.093634 -0.393351 0.146941 0.063715 -0.214508 0.114603 -0.210966 -0.026515 -0.071148 -0.104013 0.012556 -0.038789 0.049465 -0.071754 0.108763 -0.142071 -0.120063 -0.028238 0.059804 -0.001076 -0.027421 0.233470 -0.014687 0.018088 -0.006432 0.012490 -0.018832 0.047150 0.089560 -0.009304 -0.002440 -0.170483 0.015412 -0.078399 -0.009890 0.018307 -0.030965 0.088493 -0.280371 0.013253 0.015570 -0.016627 0.042113 0.020301 -0.056794
-0.034212 -0.050718 -0.091772 -0.079798 0.175916 -0.131406 0.095125 -0.276882 -0.012787 0.085369 -0.058018 0.105305 0.069865 -0.033922 0.077767 -0.118624 -0.170232 0.038574 -0.063356 0.049633 0.121989 0.066595 0.012883 -0.012426 0.052394 -0.056476 -0.061279 0.121107 -0.060092 -0.118712 0.048834 0.078444 0.189990 -0.224692 -0.108461 -0.274225 0.088390 -0.064983 -0.096863 0.035464 -0.085735 -0.023566 0.059373 0.045425 -0.198938 0.009889 -0.321892
-0.052737 -0.182050 0.275409 -0.224634 0.017068 0.053470 -0.235170 0.048118 -0.010358 -0.053254 0.144807 -0.110890 -0.220902 0.087084 0.005089 0.028433 -0.054782 -0.102067 -0.038368 0.277347 -0.063986 -0.089578 -0.025090 0.083699 -0.080699 -0.161032 0.056947 -0.112360 0.140361 0.082758 -0.029105 -0.089888 -0.186449 -0.068454 -0.189641 0.014698 -0.358098 -0.011341 0.273307 -0.111789 -0.137073 0.072157 0.019691 0.034631 0.005567 -0.323832 0.053729
-0.004930 0.088230 -0.016208 -0.081031 0.029940 0.097520 -0.033986 0.007429 -0.144163 -0.031649 -0.107044 0.130465 -0.097076 -0.086054 -0.111756 -0.049529 -0.046277 0.040692 -0.261748 -0.037610 0.018295 -0.085936 0.190757 0.021567 -0.030962 0.203621 0.016824 -0.120095 -0.090047 -0.081547 -0.098422 0.148192 0.196471 -0.179886 0.057642 0.003776 0.026407 -0.019511 0.007097 0.099917 0.025407 0.081736 -0.054105 -0.089193 0.150755 -0.144595 -0.034036
-0.009282 0.048922 -0.155263 -0.368306 0.002853 0.046889 -0.046466 -0.022200 -0.035379 -0.107932 -0.093300 -0.009456 0.046492 -0.142784 -0.063965 -0.159231 -0.038025 0.166364 -0.140923 0.083664 0.151483 -0.068181 -0.013224 0.130112 0.048946 -0.099690 -0.020978 -0.047670 -0.030678 -0.159988 0.034304 -0.033684 0.041049 -0.102425 0.018123 -0.198183 -0.047828 0.159293 0.070092 0.071780 -0.082407 0.097172 0.030993 0.028456 0.034280 0.059682 -0.112423
0.034748 0.004516 0.084170 -0.077207 -0.140133 -0.016130 -0.073306 0.082801 -0.157946 0.013695 -0.119498 -0.103134 0.119089 0.077911 -0.141979 -0.067722 0.015411 -0.044716 -0.007053 0.021500 -0.132844 -0.060714 -0.009656 -0.025032 0.006189 0.026771 -0.076277 -0.233184 0.057773 0.138626 -0.130230 -0.002928 0.029120 -0.049457 0.135127 -0.248527 -0.027262 0.062113 -0.057499 0.149762 0.184036 0.050424 0.103050 0.002862 0.088374 0.080126 0.005944
-0.001311 0.003627 -0.054035 -0.055407 0.060734 -0.006899 0.267430 0.123300 -0.070056 -0.104919 -0.043888 0.096687 0.001513 -0.228864 -0.048417 -0.103214 -0.130375 -0.050680 -0.142876 -0.155997 0.026064 -0.054450 0.045701 -0.002395 0.066093 0.036617 0.053754 0.038645 -0.267704 -0.192978 0.055083 -0.039053 0.062144 -0.078550 -0.041330 -0.270541 0.126690 -0.161278 -0.183997 0.021170 -0.010193 -0.064429 -0.066578 -0.061281 -0.080834 0.087944 0.036456
0.031381 -0.005067 -0.035662 -0.185925 0.078038 0.023786 0.102665 0.006544 -0.053993 0.061250 -0.112557 -0.109371 0.022946 -0.184295 -0.092597 -0.112423 0.056403 0.030330 -0.055583 -0.160745 0.046175 0.035555 0.045149 0.133752 0.084385 -0.012612 0.075136 -0.056282 -0.039015 -0.177298 -0.023205 -0.057282 -0.002458 -0.069954 0.016854 -0.160786 0.001762 0.020173 -0.034477 0.145463 0.049482 -0.036293 0.063830 0.013374 0.007263 -0.001075 0.019012
-0.020037 0.134609 0.039308 0.012210 0.133988 0.034934 0.122741 0.071914 -0.197591 0.034070 -0.108456 -0.054961 0.144473 0.028728 -0.003909 0.075052 0.048146 0.144175 -0.091652 0.127865 0.046699 -0.044898 -0.073574 0.010606 0.028026 0.011504 0.041697 0.094779 -0.006924 -0.134667 0.019839 -0.115847 -0.110408 -0.209025 0.097592 -0.170156 -0.009955 -0.358871 -0.001002 -0.005015 -0.108332 0.001378 0.068713 0.094169 -0.158437 0.092270 0.015478
-0.023169 -0.176805 -0.257923 0.059928 -0.024062 0.073587 0.016240 0.050237 -0.036566 -0.027905 0.078812 -0.028309 -0.045050 -0.036996 0.138207 -0.032920 -0.006104 0.019772 -0.058098 -0.245291 -0.002310 -0.153577 -0.052141 0.117935 0.016253 0.091763 -0.064288 0.251467 -0.087714 -0.070023 0.017657 0.042383 -0.049923 -0.098246 -0.051084 0.353180 0.102645 0.015937 -0.097123 -0.030837 0.018453 -0.047381 -0.075973 -0.059370 0.030545 0.041474 -0.258038
0.015638 -0.156741 -0.074832 0.078567 0.152133 0.046710 0.076960 -0.082026 0.010819 -0.002607 0.142449 -0.017848 0.016335 -0.019637 0.087766 0.067308 -0.109962 0.003745 0.001517 -0.282745 -0.102091 -0.049662 0.031198 0.105963 0.052082 0.023074 -0.078858 0.147341 -0.060004 0.003217 -0.223724 -0.017270 -0.384897 0.132002 0.078031 0.030928 -0.068172 0.012535 0.052104 0.027777 0.116480 0.135705 0.121648 0.110953 -0.155929 0.067895 -0.308512
-0.001578 0.023591 0.182272 -0.103839 0.010997 0.020300 -0.147634 -0.022031 -0.093902 -0.026794 0.007363 0.100658 0.053905 0.040093 0.095201 -0.005815 -0.111194 0.069210 -0.229850 -0.566017 0.030580 -0.055217 0.056242 0.088810 0.029525 -0.006522 -0.038855 -0.028851 0.061153 0.044370 -0.086092 0.066436 0.002484 -0.096218 -0.064083 -0.107852 -0.041881 0.083655 0.001042 0.044879 0.017753 0.111686 0.016679 0.005461 0.089612 0.128974 0.099204
0.042950 -0.113644 0.155471 -0.025090 -0.029490 -0.015529 -0.205943 0.133664 -0.076638 -0.016116 0.127468 -0.007763 0.030941 0.037274 0.027638 0.042981 0.131926 -0.002878 -0.150652 -0.219548 -0.065726 -0.000276 -0.054838 0.090906 0.000759 -0.003051 0.052804 0.034638 0.104619 -0.014975 -0.114920 -0.049111 0.114929 -0.113671 -0.074883 -0.137913 0.031177 -0.019665 0.062046 -0.065377 0.043705 0.007277 0.012856 0.121609 -0.002316 0.151527 -0.074949
-0.103026 0.128037 0.008935 -0.099054 0.157870 -0.060186 -0.077159 0.107800 0.021364 0.069097 -0.024468 0.043878 -0.055245 0.048403 -0.048330 0.030511 0.015408 -0.010953 -0.126624 -0.240692 -0.053067 -0.056710 0.103051 0.066012 0.106455 -0.043202 -0.120996 0.099536 0.157558 0.037691 -0.147386 -0.060951 -0.009510 -0.154673 -0.106357 -0.133330 -0.031431 -0.149803 0.038872 -0.014793 0.047751 -0.030507 -0.000631 0.037142 0.072653 0.122184 -0.071820
0.002971 0.075066 0.036140 0.063653 -0.023192 -0.037544 -0.043059 -0.018632 0.141568 0.001782 0.033138 -0.110475 -0.197334 0.035480 0.009238 -0.035217 -0.172006 -0.023082 0.080999 0.120057 0.103741 0.000088 0.051170 0.006470 0.017595 -0.134669 -0.250475 0.046523 -0.027654 0.007047 -0.098191 0.067178 0.100075 0.016093 -0.070393 -0.111579 -0.051074 0.022659 -0.001722 -0.034213 0.125271 -0.099291 -0.039694 0.055465 0.008473 0.036786 0.090606
-0.129520 0.102932 0.126909 -0.083342 -0.043192 0.034018 0.075870 0.133796 -0.100745 -0.107512 -0.028161 -0.063297 -0.013407 0.039237 -0.114549 -0.110962 -0.001088 0.211557 0.032079 0.323044 0.049733 0.052686 -0.037996 0.303599 -0.033221 0.069030 -0.098116 -0.027083 -0.059284 -0.010650 0.173662 0.011713 -0.093739 0.079114 -0.020609 -0.269218 -0.043154 -0.041340 0.046182 -0.189283 -0.166552 -0.157232 -0.024508 -0.029156 -0.052661 -0.039872 0.228511
0.132795 0.057076 0.059085 0.111960 0.109032 -0.073780 0.074006 0.104973 0.100301 0.009816 -0.023302 0.172549 -0.119520 -0.306479 -0.060805 0.073322 -0.011257 -0.071509 -0.061264 -0.063049 -0.048186 -0.040108 0.118020 -0.175567 -0.084076 -0.160782 0.081741 0.053106 0.140482 -0.043131 -0.371197 -0.092628 0.204515 0.018567 -0.084518 -0.136273 -0.066097 -0.151723 0.025003 -0.011540 0.057651 0.127336 0.031890 -0.080811 0.019013 0.062713 -0.042702
-0.177254 0.012678 0.006903 0.163373 -0.034831 -0.111829 0.064529 -0.000212 -0.028151 0.058659 0.029523 0.007271 -0.049138 0.027722 -0.069412 -0.191364 0.050552 0.139374 0.013455 0.234987 0.108953 0.023713 0.080533 0.050879 -0.045975 0.060126 -0.022052 -0.036269 0.002913 -0.189971 0.108226 0.061417 0.052194 0.099338 0.115166 -0.113467 0.019327 -0.041497 -0.058680 0.026950 -0.039447 -0.102852 -0.067969 -0.145622 -0.032438 -0.131009 0.070432
-0.071988 0.043623 -0.043361 0.181337 0.029702 -0.066681 -0.093917 0.035740 0.102396 0.026836 0.056033 0.217381 -0.119686 0.029193 0.066475 0.014687 -0.032330 0.111454 -0.148241 -0.056298 -0.062064 -0.034670 0.071546 -0.053569 -0.030466 -0.061132 0.038045 0.018005 0.077412 -0.183479 -0.033446 0.002661 0.030431 0.053895 0.047877 -0.039843 0.124357 -0.006981 -0.010677 0.067403 -0.044785 0.077707 -0.037725 -0.000412 -0.145211 0.046324 -0.098395
0.034814 -0.005985 0.048809 -0.117066 0.252282 0.052763 0.029918 -0.069383 -0.049006 0.122668 -0.009657 0.054683 -0.013525 -0.017926 -0.167520 0.022663 -0.071149 0.003441 -0.315014 -0.005695 -0.086427 0.180296 0.029903 -0.011124 -0.119273 0.082539 -0.139776 0.220099 -0.018163 0.170172 -0.164441 0.050090 0.164329 0.074577 -0.118735 -0.232372 -0.048326 -0.170468 0.058331 -0.181556 -0.093705 0.051849 -0.145764 0.066122 0.032878 -0.068702 -0.037016
0.019630 0.046226 0.141592 0.011746 -0.039161 -0.101562 0.114050 -0.126930 0.001481 0.016418 0.014229 -0.065811 -0.059580 0.069097 -0.118081 -0.022464 -0.030154 0.042009 -0.120436 0.194728 -0.034527 -0.009492 -0.003403 0.068618 -0.016117 0.028964 -0.082575 -0.045058 -0.097825 -0.035317 0.064141 0.011810 -0.195752 -0.013490 0.105093 -0.082722 0.076643 -0.148589 0.101404 0.048300 -0.096450 -0.043279 0.072900 0.071150 -0.011372 -0.021294 0.093766
-0.010356 -0.070684 -0.016865 -0.215709 0.115497 0.144249 -0.050034 0.031071 -0.015618 0.098862 -0.142314 -0.073015 0.090748 -0.078836 -0.070829 -0.032087 -0.000271 -0.006640 -0.020360 -0.308517 0.092442 0.132539 -0.083910 0.032298 -0.129545 0.004491 -0.407825 0.088646 0.055755 -0.096313 -0.065171 -0.125188 -0.157049 0.123766 0.004541 -0.226737 0.011385 0.227848 0.224988 -0.017767 -0.096096 0.081312 0.096463 -0.055967 -0.073086 0.071249 0.016749
0.068076 0.265596 0.076624 -0.184229 -0.341150 0.107882 0.061872 -0.218027 -0.411589 0.127553 -0.027218 -0.479148 0.107605 0.266656 0.027957 0.047536 0.150119 -0.137362 0.004331 -0.378847 0.229212 -0.119207 -0.015667 -0.042067 0.081902 0.007644 -0.404444 -0.183210 0.130555 0.018108 0.060898 -0.140912 -0.104530 -0.434297 -0.166878 -0.095832 -0.096368 -0.006240 -0.369078 -0.275396 0.033519 0.175916 -0.022002 0.156396 0.007109 -0.043606 0.146677
0.058885 0.032224 -0.022156 -0.172016 0.040808 -0.111644 -0.103855 0.061893 -0.137794 0.057068 0.041527 -0.151799 0.062743 0.060840 -0.082894 -0.026221 0.009279 0.063171 -0.041891 -0.164623 0.032025 -0.050942 -0.009021 -0.006891 0.008464 0.048453 0.011432 -0.113570 -0.018378 -0.064912 0.132605 -0.048607 0.054831 -0.177519 0.097848 -0.292153 0.012754 0.091678 0.034259 0.118357 -0.033351 -0.035555 -0.034301 0.039523 0.049441 0.051191 0.077270
-0.077979 -0.070385 -0.380994 -0.118872 -0.094838 0.089504 0.129987 0.051670 -0.056445 0.111430 -0.143306 -0.167673 -0.094477 0.131208 -0.159914 -0.015779 0.183076 -0.068498 -0.271363 -0.269981 0.149854 0.134584 0.009437 0.181597 0.045800 -0.214493 0.169560 0.093688 0.090390 -0.143039 -0.098859 0.120367 -0.020058 0.000116 0.095653 0.005994 -0.111786 -0.065167 0.068894 0.073403 -0.081565 -0.004547 -0.219225 -0.081747 0.006934 0.173567 0.030862
0.031654 0.054578 -0.311227 0.062035 -0.221372 0.032415 0.097056 -0.129048 -0.066461 0.020998 -0.075403 0.065889 -0.143466 0.142372 -0.018346 -0.037295 0.031628 0.008516 -0.279368 -0.089951 -0.109251 0.116195 0.277540 0.054409 0.090692 -0.093832 -0.117397 -0.062344 0.151632 -0.041184 -0.153294 0.003301 0.139709 -0.040010 -0.002381 0.014592 -0.067270 -0.022890 -0.112094 -0.029985 -0.018178 -0.121815 -0.001810 -0.162269 0.169572 -0.174850 0.069080
0.086434 -0.295864 -0.327869 -0.204069 -0.160559 0.250353 -0.266969 -0.173827 -0.345333 0.036360 -0.282991 -0.069200 0.167091 0.107703 0.053828 0.056570 0.307862 0.108137 -0.228620 -0.271119 0.251082 -0.384666 0.035525 0.094969 0.064413 0.158217 0.093240 -0.231622 -0.266197 -0.203549 0.083777 -0.085335 -0.058541 -0.069152 0.029780 -0.342565 -0.151640 0.312090 0.117066 -0.450801 0.159028 -0.187636 -0.076988 0.121040 -0.108021 -0.156642 -0.195361
-0.123211 0.009732 -0.137473 0.235894 -0.375631 0.072232 -0.032899 -0.220090 0.161704 -0.099916 -0.240967 0.224531 -0.027316 0.048177 -0.038241 -0.129876 -0.066805 -0.552939 0.176001 -0.023110 0.188715 0.105868 0.130612 -0.444879 -0.061611 -0.021689 -0.405194 0.112678 0.005886 0.028903 -0.016736 -0.102041 -0.103974 0.318692 0.284585 -0.042303 0.314816 -0.066452 -0.157230 -0.085912 0.040075 -0.031617 -0.104715 -0.028581 0.054579 0.099140 0.005505
0.078722 0.069261 -0.152858 0.086707 -0.290069 0.102253 -0.065424 -0.042637 0.066181 -0.079657 -0.191700 0.251613 0.066477 0.278581 -0.025340 0.032816 0.239160 -0.176433 0.141508 0.186651 -0.077411 -0.029786 -0.202891 -0.138421 0.013406 0.058276 0.007082 -0.508991 0.187585 -0.140326 -0.120883 -0.074258 0.222887 0.034629 0.131865 -0.195670 -0.118108 -0.262070 -0.158574 -0.465556 0.020343 -0.226333 -0.159462 0.065565 -0.315079 -0.037289 0.178955
0.071128 0.105997 -0.010296 -0.119490 0.004438 -0.125899 0.051935 -0.044956 -0.039753 0.008796 -0.245038 0.082631 0.365432 0.140888 -0.059806 0.201510 0.336960 -0.089616 0.134642 -0.069357 0.013021 0.091819 -0.221593 -0.113920 -0.053606 -0.050001 0.090411 -0.042920 0.325899 -0.194679 -0.210641 0.112978 0.142227 -0.239371 -0.051244 -0.134505 -0.369976 -0.096417 -0.112006 -0.091081 -0.070448 -0.346121 -0.184020 0.175281 -0.087337 0.068393 0.209527
-0.543241 -0.080984 -0.049513 0.037246 -0.089412 0.095664 0.231720 -0.100657 0.038912 0.100341 -0.624849 -0.088313 0.073763 -0.373637 0.077417 -0.077599 0.065862 -0.252858 -0.056752 -0.284084 0.152114 0.043241 -0.152382 -0.247128 -0.688335 -0.163402 -1.116462 0.070256 0.000382 0.037420 -0.036618 -0.076563 -0.340628 0.211850 0.109197 -0.026088 0.020687 0.132803 0.297036 -0.022476 -0.045353 -0.019886 0.010777 -0.249654 0.038614 0.024535 0.063693
-0.044521 0.189150 -0.300238 0.153192 -0.347933 0.067078 0.051476 -0.297647 -0.028785 0.046853 -0.156894 0.078225 -0.021052 -0.272045 0.066124 -0.051228 0.061838 -0.356065 0.014595 0.028317 0.117670 0.130125 0.066546 -0.026131 -0.104661 -0.246127 -0.005061 0.065522 -0.024935 0.120181 -0.303675 -0.131771 0.185397 0.242730 0.465276 0.029558 0.258736 0.058585 0.060817 -0.021848 -0.015088 -0.045981 -0.119309 -0.096396 0.097221 0.039758 0.056357
-0.165063 0.287673 -0.311280 -0.172422 -0.253805 0.135775 0.083576 -0.042568 -0.430189 -0.188606 -0.118578 -0.339024 0.120712 0.191757 0.059694 0.046921 0.220794 -0.328344 -0.063298 -0.231134 0.149837 0.269404 0.076523 -0.032182 -0.088203 -0.374498 -0.615153 -0.181772 0.155435 0.045729 -0.104514 -0.091452 -0.175531 -0.138993 -0.068697 -0.051973 -0.031101 0.001284 -0.692580 -0.254986 0.081729 0.072868 0.070173 0.009080 0.093869 0.110970 -0.076188
0.085101 0.045889 -0.445745 0.216134 -0.170092 0.074581 0.087696 -0.032164 -0.017684 0.117210 -0.097196 0.016957 0.148346 -0.353899 0.042934 -0.079774 0.121163 -0.035417 0.036333 -0.158690 0.040133 -0.067091 0.023782 -0.035287 0.044779 -0.267764 -0.167431 -0.016864 0.017691 0.083336 0.027157 -0.044603 0.128088 -0.162723 0.133821 -0.231975 0.032470 -0.001086 0.139352 0.112119 0.003480 0.122270 -0.097513 0.022343 -0.030008 -0.028849 -0.053848
0.038739 -0.181137 -0.079406 -0.131589 0.045018 0.031259 0.185938 -0.101567 -0.000395 -0.001273 -0.007687 -0.113195 0.218126 -0.301523 -0.061066 0.017715 0.057368 -0.030551 -0.127601 -0.260034 0.098756 0.057407 -0.122167 0.054235 -0.027056 0.028916 0.020118 0.116286 -0.172612 -0.255970 0.139315 0.035762 0.088882 -0.073469 -0.145876 -0.130836 -0.027107 -0.123660 -0.016162 0.159705 -0.106626 -0.033522 -0.014646 -0.197213 0.061664 0.034024 -0.022786
-0.009980 0.131379 -0.247181 -0.039546 0.034136 0.053324 0.066846 -0.110018 -0.091019 -0.094305 -0.097459 -0.023232 0.088753 -0.141983 0.071853 0.054540 0.088540 -0.036917 -0.029818 -0.175090 0.029453 0.133315 0.171926 0.018560 0.119115 -0.062894 -0.201721 -0.050634 0.064414 -0.052711 0.000480 0.054507 -0.110224 -0.143526 0.032480 -0.113978 0.073726 -0.092235 -0.015562 0.029694 -0.029220 -0.033226 -0.103635 0.098963 0.113184 0.037460 0.024576
0.006781 -0.071925 -0.177411 -0.104193 -0.112552 0.105707 0.058131 -0.170276 -0.028111 -0.054475 -0.090376 0.008440 0.038136 -0.033772 0.102266 -0.037777 -0.007661 0.024574 -0.069659 -0.351099 0.106039 0.085081 -0.054721 0.085060 0.060861 -0.108862 -0.255907 0.071530 -0.041785 -0.107025 -0.164746 0.041133 -0.056077 0.188126 0.103499 -0.062195 0.076937 0.049845 0.100102 -0.085077 0.035672 -0.030977 0.040696 0.055026 0.086046 -0.003997 -0.038863
0.190219 0.040761 -0.193607 -0.212609 0.153582 -0.045114 -0.018161 0.072911 -0.047623 -0.031091 -0.098477 0.004133 0.104452 0.067563 -0.022126 0.009802 -0.489906 0.055463 0.043128 -0.268429 -0.113867 0.057926 -0.507196 -0.114567 0.101811 0.048659 -0.173031 -0.146747 -0.239977 0.101440 -0.099828 0.077075 -0.003421 -0.200752 -0.022557 -0.058800 -0.042881 0.051708 -0.724972 0.171513 0.064429 -0.159265 0.119643 0.070985 0.076586 0.083513 0.229186
-0.034463 0.012800 -0.427861 -0.051871 0.037361 0.036562 -0.029201 -0.244859 0.198443 0.019495 0.092276 0.236683 0.018642 0.172164 -0.079598 0.099444 -0.185524 0.062034 -0.117538 0.156101 0.006057 -0.014939 -0.087466 -0.038206 -0.048088 -0.130139 -0.330422 0.070023 0.022508 -0.010194 0.001135 0.043975 0.015622 0.099569 0.057019 0.060003 -0.039812 0.114755 -0.045812 0.018760 -0.045229 -0.177763 0.048877 0.126687 -0.130253 0.185243 -0.256999
-0.001896 -0.003535 -0.117993 -0.097763 -0.011014 -0.075551 -0.068559 -0.127268 -0.066353 -0.041609 0.031662 0.209514 -0.072532 -0.058054 0.008528 0.092200 -0.059487 0.086575 -0.056332 -0.086289 0.122890 -0.099183 0.067256 0.049837 0.029581 0.087704 0.043861 0.104721 0.037299 -0.009922 -0.141575 0.155644 0.012303 -0.080434 -0.071710 -0.099651 0.014972 0.070645 -0.008388 0.170860 0.043065 -0.016000 0.036183 0.097028 -0.049113 0.082184 -0.085273
-0.014145 -0.060996 0.046869 0.149649 0.035271 0.000058 0.050413 -0.070041 0.134479 -0.023302 0.006467 0.169156 -0.185210 0.067191 0.061620 0.019905 -0.006470 -0.047873 -0.028021 -0.146497 0.068427 -0.058099 -0.088229 -0.019382 -0.085542 0.001431 0.204649 -0.030856 -0.049360 0.049935 -0.075410 -0.096376 0.137075 0.095236 -0.118081 -0.034794 -0.003112 0.108271 0.100447 0.123180 0.020740 -0.006060 0.137932 0.053801 0.055873 0.015519 -0.174946
-0.078377 0.057353 -0.085589 -0.040228 0.041626 -0.051295 0.104292 -0.053165 0.070447 -0.055043 0.021708 0.080302 -0.256736 0.071786 -0.022942 0.042355 -0.040098 0.001045 0.034270 -0.086783 0.059034 0.110161 -0.010375 -0.034849 0.004159 0.036778 -0.012071 0.110569 -0.082395 -0.026383 -0.116373 0.016424 0.218607 0.053013 -0.144186 -0.080865 -0.058693 0.001562 0.006093 0.027098 0.119148 -0.040878 0.051944 -0.025288 0.074980 0.074439 -0.084159
-0.051699 0.104580 0.032856 0.012176 0.002050 -0.019329 0.033379 -0.129030 0.041421 -0.029923 0.091813 0.002000 -0.252364 -0.023657 0.024758 0.043934 0.087466 -0.020433 0.002623 -0.081114 0.020583 -0.006443 0.095457 -0.063645 -0.101608 -0.148529 0.141270 -0.026071 -0.006579 -0.088737 -0.147860 -0.069420 0.177251 0.061945 -0.157425 0.044807 -0.076748 0.073402 0.057214 -0.025143 0.007258 0.047271 0.038964 -0.012938 0.138469 0.158882 -0.063050
0.048809 0.061508 0.020322 -0.038854 -0.029176 0.057268 -0.131138 0.009630 0.031016 -0.070681 -0.037981 0.189066 -0.140930 0.143376 0.013820 0.112315 -0.123285 -0.035209 0.020875 -0.107026 -0.022606 0.035132 -0.388372 0.080425 -0.169178 -0.107913 -0.269132 0.023384 -0.095770 0.012417 0.112413 0.008648 -0.231784 0.026786 0.041049 -0.060979 0.110083 0.103401 -0.147981 0.174465 -0.057289 -0.112564 0.001430 -0.008408 0.006611 0.066735 0.077753
-0.299129 0.086237 -0.065264 -0.046419 0.054206 -0.017497 0.082990 0.070824 0.123598 -0.089428 0.088152 0.126112 0.153600 -0.184476 0.117052 0.134376 0.014632 0.002639 0.016704 -0.172915 0.027476 -0.083791 0.125966 0.011990 -0.042841 0.092417 0.003020 0.141078 -0.003101 0.024560 -0.049659 0.133151 -0.356750 -0.039757 -0.064956 0.008992 -0.034854 -0.033392 -0.087103 0.123400 -0.081376 -0.078033 -0.062045 -0.025996 -0.015120 0.022284 -0.083850
-0.196942 0.044552 0.068294 0.090816 0.023439 -0.084598 -0.039737 -0.013635 0.090447 0.053976 -0.023638 0.056948 -0.224506 -0.071613 -0.012159 -0.016129 -0.014241 0.010423 -0.012789 -0.087106 0.115608 0.027495 -0.005868 -0.001524 -0.145355 -0.030202 -0.016611 0.112228 0.029480 -0.032777 -0.139137 0.026348 0.012401 0.128132 0.032549 -0.105585 0.177196 0.045669 -0.016900 0.085795 0.026849 -0.026454 -0.116496 0.050875 0.038249 -0.000573 -0.240067
-0.052270 0.011698 -0.104301 -0.276090 0.131828 -0.144345 -0.113687 0.118037 0.046962 0.031529 0.085281 -0.020932 0.046273 0.191990 0.048118 0.006475 -0.101232 0.241863 -0.006849 -0.214226 -0.163101 0.004611 -0.148720 -0.105898 0.025473 -0.043525 0.006917 -0.194235 -0.110493 0.096974 -0.009053 0.014827 0.045241 -0.274457 0.007966 -0.136638 0.020684 0.074301 -0.320827 0.062787 0.100341 -0.058309 -0.044960 0.077912 0.027073 0.018776 0.144058
-0.107046 -0.053503 -0.052727 0.061131 0.110201 -0.076237 -0.029731 -0.060535 -0.007048 -0.031360 0.077555 0.002014 -0.104549 0.015326 -0.034446 0.102938 0.012873 0.103292 -0.024558 -0.038403 -0.011036 -0.019701 -0.105667 0.003178 0.047020 0.154719 -0.000280 -0.112441 -0.042326 -0.082374 0.040785 0.052307 0.032797 0.002748 0.115406 -0.108091 0.114730 0.034312 -0.054358 0.080499 -0.173334 0.108477 -0.030267 -0.059248 -0.064027 -0.020562 -0.185093
-0.021177 0.034611 -0.198752 -0.027255 -0.035883 -0.135386 0.033425 -0.096284 0.012381 -0.051961 -0.075519 0.098401 -0.185166 0.089065 -0.122283 0.021443 0.053733 0.096314 0.049875 0.102059 -0.041682 0.038428 -0.084034 0.046509 -0.039941 0.019838 -0.100551 0.076095 -0.098680 -0.021018 0.126387 0.011240 0.082879 0.061287 -0.004354 -0.014885 0.055890 0.071255 -0.065133 -0.023932 0.027117 -0.015633 0.167030 0.067810 0.062131 -0.018294 -0.110181
0.033845 0.029267 -0.175794 0.168341 -0.014090 0.091714 -0.145104 0.013492 -0.149185 -0.205082 0.067236 0.044449 -0.090667 0.025349 -0.089326 -0.051623 0.104494 0.094611 -0.198602 0.119466 -0.148465 -0.227124 0.018520 0.011184 0.051190 0.132710 -0.037633 -0.095574 -0.035685 -0.045370 0.006359 -0.146083 0.015236 -0.030372 -0.053513 0.194596 0.018728 0.149277 -0.142830 0.083523 -0.055300 0.094392 0.127536 -0.075526 -0.029191 0.127410 -0.105113
0.019073 0.049498 -0.149033 -0.151249 0.035837 -0.144621 -0.196605 0.197746 -0.199443 0.136078 0.122793 -0.132021 -0.018996 0.025945 -0.207923 -0.093435 -0.069271 -0.007705 -0.009703 -0.062036 -0.436763 -0.078323 -0.022224 0.080448 -0.014598 0.070911 0.238988 -0.112369 -0.116324 -0.025611 -0.128242 -0.019863 -0.010869 0.039536 0.018593 0.046074 0.062676 -0.012334 -0.197729 0.056387 -0.099861 -0.119932 0.086071 -0.049931 0.009946 0.065146 -0.155997
0.008937 0.089281 -0.011829 0.042242 0.017503 -0.015875 -0.093554 -0.059452 -0.055905 0.018462 0.041233 -0.004487 0.044712 0.051459 -0.043776 -0.158086 -0.072198 -0.017120 0.013432 0.184415 -0.057835 0.101762 -0.107527 -0.013202 0.063662 0.044133 -0.014290 -0.086421 -0.115811 -0.008940 0.054531 -0.077977 -0.033584 0.028688 0.025988 -0.063215 -0.015855 0.116337 0.020199 0.067128 0.020250 -0.138248 0.057053 0.088138 0.059937 -0.001959 -0.003497
0.022041 0.015359 0.067457 -0.186326 0.046034 -0.029391 -0.186498 -0.020451 0.007194 0.081721 0.021329 -0.016297 -0.032961 0.206644 -0.011739 -0.127080 -0.104186 0.209445 -0.009057 -0.282302 -0.192021 0.049976 -0.034067 0.118349 0.010987 0.068485 -0.199345 0.067777 -0.088337 0.019478 0.144655 0.092257 -0.001735 -0.241471 0.025083 -0.114664 -0.162035 0.006835 -0.043405 -0.019889 0.055308 -0.122357 0.099631 -0.048438 -0.088655 -0.083027 0.079493
0.082435 -0.345074 -0.381702 -0.009608 -0.140490 0.145359 -0.060305 -0.250598 0.015364 0.247209 0.096503 -0.141868 0.177172 0.147399 -0.385543 -0.014487 -0.009664 -0.146192 -0.187025 0.100887 -0.280497 0.113855 0.135375 -0.002455 -0.066348 -0.035947 -0.056854 -0.073433 -0.070548 0.018631 0.022543 0.031779 -0.133369 -0.265020 0.083892 -0.188186 0.048048 0.065546 0.067336 -0.196427 0.160417 0.156636 0.217035 -0.248622 0.078140 -0.096469 -0.033558
0.038684 0.099154 0.041677 0.025688 -0.055066 -0.026060 0.049368 -0.117700 0.075227 -0.016848 -0.402460 0.093848 0.073172 0.068660 0.169655 -0.198957 -0.113502 -0.196378 0.169987 0.117835 -0.248543 0.059629 -0.310042 -0.160103 0.060676 -0.433314 -0.030027 -0.195209 0.105227 -0.130480 0.128343 0.087533 -0.103075 -0.082369 -0.250439 -0.078291 0.061891 0.074230 0.029512 0.135136 -0.310130 -0.152420 -0.203179 -0.189497 -0.087657 -0.111914 0.123110
-0.000205 -0.038824 -0.037896 -0.163934 -0.088726 -0.075155 -0.019270 -0.128206 0.042215 -0.184291 0.057748 0.125822 0.008322 0.212045 0.107664 -0.097317 0.022072 0.073668 0.042457 0.094552 -0.092376 0.073216 0.056775 -0.186206 0.047528 -0.115594 0.177968 -0.054116 0.087062 -0.174061 0.021755 0.006836 0.171490 -0.136695 0.034103 0.004268 0.042131 0.053454 0.041277 0.023724 0.099502 0.051204 -0.038702 -0.135273 0.075682 -0.171988 0.012612
0.027628 -0.094841 -0.046063 0.016613 -0.257084 0.065552 -0.017340 -0.127005 0.073790 -0.159719 -0.809907 0.103340 0.099348 0.072856 0.172997 -0.041019 0.035611 -0.372814 0.090606 0.090040 -0.156260 0.152319 -0.634751 -0.422041 0.035092 -0.497920 0.044002 -0.563775 0.073999 -0.080971 0.049234 -0.065316 -0.104872 -0.015386 0.140052 0.054404 -0.041330 0.153323 0.067551 0.082904 -0.052961 0.013438 -0.533080 -0.692536 0.123038 -0.498458 0.000069
0.061781 0.302929 -0.088514 -0.018786 -0.054830 -0.071051 -0.135021 0.202603 0.038558 0.183588 -0.217428 -0.078066 -0.049822 0.158238 0.082529 -0.306926 0.332592 0.061291 -0.192561 0.536364 -0.011454 0.106708 -0.054784 -0.281971 -0.202883 -0.126302 -0.077518 -0.222979 -0.115874 -0.154987 -0.027994 -0.085995 -0.189326 -0.009049 0.007904 0.176720 0.047953 0.181644 0.071809 0.150420 0.018499 -0.019125 -0.064175 -0.003094 -0.042368 -0.259604 0.051289
0.027121 -0.116781 -0.024519 0.011982 -0.553461 0.020956 -0.089256 -0.650525 0.062803 -0.371588 -0.591163 0.040063 0.125332 -0.054986 0.287256 -0.198516 0.268858 -0.421815 0.271961 0.071580 -0.095931 0.291066 -0.299040 -0.180272 0.159874 -0.456425 -0.364851 -0.173147 0.075957 -0.321178 0.245978 -0.112276 -0.056431 -0.099476 -0.102354 -0.033779 0.118456 -0.065528 -0.161035 0.123294 -0.225519 -0.087529 -0.621386 -0.630549 -0.082376 -0.549504 0.158803
-0.423019 0.421143 -0.117930 0.158591 0.313455 0.025611 -0.854696 0.217471 -0.528928 0.165666 -0.477066 0.080207 0.112636 -0.057473 -0.558409 -0.002716 -0.131146 -0.806060 0.229138 0.121892 -0.381750 0.314475 -0.248070 -0.541286 -0.178671 -0.016718 0.154253 -0.376490 0.058821 0.146606 -0.080900 0.230901 -0.069718 -0.320106 0.154616 0.168113 -0.155176 -0.171839 -0.237213 -0.045182 0.101098 -0.010946 -0.243996 -0.159626 -0.068859 -0.378794 0.146955
0.060317 -0.164627 0.032836 -0.034621 -0.344232 -0.024581 0.204205 -0.355970 0.046445 -0.140713 -0.245354 0.144062 0.090654 0.102008 0.170328 -0.266261 -0.111979 -0.176507 0.051573 0.014303 -0.071512 0.218872 -0.072254 -0.069177 0.028621 -0.205858 0.132156 -0.054407 0.028722 -0.267621 0.189809 -0.101789 -0.051645 -0.182156 -0.154598 0.111781 0.141090 0.041570 -0.050958 0.142843 -0.175411 0.006610 -0.260417 -0.193280 -0.177763 -0.291389 -0.087008
0.033943 0.178168 -0.175522 0.175222 -0.096901 0.130912 -0.043809 -0.294737 0.000456 -0.102885 -0.134801 0.002235 0.054918 -0.021319 0.042128 -0.086435 -0.078470 0.074834 0.007443 0.008454 -0.010340 -0.068543 -0.052283 -0.041076 0.051586 -0.076585 -0.008593 0.005677 -0.088426 -0.471650 0.093018 -0.072560 0.195441 -0.240369 -0.016268 -0.009513 0.124318 0.149498 0.121009 0.204479 -0.063626 0.072479 -0.482894 -0.023321 0.045434 -0.070185 -0.105107
0.066098 -0.124590 -0.044194 0.013382 -0.006046 -0.147886 0.007563 -0.034332 -0.146128 0.029134 -0.081345 -0.022032 -0.029330 -0.046293 0.018668 0.014000 0.035354 -0.104602 -0.190465 0.279710 0.007604 0.040046 0.003023 0.108649 0.060198 -0.000055 0.053588 -0.066204 0.039511 -0.060240 -0.020767 0.062326 -0.169016 -0.197895 0.164999 -0.313796 -0.134843 0.063564 -0.147585 -0.013674 0.166354 0.050720 0.046407 -0.184749 0.108177 -0.079334 0.051955
-0.021556 0.169394 0.100266 -0.013032 0.174487 0.122474 -0.295066 0.113713 -0.030597 0.030936 -0.301170 -0.099465 -0.085367 -0.036243 -0.047391 0.219817 -0.103082 -0.374878 0.101273 0.047822 -0.099121 0.167785 -0.032332 -0.107469 0.004006 0.064604 0.132108 -0.040085 -0.114631 0.159487 -0.053616 0.068472 -0.061864 -0.205538 0.149288 -0.117726 -0.188452 -0.127185 0.048350 -0.072894 0.058365 0.007003 -0.002785 -0.090053 -0.015273 -0.175006 0.049472
0.049542 0.012682 -0.042611 -0.162976 0.107895 -0.085815 0.032668 -0.019559 0.106183 -0.011065 -0.056632 -0.024974 0.028991 0.090038 0.027186 -0.008859 0.004572 -0.003167 0.055156 0.148495 -0.105440 -0.045914 -0.052345 0.026595 0.069907 -0.122458 -0.038576 -0.019100 -0.141674 -0.063137 0.051528 0.043933 0.087851 -0.060658 0.007057 -0.138390 -0.005293 0.071059 0.102200 -0.011947 -0.078053 -0.090022 -0.030398 -0.099795 -0.029282 0.002450 0.141522
-0.007114 -0.235490 -0.188749 0.155743 0.003279 -0.033734 0.042964 -0.152345 -0.079722 -0.129392 -0.072332 0.038753 -0.085353 0.054944 0.006531 0.018354 -0.150610 -0.055111 0.121770 0.194518 0.074520 0.049394 -0.125408 -0.003274 0.087230 -0.016183 -0.071537 0.012702 0.255231 0.014710 -0.137446 0.066496 -0.026761 -0.043187 0.163088 0.001716 -0.116458 0.233295 -0.078564 -0.122654 -0.004592 0.044838 -0.083737 -0.054316 0.005843 0.084805 -0.156391
-0.013124 -0.109031 -0.127154 -0.101471 0.065524 0.030827 -0.023075 -0.049532 0.020179 -0.091433 -0.038540 0.162799 0.188600 0.200146 0.040068 0.026860 -0.050151 0.031223 -0.125332 -0.068468 0.090723 -0.165393 0.159838 0.057725 0.017683 -0.000386 0.010926 0.014407 -0.169430 -0.082835 -0.108989 0.012671 0.176684 0.028185 0.006081 0.026267 -0.147535 0.094213 -0.221907 -0.002197 0.057337 0.099664 -0.029312 0.075346 -0.037412 0.078242 -0.146247
0.009875 0.090569 -0.035860 -0.035428 0.074787 -0.137255 -0.176069 0.164953 0.109024 0.029145 -0.166924 -0.046176 0.150183 -0.093007 -0.306897 -0.035081 -0.000183 -0.237355 0.010209 0.031463 -0.117296 0.003256 -0.061113 -0.131045 0.071324 0.167277 0.029701 -0.049244 -0.204816 0.038605 0.025198 0.278775 -0.024728 -0.154096 0.028392 -0.165475 0.065655 0.015374 -0.168480 0.097002 0.064451 -0.213560 -0.105502 -0.031796 0.013339 -0.087586 0.225514
0.068909 0.028629 -0.106653 0.093453 0.080827 0.048462 0.023139 0.057712 0.183137 0.035033 -0.228739 -0.098087 -0.151888 -0.180552 -0.118275 0.093963 0.012671 -0.277133 0.088435 0.004353 -0.194686 0.065967 -0.259464 -0.175828 -0.062215 0.019532 0.067632 -0.065562 0.033688 0.180903 -0.335498 0.049906 -0.030654 -0.155088 0.206938 -0.042700 -0.385891 0.032538 -0.225653 -0.213772 0.112217 0.005877 0.040516 -0.150497 0.087760 -0.249487 0.087958
0.067705 -0.034201 0.027442 0.038683 0.005977 0.077221 0.021340 -0.128985 0.032746 0.057506 -0.022836 -0.065981 0.001467 -0.120086 -0.091593 -0.094447 0.003026 0.039710 0.039656 -0.021170 -0.140961 0.048209 -0.030607 -0.211363 -0.062839 -0.084851 0.179459 -0.137821 -0.157982 0.016344 -0.064297 -0.036657 0.197942 -0.018830 0.089543 0.054354 0.015056 0.067315 0.051320 0.042972 0.205850 -0.096586 0.043221 0.024857 0.109051 -0.097992 -0.136344
0.021501 0.038190 0.022658 -0.021496 -0.022370 -0.078187 -0.043359 -0.150962 0.222328 0.009487 0.024876 -0.012122 -0.151176 -0.096819 0.100056 0.017728 0.006465 0.017820 0.006534 -0.067647 -0.179621 0.036272 -0.102944 -0.133191 -0.106457 -0.098589 0.045458 0.015089 -0.039954 0.058649 0.206215 -0.147775 0.197776 -0.019302 -0.030716 0.021347 0.043673 -0.028299 0.034018 -0.030028 -0.065138 0.028120 0.042232 -0.002970 0.049824 -0.077592 0.051711
-0.059803 -0.012075 0.104151 -0.016455 0.163112 0.141590 0.071038 -0.063650 0.186043 0.070899 -0.142419 -0.066718 -0.161862 -0.153634 0.150146 0.028677 0.100794 -0.110808 0.011405 0.009923 -0.298774 -0.052930 -0.239358 -0.194557 -0.058337 -0.166676 0.163555 -0.133011 -0.187715 -0.121559 -0.136413 -0.063829 -0.035252 0.024802 0.017810 -0.030334 -0.073698 -0.108221 0.041251 0.251399 -0.032707 0.023351 -0.008982 -0.041592 0.110578 -0.012623 0.088959
-0.171509 -0.005677 -0.062834 -0.023927 0.104045 -0.148180 0.035068 -0.001203 0.124983 0.077262 -0.128605 -0.088783 -0.206067 0.016287 0.130118 0.057447 0.057916 0.005060 -0.063632 -0.008611 -0.099163 -0.035509 -0.178869 -0.051939 -0.252026 -0.097655 0.026912 0.072065 0.095980 0.032160 -0.043261 0.048849 0.099129 -0.018585 0.081349 0.090125 0.005823 0.039814 0.002972 0.102195 0.019046 0.044177 0.017052 -0.188393 0.021054 -0.001839 -0.009776
-0.056912 0.069355 0.030041 -0.158929 -0.034850 -0.090278 0.036239 -0.061231 0.011804 0.021468 0.036988 -0.045459 -0.093279 -0.083183 0.043910 0.049059 0.135285 0.169218 0.024150 -0.003285 0.005337 -0.100873 0.036900 -0.076077 -0.116683 -0.061099 0.064779 -0.022645 0.024378 -0.080446 -0.021116 -0.034493 -0.005219 0.001169 0.070691 -0.002370 0.071009 0.019105 0.105836 0.208398 0.033677 0.087921 0.031796 -0.186227 0.090130 -0.010881 -0.076044
-0.036879 0.007863 0.068708 -0.149904 0.089376 -0.038824 0.029061 -0.099107 0.036306 0.055541 0.055980 -0.153759 -0.074637 -0.122044 -0.040595 -0.031443 0.117733 -0.014872 -0.045651 0.023852 -0.199941 -0.060904 -0.264615 -0.142142 -0.017578 -0.124259 0.094631 -0.168642 0.026367 0.069442 0.027832 0.071707 0.137874 0.050405 0.004217 -0.137752 0.026298 -0.049259 -0.007696 0.226238 -0.103076 0.078161 0.023093 -0.049127 0.049521 -0.171890 -0.098467
-0.083334 -0.065087 0.034591 -0.013986 0.056086 0.025150 -0.015516 0.016933 0.029635 -0.070431 0.050404 -0.054721 -0.109745 0.027507 -0.045230 -0.080137 0.051675 0.072444 0.024522 0.013807 -0.110221 -0.114073 -0.166349 -0.072430 0.052648 0.012718 -0.034190 -0.138956 -0.031537 0.156376 -0.008264 -0.018127 0.151288 0.029236 0.065391 -0.074395 0.057382 0.071004 0.058598 -0.045493 0.066153 0.016086 -0.168710 0.044928 0.007368 -0.302944 -0.064549
0.036152 -0.152107 0.098902 0.147941 0.128542 0.010398 -0.141053 0.003084 -0.098023 -0.089949 0.098396 -0.054541 -0.081846 -0.183082 -0.189111 0.032050 0.262477 0.029852 0.109228 0.134202 -0.057450 -0.210731 -0.127863 -0.128358 0.009683 -0.133128 0.052502 -0.096970 -0.103416 -0.048520 0.092027 -0.101922 0.127439 0.012323 0.059682 0.075562 0.021506 0.074176 0.072849 0.023334 -0.115675 0.052559 -0.034896 0.013009 0.054344 -0.189537 -0.010658
-0.005502 0.028559 0.056628 0.059851 0.072805 -0.060942 0.015415 0.025057 0.003623 0.036683 0.066856 -0.052842 -0.137847 0.101567 -0.302940 -0.106363 0.091731 0.109713 -0.117398 0.044555 0.037679 -0.223206 0.068315 0.001925 -0.056863 0.088274 -0.018003 0.035395 -0.051858 0.098359 0.089337 0.032871 -0.067334 -0.015945 -0.000176 0.096504 0.043992 -0.019074 0.071449 -0.025934 -0.075940 -0.065322 -0.053376 0.008224 0.064320 -0.346805 -0.189646
0.019561 -0.111813 -0.050659 0.007587 0.119016 -0.081964 -0.028716 0.034292 -0.044183 0.049582 0.145805 0.004899 -0.255552 0.060637 -0.042529 -0.147924 0.030631 0.099302 -0.278226 0.201063 -0.140390 -0.154723 0.024465 -0.064873 0.071374 0.010465 -0.016433 -0.185276 -0.010173 -0.079882 0.053944 -0.000541 -0.046192 0.028743 -0.061830 -0.002781 0.006225 0.050654 0.201355 -0.048088 -0.078353 0.021081 -0.040046 0.021524 0.073980 -0.430494 -0.190840
-0.000420 -0.153572 0.008800 -0.028860 0.208631 0.039600 0.097453 -0.107858 -0.016350 -0.033018 0.058734 -0.054779 -0.233526 -0.023931 -0.198112 -0.140866 -0.179702 0.085966 -0.093581 0.009156 -0.114812 0.045286 -0.089331 0.083172 0.051733 -0.115122 0.023037 -0.342751 -0.020296 -0.032822 -0.060282 0.002079 0.087411 -0.082433 -0.096800 -0.016845 -0.001109 -0.167933 0.027753 -0.204090 -0.072404 0.140268 0.039355 0.068473 0.053569 -0.277695 -0.102487
0.069529 -0.093586 0.031934 -0.085998 0.117282 -0.030264 -0.078271 0.009976 -0.009990 0.237224 -0.004313 -0.011536 -0.382619 0.122006 -0.128672 -0.168176 -0.094434 0.008614 -0.197903 -0.168079 -0.287692 -0.187559 0.055263 0.057489 0.049752 -0.095526 0.032316 -0.302616 0.049406 -0.078123 -0.032198 -0.110745 0.057535 -0.065488 -0.015017 -0.038760 -0.057050 -0.069058 0.113159 -0.103308 0.071818 0.057586 0.041552 -0.113777 0.039253 -0.044313 0.007941
0.140040 -0.344896 0.029061 -0.010048 0.422334 -0.223685 -0.027047 -0.029493 -0.042012 0.218455 -0.155259 -0.119677 -0.184522 0.041243 -0.208463 0.056634 -0.051432 -0.030604 -0.217909 -0.184980 -0.643348 -0.107315 -0.063278 -0.087717 -0.058810 -0.090812 0.088713 -0.361187 0.074459 -0.163948 -0.168584 0.039614 -0.051443 0.070668 -0.005081 -0.057300 -0.127702 -0.052506 -0.062468 0.006212 0.026492 0.070259 0.009205 -0.012439 0.132583 0.165924 -0.131027
-0.017952 -0.465682 -0.185745 0.043798 0.096107 0.061548 -0.047010 -0.216917 0.116098 0.021124 0.212161 -0.219817 -0.156334 0.325189 -0.141745 -0.123334 0.266819 -0.046725 -0.207740 -0.124699 -0.604766 -0.122317 0.159965 -0.162816 -0.038777 -0.310755 0.165112 -0.231344 0.015528 -0.569261 0.016354 -0.280286 0.115963 -0.060738 -0.066364 0.128102 0.133428 0.205908 -0.125588 -0.019792 -0.057969 0.105203 -0.003329 -0.000224 -0.178174 0.018044 -0.271741
-0.126263 0.026474 -0.446048 0.124769 -0.271904 -0.367120 -0.139951 -0.083242 0.005009 -0.184382 0.277858 0.260756 0.054380 0.604204 -0.048830 -0.286338 0.344917 0.068295 -0.097023 -0.139747 -0.319826 -0.352600 0.486053 0.083019 -0.074849 -0.229737 0.187399 -0.206803 -0.103067 0.199849 -0.150490 -0.014123 0.392747 0.186182 -0.053692 0.184120 -0.072946 0.107345 0.080697 -0.321080 -0.059134 -0.222909 0.175983 -0.420341 -0.428853 -0.426841 -0.182270
-0.176812 -0.335908 -0.204482 -0.114084 0.215232 -0.078781 -0.394850 0.193133 0.209021 0.321874 -0.308490 -0.318674 -0.068012 0.173986 -0.152965 0.059116 -0.124295 -0.278656 -0.067001 0.050089 -0.463763 0.156068 -0.948982 -0.938502 -0.194655 -0.070393 -0.055784 -0.529215 0.073235 0.476507 0.315118 0.003034 0.183328 -0.194996 -0.072823 0.213664 0.059947 -0.187093 -0.085712 -0.026502 0.039128 -0.028111 -0.019073 0.244267 -0.035552 -0.450514 0.301410
-0.154332 0.036688 -0.121106 -0.160076 -0.245208 -0.165772 0.019821 -0.147634 0.152129 -0.177619 0.195782 0.089324 -0.187615 -0.143236 -0.190570 -0.040631 0.093505 0.009494 0.019496 0.037916 0.261878 -0.004792 0.298216 0.090898 -0.041662 0.154474 0.358298 0.326687 -0.075643 0.118082 -0.144222 0.230083 0.071757 0.109576 -0.162111 -0.383010 -0.289555 -0.022505 0.129451 -0.393679 0.115829 -0.019962 0.251023 0.148872 -0.153588 0.149411 0.100593
-0.022870 -0.035994 0.027112 -0.101961 -0.023759 -0.181166 -0.129827 0.160986 0.062876 0.066309 -0.194712 -0.036229 0.089897 -0.164473 0.040674 -0.119798 -0.060517 0.049562 -0.045705 0.169329 0.001306 0.189445 -0.222233 -0.166890 -0.005588 0.006249 -0.295664 0.105481 0.018647 0.071459 0.146687 0.053427 0.228900 0.254491 0.178210 -0.043643 -0.357471 0.102056 -0.016941 0.054254 -0.106226 0.325166 0.059508 0.128894 -0.334870 0.170663 -0.200939
0.046443 0.003513 -0.042397 0.304603 0.099806 -0.230720 0.162450 0.001170 -0.192067 0.036720 0.149102 -0.158259 0.092605 -0.516346 -0.120611 -0.052528 0.331271 -0.006048 -0.181050 0.146456 -0.038608 -0.184025 0.459768 0.053170 0.053303 -0.296536 0.324710 0.258577 0.113981 -0.242427 -0.338648 -0.112547 0.002347 0.081907 0.151426 -0.237271 0.009115 -0.133572 -0.023680 -0.140176 -0.200413 0.109803 0.091146 -0.021779 -0.261378 0.155582 -0.032687
0.085159 0.048887 -0.015926 -0.248108 0.098620 0.146156 -0.169832 -0.056385 -0.097947 -0.063182 -0.104110 0.345105 0.148368 0.141307 0.046016 0.072573 0.171865 -0.058771 0.002933 -0.098146 -0.259834 -0.016254 0.188493 0.127265 -0.107316 0.085139 0.089252 -0.032720 -0.146536 -0.001326 0.096108 0.212352 0.043538 -0.155069 -0.046855 -0.369201 -0.068821 0.104386 0.022446 0.036799 0.000572 -0.256344 -0.226523 0.049342 0.045331 0.221382 -0.172693
0.037981 0.007153 0.131811 -0.235274 0.039070 -0.213128 0.050577 -0.194536 -0.134204 -0.093108 0.028550 -0.021593 0.138872 -0.342730 0.054244 -0.061055 0.065650 -0.022905 0.073658 -0.097399 0.091382 -0.028285 0.068850 0.012890 0.100932 0.028395 -0.047837 0.054861 -0.019692 -0.055766 0.034742 -0.149320 0.142620 -0.208633 -0.077338 -0.305882 0.064932 -0.247348 -0.095007 0.050361 -0.020323 0.077729 -0.085315 -0.051982 0.054496 0.059357 -0.079737
-0.004405 -0.034204 -0.146465 -0.076859 -0.263965 -0.211029 0.108448 -0.069069 -0.084921 -0.295445 0.044857 0.217219 0.124671 -0.050886 0.128375 -0.022735 0.168446 -0.081018 -0.030661 0.164498 -0.061563 0.051973 0.149762 0.181869 0.052295 -0.009254 0.147003 0.175677 -0.053833 0.033899 -0.013536 0.161381 0.009152 -0.213056 -0.232598 -0.344645 0.011277 -0.202072 0.022630 -0.234752 0.007622 -0.082452 -0.016431 0.128385 -0.077092 0.129532 -0.033690
0.026035 -0.122709 -0.070127 -0.077719 -0.018966 -0.009985 -0.044860 -0.243715 0.072162 -0.156732 0.060042 -0.050406 0.069881 -0.017222 0.117003 0.016529 0.053607 0.021564 -0.091286 0.000501 -0.094258 0.024726 0.026158 0.143127 0.011734 0.098885 0.008004 -0.046097 -0.189887 -0.132813 -0.031944 0.022906 0.060227 0.061176 0.015450 -0.141619 0.079229 0.009227 0.222049 0.025311 -0.018466 -0.051262 -0.056306 0.068163 0.033699 -0.058807 -0.149160
-0.033553 0.036135 0.017746 -0.253736 0.100562 -0.278973 0.107606 -0.147571 0.011706 -0.116327 0.092538 0.050061 -0.097252 -0.004513 0.072847 -0.026872 0.023409 0.057881 0.040927 -0.078672 0.111556 -0.091771 0.185008 0.040262 0.025279 0.103887 0.074240 0.253789 0.037850 -0.048483 0.027274 -0.055749 0.135838 0.118683 -0.098368 -0.121797 0.021675 0.031441 -0.049480 -0.094829 -0.026379 -0.021458 -0.092031 -0.016021 -0.197388 0.170407 -0.080361
-0.009064 -0.093628 -0.031918 0.025839 0.006494 -0.098739 0.001139 -0.364107 0.007434 -0.033772 0.011453 0.054965 -0.017412 0.061834 -0.039027 -0.005189 -0.051422 0.027521 -0.215660 -0.051857 0.068378 0.227243 -0.152799 -0.046764 0.044625 -0.006468 0.018351 0.087929 0.088519 -0.092974 0.008173 -0.104518 0.070680 0.047048 0.121862 0.160213 -0.061894 0.044885 0.005269 0.109505 0.078235 -0.021940 -0.095068 -0.000761 -0.176958 -0.004196 -0.038296
-0.035357 -0.039606 -0.088483 -0.242187 -0.024729 -0.172131 0.002294 -0.276147 0.022863 -0.041789 0.065823 0.200685 0.043965 0.093522 -0.117291 0.010851 0.134169 -0.044795 -0.221473 -0.096066 -0.162599 0.068612 0.143428 0.177072 -0.031258 0.043395 -0.008323 0.035665 -0.101256 -0.045167 -0.051465 0.075657 0.081176 0.094301 -0.007884 -0.072299 0.070413 0.133790 0.039497 0.071982 -0.009933 -0.042705 0.095617 0.129615 0.047945 0.132396 -0.019161
-0.063067 -0.103470 -0.141079 0.123450 0.090936 0.108675 0.034365 -0.140762 0.176976 -0.054205 -0.027223 0.034987 0.007891 -0.046345 0.121520 -0.064549 0.126649 -0.049449 -0.094503 -0.268804 -0.059152 -0.012134 0.057674 0.211213 0.084681 0.143451 0.230974 0.118995 -0.153292 -0.042539 -0.229344 0.144336 0.133945 0.094546 0.068301 -0.098565 0.048640 0.020482 0.023911 -0.079017 0.038776 0.000675 -0.024452 0.067221 -0.145748 0.047974 -0.066080
0.040908 0.044760 -0.024948 -0.175304 0.131162 0.004094 -0.132522 -0.049764 0.047093 -0.009344 -0.067005 0.187249 0.045820 0.150090 0.027979 0.057330 0.075475 0.025552 -0.009676 -0.204272 -0.009357 -0.072854 0.017484 -0.023508 -0.101650 -0.051325 0.073140 0.068872 -0.140271 -0.015202 -0.063726 0.110475 0.105172 0.048021 -0.051525 -0.042597 -0.065224 0.131764 0.080384 -0.091834 0.125291 -0.035542 -0.034625 0.082385 0.160222 -0.010859 -0.083530
-0.079383 0.066806 -0.155688 -0.089559 -0.250983 -0.130201 -0.109241 -0.132733 -0.089314 -0.005198 -0.012295 0.361613 0.123225 0.105452 -0.087948 0.082406 0.160205 -0.005222 0.066694 -0.061099 0.023733 0.026058 0.265570 0.201023 0.022329 0.029044 0.286913 0.185375 -0.093654 -0.085846 -0.139791 0.096853 0.106541 0.056970 -0.037438 -0.126447 0.097242 0.045756 0.032241 -0.078801 -0.056491 -0.166485 0.036721 0.135541 0.044802 0.070192 -0.021766
-0.048018 0.010691 -0.091587 -0.116582 -0.087349 0.057818 -0.028324 -0.087657 0.193373 -0.010416 0.082087 -0.193913 -0.013922 0.033865 -0.105036 0.099938 0.061411 -0.054069 -0.021350 -0.094270 0.058605 -0.037599 0.012872 0.010142 -0.008676 0.232115 0.061619 -0.047814 -0.301607 0.031951 -0.066248 0.027221 0.128359 0.112420 0.100490 -0.066204 0.062985 0.022644 0.101935 0.116719 -0.061460 -0.029775 0.136668 0.049221 -0.048588 0.059722 -0.036146
-0.005985 0.057442 0.078548 -0.093283 0.111386 0.045381 -0.024833 -0.154555 0.047249 -0.031939 -0.035319 -0.100318 -0.086880 0.115538 0.168487 -0.010460 0.003285 -0.088003 0.043320 -0.116744 0.018677 -0.006942 -0.048198 0.053282 -0.106585 -0.028771 0.159747 0.020661 -0.150339 -0.109991 -0.116044 0.193616 0.149597 -0.068393 0.038271 0.009228 -0.068204 0.080032 -0.048082 -0.120509 0.108861 -0.027650 -0.038395 -0.018400 0.028528 0.047961 -0.012599
-0.117764 -0.017371 -0.103743 -0.224472 -0.050843 0.002481 -0.060415 -0.049541 0.115381 -0.013119 -0.128779 0.159139 0.014778 0.146378 0.026028 0.074708 0.192777 -0.006308 0.005917 0.020422 -0.017907 0.016467 0.117647 0.146881 -0.056634 0.083642 0.146085 -0.001741 -0.031806 -0.067809 0.006693 0.117431 0.013039 0.072416 0.099059 -0.187396 0.002512 0.045314 0.119549 -0.019803 -0.061852 -0.021396 -0.063651 -0.166576 0.044396 0.169799 -0.106532
-0.262451 -0.038072 -0.197586 -0.036012 0.008007 0.016337 -0.029922 0.132761 0.110777 0.044187 -0.036135 0.018717 -0.539604 -0.090575 -0.255040 -0.024228 0.253177 0.051763 0.048819 0.099073 0.078195 -0.076085 0.064644 -0.020752 -0.233625 -0.019947 0.119063 0.181055 -0.070062 0.063500 0.051155 0.037311 0.107438 -0.047091 0.049475 -0.102168 0.112506 0.013542 0.028826 -0.330142 -0.021308 0.037595 0.419278 0.045276 0.134476 -0.149825 -0.088441
-0.084362 -0.102012 0.076212 -0.208638 -0.007181 -0.015069 -0.018257 -0.108266 0.015605 -0.051219 0.013285 -0.147592 -0.109428 0.087680 0.059649 -0.014037 0.161731 0.031216 -0.110676 -0.015502 -0.115206 -0.090956 -0.059436 0.204048 -0.020122 -0.015472 0.170036 0.045538 -0.026047 0.040970 -0.032259 0.087727 0.204652 0.105335 0.131874 -0.027585 -0.097670 -0.257927 0.035552 0.173113 -0.061346 0.004037 0.088255 0.049504 0.014037 -0.073906 -0.075010
-0.096083 -0.080472 -0.067174 -0.065640 -0.037681 -0.010257 0.088803 -0.082333 0.127130 -0.034358 0.149402 0.053917 -0.377957 0.088174 -0.260468 -0.057661 0.067365 0.113285 0.039620 0.050357 -0.005864 -0.172211 -0.130844 0.018206 -0.002073 0.153838 0.247396 0.034874 -0.036348 -0.039461 0.172154 -0.058418 0.154395 0.020259 -0.098229 -0.168487 0.074263 0.101085 0.057756 -0.054049 0.021006 0.059201 -0.088213 0.029130 0.001884 0.110770 -0.233764
0.083341 -0.072215 -0.085366 -0.343522 -0.029761 -0.116393 -0.161277 -0.205032 -0.109905 -0.084999 0.003571 -0.016818 0.041380 0.134635 -0.378132 0.081996 -0.026698 0.031419 -0.026432 -0.015763 -0.293563 -0.066295 0.033439 0.249796 0.123782 0.114691 0.011984 -0.209618 0.036783 0.130521 0.000284 0.095027 0.282590 0.008153 -0.028969 -0.285134 -0.049052 0.026859 0.243535 -0.126381 -0.030737 -0.007821 -0.092885 0.031707 0.010755 0.028700 -0.062713
-0.011386 0.016109 -0.056752 0.050338 -0.233388 -0.105655 0.119498 -0.208724 -0.082766 -0.036511 0.038925 -0.092811 -0.382212 0.114344 -0.270424 -0.011158 0.033908 0.119211 0.111208 0.092827 0.180399 -0.348610 -0.001689 -0.117413 -0.028105 0.214482 0.165915 0.132825 0.053705 0.087939 0.240767 0.033735 0.120870 0.083421 0.090903 -0.048046 0.064499 0.026162 0.238940 -0.063891 0.034287 0.122244 -0.025081 -0.074301 -0.161867 -0.179935 -0.079191
0.032411 -0.037582 -0.226849 0.089396 0.029639 0.139188 0.104043 -0.031699 0.102688 -0.002075 0.063632 -0.050594 -0.225468 0.073084 -0.355697 -0.295099 -0.010403 -0.071073 0.015798 0.110819 -0.180380 -0.120780 0.292500 -0.090600 0.104899 -0.401017 -0.007294 0.055196 -0.202731 0.003588 -0.053130 -0.047882 0.063831 -0.141034 0.012992 -0.102529 0.000661 0.156928 0.084289 -0.442549 0.020780 0.094883 0.080101 0.079684 0.123301 -0.192719 -0.135469
-0.020366 -0.198071 -0.072733 0.065154 0.252656 -0.038974 0.105296 -0.281207 -0.217195 -0.055240 0.053985 -0.043899 -0.322106 0.071506 -0.179832 -0.013424 -0.091045 0.120604 -0.040798 -0.054272 -0.181784 -0.004696 0.051420 0.155546 0.066735 -0.028139 0.115937 -0.347986 0.083962 0.047489 -0.010256 -0.039269 0.105170 0.132924 -0.109551 -0.189904 0.071553 -0.002807 -0.038288 -0.133088 -0.135620 0.005854 -0.017394 0.009524 0.050701 -0.228795 -0.238426
-0.012837 0.076835 -0.108597 -0.003213 -0.062962 0.044253 -0.007088 -0.048380 -0.137538 0.082700 -0.091209 -0.000293 -0.362744 0.082610 -0.336963 0.126864 -0.006908 0.112904 -0.033536 0.008103 0.031954 -0.154095 0.065481 0.070934 0.044274 0.057201 0.030572 -0.068549 0.073896 -0.027382 -0.031222 0.039662 0.114779 0.076311 -0.030108 -0.260944 0.072569 -0.051290 0.040451 -0.131661 -0.228681 0.211043 0.200227 -0.027512 -0.095293 -0.162912 -0.129915
0.080177 -0.186212 -0.146562 0.013462 0.056092 -0.020140 -0.030203 -0.068505 -0.062094 0.115004 -0.009316 -0.149827 0.005433 -0.006902 -0.265167 0.030731 -0.009544 0.231731 0.026275 -0.296031 -0.344812 0.030244 0.062112 0.119891 0.041083 0.040463 0.049615 -0.252893 0.040946 -0.471243 -0.131718 0.220664 0.031264 0.009797 0.234195 -0.030121 -0.081254 -0.035324 0.011878 -0.013960 -0.054543 0.026159 0.147465 -0.006404 -0.098579 0.003476 0.119907
0.035938 -0.240272 -0.290635 -0.132169 -0.061289 -0.091477 -0.168459 -0.549212 -0.071610 -0.091811 0.113516 0.165156 0.115506 0.267648 -0.579005 0.083129 0.272878 -0.040265 0.023218 -0.306541 -0.236689 -0.062079 0.131601 0.242889 0.046286 0.037237 0.194580 0.115062 -0.148877 -0.141007 -0.024869 0.038904 0.233539 0.043864 0.013041 -0.089454 -0.146803 0.331333 -0.059454 -0.168783 -0.209457 -0.107205 0.112209 -0.164076 0.000104 -0.021872 -0.344362
0.147291 0.043842 -0.066182 0.220097 0.215641 0.166156 -0.127912 -0.205280 -0.277390 -0.077167 -0.042940 0.056289 0.226736 -0.128963 0.061321 0.046081 -0.344882 -0.206320 0.006326 -0.021477 0.063841 -0.214205 0.271308 0.059716 -0.011618 0.074912 0.337729 -0.361973 -0.057560 0.169353 -0.059599 0.213175 0.192024 0.226795 -0.386609 -0.038634 0.060718 -0.122046 0.192777 -0.735454 -0.097409 -0.461870 -0.088559 -0.004089 -0.161054 -0.119562 -0.217051
0.045927 -0.030055 0.058403 -0.755744 0.298558 -0.256459 -0.605357 -0.312768 -0.277253 -0.117607 -0.022504 -0.251502 0.202534 0.145095 -0.572572 0.065994 -0.241461 0.118400 -0.009121 0.036789 -0.327471 0.016621 -0.057202 0.452645 0.083183 0.241865 0.066193 -0.104758 -0.123079 0.195797 0.181211 0.174201 0.442184 -0.030835 0.085784 -0.446319 -0.287554 -0.235939 0.368875 -0.057685 -0.060905 -0.263555 -0.333239 0.163116 -0.171752 0.137797 -0.039417
0.103436 -0.044257 -0.605551 -0.043183 -0.196447 0.329651 -0.138887 -0.381974 0.025992 -0.101245 0.075331 -0.060661 -0.026522 0.119293 -0.712001 -0.227688 -0.231376 -0.292068 -0.015287 0.237119 -0.235070 0.033466 0.158087 0.072905 0.150223 -0.228813 0.052859 -0.406587 -0.162850 -0.070356 -0.155774 0.154607 0.372416 -0.120390 0.015633 -0.263645 0.066782 0.076463 0.110541 -0.742110 -0.194767 0.169119 -0.023379 0.157207 -0.272247 -0.037517 -0.015980
0.035673 -0.005366 0.060461 -0.314059 0.162162 -0.005704 -0.430714 -0.558409 -0.533414 -0.140824 0.006839 -0.386269 0.057904 -0.023126 0.201019 -0.063066 -0.344244 -0.072447 -0.296561 0.234076 -0.116606 0.118512 -0.072880 0.112443 0.055218 0.181336 0.159983 0.187769 -0.248608 -0.032777 -0.122995 0.011964 0.175903 0.326105 -0.008339 -0.139662 0.151438 -0.345241 0.312651 -0.092404 -0.108254 -0.188547 0.103022 0.055451 0.056444 -0.158884 0.002966
-0.092554 -0.132099 0.297150 -0.126539 0.124678 -0.246461 -0.124174 -0.251756 -0.077029 -0.187517 0.078014 -0.033205 -0.120552 -0.316227 -0.144618 0.006595 0.325619 0.241548 -0.026211 -0.099606 -0.097267 0.039235 0.220255 0.381860 0.155218 0.338598 0.252303 -0.155704 -0.303062 -0.417936 0.232212 0.150179 0.084999 0.127350 0.075770 -0.361456 0.044822 -0.317292 0.258165 0.128776 -0.014800 -0.278430 0.009182 -0.323378 -0.309113 0.066754 -0.363836
0.027305 -0.035137 0.036225 -0.477778 0.167592 -0.101161 -0.073950 -0.588880 -0.169888 0.066968 -0.030860 -0.010839 0.040183 -0.052546 0.047725 -0.109572 -0.020167 -0.125269 0.113928 -0.041105 -0.182588 -0.121422 0.090480 0.097135 0.102628 0.139227 0.084761 0.179054 -0.105580 -0.040557 -0.021914 -0.024564 0.255368 -0.185092 -0.260285 -0.305479 0.135905 0.058831 0.177786 -0.011024 -0.090595 -0.104836 -0.371163 0.005093 -0.220706 0.071870 -0.235149
0.019909 0.194825 -0.073366 0.104264 0.020998 0.000851 0.010256 -0.144550 -0.037897 0.087315 0.064804 0.102875 -0.114044 0.035736 -0.086766 -0.029068 0.093359 -0.109716 -0.118183 0.122007 -0.131026 0.028360 -0.011594 -0.018929 0.050056 0.015246 0.042521 -0.087816 -0.016232 -0.114419 0.049041 -0.091810 0.073136 -0.153288 0.045935 -0.097777 0.044055 0.083160 0.028700 -0.050636 -0.204817 0.011698 0.048407 0.008856 0.089567 -0.086443 -0.204951
-0.082543 0.052964 0.045456 -0.237596 -0.241060 -0.081513 -0.120365 0.001554 -0.089672 -0.048450 -0.066939 -0.285585 0.345652 -0.077545 -0.134186 0.020791 -0.133726 0.051886 -0.170886 -0.121964 -0.075321 0.157903 0.066740 0.006368 -0.008439 0.111245 0.015429 0.019475 -0.050137 -0.121962 0.084044 0.039033 0.019696 -0.184308 -0.061182 0.081102 0.139983 -0.296458 0.058182 0.081047 0.135062 -0.173304 0.057049 0.036799 0.007958 0.157527 -0.080909
-0.020582 0.027008 -0.015852 -0.012634 -0.004163 -0.058931 0.132388 -0.276409 -0.099539 -0.535805 -0.027635 -0.094854 0.079055 0.084303 -0.061943 -0.069715 0.106760 -0.116590 -0.136731 -0.102981 0.111230 0.116702 -0.298477 0.007935 -0.007614 -0.368296 -0.006560 -0.072771 0.183144 0.092742 -0.090304 -0.063791 -0.178290 0.049065 -0.067841 0.023251 0.068145 0.073187 -0.054854 0.007089 0.122393 -0.097417 -0.043894 0.063924 -0.027649 0.227571 0.122812
0.059866 -0.079316 -0.011067 0.042024 -0.029167 -0.074886 0.060782 -0.003776 -0.002622 0.045731 0.038360 -0.054863 -0.092823 -0.009638 -0.248167 -0.134253 -0.070999 0.040594 -0.091585 0.068513 -0.131424 -0.073262 0.046204 0.040629 -0.004819 0.039527 -0.048542 -0.012558 -0.102783 -0.050135 0.108650 0.019442 0.001390 0.027966 0.081303 -0.054778 0.067975 0.089275 0.006496 -0.056776 -0.137864 -0.002650 -0.046552 0.076385 -0.046725 -0.017121 -0.104552
-0.052871 -0.012902 0.045713 -0.102507 -0.209385 -0.010766 0.109428 -0.195994 -0.081717 -0.121918 -0.012800 0.074001 0.061915 -0.000063 -0.055750 0.051092 0.024361 -0.023587 0.057315 0.037550 -0.028530 0.047057 -0.106557 0.042751 -0.038104 0.036454 0.014789 0.038147 0.044221 -0.060946 0.056047 -0.009133 -0.032444 0.049837 -0.016019 0.005624 0.022903 0.069192 -0.007498 0.124533 0.041432 0.137587 0.033220 0.014533 -0.188157 0.219099 0.080691
-0.058299 0.150727 -0.108322 -0.001102 0.090605 0.019996 0.032999 -0.093052 0.036015 0.025254 -0.108205 -0.001828 -0.029892 0.024971 -0.084143 -0.081857 0.026906 0.069087 -0.112011 0.018410 0.011158 0.061840 -0.003829 0.066688 -0.002506 0.013750 0.006601 -0.030129 -0.009732 -0.086841 0.070759 0.038492 -0.029997 -0.229726 0.070241 0.015148 0.098611 0.020693 -0.036683 -0.034652 -0.124439 0.045165 0.055087 -0.011030 0.056641 0.060402 -0.109973
-0.031344 0.009788 -0.033204 -0.078939 0.006955 -0.044108 0.117299 0.045309 -0.041553 -0.061490 -0.080711 0.117351 -0.012350 -0.048753 -0.051648 -0.055758 -0.180033 0.027419 0.009926 -0.096329 -0.163497 0.034524 0.068895 0.010601 0.029297 0.120482 0.143720 0.081302 -0.058482 0.076498 -0.019964 0.065775 0.028165 0.096585 0.008014 -0.052836 0.134291 0.115756 -0.069989 0.031827 -0.034202 0.078126 0.006765 -0.048369 -0.065515 0.176794 -0.067850
-0.297658 0.059848 0.022583 0.099184 -0.427281 -0.003695 0.184683 -0.383914 0.078994 -0.002928 -0.015887 0.070071 -0.009508 0.016585 0.029702 0.039007 -0.089899 -0.229754 0.044473 0.293677 -0.295059 0.058380 0.086056 -0.294580 -0.148684 -0.067746 -0.364621 -0.100063 -0.000456 0.240614 0.155665 -0.085328 -0.574743 0.196215 0.086553 0.030477 -0.061462 0.115421 0.041084 -0.129976 0.175199 0.068881 0.120393 0.088827 -0.073515 -0.169595 0.042901
-0.176636 0.056518 -0.063583 -0.034498 -0.065558 -0.091378 0.067967 0.003089 0.077311 0.038351 -0.163477 0.142627 -0.083007 -0.090352 0.101784 0.036094 -0.104374 0.062600 -0.091714 0.028135 0.094045 -0.000425 0.031777 -0.061221 0.000315 -0.020461 0.090744 -0.055572 -0.099739 0.032265 -0.001704 0.022907 0.046722 -0.001769 0.038167 -0.028464 0.046329 0.032283 0.112169 -0.083065 0.127535 -0.066332 0.090314 -0.035376 -0.045528 0.143110 -0.021641
-0.033506 0.082976 -0.045828 0.016987 0.030948 -0.089760 0.016908 -0.065934 0.017460 -0.016217 -0.079552 0.072781 -0.092164 0.009299 -0.029008 0.089691 -0.021925 -0.000813 0.033245 -0.067887 0.153260 0.002743 -0.000704 -0.028176 -0.033163 -0.153282 0.017873 -0.020077 -0.005100 -0.057802 -0.037972 0.001364 0.043640 -0.046580 0.013242 -0.087413 0.061572 0.068175 0.090081 -0.120445 -0.004379 0.049887 0.002721 0.026050 0.109430 -0.104532 -0.053675
-0.096571 0.074413 0.088562 0.039991 -0.058863 -0.119025 0.014712 0.010968 -0.071458 -0.067856 -0.098495 -0.045857 0.079125 0.008862 -0.100851 -0.050102 0.006414 -0.170137 0.086528 -0.089720 0.007579 0.053762 0.072186 0.065687 -0.206971 0.156740 -0.061426 0.107045 0.005231 -0.041977 0.090614 0.102691 -0.009789 0.137251 -0.121943 0.015515 0.114496 0.110980 -0.120203 -0.066017 -0.000831 0.077594 -0.108554 -0.066480 -0.013634 0.223002 -0.068726
-0.023958 0.020255 0.009819 0.004720 -0.031630 -0.048105 -0.046978 0.096055 0.016715 0.061311 0.001403 -0.076022 -0.036957 -0.014174 -0.243850 -0.052083 0.002382 0.029904 0.001393 0.032933 -0.154190 -0.144601 0.150220 0.024851 -0.005343 0.091008 -0.016602 -0.050291 -0.116553 -0.084433 0.046976 0.018480 0.020851 0.057393 0.067439 -0.066225 0.041796 0.013145 0.081405 -0.069323 -0.006530 0.056174 0.001953 0.034291 0.076242 0.001283 -0.150992
-0.026853 0.035584 0.021782 -0.025594 -0.055330 0.070645 0.109794 0.002478 -0.145410 0.056679 -0.045962 -0.087487 -0.071735 -0.065080 -0.300265 -0.228617 -0.026799 0.023436 -0.048416 -0.006659 -0.136992 -0.011722 0.017198 0.061654 -0.016057 0.104529 -0.017913 -0.121151 0.029485 -0.089015 0.082594 0.017971 0.016597 -0.007831 0.027433 0.000528 0.064035 0.060321 0.100530 -0.096110 -0.068658 0.058405 0.107490 -0.059698 -0.054840 0.132422 -0.165997
0.041689 0.192206 0.125724 0.178170 -0.046388 0.074952 0.208965 -0.039564 -0.205435 -0.083227 0.036713 -0.060458 -0.056814 -0.113136 -0.295502 -0.202094 -0.070037 -0.164494 -0.205735 0.058400 0.002623 -0.323211 0.017068 -0.062979 0.046893 -0.103101 0.042637 -0.056055 -0.051056 0.147595 0.062198 0.009025 -0.032026 0.257549 -0.008209 0.128862 -0.071865 0.043148 -0.070147 -0.356939 -0.017371 0.042198 -0.080131 -0.027953 0.056078 0.178148 -0.030601
0.036052 -0.033436 -0.031163 -0.009214 -0.021072 -0.069618 -0.045989 -0.039266 0.075697 0.006066 0.056153 -0.025912 -0.115223 -0.052204 -0.078502 -0.002710 0.039058 0.041793 -0.024160 0.022510 0.017278 -0.135604 -0.045048 -0.028345 -0.016723 0.025281 -0.000482 -0.087936 0.014412 0.053879 -0.005118 -0.007485 -0.015757 0.033780 -0.019497 -0.135531 0.037602 0.011864 0.063806 0.015977 -0.013083 0.061864 -0.134698 0.108144 -0.007307 0.028348 -0.122883
0.063526 -0.057682 -0.023006 0.004451 0.044743 -0.103193 0.021061 0.091894 -0.003193 0.060994 0.045570 0.024001 -0.052623 0.040841 -0.094830 -0.105596 0.062528 0.095768 0.033072 0.043832 -0.174277 -0.213311 0.023349 -0.053083 0.005725 0.115558 0.003656 -0.070217 -0.010528 -0.086033 0.008302 0.038404 -0.000910 -0.008777 0.035134 -0.153219 0.156915 -0.012695 0.062635 -0.103804 -0.142499 0.076657 0.059776 -0.028031 0.016752 -0.131439 -0.115849
0.010592 0.143712 -0.193542 -0.132937 0.089095 0.037189 0.113489 0.129628 0.095329 -0.086877 -0.026958 0.189302 0.117217 -0.010624 -0.093889 -0.229028 0.069111 0.061926 0.089227 -0.193059 0.085254 0.072167 -0.062809 0.054470 0.011150 0.001835 -0.110113 0.163984 0.054000 -0.218834 0.126252 0.088046 -0.190001 0.104847 -0.219186 -0.022253 -0.118070 -0.055991 0.097957 0.032915 -0.008736 0.017233 0.004591 0.097022 -0.141422 0.170465 -0.063672
0.029807 0.081122 0.069831 -0.010393 -0.337633 -0.150844 -0.252310 0.104093 -0.349668 -0.132208 0.148106 -0.064363 -0.092856 -0.200885 -0.175390 -0.029987 -0.022140 -0.298863 0.080193 0.097109 -0.477945 -0.104795 -0.057471 0.398583 -0.109567 0.097756 -0.279979 -0.396909 0.053184 0.131874 -0.020599 0.141540 -0.145713 0.088119 0.225181 0.093267 0.162716 -0.508312 -0.071337 -0.511708 -0.190451 0.005514 -0.340040 0.190581 -0.060935 -0.294538 0.094701
-0.005307 -0.244924 0.115554 0.292700 0.049838 -0.086495 -0.008910 0.076570 -0.157804 -0.246119 -0.119436 -0.251627 0.014440 0.004429 -0.522416 0.037953 -0.039283 -0.182981 0.129374 0.116672 0.034608 -0.106414 0.059400 0.046136 0.062865 0.067416 -0.141102 -0.218847 -0.285629 0.136727 0.168749 0.139301 0.063364 0.151058 0.062835 0.084121 0.014828 0.010681 -0.238232 -0.315604 -0.152178 -0.085881 0.095307 0.197165 -0.047309 0.192170 -0.194714
-0.014418 0.104763 0.062507 -0.051012 0.048693 0.025260 -0.187713 0.105660 -0.198038 -0.095022 -0.171446 -0.164053 0.002710 -0.011289 -0.021017 -0.124765 -0.061603 0.032693 0.121175 0.171480 -0.062750 -0.152033 0.217639 0.261829 0.007571 -0.047135 0.033919 -0.149676 0.125810 0.165029 -0.096456 0.079083 -0.277768 -0.040653 0.050500 0.003826 0.008754 -0.369033 -0.052910 -0.010324 -0.161992 -0.069837 -0.280721 0.054379 -0.104509 -0.008027 0.119762
-0.038116 -0.064749 0.035666 0.121530 0.009631 0.017151 0.006469 0.162190 -0.173633 -0.093593 0.041705 0.064753 -0.158423 0.007394 -0.066614 -0.060680 -0.221810 0.164400 0.079163 -0.230057 0.080654 -0.181166 -0.014446 0.101479 -0.014345 0.019724 0.043770 0.067763 -0.102961 0.051020 0.069875 -0.080141 -0.065792 -0.085067 0.062712 0.116535 -0.001320 -0.027267 0.073740 0.110668 0.025433 -0.179247 0.055115 -0.029333 0.013373 -0.108745 0.174106
-0.000652 -0.037687 -0.066707 -0.092172 0.016120 0.050921 -0.140277 -0.105643 -0.043448 0.047002 0.011167 0.050337 -0.114547 0.024887 0.071168 0.025469 0.026965 0.037470 0.040650 -0.102656 0.039046 -0.126591 0.122813 0.141776 -0.028787 0.070733 -0.007039 -0.011155 0.009994 -0.009192 -0.060302 -0.076893 0.036877 -0.056783 -0.009192 -0.010330 -0.083411 0.043866 -0.023531 -0.006722 -0.024539 0.047673 -0.071887 -0.072124 0.047926 0.002333 0.051672
0.053540 0.186399 -0.076888 0.063805 -0.175017 -0.166407 -0.157894 0.093732 -0.056496 -0.165403 -0.225701 0.031651 0.070252 0.220242 -0.035577 -0.163596 -0.018992 -0.145021 0.123052 0.089893 -0.164009 0.110808 0.129692 0.048493 0.006813 -0.066977 -0.117801 0.059502 0.098483 0.043259 0.016935 0.022914 -0.116751 0.135346 -0.039793 -0.097177 -0.021065 -0.130046 -0.211184 0.019010 0.084026 -0.124696 -0.190679 0.082620 0.000695 0.180255 0.087760
-0.253295 -0.122339 0.233751 0.148488 -0.131109 -0.139449 -0.107307 0.160456 -0.165939 -0.114053 -0.195039 -0.043161 0.043917 0.092225 -0.154718 -0.176070 -0.144034 -0.375550 0.101375 0.063167 -0.065834 -0.319469 -0.037399 0.151425 0.065224 0.051094 -0.004138 -0.023122 -0.161571 0.115250 0.053281 0.269772 0.165880 0.030726 -0.106665 0.156569 0.082429 -0.514481 -0.103369 -0.223371 -0.020558 -0.147677 -0.113364 0.097751 -0.160382 -0.102971 -0.077269
0.008959 0.015061 -0.068335 -0.148156 -0.119117 0.029023 -0.140142 -0.078680 0.049424 0.129653 -0.495196 -0.616421 0.054848 -0.196431 -0.051469 -0.276859 0.075325 -0.175288 0.079897 0.111820 -0.183790 0.035085 -0.113468 0.359925 0.015095 -0.081291 0.178702 -0.285178 0.104788 -0.008410 -0.022557 -0.052632 -0.363108 0.065186 0.056096 -0.033193 0.104717 -0.395887 -0.035072 -0.108401 -0.069188 0.024698 -0.766836 0.328775 0.061542 0.209302 -0.037578
-0.131100 -0.179445 -0.088951 -0.097600 0.195946 -0.037647 0.215245 0.418939 -0.246897 -0.136822 -0.225724 0.082232 0.137629 0.128621 -0.214938 0.131154 -0.025627 0.059907 -0.081869 -0.281785 -0.069071 0.319825 -0.137851 0.033393 -0.130442 0.027854 -0.263135 -0.132601 -0.111415 -0.099283 0.099092 0.059332 -0.102119 -0.220786 -0.122488 -0.147295 -0.082886 0.128526 -0.373038 -0.333171 -0.051572 -0.407111 0.159099 0.023264 -0.311681 -0.104868 -0.276458
-0.230372 0.069085 0.234621 0.184958 0.030493 -0.195345 0.164517 -0.042466 -0.633260 -0.691572 -0.291551 -0.326618 -0.466672 -0.316297 -0.232374 0.050812 -0.302027 0.056323 0.126649 0.047384 0.156254 0.350261 0.001130 0.084651 -0.510549 -0.356798 -0.435526 -0.446553 -0.457552 -0.014544 0.020675 0.168639 0.068552 -0.144940 0.014564 -0.211503 -0.356282 0.058230 -0.159650 -0.312538 0.093360 -0.632304 0.082742 0.000286 -0.670017 -0.010340 0.093411
0.091969 0.030220 0.038101 -0.072507 0.084921 -0.030738 -0.168041 0.129740 -0.003244 0.040340 0.035781 -0.113537 -0.058083 0.160131 -0.040628 0.063558 0.100832 0.122110 -0.011307 -0.014576 -0.055735 -0.098321 0.090143 0.148461 0.006559 -0.088524 0.144073 -0.004788 0.077092 0.163356 -0.096311 -0.118766 -0.137683 -0.068846 -0.005467 -0.054875 0.003496 -0.319072 0.112067 -0.087961 -0.052048 -0.126245 -0.319561 0.086627 -0.056621 -0.036925 0.098461
-0.034653 0.364226 0.257041 -0.132002 -0.076036 -0.142089 0.077683 0.197812 -0.369148 -0.376984 -0.072894 -0.231618 -0.074222 0.189335 -0.188455 -0.048693 -0.044512 0.065961 0.039134 0.283226 0.057181 -0.032718 -0.030627 0.083612 0.008723 -0.137068 -0.033842 -0.089163 -0.006029 0.155783 0.027036 0.115093 0.047160 -0.056306 0.053210 0.063168 0.100688 0.039336 -0.147690 -0.049783 -0.101015 -0.419732 0.161648 -0.010896 -0.619084 0.109161 -0.081652
-0.009041 0.276909 0.010136 0.207738 -0.188951 -0.064970 0.082860 -0.076472 -0.310848 -0.059155 0.118796 0.267207 -0.129714 0.119249 0.036265 0.013176 -0.074877 -0.012450 0.049330 0.161239 -0.052225 -0.113924 0.090208 0.012323 -0.061247 -0.088199 -0.080346 0.151570 -0.283533 0.105634 0.031336 0.120685 -0.129296 -0.083805 -0.158235 0.130899 0.103699 -0.072595 0.047110 -0.192213 -0.046597 -0.104120 -0.235300 0.055535 0.044870 -0.099521 0.189206
-0.032038 -0.051079 0.042102 -0.042741 0.210083 -0.210665 0.010387 0.019254 0.024481 -0.159870 0.026487 0.000766 0.016497 0.041304 0.084468 -0.062004 -0.026931 0.116346 -0.076039 -0.083342 -0.107172 0.086526 -0.006278 0.066561 0.051635 0.054796 -0.068503 -0.042661 0.133709 -0.006497 0.013045 0.044732 0.100929 -0.051974 -0.084803 0.112785 -0.005600 -0.025011 0.031195 0.026038 0.073730 -0.258245 0.023223 -0.027427 -0.186079 -0.020405 -0.006070
-0.017350 0.291830 -0.049010 0.089577 0.101372 0.062988 0.116219 -0.056519 -0.278389 -0.195777 0.015404 -0.016529 -0.078993 0.126073 -0.002768 -0.084940 0.061900 0.018307 -0.011539 0.102509 0.095339 -0.027260 0.056282 0.016332 0.026669 -0.028317 0.162162 0.039837 -0.127994 0.085221 -0.001270 -0.063853 -0.050459 -0.187523 0.083277 0.065467 0.179736 0.099031 -0.178907 -0.184211 0.038852 -0.186726 0.119136 0.030016 -0.203703 0.026427 0.003976
0.044940 -0.096020 0.200380 0.001497 0.108974 -0.131844 -0.319918 0.380888 -0.090251 0.071412 -0.117241 -0.201467 -0.052948 0.066833 -0.316236 -0.339065 -0.477446 -0.260445 0.011443 0.029606 0.170159 0.044089 -0.358659 0.085840 0.003551 0.068353 -0.185261 0.093306 -0.234547 -0.049469 0.192407 0.126898 -0.020065 -0.188471 0.326111 -0.040604 -0.005715 0.036269 0.005747 -0.207069 -0.117312 -0.030753 -0.071073 0.096086 0.148875 0.076315 -0.123716
0.017825 -0.075277 0.110275 -0.193953 0.025056 0.072385 -0.061871 -0.261328 -0.011104 0.014003 0.101829 0.045659 0.044456 0.033846 0.092643 0.140906 -0.044507 -0.043642 0.105037 -0.092005 0.054293 -0.140927 0.113579 -0.136856 0.061509 -0.062199 -0.029235 0.127373 -0.048387 -0.135551 -0.047827 0.057408 -0.016664 -0.117409 -0.112417 -0.179439 0.053905 0.003748 0.026752 0.034828 0.113117 -0.104594 0.062040 -0.052360 -0.052189 -0.000536 0.048740
0.025066 0.032005 0.100850 -0.322964 -0.081496 -0.052867 0.042695 -0.131990 0.042819 0.101225 0.000857 -0.225853 -0.074016 0.046250 0.024327 0.105796 -0.308813 -0.044088 0.130589 -0.321059 -0.052184 -0.112182 -0.377074 -0.054030 0.050103 0.220484 0.162559 -0.081009 0.012427 -0.125419 -0.103425 0.121046 0.256720 -0.006749 -0.089946 -0.101020 0.035854 0.187010 -0.028181 -0.070458 -0.080961 -0.131856 0.069840 0.047786 0.033745 0.143407 -0.051585
-0.083315 0.032487 0.069304 0.033900 -0.104517 -0.110964 -0.034355 0.023500 -0.002094 0.094090 0.091954 -0.106944 0.210089 0.061311 -0.140768 -0.066513 -0.067517 -0.010030 0.072318 0.069768 -0.193169 0.010816 0.113519 0.076859 0.066899 -0.084724 0.049704 -0.142450 -0.099864 0.055747 -0.065196 0.011526 -0.129787 -0.125902 0.073708 0.002669 -0.085333 -0.064215 -0.058549 -0.022407 -0.064926 -0.004798 -0.040147 0.080691 -0.004148 -0.037458 -0.011797
-0.033616 -0.072761 -0.004368 -0.015725 -0.005988 0.072641 0.122353 -0.171574 0.159284 0.054982 -0.163121 0.029572 -0.140573 0.166939 0.233778 0.136679 -0.019774 -0.065177 0.013332 -0.021219 0.060915 0.005876 0.088992 -0.088603 -0.095480 0.107782 0.057886 0.107926 0.053037 -0.022439 -0.014990 -0.092728 0.160883 0.108453 -0.110633 -0.032881 -0.065983 -0.040316 -0.137494 0.036910 0.081620 -0.164767 0.097116 -0.141764 -0.029302 0.038707 -0.193912
-0.107010 -0.009838 0.015169 -0.023959 0.046532 -0.113819 -0.050032 -0.012794 -0.041668 0.009253 -0.050473 -0.023563 0.069690 -0.018946 0.125738 -0.030530 -0.102717 -0.006390 0.031279 0.035642 0.110972 0.041506 0.008863 0.033609 -0.043961 -0.080482 -0.164036 -0.011938 -0.107331 -0.038624 -0.084580 -0.049168 0.019388 0.033348 -0.035534 -0.001992 0.029180 -0.088014 -0.007555 -0.110445 -0.018000 0.018178 -0.137947 -0.059840 0.103719 0.018265 0.055792
0.029227 -0.049265 0.175673 -0.076818 -0.144703 -0.087311 -0.059298 0.052980 -0.198700 0.036545 -0.046736 -0.266101 0.011647 0.110103 0.051749 0.105310 0.072596 -0.081088 0.069865 -0.079178 0.125613 0.051254 -0.142840 0.211597 -0.049780 0.146965 0.018291 -0.185482 0.073187 -0.035264 0.177387 0.032878 -0.079757 -0.086442 -0.003897 -0.214512 0.072103 -0.215221 -0.034423 -0.084925 0.041775 0.037102 -0.059579 0.000673 0.030570 -0.055296 -0.205978
0.010526 -0.098375 0.146337 -0.070343 0.002342 0.048108 0.092534 -0.080072 0.096365 0.090462 -0.117940 -0.196957 -0.075281 0.149348 -0.024485 0.126570 -0.099583 -0.163608 0.105131 -0.188900 0.229622 -0.180604 -0.220741 -0.102811 0.028075 -0.031967 0.199670 0.041093 0.007439 -0.198392 -0.093889 -0.023736 0.301946 0.049708 -0.151750 -0.054253 -0.090831 -0.073856 -0.097847 -0.072317 -0.032286 -0.071261 0.003238 0.006627 0.050215 0.266305 -0.254979
0.058155 0.040139 0.088766 -0.093253 0.048709 -0.080622 -0.113405 -0.084415 -0.225089 -0.020738 -0.003673 -0.142295 -0.147921 0.090205 -0.041359 -0.105854 -0.058392 -0.040165 0.049353 -0.073615 0.084259 -0.011996 -0.018163 -0.064852 0.073393 -0.101037 0.262150 -0.115773 0.111494 0.034439 0.126780 0.115243 0.000432 -0.035589 0.039334 -0.045206 0.003673 -0.187738 0.185965 -0.204772 -0.155254 0.001398 0.076497 0.045284 0.005971 0.095885 0.002303
0.018266 0.104391 0.005629 0.140486 0.047640 -0.072372 -0.180290 0.311189 -0.207975 0.122651 -0.071475 -0.302454 0.175302 -0.082962 -0.192876 -0.123331 -0.258330 -0.043488 0.077374 0.364954 -0.080309 -0.234732 -0.038576 0.062463 -0.054221 -0.133817 -0.057849 -0.005603 -0.146497 0.002284 0.081381 0.006331 -0.012737 -0.100721 0.070757 0.151766 0.021510 -0.001106 0.116969 -0.238577 -0.086064 0.061507 -0.096603 0.172068 0.028320 -0.029985 0.097842
-0.145449 0.149249 0.050225 0.186835 -0.074307 -0.048615 -0.087438 0.168463 -0.132222 -0.023361 0.182564 -0.096947 -0.202104 -0.234399 -0.259706 -0.379039 -0.231179 -0.021485 0.153980 0.322768 -0.162576 0.153515 -0.153082 0.116038 -0.098847 -0.302357 -0.146504 -0.130972 0.018315 0.149071 0.077019 0.083915 -0.086659 -0.139412 0.070467 -0.137660 -0.072045 -0.014296 0.077639 -0.003833 0.104005 0.050540 0.009193 0.209650 0.004586 0.005969 0.187936
-0.010648 0.088868 0.016574 0.152704 0.034841 -0.102259 -0.005327 0.190863 -0.183931 -0.105450 0.056949 -0.148383 -0.094726 0.043267 -0.144516 -0.001027 0.057979 0.063943 -0.004002 0.048925 0.065741 -0.050418 0.033855 -0.014513 0.074219 -0.048598 0.117458 -0.057498 -0.002573 -0.000318 0.054709 -0.010095 -0.002915 -0.058893 0.087055 0.043882 -0.062263 0.020756 0.035670 0.004786 -0.104619 0.047053 -0.032862 -0.013361 -0.040446 -0.081863 -0.004104
0.019643 -0.024936 -0.097199 0.075987 -0.115585 -0.082066 0.259045 0.181480 -0.258520 0.032041 0.109912 -0.182843 0.142802 0.080951 -0.234111 0.078242 -0.082346 -0.067908 0.052073 0.162442 -0.027647 -0.031365 -0.091375 0.054399 0.006404 -0.119002 -0.016940 -0.092006 0.097698 -0.020614 -0.014427 0.015968 0.092433 0.184154 -0.016481 -0.023639 -0.038600 0.020515 0.026176 -0.101836 -0.041306 -0.030445 0.087639 0.076960 0.087112 -0.039244 -0.070146
0.011000 -0.355834 0.034147 -0.204307 -0.419066 0.150283 0.052823 -0.027783 0.085906 0.236619 0.131873 -0.078111 -0.181075 0.043011 0.124729 -0.029708 -0.044119 -0.162449 0.115413 -0.329954 -0.059065 -0.319418 0.071685 0.060649 -0.004638 0.042095 0.066431 0.057074 0.217706 -0.136107 0.106368 0.016779 -0.156436 -0.154802 -0.139463 -0.183802 0.030188 0.129687 -0.061088 -0.121598 0.026084 -0.066727 0.040171 -0.020272 0.092041 0.214538 -0.088898
0.049759 0.074341 -0.165504 0.020977 -0.074113 0.131435 -0.081908 -0.086197 -0.028671 -0.007060 0.251776 0.056539 -0.052045 -0.024051 -0.295673 0.155212 0.094726 -0.050376 0.070196 -0.037391 0.040212 0.156831 0.030019 -0.098208 -0.018513 -0.115921 -0.093196 -0.008503 0.075412 -0.026844 -0.231704 0.122592 -0.014859 -0.190183 -0.031682 -0.166859 0.038210 -0.147768 0.174345 -0.079128 0.004267 0.082110 -0.093156 0.183563 0.011579 -0.075220 0.047497
-0.082752 0.044253 -0.124734 0.033204 -0.041132 0.183511 0.063508 0.048036 -0.262328 -0.094694 0.117322 -0.002849 0.097566 0.026783 0.000617 -0.097458 0.045039 0.017646 0.307340 -0.110048 -0.095381 -0.061757 0.080701 0.096951 0.023468 -0.101976 0.151958 -0.065266 0.114325 0.319040 -0.080261 0.059628 -0.020020 -0.089746 0.017308 -0.174849 0.016508 -0.042495 0.200307 0.083607 -0.009785 0.007935 -0.016050 0.017053 -0.194779 -0.017598 0.027064
0.109287 -0.063247 -0.158636 -0.055895 -0.218566 -0.273860 0.159926 -0.023840 0.043067 -0.209130 0.197219 -0.240731 -0.116251 -0.340912 -0.227924 -0.027875 0.203634 0.464582 -0.151874 0.027950 0.164277 -0.017371 0.387470 0.227978 -0.085277 0.231010 -0.222867 0.341669 0.127908 0.039547 -0.306981 -0.018197 0.278174 -0.027671 -0.227689 -0.255592 0.070055 -0.261057 -0.014064 -0.227537 0.088600 0.037952 0.230691 -0.017950 -0.203816 0.024843 -0.018806
-0.053006 -0.181380 -0.259737 -0.127967 -0.193402 0.091499 -0.014081 -0.002692 -0.156918 -0.179128 0.030761 0.394026 0.021786 0.259722 -0.123025 -0.169884 0.388146 0.295880 0.106639 -0.172866 0.037987 0.007649 0.261602 -0.094300 -0.007645 0.144729 0.116208 0.156165 -0.127404 -0.522474 -0.039051 0.173702 0.117026 -0.231292 -0.301639 -0.244022 -0.170531 -0.000677 0.073438 -0.102160 -0.158759 -0.140432 0.154279 0.006664 0.004236 0.297959 -0.061358
0.072212 0.007923 -0.198336 -0.038089 -0.386527 -0.097181 -0.102905 0.137330 -0.236686 -0.151988 0.020884 0.070036 -0.118632 -0.300903 -0.253618 0.038476 0.388669 0.251186 -0.382474 0.057244 0.088610 -0.028907 0.179463 0.171028 -0.095983 0.302359 -0.083667 0.057500 0.074926 -0.023456 -0.100263 0.025058 0.052459 0.213592 0.083549 -0.328272 0.332840 -0.265161 -0.242579 -0.175697 -0.086578 0.064203 -0.027869 0.112872 -0.417218 0.077462 -0.086578
0.032279 -0.029116 -0.279616 0.144129 -0.560720 -0.036689 -0.070073 -0.254507 -0.205477 -0.475340 0.219054 -0.090476 -0.005118 -0.275426 -0.065308 0.077573 0.126480 0.186796 0.016193 -0.005474 0.210442 0.020035 0.448843 0.158374 0.044988 -0.012368 -0.120064 0.258712 -0.354339 -0.145118 0.058416 -0.138288 0.077973 -0.171334 -0.249383 -0.131266 -0.184588 -0.139689 -0.201487 -0.004622 0.062036 -0.080067 0.017129 0.082940 -0.293239 0.286943 -0.035364
-0.033180 -0.371692 0.175495 -0.372694 -0.013670 -0.002624 0.057437 0.125182 0.090164 0.065112 0.020715 0.229017 -0.172838 -0.386995 -0.016764 -0.139210 0.172546 0.109873 0.185557 -0.148062 0.082025 0.249531 -0.169314 0.018111 -0.045457 -0.087931 -0.282868 0.209985 0.163705 -0.077761 0.003823 0.069790 0.163181 0.203354 -0.019591 -0.339938 0.300820 -0.115016 -0.059589 0.086691 -0.170549 0.029960 0.148120 -0.035520 -0.476958 0.084580 -0.087741
-0.090708 0.093798 -0.378719 0.097157 -0.506399 -0.306944 -0.021585 -0.145887 -0.139292 -0.278735 0.115786 -0.233868 -0.108430 -0.102776 -0.368701 0.162938 -0.014067 0.251413 0.064776 0.178641 0.238555 -0.228826 0.495112 0.169886 -0.088192 0.085449 -0.430251 0.289017 -0.149934 0.051636 -0.326351 -0.076191 0.166652 0.030290 -0.110612 -0.045091 -0.078069 0.032763 -0.310131 -0.442817 0.039680 0.083781 0.261374 -0.017400 -0.612688 0.114770 -0.029153
-0.037213 -0.370837 0.109998 -0.141319 0.014207 0.034570 0.215798 -0.628467 0.132905 -0.040305 0.086916 -0.141699 0.185125 -0.002958 0.055328 -0.026541 0.151401 0.128734 0.282800 0.053805 0.062346 -0.061170 0.272609 -0.048212 -0.187028 0.164077 0.137486 0.020803 -0.051162 -0.199466 0.151423 -0.148781 0.082811 -0.456064 -0.443445 -0.001665 -0.039402 0.074258 0.317999 -0.195191 -0.106594 -0.053775 -0.224946 -0.237009 -0.584876 0.035246 -0.272112
-0.011105 -0.011430 0.076447 -0.028992 0.006807 -0.026515 -0.151238 0.100271 0.067845 -0.045574 0.103700 0.123430 -0.100654 -0.057629 0.017922 0.072812 0.088636 0.108530 0.045406 -0.176247 0.106541 -0.147948 0.115058 0.064941 -0.006323 0.064664 -0.021870 0.230402 -0.093158 -0.279323 -0.043470 -0.079554 0.143807 -0.061038 0.065003 -0.183123 0.117230 0.064427 -0.200387 -0.114886 -0.042859 0.001494 0.054628 0.024767 -0.255638 0.038794 -0.067671
0.065729 -0.229430 0.081080 0.013185 -0.188365 -0.138931 0.016771 -0.008085 0.017626 -0.155053 0.161241 -0.064824 -0.004594 -0.034217 0.127179 0.104899 0.065372 0.146459 -0.111673 -0.033955 -0.124439 -0.000503 0.137371 -0.002243 0.020718 -0.137947 0.130399 0.226334 -0.079419 -0.133765 0.086149 -0.085976 -0.016228 -0.026237 -0.153927 -0.151838 0.014913 -0.077463 0.019929 -0.045463 -0.040049 0.057162 -0.003945 -0.046947 -0.267451 0.095275 -0.045598
0.080346 -0.017092 0.000602 -0.171940 -0.312175 -0.230182 0.063375 -0.147001 0.062102 -0.213786 0.191140 -0.152215 -0.015945 -0.124711 -0.010577 0.055816 0.053698 0.227335 -0.063651 0.051896 0.086837 -0.085619 0.329140 0.026627 0.038499 0.152526 -0.175433 0.281778 0.066432 0.003802 0.078578 -0.050370 0.049151 -0.086029 -0.087301 -0.065378 0.039706 -0.244764 0.090463 -0.205374 -0.049322 -0.147273 0.137188 0.039696 0.015966 0.003259 -0.100179
-0.020477 -0.055495 0.014343 -0.148490 -0.316012 -0.113454 -0.000653 -0.230019 -0.060471 -0.303920 0.184829 0.052093 0.073698 0.082436 -0.068475 0.094318 0.119781 0.214921 0.043521 0.018595 -0.047581 -0.087788 0.254908 0.093312 0.031476 0.106903 0.102744 0.098373 -0.080446 0.010749 0.081471 -0.064414 0.112254 -0.067006 -0.104403 -0.069921 0.101812 0.021788 0.080143 -0.221032 -0.065612 -0.055601 0.144189 0.130745 -0.061372 0.029462 -0.120700
0.008815 -0.145316 -0.119618 -0.029586 -0.254879 0.087740 0.068935 -0.126472 -0.067354 -0.075771 -0.020984 0.098851 0.017007 -0.099301 -0.073455 -0.030768 0.143425 0.198258 0.056924 -0.102512 0.021908 -0.075145 0.353555 -0.016467 0.024599 0.021486 -0.185709 0.087930 -0.105162 -0.215388 0.121083 0.108572 0.014333 -0.028962 -0.059744 0.004091 -0.041276 -0.045884 -0.024416 0.015141 -0.032898 -0.062138 0.140182 0.109679 -0.089344 0.118743 0.039016
0.018733 -0.083019 -0.009948 -0.015304 -0.165095 -0.064107 0.071969 -0.312118 -0.087043 -0.204051 0.037617 -0.039202 0.036128 0.004174 0.093388 0.009241 0.081672 0.118412 0.036870 0.069478 0.145204 -0.042759 0.227434 0.089315 0.011984 0.174399 -0.124787 0.257499 0.080273 -0.039994 -0.107688 -0.010922 0.083221 -0.194820 -0.077642 -0.070867 0.014517 -0.072188 -0.042722 -0.117038 0.085506 0.126538 0.051585 0.002526 -0.068267 0.078059 -0.068679
0.006082 -0.075800 -0.013878 -0.080215 -0.049611 -0.181264 0.075637 0.003931 0.071854 -0.010745 0.165339 -0.070946 -0.109550 -0.070706 0.082346 0.100659 0.063250 0.085781 -0.114742 -0.054129 0.010208 -0.033359 0.095919 0.090494 0.084014 0.067650 0.001285 0.139590 0.049715 -0.167749 0.107205 -0.071360 -0.056145 -0.230226 -0.082666 -0.016936 -0.007287 0.079910 -0.004969 0.157743 -0.020666 -0.010805 0.081154 -0.105254 -0.101964 -0.049243 -0.128272
0.041678 0.016299 -0.067512 -0.149137 -0.203414 -0.095299 -0.015099 0.044908 -0.188692 -0.030255 -0.017432 0.274912 -0.007863 0.112336 -0.013662 0.057313 0.036077 0.145997 0.043181 -0.048562 -0.036882 0.026096 0.019345 -0.093698 -0.033013 0.181619 0.226977 0.025748 -0.135695 -0.201451 -0.034853 0.106023 0.078039 0.025399 -0.208119 -0.104709 -0.046472 0.057937 -0.052681 -0.074683 -0.075731 -0.159894 0.034735 0.168037 0.123713 -0.025582 -0.007427
0.024743 0.002584 -0.090950 -0.001692 -0.208402 0.000744 0.050628 -0.143355 -0.102931 -0.003514 0.032696 -0.004240 -0.062181 -0.056913 0.025396 0.075270 0.041261 0.128576 0.023798 0.104432 0.070982 -0.026412 0.140114 0.068898 0.024846 0.078363 0.104202 0.182340 -0.108510 -0.071637 0.047103 0.108242 0.076192 -0.230346 -0.139658 -0.077601 -0.107680 -0.058070 -0.040876 -0.145687 -0.051281 0.088628 0.055266 0.001171 -0.020461 0.017173 -0.051563
-0.098431 -0.063361 0.043709 -0.340059 -0.172384 0.003480 0.116913 0.024343 -0.047673 -0.202235 0.165695 -0.323903 -0.029612 -0.088838 0.036304 -0.018117 0.199859 0.077054 0.018459 0.166372 0.233556 0.044674 0.331303 0.005049 -0.144633 0.036522 0.175524 0.099852 -0.048295 0.075653 -0.103991 -0.074308 0.064338 0.121230 0.110414 0.101426 -0.148784 -0.113079 -0.324520 -0.046790 0.050058 -0.030044 0.046073 -0.106756 0.169423 -0.027049 0.240932
-0.027414 -0.040499 -0.090892 0.004465 -0.137994 -0.082149 -0.014670 -0.105584 -0.090528 -0.134289 -0.415735 0.167079 0.022312 -0.001014 0.025125 -0.136415 -0.178131 -0.184634 0.038224 -0.211698 0.002210 0.139349 0.162942 0.110080 -0.076845 -0.005027 -0.078524 0.098972 -0.014239 -0.051893 0.085554 0.086791 0.019541 0.116553 -0.087354 0.002788 0.114190 0.258341 0.094622 -0.009750 0.071911 -0.053703 -0.105726 -0.016144 -0.218740 0.029633 -0.015158
-0.074618 0.096828 0.109182 -0.157622 -0.012888 -0.159907 -0.018023 -0.130984 -0.165297 -0.121284 -0.126177 -0.344532 0.387232 -0.090653 0.158974 0.030970 -0.253680 -0.079936 0.198946 -0.052031 0.356787 0.288313 -0.147102 0.114950 0.058997 0.120853 0.157298 0.200749 -0.135112 -0.262472 0.143382 -0.092737 -0.150286 0.316569 -0.110217 0.154075 -0.204585 -0.416564 -0.047329 0.139954 -0.069142 -0.057516 -0.419484 -0.180587 -0.089126 0.211507 0.100723
-0.024229 0.047900 0.058934 -0.039140 -0.005997 0.054549 0.024913 -0.075153 -0.038793 -0.089524 -0.064789 -0.026051 -0.023522 -0.023243 -0.024671 -0.197852 0.012222 0.037646 0.113982 -0.138163 -0.009232 -0.024783 -0.080715 0.108101 -0.019610 -0.175698 0.077269 0.040638 -0.010921 -0.004451 0.047470 0.008597 -0.003572 0.060657 0.042657 -0.020861 0.034074 -0.025166 0.090814 -0.017228 0.008492 0.033418 -0.046481 0.006257 0.054263 0.031965 -0.108479
-0.002415 0.111268 0.120544 -0.352606 -0.028875 -0.210473 -0.130133 -0.151486 -0.132233 -0.021580 -0.137405 -0.041118 0.175427 0.144486 0.377255 -0.093447 -0.128648 0.041270 -0.028446 -0.165287 0.200742 0.080417 -0.076557 -0.003391 0.006723 -0.067844 0.172633 0.115662 -0.006094 -0.401802 0.197045 -0.111990 -0.144920 0.049560 -0.256686 0.117933 0.011325 -0.058581 -0.105073 0.095388 -0.030600 -0.112793 0.085999 -0.050520 0.065912 0.123053 0.002063
0.045015 -0.059085 -0.118004 0.020519 -0.020669 -0.022134 0.082535 -0.045453 -0.121250 -0.060682 0.091971 -0.040376 0.034894 -0.099057 0.024372 -0.102099 0.156949 0.005064 -0.096002 0.013701 0.047884 -0.084601 0.088475 0.083614 -0.053941 0.009952 0.135379 0.006009 0.017533 -0.015706 -0.035216 0.085616 -0.103314 -0.046685 0.127949 0.105460 -0.039359 0.088469 0.052628 -0.052978 -0.058226 0.082614 -0.076672 -0.024340 0.042867 -0.135243 0.080331
0.034114 -0.045455 -0.006809 -0.042077 -0.172268 -0.069145 0.112051 0.054317 -0.305491 -0.221335 -0.286354 -0.084454 0.072575 -0.029508 0.025517 -0.032969 -0.092130 -0.024776 0.012345 -0.496670 0.099829 0.121132 -0.411511 0.084843 -0.035385 -0.256995 0.082787 0.034160 0.105319 -0.219884 0.058708 -0.134250 -0.230681 0.035583 -0.009480 0.044563 0.047885 0.030133 0.188894 0.118887 -0.008070 0.142593 -0.058128 0.154119 -0.006312 0.100053 0.041198
0.023299 0.061907 0.145267 -0.062914 -0.177826 -0.175161 0.343105 -0.277923 -0.056915 -0.287914 -0.237207 -0.086230 0.330499 -0.004208 -0.037920 -0.095691 -0.138219 0.080492 -0.029538 0.142531 0.162981 0.067977 -0.359268 0.088799 0.016393 0.190717 0.105194 0.221061 0.027848 -0.153665 0.008510 0.027977 -0.032390 0.460883 -0.357238 0.193268 -0.209645 0.034725 -0.157086 0.179646 0.002801 -0.395108 -0.265722 -0.092387 0.052753 0.387170 0.093690
-0.003962 0.031473 -0.057095 0.025172 -0.106840 0.025337 0.009255 -0.180913 -0.012946 -0.075582 0.003619 0.034026 0.030203 0.066265 -0.140161 -0.199191 -0.111628 0.052353 0.031927 -0.100355 -0.063345 -0.004732 -0.231638 0.075984 -0.003024 0.178683 -0.017843 0.031688 0.070242 -0.055918 0.027176 -0.074428 0.113569 -0.041995 0.017711 0.060388 0.058760 0.123889 0.061611 -0.052887 -0.152913 -0.186756 0.080866 0.074160 -0.171464 -0.003027 -0.109087
-0.040127 0.009186 -0.118832 0.071772 0.040127 -0.007018 -0.268643 -0.045684 0.082458 -0.029653 0.141147 -0.169659 -0.123230 -0.047857 -0.072629 -0.007413 0.151083 0.268196 -0.068980 0.199784 0.053472 -0.094340 0.233150 -0.199990 -0.030927 -0.298225 -0.150205 -0.035315 -0.051409 -0.065997 0.020599 0.107502 -0.251389 0.000660 0.119129 -0.008355 -0.034569 -0.045624 0.032675 -0.297644 -0.083851 0.238633 0.224443 0.191252 0.082247 -0.125315 -0.025843
-0.058877 -0.058534 -0.378610 0.322610 -0.198601 0.026447 0.159773 -0.194262 0.146284 -0.089608 -0.155465 0.099965 -0.169985 0.029209 -0.374598 -0.081893 0.119595 -0.144217 0.048172 0.166125 0.191385 0.002955 0.090634 0.053607 -0.082448 -0.580462 -0.381339 0.079253 0.093579 0.025207 0.252177 0.018734 0.002213 -0.085249 0.067255 0.122380 0.025537 0.137227 0.159951 -0.340292 0.061020 0.028139 0.336329 0.011604 -0.009815 0.110436 -0.109624
0.016690 -0.107333 0.012365 0.034843 -0.009949 0.032090 -0.023103 -0.081900 -0.026656 0.051005 0.060972 0.012729 -0.105082 0.012713 -0.202047 -0.232603 0.025103 0.180373 0.044672 -0.018740 0.013733 0.055956 0.049561 0.025312 0.007749 -0.084350 0.001440 -0.076419 0.051769 -0.075169 0.011549 -0.061196 -0.009795 -0.012935 0.099501 0.020105 0.059085 0.011090 0.063581 -0.059829 -0.094340 0.072969 0.062750 0.017081 -0.114960 -0.181625 -0.095891
-0.035264 0.078866 0.022462 -0.087821 -0.113959 -0.097658 0.011224 -0.115100 -0.121460 -0.289324 -0.372048 -0.166500 -0.097895 -0.170706 0.054707 -0.071745 -0.199780 -0.318761 0.037917 0.034390 0.108869 0.098982 -0.016136 0.042466 -0.267433 -0.241679 -0.119659 0.081793 -0.030375 0.080115 0.090003 -0.241553 -0.024362 0.130533 -0.222583 0.092062 0.263861 0.069386 0.014847 -0.035045 -0.125084 0.065080 0.264788 -0.107218 0.015166 0.121325 0.091666
-0.183690 -0.034516 0.080759 -0.735627 0.082218 -0.586617 -0.216913 0.011338 -0.690098 -0.476976 -0.378167 -0.751842 0.113655 -0.230828 0.319300 0.091613 0.247533 -0.268163 0.193167 -0.612026 0.069837 0.168321 0.071951 -0.119554 -0.217630 -0.250804 -0.039286 0.150695 -0.422815 -0.671827 -0.174699 -0.049138 -0.290965 -0.171647 -0.049458 0.153471 -0.080369 -0.224762 -0.106810 0.232316 0.169974 0.109977 -0.231867 0.075862 0.054772 0.069346 -0.078048
-0.017502 0.010697 -0.119976 -0.098956 0.093757 0.070409 0.017104 -0.183312 -0.127426 0.098247 0.050570 0.004052 -0.209773 -0.113072 -0.242089 -0.145559 0.011685 0.091588 0.014346 0.110251 -0.201868 -0.031384 0.169881 0.114876 0.052644 -0.274822 -0.255340 -0.050711 0.081481 0.005469 0.121886 0.056230 0.038235 -0.006467 0.097371 -0.097286 0.084264 0.025154 0.098021 -0.023414 -0.026738 0.087681 -0.071241 0.083204 -0.055468 -0.163043 -0.116736
-0.015998 0.027661 -0.158610 0.061214 0.106939 0.030083 -0.117697 -0.222163 0.011273 -0.000919 -0.212961 -0.085417 0.018895 -0.203694 -0.101380 -0.212912 -0.064591 -0.027366 -0.055834 0.029657 0.113879 0.083491 0.192256 -0.017422 -0.151523 -0.711163 -0.095659 0.075609 0.087610 -0.031931 0.039322 0.028782 -0.109798 0.042974 -0.022303 0.094433 -0.133378 0.055049 0.074581 -0.026953 0.190989 0.129411 0.236435 0.166631 0.071852 0.226707 -0.190595
