-0.005245 0.020474 -0.049367 0.001736 -0.008682 0.079815 0.088510 0.011054 0.064351 -0.051168 0.032781 -0.029946 0.080643 -0.020555 0.010682 -0.043356 0.049896 0.074789 -0.049990 -0.048559 -0.098439 0.033170 -0.006000 0.019183 0.011759 -0.029477 -0.016911 -0.070794
-0.004201 -0.005555 -0.017056 0.031814 -0.048195 -0.057752 0.080623 0.024249 -0.084963 0.059466 -0.009797 -0.050647 0.006194 0.119901 0.056487 0.062097 0.075395 0.010351 -0.033864 0.061235 0.070041 -0.035913 -0.030738 -0.036202 0.021272 0.007304 0.008038 0.035539
0.053891 -0.006607 -0.009698 -0.053422 -0.026242 -0.051563 -0.018091 0.018199 -0.124247 -0.009231 0.048902 0.057191 -0.060814 -0.029131 -0.001991 0.054821 -0.053556 0.034658 0.040681 -0.037304 0.068226 0.078947 -0.020763 -0.083554 0.036575 -0.022017 -0.040013 0.085470
-0.093599 -0.163508 0.020801 -0.031975 -0.006674 0.044708 0.019919 0.069231 0.076795 -0.001387 0.024283 0.005397 -0.028468 -0.024721 0.015243 -0.072436 -0.030488 -0.169898 -0.120484 0.142100 0.034949 -0.085760 -0.006665 -0.100378 -0.114112 0.029627 -0.012767 -0.031070
-0.035122 0.070094 0.063447 -0.084329 0.001742 -0.010938 -0.025919 -0.074974 0.007697 0.027546 0.075428 0.009753 -0.002033 -0.081530 -0.062571 0.051482 0.008375 0.002395 -0.019482 0.134728 -0.008263 0.103679 0.039896 -0.048098 0.007386 -0.011173 -0.042240 0.026492
0.000325 0.078633 -0.016266 0.029707 0.009858 0.044384 -0.016817 0.028297 0.015604 0.013873 -0.001495 0.001296 0.011684 0.106089 -0.026345 0.023217 0.003048 -0.005063 -0.053067 0.054314 -0.061982 -0.044690 -0.005674 -0.005051 -0.071403 0.079066 -0.023681 -0.008027
-0.028437 -0.008914 0.090590 0.016620 0.018328 -0.029212 -0.096142 0.042783 -0.011629 0.009784 0.103601 0.044141 0.024520 -0.009234 0.121560 0.020514 0.012380 -0.012944 -0.116077 -0.010684 0.058826 0.091727 -0.077088 -0.003979 -0.041055 0.004799 0.069804 0.057324
0.006341 -0.063628 0.035590 -0.020783 -0.004624 0.043609 -0.023663 -0.042053 -0.011940 0.015154 0.048507 -0.049022 0.043041 0.048518 -0.045104 0.065425 0.025373 0.007106 0.002186 0.028738 0.023155 0.007033 -0.027275 0.070182 -0.009920 0.025949 -0.004815 0.028809
-0.040778 0.029733 0.017484 -0.021341 -0.039392 0.031985 -0.034050 -0.071334 -0.016167 0.018796 0.057241 -0.027230 0.019688 0.131122 0.008772 0.056937 -0.062311 -0.028847 -0.042726 -0.000256 -0.006151 0.066197 -0.067728 0.091501 -0.097058 -0.068296 -0.037340 0.011450
0.076430 -0.043715 -0.018865 -0.002588 0.052994 -0.010333 -0.056981 -0.037062 0.088783 0.043822 -0.063100 -0.043613 0.018296 0.093007 0.003238 0.004686 0.022938 0.005140 0.035308 0.017499 0.006354 0.021334 -0.036324 -0.053803 -0.110076 -0.026474 0.064560 0.037368
-0.034901 0.005336 0.012827 0.004037 0.019054 0.019049 0.049855 -0.022116 0.000486 -0.036088 0.035755 -0.113864 -0.002572 -0.010757 -0.037655 0.002530 0.033725 -0.064887 -0.039983 0.049011 0.091867 -0.035280 -0.021252 -0.029406 0.000191 0.022390 0.002021 0.022574
0.020854 -0.060307 0.003308 -0.028772 0.014395 0.008740 0.104793 -0.097245 0.066911 0.022151 -0.056516 0.056958 0.026428 -0.005227 0.049501 0.048410 0.065039 -0.062933 -0.003531 -0.030166 0.033477 -0.009679 0.000666 0.026585 -0.012773 -0.004089 -0.009736 0.013007
-0.094368 0.055968 -0.028029 0.004181 0.039749 0.006858 -0.084149 0.017719 0.044874 0.002511 0.012745 -0.023549 -0.021314 -0.031030 -0.057093 -0.017793 -0.009412 -0.003454 0.030899 0.077618 0.027148 0.021214 -0.001215 -0.015759 -0.028498 -0.034041 -0.010645 -0.071582
0.034134 -0.103331 -0.026101 -0.037733 -0.006053 -0.042982 0.024123 -0.031256 0.009943 -0.010431 -0.009195 0.007717 0.040723 -0.057560 -0.090534 0.038474 -0.074017 0.007073 -0.046198 0.018104 0.001913 0.130143 -0.044941 -0.016376 0.036626 -0.133945 0.050984 -0.041175
-0.011671 0.070551 0.091173 0.034460 -0.074638 -0.080586 0.078611 0.078898 -0.039377 0.104344 0.041840 0.005111 -0.038738 -0.024132 -0.015012 0.023979 0.007809 0.044065 -0.036041 0.050606 -0.060613 0.066703 0.031469 0.044977 0.051024 -0.010719 -0.141334 0.014200
0.048118 0.081517 0.005569 0.089218 0.025718 0.034794 -0.064567 0.083706 0.066634 -0.087810 0.002881 0.036552 0.054058 -0.010225 -0.025902 0.002146 -0.073279 0.013894 -0.105496 0.010138 0.058411 -0.022313 0.000686 0.083109 -0.036993 -0.019206 -0.017560 0.002928
-0.099384 0.050919 -0.062941 0.001631 -0.075741 0.037566 0.000459 -0.001681 -0.064720 -0.056477 -0.005680 -0.003809 -0.009727 0.165345 -0.014660 0.055611 -0.099866 -0.037231 -0.025413 0.005980 -0.028126 -0.068551 0.003327 -0.053545 -0.089931 -0.026423 -0.054460 0.005694
-0.054832 0.069499 0.034637 0.000921 0.063005 -0.013848 -0.030309 -0.059639 -0.094197 0.074174 0.006847 -0.048023 -0.006970 0.063736 -0.025493 0.066666 0.037017 0.037865 -0.005971 0.067017 0.032403 -0.000467 0.022394 -0.085633 0.043465 -0.022150 0.041521 -0.047047
-0.012610 0.005347 -0.023803 0.119556 0.074535 -0.059252 0.024438 0.044909 0.017474 0.071808 -0.025541 0.065544 0.034175 -0.065634 -0.036373 0.022066 0.076381 0.083584 -0.013180 0.049880 -0.078047 -0.037427 0.010561 0.041028 0.030439 -0.015855 -0.020436 0.012795
-0.081077 0.001835 0.031569 -0.125679 -0.028422 0.083371 0.008614 -0.096036 -0.017901 0.021428 0.077396 0.074791 0.074392 0.080152 -0.063852 -0.082371 0.026093 0.006769 0.052459 -0.029177 -0.028184 -0.005144 -0.115993 0.003862 -0.042135 0.077942 -0.032695 -0.073327
-0.049539 0.085413 0.077147 0.027555 -0.003315 -0.065134 0.096614 0.011655 -0.012790 0.072008 0.062291 -0.000294 0.103858 -0.021073 -0.010253 0.061970 -0.059761 0.045919 -0.033563 0.106665 -0.014428 -0.021378 -0.043679 -0.039482 0.012804 -0.093473 0.028125 0.042021
0.023818 -0.014056 0.088804 0.015418 0.028742 -0.027526 -0.020415 -0.048582 -0.063161 -0.067152 -0.023633 0.122135 0.013872 0.011288 -0.008787 -0.035026 -0.015256 -0.017360 -0.013311 0.053803 0.012902 -0.026682 0.053986 0.062909 -0.003705 -0.016918 0.046331 -0.029249
0.051930 0.054802 -0.074461 -0.027125 -0.125446 -0.032970 0.006870 -0.021450 -0.039592 0.026179 0.024496 0.070004 -0.008472 -0.002953 -0.085227 0.051359 -0.016446 0.000338 0.036857 0.066922 -0.024819 0.050796 -0.025472 0.020612 0.021157 -0.002792 -0.066644 -0.044615
-0.028817 0.030153 -0.005013 -0.085170 -0.013552 -0.036785 0.031499 0.010442 -0.072890 0.037184 -0.020533 0.017721 -0.028894 0.036609 0.047393 -0.074302 -0.038429 -0.057778 -0.050466 0.009328 -0.035904 0.046869 -0.042633 0.102601 -0.080635 -0.039808 -0.048246 -0.019308
0.038935 -0.008778 0.035377 0.045031 0.043649 -0.079522 0.059308 -0.054428 0.022599 -0.007101 -0.077130 0.047621 0.002488 -0.038187 0.042805 0.055448 -0.027797 0.082934 0.022484 -0.057897 -0.067699 -0.080870 0.013983 -0.009119 -0.040689 -0.037686 0.076277 -0.003105
0.083973 0.052687 -0.029344 0.040376 0.084557 -0.110789 0.055022 -0.052841 0.006372 0.028303 -0.106071 0.067219 -0.002251 -0.012107 -0.013999 -0.059653 0.003061 -0.012853 0.078634 -0.026490 0.049141 -0.009956 0.042706 -0.028425 0.031790 0.042620 0.016153 0.100319
0.102477 0.014666 -0.058417 0.010602 0.017474 -0.049296 -0.081184 -0.008164 0.058442 -0.033472 -0.087303 0.007749 0.003342 -0.077847 0.052635 -0.027939 0.021416 0.018570 0.086590 -0.053585 -0.069328 0.016801 -0.014265 -0.091881 0.068558 0.032165 0.032629 0.040142
0.018804 0.022956 0.040741 -0.016265 -0.048403 -0.033100 -0.028201 0.036442 -0.040592 -0.014567 0.094091 0.044449 -0.020283 0.033065 -0.036774 -0.063642 -0.039634 -0.017982 -0.068026 -0.010014 0.131695 -0.087949 0.096732 -0.092292 -0.146259 0.020903 -0.034382 0.045060
0.002171 -0.011266 -0.064357 0.047260 -0.007567 -0.002445 0.059288 0.027498 -0.031885 0.003553 0.069204 -0.049009 0.027975 0.014860 -0.025845 0.008351 0.093109 0.080862 -0.098346 -0.040356 0.001937 -0.032151 0.102503 0.000043 0.000445 0.016288 -0.028653 0.011142
-0.003729 0.046542 -0.015423 0.019315 -0.001698 0.015432 0.046938 0.066788 0.072906 0.042289 -0.009323 0.070766 -0.014402 0.061421 -0.108641 0.047404 -0.026438 -0.020499 0.000275 0.012213 0.067103 0.057720 0.039474 0.013331 0.074225 0.041892 -0.066557 -0.014400
-0.008184 0.002143 0.000809 0.028952 0.054948 -0.014343 0.013046 -0.060250 0.016355 0.028458 0.050846 0.116039 -0.006493 -0.029399 -0.003629 -0.018317 0.020327 0.015137 -0.013952 -0.031210 -0.024644 -0.089102 0.010203 -0.031064 -0.049733 -0.003403 0.037846 -0.011493
-0.004177 -0.030794 -0.004292 0.031956 -0.071514 0.054810 -0.045845 -0.002153 -0.023056 -0.065707 0.133314 0.002591 -0.047399 -0.021433 -0.056432 0.054257 -0.101145 -0.031332 -0.054473 0.030699 -0.057271 0.044634 0.041927 0.012248 -0.048073 -0.009838 0.000210 -0.001417
-0.026600 -0.034301 0.001127 0.027960 0.020920 0.030648 0.033405 0.013206 -0.057866 0.040990 0.032518 -0.006525 -0.011501 0.013968 -0.027878 -0.056533 0.005976 -0.002881 -0.003208 0.026905 0.031412 -0.052521 0.008578 -0.006078 0.038896 0.015164 -0.064091 -0.131371
0.004536 0.035552 0.021497 -0.101584 0.049249 -0.009796 0.057955 -0.021594 0.007335 -0.032650 -0.037559 -0.030346 0.074870 0.007369 0.016833 -0.022165 -0.000319 0.015803 -0.021384 0.055056 0.028505 0.102051 0.074444 0.018736 -0.047346 -0.079410 -0.047150 0.075221
0.001324 -0.021688 0.028122 -0.078106 -0.029116 0.054734 -0.108175 -0.043316 -0.007609 -0.030419 0.067178 0.044952 -0.044277 -0.065294 -0.029815 -0.021473 -0.012438 -0.057888 0.019212 0.057144 0.004938 -0.052897 0.010981 0.008258 -0.013316 0.026352 -0.047539 0.038446
0.039186 0.039486 -0.054816 -0.120492 -0.026816 0.074947 0.067737 0.009297 -0.008036 0.082154 -0.007002 0.003545 0.001805 0.129460 -0.042220 -0.045216 -0.051265 -0.012976 -0.034692 -0.046478 0.062016 -0.045662 -0.069721 0.051015 -0.001240 -0.048252 0.013314 -0.014905
0.011957 -0.002865 -0.066021 0.073332 -0.056138 -0.028335 -0.058993 0.027382 -0.063898 0.008646 -0.068126 -0.076811 -0.014377 -0.064548 -0.052755 -0.094720 -0.014969 0.064334 -0.062177 -0.075825 0.007810 0.065181 0.069699 0.014498 -0.002731 0.048021 0.010825 0.023464
0.079545 0.001260 -0.042054 -0.015744 0.035864 -0.029962 0.091591 0.094131 0.056719 0.062202 -0.044196 0.027289 0.023304 0.035785 0.044460 -0.031415 0.027106 0.016510 -0.048199 0.047742 0.113873 0.004481 0.006202 -0.064422 -0.009319 0.070202 -0.006077 0.118973
0.010644 0.018206 0.037703 0.020035 0.046359 -0.027075 0.000863 -0.002463 -0.071298 0.013868 0.033110 0.019232 0.089950 0.022994 -0.016922 0.022049 0.018352 -0.016750 -0.015089 -0.076693 0.007253 0.051640 0.131612 -0.072203 0.023326 0.099615 -0.000409 -0.040240
0.072510 0.000025 -0.038969 0.035989 -0.028437 -0.073666 -0.005790 0.011501 -0.009656 0.063863 0.047874 -0.037836 0.041956 -0.041713 0.018944 -0.000145 -0.002985 -0.080265 -0.064140 -0.012404 0.013539 -0.012869 0.001994 0.021452 -0.000611 -0.015496 -0.055959 -0.076492
0.061089 -0.023219 0.077835 0.011495 -0.100561 -0.014318 -0.059986 0.053999 -0.097204 0.051566 -0.000608 0.042838 -0.067695 0.130910 -0.031704 0.004446 -0.057434 -0.030929 0.022635 -0.058623 0.004206 0.075303 0.063794 0.058317 -0.070609 -0.025369 0.036314 0.050725
0.052650 0.024742 -0.016547 -0.016359 0.087158 -0.013439 0.007217 0.034046 0.042854 -0.041072 0.037082 -0.056500 0.037962 -0.027786 0.068682 0.075768 0.023718 0.035314 -0.032118 0.040729 0.086882 -0.034756 -0.012823 0.039118 -0.036056 -0.061587 -0.069124 0.080708
-0.039545 0.107301 -0.063666 -0.052411 -0.003334 -0.001252 0.043175 -0.030110 0.015934 0.088114 -0.069902 0.004267 -0.013665 0.029020 0.028608 -0.005126 0.019400 -0.015787 0.067287 0.049812 0.041092 -0.023635 -0.022319 -0.088975 -0.060683 -0.003067 0.035713 0.011378
-0.121000 0.022711 0.000513 -0.026863 0.008465 -0.028184 -0.062934 -0.097802 -0.051648 -0.003738 -0.015659 -0.008643 -0.045672 0.089641 0.009304 -0.070678 -0.029172 0.044823 -0.047104 0.077172 0.044697 -0.000029 0.120880 0.030934 -0.025089 0.062256 -0.057761 0.063918
0.070555 -0.093911 0.047153 -0.059536 0.116942 -0.064349 -0.020035 -0.080387 0.002366 0.016016 -0.045740 -0.038144 0.016053 -0.005697 -0.067867 0.022848 0.009539 0.063366 0.015257 0.038918 0.136101 -0.056512 0.030376 0.046784 0.016813 -0.003160 0.100892 -0.005721
0.035758 0.039280 -0.087048 0.017506 0.035066 0.056266 0.011906 -0.004467 -0.080373 -0.029811 0.063603 -0.033919 0.015075 0.057625 -0.022990 0.044826 -0.125251 -0.003550 -0.039868 -0.008504 -0.040105 0.030384 0.032936 0.020413 -0.046869 0.017905 0.090215 -0.058008
0.023419 0.039059 -0.012064 0.012368 -0.012048 0.019944 0.049855 -0.037700 0.027707 0.062922 0.009566 0.008206 0.040323 0.009981 -0.041715 -0.020492 0.061807 0.088759 -0.019292 -0.031473 0.074990 -0.043289 -0.013167 -0.001850 0.073223 0.049503 0.044367 0.048079
0.029120 0.050025 -0.028361 0.097097 0.023400 -0.025507 -0.055728 0.062733 0.077320 0.017467 -0.067691 0.000891 0.013568 -0.001305 -0.013574 0.001940 -0.176045 0.025345 -0.074814 -0.039154 0.085888 0.000690 -0.005267 -0.014536 -0.032555 0.001396 0.103919 0.051001
-0.026948 -0.083144 -0.019589 -0.082337 -0.015103 0.049876 0.054098 0.085425 -0.037344 0.071188 -0.008312 0.023017 -0.015757 -0.063929 0.003573 -0.016385 -0.033766 -0.053183 -0.055839 0.061454 0.015069 0.034136 0.054700 -0.043076 0.056173 -0.033772 0.032317 -0.080523
0.063427 0.055424 -0.051617 0.002120 -0.014877 0.027189 -0.003909 0.037099 0.038232 0.065650 0.046401 -0.004767 -0.048278 -0.029497 0.030297 0.014898 0.038112 0.030506 0.053568 -0.033395 0.023190 0.002917 0.063466 0.104903 -0.007937 0.031143 -0.022458 -0.019027
0.033782 0.030522 0.084761 0.075554 -0.044229 0.035430 0.076657 0.050541 -0.033176 0.027630 0.051348 -0.062527 -0.000819 0.021154 0.068235 0.064893 -0.004958 0.030016 0.036586 0.043004 -0.016978 0.024382 -0.006183 -0.024605 -0.088913 0.053558 -0.017475 -0.016491
0.030763 0.036484 -0.075979 -0.015281 0.079928 0.067915 0.018110 0.067561 -0.030853 0.023858 0.038362 -0.013105 0.101148 0.017497 0.010922 0.051817 -0.001000 -0.039014 0.001621 0.009136 0.046485 0.025617 0.053458 -0.002057 0.052764 -0.017487 0.044533 -0.114617
0.072059 0.034666 -0.078651 -0.033334 -0.063928 0.017742 -0.008806 0.015798 -0.017054 -0.020970 -0.018730 0.034458 0.043985 0.030886 -0.061343 0.057498 0.098646 0.038578 -0.135700 -0.030991 -0.106045 -0.052049 -0.074349 -0.029940 -0.056493 0.044829 -0.034546 0.065013
-0.019646 0.005353 -0.038827 -0.015186 0.077347 -0.053546 0.000090 0.021296 0.039775 0.003067 -0.003870 0.053989 -0.009632 -0.035533 -0.015838 -0.044429 -0.065762 -0.016308 0.019106 -0.040441 -0.026531 -0.026918 -0.007143 0.056799 -0.049794 0.060199 -0.034536 -0.053467
0.036725 0.018926 -0.070024 -0.023063 0.003463 0.032083 -0.041100 0.015226 0.010157 0.072164 -0.035738 0.105259 0.114548 -0.051380 -0.054879 0.028178 0.092282 -0.000118 0.037156 -0.019080 -0.005958 0.065320 -0.012332 0.008511 -0.058024 -0.043249 0.033144 0.055154
0.025867 -0.007034 0.029854 -0.055910 0.046576 -0.036446 0.071316 -0.000117 0.012088 0.002796 0.028856 0.057886 -0.031029 0.023416 -0.025900 -0.033203 -0.048346 -0.117387 -0.044408 0.005139 -0.010988 0.067541 -0.066778 0.019082 -0.133761 0.009964 -0.055960 0.023117
0.009346 -0.087146 -0.014255 0.016909 0.046156 -0.007102 0.058244 0.025396 -0.062337 -0.021010 0.021870 0.042202 0.054966 0.088606 0.038484 -0.080079 -0.011575 0.025974 -0.067911 -0.004733 0.050059 0.006216 -0.021799 0.102257 -0.001093 -0.018954 -0.025456 -0.056400
0.047015 0.062530 0.047743 0.017225 -0.044926 -0.024772 -0.005209 -0.016328 0.059671 -0.014516 0.070867 0.005503 0.009507 -0.024648 -0.045086 -0.023042 0.036191 -0.024893 -0.115175 -0.061096 0.025385 0.081004 -0.082316 0.021448 -0.016672 0.027187 0.032656 0.024256
0.067408 -0.040519 0.021585 0.039513 -0.025082 -0.037640 0.115789 0.008280 0.043989 0.018214 0.048015 0.059126 -0.055168 0.061343 0.031506 -0.055283 0.003246 0.052042 -0.033716 0.020842 -0.014275 0.065614 -0.013976 0.038574 0.033745 -0.058141 -0.006169 -0.022419
-0.021538 0.058930 -0.053794 0.044133 -0.030643 0.073510 -0.014028 -0.030590 -0.007622 -0.001383 -0.018348 -0.082120 0.104854 -0.049421 0.023533 -0.045662 0.035921 -0.060940 -0.010323 0.031521 0.003954 0.036827 -0.006397 0.033019 0.000806 -0.020871 -0.037366 -0.013834
0.099799 0.020683 0.020737 -0.068520 0.074120 -0.026320 -0.006666 0.038482 -0.033997 -0.029487 -0.032892 0.005619 -0.014057 0.046567 0.040339 -0.008395 -0.110499 0.055242 0.074291 -0.073812 -0.035935 -0.017157 -0.075092 0.064554 -0.017321 0.023429 0.003443 0.044576
-0.042893 0.030344 -0.022056 -0.005148 0.009610 0.068449 0.014644 0.063943 -0.061180 -0.055164 -0.068079 -0.009522 -0.021363 0.006667 0.042985 -0.075582 -0.050488 0.031539 -0.092985 0.064661 0.042510 -0.007426 0.044109 -0.011544 0.058362 0.087942 -0.014810 0.064147
0.022078 0.035164 0.037851 -0.003364 0.010699 -0.088516 -0.023332 0.001166 0.035702 0.084197 0.006694 -0.092212 -0.001658 0.090558 -0.020276 0.046209 0.053452 0.053123 0.018836 0.006093 0.049611 -0.019443 0.057174 0.136253 -0.056103 0.025539 0.069628 0.033582
-0.016401 0.041685 0.122841 0.044792 0.006865 0.001526 0.017928 0.069075 0.022029 0.009784 0.000527 0.018229 0.057641 -0.014636 -0.001428 -0.076868 -0.075687 -0.043801 0.005075 -0.040305 0.109005 -0.018212 -0.003937 0.080651 0.018208 0.007284 -0.036840 0.062515
0.062183 0.017258 0.093465 0.063791 0.071848 0.051686 -0.071346 0.020935 -0.068343 0.004072 0.035588 -0.009764 -0.019193 0.039871 0.036571 -0.088556 -0.085294 0.033853 -0.044798 -0.047372 0.007681 -0.097732 0.114166 0.010824 0.027422 -0.065540 0.010980 0.047848
0.016420 0.059327 0.040099 0.018762 0.079609 0.019950 -0.042238 0.057163 -0.050289 0.049285 -0.018710 -0.099095 0.020346 0.014916 -0.026297 -0.048207 -0.010942 -0.008856 0.013322 -0.050338 0.016235 -0.023221 -0.009775 -0.054418 0.036228 -0.022824 -0.101998 0.039026
0.019874 -0.070692 0.053455 0.080724 -0.020062 0.024302 -0.099837 -0.000961 0.089192 0.049513 0.043002 0.010804 0.022873 0.043304 0.009336 0.010596 0.060810 0.048173 -0.040091 0.052830 0.013895 0.033921 -0.051879 -0.038902 -0.040721 0.022116 0.055987 -0.026683
-0.047665 -0.058775 0.065778 0.112444 -0.011756 -0.041853 -0.050797 -0.003254 -0.021775 0.066599 0.043347 -0.028834 0.029486 0.013657 0.122741 -0.050119 -0.040914 -0.067937 -0.064511 0.097608 0.042583 -0.045233 0.038023 0.045025 -0.104178 -0.042401 -0.006871 0.072935
-0.010671 -0.070254 -0.045046 -0.046771 0.005594 0.006756 -0.038958 -0.016183 0.001864 0.021468 0.014556 -0.049826 0.082883 0.049025 0.000057 0.047858 -0.005935 -0.096092 -0.019455 -0.106729 -0.028281 -0.024425 -0.000245 0.081938 0.043817 0.035043 0.079552 -0.007607
0.070455 -0.015616 -0.078147 0.029226 0.115854 0.001259 -0.137293 0.059987 -0.046121 0.031837 -0.022453 -0.048280 0.059513 0.025371 -0.005868 -0.049908 -0.044531 -0.022306 -0.030798 -0.048992 -0.021491 -0.011891 0.083374 -0.023203 -0.013580 0.041288 -0.078813 -0.087280
0.034216 -0.063399 -0.012321 -0.070079 -0.050141 0.042318 -0.054345 -0.150044 -0.022445 0.073912 0.031813 0.033016 0.007873 0.059028 0.048851 -0.088495 -0.071757 0.046785 -0.028320 -0.010358 0.071531 -0.130723 0.075828 0.041435 -0.047208 0.071200 0.048680 0.010417
0.107597 -0.021907 0.017077 0.014870 0.010913 0.044131 -0.014797 -0.159086 -0.057974 -0.020378 -0.020555 0.024383 0.031103 0.101431 0.013450 0.022091 -0.049780 -0.031262 -0.098567 0.008253 -0.057510 0.000231 0.002776 0.023736 -0.039559 -0.020271 -0.012842 0.016105
0.004016 -0.067237 -0.033510 0.004990 0.017563 0.111181 0.035539 -0.077403 0.020585 -0.029211 -0.020605 0.112138 0.007464 0.070793 -0.024841 0.030704 -0.091834 0.079335 0.024243 0.005901 0.051256 -0.028003 -0.039786 -0.024122 -0.029715 0.060985 -0.004078 0.054580
0.027480 -0.032829 -0.006194 0.071191 -0.083079 -0.031469 0.021562 -0.061443 0.034704 -0.019714 0.072302 -0.044099 0.008285 0.025826 0.034721 -0.034289 0.003133 0.004838 0.100444 0.023090 0.053517 0.017305 0.094514 0.025437 0.038347 -0.030669 -0.028266 -0.112126
-0.030512 -0.025836 0.011263 0.048626 -0.042393 0.001931 0.030626 -0.007753 -0.008428 0.032392 0.022601 0.012330 0.115301 -0.062247 0.022663 0.034416 0.025873 0.019245 -0.003354 0.032402 -0.006565 0.002266 0.006377 0.035898 -0.040296 0.008337 -0.064991 -0.038730
0.025099 -0.042074 0.093159 -0.017041 -0.037235 -0.069250 0.000141 0.092225 -0.048520 0.036938 0.053037 -0.015129 -0.030374 0.011363 0.030436 0.047466 -0.023732 -0.036768 0.002786 0.031513 0.076421 -0.078353 -0.115447 -0.029497 0.023504 -0.020361 0.059457 0.044143
-0.018737 -0.045237 0.047160 0.063428 0.003657 -0.030234 0.012853 0.035986 0.010562 -0.006095 -0.048630 -0.062054 0.045042 0.052889 0.158305 -0.018038 0.050123 0.040006 0.024838 0.030798 0.034986 -0.004194 0.014701 0.076949 -0.022283 -0.023261 -0.094052 -0.019436
0.003360 -0.017173 0.040197 0.078723 -0.068180 -0.071163 -0.044405 -0.032850 -0.028610 -0.014921 0.041141 -0.000599 0.000932 -0.020260 0.049222 -0.001409 0.015522 0.009718 0.007615 0.102435 -0.027579 0.028288 0.013823 -0.023046 -0.051535 0.015130 -0.037466 0.031355
0.011757 0.004535 0.117614 0.029945 0.027384 -0.068353 0.060308 0.054541 0.044885 -0.040118 0.027449 -0.036208 -0.015323 0.062880 0.069575 -0.057001 -0.009255 0.025621 0.007246 -0.034822 0.083195 -0.012075 -0.049833 0.039960 0.025338 -0.000000 0.027342 -0.031967
0.042993 -0.049461 0.015368 -0.075804 -0.045018 -0.027123 -0.034074 0.099957 -0.003925 -0.006631 0.023587 0.061977 -0.022703 0.030335 0.041945 -0.049230 -0.005991 0.014480 0.017421 -0.053274 0.060478 -0.034764 0.053638 -0.031919 -0.017315 -0.060111 0.037500 0.052248
0.045817 -0.056050 0.030658 0.002600 0.010859 -0.022188 0.059444 0.034406 0.062314 0.041429 0.067292 -0.033254 0.025089 -0.050337 0.093893 0.011192 0.073571 -0.039123 -0.023338 0.016135 -0.037974 0.069742 -0.051044 -0.044478 0.027907 -0.085664 0.009758 0.006267
0.050065 0.053455 -0.072045 -0.057254 -0.094431 -0.020633 0.009557 -0.004946 0.024478 0.031307 -0.032292 -0.046480 0.089122 0.044449 -0.059917 -0.027617 -0.052591 -0.065820 0.049964 0.042007 0.052896 0.108865 -0.072471 0.036707 0.013352 0.076324 -0.047123 0.047158
0.029616 -0.001300 -0.033704 -0.011906 -0.071014 -0.047934 0.012983 0.000289 -0.080732 -0.019570 -0.010913 0.107982 -0.062735 0.058620 -0.026677 -0.071211 -0.029625 -0.023815 0.059777 0.105351 0.016900 -0.013150 0.091318 -0.095959 -0.127493 0.002075 -0.145012 -0.077033
0.057519 0.080980 -0.043955 0.011231 -0.008395 -0.016927 0.036262 -0.034872 0.127134 0.088238 -0.022941 -0.043784 0.043314 0.119341 0.069680 -0.067180 -0.019072 0.002131 0.009106 -0.066167 0.035182 -0.009927 -0.021175 0.161944 0.046966 -0.047988 0.006204 -0.003766
-0.001858 -0.034845 0.017068 -0.054718 0.041086 -0.034310 0.064674 0.026304 0.028031 0.037679 0.051036 0.053590 -0.024428 0.039341 -0.017367 0.076686 -0.039717 -0.041415 0.047624 -0.046301 0.049453 -0.070386 0.038816 0.023673 -0.066415 0.018540 0.037974 -0.028726
0.036570 -0.037951 0.008985 -0.091457 0.024143 -0.008267 0.045786 0.034223 0.056094 0.058050 -0.002925 -0.055354 -0.019679 0.032728 0.053417 -0.041494 0.026587 0.004746 0.018976 -0.019601 0.003529 -0.090150 -0.022662 0.016789 0.061087 0.021735 0.067927 -0.024474
0.063665 -0.042168 -0.047825 -0.051816 0.026889 0.006655 0.072702 -0.017861 -0.027603 0.009179 -0.015417 0.043867 0.027272 0.044104 0.086207 -0.021621 0.026509 -0.012160 0.046867 0.100252 0.080764 -0.043092 -0.001428 -0.040516 -0.014861 0.040116 0.003289 0.069815
0.082835 0.078108 -0.010077 -0.029281 -0.001615 -0.037953 0.003618 -0.006268 -0.009786 -0.016902 0.042560 -0.056103 0.048199 -0.092145 0.009283 -0.039691 -0.008912 -0.047638 0.009435 -0.096184 0.046048 -0.067637 0.065144 -0.016956 -0.064208 0.059425 0.000247 -0.062560
0.064830 0.016198 -0.026338 -0.051663 -0.033492 0.016695 -0.049595 0.054716 0.041312 -0.037403 -0.034549 -0.039432 0.048813 -0.098623 0.003458 -0.114476 0.009266 -0.041321 0.032834 0.023703 0.076175 0.027083 -0.072661 0.047125 -0.016898 -0.038096 0.036521 0.028714
-0.068847 -0.064353 0.078749 0.078004 0.025522 0.051527 0.062150 0.048445 0.015983 -0.011512 -0.046922 -0.100045 0.111786 -0.044110 0.019999 0.000749 0.076220 0.011839 0.067624 -0.012126 0.088617 -0.038446 -0.129244 0.079461 -0.036432 0.071339 0.027294 0.008480
0.008479 -0.007600 0.130196 0.009798 0.068198 0.003327 -0.012994 -0.006169 0.063588 -0.032145 -0.036858 -0.090549 -0.026793 0.035268 0.045633 0.007924 0.021973 -0.064582 -0.032196 0.050754 0.083387 -0.000670 0.025844 0.034345 -0.133679 -0.027916 -0.061723 -0.003749
0.074713 0.022405 0.046367 0.051211 0.045368 -0.010862 0.000737 0.041513 -0.046927 0.087719 0.002015 -0.024276 0.112129 -0.036082 0.067765 -0.024747 0.065328 -0.060643 -0.087768 0.034524 0.107248 -0.018826 0.014953 0.067029 -0.044662 -0.000881 0.003387 0.003195
0.060292 -0.001926 0.107570 0.005673 0.029341 0.004534 -0.056281 0.052963 -0.068886 0.014621 -0.009735 -0.085302 0.136704 -0.005660 0.090241 -0.033648 -0.016561 -0.119500 -0.050813 0.026554 0.051907 0.032223 -0.096066 0.049522 -0.056614 -0.069561 0.010626 -0.025087
0.057144 -0.115474 0.138202 -0.063186 -0.036480 -0.095974 -0.059159 0.005404 -0.124119 0.000610 0.088798 -0.003221 0.091204 0.027690 0.098393 -0.047346 0.066819 -0.062230 -0.083119 -0.018352 0.099604 0.027395 0.038385 0.067429 -0.007798 0.068017 -0.108511 -0.141140
0.050042 0.016519 0.029806 0.034093 -0.000625 0.049637 0.031125 0.016886 -0.087823 0.024884 0.001686 -0.040592 0.113768 0.007410 -0.043624 -0.037803 -0.158553 -0.088294 -0.005272 -0.042582 0.068086 -0.087560 -0.023082 0.005250 -0.052596 -0.042648 -0.066033 0.001870
0.062818 -0.077847 0.086969 0.009168 -0.054104 -0.097356 -0.111340 0.012859 -0.043855 0.035983 0.017686 -0.144431 0.034523 0.021344 -0.014006 -0.019635 0.078495 -0.110431 0.058972 0.004944 0.014729 0.065106 -0.005068 0.004348 0.035060 0.038737 -0.045387 -0.052041
0.042292 -0.110976 0.017251 0.033215 0.000855 0.019110 -0.143552 -0.043075 0.005642 0.000218 -0.002550 -0.060026 0.080822 0.050838 -0.012170 -0.021507 -0.024819 -0.070151 -0.013073 0.015325 0.035592 -0.051131 0.036498 0.000506 -0.090838 0.081014 -0.061804 -0.033293
0.112574 -0.194111 0.067589 0.050469 -0.031501 0.032632 -0.137712 -0.029374 -0.015262 0.038431 0.057055 -0.058133 0.148482 0.008496 0.047488 0.037612 0.073316 -0.093223 0.002964 0.004073 0.064179 -0.079554 -0.057420 -0.037929 0.011114 0.058933 -0.047128 -0.003566
-0.028523 -0.082929 -0.028755 0.021828 -0.029490 -0.016507 -0.144138 -0.162363 -0.066152 0.020532 0.014014 -0.025318 0.019537 0.014673 0.011325 0.046933 -0.010748 -0.042345 -0.076780 -0.069359 0.031272 -0.057842 -0.000448 0.096996 -0.028165 0.142745 0.064746 -0.009216
-0.033195 -0.154747 -0.008743 0.044071 -0.013336 0.005172 -0.046199 -0.151547 -0.013033 -0.066961 -0.015588 -0.015712 0.067187 0.040239 0.032157 0.051743 0.014889 -0.066724 -0.009842 -0.070868 -0.029271 0.003635 0.014104 0.023394 -0.005828 -0.010012 -0.080965 -0.002263
-0.025253 -0.156344 0.010829 0.029910 0.005855 -0.051045 -0.131638 -0.226432 -0.026285 0.137414 0.075691 -0.037230 -0.033262 0.049617 0.047136 0.064855 -0.042177 0.015766 0.053738 0.021355 0.047198 0.076465 -0.004142 -0.045326 -0.009949 0.076361 -0.012118 -0.045918
0.026977 -0.112843 0.064722 0.025992 -0.030989 -0.057895 -0.055810 -0.164896 -0.030757 0.091784 -0.038667 -0.007198 0.070509 -0.014531 0.040328 0.032828 0.034934 0.058477 0.006078 -0.052046 0.022520 0.020432 0.024343 0.015367 -0.111790 0.123458 0.066920 -0.023802
0.005242 -0.069836 0.004476 -0.059061 -0.021510 0.045551 -0.018363 -0.082637 -0.021131 0.020362 0.042545 -0.008344 0.033992 0.001773 0.014588 0.039866 0.050833 0.059507 0.057732 -0.043587 0.055658 -0.017485 -0.001930 -0.005505 -0.066651 0.056921 -0.049984 -0.018858
-0.056581 -0.053921 0.044950 -0.060881 -0.055014 -0.014055 -0.048620 0.007478 -0.008484 0.049155 0.003347 -0.068187 0.067815 0.046609 0.080664 0.058514 0.008029 -0.073277 0.056684 0.002313 0.057311 0.022917 0.007667 -0.015823 0.041976 0.000265 0.010092 0.018593
0.019726 0.010548 0.089271 0.045142 -0.112825 -0.029860 0.119076 0.102994 0.011779 0.043220 0.057204 -0.010163 0.085454 -0.012279 0.087364 0.022947 0.055996 -0.027156 0.023071 -0.002699 0.032558 -0.040192 -0.023553 0.010079 -0.015373 0.029545 -0.015201 0.005003
-0.042895 -0.075535 0.051494 -0.003155 -0.106628 -0.005177 0.044325 0.034374 0.026760 0.074154 -0.001985 -0.059688 0.090032 0.062134 0.090964 0.014724 0.008444 -0.071616 0.028241 -0.003193 0.047633 -0.131113 -0.038576 -0.038833 -0.000900 0.023473 -0.018682 -0.041172
0.004263 -0.017457 0.076566 -0.010186 -0.135907 0.018050 0.003141 0.067971 0.011564 0.036932 0.041416 -0.060176 0.084201 -0.090171 0.076545 -0.022368 -0.015540 -0.018814 0.000021 0.005936 -0.025517 -0.079632 -0.073296 0.014704 0.026063 -0.034522 0.034653 0.020751
0.017363 0.069022 -0.002461 0.043315 -0.125064 0.065013 0.066089 -0.031215 -0.000769 0.065460 -0.004825 -0.080873 0.028006 0.061555 0.119523 -0.016702 0.045136 -0.045739 0.030972 0.044247 0.001241 -0.017060 -0.068128 0.043209 0.025765 -0.002211 -0.066295 0.058741
-0.017240 0.091487 0.068662 -0.069439 -0.017646 -0.166311 0.101274 0.057301 -0.072502 0.019595 0.058339 0.008609 0.122352 -0.028202 0.133544 -0.023987 -0.107115 0.007989 0.028241 -0.083545 0.006111 0.011267 0.040678 0.087331 -0.000470 -0.000809 -0.014463 0.009986
0.121184 -0.003017 -0.043725 0.088328 -0.058871 -0.002504 -0.011705 -0.067118 0.009489 -0.070386 -0.023640 -0.045624 0.024407 -0.083490 0.058346 0.052081 0.001013 0.001238 0.058019 -0.081704 0.019466 -0.006037 0.015869 0.064111 0.031449 -0.023092 -0.028292 0.032766
-0.055568 -0.032017 0.023988 0.038804 -0.017417 0.051387 -0.000500 -0.063927 -0.019142 0.042676 0.007559 -0.088728 -0.008522 0.043946 -0.057612 -0.100019 -0.024416 0.013716 0.053080 -0.037286 0.084250 0.015873 0.087354 0.012007 0.018862 0.004850 -0.070160 0.049456
-0.056030 0.022259 0.041520 -0.040048 -0.090707 -0.061138 -0.062428 0.024884 0.004862 -0.070865 0.012427 0.045535 -0.034559 -0.006830 0.009276 -0.044824 0.031447 -0.068712 -0.042906 0.012089 0.043765 0.045900 0.002080 -0.041684 -0.041236 0.057145 0.119766 0.074736
-0.020636 0.035044 0.029499 -0.004822 0.029198 -0.025014 0.030713 -0.014838 -0.014868 0.002977 0.014559 -0.005009 -0.043838 0.033033 0.013305 -0.004089 -0.022028 -0.069909 -0.004294 -0.005294 0.041056 0.020378 0.032003 -0.039950 -0.004627 0.119379 -0.020448 0.074511
0.097357 0.026212 0.023415 0.013243 -0.004857 -0.043413 -0.009301 -0.092345 -0.003850 0.039233 -0.013975 -0.064180 -0.128848 0.109327 -0.029374 -0.028667 0.093336 0.071520 -0.024021 0.035481 -0.049657 -0.049474 0.028668 0.050306 -0.027811 -0.049252 -0.026725 0.012630
0.055156 0.006739 -0.004657 0.004098 -0.000903 0.015145 0.025680 -0.036325 -0.045838 0.009727 0.085827 -0.041016 0.055136 -0.027299 0.074563 0.060412 0.052726 -0.112420 0.007511 -0.050276 0.027444 -0.045056 0.051530 -0.008528 0.010401 -0.015960 -0.012465 0.027699
-0.005289 0.063516 0.041337 0.007308 -0.037139 0.056180 -0.014622 -0.012508 -0.020028 0.031377 0.032951 -0.011136 0.089701 -0.024253 0.060785 0.058973 -0.031447 -0.097308 -0.076181 0.059553 0.070228 0.036849 -0.065732 -0.026878 -0.075711 -0.021049 -0.078678 -0.028599
-0.006974 -0.012779 0.104189 -0.005991 0.090528 0.183294 0.044468 -0.059685 -0.057855 -0.079712 0.004703 -0.165305 0.008616 -0.035636 0.145298 -0.082413 -0.051728 0.021332 -0.038992 0.031969 0.101074 -0.005872 -0.021471 -0.002702 -0.033380 -0.025174 -0.053649 -0.012791
-0.041335 -0.002937 0.110344 0.000512 0.022923 -0.076813 -0.027044 0.035834 -0.113930 0.062997 0.045489 -0.028531 0.007462 -0.012813 0.001955 -0.052493 0.051501 -0.051235 0.044598 0.061836 0.070332 -0.012588 -0.028212 0.021699 -0.113796 -0.073457 0.070951 0.072416
-0.085583 0.055197 0.054824 0.066393 -0.077889 0.047375 -0.029461 0.063972 0.008643 0.059947 -0.057671 -0.137504 -0.012332 -0.057780 -0.059385 -0.011256 -0.020628 -0.075296 0.103945 -0.027619 0.047274 -0.019760 -0.054103 -0.030863 -0.087037 -0.022397 -0.032057 -0.007696
0.028925 0.013013 0.032061 0.036375 0.019306 0.018646 -0.038956 0.015981 0.074972 0.016904 -0.019922 -0.106388 0.075838 -0.042068 0.104275 0.044388 0.006384 -0.090358 0.016244 -0.061639 0.070309 -0.007235 -0.092393 0.051546 -0.066486 -0.006721 -0.069941 0.031969
0.016308 -0.013697 0.068987 0.003317 0.033849 -0.022444 -0.069161 -0.010872 -0.037293 -0.051970 -0.061545 0.034310 0.063628 -0.018510 0.054148 0.014290 -0.143314 -0.082603 -0.028543 0.017574 0.063883 0.008618 0.003097 0.025973 -0.067530 -0.091591 -0.020437 -0.068859
0.045828 0.021211 0.054944 -0.013961 0.057520 -0.022642 -0.040609 0.067006 -0.030407 0.111616 0.080253 -0.050287 0.040119 0.080838 0.022216 -0.003608 -0.011263 -0.104388 0.036157 -0.055250 0.061677 -0.030024 0.105442 -0.001326 -0.062195 -0.075283 -0.024548 -0.024094
0.107687 -0.133448 0.041123 0.026109 -0.046292 0.064557 -0.114890 0.009820 -0.068783 0.014845 -0.093672 -0.137201 0.119853 0.028935 0.059655 -0.008224 0.065551 -0.114781 0.000048 0.028249 0.019415 -0.023387 0.015601 -0.006368 -0.052479 0.038777 -0.030852 -0.034943
0.084752 -0.061483 0.038177 0.013057 -0.002717 0.069588 -0.130729 0.046947 -0.020987 -0.026591 0.066407 -0.006859 0.047873 0.038028 -0.007009 0.042388 0.039044 -0.075073 -0.046120 -0.045532 0.011083 0.002258 -0.013823 0.049724 -0.015792 0.006171 -0.057355 -0.109037
-0.007899 -0.043558 -0.012228 -0.014253 -0.052649 0.043562 -0.107054 0.036339 -0.089121 0.064823 0.003486 -0.054955 0.050951 0.096766 0.035784 -0.105817 -0.018582 -0.058706 0.007867 -0.093036 0.100022 -0.022871 0.054484 0.026973 -0.051125 0.016452 -0.022256 -0.081200
0.024075 -0.097065 0.083070 -0.056191 -0.004631 -0.020545 -0.136824 0.034004 -0.053498 0.050290 0.060227 -0.087307 0.094321 0.058491 -0.014959 -0.005481 0.002638 0.024732 -0.012376 0.063099 0.011670 0.080681 -0.002057 -0.077254 -0.034266 -0.004998 0.027346 -0.038338
0.105884 -0.151342 0.042862 -0.011195 -0.026651 -0.070154 -0.063334 -0.070441 -0.091988 -0.032723 0.076412 0.007778 0.045614 0.065889 0.081618 0.029995 0.039153 -0.039642 0.025021 -0.057677 0.069535 0.027229 0.043927 0.004514 -0.020849 0.178027 0.036787 -0.060790
0.075844 -0.068252 0.023371 -0.032822 -0.020788 -0.020909 -0.050604 -0.275052 -0.011967 -0.030446 0.010123 -0.011758 0.028718 0.085648 0.050065 -0.066252 0.069264 -0.044720 0.085977 -0.090443 -0.073085 0.034045 -0.024693 -0.043190 0.011643 0.167237 0.085843 0.048892
-0.107121 -0.221490 0.030784 0.027340 -0.064525 -0.029573 -0.090742 -0.141000 -0.025729 0.025380 0.002195 0.042283 0.142123 0.025979 -0.040881 -0.016418 -0.043161 0.098728 0.087128 0.071881 0.081097 -0.031106 -0.044975 -0.014968 -0.045396 0.128551 0.032132 -0.043926
0.042261 -0.020796 0.023972 -0.022112 -0.026109 -0.125529 -0.018482 -0.019549 0.034826 0.032553 0.025044 -0.042669 0.040952 0.058421 0.007661 -0.053754 0.009288 0.078347 0.013902 0.100808 0.051329 -0.081702 -0.059565 0.007181 -0.039265 0.124576 -0.081700 -0.033341
-0.052901 -0.084238 0.077213 -0.034132 -0.094253 -0.119602 -0.080497 -0.001325 -0.056427 0.069883 0.069830 -0.066174 0.096662 0.052006 0.153138 0.089585 -0.001594 0.051699 0.021792 -0.076883 0.011901 -0.085168 -0.020942 0.049301 -0.108688 0.074396 0.036765 -0.038968
-0.012149 -0.050115 0.019061 -0.053301 0.052963 -0.069514 -0.018357 -0.027445 -0.049035 0.042777 0.005578 -0.074023 0.104746 0.045902 -0.026337 0.047601 0.014681 -0.020913 0.028990 -0.064223 0.037666 -0.011020 -0.054327 -0.074937 0.051129 0.012976 0.018906 -0.030189
-0.050768 -0.087115 0.041213 -0.072966 -0.037469 -0.072783 -0.096767 0.057480 0.038559 0.124459 0.059351 0.012063 0.039826 0.047500 0.039963 -0.033438 0.092801 0.001939 -0.009577 0.000532 0.070383 -0.058690 0.057252 0.083677 0.040092 0.033188 -0.034993 -0.012473
0.009962 -0.010390 0.004943 -0.059102 -0.010525 -0.036478 0.070510 0.024725 0.037007 0.014784 0.043892 -0.038429 0.048167 0.021465 0.057716 -0.026370 -0.026729 0.015763 -0.017053 -0.001565 0.106470 -0.037239 -0.119061 -0.033830 0.023953 0.003166 0.076945 -0.000707
0.036770 0.011187 -0.063289 -0.082328 -0.030949 -0.094021 0.001032 0.061433 0.124752 0.070271 0.051565 -0.041107 0.024419 0.012829 0.050375 0.043435 -0.001379 -0.101353 0.055604 -0.008273 -0.009243 -0.023955 0.070133 0.024587 0.045580 0.053224 -0.012032 0.070049
-0.013431 0.006234 0.085888 -0.008491 -0.043457 -0.036850 0.043406 0.055107 0.027343 -0.010028 -0.022573 -0.048861 0.077037 -0.020914 0.078654 -0.017575 0.051772 -0.080228 0.023234 0.009213 0.061596 -0.017101 -0.056763 0.027552 0.034171 0.066968 0.027307 -0.024547
-0.001720 0.076329 -0.069572 -0.111757 -0.116427 0.047377 -0.064312 -0.005755 0.028347 0.060840 0.080582 -0.071329 0.048185 0.078253 -0.049368 -0.024300 0.012379 -0.017954 0.015067 0.045199 0.033503 0.005666 0.022100 0.076992 0.071688 -0.062514 0.095075 -0.018640
-0.140057 -0.032537 0.063104 0.072608 -0.105232 0.091069 0.010012 0.039780 -0.107518 0.012250 -0.057303 0.078515 0.104623 -0.028333 0.065333 0.003237 0.018639 0.009463 0.053581 -0.146322 -0.027380 -0.045018 -0.048069 -0.048446 -0.017766 -0.082170 -0.033660 0.116562
0.008181 0.063788 0.018331 0.015925 -0.016437 -0.020688 0.036522 -0.014132 -0.048598 0.079417 0.031689 0.040399 -0.040303 -0.052513 0.018645 -0.084136 0.048097 -0.010237 -0.017109 -0.031263 0.017839 0.000683 0.026741 -0.042097 0.050134 -0.008277 -0.050484 0.024708
0.013896 -0.009125 -0.016651 0.014167 0.085102 -0.056487 0.015518 -0.023098 0.057563 0.027014 -0.004912 0.125684 -0.055617 -0.001067 0.026952 0.033638 0.006264 -0.035012 0.035227 0.045279 0.009211 0.062301 -0.065722 0.054966 0.029667 0.008123 -0.055862 -0.016011
0.107619 -0.034334 -0.059150 0.066324 0.022418 -0.068430 -0.028102 0.000879 0.057518 0.003230 0.009172 -0.001414 -0.004306 0.001251 -0.041113 0.060409 -0.064611 -0.013367 -0.036432 -0.072714 -0.056636 -0.048253 -0.072673 -0.061369 -0.003096 -0.057518 0.002748 -0.033482
0.029186 -0.110206 0.068578 0.049602 0.091145 0.049129 -0.119537 -0.122194 -0.015557 -0.087663 -0.033460 0.036974 0.007105 0.044017 -0.080750 -0.015014 0.129611 0.008249 -0.090919 -0.008360 0.034406 -0.058757 -0.050243 0.021745 -0.011232 0.020689 -0.018206 -0.057195
0.068381 -0.004238 -0.077043 0.008613 -0.056768 0.068368 0.001194 0.025344 0.053250 -0.126797 0.056864 0.023455 0.087025 0.127915 0.040862 0.045139 0.023711 0.060123 0.052516 0.121807 0.020330 -0.012318 0.024634 0.074637 0.019291 -0.039138 0.139753 0.022930
-0.013234 0.035651 0.079856 0.085242 0.100976 0.016868 -0.076164 -0.001098 -0.012960 -0.040978 0.011737 0.016420 0.051840 0.009035 0.018255 0.033848 0.012094 0.034211 -0.068918 0.051801 0.015028 -0.069390 -0.031180 -0.017209 -0.010791 -0.078547 0.013185 -0.038707
-0.027079 0.073499 0.052214 0.015226 0.007953 -0.094161 -0.059653 -0.001367 -0.035364 0.029399 -0.029130 -0.030139 -0.012791 -0.035940 -0.005544 -0.067218 0.052245 -0.041192 0.037924 0.012579 0.099451 -0.093019 -0.015255 0.024554 -0.066337 0.022591 0.021264 -0.014540
0.002384 -0.020409 -0.001902 0.030392 0.100021 0.023727 -0.003137 0.111097 -0.081968 0.048787 -0.030007 -0.031048 0.115751 -0.053894 0.059185 0.048035 -0.055349 0.003538 0.009308 -0.013111 0.121111 -0.012717 -0.052575 0.016642 0.013863 0.055083 -0.023305 -0.086797
0.031427 -0.012658 0.043876 -0.019481 -0.010681 0.013330 0.023437 -0.016471 -0.114534 0.043061 -0.025889 -0.023189 0.028098 0.030996 0.017748 0.007041 -0.015809 -0.023662 0.018565 0.021218 0.129269 0.041795 -0.032115 0.043120 -0.062986 -0.004029 0.030501 -0.015479
-0.012342 -0.037620 0.106648 -0.014249 -0.000956 -0.049413 0.022944 0.037272 -0.008739 0.152013 -0.027404 -0.003508 0.123664 0.008813 -0.031625 -0.002633 -0.067587 -0.016236 -0.044754 -0.029826 0.113128 -0.059678 -0.054569 0.018939 -0.048183 -0.006530 -0.003855 -0.050149
-0.002525 -0.085929 0.020846 0.009516 -0.099094 0.128791 0.057297 0.001171 -0.083949 -0.016507 0.001818 -0.036090 0.062923 0.013684 -0.015518 -0.022005 -0.046006 -0.092236 0.095861 -0.005306 0.095614 0.057808 -0.024680 -0.002226 -0.034288 -0.095333 -0.003843 -0.064947
0.060345 0.031370 0.061714 0.001341 0.013102 0.053806 -0.123739 -0.050090 -0.003374 0.073760 0.042828 -0.047794 0.018573 0.018233 0.010666 -0.018358 -0.017277 -0.077236 0.096233 -0.006141 0.101276 -0.128113 -0.020063 0.048570 -0.050830 0.008433 0.013423 -0.008694
0.035692 -0.043967 0.086107 0.061382 0.010223 0.001599 -0.012711 -0.056358 -0.060528 0.073436 -0.014336 -0.029923 0.085040 -0.010931 -0.035513 -0.093245 0.009935 -0.070268 0.016172 0.025338 0.107890 -0.052865 0.053453 -0.041632 -0.027600 -0.071947 -0.016108 -0.021729
-0.017468 0.015021 0.090228 -0.148322 -0.022675 0.010183 -0.093026 0.073712 -0.109916 0.042867 0.009107 -0.102659 0.128438 0.039941 -0.021527 -0.007640 -0.001309 -0.008299 -0.045176 -0.030713 0.049849 -0.036748 0.013733 0.004701 -0.070627 -0.004641 -0.148840 -0.030871
0.075681 0.021056 0.030942 0.012951 -0.031979 -0.040427 -0.158153 -0.009656 0.002531 -0.000571 -0.011868 -0.010826 0.061865 0.128048 0.038480 0.037941 0.053721 -0.118840 0.038500 -0.004892 0.083237 -0.008557 0.094832 0.048079 -0.027156 0.030446 -0.049544 -0.120951
0.097268 -0.005885 0.060755 -0.033835 -0.025653 -0.087766 -0.121632 0.007920 -0.049058 0.086005 0.051314 -0.038174 0.013263 0.033871 0.044137 0.034553 0.006441 -0.028540 0.001041 -0.004510 0.047779 -0.070593 0.058055 0.053373 -0.044127 -0.029097 -0.060767 -0.047781
0.075403 -0.040221 0.031906 -0.036356 -0.063710 -0.032714 -0.067584 -0.099000 -0.029529 -0.073342 0.026383 -0.045601 0.096331 0.081700 0.052426 0.002542 0.028914 -0.012824 0.010925 -0.040249 0.079223 -0.068408 0.039278 -0.042935 -0.093694 -0.001207 0.013183 0.005387
-0.065256 -0.009359 0.110537 -0.034812 -0.052596 0.042619 -0.015439 -0.217210 -0.048218 -0.109318 -0.071040 0.032247 0.063105 0.047786 0.060600 -0.032958 -0.018221 -0.026338 0.078209 0.024118 -0.030860 -0.022727 0.003708 -0.032742 -0.013480 0.104557 -0.151908 -0.103421
-0.004026 0.007632 0.008949 -0.091443 -0.031491 0.038272 0.042014 -0.114285 0.021845 -0.073387 0.101309 0.002944 0.056681 0.018380 0.144798 0.051708 0.017102 -0.000858 0.026889 -0.065834 -0.050748 -0.017922 0.016139 0.013026 -0.035012 0.106276 -0.019397 0.003467
0.003919 -0.019970 0.092722 0.082600 -0.004281 -0.147559 0.014835 -0.050195 0.016357 0.033287 0.026907 -0.043709 0.007699 0.046259 0.059213 0.047221 -0.001175 -0.049379 -0.018625 -0.068142 0.071131 -0.027649 -0.029293 -0.134991 -0.010676 0.045878 -0.009641 -0.061949
-0.036373 0.005295 0.013348 -0.000325 -0.053441 -0.007070 -0.072124 0.108693 -0.009709 0.100413 0.060143 -0.055655 0.078394 -0.033942 -0.057508 -0.005237 -0.017965 0.082527 -0.080261 0.027334 -0.061507 -0.086344 -0.000964 0.053286 0.005088 0.049315 -0.098914 -0.036139
0.007233 -0.012898 0.018530 0.040988 -0.037881 -0.065763 -0.048235 0.030972 0.055249 -0.079149 -0.034601 -0.017946 0.059142 0.090014 0.063515 0.051026 -0.032818 -0.024770 0.122875 0.035815 0.050936 -0.144932 0.001851 -0.039196 -0.066809 0.047520 -0.006642 -0.036523
-0.019154 0.032670 0.011170 -0.072044 -0.088938 -0.077552 -0.022067 0.035337 -0.004377 0.077100 0.049622 0.003435 0.053941 -0.008399 0.044996 -0.006182 -0.000157 -0.001981 -0.070818 0.003709 0.065738 -0.087228 0.045685 -0.053082 0.028035 -0.012358 0.008629 0.004402
-0.052821 0.062220 0.019439 -0.059396 -0.000696 -0.016505 0.021767 0.131855 -0.015196 0.050008 0.002653 -0.037838 0.144335 -0.071750 0.055388 -0.012578 0.034256 -0.058842 0.029162 -0.015472 0.060429 -0.084069 -0.042635 -0.053362 -0.031926 -0.016475 -0.011483 0.011279
0.053913 0.033283 0.082885 0.099229 0.000898 0.006504 0.075806 0.007142 -0.064398 0.076324 -0.005949 -0.086253 0.067216 0.117353 0.035834 -0.015414 -0.029702 0.015691 0.032493 -0.026807 0.055162 -0.048585 0.043559 -0.066320 0.033896 -0.050004 -0.026258 -0.089660
0.043323 -0.046806 -0.010540 0.000476 -0.074448 -0.057637 0.086141 0.012679 0.013444 0.043290 0.090079 -0.063997 0.059342 0.011649 0.039999 0.039003 -0.049228 -0.046804 -0.049396 -0.047867 0.049962 -0.036692 -0.037475 0.022223 -0.011966 -0.015205 0.107339 0.041507
-0.104590 -0.110694 0.005230 0.028366 -0.149516 0.026526 -0.014900 0.032291 -0.058700 -0.003855 0.096982 -0.100613 0.067670 0.011844 0.132388 -0.018445 0.023392 0.050553 -0.039060 -0.031329 0.169929 0.046272 -0.099513 0.014904 0.064799 0.046390 -0.022272 0.007984
0.004714 0.021775 -0.072008 0.072384 -0.012606 0.070509 0.041250 -0.042485 0.072721 0.076164 -0.100342 -0.006064 0.094104 -0.086363 0.081956 -0.053036 -0.002029 -0.083314 0.045260 0.144620 0.050999 0.070709 0.029120 0.029830 -0.008357 -0.131394 0.001361 -0.007718
0.024705 0.037246 -0.001269 0.039619 -0.030008 -0.048232 0.051476 -0.081460 0.041000 -0.012078 0.005108 -0.013997 -0.088070 -0.058878 -0.001683 -0.012199 0.036186 0.064127 -0.007224 0.033338 0.059197 0.090168 0.050680 -0.061277 0.058252 0.015971 0.046925 -0.065614
0.041841 -0.049741 0.022586 -0.074851 -0.060801 0.061052 -0.069959 0.009026 0.032573 -0.019179 0.016610 0.000621 -0.049118 0.036001 0.047937 -0.035068 -0.029033 0.073885 0.002815 0.002776 0.000607 -0.072100 -0.024063 0.050442 -0.060982 0.083596 0.072719 0.013195
-0.048215 0.079073 -0.046763 -0.024603 -0.004169 0.057029 -0.024154 0.034199 0.036254 -0.008249 -0.159096 0.014851 0.050641 0.033689 -0.083105 -0.047809 0.085303 -0.002200 -0.036274 -0.023713 0.043850 0.057815 -0.015527 -0.008123 0.056622 -0.046183 0.013572 0.017469
0.016221 -0.022557 0.036057 0.078817 -0.017977 -0.016608 -0.023833 -0.056345 -0.000694 0.003685 -0.033529 0.049516 0.008992 0.041979 -0.021244 -0.002327 -0.046848 -0.028953 -0.145940 0.118487 0.003747 -0.075102 0.062158 0.072328 0.027086 -0.117696 0.067588 -0.073723
0.004707 0.030483 -0.035419 -0.015815 0.044641 -0.033304 -0.066560 -0.070887 -0.062886 -0.005086 -0.002185 0.016565 -0.035463 -0.030520 0.079000 0.037147 0.022878 0.012724 -0.065893 -0.004088 0.037709 0.005252 0.049680 0.085832 0.011281 -0.062678 -0.007053 0.058600
0.073135 0.067650 -0.055905 0.060760 0.018177 -0.028913 -0.086522 -0.072019 0.016506 -0.057446 -0.037347 -0.086401 0.123805 0.062537 0.082194 0.002418 0.053333 -0.033748 -0.054168 0.011209 0.012345 0.091411 -0.064747 -0.115500 0.063000 -0.031663 0.040466 -0.069031
-0.048450 0.036260 0.117165 0.000305 0.007620 0.025554 0.072307 -0.010706 0.033730 0.025199 0.018330 0.006723 0.071284 0.109028 0.005018 0.080580 0.000601 0.000170 0.064906 0.020634 0.096719 0.059978 -0.052642 0.028091 -0.096767 -0.048252 0.003354 -0.033222
-0.115190 -0.015798 -0.009327 -0.002651 -0.049451 0.075526 0.004490 0.004899 -0.065518 0.037462 -0.069067 0.013598 0.051517 -0.104307 0.002130 -0.030239 -0.074794 -0.025638 -0.044775 0.023690 0.099237 -0.019913 -0.064476 0.017014 -0.126164 -0.047604 0.009394 0.052033
0.009835 0.047311 0.061526 -0.007600 0.046026 -0.023968 0.060628 0.074815 -0.033145 0.068259 -0.010776 -0.006845 0.037486 -0.038099 0.076314 -0.043328 0.024915 0.032819 0.029385 -0.021393 0.011491 0.014264 -0.032877 0.063715 -0.102388 0.003152 0.057771 -0.008749
-0.002324 -0.035241 -0.029872 0.068777 0.083365 0.108419 -0.113656 0.028759 -0.119535 0.084821 -0.051772 -0.002179 0.140558 0.012754 0.054274 0.001112 -0.051716 -0.082195 0.022487 0.068000 0.185271 -0.020785 0.010416 0.018576 0.030061 -0.026652 -0.003821 0.054119
-0.047867 0.069891 0.009055 0.090070 0.038382 0.014720 -0.031866 -0.005925 0.003648 0.036040 0.029477 -0.038679 0.095857 0.031118 0.005431 0.041839 0.010438 -0.030242 -0.014212 -0.024644 0.110178 -0.041068 0.064556 0.047405 -0.016154 -0.103922 -0.015665 0.032259
0.129315 0.015415 0.002101 -0.025726 0.011738 0.166681 -0.034685 0.125601 -0.064452 0.009504 0.011624 -0.061577 0.012831 -0.016479 0.005397 -0.022149 -0.018236 -0.063660 -0.018766 -0.044480 0.060697 0.022190 0.069596 -0.014135 0.028464 -0.046818 -0.065857 0.029363
0.072842 0.009958 0.043521 0.093304 -0.027157 0.094095 -0.121138 0.019383 -0.114967 0.046824 0.013895 -0.083108 0.073037 -0.011435 0.013895 -0.045691 -0.049221 -0.035491 0.047871 -0.025534 0.071618 -0.104726 0.059722 0.121313 0.074202 -0.122298 0.008400 -0.062172
0.044422 -0.018184 0.006440 -0.002701 -0.038389 0.066391 -0.115169 0.041726 -0.035130 0.002137 -0.008042 0.008096 0.068183 0.036968 0.059716 -0.051992 -0.045725 -0.067026 0.072895 -0.015974 0.019893 -0.005682 0.015302 0.012480 -0.079801 0.042575 -0.056465 -0.001557
0.063255 0.017685 0.028495 -0.023436 -0.001909 -0.082462 -0.053759 0.121268 -0.012438 0.001723 -0.008737 -0.085794 -0.002720 0.005526 -0.030970 -0.014397 -0.103661 -0.056484 -0.014630 0.016182 0.073987 -0.139618 0.074573 0.049432 -0.075849 0.056784 -0.074382 0.008949
0.003723 -0.009233 0.151761 -0.020075 -0.011136 -0.016484 -0.019377 -0.028926 -0.027999 -0.035029 0.079495 -0.018186 0.065499 -0.008745 0.014686 0.001084 -0.004976 -0.024183 -0.022639 0.010094 0.062401 -0.061486 0.006488 0.011959 0.065999 0.085058 -0.038009 -0.036233
0.023349 0.044243 0.032647 0.006327 -0.059222 -0.035841 -0.117670 -0.094965 -0.057639 -0.006701 -0.025816 -0.043808 0.006495 0.089187 -0.018016 -0.023591 -0.076851 -0.078500 -0.024522 -0.037488 0.056215 0.032905 0.034624 0.044456 -0.076741 0.094977 -0.015218 -0.006032
0.076887 0.076168 0.051309 -0.061309 0.004175 -0.099623 0.021928 -0.209870 0.057028 -0.053533 -0.026532 0.033130 0.147648 0.093150 -0.044840 0.009169 -0.062064 -0.039357 -0.042518 -0.046675 0.107257 -0.069524 0.084923 -0.051586 -0.099117 0.140441 0.019175 -0.044231
0.068345 0.091686 -0.009541 -0.038558 -0.008305 -0.054689 -0.090172 -0.062050 -0.026112 0.023878 0.046508 -0.042316 0.107379 -0.044707 0.067373 0.057424 -0.020275 -0.070121 0.006453 0.031850 -0.033591 -0.038487 -0.001003 0.026611 -0.115354 0.198237 -0.000090 0.017553
-0.089919 0.010475 0.046732 -0.018199 -0.009476 -0.006599 -0.086677 0.005956 -0.034024 0.075362 0.030016 -0.062198 0.089296 0.026477 0.016908 0.011032 0.007900 0.026568 0.087122 -0.040209 -0.017299 -0.098681 -0.031882 0.010309 -0.037347 0.059843 0.129846 0.049795
-0.006866 0.014082 0.029004 -0.024581 -0.004913 -0.085581 -0.013275 0.104405 -0.056242 0.071846 -0.023945 -0.036559 0.032673 -0.011153 0.065779 0.012120 0.030918 -0.016255 0.038688 -0.012116 -0.084636 -0.103716 0.070571 0.036331 -0.038440 0.080206 -0.009960 -0.042119
-0.022306 0.073383 0.044784 0.043353 -0.024465 0.013009 -0.008099 0.046646 0.071113 0.074945 0.074267 -0.014427 0.062762 -0.015068 0.022601 0.003067 0.010580 -0.006991 0.096254 -0.009378 0.032270 -0.019544 -0.080523 -0.039673 -0.000309 -0.022404 -0.008091 -0.074351
-0.023914 -0.045850 -0.007253 0.097029 -0.017864 -0.105948 0.005926 0.074537 0.051069 0.050788 0.007034 -0.021667 0.103072 0.023685 -0.007115 -0.003387 -0.012628 0.019595 0.004864 0.065815 -0.003948 -0.096150 0.058449 -0.031023 -0.014890 0.106134 0.010410 -0.005453
-0.011761 -0.021381 -0.007686 0.049259 -0.083941 -0.100385 0.063898 -0.005390 -0.009834 0.020289 0.027571 -0.049879 0.076904 0.019162 0.077278 0.007431 0.054238 0.084848 0.042016 -0.058898 -0.007932 -0.128895 -0.070273 0.058783 -0.070080 0.006091 0.085588 0.012809
-0.042704 -0.005601 0.002445 0.066894 -0.072036 0.019689 0.098723 0.120376 -0.016283 0.015934 0.000979 0.002630 0.053766 0.060395 0.046552 0.030220 -0.003250 0.026198 0.019897 -0.012546 0.008894 -0.085950 -0.051588 -0.001588 0.010924 0.074217 -0.052763 0.019772
-0.045184 0.003959 0.085666 0.088002 -0.030819 0.013624 -0.061621 0.027969 0.056111 0.047304 -0.007775 0.017078 0.106514 0.030268 0.080552 0.009627 0.009912 0.028894 0.012804 0.065591 0.035386 -0.013619 -0.019077 0.043972 -0.067316 0.067075 0.023293 -0.050391
-0.037005 0.011304 -0.041311 0.029581 -0.106356 -0.057890 0.137615 0.073403 0.079177 -0.001793 0.073993 -0.080465 0.117360 -0.015861 -0.039160 -0.096052 -0.023414 -0.162573 0.016273 -0.031955 0.045048 -0.115447 0.023723 0.011908 -0.063113 -0.002007 0.070494 0.000101
0.005791 -0.053495 -0.021090 -0.057140 -0.129937 0.016871 -0.006979 -0.070307 0.014513 -0.009384 0.018704 -0.049053 0.016625 -0.011424 0.134630 -0.054543 0.000440 -0.035420 -0.025890 0.088889 0.070925 0.041500 -0.031769 -0.046631 -0.037690 0.012800 -0.059694 -0.045708
0.037767 0.057083 -0.104004 -0.040094 -0.000674 -0.116722 0.033932 0.017422 -0.037937 -0.035992 0.120399 0.030850 -0.024143 0.013220 -0.001498 0.004114 0.134266 0.016942 -0.043581 -0.002496 -0.080823 -0.061172 -0.042210 0.002291 0.026323 -0.057214 -0.001919 0.070542
0.009383 -0.001130 -0.054118 0.005484 0.010745 -0.023958 -0.061416 -0.173781 0.160762 0.011939 0.009341 0.032613 -0.032689 -0.064465 -0.035568 0.013532 0.012290 -0.058607 -0.076739 -0.040354 0.119293 -0.054804 0.071062 -0.063920 -0.022759 -0.072601 -0.081690 0.008817
0.001237 -0.030997 0.049284 0.028958 0.074595 -0.061895 -0.005820 0.026123 0.003817 -0.005193 0.057740 0.096551 -0.013781 -0.009596 -0.033075 -0.020940 -0.082771 0.072416 0.066399 -0.001230 0.004449 0.015099 -0.161806 -0.031697 0.032162 0.003128 0.052189 -0.013199
0.006219 0.028464 0.027466 0.029535 -0.042642 -0.050592 -0.098071 -0.013726 -0.058402 -0.017533 -0.030254 -0.023605 0.030235 -0.076601 0.020719 0.003890 -0.025370 0.017564 0.077900 -0.032173 -0.028285 0.105685 -0.079877 0.032870 -0.099291 0.063633 0.009325 0.033684
-0.020241 0.009064 0.023260 0.015707 -0.021328 -0.036932 0.032623 -0.088657 -0.061927 0.131411 0.079626 0.006105 0.038983 -0.069966 -0.036221 0.046555 0.041476 -0.021359 0.034100 0.047000 0.132959 -0.022595 0.071311 0.083818 0.052807 -0.035473 0.062975 0.031858
0.056720 0.016510 -0.018731 0.063958 0.047513 -0.081982 0.036531 0.015179 0.016298 0.056275 -0.006195 -0.053643 0.050885 0.026528 0.127242 0.070385 0.021123 -0.004505 -0.019086 -0.048496 0.088018 0.001213 0.012377 0.012492 -0.048607 0.018721 -0.106418 -0.092782
-0.070038 -0.124337 -0.029784 0.004849 -0.060472 0.057064 -0.033650 -0.021655 -0.012553 -0.011946 -0.050572 0.013587 0.048653 -0.060740 0.089906 0.006878 0.049554 -0.072399 0.075491 -0.042994 0.072515 -0.028132 0.012555 0.013147 -0.073441 0.009406 -0.056002 -0.010647
0.009934 -0.034985 0.006668 0.062914 0.035091 0.030219 0.026261 0.094898 0.004467 0.157250 0.043361 0.066094 0.024317 -0.019741 -0.047074 0.053117 -0.002906 -0.033082 0.047222 -0.040003 0.050050 -0.022700 -0.085906 -0.017081 -0.140035 0.021158 0.026781 -0.020181
-0.024772 0.036457 0.003526 0.043884 0.064020 0.181756 -0.021280 -0.017392 -0.076613 0.085590 0.002860 0.006039 0.066301 0.035472 0.053281 -0.005846 0.034281 0.096129 -0.026113 0.109763 0.002230 0.086723 -0.039954 0.070978 0.023256 -0.063208 -0.042624 -0.006343
-0.047903 0.027691 -0.003967 0.017929 -0.030904 0.122027 -0.035844 0.048774 0.034840 0.059641 0.004098 -0.024917 -0.010342 -0.067435 -0.029179 0.030167 0.050580 0.051763 -0.005384 -0.032180 0.136133 -0.008516 -0.064622 -0.013767 -0.077977 0.014327 0.023699 -0.020570
-0.049659 -0.019685 -0.051985 0.030352 0.016911 0.017749 -0.036445 0.143583 0.085128 0.098947 -0.032209 -0.013714 0.141828 -0.021456 0.002903 0.024164 -0.064239 0.057674 0.033209 0.043647 0.008321 0.051820 0.041242 -0.061933 0.011806 -0.034025 -0.042603 -0.028332
-0.068959 0.042047 0.054455 0.006948 -0.002887 0.067630 -0.066287 0.055562 0.074924 0.123028 0.043610 -0.093989 0.067998 -0.040672 0.012548 0.000096 -0.024471 -0.004277 0.002968 0.035526 0.065193 -0.022736 -0.036745 -0.047345 -0.091710 0.017011 -0.053951 -0.027814
-0.001694 0.006651 0.049301 0.045040 0.020882 -0.051010 0.073222 0.027810 0.092168 0.054311 -0.018041 -0.031786 0.119500 -0.022869 -0.006702 0.067565 0.024643 -0.048179 0.006046 -0.000429 0.033099 -0.043067 -0.051041 0.014334 -0.073097 -0.075103 -0.023046 -0.066234
-0.010081 -0.005241 0.054533 0.056902 0.005026 0.026255 -0.044869 0.070293 0.028844 0.046231 0.020740 -0.138874 0.076926 -0.042835 -0.047608 -0.023185 -0.013665 -0.016428 -0.040507 -0.125932 0.043900 0.001811 -0.020651 -0.086812 -0.003738 -0.114416 -0.033231 -0.051882
0.025118 0.070202 0.072227 -0.027758 -0.100509 0.040578 -0.091163 0.056731 -0.008823 -0.012075 -0.001129 -0.084453 0.099840 0.006185 0.034891 -0.051435 -0.026151 -0.013457 -0.032949 -0.072320 0.018266 0.039405 -0.024172 -0.027097 -0.142069 -0.090090 -0.033154 -0.020240
-0.014134 0.066671 0.058909 -0.024706 -0.012931 -0.049864 -0.034096 -0.015619 0.005490 0.026722 -0.030911 -0.065782 0.094802 -0.080775 -0.002947 -0.001612 0.046469 -0.000003 -0.054514 0.054068 -0.013174 -0.001847 -0.019725 0.048860 -0.085896 -0.008853 0.009754 -0.033953
0.030888 0.096733 0.119533 -0.013831 -0.022571 0.061361 -0.057396 -0.149203 0.004429 -0.017182 0.000447 -0.062680 0.081977 0.002015 -0.059078 0.056068 0.056059 0.005131 -0.039797 -0.023173 0.067893 -0.084480 0.044890 -0.013957 -0.197534 0.095103 -0.054655 -0.002010
0.023802 0.040678 0.071578 -0.020436 -0.058344 -0.066635 -0.030806 -0.185225 0.041359 -0.136164 -0.059610 -0.018958 0.055755 0.023726 0.042599 0.014007 -0.034880 -0.044705 0.038572 -0.109194 0.019113 -0.025972 -0.054692 0.053277 -0.088048 0.079507 0.032170 -0.125489
0.013584 0.081924 0.002603 -0.046599 -0.049161 -0.075856 -0.024866 -0.071327 0.034239 -0.057172 0.000175 0.026632 0.073028 -0.027298 -0.019410 0.029989 0.016575 -0.093944 0.064755 -0.028037 0.007974 0.030256 0.065789 -0.011910 -0.071035 0.049574 -0.016086 -0.052569
0.015855 0.078293 -0.049270 0.014393 0.019281 -0.025949 -0.006008 0.052518 0.079447 0.058480 -0.060768 0.023166 0.024743 -0.002659 0.033742 0.047041 0.048930 -0.038202 0.011134 0.086752 0.033528 -0.010334 0.031847 -0.079325 -0.029042 0.099562 0.114417 -0.080682
0.008729 -0.018010 0.038279 0.028788 -0.020283 -0.029645 0.083153 0.047742 0.016608 0.036390 -0.036484 -0.040830 0.072779 0.045455 0.010461 0.017735 -0.006545 -0.005593 0.004009 0.018734 -0.023832 -0.032090 -0.034981 0.047672 -0.045962 0.008520 0.083499 -0.018977
0.029745 0.031471 0.010353 0.072712 0.022189 -0.000888 0.051492 0.089032 -0.041859 0.071636 0.029408 -0.030643 0.095088 -0.038235 -0.037762 0.019087 -0.044576 -0.002962 0.051979 -0.047262 0.054221 -0.100424 0.100897 0.073202 -0.019353 0.115046 0.098669 -0.029261
0.039229 0.029584 0.002404 0.028349 0.008045 -0.032821 -0.006377 0.033544 0.017323 0.030920 -0.001590 0.085136 0.068687 -0.047987 0.002749 0.005270 -0.055837 0.067098 -0.024008 0.088154 -0.034756 0.003786 -0.029501 -0.028955 -0.082222 0.057430 0.078824 -0.019214
-0.096081 -0.069770 -0.043173 0.095784 -0.018808 -0.047931 0.002452 0.034581 0.068359 -0.017801 0.033827 0.001564 0.089845 0.035406 0.055591 0.038740 -0.013213 0.021024 0.025885 0.008567 -0.038817 0.007550 -0.001207 0.037604 -0.006366 0.086005 -0.050595 -0.037154
0.052897 -0.009485 -0.050835 0.019375 0.006588 -0.040768 -0.016321 0.080451 0.063041 -0.057991 0.073772 -0.067112 0.194276 -0.029913 0.022616 -0.078379 -0.026401 0.023384 -0.057195 0.059571 0.049210 0.003865 -0.018088 0.019016 -0.137160 -0.067428 0.094617 -0.037696
-0.031645 0.026927 0.026708 0.005502 -0.075728 0.040859 0.082373 0.003870 0.032030 -0.061192 0.075522 -0.006640 0.072830 0.011822 0.064187 -0.002253 -0.029842 0.068500 0.029532 0.022238 -0.007527 -0.028882 -0.042844 0.022947 0.054130 -0.001851 -0.002282 -0.015886
-0.009057 -0.032732 -0.018476 0.023996 -0.037930 -0.021075 -0.062001 -0.015129 -0.022511 0.100364 -0.005591 -0.024299 0.132434 0.000548 0.068199 -0.012452 0.054345 -0.011470 0.012138 0.040047 0.073855 0.088055 0.013835 -0.092080 -0.091989 0.016087 0.050353 -0.079783
-0.067357 0.090926 0.050929 0.127048 -0.003677 -0.007464 0.031962 0.003134 0.050946 -0.013999 0.062834 -0.029042 0.035183 0.020786 0.083226 -0.000843 0.007919 0.039065 -0.019876 -0.037623 0.045597 -0.013291 0.024861 0.006490 -0.017793 -0.106040 0.009779 -0.066513
-0.026053 -0.109679 -0.068472 0.056044 -0.019629 -0.086548 0.062107 -0.027529 0.005466 0.023612 -0.035273 -0.024088 -0.003627 -0.049678 -0.023467 0.049328 -0.086080 0.019035 0.050497 -0.070690 -0.001391 0.001691 -0.001551 -0.009691 -0.064496 -0.006654 0.071575 -0.041493
-0.043630 0.152235 0.017778 -0.021259 -0.036251 0.007032 -0.012608 -0.032352 0.050261 0.078350 -0.025029 -0.040223 0.047276 0.022528 0.000302 0.037868 -0.002276 -0.000933 0.011239 -0.016354 -0.034731 0.077457 -0.100264 0.044791 -0.052432 0.067407 -0.068486 -0.035304
-0.033401 -0.050965 0.022600 -0.044843 -0.054815 0.025469 -0.026986 0.057315 0.138226 0.017859 0.018933 0.037367 -0.010559 0.082812 -0.069374 0.008533 0.004635 -0.030221 0.026385 -0.013868 -0.019061 0.007488 0.099137 -0.116816 0.033246 0.009175 0.021420 0.070019
0.028418 -0.041005 -0.030063 -0.031289 -0.062445 -0.023522 -0.027952 -0.020697 0.052993 -0.018516 0.013435 -0.062471 0.027281 -0.062636 -0.025632 0.048985 -0.004023 0.106916 -0.037354 0.058805 -0.023689 -0.019405 0.036764 -0.020217 -0.017790 -0.011363 -0.003119 -0.005681
0.050774 -0.031581 -0.031820 0.032577 -0.037131 -0.000384 -0.047484 -0.030774 -0.012404 -0.042814 -0.011747 0.053309 0.007497 0.035170 0.026677 -0.021258 0.002448 0.036721 0.028917 -0.035403 0.143964 -0.071862 -0.058548 -0.062843 0.089629 0.100108 0.044466 -0.014174
0.005972 -0.003924 0.053932 0.057679 0.032219 0.031753 -0.014458 0.003588 0.028100 -0.036924 0.027054 0.021134 0.045359 -0.045583 0.010640 -0.097625 -0.004467 0.030728 -0.009488 0.089560 0.053266 0.006175 -0.004648 -0.025315 -0.057761 0.013677 0.045018 -0.009819
-0.010080 0.037210 -0.048700 0.002408 0.082155 0.059536 -0.021585 0.030946 0.033788 -0.038462 -0.055317 -0.003044 0.023338 -0.019739 -0.039955 0.085651 -0.014028 0.155303 0.025751 -0.000973 -0.040414 -0.020471 -0.101571 -0.004152 -0.029753 -0.023558 0.033249 -0.116210
-0.003437 -0.036028 -0.120402 0.048196 0.000306 0.070927 -0.052972 -0.079179 0.053548 -0.029929 0.002083 0.025575 0.049285 0.098033 0.154488 0.027518 0.042656 0.015436 -0.043363 -0.005076 -0.104611 0.070355 -0.011482 0.035321 0.011376 -0.028820 -0.035205 -0.021712
-0.189131 -0.062728 -0.009843 0.116155 -0.018676 0.127810 0.019384 -0.044029 0.119332 -0.021682 0.031935 0.101982 -0.014407 0.066883 0.014906 -0.033753 -0.028140 0.077571 0.001980 -0.042431 -0.091391 -0.051182 -0.098303 0.029641 -0.073390 -0.011653 -0.001701 -0.073685
-0.091308 -0.078623 -0.050882 0.050714 0.045188 0.002122 -0.030173 0.052977 0.159068 0.045926 -0.066203 -0.022601 0.137098 0.020485 0.025720 -0.048496 -0.004393 0.097776 0.023031 -0.029619 0.059222 0.027999 -0.007276 -0.080123 0.000979 -0.011391 0.077977 -0.005926
0.000635 0.029068 -0.014216 0.134268 0.111422 0.079663 -0.038785 0.027963 0.092706 0.053269 0.075025 -0.008622 0.046075 0.024507 -0.013778 0.002071 0.011840 0.031892 0.048088 0.021585 0.032841 0.088787 0.051024 0.079498 -0.020370 -0.032637 0.058745 0.051972
-0.031378 -0.085948 0.011545 0.135481 0.061280 0.055389 -0.085213 0.023353 0.065611 0.046560 0.018255 0.017620 0.063183 -0.053774 -0.017725 -0.033009 -0.047128 0.080522 -0.063290 -0.036315 -0.054011 0.060471 -0.049451 -0.080620 0.008501 -0.062302 -0.074270 -0.070904
0.017975 0.090511 -0.028815 0.030656 0.039202 0.107398 -0.137838 0.094310 0.124547 0.061827 0.041490 0.018178 0.080128 -0.048933 0.040423 -0.062097 -0.009356 0.017066 0.013443 0.031770 0.005061 -0.015440 -0.004481 0.007002 0.000535 -0.084260 -0.054977 0.029596
-0.056083 0.055430 -0.077150 0.069851 0.067329 0.079052 -0.078772 0.048747 0.097238 0.066727 0.001548 0.034447 0.050046 0.010116 -0.125238 -0.013205 -0.043445 0.006558 -0.082978 -0.024383 -0.036823 -0.000951 -0.041619 -0.041691 -0.048507 -0.041644 0.074301 -0.104356
-0.083663 0.070883 -0.039928 -0.039707 0.030974 -0.065825 -0.129338 0.087941 0.071606 0.032401 0.027951 0.031313 0.082236 0.001405 -0.003331 -0.076291 0.006096 -0.074921 -0.066846 0.063095 -0.022624 -0.033267 -0.065493 0.014138 -0.037083 -0.015396 -0.074896 -0.132130
-0.094328 0.105431 0.038482 0.132931 -0.074663 -0.008360 -0.116179 0.052751 -0.014957 -0.019283 0.008677 -0.097294 0.109770 0.035583 -0.032736 -0.036537 -0.042333 -0.022439 0.057098 -0.090081 0.034113 0.054028 0.032990 0.052673 -0.025572 -0.116623 -0.007270 -0.052709
0.123651 0.164911 -0.167538 -0.006661 -0.043057 -0.071868 -0.096781 -0.250480 0.004614 -0.057760 0.025462 0.000869 0.140649 0.026622 -0.017822 0.011629 -0.010402 -0.081444 0.057946 0.110025 0.013787 0.023890 0.086226 0.014870 -0.077439 -0.114956 0.042633 -0.083035
0.053156 0.110208 -0.162823 -0.067577 -0.031178 -0.032991 -0.069228 -0.051072 0.058860 -0.034514 0.012774 -0.017256 0.042129 0.005572 -0.115151 0.038103 0.011533 -0.158978 -0.025561 -0.054326 0.058288 0.080785 0.114310 0.089255 -0.137973 -0.011861 0.089305 -0.053476
0.036972 0.051274 -0.037020 0.045910 -0.042759 -0.043052 -0.033613 -0.044954 -0.126808 0.048902 0.013844 -0.136988 0.084747 0.030676 -0.063810 -0.013764 0.085366 -0.118127 0.008477 0.035220 0.063545 0.062133 -0.017099 0.004312 -0.056387 -0.000560 0.122031 -0.036203
0.081205 0.086467 -0.019287 0.091608 -0.002454 -0.016923 0.024934 0.069995 0.034713 -0.017288 0.049928 -0.072839 0.135077 0.006268 -0.010306 0.024442 -0.098647 -0.119196 0.060154 -0.031325 -0.053637 0.022120 0.026653 0.054382 -0.065648 0.061247 0.100286 -0.051871
-0.015319 0.025017 -0.063940 0.018550 -0.035862 -0.055259 0.112337 0.072664 0.090672 -0.003548 0.025525 -0.086222 0.083405 0.046508 -0.023012 0.086913 0.013945 -0.022134 -0.014062 0.024716 -0.015034 -0.003626 0.063801 -0.015375 -0.049368 0.104684 0.112436 -0.017735
0.024351 0.041346 -0.070500 0.108636 -0.086113 -0.100685 -0.045996 0.063275 0.089053 0.133559 0.050049 -0.012761 0.084653 0.025552 0.040440 -0.010840 -0.064543 0.030618 0.071627 -0.015022 -0.046431 0.125031 -0.081582 0.053278 -0.084807 0.066057 0.033294 -0.031830
0.039940 -0.018777 0.006271 -0.023776 -0.026257 -0.044944 0.072523 0.055412 0.029157 -0.064872 -0.031895 -0.046676 0.157140 0.005576 0.011475 -0.047659 0.056364 0.018570 -0.048642 0.001021 0.019230 -0.004281 0.085273 0.040807 -0.071665 0.074733 0.079728 -0.132015
0.113315 0.039601 0.055376 -0.108641 -0.086995 -0.021404 0.096259 0.071819 0.035825 -0.055306 0.001822 -0.087060 0.035901 -0.029630 -0.004842 0.012229 -0.025901 -0.036856 -0.013491 -0.050543 -0.063225 0.030828 0.014944 0.059300 -0.019914 0.111326 0.053665 -0.062667
-0.119802 0.020846 -0.029900 -0.011760 -0.046161 -0.047788 0.092702 0.068044 0.082657 -0.028822 0.011041 -0.027277 0.099899 -0.020121 -0.002159 0.100155 -0.013270 0.128303 0.004156 0.026792 0.020772 0.153502 0.093924 -0.031052 0.010913 0.115359 -0.036425 -0.068348
-0.031026 -0.051076 -0.106562 0.007241 0.070123 -0.077965 0.024303 -0.001902 0.015593 -0.013625 0.127485 -0.052881 0.146041 0.122057 0.008394 0.056192 -0.108079 0.080810 -0.029420 0.041086 0.001126 0.101903 0.022429 0.055877 -0.028525 0.047675 0.054083 -0.129778
-0.016447 0.067132 0.108140 0.084099 -0.070401 0.009278 0.128352 0.054870 0.068126 -0.035157 0.135032 0.049594 0.125745 0.025183 0.040499 0.099276 -0.066633 0.028103 -0.097119 -0.089731 0.055583 0.064052 -0.008155 -0.001133 0.009338 0.040163 -0.035374 -0.046282
-0.051778 0.055469 -0.046252 0.073954 -0.096199 0.086638 0.070126 -0.030731 -0.071485 0.057572 -0.043926 -0.004110 0.051562 -0.017088 0.063789 0.011569 -0.064300 0.062179 -0.021224 -0.008354 0.042851 -0.022613 0.040087 0.059999 0.016929 -0.063464 0.107567 -0.104037
-0.047160 -0.009556 0.056875 -0.016670 0.077562 -0.091379 -0.042850 0.011638 0.000505 0.033277 0.034935 -0.048425 0.022251 0.041588 0.053369 0.045384 -0.007056 0.027226 -0.021244 0.061187 0.100385 -0.065057 -0.096226 -0.044731 -0.045477 0.035007 -0.031566 0.035477
0.091161 0.003224 -0.016374 -0.001998 0.071058 -0.007035 -0.035248 0.039621 0.096394 -0.007547 0.015401 -0.049892 0.053873 -0.084121 -0.047991 -0.016621 -0.047643 0.004998 -0.068756 0.113902 -0.088110 0.013002 0.029183 0.000442 -0.003775 0.063898 0.117132 -0.032251
-0.058731 0.024254 -0.049577 0.075224 -0.046618 0.024805 0.003243 0.072603 -0.066031 -0.004766 0.027605 -0.061474 0.038780 0.011307 0.099611 0.019289 -0.061070 -0.031327 -0.022096 -0.007928 0.008894 -0.025412 0.088704 -0.142667 -0.009639 0.075621 0.059836 0.004076
0.074333 0.007463 -0.046155 0.004678 0.001960 -0.030159 -0.048728 -0.056904 0.023390 0.077743 0.023582 -0.055786 -0.037660 0.034455 -0.028460 -0.088536 -0.012912 0.010043 -0.038091 0.016026 0.023536 -0.021578 -0.065817 -0.004853 -0.040639 0.006619 -0.068226 -0.111788
0.037145 0.064325 0.014384 0.003940 0.029656 0.069657 -0.050900 0.015479 -0.005638 -0.011371 -0.131272 0.032297 0.108679 -0.014252 0.041553 0.030886 0.043359 0.051822 -0.027030 0.003542 0.057824 0.075571 0.022938 0.018546 -0.018719 0.083042 -0.023670 -0.052585
-0.145296 -0.070555 0.089666 0.102599 0.033773 0.052734 0.010914 0.092867 0.040642 -0.027596 0.014342 0.007323 0.057888 -0.067029 0.031746 -0.051283 0.089165 0.056951 -0.022457 0.019688 0.022298 0.024970 0.047965 -0.148921 0.028047 0.042023 -0.060540 -0.042320
-0.020630 -0.029283 -0.027790 0.052325 0.000151 0.045293 0.036584 -0.035049 0.079035 0.148230 0.031502 0.051564 -0.007279 0.066237 0.028284 0.048286 -0.062871 -0.002641 -0.069904 0.027281 0.005254 -0.044309 -0.023161 0.061906 0.027038 -0.081651 -0.037665 -0.021796
-0.032926 0.053319 0.000947 0.035486 0.035410 0.003097 0.011132 0.080467 0.058773 -0.062193 -0.003497 0.013849 0.102329 -0.009904 0.095566 0.036862 0.034212 0.038735 0.010726 0.018836 -0.138977 -0.075667 -0.117713 -0.003109 0.012918 0.048718 -0.102724 -0.064100
-0.011361 -0.032968 -0.085390 0.018445 0.020334 -0.124833 -0.014356 -0.032402 0.023115 0.018310 -0.064299 0.083525 0.053461 -0.047496 0.062897 0.042330 -0.030179 0.063912 0.052184 -0.040308 -0.086576 0.038608 -0.118041 -0.060798 -0.001767 -0.005092 0.063759 0.038961
0.010051 0.089898 -0.049671 0.111542 0.104999 0.077576 -0.083417 0.018804 0.100420 0.045858 0.017488 0.042970 0.072283 0.062474 0.023217 -0.007840 0.042886 0.039829 0.007055 0.036870 -0.031843 0.033864 0.096346 0.054891 -0.040994 0.014618 -0.031973 -0.077337
-0.020860 0.048512 -0.020906 0.084160 -0.060148 0.089044 -0.002649 0.063509 0.078195 -0.036429 0.066524 -0.110855 0.064488 0.035268 0.006518 -0.044901 0.038159 0.097877 0.021708 -0.021211 -0.081805 -0.009134 -0.054184 0.018730 0.064357 -0.052475 0.009793 -0.055921
-0.101434 0.036899 -0.032738 0.082950 0.123444 -0.059621 -0.073614 0.071108 0.102104 0.126652 0.006488 0.032266 0.015870 0.040403 -0.008374 -0.008553 0.029494 0.019814 -0.077929 0.031117 -0.101583 0.019060 -0.012117 -0.043306 0.012717 -0.037991 -0.045309 -0.035211
-0.027151 -0.005385 -0.018858 0.085800 0.059491 0.016440 -0.080551 0.082950 0.103158 0.082666 0.001998 -0.030745 0.058921 0.051412 -0.116826 0.026051 -0.025650 0.039344 -0.127358 -0.002352 0.021166 0.077443 0.003208 -0.051686 0.067246 -0.107073 -0.036347 -0.054301
-0.083480 0.056308 -0.086348 0.079242 0.024244 0.041512 -0.085580 0.032303 0.069810 0.064946 0.018266 -0.051047 0.008309 -0.008092 0.022050 -0.035520 -0.053080 0.011782 -0.079406 -0.012426 -0.074507 0.016171 -0.006010 0.005781 0.023740 -0.183071 -0.062628 0.011496
-0.054019 0.128108 -0.181398 -0.033995 0.058908 0.040230 -0.151510 0.026875 0.056069 0.004594 0.084627 0.084829 0.022954 -0.020730 0.039558 0.004889 -0.004181 -0.064442 0.001451 0.033420 -0.121280 0.035256 -0.016174 0.003738 0.018938 -0.064418 -0.070010 -0.048015
-0.026870 0.068367 -0.137336 0.060871 0.081160 0.021835 -0.136960 -0.111923 0.061793 0.086139 -0.023681 0.000210 0.090339 0.011586 0.060279 0.032910 -0.011987 -0.112673 -0.002794 0.043137 -0.043271 0.047684 0.095293 0.064184 0.059811 -0.139312 0.055049 -0.044912
-0.043055 0.119875 -0.117254 -0.110113 -0.074823 -0.037858 -0.093367 -0.114951 0.016092 0.054076 -0.019720 -0.033478 0.034135 -0.039548 0.064936 -0.058477 -0.002988 -0.146385 0.047891 -0.147341 0.051651 0.107642 0.009606 0.072107 0.039755 -0.122496 0.095023 -0.064261
0.055125 0.093665 -0.080223 0.024176 -0.008440 -0.074240 -0.077259 -0.098328 0.001100 -0.081408 0.024643 -0.052160 0.067050 -0.043559 -0.050086 -0.075116 0.074919 -0.132258 0.018179 0.041119 -0.032960 -0.007740 -0.044021 0.002534 -0.159584 0.067314 0.067157 -0.089249
0.030158 0.059003 -0.017431 -0.059765 -0.043468 -0.061359 0.005061 0.017998 0.068750 -0.074531 -0.076870 -0.057692 0.047477 0.053135 -0.023670 -0.047839 -0.073228 -0.069459 0.063089 0.003130 -0.019733 0.166516 0.089725 -0.032841 -0.011512 0.081726 0.103934 -0.088509
0.093017 0.011907 -0.011157 -0.054793 -0.026633 0.024641 0.033677 0.098641 -0.039658 0.040578 -0.063330 -0.038303 0.108473 0.040593 -0.042267 -0.040408 0.009062 0.003090 -0.017381 0.091567 0.035241 0.018151 0.000224 -0.017297 0.000935 0.135135 0.123971 -0.072701
0.088380 0.029071 -0.025078 0.060227 0.027281 -0.078206 -0.030222 0.110769 -0.032240 -0.011008 -0.084432 -0.028947 0.097156 -0.049125 -0.058892 0.079972 -0.061021 0.067328 0.073912 -0.064115 -0.008183 0.155386 0.033682 -0.029630 -0.063437 0.066317 0.030466 -0.067366
0.030437 0.078841 0.065518 -0.049555 0.021458 -0.061304 0.036790 -0.028709 0.000163 0.010006 -0.014934 -0.112648 0.044514 -0.017088 -0.014539 0.011945 0.023742 0.032820 -0.034890 0.043720 -0.029521 0.221656 0.062326 0.049987 -0.086636 0.114850 0.000100 -0.089616
0.007523 -0.032064 -0.058640 0.091711 0.058957 -0.020100 0.042839 0.006019 0.024731 0.036735 0.029036 -0.004987 0.063114 0.004412 -0.044092 0.128335 -0.028591 0.003546 0.039448 0.030933 0.036861 0.185946 -0.002949 -0.113356 0.016156 0.082296 0.033695 -0.055707
0.008475 0.016998 -0.112276 -0.046320 0.000137 0.013783 0.075400 -0.020880 0.056042 -0.107076 -0.021988 -0.025424 0.076887 0.018359 -0.041087 0.047772 -0.063998 0.034395 -0.065153 0.072439 0.053640 0.087441 0.109226 0.082426 -0.098432 0.114104 0.036687 -0.059304
0.097646 -0.003580 -0.026724 0.018103 -0.028780 -0.049484 0.051135 0.034611 0.101113 -0.052211 0.022127 -0.012887 0.078290 0.014990 -0.044369 0.058791 0.044906 0.068866 -0.049059 0.024499 -0.076027 0.134690 0.019276 0.060356 -0.100890 0.132570 -0.039003 -0.133879
0.022731 0.078145 -0.077459 0.033718 -0.009750 -0.051112 -0.066140 -0.019190 0.016425 -0.040475 0.050664 -0.008335 0.086966 -0.031605 0.011698 -0.006127 0.047085 0.140797 -0.095044 -0.021582 0.044322 -0.005860 0.096820 0.085878 -0.012645 -0.039232 0.014929 -0.125229
0.047482 -0.053294 0.065143 -0.001618 0.017252 0.031439 0.081685 0.093172 0.053824 0.002323 0.065723 -0.061643 0.001958 -0.010452 0.061051 0.025303 -0.017168 0.046034 -0.136738 0.021500 -0.045996 0.051380 0.138731 -0.009561 0.063478 0.039838 -0.027331 -0.002420
-0.013305 -0.009736 -0.056720 -0.016287 -0.054762 -0.029749 0.067280 -0.045137 0.009511 0.074749 0.008057 -0.011348 -0.012220 -0.008949 -0.028710 0.012904 0.071372 0.026894 -0.097918 -0.033170 -0.082974 0.030296 0.068330 -0.057016 0.077580 -0.076948 0.029201 -0.027898
-0.000513 0.039627 0.101860 -0.007470 0.052484 0.002328 0.034414 0.067014 -0.004019 -0.027148 -0.040022 -0.018295 0.123433 -0.050783 0.008886 -0.087098 0.014910 0.012938 -0.013699 0.125587 -0.000657 0.135150 -0.010219 -0.080469 0.071557 0.095151 0.017746 -0.067075
0.047829 0.003733 0.023187 -0.065406 0.059936 0.013951 0.055561 -0.123553 -0.012620 0.000040 0.051911 0.035455 0.017315 -0.084062 -0.016394 0.075140 -0.068970 0.034599 -0.009710 0.014543 -0.042235 0.019473 0.032700 0.081025 0.012629 0.073455 0.022728 -0.025222
-0.027837 0.003346 0.044747 0.091021 -0.064410 -0.005349 -0.011015 -0.072548 0.016253 0.059199 0.039219 0.006718 0.032879 -0.036142 -0.063611 0.028624 0.026226 0.039618 0.037335 -0.118931 -0.029803 0.063198 -0.043249 -0.005912 -0.127724 -0.012944 0.020749 -0.040471
0.008854 -0.059747 0.026704 -0.061373 0.004279 -0.063781 -0.007679 -0.033106 0.014106 0.075393 -0.076635 -0.025161 -0.021869 -0.021645 -0.002902 0.060555 -0.020685 0.010950 -0.051286 -0.017522 0.008932 0.067043 0.022630 -0.028228 -0.029576 -0.110324 0.038337 0.029923
0.036085 -0.008454 0.073632 0.124096 0.032762 -0.060953 -0.099015 -0.071821 0.030444 -0.031319 -0.121767 -0.001321 -0.009096 -0.153515 -0.023427 -0.015010 -0.014261 0.017534 -0.030468 -0.048838 -0.054405 -0.062814 -0.058416 -0.013955 -0.029777 -0.011176 0.021463 -0.084297
0.024331 -0.005479 0.060145 0.062995 -0.006083 0.058018 0.029001 0.006202 0.116671 0.024085 -0.006634 0.056836 -0.044285 -0.014197 -0.071639 0.000876 -0.013932 0.001374 -0.018882 -0.070199 -0.021843 0.001716 0.030197 0.062180 -0.121938 -0.051623 -0.115920 -0.047339
0.010188 0.047716 0.027237 0.105775 0.004483 0.099718 -0.115170 0.000599 0.037312 0.012129 -0.005885 0.020408 0.077049 0.049127 -0.007026 -0.071467 -0.065326 0.045205 0.061238 0.028443 -0.096264 0.019469 -0.045462 0.104386 -0.057686 -0.013095 0.017351 -0.065674
-0.032073 0.039657 0.010907 0.004613 0.016482 0.036185 -0.051408 -0.014294 0.095136 0.085755 0.063624 0.027171 0.090986 0.013619 0.054883 -0.002442 0.033574 0.071661 0.083696 0.039622 -0.134200 -0.071261 -0.084771 0.002494 -0.020706 -0.023665 -0.015462 -0.021711
0.046009 0.033943 -0.042586 0.011743 -0.016752 0.010616 -0.068321 -0.071566 0.084602 0.039622 0.046351 -0.002101 0.043574 0.053802 0.113461 0.069914 0.027413 -0.014745 -0.134770 -0.070588 -0.200723 0.024591 -0.090827 0.023098 -0.015569 -0.042609 -0.025096 -0.089363
-0.061943 0.076038 0.023973 0.064979 0.062828 0.029454 -0.137422 -0.015340 0.013939 -0.005243 0.029826 0.056307 0.068202 0.006039 0.004350 0.106670 0.032435 0.045577 -0.009258 -0.044541 -0.034111 0.054317 -0.038158 -0.030878 0.070901 0.065950 -0.001696 -0.075853
-0.056400 0.021965 -0.103396 0.005914 0.097493 -0.051427 -0.032435 0.020579 0.121607 0.033144 0.015931 -0.005586 0.026746 0.039043 -0.025188 -0.014837 0.032537 0.012069 -0.075872 -0.009490 -0.126876 0.018803 -0.003183 0.001840 -0.046632 0.019562 -0.009198 -0.044240
-0.119677 0.161002 -0.030835 0.014234 0.093101 0.031058 -0.058679 -0.047885 0.048702 0.076722 0.037972 0.038223 0.070148 -0.083697 0.043897 -0.010208 0.019747 0.047116 -0.081731 0.006235 -0.020193 0.134284 0.015451 -0.074100 0.057316 0.023470 -0.072545 -0.067515
-0.046829 0.053773 -0.000168 0.128864 0.052390 0.031724 -0.080058 0.121533 0.034078 0.047446 0.093880 0.021820 0.020310 -0.007232 -0.038380 -0.008559 0.068325 -0.016778 -0.087681 -0.043635 -0.058559 0.004633 -0.017405 0.085699 -0.033850 -0.062998 -0.065218 -0.076676
-0.049821 -0.009273 -0.096660 0.023765 0.130282 0.000109 -0.052488 0.030726 0.091335 0.018177 -0.014094 0.033634 0.007349 -0.072689 -0.054250 -0.011045 -0.006692 -0.060040 -0.038454 0.024203 -0.136560 0.024538 -0.017251 -0.027578 0.100355 -0.087369 -0.097636 -0.121408
-0.107960 -0.032142 -0.153043 0.037133 0.045280 0.073925 -0.143702 -0.036552 -0.070427 0.031656 0.070844 0.054393 -0.010770 -0.043207 0.099885 0.027495 -0.036812 -0.114698 0.059101 0.030028 0.031337 0.045887 0.127634 0.013493 0.204767 -0.155056 -0.076162 -0.112464
-0.050429 -0.008500 -0.104666 -0.066749 0.026499 0.055511 -0.059459 -0.242048 -0.046520 -0.079391 0.032926 0.057052 -0.072544 0.072782 0.017174 -0.113881 -0.001228 -0.086168 0.123600 0.049749 -0.031443 0.044971 0.090175 0.061137 0.103497 -0.071770 0.080502 -0.149797
0.025274 0.046599 -0.066489 -0.041925 0.028831 0.054325 -0.157417 -0.178961 0.016124 0.034204 -0.026049 0.008208 0.055244 0.028118 0.037449 -0.036647 0.077210 -0.094105 0.076872 -0.051433 -0.039586 -0.000081 0.067096 0.059884 0.040622 -0.043427 0.038454 -0.086072
0.014948 -0.041330 -0.055386 -0.044610 -0.111273 -0.048128 -0.049239 -0.023001 -0.067030 -0.051500 0.009160 0.027568 0.009689 0.111092 -0.004834 -0.095170 -0.078146 -0.117906 0.094163 -0.054934 0.001352 0.111568 0.020094 0.096544 0.029116 -0.004908 0.004984 -0.149654
0.075651 -0.008382 -0.026885 -0.028178 -0.052574 -0.044742 0.147345 0.104922 -0.073693 -0.076414 -0.067180 -0.031252 0.027012 0.038320 -0.012059 -0.101497 -0.094179 0.006749 0.058411 -0.047142 0.054635 0.039318 -0.005359 -0.018625 0.075889 0.079631 -0.086479 -0.031814
0.084528 -0.004862 -0.078297 0.002940 -0.021563 -0.180361 0.120119 0.008990 -0.049993 0.059683 0.001625 0.007195 0.005395 0.079353 -0.014886 -0.170392 -0.075180 0.062104 0.021367 -0.027404 -0.053245 0.155951 0.024161 -0.028057 0.019480 -0.033661 0.041418 -0.026455
0.133162 -0.083219 -0.058673 -0.065201 -0.014274 -0.029345 0.075283 0.090034 -0.057525 0.006683 0.006807 -0.088181 0.058249 0.039268 -0.001467 -0.099350 0.056435 0.101758 -0.007382 -0.052484 -0.012444 0.128118 0.018560 -0.042609 0.104795 0.065841 -0.132214 -0.160888
0.082525 0.043413 0.030067 -0.001769 0.018441 -0.035631 -0.111040 0.065963 -0.007193 0.034355 0.017514 0.000144 0.067570 0.010229 -0.032913 -0.063515 0.022632 0.053703 -0.078740 0.068767 0.001509 0.055725 0.049403 0.033639 0.038792 0.037297 -0.029105 -0.109995
0.047858 0.042178 -0.033714 0.006413 -0.043135 -0.154703 0.083509 0.030714 -0.018437 0.042076 0.012269 -0.042633 0.055961 -0.058015 0.024277 -0.022964 -0.036625 0.051099 -0.014358 0.097427 -0.004529 0.098859 0.004227 0.016936 0.022027 0.157811 -0.072556 -0.085601
0.016707 -0.045414 -0.019051 -0.147267 0.127155 -0.004300 -0.010446 0.095058 0.003157 -0.081176 -0.021294 0.014076 0.189649 0.056283 -0.001214 0.014797 -0.041100 0.003953 0.125301 -0.043301 0.010035 0.140510 0.095512 0.026433 0.005653 0.070906 -0.127566 -0.089452
-0.013571 0.089750 -0.079901 -0.110409 0.066495 -0.015571 0.082041 -0.017628 0.048571 -0.022552 -0.008341 -0.042285 0.033214 -0.016395 -0.027143 0.049982 0.084324 0.040318 -0.038174 0.024974 -0.001326 0.050550 0.046984 0.061377 0.073144 0.086929 -0.054247 -0.059164
-0.006322 0.004528 -0.056229 -0.090561 0.070764 -0.023920 0.091885 0.025312 -0.010927 -0.017623 0.084803 0.006408 0.019013 -0.006825 -0.015001 0.013518 0.005466 0.019027 0.058037 0.003258 -0.006082 0.098190 0.029088 0.001258 -0.067434 -0.025124 -0.007006 -0.078598
-0.004969 0.058508 0.062999 0.119416 0.044266 0.014011 -0.005110 0.038512 0.056442 0.058367 -0.020854 -0.018959 0.093431 0.001307 -0.073363 0.048678 0.049955 0.049014 0.036186 0.023101 0.007939 -0.008117 0.036579 0.023522 0.072742 0.006926 -0.042240 -0.040071
-0.093716 0.072621 0.069889 0.063369 0.004621 0.106719 -0.035209 0.062108 -0.047989 -0.020653 0.001237 -0.063648 0.024383 -0.064728 -0.002413 -0.028595 -0.074874 0.045157 0.065467 -0.011342 -0.008960 0.128199 0.011354 0.139576 -0.013508 -0.006188 0.032112 -0.003390
0.083319 0.040169 -0.026932 0.019341 0.045058 -0.003013 0.028350 -0.000631 -0.111995 0.025670 -0.022968 -0.025971 0.017724 -0.037961 0.066876 0.053089 -0.070034 -0.076142 -0.007616 0.012717 -0.001856 0.024022 -0.028781 0.017049 -0.040776 -0.000977 -0.024998 -0.004818
-0.014118 -0.006033 0.026557 -0.037986 -0.012809 -0.016149 0.087035 0.037208 -0.013638 0.048925 -0.056359 0.010829 0.063664 0.004038 -0.052089 0.044703 0.003118 -0.048089 -0.023222 -0.029986 0.042068 0.134838 -0.006955 -0.012577 -0.037383 -0.015807 -0.016747 -0.006017
-0.026883 0.054620 0.056483 0.060376 0.030532 0.024398 0.007270 0.072958 0.040369 0.019608 -0.070250 -0.019597 0.072594 0.069397 0.009044 0.021922 0.052422 0.034702 -0.001119 -0.020385 -0.028396 -0.073229 0.003553 0.007700 -0.063106 -0.121756 0.053336 -0.080288
-0.088445 -0.016363 0.017797 0.039801 0.002154 0.026972 -0.059470 0.041528 0.038871 0.077832 0.027950 0.028694 0.089666 0.039584 0.041014 0.038571 -0.034173 -0.003081 -0.161373 -0.016849 0.044255 0.056385 -0.007220 0.028978 0.084906 0.059262 -0.039370 0.023695
0.048136 0.072643 0.004930 0.013565 -0.027676 0.037044 -0.012972 -0.012449 -0.040513 -0.057332 0.018766 -0.024772 0.023747 -0.005499 0.049292 -0.041285 0.026839 0.014182 -0.055127 0.008476 -0.067477 -0.016281 0.079428 0.027093 0.034528 -0.088882 -0.013722 -0.020650
0.001342 -0.068259 -0.042576 -0.036839 0.014470 -0.026454 -0.116108 0.042774 0.026882 0.062395 0.050464 -0.054237 -0.039177 0.055522 -0.018798 -0.046081 0.023717 -0.048585 -0.021453 -0.054005 -0.085094 -0.083439 0.001703 0.039295 0.003366 0.042651 0.060073 -0.014707
-0.012658 0.011623 -0.105725 -0.057242 -0.012467 0.010770 -0.074382 -0.071183 -0.002494 -0.067401 0.051526 0.036353 0.013174 0.008837 0.015477 -0.065528 0.048195 0.012898 -0.001563 -0.015621 -0.181202 -0.027762 0.010730 -0.026678 0.096360 -0.030219 -0.055458 -0.057191
0.014397 0.040378 -0.081974 -0.086822 0.047140 0.075173 -0.055479 -0.013994 0.008767 -0.000147 0.072312 0.031008 0.003825 0.060993 0.079017 -0.109520 0.100292 -0.138909 -0.082638 -0.095560 -0.094359 -0.036728 -0.053890 -0.011913 -0.038073 0.000841 0.065185 -0.018524
0.009530 0.086102 0.028930 -0.103117 -0.015139 0.015634 -0.162506 0.032245 0.013438 -0.062944 0.079428 0.060942 0.060454 0.101793 0.098815 -0.094990 0.011271 0.051062 -0.027546 0.048748 -0.165463 0.016533 -0.080080 0.026104 -0.001958 0.007577 -0.101624 0.044918
0.031817 0.056954 -0.055628 0.043805 -0.003309 -0.052124 0.022523 0.044563 -0.085545 -0.024271 -0.003417 -0.084570 0.011131 0.020545 0.076796 0.031807 0.034346 -0.053743 -0.101548 -0.009310 -0.072618 -0.034520 0.018462 -0.078882 0.004656 0.041922 -0.036367 -0.091838
-0.030547 0.093879 -0.064909 0.051253 0.029511 -0.042780 -0.159361 0.036041 0.006385 0.028498 0.050192 -0.021552 0.024305 0.034811 0.023152 -0.005394 -0.050632 -0.007136 -0.153047 0.064024 -0.045436 -0.051766 0.078764 0.088027 -0.006234 0.022717 0.063703 -0.068764
-0.069683 0.062228 0.021969 0.039960 0.111970 -0.052450 -0.031440 0.066237 -0.005838 0.006609 0.067370 -0.068083 -0.006526 0.054902 0.073005 0.035868 -0.003846 -0.040199 -0.164455 -0.049285 -0.103459 -0.025899 0.009124 0.002698 0.077888 0.038906 -0.066811 -0.044811
-0.087639 -0.002838 -0.071863 0.091003 0.088240 0.105425 -0.111593 0.070004 -0.029894 -0.069942 0.105791 -0.058000 0.042760 0.051978 0.035852 0.058697 -0.009411 0.018327 -0.032960 -0.010582 -0.085601 0.025071 0.097882 -0.074311 0.049395 0.056010 -0.037484 -0.073057
-0.066879 -0.027042 -0.061348 0.079373 0.126197 0.083674 -0.075354 0.050273 -0.077470 0.082467 -0.009089 -0.004827 -0.035065 0.058264 0.083161 0.015153 -0.097659 -0.080171 0.073536 -0.023905 -0.075068 0.076759 0.077405 -0.067842 0.137242 -0.098214 -0.025771 -0.137838
-0.107572 -0.081662 -0.168542 -0.021113 0.105191 0.073337 -0.086648 -0.069866 0.004101 -0.000010 -0.070779 -0.016190 0.040331 0.026064 0.113502 0.050775 0.033085 -0.054127 0.111405 -0.041612 -0.101340 -0.012426 0.079133 -0.013273 0.136253 -0.155087 -0.025624 -0.085059
-0.038621 -0.054042 -0.014587 -0.012881 0.065302 0.074659 -0.047522 -0.165634 0.005905 -0.067103 -0.068999 0.063797 0.022540 0.062821 0.027098 -0.089230 0.036344 -0.146740 0.076982 -0.026201 -0.010186 0.048085 0.037163 -0.016364 0.166152 0.035144 -0.064897 -0.104362
0.040338 -0.037270 -0.045520 -0.053113 -0.115687 -0.049495 0.031870 -0.138300 -0.078953 -0.053697 -0.075864 -0.023360 -0.003062 0.060482 -0.058864 -0.060948 -0.054169 0.030250 0.099284 0.047279 0.028136 -0.057845 0.047580 0.059380 0.123702 -0.019094 0.038349 -0.040626
-0.053230 0.008491 -0.085566 -0.021071 -0.066742 -0.150885 0.126426 -0.011134 -0.041760 -0.014169 0.013054 -0.015829 0.021484 0.086187 -0.022328 -0.145397 -0.029924 0.028082 0.024103 -0.105118 0.024509 0.012198 -0.024947 0.035930 0.022236 -0.005452 -0.029504 -0.073202
0.038195 -0.065269 0.003994 -0.043183 -0.020962 -0.019503 0.018552 -0.059325 -0.025505 -0.065788 -0.047763 0.036003 0.073252 0.057450 -0.001739 -0.127881 0.026389 0.086865 0.003659 0.052389 -0.026636 -0.056473 -0.027725 0.051767 -0.029788 0.052366 0.038523 -0.040399
0.052616 0.038667 -0.015051 -0.009606 -0.034657 -0.107210 0.062930 0.016240 -0.026363 -0.022290 -0.079882 -0.050169 0.007326 0.018673 -0.073426 -0.100561 -0.024771 0.055627 0.017444 -0.009365 0.016723 0.072011 0.008791 -0.029483 0.110309 0.002550 -0.081331 -0.125563
0.082993 -0.063661 -0.038283 -0.105239 0.046323 0.004908 0.084357 0.036403 0.071712 0.044659 0.022392 0.031696 0.014397 0.015162 -0.014536 -0.068849 -0.012492 0.022616 -0.021309 0.059663 -0.031289 -0.050910 0.096349 -0.014706 -0.008972 0.005581 -0.066716 -0.037312
0.006805 -0.007469 -0.033502 0.016618 0.055659 -0.040152 0.050168 0.043561 -0.027223 0.015329 0.062346 -0.065612 0.034106 0.077836 -0.047975 -0.038824 -0.007320 0.014647 0.005468 0.009109 0.000619 0.029113 -0.035798 -0.045422 0.106494 0.040803 -0.117905 -0.089840
0.073997 -0.009892 -0.041637 -0.008159 0.021403 -0.004641 -0.017364 -0.059218 0.087644 0.007000 -0.114170 -0.014045 -0.020961 0.014615 -0.035868 0.051297 -0.020573 -0.057471 -0.105998 0.021261 -0.006977 0.023573 -0.005784 -0.043901 -0.012963 0.060514 -0.114044 -0.009153
0.055931 0.020134 -0.045288 -0.038007 -0.014230 -0.036206 0.052510 0.003335 0.066769 -0.026422 0.006672 -0.063007 -0.000457 0.023281 -0.056012 0.045460 0.022003 0.003438 -0.017422 0.056095 -0.033032 0.061567 0.033002 -0.027443 0.033343 0.019009 -0.126417 -0.177932
-0.080885 0.048609 0.022746 -0.023866 0.051827 -0.101882 -0.005662 0.029241 0.110584 -0.039850 0.075890 0.047134 0.034957 -0.061124 -0.102176 0.069492 0.005208 0.033221 0.026364 0.031769 -0.053816 -0.098804 0.058198 0.048476 -0.039441 0.010657 -0.046018 -0.098825
-0.073121 -0.053945 -0.041712 0.028574 0.096752 -0.073723 0.019950 0.129826 0.062701 -0.074765 0.041331 0.028794 0.060518 -0.062593 0.005096 0.077959 0.030057 0.074609 0.022985 0.030982 0.048331 -0.057739 0.140315 0.048198 -0.047825 -0.024929 -0.080169 0.020158
0.031305 0.084422 -0.024044 -0.020603 0.133541 -0.073967 0.058511 -0.015510 0.053665 0.049335 -0.061616 0.093803 0.026309 -0.002209 -0.043302 0.120964 0.009714 0.039834 -0.029168 0.020921 0.029657 -0.012175 0.097802 0.041439 0.082486 0.033433 -0.041594 0.000398
0.080293 0.066417 0.004928 0.028782 0.001201 -0.051116 -0.092946 0.005847 -0.025965 0.049325 0.010817 0.017773 -0.015163 -0.029695 0.051988 0.017003 0.091403 0.059956 0.055950 0.041577 0.051632 -0.024172 0.035728 0.056896 0.035623 -0.011419 -0.090092 0.076840
-0.004979 0.000014 0.055543 0.108396 -0.078783 0.012635 0.080288 -0.049031 -0.004510 -0.015614 -0.086838 0.009825 0.005382 0.043888 0.018861 -0.032196 0.044255 0.019007 -0.049366 -0.031849 0.044441 -0.092970 -0.052744 0.012242 0.036850 -0.055757 0.032130 0.065451
0.051825 -0.086534 0.038757 -0.065047 0.048661 -0.042207 0.032214 -0.002104 -0.016864 0.023626 -0.112448 0.099631 0.028574 0.028096 -0.148648 0.051784 0.020506 0.117173 -0.062307 0.058031 0.003490 0.110728 0.011761 0.015304 0.054802 -0.043108 0.031556 -0.006144
0.117466 -0.007847 -0.047986 0.048422 0.074070 -0.056042 -0.012052 -0.005648 0.020697 0.024230 -0.055549 -0.002083 -0.121894 0.012797 0.013955 0.029771 -0.020731 -0.019524 -0.010918 0.023648 0.078226 0.027444 0.027876 -0.069995 0.083699 0.031791 -0.021046 -0.012234
0.035016 0.037693 -0.064101 0.017714 0.014519 0.004599 -0.061047 0.050468 0.008028 0.034553 0.049825 0.100562 0.023992 0.030733 -0.037809 -0.021810 -0.049335 -0.040032 0.088512 -0.028430 -0.066593 -0.031186 -0.054894 -0.060876 -0.032842 -0.064169 -0.062406 -0.029077
0.003128 0.005688 0.030206 -0.051345 -0.043708 0.040631 -0.041310 0.048592 -0.036293 0.077359 -0.031491 -0.062670 0.013395 -0.080963 -0.018967 -0.005514 -0.134884 0.069217 -0.016629 -0.077988 -0.065376 -0.136051 -0.011297 0.015913 -0.007882 -0.014847 0.077833 0.030297
0.069123 -0.028246 -0.145247 0.020993 -0.008810 0.109147 0.049715 0.064253 -0.057450 0.074896 0.037912 -0.054936 -0.003314 0.123910 0.051719 0.091153 -0.055214 -0.050417 -0.089057 0.000983 -0.091206 0.051055 0.016905 0.021658 -0.018071 -0.023078 -0.027785 -0.006527
0.113386 0.067945 -0.034720 -0.005260 0.114271 0.036231 -0.085913 0.020002 -0.078683 -0.048149 0.047539 -0.007486 0.003487 0.076549 0.091729 0.059790 0.049760 -0.045822 -0.069060 0.068213 0.011287 0.012791 0.045828 -0.041466 0.019208 0.022057 0.114546 -0.006107
0.067625 0.031769 -0.073717 -0.067822 0.007981 -0.105341 -0.080997 -0.017387 -0.098497 0.047874 -0.007985 -0.016771 0.060661 0.023828 0.086429 0.025154 -0.030913 -0.048933 -0.043389 -0.022955 -0.017228 -0.023354 0.076888 -0.035868 0.010898 0.023539 -0.080109 -0.081870
-0.011303 0.057948 -0.066296 0.014571 0.027544 -0.103181 -0.019872 -0.039462 -0.078451 0.000418 0.070200 0.019412 0.065828 -0.009748 0.026478 -0.036036 0.045387 -0.135746 -0.065556 -0.036150 -0.029659 0.004636 0.039023 -0.019400 0.027127 -0.023258 0.033763 0.021485
0.015525 0.052963 -0.015562 -0.027752 0.085835 -0.100437 -0.043793 -0.037624 -0.029189 0.000794 0.075690 -0.005279 0.053863 -0.004767 0.016657 0.006594 -0.106272 -0.084698 -0.148101 -0.026054 -0.044755 0.058994 0.055270 0.025439 -0.034627 -0.062312 -0.038159 0.012940
0.028907 0.019406 -0.077603 -0.164757 0.021982 -0.021860 0.062766 0.074562 -0.138349 -0.070470 0.095039 -0.124525 0.089801 0.095608 0.003372 0.053652 -0.014158 -0.041051 -0.090562 -0.021331 -0.023796 -0.027193 0.046602 0.027508 0.095381 0.018923 0.062166 -0.055216
0.015869 0.042876 -0.065624 0.096509 0.047361 -0.025388 0.065782 0.037962 -0.096584 0.050771 0.062224 -0.019975 0.085377 0.055621 0.045264 -0.022428 -0.045107 -0.027915 0.028030 0.074810 -0.096656 0.005378 0.096318 -0.039805 0.030562 0.047915 0.011106 0.055935
-0.083257 -0.059669 -0.077553 -0.051496 0.037458 0.041159 -0.076386 0.036396 -0.098843 -0.018558 0.025924 -0.035315 0.117711 -0.001388 0.070863 -0.007434 -0.000399 -0.067279 -0.022227 0.041091 -0.026257 0.017118 0.044962 -0.086221 0.074796 -0.080235 -0.019525 0.005602
-0.067183 -0.146425 -0.056795 0.085116 0.115104 0.139503 0.074810 0.033293 -0.080596 -0.008359 -0.067673 -0.004647 0.005403 0.001921 0.068109 -0.022747 -0.009124 -0.087043 0.167978 0.031915 -0.050118 -0.065988 0.075782 -0.114343 0.149632 -0.017912 0.082696 -0.028014
0.035977 -0.114487 -0.046926 0.043744 0.063722 0.111144 -0.022816 -0.104284 -0.183387 0.058725 0.043690 -0.028115 0.159091 0.051311 0.051173 -0.054804 -0.071379 -0.044248 0.132806 -0.012448 -0.009617 -0.012138 0.015254 -0.048027 0.101576 -0.046880 0.069936 -0.025000
-0.069784 0.043049 -0.132688 0.028278 0.020641 0.091169 0.090775 -0.081984 -0.057788 0.010078 0.011568 -0.020758 0.061023 0.039921 0.024717 -0.044771 0.039602 0.077568 0.113509 -0.011652 -0.026476 -0.163158 0.107242 0.072760 0.189092 0.029126 0.041636 -0.013437
-0.030673 -0.029266 -0.041859 0.008055 -0.083268 0.016856 0.011140 -0.073813 -0.082842 -0.054410 -0.042874 0.048549 0.069362 0.065436 0.037786 -0.045768 0.043840 -0.036562 0.048230 -0.013289 -0.009507 -0.099187 0.070961 0.030497 0.044492 -0.033415 0.057417 -0.067400
0.003084 0.004199 -0.101988 0.035947 -0.013157 -0.109762 0.043933 -0.093688 -0.068685 0.004314 -0.004987 0.017897 0.000278 0.015867 -0.014032 -0.095992 -0.081347 -0.004744 -0.107973 -0.117474 0.019715 -0.009742 0.020340 0.091636 0.044951 0.045035 0.041225 -0.095904
0.050445 -0.016456 -0.065191 0.037006 -0.118762 -0.009027 0.087570 0.140013 -0.020735 -0.031789 -0.028628 -0.060828 -0.017587 0.028834 -0.005702 -0.106188 -0.014771 -0.007774 -0.020236 -0.013526 -0.020024 -0.101168 0.066242 -0.007188 0.100404 -0.004670 -0.075115 -0.005894
0.075683 0.030965 -0.042091 -0.048123 0.000299 -0.009951 0.061743 -0.000521 0.044634 0.044231 -0.060155 -0.069297 -0.085071 0.070126 -0.007686 -0.195816 0.037822 0.031989 0.044230 -0.134453 0.078752 -0.116519 0.037989 0.005575 0.075107 -0.003460 -0.033432 -0.050083
0.055249 0.061500 -0.077075 -0.075183 -0.017922 -0.130577 0.021987 -0.012864 0.023635 -0.062497 -0.026709 -0.057092 -0.030827 0.042020 -0.016196 -0.001267 0.004767 0.022645 -0.062843 0.034058 -0.086035 -0.097594 0.007209 -0.039778 0.012321 0.066773 -0.155920 0.067622
0.054160 -0.012457 -0.058509 0.013795 0.033828 -0.009669 -0.014442 -0.062303 0.027845 0.007713 0.068144 -0.025116 -0.077570 -0.018165 -0.040394 -0.044120 0.010915 0.005370 0.022035 0.098211 0.018118 -0.098395 -0.049626 -0.064332 0.029593 -0.031962 -0.025970 -0.111651
-0.036858 0.087602 -0.044803 -0.040033 -0.025728 -0.046571 0.045514 0.021838 0.066788 0.096251 0.033257 0.039807 -0.075168 0.015714 -0.030550 -0.077862 0.034952 0.087983 0.064019 0.055476 0.040503 0.031963 0.016874 -0.028137 0.085349 0.017187 -0.116878 -0.015267
0.056255 0.026689 -0.104921 0.002870 0.024906 -0.089768 0.003951 -0.028369 0.040231 -0.010579 0.000662 0.023163 -0.005440 0.017022 0.025143 0.060150 -0.011942 0.063776 0.008602 0.006570 -0.077496 -0.063980 0.024634 0.101466 0.018015 0.027648 -0.006562 -0.018885
0.005693 -0.009717 -0.001295 -0.022867 -0.055184 0.010885 0.067880 0.023440 0.023582 0.022239 -0.079653 -0.027011 0.109866 0.002776 -0.088762 0.021984 -0.086734 0.076539 0.022702 0.014156 0.013762 -0.002503 0.049010 0.041382 -0.085287 0.033448 -0.043646 0.003882
0.026762 0.006999 0.024781 0.043356 0.035095 -0.106189 -0.000523 -0.028378 0.076668 0.092843 0.004329 0.013537 0.104605 0.011222 -0.093292 0.119391 -0.025923 0.127444 0.063886 0.069587 -0.018000 0.017342 -0.014800 -0.006733 0.122277 -0.053836 -0.102781 -0.036139
-0.038702 0.032726 0.069090 0.058478 0.092740 -0.070258 0.005617 0.040250 0.006145 0.024808 0.051732 0.119115 0.086334 0.055325 -0.040101 -0.012316 -0.047923 -0.017808 0.027685 0.035423 0.000275 -0.030105 0.043436 -0.046281 0.051114 0.097399 0.064994 -0.027398
-0.034412 0.010582 0.031315 -0.017200 -0.028127 -0.102057 0.009713 -0.032723 -0.042438 0.016821 -0.004027 0.045564 -0.010425 -0.021570 -0.056936 0.082800 -0.000761 -0.050865 0.006112 -0.017848 0.012621 0.013333 0.005559 0.068833 0.043809 -0.041766 -0.007437 0.104894
0.019273 0.025333 -0.024674 0.072083 0.052082 0.088338 -0.008175 -0.041447 0.060117 -0.066768 0.030012 -0.037011 0.039695 0.074462 -0.002990 -0.033286 0.055007 -0.010214 0.010900 -0.000635 -0.010137 0.133131 0.009990 -0.001326 -0.023019 -0.023671 0.000788 -0.041483
-0.070715 -0.044375 -0.047870 0.027962 0.036096 -0.039943 0.094679 -0.021540 -0.027227 -0.011330 0.127738 -0.000160 -0.042817 0.093505 -0.036331 -0.086531 -0.032349 0.004007 0.026712 0.039063 -0.077743 -0.077695 -0.021245 0.036941 0.019215 -0.120490 0.009909 0.010492
-0.007089 -0.065688 -0.045338 -0.047609 0.030352 -0.015218 0.053514 -0.019792 0.022118 0.011126 0.078170 -0.086758 -0.014149 0.026288 0.034121 -0.049619 0.017935 -0.059968 0.098148 -0.024213 0.083190 -0.024482 -0.050365 0.034285 -0.008574 0.010565 0.070536 0.017036
-0.000936 -0.084750 0.038139 -0.001431 0.088624 -0.055283 0.113297 -0.026498 -0.080534 0.083394 -0.071615 -0.079066 -0.042932 -0.003749 0.043529 -0.048748 -0.039287 0.093102 -0.049175 -0.022107 -0.008804 -0.081172 0.015875 -0.001821 -0.000397 0.036149 0.018166 -0.047007
-0.009950 -0.057640 -0.043730 -0.000999 0.057004 0.021982 -0.069951 -0.041047 0.015536 0.032881 -0.043450 -0.036344 0.011566 0.096051 0.014645 -0.016443 0.044208 -0.030340 0.075148 -0.078254 -0.007409 0.054608 0.059012 -0.024198 0.013733 -0.048728 0.014635 0.045887
0.080187 -0.041398 0.000274 -0.012898 0.079267 0.028015 -0.053191 0.001866 -0.051267 -0.005492 0.081394 0.001501 0.140743 0.043757 0.045526 -0.013824 -0.024025 -0.041769 -0.094078 -0.009296 -0.041824 0.006359 0.093626 -0.024014 0.073070 -0.089968 0.004046 -0.045471
0.075039 -0.032855 -0.101499 -0.019040 -0.014994 -0.026308 -0.010274 0.048347 -0.008287 -0.012454 0.022842 0.025657 0.127665 0.008226 -0.033947 -0.069521 -0.017266 -0.090057 -0.074959 -0.039206 -0.104182 -0.044003 0.117878 0.015457 0.066280 -0.014826 -0.045182 -0.037614
0.138277 -0.049452 -0.113564 -0.167335 -0.002041 -0.052359 -0.048482 0.064860 -0.031803 0.029060 -0.024486 -0.015133 0.089642 -0.036533 0.000181 -0.021435 -0.115542 -0.047217 -0.086145 -0.062485 -0.096780 -0.053629 -0.027476 -0.097918 0.042298 -0.141702 0.018974 0.068527
0.073881 -0.002922 -0.063853 -0.060947 -0.024899 -0.023910 -0.004661 0.056447 -0.087722 -0.029683 0.068718 0.018861 0.075901 -0.041503 0.050423 0.036322 -0.178174 -0.044177 -0.013434 0.003042 -0.059498 0.059281 0.085508 -0.083413 0.049982 -0.030670 0.025141 0.066957
0.012615 -0.063611 -0.071446 0.023779 0.070677 -0.092390 0.052407 0.007346 -0.051877 0.045207 0.103306 -0.039144 0.076409 -0.028236 0.077777 0.041763 0.151697 -0.048405 -0.052257 -0.000296 -0.021613 -0.020820 0.076804 -0.141907 0.110349 -0.037138 -0.018278 0.043986
-0.009206 0.034357 -0.122539 -0.028323 -0.000244 -0.028518 -0.008914 -0.003269 -0.145410 -0.032173 0.020604 0.045206 0.001225 0.047518 0.055583 -0.063375 0.005454 -0.117792 0.025242 0.020936 0.014597 0.105121 0.101916 0.008562 0.047866 -0.015959 -0.010695 0.022123
0.028896 -0.050193 -0.021711 -0.065957 0.121840 -0.040920 0.019117 0.063591 -0.068909 -0.003912 0.070399 -0.024721 0.028277 0.016803 0.080108 -0.006890 -0.034567 0.022297 -0.000619 0.050753 -0.053609 0.003388 0.041578 0.034148 0.060716 0.017217 -0.003904 0.035284
-0.066149 -0.008101 -0.043007 0.029520 0.128489 0.030653 0.013621 -0.052314 -0.042112 0.009859 -0.005108 0.010169 -0.028850 0.011473 0.109356 0.071646 -0.001175 -0.062998 0.136520 0.036633 -0.071304 0.058945 0.050641 -0.001861 -0.018324 -0.013348 -0.011151 -0.048454
-0.082565 -0.073403 -0.096525 0.053761 0.151567 0.047221 -0.061275 -0.028139 -0.079757 -0.000377 -0.085114 0.022388 -0.051104 0.004646 -0.001531 -0.077823 -0.021341 -0.035320 0.194461 -0.088361 -0.013519 0.012394 -0.045260 -0.076177 0.047910 -0.027372 0.000989 -0.037720
-0.005071 -0.145387 -0.065809 -0.045091 0.177805 0.087058 0.041627 -0.051612 -0.008994 0.038916 -0.058518 -0.027660 0.041749 0.046814 0.043291 0.008498 -0.067583 0.009873 0.065601 -0.048031 -0.056655 -0.008800 0.080948 -0.015743 0.096105 -0.023002 -0.006127 -0.072745
-0.037198 -0.018638 -0.021658 0.048365 -0.042642 0.047011 0.103598 -0.051725 -0.087452 0.032310 -0.092566 -0.022509 0.011397 0.059950 -0.028806 -0.106214 -0.080071 0.001984 0.083544 -0.002420 0.100969 0.045858 0.023467 0.009880 0.146822 -0.095620 -0.091633 -0.048057
0.062549 0.072403 -0.027099 -0.049598 -0.129364 -0.012658 0.109329 0.019806 0.011408 -0.030655 -0.002192 0.030736 0.043309 0.047677 -0.033013 -0.148945 -0.025251 0.055789 -0.133665 -0.108785 0.056655 -0.040654 -0.001874 -0.012770 0.052055 -0.057829 0.095677 0.010829
0.026944 0.027354 -0.056761 0.015039 -0.021505 -0.027055 0.002469 0.010034 0.022753 -0.017858 -0.058528 0.026832 -0.008726 0.060801 0.023688 -0.132881 -0.015665 0.021898 -0.041437 -0.016688 -0.036892 -0.068448 0.022678 -0.041999 0.017291 0.054813 0.013119 -0.011297
0.123352 0.006592 -0.055996 0.010524 -0.036637 0.008838 0.015002 -0.033540 -0.067298 -0.044572 -0.015933 -0.031579 0.024035 0.096241 0.040123 -0.078489 -0.116614 0.103121 -0.150084 -0.114259 -0.090167 -0.008339 -0.000331 0.126691 0.044552 0.034931 -0.064519 0.011135
0.027280 -0.039727 -0.087375 -0.107173 -0.035993 -0.007174 0.063585 0.010357 0.013106 0.001849 0.093337 0.005698 -0.049990 0.035750 -0.031131 -0.191371 -0.010546 0.061377 0.038462 0.043281 0.004008 -0.073206 0.065437 -0.007497 0.050177 0.051424 -0.065132 -0.039228
-0.007290 -0.028311 -0.001076 -0.064680 -0.066414 -0.101276 -0.047402 0.001526 0.047896 -0.008496 0.053006 0.024236 0.024417 0.047024 -0.041411 -0.096249 0.000567 0.008189 -0.084388 -0.004114 0.016988 -0.131918 0.014836 -0.094047 0.045564 0.054790 -0.008529 -0.031156
0.086938 -0.026934 -0.022540 -0.066204 -0.004641 -0.070649 0.114062 -0.008968 -0.041287 0.048850 0.000888 -0.034306 -0.086043 0.025944 -0.001420 -0.039233 0.006963 0.066443 -0.016189 0.035464 -0.037183 -0.172548 0.006599 -0.065647 0.058620 0.038718 -0.051469 0.016857
-0.016108 -0.014708 -0.024422 -0.004293 0.012734 0.006958 0.034045 0.024923 0.099463 -0.049426 -0.017644 -0.028144 0.018184 -0.051801 -0.107766 0.014268 -0.078783 -0.028141 0.030068 0.044719 -0.028145 -0.028281 -0.005282 0.033887 -0.016161 0.016630 -0.072909 -0.064638
0.038289 -0.013843 -0.046224 0.034312 -0.003564 -0.028845 -0.015660 -0.027100 0.024824 0.021423 -0.024238 -0.055462 0.129478 -0.026364 0.005250 0.138047 -0.026272 -0.005304 -0.053886 0.049284 -0.016723 -0.104771 -0.060213 0.051676 -0.013875 0.025860 -0.032935 0.077648
-0.019212 -0.108792 0.050241 0.040739 0.016565 -0.045220 -0.001349 -0.005144 0.013296 -0.034757 -0.006057 -0.005362 0.042331 0.057040 -0.018980 0.080609 0.012959 0.020883 -0.000432 0.134606 -0.079687 -0.055556 0.022690 0.035855 -0.073485 0.078328 -0.052280 -0.023828
0.005653 0.029483 0.033106 -0.053471 0.072274 0.020602 -0.037490 0.031439 -0.047974 -0.016041 -0.027364 0.106880 0.079029 0.050829 -0.116208 0.044331 -0.068385 0.118903 0.063370 -0.014594 -0.012409 -0.029633 0.038834 0.020001 0.108963 -0.040440 0.024127 0.106179
0.014296 0.056359 0.019430 -0.008376 0.053979 -0.005087 0.019302 -0.019189 -0.057231 -0.006447 0.041045 0.023529 0.023925 -0.025031 -0.062769 0.098051 -0.049865 0.083572 -0.024797 0.015466 0.002797 0.000264 -0.058146 0.018167 0.056667 0.001497 0.018212 0.033019
0.098777 0.066850 -0.038922 -0.004905 0.022346 0.046507 0.030797 -0.127767 -0.040577 -0.100481 0.011595 -0.103066 0.004408 0.046335 0.018595 -0.007267 -0.023189 0.105837 -0.025102 0.029018 -0.057881 0.115925 0.068154 0.071410 0.095626 0.048734 -0.036277 -0.036601
0.059793 0.014935 0.068506 0.101363 -0.019109 0.038953 0.125668 -0.014384 0.099412 -0.082203 -0.019420 0.052139 0.065846 0.119519 -0.104894 -0.045697 0.081281 0.005011 0.044764 0.030747 0.006813 -0.054637 0.042198 -0.011229 -0.026913 -0.059950 0.015130 0.077196
-0.018669 0.038270 -0.022146 -0.013778 -0.100040 0.093826 -0.022901 0.033519 -0.001157 -0.106511 0.043321 -0.046718 0.023411 -0.010859 -0.091712 0.042310 0.042947 -0.045884 0.011259 0.036269 -0.097111 -0.030385 -0.016486 -0.010521 0.061011 -0.056540 0.037067 0.009533
-0.060283 0.015231 -0.140439 0.053554 0.016360 0.026613 -0.056070 -0.102180 -0.012827 0.021512 -0.016042 -0.039778 -0.032848 0.018734 0.064859 -0.065268 0.058908 0.049999 -0.010849 0.047612 -0.120634 -0.042970 -0.062350 -0.002321 0.052599 0.022671 0.026931 -0.048343
0.021451 -0.037495 0.012746 -0.038993 -0.030548 0.033491 0.043847 0.062684 0.018781 0.050687 0.009918 0.004480 0.068581 -0.063901 -0.064140 0.050988 0.098870 0.018226 0.005475 0.033533 0.061216 0.041587 0.010232 0.010547 -0.020976 0.065355 -0.001399 0.039061
-0.022735 -0.025514 -0.003778 -0.029328 -0.047137 -0.052704 0.044985 -0.021604 -0.003606 -0.054870 0.053116 0.029757 0.056450 0.070734 0.039467 0.075296 0.024232 -0.018021 0.005484 -0.037898 -0.034162 0.026446 0.021091 -0.049029 0.017920 -0.006647 -0.036435 -0.015529
-0.055310 0.057406 -0.060515 -0.084407 -0.056024 -0.012353 0.000242 -0.033884 -0.072057 -0.023063 -0.065658 -0.044869 0.057274 -0.017581 0.010295 -0.023195 -0.021340 0.022484 0.007348 0.001699 -0.080967 0.032364 0.083739 -0.067273 0.045822 -0.054848 -0.015738 0.127078
0.068363 -0.024115 -0.034050 0.032241 0.026714 0.043702 0.031268 -0.035664 0.002230 0.000279 0.045747 0.073681 0.079534 0.022612 0.044304 0.018297 0.022219 -0.050235 -0.041870 0.010159 -0.037939 -0.007333 0.064589 -0.098081 -0.052874 -0.095868 0.005069 0.078916
0.028557 0.000369 -0.055682 -0.094718 0.049804 0.015768 -0.087508 0.026003 -0.059421 -0.015867 0.046987 0.020339 0.055469 0.044106 0.032666 -0.064671 0.040362 -0.059831 -0.037477 -0.060108 0.048877 0.017521 0.092079 -0.138511 0.046101 -0.013400 0.014239 0.013242
0.087791 -0.049203 -0.100913 -0.076793 0.025345 0.006699 -0.004763 -0.033631 -0.129440 -0.045949 0.066622 0.004626 0.009254 -0.032768 0.094912 0.077493 0.045842 -0.027239 -0.079681 0.055341 -0.019209 -0.004088 0.141991 0.070471 0.002148 -0.053166 0.015274 0.044201
0.057523 -0.048755 -0.057504 0.062263 0.026348 0.045527 -0.089891 -0.049375 -0.032789 -0.005680 -0.008283 0.024584 -0.120071 0.008535 0.008460 0.116918 -0.050135 -0.006207 -0.025568 0.031009 -0.015992 -0.021241 0.047155 0.088748 -0.027081 -0.022545 0.025326 -0.080338
-0.039275 -0.070100 -0.017151 -0.001016 0.020281 0.116853 -0.067533 -0.011182 -0.036048 0.018868 0.032227 0.025685 0.049451 0.030136 0.026963 -0.005603 -0.051409 -0.068845 0.044745 0.010554 -0.035053 -0.097659 -0.006462 0.029759 -0.006327 0.036191 -0.058066 0.001279
-0.106842 0.028362 -0.036198 0.075095 0.029006 0.032568 -0.056355 -0.002627 -0.080950 0.041590 -0.027785 0.086717 -0.075530 -0.074307 -0.009357 0.048916 -0.096282 -0.058810 0.051184 0.034300 -0.067224 -0.051377 0.054825 -0.057158 -0.038685 0.026573 -0.042727 0.054553
-0.015177 0.000097 0.011297 0.021043 0.193622 0.061428 0.023278 -0.048307 0.010996 0.050342 0.010424 -0.018564 0.071144 0.060869 0.102301 0.052620 0.071922 -0.024212 0.064989 0.018911 -0.071690 -0.030374 0.009493 0.006526 0.074051 0.002098 -0.018278 -0.024772
-0.118441 -0.101780 -0.061913 0.048660 0.142117 0.038998 -0.005390 -0.003633 -0.020626 0.024474 -0.039452 -0.019566 -0.061437 0.053041 0.048852 -0.062981 0.016661 -0.066681 0.086733 -0.030916 0.076391 0.092928 0.038249 0.020155 0.028196 -0.013225 0.035837 -0.079368
-0.051010 -0.063982 -0.034373 0.021312 0.013441 0.079449 0.014699 -0.113850 -0.010392 0.032826 -0.144465 0.014846 0.122973 -0.010865 -0.077056 -0.026734 -0.075087 0.028922 0.032276 0.062987 0.036329 -0.023241 0.077453 -0.013486 0.130155 -0.073876 0.036193 0.032497
0.004154 -0.087274 -0.064568 0.026317 0.003035 -0.079016 0.009966 0.063446 0.059757 -0.100010 -0.075511 -0.039021 -0.048782 0.021183 -0.100740 -0.084645 0.049052 0.041585 -0.025831 0.064342 -0.040756 0.066754 0.046012 0.083295 0.080620 -0.094503 -0.031536 -0.079792
0.013458 -0.000718 -0.028143 -0.010869 -0.146519 -0.016499 0.014008 -0.052477 0.106753 0.016138 -0.038696 -0.045713 0.023388 0.021737 -0.032422 -0.070877 0.029075 0.081646 -0.023615 -0.102437 -0.012869 0.013332 0.072137 0.072115 0.080367 0.008536 0.057711 0.035574
-0.067939 0.011903 -0.031960 0.056551 -0.114499 -0.119956 0.136296 0.043410 0.050947 -0.045448 -0.018657 0.018580 -0.024012 0.145748 -0.014510 -0.167489 0.042323 0.011198 -0.009561 -0.088591 0.054354 -0.063692 -0.031716 -0.015275 0.083883 -0.050597 0.025845 0.022210
0.049401 0.039011 -0.036323 0.060430 0.014480 -0.008874 0.081000 0.036864 0.052867 -0.033383 -0.038374 -0.030542 -0.032135 0.077588 -0.084396 -0.099620 0.023043 -0.054491 -0.110161 -0.001440 0.016751 -0.017975 0.027271 -0.007295 -0.030111 -0.042969 -0.151944 -0.030492
0.080472 -0.061022 0.022242 -0.097512 -0.039519 0.040559 -0.026681 -0.029598 0.016645 -0.081577 0.013666 0.050878 -0.028598 0.154246 0.039126 -0.038989 -0.147830 0.070584 0.005837 -0.023077 -0.029500 -0.000676 0.047833 -0.014374 0.012643 0.056597 0.017136 0.004514
0.001427 -0.003384 -0.057572 0.028559 -0.032726 -0.009781 0.025738 0.027104 0.078885 0.090762 -0.004497 -0.020266 -0.003011 0.036641 -0.064786 0.011863 -0.039762 -0.036006 0.037643 0.024306 0.015139 -0.022047 -0.034313 0.038153 0.048705 0.019464 -0.043480 -0.050625
0.042902 -0.026319 -0.049959 0.009145 -0.023697 -0.024662 0.044844 0.010064 0.109391 -0.011661 0.002089 0.035322 0.044542 0.054867 -0.009171 0.174525 -0.079854 -0.002944 -0.043494 0.035003 0.021944 -0.029386 -0.025036 -0.031681 0.084172 -0.014960 -0.027658 0.014684
0.035510 0.012124 0.031882 -0.048074 0.006957 0.023806 -0.064136 -0.013551 0.089911 -0.011168 -0.024152 0.040395 0.072245 -0.027043 -0.060853 0.010147 0.005839 0.074237 -0.060034 0.046384 -0.014320 -0.073460 -0.021768 -0.012820 0.027582 0.033447 0.008865 0.032568
0.014792 -0.017129 -0.008939 0.011096 -0.007320 -0.050797 0.049885 0.038487 0.034398 0.009293 -0.115810 0.012515 0.058555 -0.005906 -0.029262 0.137267 0.012849 -0.019386 0.067736 -0.040557 0.005680 -0.152510 -0.006544 -0.072923 0.139513 0.035124 0.006033 0.015552
-0.067642 0.002441 0.077242 0.030586 -0.033984 -0.014085 -0.012925 -0.040916 0.020049 0.094232 -0.041702 -0.015230 -0.017554 0.046559 -0.093491 0.110815 0.045083 0.078327 -0.038523 0.005771 0.043988 -0.031091 -0.093303 -0.003127 0.088076 -0.079301 0.003619 -0.056242
-0.029772 0.023006 0.122594 -0.085622 -0.061419 0.010745 -0.055418 -0.012293 -0.045020 -0.069412 -0.097219 0.008090 0.055208 -0.030271 -0.105077 -0.006727 0.091920 0.035028 -0.022873 0.002110 0.023559 -0.079381 -0.049005 0.017359 0.085200 -0.021151 0.004608 -0.033804
-0.020638 0.014236 0.104275 -0.011144 -0.036574 -0.021320 0.035238 0.013391 0.004872 0.053512 0.024538 -0.007411 0.118414 -0.094219 -0.024769 0.041221 0.019109 -0.010045 -0.075830 0.053109 -0.021922 -0.055853 0.116720 0.013057 0.056434 -0.085777 -0.049570 0.015198
-0.003259 0.022766 -0.017149 -0.017788 -0.004481 0.024425 0.145022 -0.047240 -0.008998 0.078593 -0.026952 -0.055782 0.016719 0.047389 0.025842 -0.033453 0.101041 -0.014988 -0.072518 0.012147 0.094692 -0.040447 -0.036174 -0.066785 0.051069 0.043528 -0.052594 -0.033324
-0.038162 0.019787 -0.051284 0.015098 -0.074750 0.033413 0.068858 0.001849 0.052340 -0.036342 0.011053 0.030502 -0.042077 -0.121105 0.023884 -0.026088 -0.017295 0.062934 0.066205 0.006995 0.021910 0.065690 -0.058945 -0.111036 0.042548 0.093318 0.003690 -0.068505
-0.075643 0.082701 0.053783 0.016025 0.013513 0.052558 -0.012651 0.044244 0.094440 -0.021023 -0.084708 -0.027014 -0.032879 0.009267 0.061114 -0.022070 0.052421 0.070995 -0.048050 0.018227 -0.000114 -0.048268 -0.012249 -0.045647 -0.012218 0.071175 -0.021851 0.030677
-0.018808 0.006175 0.068628 0.055841 0.068387 0.057738 0.007571 -0.056721 -0.011907 -0.004712 0.094968 -0.052529 -0.033752 0.012835 0.029391 -0.067744 -0.059182 0.074564 -0.070556 -0.011558 0.011794 -0.048742 -0.023519 0.039698 -0.080302 -0.028168 -0.004136 0.070665
0.070278 -0.035742 0.056951 -0.066020 -0.017910 -0.018536 -0.106844 -0.001914 -0.016109 -0.002183 0.011399 -0.008125 0.016066 0.031758 -0.029340 0.023079 0.040023 -0.032392 -0.026013 0.053455 0.096213 0.016025 -0.065511 -0.039598 0.043697 -0.025894 0.026200 -0.014714
-0.082618 -0.046915 -0.072085 -0.041880 0.030037 -0.006841 -0.003707 -0.034509 0.029598 0.002593 -0.065332 -0.013834 0.066568 0.100004 0.046275 0.005624 0.028482 0.029398 -0.081069 -0.034348 -0.015486 0.005394 0.059358 -0.074489 -0.022838 -0.014275 0.020790 0.051013
0.000120 0.022644 -0.113944 -0.073037 0.067134 -0.037332 -0.051415 -0.047570 -0.078257 0.003597 0.044793 -0.020125 0.068095 0.009129 -0.008361 -0.037726 0.039835 -0.020184 -0.052874 -0.072608 0.055936 0.040405 0.070642 0.018510 0.031857 -0.029868 0.036085 0.041012
-0.078185 0.029942 -0.065553 -0.056305 0.088828 0.012285 0.051988 0.021008 -0.074249 -0.000886 0.056817 0.007977 -0.015421 0.019563 0.016958 0.078227 -0.039855 0.033941 -0.024723 0.121311 -0.025017 -0.016408 0.071148 -0.032705 0.081031 -0.065592 0.025671 -0.015522
0.132466 -0.048593 -0.037739 -0.039598 0.048837 -0.064938 0.016147 0.005636 0.019190 -0.009755 -0.014243 0.058419 -0.052672 -0.024431 0.028528 -0.000531 -0.099431 -0.003610 -0.114663 0.046427 0.016140 -0.044600 0.091563 0.054861 -0.076768 -0.060488 0.003306 -0.049417
-0.044673 0.007986 -0.054469 0.037689 0.006964 0.004056 0.012193 -0.081439 0.055708 0.071437 0.053291 0.117975 -0.028217 0.056123 -0.019855 0.070055 -0.057366 -0.065547 -0.096544 0.027373 -0.032494 -0.075129 -0.002864 0.073871 -0.030420 -0.031566 -0.076980 -0.040945
0.017554 0.014126 -0.042286 -0.023661 -0.000068 0.066327 -0.074671 0.014302 -0.000270 0.044683 -0.046801 -0.017257 -0.081313 -0.019411 0.008239 0.022285 -0.061211 -0.043081 0.038463 0.051362 0.038129 0.046541 0.010123 0.037734 -0.051461 -0.015062 -0.047593 0.070062
0.027799 -0.073963 0.003698 0.081262 0.023268 -0.083655 -0.006347 -0.038697 -0.020988 0.062174 0.088029 0.032594 0.045595 -0.017254 0.056881 -0.007563 -0.058883 -0.092106 0.119689 0.090267 -0.001843 0.012999 -0.032724 0.039469 -0.049595 0.055738 -0.041810 0.022869
-0.045702 0.018094 -0.098904 0.060138 0.157399 0.027783 0.049058 0.071444 0.033462 0.117686 -0.000309 0.051401 0.018673 0.020389 0.147483 0.085693 0.085589 0.005004 0.111918 0.052052 -0.057248 0.011097 0.005023 0.130356 0.023169 0.057222 0.036805 0.043775
-0.031273 0.079694 0.024222 0.029063 0.182637 -0.001552 -0.066366 -0.075867 0.070812 0.064582 -0.024483 0.020739 -0.051607 0.040803 0.033283 -0.077921 -0.044612 -0.027700 0.125965 0.122663 -0.010176 -0.056626 0.083288 0.037403 -0.066481 0.023771 0.092873 -0.024857
-0.095240 -0.068371 -0.083291 0.042851 0.100353 0.010893 -0.017776 -0.034835 0.007526 0.084409 -0.197943 -0.002631 -0.032852 0.077637 0.025271 -0.154549 -0.000371 0.029388 0.042046 -0.082843 0.010799 -0.013266 0.015241 0.042159 0.025404 0.014094 -0.017807 0.027207
-0.083031 -0.030651 0.009256 0.036552 0.100382 -0.018852 -0.012675 -0.015281 -0.022318 -0.065456 -0.060409 -0.074718 -0.048009 -0.009120 -0.018057 -0.050298 -0.053628 0.034015 0.035865 -0.052152 0.034539 0.051513 0.000914 0.000841 0.087491 -0.098620 0.037090 -0.010397
0.006721 -0.051516 -0.054778 0.028122 -0.081527 0.036456 -0.015543 -0.085545 0.033539 -0.028410 -0.007054 0.033465 -0.019092 0.067521 -0.030435 -0.146106 0.028787 0.036515 0.016733 0.004867 0.069286 0.010032 0.070100 -0.002919 0.087182 -0.085876 0.066134 0.042006
0.047869 -0.107714 -0.070489 0.081742 -0.129598 -0.020761 -0.052021 0.108596 0.059383 -0.046064 0.014780 -0.027801 0.022112 0.084072 -0.057872 -0.060725 -0.023711 0.015026 -0.071098 -0.127063 0.023939 0.040736 0.063240 0.054140 0.078340 -0.040550 -0.042629 0.070411
0.023823 -0.046374 -0.011939 -0.015181 -0.031885 -0.109175 -0.020338 0.051893 0.042816 0.024863 0.042963 0.095440 0.013040 0.051951 -0.079586 -0.076567 -0.048534 -0.000504 -0.089090 -0.071978 -0.074753 0.024457 0.039597 0.004551 -0.016593 0.031380 -0.050711 -0.059400
-0.000395 0.027029 0.034134 0.039311 -0.087144 0.091436 0.028499 -0.023006 0.036831 -0.022597 0.071489 -0.060113 -0.120873 0.150201 0.012520 -0.094311 -0.006471 0.025293 -0.053188 0.000646 -0.004816 -0.068138 0.037096 0.037594 0.032552 -0.077895 -0.040665 0.053353
0.020176 0.000150 -0.019786 0.042276 -0.048648 -0.083288 -0.086930 0.050463 0.062230 -0.099210 -0.037501 0.002300 0.000065 0.043911 0.058695 0.038391 -0.066939 0.030854 -0.020910 0.075021 0.012085 -0.031108 0.036720 -0.022825 0.098305 -0.047337 -0.091136 -0.022761
0.077963 0.031529 -0.037962 -0.015625 -0.006043 -0.115552 -0.019698 0.035924 0.025852 0.027035 0.053641 0.048049 0.008536 0.051267 -0.015406 0.050933 0.067883 0.024091 -0.042055 0.148271 0.051639 0.054001 -0.055530 -0.087433 0.090201 -0.077770 0.055701 0.037910
0.017582 0.003878 -0.006129 -0.049830 -0.033750 0.009574 0.029746 -0.072825 0.016979 0.057689 0.027465 0.002137 0.027398 0.065167 -0.027524 0.191419 0.101323 -0.033128 -0.039018 -0.032495 -0.046868 -0.004545 0.034205 -0.154617 -0.013953 0.040976 -0.087746 -0.036725
0.022470 -0.022050 0.020367 0.067629 0.001572 0.041830 0.010117 -0.045837 0.005476 -0.047817 0.014658 0.074109 -0.054548 0.023406 0.026075 0.016580 0.007465 0.080134 0.072920 0.066848 -0.090827 -0.059260 -0.043807 -0.021591 0.097717 -0.062437 0.031496 0.077574
0.013511 0.017492 0.013677 -0.047179 -0.069093 -0.076858 0.021245 -0.011138 -0.032280 -0.003796 -0.091619 0.022132 0.001973 0.053669 -0.041257 0.036065 0.001469 0.019472 -0.047605 -0.026405 0.056348 0.039161 -0.057251 -0.020596 0.083027 0.056628 -0.008222 -0.037756
0.017021 0.056987 0.028547 0.009437 -0.117354 0.030884 0.035046 0.029930 -0.032054 -0.027629 0.026252 -0.002015 0.034030 0.025058 0.005494 0.033058 -0.080780 0.121312 -0.054762 -0.019596 -0.090058 0.005637 -0.051008 -0.002627 0.064174 -0.087964 -0.039270 0.035806
0.006180 0.076477 0.078609 -0.065311 -0.120382 0.059558 0.023947 -0.004478 -0.106448 0.049368 -0.065834 -0.067807 0.041807 -0.021689 -0.073712 0.086327 0.046057 -0.024111 -0.016110 0.086422 -0.055373 0.002851 -0.012348 -0.006393 0.061817 -0.041803 -0.049344 -0.033276
-0.096779 0.042636 0.137904 -0.033621 -0.122316 0.008379 -0.038436 -0.090216 0.022445 -0.035538 -0.060735 -0.035416 -0.054452 -0.105605 -0.072218 0.040839 -0.026931 -0.055449 -0.072293 -0.010644 -0.002235 0.001139 0.052172 -0.072435 0.062626 0.000866 0.043113 0.049514
-0.063757 -0.010688 -0.007356 0.076388 0.086085 0.102572 -0.002993 0.091213 0.000894 -0.070716 0.040618 -0.028599 0.069503 -0.044567 0.049227 0.096879 -0.017263 0.068352 -0.123688 -0.009635 -0.008178 0.058624 -0.019475 0.126001 -0.074230 0.047320 0.010907 -0.013019
0.037375 -0.005671 0.052878 0.055945 -0.018028 -0.048389 0.031384 -0.016727 -0.026975 0.071505 -0.042867 -0.019391 0.083982 -0.065093 0.009627 0.074076 -0.051120 -0.028700 0.049483 -0.033613 0.019255 -0.002529 -0.017717 -0.033754 0.001301 0.073456 -0.008681 -0.006917
0.011800 -0.095217 0.005088 -0.075077 0.036931 0.042459 0.023492 0.015147 -0.036784 -0.001533 0.059013 -0.046901 0.019555 -0.042612 -0.058407 -0.034432 0.027103 -0.017536 -0.045955 0.024085 -0.004814 -0.039725 -0.063387 0.075833 -0.005806 -0.096082 -0.045223 0.039961
-0.080674 -0.052359 0.005969 -0.059728 -0.003462 -0.114376 -0.107112 0.018257 -0.029593 0.025953 -0.026428 -0.000379 0.019498 -0.098757 0.037433 0.045504 0.038538 -0.019085 -0.124662 -0.067593 0.074615 0.041135 -0.043301 -0.060751 -0.062126 0.033382 -0.116498 0.028711
-0.032851 0.039761 0.002072 0.005459 -0.063962 -0.038050 0.018641 0.030718 0.082445 0.058570 -0.029139 -0.017474 0.009558 -0.007933 0.008937 0.088282 -0.041267 -0.024518 -0.003457 0.078839 -0.051941 0.103818 0.091992 -0.033153 0.039377 0.066501 0.032970 -0.093609
-0.043616 -0.064880 0.036911 -0.009591 -0.037387 0.058632 -0.063774 -0.001463 -0.079297 0.032726 0.045031 -0.050023 -0.012329 -0.020387 0.043823 0.054154 -0.007242 0.031602 -0.036170 0.037980 0.013694 0.046956 -0.019069 -0.064353 -0.019722 0.066652 -0.050328 0.062466
-0.026749 0.017074 -0.046186 0.111960 -0.011636 -0.084603 -0.093374 0.016416 0.056602 -0.031760 -0.005078 0.043373 0.076240 -0.014509 0.065426 -0.057512 -0.109098 -0.006900 -0.161465 0.089146 -0.095849 0.002781 0.021787 -0.022413 -0.107306 0.030504 -0.009408 -0.032146
0.016692 0.023039 -0.073859 0.069721 0.096761 -0.053770 -0.015174 -0.145266 -0.123086 -0.030311 -0.024749 0.065093 -0.088177 -0.044987 -0.119865 0.056238 -0.019750 -0.102555 -0.031005 -0.070813 -0.076089 -0.135315 0.102637 0.035784 -0.057223 0.002155 -0.025153 0.044751
0.114597 0.057126 -0.075259 -0.024891 0.057091 0.010241 0.034304 0.074416 0.072294 0.009940 -0.058801 -0.002528 -0.019782 -0.001011 -0.050008 0.046177 -0.066467 -0.034337 0.100933 0.055775 -0.021092 0.013147 0.014793 0.013781 -0.146100 -0.015878 -0.040610 0.064399
0.098444 -0.015113 -0.080006 -0.027265 0.075409 -0.000823 -0.100625 -0.076648 -0.045220 0.040083 0.018396 0.104502 -0.040463 -0.043802 -0.001761 -0.024999 0.012310 -0.039097 0.009335 0.022468 0.013266 0.020927 -0.024744 0.062425 -0.006956 -0.048440 -0.021417 0.064522
-0.016206 0.001057 0.003201 0.093268 0.135508 -0.003862 0.013244 -0.003813 -0.005694 0.127989 0.037834 0.123140 -0.008332 -0.040394 0.080990 0.067672 -0.106039 -0.031150 -0.014926 -0.008670 -0.107939 -0.082025 0.001699 0.018185 -0.014115 -0.015298 -0.003362 0.073441
0.026700 0.030173 -0.041503 0.046004 0.057945 -0.044347 -0.020700 -0.104343 -0.023056 0.091028 0.004673 0.048008 -0.109537 -0.032919 0.048558 0.021197 -0.020980 -0.090567 0.072145 -0.026505 -0.039470 0.033967 0.070777 0.150030 -0.057043 0.031902 0.008050 0.140690
-0.140997 -0.019736 -0.046818 0.015167 0.154204 0.043863 0.058122 0.041370 0.027194 0.103107 -0.074905 0.102923 -0.021693 -0.082154 0.109216 0.017009 -0.023555 0.027867 0.047550 0.026007 -0.028389 0.040347 0.062172 0.080091 -0.064904 -0.006756 0.014788 0.080449
-0.058028 0.019469 0.010042 -0.037318 0.179187 0.055073 -0.066449 0.015057 0.056917 0.066521 -0.152904 0.116492 0.003936 -0.013294 -0.035375 -0.098689 -0.037207 0.001287 0.133827 -0.030326 -0.023006 0.030374 -0.087424 0.120012 0.013780 0.054619 0.051573 0.084108
-0.060566 -0.049061 0.018676 0.105473 0.064066 -0.045715 0.085485 -0.034931 0.077825 -0.033368 -0.145386 0.013394 0.069598 0.062595 -0.022327 -0.086889 0.057147 -0.009337 0.063999 -0.053609 -0.004659 -0.073102 0.002571 0.070752 0.038050 0.021527 0.002056 0.071212
0.030241 0.004896 0.009490 0.068646 -0.026248 -0.118675 0.035462 0.027150 0.040262 0.016504 -0.124790 0.022577 0.077956 0.017727 -0.062046 -0.134825 0.022061 0.061532 0.098095 -0.076290 0.005102 -0.025224 0.024229 0.047759 0.073227 -0.023877 0.010689 0.010235
-0.061486 -0.092660 -0.045677 -0.025108 -0.104454 -0.074040 0.066447 -0.037514 0.126067 -0.114533 0.005447 -0.034657 0.023829 0.067654 -0.076295 -0.149408 0.082130 0.166503 -0.094356 -0.009647 0.016882 -0.048036 0.039788 0.002670 0.073822 -0.077758 0.030340 0.000033
0.060608 -0.035127 0.005498 0.093930 -0.101811 -0.026680 0.008430 -0.018049 0.057673 -0.052404 -0.025356 0.045764 0.088257 0.065935 0.005175 -0.163345 -0.032846 0.109919 -0.009384 -0.023382 0.017862 0.045359 0.031113 0.043444 0.050799 -0.109650 -0.042474 0.074636
-0.045882 -0.029690 -0.040410 0.028583 -0.071890 -0.088207 0.057566 -0.006198 0.072056 -0.026922 -0.057884 -0.017899 0.045008 0.047937 -0.036290 -0.020792 0.033533 0.043180 -0.066889 0.073719 0.015852 -0.006558 -0.025736 -0.114403 0.050248 0.003537 -0.073076 -0.014130
0.002462 -0.042429 0.014545 0.128888 -0.062167 -0.006046 0.046326 0.025423 0.038281 -0.030404 -0.070692 0.133901 0.036627 0.108648 0.062639 -0.029121 0.024152 0.037612 0.037307 0.031261 -0.004861 0.038833 0.023676 -0.043410 0.051729 0.024976 -0.002381 0.079027
0.021256 -0.045828 -0.065903 0.003627 -0.061038 0.019797 0.047211 -0.039250 -0.000446 -0.018188 -0.065419 0.007175 -0.046051 0.076230 -0.086967 0.105168 -0.018533 0.106773 -0.019046 0.048640 -0.051770 0.003485 -0.056239 0.005702 -0.004981 -0.008667 -0.009747 0.117898
0.011122 0.001083 0.017093 -0.116058 -0.108970 -0.077102 0.002890 -0.024499 0.055909 0.028337 -0.004113 0.019487 0.052439 0.023975 0.103090 0.126366 0.002243 0.108720 -0.033650 -0.011046 -0.015267 0.014961 -0.008085 -0.125071 0.080498 0.014848 0.047538 0.065050
0.024391 -0.031870 0.034854 -0.013216 -0.131093 -0.057404 -0.011111 -0.070485 -0.038120 0.068910 -0.033345 -0.008414 -0.062717 0.059870 0.006670 0.157976 0.036080 0.061514 0.016330 0.021795 0.004401 0.017248 0.037029 -0.113825 0.080470 -0.077772 -0.053555 0.060503
0.081809 0.000769 0.034782 -0.017014 -0.080363 -0.082378 -0.049867 0.010174 -0.086511 -0.025197 -0.026733 -0.067692 0.002677 0.000867 0.009425 0.016013 0.046438 0.105880 -0.054608 0.108729 0.022417 -0.130442 -0.074132 -0.081063 0.060386 -0.074493 0.026692 0.000265
0.012461 -0.006409 0.088455 0.018135 -0.060411 0.020244 -0.022995 -0.045398 -0.126581 -0.026360 -0.013802 0.041351 0.036380 0.000906 -0.097024 0.039138 -0.011590 0.089063 0.013885 -0.013759 -0.029096 -0.052183 0.015840 0.042478 0.155878 -0.121620 0.054413 0.075007
-0.009098 -0.079814 0.057037 0.016120 -0.058886 -0.040637 -0.104243 -0.080678 -0.099720 0.062274 -0.036693 -0.049775 -0.020321 0.019388 -0.076034 0.021735 -0.015492 0.070658 -0.014467 -0.000623 -0.031152 -0.029570 0.049689 -0.101244 0.021213 -0.099892 0.018088 -0.022563
-0.137868 -0.035062 0.114888 0.011570 -0.060790 0.041977 0.006310 -0.013943 -0.019263 -0.053877 -0.004666 0.001777 0.011657 -0.004070 -0.061830 0.069629 -0.039078 0.016388 -0.044621 -0.061542 -0.073774 0.050450 0.076158 -0.030962 0.060640 -0.061714 0.044909 0.015981
0.065236 0.138013 0.012895 0.002686 -0.053203 0.022236 -0.103142 -0.077633 -0.048959 -0.014776 -0.020860 0.002580 0.090144 -0.080962 -0.032946 -0.063272 0.000472 0.008598 -0.012393 0.017624 0.015153 -0.063048 0.121421 0.017695 -0.013532 -0.098212 -0.055911 0.052343
-0.062864 -0.050896 0.066284 0.058486 -0.095549 -0.005515 0.017041 0.076726 -0.084886 -0.007046 -0.014285 -0.037200 0.016189 -0.036751 -0.021269 -0.044875 0.011484 0.090970 -0.032225 -0.041788 0.042021 -0.090845 0.008210 0.082117 0.084215 -0.118582 0.009195 0.020765
-0.024695 -0.008002 0.083011 0.072803 -0.037832 -0.030091 -0.014414 -0.088807 -0.057900 -0.080891 0.046834 0.009976 -0.063459 -0.033045 -0.009682 0.019820 0.007551 0.058242 -0.071036 0.038610 -0.099378 0.012164 -0.014566 -0.071906 0.015040 -0.049614 0.067848 -0.000941
-0.026160 -0.026874 0.001681 -0.051413 -0.062754 0.007228 0.035526 0.035749 0.045688 0.028890 0.064031 -0.046095 -0.098389 -0.017599 0.002694 -0.071017 0.038596 -0.025355 0.052745 0.018746 -0.030320 -0.023423 -0.138687 0.025706 0.027279 0.120335 -0.050663 -0.046906
0.020305 0.068229 0.025336 0.000316 -0.101119 -0.032199 -0.013499 -0.020022 0.001219 0.029136 0.015783 -0.044106 0.025042 -0.053626 0.067078 -0.055954 0.052049 -0.079964 0.006179 0.018412 0.006990 0.070051 0.013424 0.008903 0.013062 -0.040809 -0.018376 -0.007561
-0.031138 0.047412 -0.087491 0.016774 0.009323 0.006007 -0.056799 -0.026120 -0.000670 0.027826 -0.062350 -0.033041 0.036330 -0.110661 0.053730 -0.041141 0.001738 -0.043805 -0.015407 0.101914 -0.002803 0.002253 0.047796 0.097766 0.020173 -0.052975 0.040332 -0.015249
0.084341 0.030763 0.051386 0.059563 -0.050381 0.015610 -0.010051 0.037007 0.045752 -0.005206 -0.012879 -0.017862 -0.086296 0.011585 0.055409 -0.027618 -0.066622 0.025403 0.021873 0.089677 -0.010356 -0.051423 0.048082 0.008924 0.060822 -0.127760 -0.012699 0.040910
0.104385 -0.022987 -0.057452 0.087635 0.064272 -0.056997 0.018985 -0.013448 0.013306 0.093398 -0.010259 0.017794 0.005744 -0.059139 0.050864 0.022845 -0.047632 0.052124 -0.083864 -0.039810 -0.054543 0.017552 0.058462 0.033910 -0.013035 -0.035021 0.036061 0.106375
0.045135 0.062115 -0.047676 -0.020628 0.033694 -0.061228 -0.162814 -0.033513 0.042647 0.012946 0.189861 0.099522 0.010568 0.020386 0.105444 -0.041617 0.033991 0.024255 -0.122948 -0.070508 -0.088097 0.041985 0.053433 -0.016294 -0.077248 0.002659 -0.015551 0.070175
-0.004172 0.000263 -0.089462 0.091763 0.122457 -0.051047 -0.079407 -0.001016 0.005366 0.060452 0.057696 0.040199 -0.113438 -0.008022 -0.063955 0.034569 0.090159 -0.022481 -0.061065 0.035771 -0.018619 -0.097890 0.050263 -0.014650 -0.025272 -0.052481 0.000554 0.137086
-0.039317 0.027981 -0.036970 -0.025646 0.035011 -0.081275 -0.100316 -0.041577 -0.033744 0.005887 -0.026451 0.032126 -0.044813 -0.046556 -0.041739 -0.016364 -0.005380 -0.033457 0.078669 0.166144 0.011809 0.055705 -0.004459 0.009545 -0.060903 0.026651 -0.015537 0.067957
0.056769 0.100454 -0.125867 0.042186 0.030872 0.038682 -0.040276 -0.028205 -0.004450 -0.040396 0.026037 0.116670 -0.031674 -0.036919 -0.029848 0.022324 -0.025849 0.048385 0.014457 0.018144 -0.058207 -0.122570 0.009696 0.133818 -0.133743 0.072789 -0.020066 0.113973
-0.025880 0.120511 -0.001711 0.043574 0.134301 0.001474 0.031513 0.054856 0.074946 0.031463 -0.003265 0.161164 -0.074017 -0.017809 -0.022291 0.079342 0.031426 0.072962 0.076232 0.020285 0.004437 -0.028478 -0.048007 0.055021 -0.072972 -0.016275 0.000971 0.052835
-0.054342 -0.026822 -0.009422 0.051884 0.092715 0.111620 0.053044 -0.022283 -0.092723 0.090502 -0.105335 0.169273 -0.030477 -0.000928 -0.044933 -0.084488 -0.038086 0.004668 0.075625 -0.020096 -0.013966 -0.022191 -0.034579 0.214369 -0.138566 0.050954 -0.036359 0.071850
0.003946 0.061172 -0.011241 0.031001 0.124767 -0.030715 0.068639 0.000141 0.022967 0.039153 -0.149753 0.121515 -0.058721 -0.056316 0.023564 -0.047048 0.054486 0.051226 0.107695 -0.109673 -0.014689 -0.003807 -0.003834 0.174831 -0.143854 0.064179 0.033734 0.141671
-0.074123 0.080039 -0.107903 0.006280 0.026601 -0.011508 -0.018511 -0.019955 -0.060855 0.064392 -0.138345 0.087937 -0.054455 0.008639 -0.042865 -0.061121 0.000588 0.078680 0.054749 0.017584 -0.020288 0.045607 -0.029372 0.122964 0.057021 -0.073474 0.069000 0.085956
-0.042900 -0.050621 -0.059487 -0.021766 -0.065597 0.054985 -0.012467 -0.021792 0.016144 0.028220 -0.161606 0.055588 0.020613 -0.043402 -0.015203 -0.073272 -0.027006 0.039794 0.016608 -0.150127 0.069601 -0.001024 -0.028079 0.155270 0.018760 0.042993 0.028282 0.147510
-0.037082 0.113095 -0.044250 0.116639 -0.042556 -0.050774 0.020023 -0.009286 0.003812 0.053343 -0.074373 0.063630 0.024399 0.023829 -0.106843 0.000870 -0.072984 0.084428 0.008141 -0.084105 0.060478 0.061800 -0.079238 -0.045537 0.031266 -0.178671 0.080949 0.055206
0.017565 -0.033504 -0.057089 -0.044877 -0.180721 -0.016880 0.017049 -0.029049 0.046505 0.001464 -0.028606 0.093966 0.012345 0.026720 -0.033833 0.004672 0.036119 0.101535 -0.119759 -0.049969 -0.011455 -0.049099 -0.035066 0.010854 0.112484 -0.016693 -0.019959 0.122466
0.091165 0.093830 -0.087931 -0.003580 -0.077228 -0.109860 0.062445 -0.011186 -0.044134 0.097932 -0.021955 0.028490 -0.004646 -0.017321 0.081585 -0.006075 0.033352 0.068698 0.030928 0.070373 -0.022370 0.054267 -0.076034 -0.023657 0.037450 -0.055855 -0.115940 0.110983
0.005915 -0.024636 -0.034054 0.041088 -0.068190 0.016147 0.059992 -0.005294 -0.004469 0.046245 -0.011965 0.026647 0.018961 0.013647 0.062992 0.086212 -0.047030 0.059369 -0.014515 0.073379 -0.001835 0.008989 -0.042322 -0.124008 -0.007068 -0.072213 -0.079151 0.031567
-0.004898 -0.003260 -0.008198 0.091413 -0.060667 -0.070506 0.013557 0.081707 -0.046642 0.034493 -0.122599 0.014115 -0.035673 -0.037937 0.071152 0.064934 -0.091261 0.009890 -0.037862 0.133979 0.058194 -0.030653 0.025165 -0.048239 0.025948 -0.101815 -0.031598 0.047981
0.074841 -0.021002 0.044462 -0.031420 -0.042591 -0.071432 0.080197 0.049587 -0.070816 0.058523 0.040118 0.044013 -0.043323 -0.039347 -0.010696 0.103580 -0.063821 0.013014 0.024491 0.019998 -0.054221 -0.072385 0.056253 -0.028525 0.020643 -0.076582 -0.098772 0.025036
-0.004986 0.110444 0.042405 0.012203 -0.086485 -0.022184 0.044686 -0.007114 -0.119121 -0.028220 -0.061698 0.005219 -0.050732 -0.084650 0.095718 0.048639 0.046476 0.000932 -0.095750 0.064891 -0.089145 -0.032632 0.007571 -0.008700 -0.047245 -0.118067 0.006843 0.002721
-0.077816 -0.063290 0.036360 0.057871 -0.088113 0.004826 0.030911 -0.061005 -0.016339 0.019824 -0.023871 0.045854 0.026276 -0.013691 -0.012835 0.038041 0.046774 0.074719 -0.023034 0.043570 -0.056425 -0.075638 0.071642 0.027024 0.039500 -0.140387 -0.039700 -0.006059
-0.072683 0.004637 0.042740 -0.008271 -0.052422 -0.032814 -0.025656 -0.045315 0.024455 -0.037263 0.011702 0.006547 -0.029266 -0.025322 0.041015 -0.085420 0.026275 0.006278 0.038058 0.054107 -0.010541 -0.008255 0.055786 -0.003725 0.078761 -0.082889 -0.043386 -0.055178
-0.057559 0.020314 0.036694 0.095664 -0.089899 0.003677 -0.057889 -0.006150 -0.088751 0.048471 0.003537 -0.003802 -0.137252 -0.114194 -0.063528 0.048043 -0.034393 0.015091 0.002325 0.057478 -0.058067 0.025026 0.028514 -0.098033 0.003504 -0.080928 -0.105266 -0.028224
-0.002435 0.004082 0.065827 0.049168 -0.130255 0.037555 -0.048937 -0.024960 -0.161042 0.045163 -0.036490 0.011080 -0.026886 -0.061447 -0.029886 -0.005835 0.022575 -0.000809 -0.060990 -0.054904 0.015166 0.006188 0.079139 -0.090365 0.033955 -0.044947 -0.001482 0.008140
0.051270 -0.090081 0.177181 0.072967 -0.083932 -0.046352 0.079726 0.002215 -0.030400 -0.019900 -0.045968 0.050267 0.045826 -0.023102 0.028042 0.047308 0.012640 -0.000845 0.066737 -0.000688 -0.057037 -0.086069 0.077380 -0.042728 0.064045 -0.023632 -0.062425 -0.070362
-0.022363 0.112742 0.016672 -0.012110 0.034743 -0.080194 0.008035 0.046778 0.033866 -0.019442 -0.111029 0.030131 0.017916 -0.035359 0.019947 -0.020586 0.009839 0.029328 0.005967 -0.020618 -0.003334 0.041441 0.066973 -0.022037 -0.039785 -0.058105 0.031537 -0.044471
0.129620 -0.005568 -0.034978 -0.015105 -0.011997 -0.023018 0.035367 -0.000557 -0.110453 -0.110048 -0.001905 0.008060 -0.048029 0.017689 -0.033557 -0.016509 0.045247 -0.113211 -0.030919 -0.025282 -0.002525 0.025473 0.006877 0.017506 0.016510 -0.030021 -0.002571 0.072399
0.061369 0.058000 -0.102166 0.053851 -0.087859 0.082619 0.009206 0.006585 -0.064040 -0.005936 -0.022456 0.104050 0.000231 -0.032241 0.081673 -0.003116 -0.023522 0.090304 0.066260 -0.052105 -0.038142 -0.038877 -0.082534 0.014996 0.028466 -0.003097 -0.012234 -0.040638
0.035542 0.008949 -0.051592 0.036250 -0.060817 0.005153 -0.093163 0.015036 0.052161 -0.058531 -0.050953 0.050662 -0.049276 0.010427 0.036324 0.028025 -0.010620 -0.000153 -0.017190 0.048744 -0.079415 -0.008805 -0.010062 0.002932 -0.059960 0.008813 0.000017 0.027575
0.034229 -0.042380 -0.050012 0.064308 0.004930 -0.083840 0.013291 -0.094134 -0.096313 0.042563 0.026479 -0.013788 0.068770 -0.015075 -0.039079 -0.136763 -0.034564 0.015315 -0.010720 0.011187 -0.016268 0.029428 -0.021925 0.018250 -0.045597 -0.080745 -0.011976 0.074032
0.040686 -0.005625 -0.095638 -0.036452 -0.043073 0.106494 0.012467 0.053995 0.019928 0.041486 -0.005502 -0.022246 -0.092391 -0.083582 -0.049436 0.034612 -0.029818 0.041670 -0.078475 0.048823 -0.003163 0.006677 0.022374 0.057243 -0.012419 -0.006160 0.024235 -0.004851
-0.066438 -0.006560 -0.061402 0.000264 0.065925 0.076684 0.075596 -0.045271 0.001959 -0.063177 0.124632 0.071129 -0.104641 -0.076066 0.082349 0.000836 -0.016119 -0.072428 -0.072403 0.084831 -0.046937 0.072522 0.034543 0.024589 -0.071954 -0.038297 0.102994 -0.036090
0.052114 0.049986 -0.046158 0.053863 0.057337 0.109578 -0.054331 -0.028762 -0.040535 -0.003804 0.066248 -0.055028 -0.047831 -0.164400 0.030959 0.096078 0.036592 -0.048208 0.040556 0.040346 0.019257 -0.019105 0.040837 0.006147 -0.104896 -0.103452 -0.031545 0.102818
0.070362 0.052650 -0.052930 -0.048168 0.117175 -0.050950 0.052237 -0.063348 0.015450 -0.031636 0.074199 0.010578 0.043962 -0.140044 0.161384 0.031236 0.053268 -0.029713 0.006902 0.093173 0.043462 -0.005684 0.007100 -0.033060 -0.064780 0.048748 -0.007419 0.014328
0.007196 -0.002656 -0.025366 0.002705 0.088024 0.154546 0.035984 0.037886 -0.106026 0.012463 0.020549 0.080001 -0.109529 -0.035537 0.050757 0.132614 0.030693 -0.017189 0.011661 0.054584 -0.012061 0.015164 0.054872 0.029926 -0.127322 0.002671 0.042297 0.033843
0.045387 0.110639 0.012871 0.021489 0.113316 -0.004343 0.034343 -0.048147 0.075723 0.000963 -0.007149 0.016197 -0.049198 -0.138779 0.036611 0.057305 0.073359 0.014525 0.014860 0.009237 -0.032599 0.069455 0.016800 0.077992 -0.153371 -0.037627 -0.014669 0.140983
-0.053545 0.000672 0.001224 -0.005476 0.098315 0.045202 0.021581 0.033040 -0.042462 0.043858 0.028934 0.120108 0.006204 -0.131853 -0.025654 0.110115 0.004959 0.001947 -0.007958 -0.051713 -0.078679 -0.017324 0.063121 -0.009974 -0.030197 0.024957 0.064254 0.041605
-0.044664 0.067031 0.022826 -0.016045 0.103898 -0.004629 0.013111 0.019792 0.112938 0.070620 -0.075255 0.118680 -0.054063 -0.007254 -0.005774 -0.055817 0.052348 0.070674 0.123223 -0.010130 -0.023896 -0.035658 -0.027435 0.156090 -0.117821 -0.058974 0.086468 0.146454
-0.099899 0.134016 0.063103 0.018558 0.030346 0.089859 -0.000098 0.070163 0.008311 -0.012623 -0.124030 0.053125 -0.020017 -0.006975 -0.100645 -0.014481 -0.048584 0.005896 0.022417 -0.140728 0.016676 -0.017341 -0.013075 0.088404 -0.118138 0.005962 0.178845 0.039259
-0.075910 0.047365 0.016753 -0.027895 0.033934 -0.020509 0.048964 -0.016206 0.007608 0.114009 -0.163591 0.138482 -0.017231 -0.141626 -0.095491 -0.119652 -0.012863 0.068404 0.005233 -0.192771 -0.016358 -0.031432 -0.087681 0.119023 0.036463 0.019382 0.121393 0.135802
0.044449 -0.009527 0.023473 0.022982 -0.015072 0.020506 -0.082495 0.033762 -0.049932 0.051971 -0.075832 0.103028 0.054748 -0.035954 -0.032568 -0.021858 -0.067890 0.080000 -0.052523 -0.118478 -0.023318 -0.028490 -0.083887 0.150674 0.036702 0.015488 0.079947 0.084982
-0.057005 0.033823 0.046847 0.093598 -0.039240 -0.059634 -0.007614 -0.023402 -0.057988 0.057566 -0.078295 0.109696 -0.063839 -0.028523 -0.068765 -0.029356 0.032928 -0.058168 -0.049454 0.003569 0.111905 -0.044473 -0.042280 0.057480 -0.023237 -0.126695 0.064356 0.094061
0.017748 -0.044143 -0.058621 0.025064 -0.056136 -0.007368 0.082914 -0.041001 -0.078478 0.089246 -0.060810 0.093475 0.052669 -0.076856 0.006520 -0.031603 -0.013118 0.055113 0.062972 -0.044713 0.045768 0.013821 -0.046042 0.052504 -0.001083 -0.090309 -0.006875 0.059630
0.052869 0.063626 0.005120 0.102119 -0.067723 -0.129142 0.011888 0.083440 0.034493 -0.001450 -0.035304 0.115998 0.042140 -0.136099 0.006153 0.101832 -0.019850 -0.016829 -0.040462 0.090348 -0.022948 -0.013812 0.016807 0.017503 -0.076013 -0.134651 -0.090167 0.077555
-0.027422 0.054517 0.070582 0.002904 -0.036215 -0.046244 0.022493 0.012575 -0.040664 0.028184 -0.074506 0.063925 -0.066595 -0.035339 0.014887 0.042613 0.008996 0.038872 -0.005508 0.161863 0.018290 -0.011890 0.057186 -0.117870 -0.052842 -0.118132 -0.094162 0.045653
0.002446 -0.014443 -0.019273 -0.038564 0.009331 -0.036059 -0.006812 -0.095517 -0.132913 0.040893 0.026326 0.122966 0.049518 -0.049490 0.055340 0.044256 -0.032449 0.177151 -0.011297 0.060604 -0.004365 -0.044114 0.071501 -0.073932 -0.065105 -0.094232 0.025703 -0.020781
-0.101616 0.057958 0.047680 -0.021048 -0.004116 0.032145 0.007012 -0.002615 -0.115572 -0.006412 -0.091612 0.036637 -0.035486 -0.042389 0.123692 0.063432 -0.002326 0.042879 -0.010831 0.046799 -0.074518 0.040388 0.071811 -0.014348 -0.022075 -0.062123 -0.017073 0.006439
0.059889 0.065236 -0.002585 0.018463 -0.094589 0.034517 -0.094135 0.001198 -0.074256 0.079292 0.002077 0.019627 -0.016283 -0.202491 0.059163 -0.020627 -0.034473 0.052236 0.015197 0.030959 0.065783 0.014096 0.003701 -0.213599 -0.099412 -0.048693 -0.011347 0.028641
-0.056924 -0.046131 -0.006219 -0.003573 -0.029175 0.111840 -0.035213 0.002785 0.013675 0.030092 -0.033375 0.008432 -0.120075 -0.054891 0.016743 0.048255 0.006336 -0.020121 -0.046458 0.013630 0.022909 0.012242 0.044384 -0.142521 -0.002332 -0.025254 -0.034326 0.039582
0.103960 0.046395 -0.034458 0.000040 -0.085933 0.005392 0.079807 -0.023038 -0.165031 -0.053516 0.010288 0.026246 -0.038635 -0.005439 0.040378 0.008339 -0.035888 0.101074 -0.010470 -0.013811 -0.022627 0.027735 0.078229 -0.096493 0.026294 -0.090429 -0.030035 -0.037643
-0.026873 0.038405 0.027126 -0.006470 -0.067280 0.042733 -0.043295 -0.034427 0.049883 -0.082941 -0.074251 0.025573 0.031674 -0.031184 0.005442 0.017392 0.020821 0.012350 0.013428 0.037386 -0.016088 0.002471 -0.003963 -0.149276 0.071457 0.035640 -0.051169 0.001923
0.009672 0.011550 0.036176 0.045649 -0.054959 -0.031367 -0.132504 -0.027404 -0.057993 0.032353 0.006202 -0.031289 -0.086650 -0.114287 0.037508 0.017515 -0.007250 -0.008239 -0.037979 -0.009584 0.048000 0.100776 0.144622 -0.031909 0.008258 -0.086539 0.091111 -0.069407
-0.058777 0.064466 -0.046377 0.151000 -0.021912 0.037549 -0.049849 -0.002315 -0.024359 0.003030 -0.032163 0.046916 0.051102 -0.065562 -0.057850 0.066318 -0.025611 0.058735 -0.003377 0.016126 -0.022494 -0.024923 0.109076 -0.044436 0.016993 -0.017743 0.044078 0.015052
0.075628 -0.032555 0.074889 0.099533 -0.062961 0.008831 0.019637 0.049812 0.056230 -0.060182 0.009550 0.016741 -0.007469 -0.117439 0.016915 0.084691 -0.027761 0.103394 -0.117771 0.044982 -0.020105 -0.049330 0.049692 -0.006381 -0.026615 -0.029167 0.031012 -0.039240
0.075065 0.024325 -0.021166 0.026286 -0.020482 0.090055 -0.026845 0.076650 -0.020471 0.030105 0.026207 0.005853 -0.103555 -0.022901 -0.006435 -0.042978 0.029013 0.008950 0.040188 -0.007971 -0.056351 0.034190 0.026902 0.010037 -0.060385 0.113077 -0.000541 -0.001576
0.019287 0.026144 -0.011157 0.016493 -0.103559 -0.094406 0.016903 -0.065516 0.067031 -0.016032 0.061097 -0.056186 0.068922 -0.052657 -0.028120 0.033266 0.021444 0.027195 0.000897 0.054867 -0.018593 -0.090279 -0.029348 -0.048019 0.114847 0.144822 -0.027565 0.116757
0.002626 -0.017367 -0.084613 -0.076718 -0.001782 0.047305 0.014277 -0.030538 -0.044643 -0.070758 0.048403 0.071981 -0.079246 -0.076548 -0.098331 -0.006307 -0.042924 0.034636 0.019612 -0.036193 -0.023595 -0.049500 0.012132 0.050752 0.120013 0.008925 0.023837 0.030722
-0.024662 -0.060866 0.012409 -0.107420 -0.009163 -0.014097 0.050053 -0.014465 -0.101801 -0.025814 0.126127 -0.031489 -0.009103 -0.048742 0.000363 -0.002249 0.137207 -0.112695 -0.040318 0.030085 0.075914 -0.044557 -0.094463 0.050210 0.017450 0.044215 -0.071121 0.080791
0.079945 0.069923 0.036241 0.048295 -0.069715 0.078008 0.032644 -0.004481 -0.050335 0.002556 0.113948 -0.006865 0.004862 -0.035843 0.035101 -0.006617 0.013402 0.064878 -0.097274 0.020828 0.060772 -0.067733 0.078617 0.059944 -0.041128 -0.083733 -0.001788 -0.015884
0.003643 0.021412 0.078423 -0.043007 0.038951 -0.017713 0.072262 0.025786 0.062923 0.091668 0.126904 -0.000346 -0.006669 -0.020832 0.065942 -0.057697 0.065212 -0.049913 -0.064903 0.070178 0.069993 0.018654 0.154474 -0.064113 -0.015668 0.002701 -0.027345 0.056467
0.029801 0.028521 0.032578 0.039460 0.063809 0.018596 -0.016686 -0.021273 0.010240 0.087412 0.140371 0.130081 -0.000124 -0.083236 0.017734 0.014857 0.010393 -0.015899 0.042009 0.103730 -0.075868 0.035920 0.018707 -0.103091 -0.039356 0.003201 -0.018357 0.027780
-0.015539 -0.049542 -0.029325 -0.026181 -0.012030 0.021538 -0.003106 -0.017091 0.024548 0.053387 0.038867 0.026064 -0.074293 -0.120781 0.049387 -0.048296 0.051674 -0.052962 0.057451 0.007167 0.078012 0.002868 -0.013116 0.000706 -0.094346 -0.025629 0.014456 0.020878
-0.010641 0.051582 -0.003851 0.063197 0.144012 -0.008072 -0.080072 0.041822 0.105752 -0.029126 0.109160 0.025370 0.046868 0.018912 0.001677 -0.007439 0.003180 0.013182 0.042017 -0.030870 0.030970 -0.032544 0.010855 0.051243 -0.018976 0.050452 0.041555 0.028604
0.017337 0.024213 0.062551 0.055644 0.038841 0.011633 0.076940 0.011259 -0.118255 0.011266 -0.024362 0.018669 -0.058886 -0.075542 0.111589 -0.010246 -0.084472 -0.030181 0.126396 -0.125632 0.013364 0.083196 0.039196 -0.056157 -0.014572 -0.054586 0.008521 -0.021009
-0.016638 0.084313 0.039573 -0.051931 0.055900 0.042731 0.004277 0.005141 0.011910 0.071189 -0.070869 0.038987 -0.112531 -0.124744 0.056196 0.026994 -0.036884 0.016823 0.023881 -0.030621 0.074373 -0.020548 -0.012185 0.109140 -0.104201 0.084050 -0.010296 0.130610
-0.131982 0.059405 0.011648 -0.075471 0.058589 0.029599 0.053972 0.035657 0.018562 0.011108 -0.102515 0.109636 -0.019186 -0.115385 0.055979 -0.054122 0.052180 -0.043798 0.053481 -0.061036 0.069007 0.002953 0.057765 0.062286 -0.053332 -0.008265 0.082545 0.040978
-0.036269 0.065312 0.116065 -0.116534 -0.005505 0.020300 0.079283 0.084173 -0.004077 0.023216 -0.089411 0.011351 -0.039723 -0.030770 0.021437 0.015334 0.022981 0.095203 0.057144 -0.171523 0.011754 0.031769 0.024686 0.067974 -0.103788 -0.006647 0.024544 0.069888
-0.096280 0.042138 0.102381 -0.011736 -0.092452 -0.011187 -0.052728 0.031661 -0.015321 -0.005233 -0.037832 -0.033111 -0.072680 -0.039114 -0.055906 -0.002124 0.031953 -0.016112 -0.090554 -0.137139 0.066894 -0.039729 0.028636 0.071129 -0.112221 0.036609 0.080156 0.031126
-0.075258 0.073355 -0.027415 -0.012304 0.063032 -0.119733 0.048849 -0.004822 0.033896 0.018319 -0.097544 0.084945 -0.004738 -0.152792 0.034163 -0.003289 0.005880 -0.055694 -0.031528 -0.036840 0.062735 0.048508 -0.014190 0.018248 -0.101219 0.019350 0.074611 0.086104
-0.063575 0.093940 0.044872 -0.092288 0.001728 -0.070947 -0.055088 -0.027672 -0.063992 0.088262 -0.096486 -0.034718 -0.044099 -0.099106 0.017652 0.016086 -0.006490 -0.036917 -0.005012 -0.014679 0.073567 -0.088054 0.033590 -0.029310 -0.043438 -0.006429 -0.068169 0.080051
0.038068 -0.045059 0.076767 0.051167 -0.109223 0.003447 0.017455 -0.002371 -0.033619 -0.055056 -0.098603 0.081670 -0.053000 -0.054517 0.002147 0.095550 -0.060126 0.051743 -0.083106 -0.047958 0.096199 -0.047278 0.010288 -0.046724 -0.079062 -0.047309 -0.025287 0.119224
-0.025600 -0.024192 0.008156 0.020926 -0.099503 -0.058939 0.017128 -0.076790 -0.072978 0.066091 -0.069550 0.048429 -0.003889 -0.124514 0.025808 -0.031379 -0.138499 0.005483 0.030247 0.032003 0.061514 -0.001231 0.057954 -0.094228 -0.056769 0.054748 -0.103507 0.024789
-0.027109 0.008341 -0.040621 0.025815 0.003742 0.040269 0.002595 0.053409 -0.089450 0.017787 0.027152 0.048649 -0.023955 -0.063379 0.002907 0.014602 0.014384 0.056112 -0.002928 0.073981 0.107254 -0.015797 -0.022571 -0.056991 -0.058201 -0.102188 -0.046986 0.025259
-0.009610 -0.016969 0.059706 0.030338 -0.101402 -0.017513 -0.024720 -0.056530 0.011138 -0.074914 0.013170 0.087394 -0.072084 -0.080252 0.054910 0.023995 0.049846 0.001532 -0.003197 0.001943 0.030125 0.051206 0.031446 -0.114918 -0.105272 0.039720 -0.016963 0.024191
0.016098 0.048749 0.118358 0.084167 0.001105 -0.160751 -0.007847 -0.041360 0.013578 0.083007 -0.021657 0.000385 0.002506 -0.073880 0.083655 0.000968 -0.019539 0.068269 0.037562 0.029086 0.100383 -0.033004 0.081730 -0.080475 -0.023393 -0.080983 -0.088316 0.032410
-0.071402 -0.028563 0.081657 0.024945 -0.017695 -0.052939 -0.036650 0.002727 -0.066152 -0.001927 -0.027594 0.013184 -0.049263 -0.055349 0.022623 0.002327 -0.059825 0.038790 0.029555 0.006201 0.060648 -0.046156 0.056954 -0.022352 -0.014261 -0.092409 -0.091798 -0.000100
0.048294 0.128857 0.128915 0.048037 -0.046221 -0.012948 0.015860 -0.013778 0.018447 0.027929 0.099700 0.074332 -0.012884 0.013301 0.075566 0.051127 -0.056029 0.062352 -0.041031 0.038817 0.106590 -0.036689 0.042866 -0.127262 0.049751 -0.075323 -0.059894 0.039920
-0.026994 0.049407 0.148000 0.076455 -0.042911 -0.060884 -0.093096 0.011598 -0.030970 -0.052230 -0.017868 0.044369 -0.035580 -0.081560 0.045046 -0.060350 0.056742 0.008061 -0.002525 0.021842 0.047669 -0.026722 0.103204 -0.034274 -0.024748 0.025984 -0.025884 -0.030557
-0.031259 0.120900 -0.044307 0.036896 -0.052577 -0.077310 -0.075542 0.019604 0.009858 -0.004910 -0.034562 0.008196 -0.070455 0.015742 0.031478 -0.016248 -0.053718 0.001270 -0.076050 0.026706 0.021596 -0.031543 0.030102 -0.022325 -0.050345 -0.030167 -0.034244 0.032818
0.037498 -0.051728 0.057836 0.069846 -0.097355 -0.065622 -0.042173 -0.064566 -0.106652 -0.005915 -0.038630 0.079851 -0.034250 -0.124948 0.001884 -0.016334 -0.067399 0.036459 0.058927 -0.004890 0.033996 0.003066 0.052881 -0.104875 0.076272 -0.044325 -0.013691 0.035833
-0.008447 0.051001 0.088258 0.112421 0.049976 0.009366 -0.012934 0.024240 0.029801 -0.024803 0.034701 -0.027741 0.079932 -0.115258 0.009352 -0.023948 0.053424 0.017723 -0.042920 -0.069475 -0.045688 0.025595 0.072405 -0.070714 -0.006328 0.025677 -0.028221 -0.032297
-0.064995 -0.088880 0.028143 0.175107 -0.045620 0.071697 0.085750 -0.050850 -0.075399 -0.081725 0.011130 -0.013195 -0.006828 -0.019168 0.031720 0.064377 0.019343 0.007950 -0.085190 0.037318 0.021657 0.015480 0.064647 -0.050553 0.037650 -0.052016 0.034308 -0.011833
0.077253 -0.022026 0.012239 0.017542 0.006580 -0.042921 -0.017454 -0.007246 0.090018 0.033372 -0.049829 -0.014243 0.031225 -0.023874 -0.009199 0.014962 -0.082648 0.010727 0.064467 -0.093695 -0.050335 0.062287 -0.024526 -0.068555 -0.022145 0.027753 0.027762 0.075062
0.035986 0.103681 -0.013999 0.028634 0.087925 0.027380 -0.088015 0.071309 0.023589 -0.058100 -0.069679 -0.097259 0.025695 -0.078797 0.107279 0.044447 -0.019175 -0.009237 0.079849 0.042771 -0.059306 -0.038429 0.082510 0.108203 0.043462 -0.112337 0.056492 0.081082
0.063662 -0.062600 0.032502 0.015626 -0.035780 -0.024053 0.081970 0.017071 0.019966 0.015882 0.062871 0.028852 -0.036325 -0.055126 0.015051 -0.064612 -0.000722 0.091184 -0.066309 -0.026840 0.029409 -0.012170 0.078089 -0.029132 0.002007 0.081222 -0.027708 -0.047921
0.058396 0.061204 -0.069818 -0.075773 -0.043116 0.100737 0.050341 0.002722 -0.049695 -0.002135 0.015382 0.054847 -0.089162 0.039174 0.050613 -0.060738 0.006339 -0.049702 0.032690 -0.059526 0.080749 0.048949 -0.002418 -0.021951 -0.068767 -0.002195 -0.044225 -0.009222
-0.049008 0.070700 0.033927 -0.004126 -0.054455 0.015581 -0.036690 0.016326 -0.025869 0.040013 0.017062 0.006508 -0.025533 -0.082833 0.117549 0.020012 0.048068 -0.014273 -0.124965 -0.015919 0.135831 0.064431 0.054449 0.021284 0.051205 0.036708 0.047279 0.018329
0.034536 0.004728 0.032292 -0.002146 0.057820 0.031257 0.048670 -0.003761 -0.032117 -0.044214 0.018288 0.127785 0.001256 0.000433 0.099583 0.012264 0.026686 -0.087978 -0.102052 0.095808 0.016380 0.050692 0.032357 0.011719 -0.115614 -0.044245 0.028818 0.008195
0.023488 0.023374 0.054927 -0.035976 0.139158 -0.011659 -0.030876 -0.035415 -0.006440 -0.017121 0.105171 0.016173 -0.011452 -0.104785 -0.025046 0.004860 0.046820 -0.015182 -0.010739 -0.048203 0.158096 -0.039563 0.122873 -0.086017 -0.081568 0.072453 -0.016978 0.030404
0.019786 0.027935 0.062202 0.002738 0.012853 0.089409 -0.034357 -0.026064 -0.035369 0.010014 0.037788 0.056779 -0.007040 -0.094705 0.120932 -0.002529 -0.040660 0.045038 0.017514 -0.103749 0.030910 0.066994 -0.009397 0.027922 -0.000773 -0.033748 0.021566 0.061710
-0.069266 -0.012279 0.123727 0.011061 0.045833 0.001923 0.000044 0.018295 -0.023100 -0.046473 0.081934 0.044791 -0.037019 -0.080181 0.017520 0.025214 0.000811 0.000218 -0.016221 0.051132 -0.004779 0.021239 0.056498 0.027079 0.005561 0.073559 0.094803 0.049313
0.003966 0.025886 0.081179 -0.017926 0.052415 -0.040117 0.061222 -0.011876 0.035357 0.076212 0.113650 0.063987 0.022482 -0.062699 0.001667 -0.018408 0.023264 0.010132 0.067478 -0.005361 0.126818 0.045525 0.000986 -0.020747 -0.044302 -0.019913 0.009978 0.008646
-0.109643 -0.049128 0.073825 -0.008470 -0.020808 -0.069221 0.000373 0.063835 0.006078 0.030202 0.011709 0.151379 -0.074918 -0.030815 -0.046928 0.004213 -0.020370 0.033578 -0.042454 -0.084649 0.071740 0.060964 0.003765 0.047675 0.008350 0.055841 0.091662 0.029204
-0.073379 -0.056211 0.070779 -0.031855 -0.014477 -0.046356 0.030026 -0.022420 -0.014360 0.074084 -0.018897 -0.012660 -0.064184 -0.076838 0.005240 -0.047899 -0.066090 0.022501 -0.080014 -0.115647 0.041654 -0.055968 0.068555 -0.025501 0.018007 0.035903 0.032086 -0.070417
-0.077453 -0.010980 0.086212 -0.120566 0.040862 0.049739 0.015021 0.012699 -0.026790 0.076776 0.015931 0.022833 -0.052372 -0.037620 0.018305 0.046210 -0.038844 -0.001413 0.021657 -0.055677 0.069987 0.037448 0.033571 0.065271 -0.061458 -0.012776 0.027318 -0.002603
-0.073827 0.038114 0.071152 -0.097277 0.014825 0.068408 -0.027220 -0.002110 -0.023929 0.008641 -0.058122 0.108756 -0.093467 -0.052993 -0.032620 0.010049 0.152381 0.012310 0.032695 -0.093250 -0.003246 -0.068204 -0.024601 -0.016576 -0.031611 0.040548 0.047328 0.031124
-0.027067 0.016971 0.105188 -0.072050 0.024083 0.026387 0.028208 -0.109993 -0.028621 0.072400 -0.098521 -0.008269 -0.108721 -0.114527 0.002687 -0.004635 -0.082774 -0.000993 -0.045001 -0.044472 0.066810 0.052695 -0.022366 -0.021607 -0.001201 -0.025095 0.021674 -0.014899
-0.038576 0.001731 0.041151 -0.067029 -0.022369 -0.016463 0.060093 -0.008486 0.006468 0.082633 -0.055552 0.045318 -0.006054 -0.044883 -0.035905 0.020995 -0.007260 -0.030188 0.019930 -0.028098 0.046519 -0.069941 0.105066 0.050223 0.018496 0.006151 -0.033920 -0.017481
-0.061591 -0.055488 0.089731 -0.087104 0.022615 0.002120 0.015628 0.052594 0.088299 0.034535 -0.071332 0.028298 -0.018871 -0.064678 -0.000619 0.044577 -0.081036 0.040817 0.052217 0.038733 0.034080 -0.013570 0.093093 -0.054413 0.029295 0.004652 -0.061338 -0.054792
-0.062666 0.098588 0.026596 -0.001123 -0.033085 -0.115569 0.050376 -0.030785 0.002811 -0.022317 -0.006452 0.122192 -0.043653 -0.046149 0.065943 -0.037407 -0.035935 0.005681 -0.029731 -0.023878 0.050164 0.035099 -0.007438 0.036443 0.025122 -0.042427 -0.089484 0.092636
0.058840 -0.019529 0.122444 -0.007322 -0.004871 -0.022125 -0.021066 -0.061753 0.048991 0.135896 -0.041420 0.094871 -0.064321 -0.014702 -0.046274 0.059245 -0.036569 0.031280 -0.059168 0.012798 0.031519 -0.000479 0.154062 0.047118 0.009180 -0.032642 -0.130817 0.090351
0.100359 0.062152 -0.050483 0.006181 0.008334 0.013145 0.041977 0.003880 -0.025215 -0.014183 0.082551 0.056626 -0.043762 -0.092502 0.052441 -0.026125 0.054508 -0.040685 -0.064634 0.089561 0.161976 -0.058263 0.024711 -0.023444 0.017807 0.005178 -0.002802 0.074094
0.033792 -0.046649 -0.015512 -0.067213 0.021472 -0.036314 0.027880 0.014973 -0.000201 0.014706 -0.019865 0.130852 -0.075961 -0.061546 0.003688 0.067901 0.011000 0.040447 0.009168 0.053553 0.041381 0.017267 0.034661 -0.011229 0.075905 -0.019636 -0.023825 -0.029178
-0.020912 0.038386 -0.013597 -0.088465 0.003795 -0.022815 -0.047754 0.005474 -0.029321 -0.054255 -0.028974 0.046371 -0.022314 -0.106081 0.044040 -0.012343 0.058267 -0.064024 0.011677 0.042469 0.087574 0.008306 0.073983 -0.059357 0.052598 -0.033257 0.034951 0.035696
-0.018515 0.050063 0.085581 0.063697 0.049827 -0.013434 0.034265 -0.063844 -0.055618 -0.040487 -0.010000 0.086156 -0.059581 0.042192 0.042785 -0.054087 0.018250 0.018079 -0.004115 0.025435 0.014352 -0.011394 0.016629 0.001311 0.090646 0.043940 -0.034716 -0.016910
0.042097 -0.072558 0.059679 0.109677 0.033721 0.027188 0.058584 0.028288 -0.006705 0.056310 -0.013780 0.034733 0.049084 -0.031428 -0.042805 0.048939 0.018859 -0.023722 -0.003368 -0.032095 0.043986 0.024049 0.047669 -0.008923 0.047419 0.063912 -0.138736 0.012404
0.042118 0.066994 0.116058 0.131684 -0.031293 0.133911 -0.106611 0.006626 -0.056124 0.004735 0.020552 0.042920 -0.013582 -0.065874 -0.000478 0.021504 -0.046646 0.045043 0.030870 -0.041475 0.035572 -0.009972 -0.003367 -0.098442 -0.016300 -0.025524 0.053543 -0.041088
-0.042730 0.011736 0.069427 0.082839 0.007489 0.061469 -0.008639 -0.034449 0.094967 -0.030670 -0.042438 0.078141 0.034469 -0.090196 -0.028526 0.021550 0.034515 0.066292 0.016096 0.054840 0.008991 0.038556 0.090912 -0.088282 0.013276 -0.018676 -0.061616 0.023114
0.019381 -0.018193 0.042079 -0.010045 0.045347 -0.037659 0.016004 -0.039987 -0.039004 -0.013466 -0.054418 0.112880 0.078138 0.000126 0.011153 -0.067432 0.006562 -0.012086 -0.017845 0.063898 0.058694 0.056007 0.028416 -0.001138 -0.028163 0.026566 -0.053874 -0.020370
0.000061 0.086487 0.002136 -0.014444 0.030655 -0.048942 -0.015757 0.075915 -0.039729 -0.052226 0.019962 -0.009134 0.059192 0.033909 0.087886 -0.020839 0.047800 0.007152 0.044027 -0.046778 -0.040349 -0.029759 0.046555 -0.132525 0.043014 -0.015131 -0.011183 -0.024408
0.009710 -0.057859 0.022913 0.007067 -0.013380 0.034150 -0.037324 0.011401 0.056910 -0.032144 0.035428 -0.022573 0.012703 -0.066405 -0.030835 0.003906 0.032180 0.031474 -0.045605 0.045229 -0.007292 0.016590 0.053859 -0.014204 0.026210 -0.006470 0.086577 0.099320
-0.030197 0.057647 0.031801 0.070364 -0.059222 -0.059217 -0.007662 -0.028113 0.064219 0.037433 0.049914 -0.052548 -0.068714 0.023059 0.103151 -0.021672 0.019361 -0.021257 0.004403 -0.022275 -0.048640 -0.056124 -0.009176 -0.007761 0.006993 0.029147 -0.002209 -0.004367
-0.007268 0.046523 -0.041223 0.016224 0.000982 -0.101647 0.068541 -0.073200 0.082859 0.032032 0.039577 -0.026638 -0.055356 0.030701 -0.007311 -0.017044 0.099479 -0.028403 -0.041285 -0.052137 0.062472 -0.014983 -0.079307 -0.047053 -0.031041 -0.039437 -0.040975 -0.036843
0.003674 -0.016920 -0.004813 -0.072880 -0.059033 0.087804 0.017847 0.042763 -0.078565 0.034490 -0.040274 -0.041604 -0.043668 0.036058 0.010796 -0.034913 0.051799 -0.026922 -0.047884 0.066931 -0.004817 0.013895 0.005046 0.047852 -0.081204 -0.032009 0.017333 -0.009356
0.086587 -0.008649 -0.008060 0.042998 0.071418 -0.000588 0.014312 0.117855 0.082667 -0.069838 -0.042877 0.049624 -0.082561 0.014765 0.161680 0.019302 -0.006390 0.040481 -0.062492 0.014244 0.000769 -0.008043 0.026773 -0.015765 0.008104 0.118166 0.019349 0.018122
0.011897 0.025760 0.129411 0.107233 0.012489 0.034247 -0.043206 -0.061713 -0.022646 -0.026061 -0.038356 0.028961 -0.009142 -0.040903 0.054082 -0.027913 0.016661 0.010781 -0.041266 -0.029451 0.141385 0.019965 0.063256 0.023953 -0.038593 0.019371 -0.056388 -0.023036
-0.095809 -0.029800 0.082028 0.028608 0.123925 0.014976 0.037688 0.039124 0.030032 0.051238 0.085349 0.104468 -0.096381 -0.067096 0.127345 0.023295 -0.060454 -0.041459 -0.046860 0.035146 0.092420 -0.037166 0.039509 -0.072357 -0.059557 0.020397 0.002094 0.084218
0.099856 -0.068296 0.078580 0.010726 0.041381 0.000392 0.048195 0.023402 -0.028340 0.013886 0.013529 0.038729 -0.055461 0.039662 0.113889 -0.030989 -0.050681 0.033854 -0.041439 -0.021712 0.064568 0.021039 0.017691 0.016283 0.056476 0.051418 0.122312 0.028905
0.023001 -0.014945 0.031836 -0.020985 0.001705 0.018008 0.029076 -0.053318 -0.010256 0.020706 0.030231 -0.006448 -0.066140 0.032586 0.026112 -0.021693 -0.057631 -0.088000 -0.015276 -0.018299 0.051370 -0.040761 0.045875 -0.021315 0.060754 -0.015001 0.031903 0.006137
-0.045296 0.030742 0.073413 -0.085882 -0.032454 0.010404 0.008856 0.039476 -0.058792 -0.000738 0.036688 0.021452 -0.015335 0.049350 0.034463 -0.029445 0.035618 0.032923 -0.027773 -0.084204 0.117412 -0.032201 0.049162 0.070502 0.048400 0.001305 0.088728 0.019897
-0.011390 0.022449 0.064309 -0.007367 0.015074 0.036905 0.012238 0.036816 -0.100499 0.070663 0.081108 0.006922 0.044967 -0.083268 0.087412 0.046784 -0.044520 0.020157 -0.038877 -0.106315 0.090569 -0.001633 0.061762 0.004862 0.000336 -0.004856 0.112043 -0.005508
0.015935 0.051558 0.053776 -0.057711 -0.026293 0.000096 0.073740 0.017088 -0.019845 -0.015879 0.020270 0.062419 -0.034380 -0.013669 -0.025002 0.092392 0.048537 0.066558 -0.059979 -0.091574 0.063896 0.014181 -0.024806 0.033975 0.066546 -0.022609 0.103577 0.035735
-0.036190 0.024525 0.029846 -0.171708 -0.028714 0.009256 -0.005391 -0.045670 0.031368 0.092361 -0.030259 0.051977 -0.100771 -0.028590 0.027240 0.000077 -0.012462 0.085859 -0.020524 -0.037967 -0.009376 0.003233 0.075848 0.029781 -0.054741 0.061047 0.011456 0.030844
0.010758 0.030287 0.066502 0.050979 0.086583 0.025389 0.032762 0.021171 0.010307 0.029022 0.022599 0.050543 0.033122 -0.012589 -0.010045 -0.067455 -0.004504 -0.057517 0.008442 -0.018641 0.024762 -0.068145 -0.029192 0.019285 0.031610 0.033254 0.079333 0.054023
-0.066971 0.007767 0.027636 -0.012128 -0.017307 0.007877 -0.010890 0.005615 -0.031013 0.022613 -0.064102 0.054113 -0.030805 -0.081444 -0.005330 0.041084 0.019567 0.031315 -0.021169 -0.054946 -0.040340 0.005700 0.053114 -0.070065 -0.004441 0.148622 0.054008 0.028591
0.067005 0.028471 -0.000979 -0.072569 0.003162 -0.046962 -0.051092 -0.026651 -0.051820 -0.003347 0.071355 0.003904 -0.065835 -0.109808 -0.049451 -0.015469 -0.052296 0.015347 -0.069038 -0.009143 0.012087 0.028601 0.063162 -0.036365 -0.047262 -0.045219 0.044597 0.065786
0.045916 0.075329 0.085554 -0.024076 -0.007811 0.062489 0.012645 -0.033721 -0.017486 0.070839 -0.052684 0.084320 -0.072574 -0.216354 -0.004436 -0.030306 0.020911 -0.002157 -0.055283 0.009054 -0.039335 0.034090 0.084844 -0.031663 0.013315 0.018473 0.005036 0.083525
-0.019368 -0.121594 0.027815 -0.025122 0.024685 0.072377 0.049225 0.077557 -0.001592 0.038601 0.019192 0.055285 -0.015184 -0.027238 -0.003301 0.006667 0.055358 0.001450 -0.038472 0.043380 0.095939 -0.001529 0.015545 -0.102256 -0.019265 0.023021 -0.043388 0.095790
0.011933 0.037020 0.041744 -0.006711 0.012880 0.041132 0.015804 0.021539 0.028533 -0.047106 -0.007283 0.056219 -0.040243 -0.046275 0.045589 0.057909 0.005071 -0.000660 0.028267 -0.036765 0.044678 0.027530 0.028850 0.007135 0.047219 0.006875 0.011809 -0.022748
0.017722 0.054995 0.028999 -0.058068 -0.021051 0.031043 -0.034192 -0.024989 0.097267 0.048299 -0.016602 0.115154 -0.019347 -0.004807 -0.010205 -0.080340 -0.008996 0.031435 -0.010000 0.027673 0.098182 -0.070822 0.089287 0.041524 -0.015252 -0.021402 0.028628 0.017686
-0.006064 0.011512 0.072851 0.023094 -0.003873 0.037966 0.108209 -0.012619 0.085184 0.029996 0.027882 0.051149 -0.024278 -0.039698 0.024062 0.020204 0.011849 -0.009658 -0.058076 0.025356 0.056200 0.045006 0.008949 -0.015948 0.031197 -0.007119 -0.019982 0.065509
-0.059425 -0.038487 0.026714 -0.004206 0.008854 -0.059653 0.042151 -0.000590 0.036788 -0.023943 0.000247 0.057687 0.004519 -0.043656 0.017155 -0.002685 -0.022342 0.038289 -0.022897 0.042996 0.069452 0.027545 -0.007095 -0.090156 0.050803 -0.004833 -0.025770 0.068154
0.012201 -0.049901 -0.028282 -0.103015 0.001988 -0.001533 -0.083580 0.033963 0.015934 0.030536 -0.149488 0.087037 -0.064891 -0.087144 0.023910 0.067507 -0.010596 0.048895 0.028188 0.061591 0.048898 0.041752 0.113768 0.029952 0.043603 0.020117 -0.045544 -0.003798
0.018836 0.058257 0.013835 -0.029957 -0.000491 0.001419 -0.020031 -0.054919 0.102875 0.005272 0.034421 0.014321 -0.008621 -0.112261 0.050500 0.031786 0.052216 -0.046750 -0.061559 -0.066968 0.007515 0.000904 0.019327 -0.035020 0.070746 0.049584 0.002756 0.016711
-0.076884 -0.129153 0.026423 0.042828 0.068315 -0.059669 -0.062572 -0.030170 -0.050613 -0.037795 -0.014947 -0.005156 -0.092805 -0.076019 0.006766 -0.017796 -0.040107 0.137223 0.026572 0.115319 0.019051 0.050119 -0.008468 -0.031322 0.005758 0.063093 -0.004251 0.033753
-0.012574 0.086675 0.033361 0.060585 0.047607 0.016269 -0.066777 0.022967 0.043248 0.008731 0.014835 0.110487 -0.007849 -0.075663 0.091987 0.012003 0.041945 0.028394 0.035388 -0.009587 0.020899 -0.043508 0.015089 0.018539 -0.044938 -0.060923 0.015984 0.054820
0.033813 0.020535 0.011162 0.028910 0.056307 -0.004769 0.024837 -0.060690 -0.063334 -0.041370 -0.042133 0.041448 0.077778 -0.035779 0.056621 0.002613 0.116371 0.054566 0.019098 0.053597 0.110476 -0.077938 0.136713 0.016527 0.022504 -0.076857 0.081545 -0.069581
-0.026104 -0.023973 0.014878 0.050323 0.053132 -0.072450 -0.026519 -0.032582 0.034301 -0.019364 -0.011913 -0.075318 0.043715 0.014549 0.012312 -0.003844 -0.040205 -0.106223 0.056126 -0.118897 -0.028789 0.049103 -0.002643 -0.051417 0.053705 -0.001035 -0.057636 -0.060503
-0.027369 -0.006886 -0.119163 0.004092 -0.013096 -0.077389 0.040004 -0.023048 -0.066018 -0.021337 0.025837 -0.053187 0.053717 -0.068210 -0.055485 -0.001694 -0.022619 -0.000792 0.007438 -0.133819 0.024085 -0.024999 -0.025647 0.000180 -0.000903 -0.023327 0.002776 -0.132158
0.014622 -0.054303 -0.085731 0.028748 0.029612 -0.059075 0.014317 0.036065 0.008685 -0.034177 -0.016209 -0.008066 -0.003142 0.036235 -0.010479 -0.015992 -0.030988 -0.033162 0.085021 0.004721 -0.010131 -0.041009 -0.017071 0.040708 0.087006 -0.051178 0.005539 -0.079228
-0.045720 0.053077 0.076276 -0.058064 0.042088 0.062645 -0.034383 -0.024456 0.070453 -0.002375 0.021547 -0.025146 -0.060301 0.025600 0.003761 0.039060 -0.002080 0.106483 -0.102373 0.004700 0.037218 -0.032983 0.082282 0.090200 -0.041073 0.054283 -0.091894 -0.037920
0.043206 -0.064940 0.003530 -0.014169 -0.010681 0.075738 0.060117 -0.016142 -0.023128 0.051083 0.097940 -0.044029 -0.001939 -0.023702 0.035497 0.129667 0.023333 -0.065671 -0.080033 0.030342 -0.019178 -0.000878 0.006639 0.031290 0.030844 0.031160 -0.004519 -0.011736
0.103644 -0.013273 0.048358 -0.029616 0.035704 -0.030024 0.028881 0.052983 -0.047862 -0.016116 -0.030212 0.052897 -0.071784 0.025083 0.131723 -0.037272 -0.005627 0.052376 -0.051930 0.063211 0.061531 0.048786 0.017758 -0.027363 0.076591 0.022185 -0.042258 0.058740
-0.048902 -0.040360 -0.031355 -0.021801 0.016978 -0.007008 -0.056041 0.067157 0.010346 0.031944 0.091028 0.004114 -0.011462 -0.036005 0.042958 -0.005964 -0.042591 0.007137 -0.007097 -0.084889 0.081751 0.044995 0.099297 0.006106 0.027871 -0.042463 0.015315 0.091428
0.034712 0.078743 0.069744 0.034937 0.007843 -0.020084 0.053869 -0.068799 0.069561 0.014955 -0.020514 0.020580 -0.013011 -0.002545 -0.014140 -0.026588 0.068456 0.000113 0.031972 -0.057903 0.082429 0.013564 -0.004370 -0.029100 -0.018623 0.019430 0.047730 0.025317
-0.073999 -0.014522 0.062670 0.003788 0.021448 0.055273 0.088919 -0.003516 -0.024382 -0.094198 0.006198 0.019131 -0.009957 0.027250 -0.018219 0.066124 0.049669 0.030278 0.051045 0.009146 0.065622 0.048526 -0.062121 0.036575 0.006588 -0.062973 0.094471 0.033637
-0.110400 0.008311 0.039217 -0.015252 0.003076 0.011617 -0.019969 -0.019962 0.044493 0.021121 0.048365 -0.000255 -0.005572 -0.002816 0.015017 -0.049438 0.078044 0.087789 -0.015177 -0.055934 0.068952 0.055477 -0.030491 -0.039909 -0.078925 -0.042193 0.050936 0.038916
0.045540 -0.003372 -0.075786 -0.033747 0.002778 -0.083565 -0.027647 -0.022483 0.008331 0.008191 0.026315 0.074352 -0.067966 0.008906 0.041259 -0.037344 -0.075130 -0.000755 -0.074704 -0.098136 0.010659 -0.033905 0.055505 0.069730 0.040702 -0.026129 0.123683 0.028219
-0.017606 -0.034950 0.124447 0.018544 0.087734 0.023851 0.069901 0.040003 -0.033913 0.061008 0.070726 0.027134 -0.056900 0.041720 0.086144 0.028235 0.048374 0.117164 0.105053 -0.023373 -0.009703 -0.050413 -0.019531 -0.028993 -0.023522 -0.032222 -0.015732 0.001915
0.003971 -0.043505 0.023423 -0.078423 0.001654 0.033492 0.020394 -0.002694 -0.051049 0.123576 0.025344 0.024453 -0.015942 -0.087389 -0.018324 -0.031384 -0.120004 -0.034861 -0.090502 -0.112025 0.043618 0.009970 0.058314 0.023323 0.071048 0.011328 0.066484 0.053934
-0.061258 -0.051670 0.119918 -0.004821 0.036544 0.022731 -0.071641 0.028263 0.093255 -0.011004 0.049016 0.063829 -0.060239 0.033471 0.035437 0.008631 0.022684 0.027040 -0.042423 -0.022838 -0.032655 0.059715 0.057859 -0.028626 -0.035244 -0.044200 -0.039241 0.059025
-0.036663 -0.023763 -0.013803 -0.035899 -0.008654 -0.025155 0.036610 0.028648 0.011891 0.058733 0.026969 0.025617 -0.028950 0.003953 0.082840 0.042449 0.027632 0.061796 0.000322 0.031301 0.015064 -0.015644 0.084011 0.077318 0.033044 0.051150 0.025741 0.024951
-0.034381 0.016753 0.154735 -0.065608 0.017710 0.079000 -0.007334 0.010195 0.006320 0.095929 -0.005005 0.091352 0.008502 -0.030530 0.006462 0.087518 0.026151 0.055025 0.032728 -0.093352 -0.053998 -0.017933 0.054295 -0.016787 -0.008036 0.051220 -0.030698 0.068351
-0.084920 0.016207 0.041680 -0.125407 0.024483 -0.067690 -0.039304 0.004509 -0.015724 0.021289 -0.020008 0.059443 -0.062448 -0.066629 0.047174 0.012531 0.007878 0.015280 -0.036794 0.013587 -0.030379 0.016154 0.073115 0.038872 -0.004331 0.040918 -0.049135 0.016737
-0.007779 0.009641 0.066503 0.004213 -0.004099 0.007652 0.043893 -0.021500 -0.001622 0.068975 -0.040784 0.060575 -0.009942 0.045347 -0.009985 -0.055584 0.022568 -0.033780 0.086457 -0.028081 0.009606 0.017835 0.086099 -0.041061 0.069997 0.080977 -0.057104 0.014157
0.070745 0.084028 0.017308 -0.064969 0.010738 0.009315 -0.029849 -0.015803 -0.032617 -0.026428 -0.031710 0.072289 -0.086050 -0.025560 0.021602 -0.030711 -0.035666 -0.004731 -0.009975 0.075198 -0.006936 -0.020251 0.058218 0.087107 0.031520 0.021181 -0.039948 0.045167
0.049546 -0.006472 0.075054 -0.106754 -0.058183 -0.021190 0.019675 -0.006202 0.072861 -0.019479 -0.061526 0.084531 -0.023413 -0.027377 -0.010366 -0.005782 0.072432 0.064681 -0.058970 0.054569 0.024147 -0.012864 0.030954 0.019234 -0.011418 0.023309 -0.031446 0.012842
-0.024087 -0.018081 0.078926 -0.028471 -0.019039 -0.033282 0.003760 0.019508 -0.063537 -0.018921 -0.077771 0.031214 -0.095173 0.008321 -0.030274 0.005927 -0.058363 0.026152 -0.077169 0.018052 -0.027218 -0.023864 0.076457 0.010828 0.048189 -0.043573 -0.133751 0.022147
-0.007378 0.070888 0.064550 0.009044 -0.058695 -0.023326 -0.055679 -0.023196 0.130619 -0.009320 -0.026452 0.044266 -0.024955 -0.120244 0.007462 -0.040431 0.037000 -0.039840 0.010596 0.027999 0.043957 0.072215 -0.073862 -0.013900 0.024054 0.068455 -0.033310 0.061175
0.111074 0.008086 0.013433 -0.038926 0.039455 -0.020565 0.035280 0.022411 -0.039798 -0.126106 -0.017851 0.044982 -0.134063 -0.017383 -0.031682 0.032988 0.032363 0.009259 0.011721 0.048456 -0.035763 -0.041376 -0.023124 -0.006593 -0.009145 -0.060136 0.053419 -0.010359
0.023540 0.013452 -0.023002 -0.062055 0.013396 0.025418 -0.058470 -0.020374 0.032092 0.016473 -0.033779 0.110164 -0.038462 -0.019229 0.041160 -0.009155 0.008347 0.049566 -0.008369 0.055689 0.117870 0.005747 0.000234 -0.015835 0.028025 0.028798 0.013401 0.122880
0.034096 0.091838 0.054095 0.003822 -0.040960 -0.052136 -0.023261 0.040817 0.034778 -0.019775 -0.066036 0.113539 0.006001 0.024777 0.009791 -0.069087 -0.012857 0.010884 -0.013158 0.109472 0.085526 -0.049324 0.113841 -0.094002 0.045041 -0.006259 -0.031232 0.012845
0.076854 -0.047359 -0.053733 -0.036573 0.007159 0.004321 -0.063182 -0.015531 -0.011090 0.089148 -0.000685 0.015020 -0.025970 -0.062153 0.028350 0.060964 0.121981 -0.047116 -0.052791 -0.013119 0.022352 -0.049216 0.063137 -0.014466 0.019990 0.053359 -0.031357 0.066712
0.065807 0.032678 -0.066649 -0.046802 0.010345 0.092978 0.021215 0.099261 -0.009235 -0.112472 -0.089648 0.020165 -0.006498 -0.076718 0.028568 -0.018725 -0.019068 0.085017 -0.074625 0.049979 0.048923 -0.075418 0.108842 -0.021541 -0.058567 -0.028865 0.005068 0.041071
0.030282 0.104381 -0.015926 0.068264 0.053909 -0.066761 0.026990 -0.071045 -0.041597 -0.046328 0.009504 0.039296 -0.009097 -0.055442 0.012257 -0.045086 0.083314 0.037520 -0.009386 0.046854 0.023583 -0.045583 0.032102 -0.012303 0.067985 -0.082630 -0.060824 0.034241
-0.026519 0.046310 0.001898 0.121927 0.013171 0.011349 0.012918 0.074302 -0.010924 -0.012796 -0.006721 -0.037058 0.053169 0.017313 0.063981 -0.048572 0.080096 -0.007788 -0.021997 0.035764 -0.034123 0.074973 -0.002689 0.032326 0.021861 -0.043753 -0.000250 0.012204
0.094124 -0.003991 -0.028602 0.081331 0.039531 -0.025100 0.000670 0.006206 0.021228 0.050885 -0.044556 0.031879 0.076624 -0.033722 -0.047439 -0.052226 -0.014127 -0.042854 -0.078172 0.013199 0.014154 0.090954 0.002216 -0.026133 -0.042018 -0.012051 -0.023431 -0.067677
0.011593 -0.039903 0.019237 0.062547 0.010619 -0.020059 0.006213 -0.007222 0.014046 0.017189 -0.012945 0.080431 0.029014 0.064760 -0.000614 -0.065434 -0.105259 0.043662 0.038287 0.039869 -0.069974 0.028412 0.085665 0.099076 0.023694 -0.023607 -0.066554 0.034532
0.035742 0.026723 -0.034741 0.016312 -0.010517 0.007968 -0.036396 0.073001 0.052930 -0.033152 -0.050157 0.058359 0.014036 0.051857 0.020945 0.017686 0.071983 -0.019031 -0.048631 -0.044114 -0.046947 0.002035 -0.006242 -0.000114 -0.050200 0.003101 -0.000268 -0.024969
-0.008820 0.038966 0.001741 0.010815 0.060426 0.058019 -0.082312 0.000749 0.084322 0.062509 -0.084319 -0.045495 0.032609 0.003357 -0.010145 -0.034647 -0.057837 -0.011476 -0.039046 -0.043657 0.056039 -0.044148 0.025241 0.054018 -0.011807 0.032877 -0.132540 0.062567
-0.016114 0.011385 -0.001602 0.047725 0.042630 0.024261 0.045744 -0.108641 -0.002929 -0.001717 -0.083297 -0.036238 0.048398 -0.016220 0.036334 0.012084 0.020806 -0.010176 0.018554 -0.019515 0.026120 -0.080451 0.020433 0.017094 0.047247 -0.022027 0.091985 -0.069409
0.098548 -0.089367 -0.014152 0.049147 0.048177 -0.044754 0.038198 0.031106 0.056513 0.011038 0.041121 0.070884 0.011236 -0.070254 -0.064739 0.054337 0.010455 -0.020065 0.000156 -0.112343 0.023328 0.053420 -0.040777 -0.009774 -0.021146 0.017203 0.071523 -0.046216
0.056916 -0.066915 0.096336 -0.038947 0.056881 -0.018082 0.035128 -0.024925 -0.066676 0.034783 -0.094359 0.032737 -0.014716 0.066070 -0.010971 -0.047347 -0.032565 0.028581 0.033454 -0.027725 0.094114 -0.022893 -0.018902 -0.054060 -0.012420 0.036628 0.057600 0.049928
0.033734 -0.105746 0.018197 -0.006860 -0.010861 0.097263 0.001128 -0.019032 0.028424 -0.032455 0.023384 0.062169 -0.016518 0.049205 0.037165 -0.006182 -0.080896 0.002970 0.038253 0.002655 -0.070790 0.033953 -0.031047 0.038160 -0.019416 0.008574 0.154676 0.001641
0.070737 -0.030455 0.045046 -0.035947 -0.002575 0.012557 0.090806 -0.005149 -0.037669 0.038224 -0.016644 0.064631 -0.046472 -0.018151 -0.013772 0.006612 -0.056029 0.026439 0.002454 -0.044536 0.030603 0.006844 -0.025342 0.056563 0.001921 0.054988 0.054734 0.035737
0.042436 -0.017387 0.107251 0.017899 -0.053000 0.062887 -0.031838 -0.033507 0.021306 -0.036849 0.011356 -0.001666 -0.046125 -0.066576 0.050524 -0.044181 0.008986 0.005827 0.028868 -0.122716 0.079644 -0.050415 0.002004 0.012826 0.017025 0.029983 0.004005 0.052618
0.000194 -0.050302 0.022298 -0.063255 0.012918 0.066028 0.084023 -0.053922 0.014697 -0.002623 0.012820 0.081383 -0.036981 0.056537 -0.061388 0.040942 0.005526 0.020021 -0.060862 -0.072730 0.007138 0.028372 0.084275 -0.004590 -0.006009 -0.021046 0.080719 0.008934
0.006742 0.042206 -0.013261 -0.020943 0.012487 -0.069165 0.036696 0.042772 -0.040380 0.082868 0.065853 0.034441 -0.030374 0.011330 0.069900 -0.012971 0.000862 -0.017329 -0.011872 0.016276 0.059554 -0.022556 0.082231 0.050430 0.048080 0.015392 0.004897 -0.029986
-0.031406 -0.119453 0.082541 -0.119805 0.024887 -0.027926 0.066845 0.004479 -0.051184 0.032509 0.062732 0.039970 -0.014633 -0.047478 0.045154 0.027537 -0.059967 0.039544 -0.035544 -0.052080 0.059157 -0.050777 0.087560 0.019473 0.009756 0.067873 0.076930 0.044666
-0.006998 -0.001231 0.133996 0.042638 -0.007396 0.010643 0.010215 0.049315 -0.081554 0.076679 0.067142 0.064375 -0.083442 -0.019162 -0.015888 -0.011145 0.004040 0.030672 0.010217 0.044456 -0.004808 0.040835 0.065909 -0.056810 -0.003901 -0.066452 -0.042096 0.013499
-0.060278 -0.027194 0.015331 -0.098082 0.052441 0.066658 0.032384 -0.045043 0.048503 0.074555 0.113837 0.063093 -0.073016 0.012380 -0.046966 0.009780 -0.093795 -0.078665 -0.043437 -0.067269 -0.021037 0.046829 0.057634 -0.029915 0.073492 -0.006323 -0.028650 -0.008348
0.058883 -0.060695 0.106217 0.048688 -0.045532 0.096240 0.021200 -0.026231 0.048387 0.037847 -0.020872 0.007597 -0.005769 -0.071988 -0.048823 -0.021897 -0.119426 0.021034 -0.014431 0.012662 -0.042361 0.049361 0.088698 0.009824 0.006521 0.032352 0.011871 0.047097
-0.108666 -0.021419 0.040732 -0.091525 0.024216 0.062024 0.001829 0.049863 -0.007513 0.039207 -0.011790 0.037651 -0.044095 -0.063514 0.013281 0.044666 0.004579 0.030972 -0.025337 -0.014443 -0.050808 0.057860 0.077620 0.038380 -0.035049 0.024181 0.039526 0.012827
-0.014471 -0.042441 0.059846 -0.006696 -0.064944 -0.061135 0.043401 -0.040833 -0.038578 0.021825 -0.007629 0.025315 -0.108963 -0.062238 0.041661 -0.041907 -0.025763 -0.002029 0.020866 -0.038504 -0.019096 0.099232 0.083869 -0.011297 -0.022231 -0.009018 0.012394 0.121242
0.002516 0.009401 0.112284 -0.074895 0.019135 0.067233 -0.065418 -0.004922 -0.006808 0.067270 0.073176 0.063444 -0.077528 -0.033566 -0.018157 0.037219 0.071384 0.105733 -0.042318 -0.103328 0.055377 -0.096761 0.043964 -0.034861 0.062579 0.030517 -0.013114 0.033440
-0.013172 0.069143 0.064244 0.006261 0.023752 0.044792 0.072707 -0.046079 -0.002280 -0.040432 0.035945 0.078289 -0.049639 -0.146389 0.035993 0.002113 -0.016641 -0.028139 0.020101 0.060893 -0.011153 0.100195 0.044544 0.023185 -0.017751 0.046441 0.046993 0.006019
0.046668 -0.107857 -0.057962 -0.193966 0.015345 -0.005413 0.013826 0.000962 0.056850 -0.092699 -0.050352 0.048530 -0.035138 -0.029597 -0.010734 -0.056173 0.002661 0.052986 -0.024648 -0.068800 0.034969 -0.054269 -0.029501 -0.010953 0.035154 -0.015225 -0.109096 0.022959
-0.024849 -0.029071 -0.027365 -0.114127 -0.061609 0.023196 0.046372 0.032965 0.045275 -0.007784 -0.026096 0.055703 -0.084393 -0.105218 0.059007 0.028404 -0.056443 -0.067516 -0.085535 0.054764 0.032112 -0.038340 -0.011620 0.020840 0.092231 0.014211 -0.068805 0.050252
-0.065686 -0.025814 0.138729 -0.090630 -0.005298 -0.033321 0.023071 -0.011451 0.118874 -0.059389 -0.014439 0.051015 -0.020723 -0.002745 0.096308 0.008579 -0.038272 -0.062935 -0.033791 0.132309 0.070334 -0.023868 0.052098 -0.000669 0.032919 0.057944 0.049315 0.057062
0.069805 -0.009138 -0.082184 0.043134 -0.013356 0.017248 0.012535 0.042075 0.054559 -0.028531 -0.007374 0.125582 -0.073115 -0.072424 -0.065933 0.002453 -0.002687 -0.010831 -0.022299 0.033348 0.112929 -0.044666 0.006118 -0.006369 0.007442 -0.028686 0.048684 0.055292
-0.072919 0.011282 -0.121603 -0.048505 -0.035209 -0.018037 -0.028320 -0.036752 0.031122 0.007131 -0.078440 0.035246 -0.007745 -0.041215 -0.008804 -0.028953 0.000039 0.042366 -0.058309 0.045751 0.083503 -0.075426 -0.062913 -0.048451 0.016243 -0.056896 0.073372 0.017607
-0.014885 0.027769 -0.020612 0.049077 0.082316 -0.058782 0.030307 0.002662 -0.004206 -0.023863 0.017082 0.104404 0.069255 -0.005879 0.025192 0.023893 0.074568 -0.025094 -0.009091 0.045383 0.091756 -0.049336 0.000480 0.010665 0.019001 0.081167 0.041295 0.004311
-0.027583 -0.021227 0.001482 -0.009908 0.068674 -0.044024 0.022675 0.102300 0.008779 -0.123334 -0.005157 0.081714 -0.019357 0.017162 -0.030837 0.028742 -0.037715 -0.046750 -0.010684 0.021771 -0.061108 0.013346 0.073976 0.063414 -0.013685 0.024588 0.034206 -0.009826
0.015250 0.001270 -0.030983 -0.013634 -0.007706 0.132601 -0.061504 0.082135 -0.030327 -0.016229 -0.000659 0.030836 0.002135 -0.041542 0.001481 0.005285 0.087329 -0.051157 -0.083024 0.044331 0.064124 -0.059493 -0.009831 -0.059192 0.026398 -0.054001 0.033478 0.084895
-0.043853 0.005609 0.012925 0.052605 -0.020150 -0.011999 0.067691 -0.041837 -0.145145 0.086533 -0.050182 -0.042314 -0.004737 -0.005373 0.047864 -0.058621 -0.066741 -0.066150 0.039142 0.070929 0.059449 0.013437 0.088837 0.091073 -0.038905 0.047503 0.057837 -0.072784
0.111408 -0.110145 -0.011077 -0.011327 -0.022803 -0.025558 -0.012743 0.002199 -0.088643 0.076363 -0.002304 0.066764 0.008445 0.023127 -0.061629 -0.062591 0.028001 -0.068152 -0.059106 0.063131 0.065874 -0.070082 0.050884 0.034060 -0.044552 -0.061326 0.003490 -0.086693
-0.059603 -0.043616 -0.071088 -0.047549 0.045888 0.120351 -0.021888 -0.196989 0.055804 0.074423 0.027086 -0.039117 -0.015622 0.040315 0.048105 -0.026525 -0.034301 0.027475 0.005655 0.013968 0.024004 0.008346 -0.012875 0.046081 0.059457 -0.060263 -0.083747 0.144738
0.072606 -0.092977 -0.030291 0.030465 -0.014818 0.035028 -0.072517 0.025008 0.079969 0.012813 -0.007631 0.017826 -0.057490 0.016632 0.023349 -0.040042 0.052479 0.032989 0.005767 -0.021370 -0.074599 0.004532 0.123932 -0.056658 0.042852 -0.034454 -0.041746 -0.038053
0.026779 0.090992 -0.046896 0.001525 -0.060711 0.069347 0.011758 -0.023107 -0.006177 -0.003504 -0.081811 0.057544 0.038089 0.034143 -0.036998 0.011945 -0.017315 0.011260 -0.106282 0.049426 -0.011913 0.076356 -0.024197 0.029217 -0.058624 0.008696 -0.001108 0.093069
-0.030434 0.079667 -0.082918 -0.017571 0.125967 -0.036932 -0.066594 -0.046588 0.035483 -0.024655 -0.011762 0.033057 0.036737 0.044133 0.008678 -0.013704 0.069856 -0.008071 0.048750 -0.010388 0.002650 -0.121167 -0.010686 0.001059 0.003076 -0.086108 0.107940 -0.030038
-0.036014 -0.061612 0.014451 -0.034022 0.036653 -0.044656 -0.056320 0.037134 0.021773 0.017509 0.063258 0.062324 -0.070217 0.096961 0.015543 0.015665 -0.011395 -0.012629 -0.009155 -0.098007 0.140283 -0.017471 -0.058590 -0.109497 -0.032294 -0.034447 0.004730 0.038676
-0.053467 -0.035148 0.056750 0.057495 -0.040746 0.010868 -0.026544 0.032380 -0.005563 -0.034746 -0.041893 0.087023 -0.019186 -0.025983 0.016863 -0.009753 0.025468 0.016952 -0.054689 0.032553 0.037354 -0.012024 0.047757 -0.023715 0.047940 0.009807 0.105078 0.045675
-0.062154 -0.001357 0.094211 0.026054 0.013048 -0.029018 0.038345 0.015665 -0.012412 -0.041202 0.051710 0.028300 -0.099522 0.096958 0.012177 0.027903 -0.116432 -0.059357 0.013847 -0.073424 0.014700 0.009762 0.048481 -0.009451 -0.010889 0.023445 -0.012661 -0.055971
0.078095 -0.031600 0.092171 0.014732 0.059549 -0.004684 -0.011084 -0.013719 0.006767 0.095202 0.104321 0.030061 -0.028344 0.038001 0.059942 0.062606 -0.029143 0.048954 -0.050907 -0.049666 0.018584 -0.004799 0.078909 -0.025639 0.041636 0.022003 0.071550 0.079936
-0.071296 -0.048582 0.001052 0.038329 0.036848 0.011612 0.115369 0.129129 0.027711 0.035504 -0.036676 0.061057 -0.058175 -0.005708 0.055452 0.041464 0.099704 0.013664 0.031614 -0.026287 0.038310 0.036821 0.034031 0.055749 0.023048 0.027692 -0.039993 0.048702
-0.048776 0.009659 0.093275 -0.087016 -0.017121 -0.006245 -0.032548 -0.006061 -0.001495 0.036002 -0.024108 0.017574 -0.062235 0.030410 0.094411 0.014298 -0.050086 0.007485 0.058099 -0.143483 0.014240 0.071577 0.059074 0.033586 0.048123 0.008729 0.041294 -0.006552
-0.069833 0.021448 0.050421 0.046273 0.033527 0.093779 0.072147 0.045183 0.040491 0.101965 0.042995 0.048747 -0.066972 0.033985 -0.016374 0.053393 -0.110413 0.025388 0.046355 0.003756 0.060157 0.051233 0.094240 -0.007982 -0.001537 0.033056 0.015728 0.031552
-0.007370 0.018290 0.103292 -0.052057 -0.023266 -0.015608 0.008668 0.000498 -0.032808 0.021593 0.028018 0.061154 -0.090770 0.016975 0.053374 0.078444 -0.074008 0.014353 0.027906 -0.042462 -0.075971 0.027706 0.133572 0.088148 -0.006038 0.024833 0.013850 0.024618
0.058816 -0.042939 0.075181 -0.004985 0.029921 0.000248 0.022184 0.011990 0.057213 0.070050 -0.000052 0.080944 -0.047257 -0.033911 0.038210 0.026817 -0.057816 0.004673 -0.034075 0.008936 0.083097 -0.085580 0.130141 0.019531 -0.022107 -0.005793 0.030199 0.064968
-0.047550 0.023373 0.109484 -0.027857 -0.030953 -0.011750 0.048934 -0.022597 0.033496 0.065028 0.044816 -0.012696 -0.055753 -0.023284 0.008733 0.000894 0.009514 -0.035730 -0.044203 -0.070796 -0.037212 -0.028219 0.117674 -0.068768 0.062904 0.011344 0.031692 0.049956
0.009066 -0.096681 0.088487 0.004681 -0.006752 0.045761 -0.097710 0.040969 0.042212 0.033525 -0.009164 0.088719 -0.068938 0.010334 0.041952 0.068818 0.124831 -0.009735 0.038307 0.034012 -0.066740 0.027548 0.057995 -0.061261 0.101711 -0.019917 -0.112680 0.049020
0.049264 -0.012575 0.106889 -0.033852 -0.050226 0.033136 0.016771 -0.115430 0.028034 0.015311 0.109385 -0.013975 -0.040498 -0.058253 0.035145 -0.049429 -0.062314 0.001073 0.018117 -0.005977 -0.052401 -0.007533 0.040249 -0.010232 0.058361 0.011372 -0.116925 -0.011391
-0.046719 -0.071740 0.001201 -0.002802 0.021091 0.060463 0.115091 0.042222 -0.052657 0.005597 -0.020441 0.077225 -0.129627 -0.023274 -0.002319 0.008167 0.009465 0.027961 -0.044854 0.071626 -0.036731 0.035966 0.049535 0.057327 0.097333 -0.032800 -0.055594 0.072256
-0.008413 0.016604 0.111423 -0.063683 -0.090893 -0.096433 -0.081792 0.075401 0.027997 0.099628 0.082303 0.014179 -0.109244 -0.001689 0.064132 -0.006172 0.043362 -0.073389 -0.028488 -0.002742 0.040342 0.026440 0.137180 0.066698 0.063557 0.076116 -0.082769 0.100708
-0.037776 -0.039206 0.045925 0.049585 0.043589 -0.042394 0.014978 -0.040113 0.051150 -0.062028 0.067255 0.070664 -0.093315 0.018670 0.007377 0.003754 -0.077009 0.082665 -0.001728 0.077222 -0.029832 -0.029912 0.068766 -0.041751 0.052153 0.016174 -0.005438 0.058332
-0.014461 -0.054367 -0.012196 0.012628 -0.013572 0.068886 0.025095 -0.002609 0.000332 -0.020656 -0.015699 0.070855 -0.007385 0.038190 0.112431 -0.030914 0.029421 0.029870 0.041460 0.068178 0.007479 0.041920 0.013131 0.093462 0.168795 -0.004088 -0.025505 -0.040505
0.026123 -0.028395 -0.022394 -0.041733 0.045787 -0.091414 -0.024292 0.011139 0.005268 0.007777 -0.022720 0.071032 -0.087518 -0.038820 -0.040965 0.083301 -0.036069 -0.028181 -0.063517 0.109450 -0.011846 -0.020546 -0.075550 -0.023398 0.027269 0.045167 -0.055304 0.078939
-0.046178 -0.019199 0.000420 -0.039326 0.014471 -0.033495 -0.110796 0.044666 -0.010229 -0.075577 0.039905 0.062688 -0.074719 0.018944 0.076685 -0.025353 -0.035749 0.038232 -0.022286 0.075824 0.089401 0.032124 0.073505 0.001176 0.037655 0.016875 -0.038957 -0.032781
0.070206 0.002502 -0.004294 0.007804 0.087011 -0.018606 -0.022068 -0.105097 0.035252 -0.041935 0.039302 0.104040 -0.000380 -0.141882 -0.010040 -0.026086 0.055794 -0.128456 -0.023772 -0.019753 0.097638 0.028688 0.049358 0.007662 -0.012434 0.049450 0.065110 0.121626
-0.030833 0.089619 -0.031844 -0.054615 -0.090284 0.077268 -0.012035 0.093248 -0.012850 0.030076 0.058685 -0.016625 -0.019321 0.059841 0.111420 -0.008651 0.052930 -0.023286 -0.033933 0.041640 0.053328 0.031415 0.038244 0.026887 -0.012358 0.008430 0.005529 0.065528
0.075975 -0.026895 -0.081472 0.076720 0.040756 -0.060327 0.087282 0.018884 0.009101 -0.027063 -0.082541 0.028635 -0.041359 -0.046379 -0.011935 0.035075 0.001571 0.097505 -0.028334 0.083749 0.041241 -0.019279 0.056502 0.047330 0.056013 0.120691 0.049660 -0.015099
0.006821 -0.077866 -0.020528 -0.071842 0.001158 -0.033090 -0.004251 0.032695 0.069053 0.018322 0.003845 -0.027894 0.018313 -0.052911 0.060502 -0.038897 -0.030202 0.039918 -0.022382 -0.029158 -0.044186 0.003851 -0.025416 -0.020057 0.060229 0.052855 0.043584 -0.011365
0.049430 0.055167 -0.052936 -0.008170 0.008946 0.026007 0.049338 -0.007942 -0.011328 -0.051444 -0.016167 0.057804 -0.040441 0.074151 0.016233 0.027382 -0.038327 -0.038854 0.025323 0.055276 0.046915 0.003749 -0.050963 -0.011526 -0.019144 -0.109799 0.034247 -0.042297
0.034321 -0.033544 0.053128 -0.085263 0.045140 -0.048946 -0.098279 0.010243 0.021815 0.038662 0.013437 0.051919 -0.004480 0.019363 -0.005361 -0.097932 -0.065976 0.034821 0.087053 0.028439 0.030067 -0.010946 -0.042302 0.021909 0.002494 0.039768 0.073950 -0.046688
-0.085374 -0.019085 -0.040915 0.019915 -0.083406 -0.022107 -0.018337 0.024454 -0.014231 -0.060976 -0.017051 -0.013839 0.117590 -0.076096 0.028379 -0.029148 0.030092 -0.037209 0.039688 -0.023793 -0.018689 0.033545 -0.032933 0.041855 0.037537 -0.004919 -0.031002 0.013262
-0.052507 0.075729 -0.026852 -0.030849 -0.072691 -0.015541 0.013812 0.019915 0.048482 0.017952 -0.023768 -0.040714 0.073009 -0.142134 -0.011968 -0.135839 -0.041354 0.034213 -0.011679 -0.027634 0.028290 -0.024977 -0.106538 -0.023101 0.037398 0.026185 -0.096130 -0.002943
0.036668 0.074149 -0.013644 -0.017645 -0.011107 0.066907 0.006783 -0.064588 -0.016850 -0.005103 0.001703 0.019093 0.045895 -0.056356 -0.015966 -0.070636 0.024898 0.053273 -0.030280 0.095333 0.033297 0.015096 -0.116709 -0.034615 0.000688 0.039742 0.034374 -0.086151
-0.028507 -0.001869 0.036101 0.064346 -0.003275 0.018877 -0.053826 -0.027696 -0.026936 -0.055653 0.013739 0.057561 0.002211 -0.036421 -0.034422 -0.034064 0.009716 0.078202 0.035944 0.039581 0.071666 -0.025933 0.015610 -0.124716 0.013403 0.049738 0.062003 -0.032107
0.086023 -0.066400 0.035549 0.020204 0.003890 -0.037812 0.121937 0.043131 0.010282 -0.068199 -0.021121 0.062878 -0.020379 0.033190 0.086860 -0.074743 -0.025136 0.067134 0.027648 -0.006199 0.049739 0.008174 -0.018981 -0.048432 -0.115243 0.070500 -0.066386 0.004199
0.097758 0.004167 -0.032078 -0.017501 0.037036 0.074252 0.048865 -0.059832 0.006725 0.017221 -0.012492 0.045757 -0.001212 0.019256 0.040830 0.038942 0.049469 -0.012051 0.078067 -0.093665 -0.005124 -0.085567 0.009561 -0.011174 0.080890 -0.035993 -0.020462 0.033172
0.024014 -0.005416 -0.012846 -0.017302 0.009589 -0.026388 -0.003060 -0.021863 -0.031255 0.046346 0.077834 0.044785 0.005458 -0.050586 0.006801 0.005562 -0.042291 0.124278 -0.013464 -0.034369 0.002258 0.026433 0.019479 -0.034619 -0.020027 0.072368 -0.010839 -0.059687
-0.030586 -0.057606 0.019407 0.000817 -0.048148 -0.005114 0.024080 -0.009678 -0.087178 -0.009983 0.034756 0.050012 -0.019820 0.046064 0.040692 -0.021151 -0.017062 0.039167 0.007227 0.030801 0.016175 -0.060868 0.053097 0.016449 -0.037640 0.010510 -0.008105 -0.019392
-0.032066 0.020787 0.091698 -0.089029 0.007159 0.034654 0.028027 0.069080 0.065609 0.095353 -0.000400 0.089701 0.010868 -0.015476 0.055004 -0.018889 -0.112108 -0.018725 -0.019216 -0.124895 -0.004260 0.032078 0.083009 -0.021074 0.063314 -0.061711 0.030318 -0.016163
-0.012832 -0.072273 0.078079 -0.002661 0.067468 0.106407 0.073286 -0.005398 0.100881 0.007491 0.096828 0.141142 -0.003318 0.035942 0.036857 0.001968 -0.006605 0.024445 -0.077107 -0.076509 -0.025585 -0.080248 0.123370 -0.011001 -0.046998 0.039189 0.019162 -0.009245
-0.013347 -0.008878 -0.018493 -0.043665 -0.023355 -0.016110 -0.022568 0.044276 0.116783 0.012205 -0.037699 0.076755 0.043583 0.037365 0.101974 -0.068423 -0.023084 0.034195 0.046271 0.019675 0.052109 0.000587 0.044078 -0.068148 0.028421 -0.037656 0.019116 -0.031497
0.104925 -0.017784 0.033957 -0.046713 0.049722 -0.073731 0.000446 0.106512 0.019041 0.113105 0.001897 0.059342 0.044276 -0.131746 0.027189 0.027716 -0.077705 -0.052573 -0.020164 -0.051560 0.018113 0.012078 0.068348 -0.017973 -0.039912 0.037558 0.003598 0.033797
-0.030589 -0.085922 0.086229 0.027006 0.019022 -0.029546 0.066558 -0.019846 0.025651 0.092011 0.027108 0.041161 0.036265 0.003382 -0.026918 0.068150 -0.023250 0.050794 -0.018368 -0.033894 -0.046118 0.019558 0.112999 -0.040614 0.071878 0.068319 0.002688 0.093695
-0.067714 0.026397 0.062682 -0.137592 -0.041448 0.101913 -0.009838 -0.031825 0.009192 0.066558 0.042831 0.065599 -0.006244 0.032042 0.082036 -0.009689 -0.003806 -0.070265 0.024222 0.039197 0.060336 -0.013753 0.107937 0.017065 -0.020892 -0.064916 0.001116 0.018244
-0.010782 0.036406 0.068016 -0.041548 -0.054544 -0.086664 -0.022556 0.024924 -0.019071 -0.013447 -0.015869 0.059080 -0.091423 -0.109422 0.002510 0.012685 -0.051105 0.041188 -0.084961 -0.048719 -0.003922 0.095921 0.089847 -0.028900 0.072763 0.025699 -0.033635 0.039311
0.003048 -0.042216 0.048335 0.003795 -0.103858 0.035172 -0.002400 -0.026648 0.080538 0.031075 0.029815 0.062367 0.022270 -0.034732 -0.010752 -0.036303 0.061253 0.066012 -0.009388 0.033385 0.038020 -0.056176 0.089919 -0.051941 0.039431 0.004184 0.028095 0.087981
0.020626 0.019455 0.051364 0.052473 -0.082104 0.053466 -0.004580 -0.032511 0.038310 0.067186 -0.005841 0.070265 -0.022873 -0.022041 0.080256 -0.002595 -0.017627 0.039124 0.019914 -0.093909 -0.020582 0.041536 0.052450 0.011106 0.013338 -0.063915 -0.035991 -0.036865
0.052447 -0.090967 0.067839 0.062837 0.030067 -0.072568 -0.010631 -0.068956 0.085690 -0.017028 0.011594 0.026959 -0.027227 -0.031850 0.073082 0.019381 0.043361 0.042215 -0.082140 0.044202 0.048992 0.065025 -0.040312 0.021296 0.036745 0.064097 -0.189967 -0.018677
-0.037590 -0.097229 -0.010896 -0.011830 0.023365 0.045529 0.061558 -0.015970 0.026803 0.003952 -0.007087 0.039877 0.007413 -0.076706 0.002298 0.002645 -0.031339 -0.000324 -0.012888 0.050199 0.043740 -0.077428 -0.018669 0.094729 0.071344 -0.024496 -0.035691 0.030006
-0.003158 -0.021600 -0.081234 -0.012620 -0.031455 -0.068155 -0.050159 0.101573 -0.048181 -0.036866 0.009410 0.067858 0.028412 0.024322 -0.037268 0.008216 -0.004440 0.007939 -0.028491 -0.034246 0.068279 0.007206 -0.056664 0.015992 0.023031 -0.009335 0.022024 -0.058226
-0.101876 -0.019843 0.062366 0.076520 -0.031878 0.030529 0.061252 -0.001156 0.047851 -0.036322 0.008850 0.087867 -0.000944 -0.017540 0.023687 -0.048775 -0.128162 0.051524 -0.057624 0.001884 0.006173 -0.015062 0.042208 0.010940 0.076238 0.072032 -0.050904 0.060226
-0.103689 -0.019409 0.035064 0.098210 0.036407 -0.047875 -0.038089 0.039936 -0.008198 -0.034994 -0.036115 0.006216 -0.011588 -0.045362 0.038099 -0.012395 -0.004131 0.000337 -0.014327 0.026780 0.098124 -0.029861 0.053871 -0.114666 -0.039683 0.081670 -0.067921 0.026176
0.036782 -0.008467 -0.038375 0.035954 0.005261 -0.000417 0.013044 -0.060841 0.058444 -0.009187 -0.019696 0.026484 0.018672 0.009750 0.029832 0.123401 -0.011510 -0.040569 -0.052284 -0.063517 0.029925 0.019008 -0.012500 -0.063097 -0.016297 0.003108 0.027581 -0.000750
-0.051230 -0.034160 -0.007807 -0.039237 -0.057301 0.048393 0.071432 0.032599 0.008390 -0.019244 -0.028621 0.027098 0.044295 -0.038272 0.025672 -0.000635 -0.004576 0.055171 0.046642 0.007207 0.048285 0.069751 -0.039429 0.007010 0.044831 0.044581 -0.084443 0.065752
0.017446 0.075674 0.008487 -0.004618 0.001817 -0.057312 -0.034579 0.034433 0.005797 -0.036460 -0.085873 0.027809 0.105767 0.036056 -0.042000 0.033934 0.008252 0.008899 -0.051418 -0.007028 -0.041536 -0.065908 -0.007408 0.062898 0.125165 0.006226 -0.045536 0.063309
0.042158 0.061470 0.052011 0.038219 -0.008910 -0.040072 0.005040 -0.008203 0.039135 -0.018890 -0.027101 0.017868 -0.011471 -0.008867 -0.044710 0.020204 0.048233 0.003300 0.111922 -0.042387 0.078676 -0.000191 0.019336 -0.086385 0.047575 0.073944 0.037530 -0.048986
0.096116 0.007327 0.110801 -0.028005 0.054850 -0.026060 0.061629 0.103704 -0.084616 0.052881 -0.039912 -0.027492 0.014279 0.005583 -0.035475 -0.048862 0.032146 -0.003034 -0.095410 0.055410 0.068406 0.023294 0.031201 0.105102 -0.008083 -0.028038 0.007464 -0.022887
0.091417 0.028824 0.047953 -0.006180 -0.056356 0.008936 -0.003475 0.004315 0.066880 0.009308 -0.057753 -0.067863 -0.066229 -0.004453 0.059653 0.010170 0.071061 -0.033779 -0.005659 -0.081892 0.004512 0.026378 0.000958 -0.060388 0.080381 0.049999 0.050907 0.063201
-0.007248 -0.003499 0.037867 -0.086383 0.055279 -0.067367 0.059603 0.007480 -0.003551 -0.001936 0.007107 0.000967 -0.001748 -0.051516 -0.077075 0.021245 -0.077400 0.058634 0.009513 -0.002995 0.034351 0.023698 -0.022360 -0.079925 0.039141 -0.049906 -0.042319 0.076004
0.002147 -0.068518 0.074261 0.039263 -0.030016 0.069272 0.021975 -0.048493 0.048285 -0.080421 0.025568 -0.023987 0.081540 -0.011053 0.033852 0.029678 0.014257 -0.062104 0.035614 0.026470 0.089834 0.043101 -0.005400 0.053995 0.025673 0.018712 -0.055526 -0.014318
-0.069295 -0.047713 -0.077620 -0.044433 -0.047957 -0.106130 0.000519 0.019462 0.075030 0.053221 -0.085727 0.069765 0.064578 0.028531 0.011770 0.005237 0.025401 -0.053705 -0.014958 -0.076331 0.021564 0.054068 -0.052513 0.051666 0.001027 -0.053876 0.026556 0.075195
-0.016039 0.094061 0.073687 -0.026067 0.041465 -0.051424 -0.050856 -0.011137 0.015117 -0.013524 0.004786 0.128060 0.059350 -0.044445 0.007232 -0.066497 -0.006104 0.135303 -0.047396 0.004732 0.000149 0.006005 0.003448 0.037196 -0.013631 -0.048047 0.074871 0.074853
0.057137 0.031208 0.015097 0.013764 -0.015854 -0.050817 -0.120061 0.047024 -0.013170 -0.044368 0.009922 -0.028450 -0.003340 -0.054811 0.001553 0.013440 -0.030454 -0.063321 -0.097159 0.034487 0.008683 -0.088492 0.003183 -0.036826 -0.011194 0.037310 -0.007785 -0.005809
0.060401 0.006002 -0.097803 -0.004669 0.030090 0.048060 -0.031613 -0.100615 -0.038875 0.002705 -0.030964 0.029477 0.049269 -0.022970 -0.028730 -0.066570 -0.038004 0.009687 0.045777 -0.046140 0.055687 0.019182 -0.025068 -0.105488 0.010528 0.087896 0.025549 0.036373
0.063816 0.059748 -0.037656 0.016809 -0.052343 -0.061876 -0.023422 -0.041189 0.000806 -0.018236 0.066850 -0.023915 -0.020430 0.047469 0.017903 0.066222 0.004768 -0.123336 -0.035731 -0.050684 -0.000904 0.076537 -0.019318 -0.008014 0.036121 0.012633 0.086961 0.041228
-0.024945 0.005194 -0.056652 0.036866 -0.023373 0.021231 0.080357 -0.077798 0.035213 0.033842 0.078766 -0.047173 -0.051666 -0.051825 0.003210 -0.049768 -0.010410 0.037853 0.035463 -0.077298 0.016738 -0.062118 0.079102 0.050626 -0.068675 0.016153 0.006583 -0.001732
-0.006932 -0.046613 0.039831 -0.041890 -0.048475 0.007199 0.006303 0.008033 -0.005821 -0.037140 -0.003837 0.128388 0.089632 0.015038 -0.031211 0.031152 0.083795 0.045014 -0.078804 0.037160 0.100764 0.099143 0.059134 -0.104393 -0.007672 -0.014543 0.008800 -0.025244
-0.045927 -0.008759 0.045523 0.020086 -0.012800 0.050109 0.005468 0.026214 -0.025467 -0.013529 -0.014791 0.090209 0.034059 0.076782 0.043267 -0.026724 0.042037 0.023652 -0.052836 -0.012017 0.074751 0.045478 0.041515 -0.062884 -0.000566 0.025252 0.040159 -0.030973
-0.032068 -0.020058 -0.030896 -0.010277 0.022958 -0.070543 -0.034844 -0.047355 -0.027368 -0.065754 -0.027714 -0.068274 0.035195 0.023069 0.022214 -0.087959 0.070435 0.027345 0.042147 0.050075 0.014237 0.065887 -0.045422 -0.032053 0.098988 -0.025664 0.000975 -0.043532
-0.048800 0.051614 0.006441 0.005346 0.016178 -0.000273 -0.007994 -0.115689 -0.030927 0.068173 -0.031951 0.074798 -0.048728 0.030181 -0.052311 -0.032128 -0.032424 -0.039390 -0.031635 -0.001424 0.098677 0.014293 -0.051634 -0.013774 -0.043882 0.009468 -0.084228 -0.109875
0.037982 -0.021621 -0.047978 0.038179 -0.025622 0.010427 0.014365 -0.030149 -0.039152 0.000277 0.024682 0.022338 -0.029242 -0.001467 0.112400 -0.058034 -0.038467 -0.010130 0.039301 -0.129939 -0.011785 0.059811 0.072937 -0.006673 -0.004298 0.053701 0.024228 0.027760
0.076388 0.015183 -0.007353 -0.021160 0.025644 0.006966 0.051219 0.048717 0.018942 -0.041667 0.031829 -0.009462 0.001662 0.070612 0.075564 -0.050069 -0.091369 0.037698 -0.098791 0.022180 0.047191 0.051493 -0.131038 0.036506 -0.010587 -0.081446 0.024819 0.060842
0.041023 0.045271 0.004382 -0.051160 -0.013619 -0.030107 -0.051144 0.033808 0.021904 -0.014997 0.012824 0.076044 -0.037654 -0.040568 -0.097585 0.137348 -0.043783 0.051287 0.097793 0.042109 0.027337 -0.024541 0.005663 -0.041183 0.000818 -0.015985 -0.056134 0.018657
-0.028990 0.022919 0.009061 0.062625 -0.005945 0.036091 0.005204 0.008530 0.051627 0.002737 0.027933 0.086695 0.048254 0.071555 0.059856 0.044974 -0.032646 0.018676 -0.071954 -0.013140 -0.028363 0.095318 0.060737 -0.012934 0.024330 -0.065509 0.014595 0.073383
-0.038537 -0.030027 -0.028767 0.006311 0.097198 -0.060028 -0.076861 0.100224 0.064180 0.085789 -0.030273 -0.011916 0.104426 0.057023 -0.028051 0.006140 0.029554 -0.004286 -0.092522 0.036182 -0.008504 -0.010375 0.013012 0.026991 -0.007684 -0.001049 -0.060335 0.009328
0.010736 0.015322 -0.027388 -0.013824 -0.022206 -0.037831 -0.001583 -0.026360 -0.016906 0.054454 0.030102 0.004466 -0.009889 -0.079616 0.014860 -0.003625 0.026625 -0.033804 0.022404 -0.064415 -0.046384 -0.025908 0.034841 -0.062505 0.023331 -0.037035 -0.044768 -0.092313
0.026180 -0.031681 -0.023937 -0.031993 -0.067257 -0.013563 -0.049515 -0.000250 0.021613 -0.057274 -0.077420 -0.064674 0.082634 0.055259 -0.051882 0.027890 -0.028692 0.044556 0.056184 0.009365 0.039703 0.009004 0.059044 -0.028748 0.006509 -0.033801 -0.089302 0.019814
0.043806 -0.015121 -0.071014 -0.083949 -0.023062 -0.018286 0.032459 -0.060119 -0.066226 -0.003865 0.057100 0.039772 0.036717 -0.048685 -0.049137 0.004172 0.042865 0.074415 -0.006371 -0.026363 0.029125 -0.006729 0.024782 -0.057866 0.052117 0.033221 0.054097 -0.044768
0.013039 -0.103110 0.030373 0.034902 0.049598 -0.011594 0.075442 -0.065002 -0.011208 -0.042921 -0.008218 -0.030991 0.053684 0.059960 -0.059600 -0.078905 0.082926 -0.016133 0.012285 0.034507 0.004962 0.057975 -0.070031 -0.041068 -0.002933 -0.042338 0.048152 0.050695
0.027953 0.072410 -0.052194 0.013892 0.002858 -0.084350 0.066168 0.000221 0.025685 -0.016872 0.005310 -0.030535 -0.039214 0.055597 -0.045556 -0.058680 -0.011027 0.073072 0.001632 0.024560 -0.047401 0.026728 -0.048892 0.149391 -0.071935 0.043407 0.007305 -0.037252
0.012885 -0.034372 0.070932 0.079499 0.077030 0.011615 -0.112077 -0.086093 0.009231 0.063298 -0.040812 0.019807 -0.026771 0.009992 0.042303 -0.106087 0.043632 -0.015235 0.011110 0.000700 -0.024753 0.063754 -0.110120 -0.048194 0.054758 -0.049029 -0.030080 0.030652
-0.122422 -0.003663 0.068362 -0.085728 0.019456 0.092025 0.036136 0.021383 -0.053725 -0.026284 -0.005747 -0.010531 0.024968 -0.005385 -0.020606 -0.103004 0.073202 -0.031201 -0.043049 -0.039882 -0.050040 -0.019759 -0.028015 -0.056439 0.046584 -0.028383 -0.030061 -0.029404
-0.012023 0.041309 -0.005056 0.121204 -0.016605 -0.095416 -0.007784 0.016922 0.056144 0.060116 0.032642 0.004829 -0.017331 0.037082 -0.041037 0.078546 -0.030824 0.004041 -0.045103 -0.077577 0.037386 -0.027792 0.016475 0.003818 -0.001494 -0.008242 -0.045730 -0.015537
-0.064070 0.027180 0.052755 -0.016132 0.000089 0.030964 -0.038817 -0.007233 0.050565 0.024168 -0.046506 -0.064783 0.003395 0.051195 -0.020086 -0.036045 -0.012869 0.027922 0.015530 0.008790 -0.037026 0.003314 0.056301 0.036157 0.060622 0.068007 -0.030315 -0.028711
-0.011424 -0.044553 -0.096163 -0.073106 -0.036600 -0.023932 -0.057560 -0.052141 0.046318 -0.051449 0.035167 -0.072875 0.031546 0.046178 0.023414 -0.009353 0.045223 -0.095304 0.010404 -0.030996 0.026972 -0.004801 0.035591 0.029425 0.068809 -0.006473 0.015032 0.066266
0.034271 0.032962 0.036858 0.020158 0.098351 0.002359 0.016470 -0.014615 -0.025459 -0.125886 -0.005408 -0.057150 -0.119460 0.065261 0.014610 0.019714 0.020648 0.090178 -0.050821 0.053350 0.019280 -0.094116 0.026132 -0.028199 0.057488 -0.015082 -0.089004 0.039476
0.002673 0.104067 0.016578 -0.053009 0.026730 -0.037338 -0.012723 -0.064474 0.002775 0.043004 0.020499 -0.021710 0.026723 -0.048661 -0.010867 0.036619 -0.074664 -0.016322 0.009316 -0.067278 0.154140 -0.108575 0.077020 -0.070303 0.022967 0.041883 0.004870 0.017283
0.026771 -0.076192 -0.029463 -0.020891 0.009894 -0.058344 -0.043583 -0.090215 -0.035550 0.004691 -0.045873 -0.041765 -0.039105 0.082703 0.048568 -0.101881 0.034654 -0.055126 -0.049526 -0.010973 0.007716 -0.075536 0.051912 0.077434 -0.029846 0.028570 -0.013243 0.041528
0.016722 -0.053403 0.017397 0.035865 0.007335 -0.053559 -0.066320 -0.090204 -0.002042 -0.011693 0.077603 -0.043763 -0.046487 -0.021302 0.035325 0.033550 -0.021815 0.020701 0.044193 -0.039645 -0.036351 0.032559 -0.094847 0.088543 0.003591 0.002631 0.062821 -0.059099
0.008633 0.021231 -0.063515 0.030565 0.017843 -0.092108 0.004695 -0.049958 0.051032 -0.051683 0.015965 -0.004683 0.022145 -0.078515 -0.072970 -0.000526 -0.007952 -0.033922 -0.033126 -0.065418 0.032587 -0.024932 -0.015151 0.002724 0.082996 -0.017619 0.018193 -0.036370
0.070794 -0.010890 0.069425 0.076895 0.023971 0.003212 0.028388 -0.020356 0.058873 0.006632 0.038869 -0.001131 0.029079 -0.049788 0.055064 0.043172 -0.052136 0.091013 -0.100547 -0.056097 0.156312 -0.007076 -0.009011 -0.011005 -0.081569 -0.087740 -0.006460 0.013099
0.006631 -0.024796 0.002983 0.006023 0.021940 0.001031 -0.008057 0.016870 0.056392 -0.028342 0.059212 -0.052048 0.046598 0.034705 -0.089906 -0.046391 -0.011382 -0.028708 -0.076010 -0.050773 0.059994 0.000850 -0.109534 -0.004055 -0.032261 0.014199 -0.007538 -0.126640
-0.102313 0.034410 -0.090609 -0.063238 0.022552 -0.078505 -0.004780 0.074497 0.015752 0.032002 0.003037 -0.040796 0.017370 -0.031135 -0.027741 0.030413 0.015289 0.136256 -0.035286 -0.045051 -0.075581 0.103682 -0.034882 -0.103659 0.059211 0.005238 0.064355 0.000208
-0.025796 0.013320 -0.004629 -0.026726 -0.004605 0.081199 -0.080120 0.021610 0.039601 -0.039294 0.022392 -0.036497 -0.054951 -0.013637 -0.020203 0.035379 -0.008439 -0.012299 -0.035544 0.028121 0.029300 0.028606 0.048964 -0.031245 -0.093804 0.007799 -0.046011 -0.051075
-0.106210 0.041257 0.038787 -0.034711 -0.036373 0.021221 -0.029457 0.050695 -0.092447 -0.061272 0.003780 -0.042307 -0.022247 -0.103272 0.026930 0.019372 0.028391 0.070121 -0.019566 -0.027294 -0.030625 -0.038139 -0.080140 -0.005766 -0.077164 -0.021447 0.020875 -0.024659
-0.021883 -0.014842 0.048016 -0.040240 0.032776 0.041414 -0.034067 0.082270 0.129850 -0.037403 -0.049024 0.042815 -0.039957 0.077908 -0.013851 -0.054798 -0.006349 -0.018661 0.059024 0.000799 -0.107115 -0.122989 -0.128331 -0.000212 -0.021152 0.046074 -0.009822 0.030437
-0.140421 0.002756 -0.004188 -0.001841 -0.029344 -0.013677 0.023669 0.072995 0.045122 -0.027691 0.103664 0.032839 -0.018492 -0.010941 0.016448 0.065991 0.027036 -0.036658 0.029957 0.017614 -0.029337 0.038867 0.111937 0.041032 0.010121 0.038172 -0.069196 -0.032193
0.042509 -0.020945 0.019584 0.002600 0.083977 0.048857 0.023317 0.046584 0.041269 0.121465 0.036411 -0.034879 -0.100407 -0.011953 -0.058557 0.086116 -0.058083 0.097761 0.001612 -0.008049 0.040120 -0.015710 -0.039926 0.032528 0.004738 0.039675 -0.054474 -0.085523
-0.017897 0.000579 0.010987 -0.026998 0.054314 -0.018448 0.013926 0.036550 0.016538 -0.004075 -0.059099 -0.069382 0.014590 0.092555 -0.026311 0.015455 -0.027134 0.029287 0.061840 0.029079 0.048775 0.081417 -0.000725 0.023328 0.043554 -0.045879 -0.013985 -0.042402
0.121643 0.041498 0.047283 -0.016232 0.038360 -0.064065 0.015927 0.031533 0.023272 -0.018854 -0.036502 -0.029998 -0.103346 0.015441 0.027444 -0.022270 -0.099621 0.051575 0.084336 0.018442 -0.070574 -0.028095 -0.036776 0.019974 -0.020755 0.039206 0.011636 0.004100
0.073746 -0.108975 0.004220 -0.041136 0.054828 0.077400 -0.053559 0.029500 0.030637 0.072229 0.012220 0.029893 0.037921 -0.007936 0.018927 0.135680 -0.026488 0.007121 -0.081062 0.055550 0.007806 -0.020410 0.001441 0.005564 -0.038395 0.058483 0.061932 0.006766
0.004882 -0.045835 -0.012761 -0.040892 0.054495 -0.045461 -0.008162 0.017162 0.139623 -0.031749 -0.052712 0.047907 0.048501 0.096421 0.074689 0.052716 -0.022040 0.037099 0.000147 -0.046037 0.033987 0.008059 -0.032515 0.041253 0.062396 -0.037154 0.095562 -0.075570
0.000549 0.056833 0.026218 -0.014553 -0.102763 0.051548 -0.014728 -0.041620 -0.000674 -0.028488 -0.010232 -0.030671 -0.048342 0.016602 -0.036763 -0.009148 0.020119 -0.101150 0.011333 -0.120881 -0.066080 0.017132 -0.011044 0.004659 -0.008419 -0.006545 -0.034372 0.148903
-0.056780 0.018170 0.041758 0.051376 -0.083326 0.055711 0.048925 0.011926 -0.010314 0.020468 0.014083 -0.066265 -0.021784 -0.014638 0.029796 -0.034469 0.029766 -0.035079 0.006624 -0.044460 0.037667 0.036313 0.056870 0.007106 -0.021469 -0.052774 -0.027103 -0.064528
-0.004584 -0.027815 -0.001039 -0.026793 -0.065366 -0.047578 0.010501 0.063857 -0.057649 -0.002558 0.013468 -0.034725 0.024934 0.039190 -0.034306 0.042821 -0.050414 0.011892 -0.072748 0.057178 0.022124 -0.038149 0.100320 0.035107 0.016963 -0.017103 -0.046522 -0.066998
0.021930 0.020424 0.069229 0.002267 0.087183 -0.000624 0.009750 -0.031751 -0.001069 0.029392 -0.039317 0.024978 -0.101638 -0.027770 0.041043 0.052048 0.006807 -0.010394 0.013902 -0.020426 0.046179 0.066131 -0.007181 0.021297 0.057141 0.054626 0.063446 0.035106
0.020541 0.008835 0.107659 0.032412 0.037927 -0.042826 -0.060718 -0.025889 -0.070817 0.050325 -0.012231 -0.011195 0.072765 0.043745 0.000365 -0.001201 -0.021757 0.050810 0.003338 -0.059334 0.028818 -0.034976 -0.095789 -0.007495 -0.023503 -0.058940 0.041609 -0.064905
-0.029011 0.000226 0.046910 0.027246 -0.023802 0.053978 -0.034037 0.034492 -0.084319 -0.030784 -0.033671 0.028303 0.049312 -0.041996 0.018039 -0.057556 0.052927 -0.080516 0.046622 -0.020260 0.045925 0.006918 -0.019788 0.064326 -0.055121 -0.073109 -0.011477 0.029985
-0.000827 -0.074215 0.011068 0.033192 0.028135 0.064241 -0.095789 0.067140 -0.061908 0.151666 -0.020162 0.089390 -0.032666 -0.046073 0.017159 -0.026213 0.106568 0.065776 0.040203 0.021431 -0.068570 0.033251 0.021528 -0.037272 -0.121876 -0.009790 0.016887 0.087828
0.009793 0.052600 -0.074828 -0.052378 0.068327 0.015068 -0.019485 0.017878 -0.089949 -0.026247 0.054951 -0.031626 0.075897 -0.095363 0.085131 -0.012581 -0.015700 0.055420 0.018426 0.038630 -0.004130 -0.050793 0.050788 0.090091 -0.019628 0.001017 -0.018782 0.120225
0.071609 0.001047 0.025939 -0.056114 -0.021725 0.045028 0.117954 0.029403 0.054299 -0.097206 -0.006444 0.025756 -0.015507 -0.092543 -0.079304 -0.038544 0.024053 0.043217 -0.018159 -0.006808 0.090101 0.045280 0.006313 -0.039281 0.124677 -0.000365 0.061486 0.022206
-0.035792 -0.183223 0.006176 -0.064142 -0.107112 0.041310 -0.036777 -0.032847 0.014957 0.029089 0.039514 -0.013373 0.053756 0.023108 -0.053673 -0.002423 -0.049376 0.016785 0.038283 -0.024424 0.052094 0.049665 0.102056 -0.001851 0.035960 0.000639 -0.036545 0.079402
0.023387 -0.004849 -0.039664 -0.076178 -0.011561 -0.083742 0.025549 0.054462 -0.006042 0.059476 -0.033599 0.003671 -0.001411 -0.029992 0.053521 -0.045699 -0.008681 0.006009 0.007941 0.058072 -0.036624 0.041114 -0.065650 0.004361 0.124277 0.039566 0.033054 0.034454
0.010101 0.074294 0.025720 -0.027214 -0.018867 -0.059756 -0.020743 -0.055270 0.028107 -0.047195 0.023306 -0.038686 0.015690 -0.043180 -0.023270 0.055662 0.020952 0.006394 -0.041452 -0.065640 0.016792 -0.062023 -0.004409 -0.009639 0.007523 -0.022440 -0.000913 -0.044521
