0.139670 -0.000651 0.012846 -0.026174 0.120486 0.021027 -0.058955 -0.078113 -0.043795 0.116783 0.015704 -0.068161 -0.205128 0.109941 -0.074991 -0.102961 -0.049997 -0.056619 -0.112215 -0.080578 -0.054272 -0.080372 0.030468 -0.030694 -0.113505 0.059514 0.050365 -0.066695 -0.023857 -0.081387 0.008467 0.055075 0.088414 0.103589 -0.140567 -0.043304 0.038636 0.140076 -0.148439 -0.000112 -0.035533 -0.001855 0.040822 -0.074410 0.093198 0.039400 -0.174784 -0.106351 -0.015294 0.062580 0.115718 -0.254166 0.023905 -0.153878 0.013029 0.022502 0.037723 -0.016705 0.002888 -0.033888 -0.069475 -0.032194 0.070343 -0.028796 -0.011571 0.039608 -0.055194 0.006573 -0.024207 0.027695 -0.102770 0.029086 0.126823 0.010926 0.056479 -0.008482 0.025574 -0.065808 0.142037 -0.068200 0.118450 -0.053934 -0.179681 0.018833 -0.053092 0.154952 0.076438 0.022710 -0.250369 0.095020 0.101633 0.104622 -0.014298 0.190760 -0.081193 0.070980 0.047793 -0.011149 -0.084857 -0.067121 0.008839 0.052376 0.209925 0.068915 -0.050725 -0.031415 -0.069071 0.079301 0.108069 0.048282 0.013322 -0.000796
-0.158449 0.163334 0.009209 0.219528 -0.115694 -0.033110 -0.071734 0.048651 -0.059058 0.075479 -0.124399 -0.079941 0.107750 -0.003922 0.060884 0.005435 0.117429 -0.207565 -0.015367 -0.139502 -0.002149 -0.148867 -0.005707 0.058569 -0.100803 -0.024330 -0.057011 -0.081248 -0.202317 -0.065556 0.123264 -0.076280 0.121466 -0.060915 -0.163878 -0.035134 0.192930 -0.220351 -0.092721 0.077195 -0.053427 -0.186802 0.066929 -0.072324 0.079358 -0.077056 -0.017332 0.114742 -0.099897 -0.037864 0.056136 -0.260561 -0.127590 -0.123174 -0.051166 -0.089423 -0.056839 0.035826 0.030746 -0.066011 0.002695 -0.090524 0.032996 0.132152 -0.008629 -0.006380 -0.075977 0.025987 0.107836 -0.171513 -0.022376 0.096249 -0.005682 -0.018952 0.005047 0.177244 -0.052325 -0.013591 -0.113080 -0.064645 0.081104 -0.000594 -0.053960 -0.111636 -0.037966 0.096674 -0.102822 0.042146 -0.325083 0.084289 -0.004375 -0.048870 -0.062780 -0.003786 -0.029228 -0.008118 0.051962 0.167943 0.004658 -0.064860 -0.102236 0.009316 0.236037 -0.172693 0.140217 0.035423 -0.069542 0.104083 0.075505 -0.137926 -0.078892 0.041849
-0.006269 0.010666 0.079917 0.145341 -0.167272 -0.006608 0.027742 -0.054959 0.016852 -0.039253 -0.038210 -0.014057 0.011067 -0.008438 0.037815 -0.024317 0.040074 0.029657 -0.082064 -0.022605 0.034750 -0.071962 -0.000630 -0.003309 -0.013844 0.031228 -0.125064 -0.183992 0.037151 0.050089 -0.018812 -0.040389 -0.084847 -0.046278 0.073841 -0.109113 0.020555 -0.244625 -0.015715 -0.030706 -0.080374 -0.030215 -0.038042 -0.185689 -0.025822 -0.061540 -0.095382 0.004356 0.002902 -0.356293 0.016639 -0.240970 -0.052061 -0.139630 -0.042505 0.191985 -0.011600 -0.053169 -0.095052 0.058758 0.062561 -0.064812 -0.009429 -0.127094 -0.001590 -0.082753 0.023880 -0.006549 -0.064283 -0.662350 0.101815 0.016070 -0.039730 -0.098000 -0.006989 -0.041145 0.012330 -0.014808 -0.034891 0.000689 -0.019487 0.072121 0.070703 -0.101934 0.030981 0.026168 0.018763 0.059616 -0.182660 0.006726 -0.004847 -0.064493 -0.011766 -0.053366 -0.048136 -0.066696 -0.079633 0.005072 0.039927 -0.067983 0.020057 -0.004809 -0.080266 0.074342 -0.062688 0.013647 0.003557 0.016823 0.020881 0.040970 0.063107 -0.235331
-0.268412 0.048675 -0.039426 -0.157733 0.078272 -0.027635 0.011219 0.052407 -0.005110 0.080605 -0.113088 0.133155 0.005005 -0.103765 -0.073143 0.082198 -0.033908 -0.171929 0.018269 0.012387 -0.073394 0.089819 0.023381 -0.035292 0.169318 0.085555 -0.021997 -0.118450 0.069949 0.089018 0.104378 -0.116074 0.033827 0.073547 0.015932 -0.020849 0.071075 0.162744 0.081648 -0.029472 0.030016 -0.118506 0.030671 0.038588 -0.070956 -0.038237 -0.056428 0.040840 0.182801 0.013343 -0.007516 -0.175840 -0.061778 -0.174212 -0.045293 -0.051902 0.003132 -0.059344 0.052494 0.045365 0.125698 -0.124033 -0.048684 0.115408 0.018656 -0.035784 0.044075 -0.004231 -0.125026 -0.031675 0.057434 0.007355 -0.087417 -0.089260 0.103756 -0.003755 -0.229597 -0.140232 -0.085289 0.078838 -0.009206 -0.040453 0.003187 -0.168437 0.023750 0.160377 -0.094127 -0.012950 -0.215178 -0.043078 -0.122630 -0.112545 -0.162641 0.090791 0.067457 -0.047482 0.082216 -0.003713 0.097803 0.026058 -0.000968 0.022925 -0.176799 -0.202611 -0.071080 -0.072598 -0.018428 -0.003140 0.038926 0.124394 0.088419 0.225675
0.421237 -0.004151 -0.100985 -0.203749 0.014310 0.012183 -0.084623 -0.048902 0.013967 -0.034693 -0.111920 -0.043832 -0.187583 -0.007786 0.107501 0.015235 -0.015949 -0.209345 -0.032873 0.027993 -0.096269 -0.113698 -0.053663 -0.071761 -0.068304 -0.105156 0.005257 0.198520 -0.066399 0.014785 0.016860 0.024409 0.113530 -0.111803 -0.007313 -0.065597 -0.065355 0.233499 -0.155197 -0.026116 0.039495 0.012111 0.006412 0.024071 -0.183984 0.012693 -0.318238 -0.100627 -0.021692 0.183821 -0.035454 -0.214835 -0.061287 0.084970 -0.088502 0.040598 -0.094618 -0.033720 0.129630 0.095640 -0.073106 0.086864 0.039006 -0.008694 -0.065491 0.046667 0.069261 -0.046496 -0.046500 -0.404119 -0.096756 0.047949 -0.024007 -0.067639 -0.103936 -0.023025 -0.163598 -0.016903 0.042666 -0.014540 -0.060934 0.032248 -0.018360 0.103144 0.008385 0.111478 -0.047550 -0.084209 -0.218201 0.144340 -0.065834 0.013547 -0.027232 -0.016964 -0.093904 0.005911 0.063219 -0.079387 -0.268004 0.003263 -0.159711 -0.045181 -0.149463 -0.015315 -0.028626 -0.021271 0.048502 -0.098285 -0.075611 -0.028254 0.013419 -0.111344
-0.266147 -0.035639 0.061518 -0.098865 0.006135 -0.063261 -0.085425 -0.063746 -0.023877 0.023903 -0.233817 0.109660 0.089348 -0.123973 0.093263 -0.159020 0.041792 -0.186462 -0.090455 0.127888 -0.059127 0.016695 -0.077298 -0.132070 -0.088607 0.038736 -0.136449 -0.115751 0.048819 0.004880 -0.041626 -0.033960 -0.005338 0.118282 -0.011629 0.002221 -0.011031 0.114882 0.012861 -0.010101 -0.026675 -0.017183 0.053168 0.039624 -0.014102 -0.001978 0.045189 0.367321 0.081801 0.093070 0.064195 0.126860 -0.018090 0.125263 0.093007 -0.007431 0.029855 -0.079235 -0.095512 0.210998 -0.147234 -0.106466 -0.068453 -0.097397 -0.062272 -0.003236 -0.092292 0.018528 -0.001835 -0.102077 -0.173638 0.004183 0.003641 0.115856 -0.018659 -0.111386 -0.055013 0.122007 0.065890 0.074133 -0.059550 -0.077919 -0.062947 0.058374 0.099571 0.032505 -0.019889 -0.060372 -0.020421 -0.065149 -0.121671 0.108767 -0.133416 0.041422 0.054221 0.066822 -0.007736 -0.030085 -0.190693 0.027159 0.102843 -0.025922 0.046090 -0.089451 0.021616 -0.026716 0.052141 0.015677 -0.075847 -0.063390 -0.023708 -0.057093
-0.127291 -0.034929 0.025298 -0.201091 0.039921 -0.045790 0.001455 0.042512 -0.012059 0.111761 -0.431792 -0.162099 0.020808 0.026029 -0.155045 -0.009096 -0.051897 0.072247 0.088452 -0.063842 0.028902 -0.123838 0.017108 -0.087204 0.061478 -0.007635 -0.017094 0.059695 0.002408 -0.034973 -0.072763 -0.059662 -0.083071 0.078623 -0.038605 -0.029788 -0.061360 0.357419 -0.031612 0.017224 0.012957 -0.007298 0.119376 -0.010022 -0.112153 0.016713 0.042744 -0.154375 0.072938 0.236375 0.071706 -0.110040 -0.139310 0.011942 -0.143928 0.091024 0.116910 0.032057 0.025465 0.118263 0.002577 0.099230 0.085142 -0.158288 0.082933 0.074887 -0.035544 -0.066756 -0.035175 -0.019219 0.011580 0.027923 0.045155 0.072080 -0.004784 -0.091304 0.186951 -0.043800 -0.012316 -0.045251 -0.048703 0.006857 -0.036046 0.118603 -0.045495 -0.079022 0.006411 0.015809 0.244260 0.034294 -0.014512 0.094343 0.143749 0.119432 0.066271 0.098780 -0.020117 0.084587 0.106315 -0.008396 0.028011 0.097595 -0.042513 0.072915 0.042237 0.078337 0.008216 -0.009559 0.002628 -0.047239 0.033085 -0.120502
-0.115362 0.063351 -0.010227 0.229634 0.077214 -0.030291 -0.049591 -0.023399 -0.107077 0.149839 0.463106 -0.063492 -0.051289 -0.108144 0.005795 0.002524 -0.132442 -0.128356 -0.016519 0.044195 0.067043 -0.025414 0.097353 0.099933 -0.180126 0.142375 0.015122 0.244051 -0.015872 0.146854 0.023465 -0.067733 0.021081 -0.048476 0.006703 0.014897 -0.043085 0.274661 0.055970 -0.084972 0.053846 0.143413 -0.037206 -0.061423 -0.061689 -0.067717 -0.152924 -0.140834 -0.023797 0.119523 0.033075 0.100776 -0.101524 -0.304523 0.079019 0.014296 0.053555 0.018347 -0.069957 -0.018953 -0.018413 0.046263 -0.008916 -0.007876 -0.041098 0.063704 0.046999 0.017999 -0.140862 -0.359749 0.009820 -0.044854 0.104919 0.173422 -0.126697 0.018169 -0.176747 -0.019596 -0.101066 -0.031348 -0.127689 -0.077300 -0.128056 0.055965 0.082899 -0.086358 -0.014225 -0.076461 -0.046472 0.023167 -0.101871 -0.034231 -0.103359 0.003150 -0.118473 0.137200 -0.022114 -0.163414 0.067609 0.002971 -0.168589 0.152555 -0.006483 -0.098207 -0.096921 0.042865 0.015814 0.085362 0.017285 -0.098571 0.007995 0.053738
-0.220367 -0.014686 0.072323 -0.031438 0.019453 -0.047111 0.054241 0.047165 -0.055459 -0.076457 -0.018677 0.145672 -0.233127 -0.009866 0.077200 0.018971 -0.001248 -0.201648 -0.153998 -0.018244 0.142584 -0.146081 0.071089 -0.000208 0.098109 -0.045321 -0.004892 -0.252837 -0.048202 0.050873 -0.049850 -0.002120 -0.100972 0.023181 -0.009730 0.017277 -0.125867 0.151188 -0.002302 -0.011195 -0.088705 -0.050423 -0.060276 0.070277 0.010841 -0.067303 0.272934 0.136155 0.000874 0.272552 0.079549 -0.073967 -0.088242 0.277484 0.061714 -0.022113 -0.024450 0.033035 -0.036616 -0.143976 0.105864 -0.107454 0.106825 0.025376 0.014847 -0.000923 0.042603 0.065856 -0.034933 -0.085248 0.017804 -0.071644 0.011816 -0.108543 0.072230 -0.038490 -0.110539 0.044294 -0.106353 0.037891 0.015361 -0.014109 0.110578 -0.031701 0.014299 0.218195 0.010331 0.054279 0.038450 -0.007200 0.206701 0.019591 0.069051 0.092978 0.036700 -0.082526 0.037644 0.116146 -0.117799 0.055282 -0.037767 0.106603 0.161039 -0.093832 0.097846 -0.007263 -0.091473 -0.072796 -0.031152 -0.115465 -0.007759 -0.140565
-0.036871 -0.112151 -0.098911 -0.040724 0.001712 -0.129198 -0.018675 -0.038719 0.062163 0.025022 -0.225695 -0.167364 0.100922 0.114312 0.010291 -0.121472 -0.061651 0.163867 -0.026585 -0.122568 -0.193840 -0.016896 0.027220 -0.065313 -0.015145 -0.153443 -0.013181 -0.206166 -0.213657 -0.154293 0.008083 -0.017034 0.036454 0.052167 -0.048796 0.079638 -0.031733 -0.122785 0.032402 0.034531 -0.064554 -0.140556 -0.066157 0.146470 -0.020600 0.023026 -0.106663 0.044099 -0.024202 -0.064919 -0.107097 -0.147838 -0.128355 -0.134268 -0.107245 -0.099939 -0.044623 -0.128615 -0.107577 -0.013798 -0.041044 -0.179884 -0.151554 -0.151765 -0.150697 -0.062543 0.050632 -0.030632 -0.089754 0.086868 -0.174241 -0.100021 -0.106060 0.094389 -0.149526 0.021698 0.196589 -0.085374 0.103623 0.027817 -0.130578 -0.027983 -0.092918 -0.019354 -0.072842 -0.056589 0.036907 -0.147558 -0.084302 -0.071987 -0.098822 -0.043684 -0.155688 -0.003285 -0.054840 -0.092358 -0.023361 -0.149175 0.227435 0.069172 -0.049333 -0.139969 0.141667 0.124729 -0.032909 -0.104071 -0.047640 0.020190 0.080335 -0.236697 0.028839 -0.175018
0.223032 0.071872 -0.007001 0.254643 0.052668 -0.033203 -0.074559 0.025469 0.058226 -0.034676 0.155006 -0.042286 -0.080915 0.131955 -0.099121 -0.103931 0.014238 -0.076811 -0.024632 0.091913 0.065420 -0.047441 0.105061 -0.043639 -0.001877 -0.025485 -0.009064 -0.069382 -0.035178 0.030838 -0.022156 -0.045538 0.001302 -0.144910 0.185804 -0.073610 0.052547 0.033573 -0.091171 0.045963 0.124084 -0.046786 0.001187 -0.030047 -0.011275 -0.012752 0.011758 -0.167841 -0.022674 0.241517 -0.040332 -0.173068 0.105814 0.137918 0.031818 0.033536 0.081438 -0.073488 0.090477 -0.038661 -0.058467 0.116358 -0.002415 -0.079561 -0.025406 -0.045304 0.020987 0.084275 0.061791 -0.273838 0.050370 0.074897 0.022979 0.006580 0.129351 -0.039395 0.075040 0.099102 0.060477 0.023662 -0.058152 0.038357 0.023128 -0.053809 0.048241 0.079253 0.006595 0.155675 -0.098348 0.000016 -0.046298 -0.078149 0.017009 0.074242 0.001337 -0.094858 -0.085732 0.089742 -0.163491 0.075817 0.215788 -0.127852 0.210782 -0.062058 -0.016813 -0.071776 -0.059236 -0.098674 -0.024607 -0.092211 -0.023034 -0.209189
-0.162670 -0.077039 -0.062641 -0.472078 -0.001933 -0.031533 -0.002308 0.002887 0.023946 0.026097 0.205811 -0.107144 0.148346 -0.023220 -0.056131 -0.005256 -0.080298 0.163981 -0.186155 0.046722 0.014004 0.061256 -0.024922 0.006549 -0.167077 -0.045040 -0.098433 -0.043471 -0.008985 0.028576 -0.080903 0.013631 -0.090239 -0.137464 -0.085571 0.028566 -0.008592 -0.097956 -0.094789 -0.067007 -0.089163 -0.048520 -0.139081 -0.090839 -0.063599 -0.017479 -0.425629 0.051589 -0.094572 -0.048259 0.014412 0.070806 -0.048164 -0.104309 0.051777 -0.061033 -0.115800 -0.006994 0.000548 0.026340 -0.073169 0.118289 -0.016898 -0.089803 0.040142 0.041738 -0.059838 -0.032526 0.038694 -0.145967 0.023789 0.015278 0.003782 0.070344 -0.003532 0.049737 0.191097 -0.049674 -0.050546 0.047309 -0.106832 -0.133678 -0.157342 0.047258 -0.053573 -0.283361 0.094427 -0.132938 0.117394 -0.156260 -0.060228 0.029401 -0.022304 -0.081081 -0.007072 0.050407 -0.026139 -0.176582 -0.041853 0.098575 0.009753 -0.130421 0.049154 0.099902 0.003837 0.061211 0.024478 0.048535 -0.102814 0.039799 -0.070988 -0.001170
0.151811 0.012263 -0.103451 0.044300 -0.017998 -0.012069 0.014200 0.045052 -0.070067 -0.169704 -0.220540 -0.082034 -0.087900 -0.102851 -0.000590 -0.153732 -0.048196 -0.252754 0.046200 -0.076619 -0.071012 -0.068418 -0.091468 -0.044409 -0.064741 -0.061034 -0.066523 -0.473013 0.011911 -0.110183 -0.035445 -0.068274 0.015350 -0.249934 -0.146117 -0.029120 -0.043653 -0.366182 -0.031769 -0.074401 -0.018454 -0.039070 -0.070788 -0.080693 -0.102558 0.064157 -0.104681 -0.223707 -0.043825 -0.238374 -0.002700 0.036498 -0.060209 0.074780 -0.157910 -0.062938 -0.018253 -0.017145 -0.115118 0.065448 -0.038902 -0.083482 -0.009720 -0.135031 0.006926 -0.108657 -0.066192 -0.073695 -0.077417 0.015957 0.052880 -0.022249 -0.050348 -0.035632 -0.004004 -0.080765 0.102917 -0.090258 -0.071396 -0.062535 -0.026775 -0.095542 -0.120692 -0.023668 0.004826 0.042947 -0.090605 0.042111 -0.249293 -0.150425 -0.114888 -0.078660 -0.147310 -0.099627 -0.102249 -0.026784 -0.204390 0.048932 -0.147914 -0.035711 -0.147206 -0.045431 -0.371632 -0.312455 -0.007525 -0.125524 -0.140663 -0.190655 -0.083242 0.044505 0.015776 0.082575
-0.285209 0.027428 0.056792 0.065282 -0.052032 0.042005 0.014393 0.022082 0.027328 0.071722 -0.049673 -0.045970 -0.141913 0.086473 -0.096625 -0.020032 0.096392 -0.133140 -0.155378 -0.029255 0.017956 -0.070095 -0.093696 0.067600 -0.062225 -0.053095 0.023875 -0.150290 0.016647 -0.091791 0.049809 -0.002767 0.006338 0.004313 0.022150 0.061386 -0.049450 -0.044997 -0.028722 -0.076846 -0.091844 0.045261 -0.029384 -0.092470 -0.040927 -0.132076 -0.055722 -0.262693 0.060809 0.197429 0.094198 0.237514 -0.221196 -0.170055 0.095513 -0.118535 0.064368 -0.122257 -0.142652 0.016292 -0.033715 -0.130881 -0.029506 -0.078731 -0.023878 -0.119090 -0.021148 0.064167 -0.083732 0.239611 -0.161657 -0.052413 0.058913 -0.056395 -0.007397 0.105949 -0.198839 0.082599 -0.002960 -0.115930 -0.088289 -0.052876 0.070057 -0.099771 0.021022 -0.003840 0.050552 -0.072428 -0.177803 0.010716 0.047279 0.012423 -0.091153 -0.033501 0.013182 0.035448 0.058455 0.023404 -0.100462 0.044597 0.089408 -0.045697 0.089687 -0.170589 0.046410 -0.115484 0.064640 -0.003334 -0.058841 0.054029 -0.097436 -0.128581
-0.223907 -0.114654 -0.041049 -0.312264 -0.082411 -0.039294 -0.030469 -0.119596 -0.023877 -0.029162 0.042961 -0.126287 0.130586 -0.052638 -0.024348 0.017489 -0.100265 -0.126555 -0.067144 -0.080734 -0.064130 -0.094061 -0.034125 -0.009019 -0.023786 -0.087063 -0.031980 0.156290 0.116933 -0.036147 -0.032956 -0.054105 -0.043156 0.015566 -0.025466 -0.116934 -0.060760 -0.322012 -0.007663 0.008385 0.053534 -0.049393 0.030400 -0.080317 -0.028142 -0.069893 -0.008278 -0.120166 -0.179236 -0.252108 -0.032680 -0.024433 -0.117817 -0.035846 -0.093740 -0.037730 0.082306 0.025147 -0.099165 -0.085725 -0.029350 -0.076190 -0.035733 0.076598 -0.050149 -0.059388 0.000225 0.006603 -0.001694 -0.029354 0.019818 -0.045126 0.036190 0.002569 0.071644 -0.113342 -0.253015 -0.065552 -0.158882 -0.072402 -0.256292 -0.060469 -0.023285 -0.090960 0.015685 0.019618 -0.044615 -0.080306 0.010701 0.022844 -0.059052 -0.113704 0.010146 0.035579 0.089912 -0.017779 -0.050378 -0.061615 0.267546 -0.008651 -0.153521 -0.047162 0.000747 -0.103706 -0.042770 -0.000895 -0.001495 -0.033871 -0.005582 -0.146927 -0.016437 -0.052082
0.027199 0.122608 0.014698 0.128482 -0.121342 0.081671 0.049445 -0.002232 -0.033682 0.032237 0.248068 0.076335 -0.428919 -0.062574 -0.055413 0.008156 0.030718 -0.097343 0.061332 0.025473 0.084712 -0.105884 0.053052 -0.124231 0.022864 -0.017703 -0.057373 -0.139580 -0.037236 -0.061416 0.011364 -0.038880 0.052885 0.062835 -0.033365 -0.014665 -0.077570 -0.018196 0.028726 -0.111327 -0.112941 0.069791 0.083438 -0.024026 0.034235 -0.122059 -0.097590 0.221481 -0.010236 -0.144869 -0.057995 -0.033429 0.033656 -0.228142 0.037495 -0.001380 -0.029381 0.064295 0.049721 -0.013997 0.015799 0.053064 0.071296 0.141268 0.008918 -0.051525 0.006280 0.055017 -0.006033 0.062294 -0.084902 0.024735 0.038546 -0.023967 -0.075523 -0.129635 0.196410 -0.035038 0.126091 -0.063159 0.070938 0.004362 -0.097238 -0.043386 0.068586 -0.130820 0.167578 0.076387 -0.047097 -0.031245 0.040694 -0.095453 0.129898 -0.080780 -0.154775 -0.116571 0.025972 -0.047854 -0.275778 -0.061088 -0.064195 -0.000755 -0.090315 -0.045316 -0.055634 -0.032381 -0.095494 0.074905 -0.015262 -0.024956 -0.055317 -0.163977
-0.023218 -0.116009 0.002985 0.080030 -0.010378 0.043067 -0.089134 0.120102 0.043171 -0.065319 0.063435 0.000722 -0.057548 0.073482 -0.087557 -0.036186 -0.007493 0.026048 0.006752 0.172448 -0.011075 -0.026020 0.063277 -0.142989 -0.113522 -0.003155 0.014924 -0.046603 -0.027595 0.046312 -0.083864 0.026245 0.043794 -0.030244 0.059303 -0.072096 0.071735 -0.018101 0.006290 0.054295 0.054054 -0.034957 -0.081056 0.078531 0.036749 -0.133599 0.106347 0.010542 -0.135238 -0.100115 0.077778 0.061905 -0.017734 -0.137819 -0.092349 -0.013902 0.090909 -0.015384 0.114741 -0.028729 -0.129282 -0.154080 0.076466 0.012854 -0.148457 0.009541 -0.019234 -0.088603 0.101625 0.046441 -0.066408 0.122681 0.078628 -0.050651 -0.012224 0.244793 0.045119 -0.026757 0.042763 0.045114 0.093838 -0.063433 -0.037317 0.054251 -0.028649 0.196404 0.087212 0.080825 -0.000460 -0.035543 -0.139114 0.054950 0.037411 -0.093222 0.032874 0.044542 -0.011216 -0.052345 0.094946 0.027033 -0.041032 0.171864 -0.019287 -0.049170 -0.043332 -0.050453 0.007385 0.078743 0.127572 0.129038 -0.003276 -0.126949
0.089968 -0.041366 0.081133 -0.001346 -0.070247 0.006731 0.029058 -0.013068 0.067069 0.016280 0.008655 -0.000420 -0.061578 -0.022480 -0.040309 -0.006824 -0.070202 -0.098254 -0.087666 -0.073479 -0.031508 -0.006463 -0.007014 0.056729 0.130358 -0.032635 0.023594 0.010842 0.040907 0.096000 -0.147966 0.066679 0.050131 0.111919 -0.074243 0.071420 -0.063336 -0.090044 -0.005400 -0.073124 0.018881 0.050339 -0.016386 0.060355 0.078870 -0.132765 0.254822 0.155576 -0.098669 -0.165235 -0.125453 -0.210451 0.045367 -0.061095 -0.024029 0.051997 -0.113769 0.080699 0.044620 -0.007265 -0.003200 0.014968 -0.057102 -0.035829 -0.146249 -0.026349 -0.035759 -0.126412 -0.078834 0.145567 -0.072061 0.048827 0.004788 0.024290 -0.025314 0.005987 -0.127645 0.018240 -0.210798 0.017157 -0.081946 0.006656 -0.008132 -0.061573 0.168853 -0.034340 -0.066106 0.018380 -0.019894 0.102787 0.131820 0.008010 -0.038967 -0.079960 0.070848 -0.042152 0.083061 -0.016188 -0.532367 -0.087759 -0.085315 -0.016815 -0.106746 -0.018722 -0.005286 0.008099 -0.067447 -0.001627 0.024596 -0.072411 -0.195464 -0.078627
0.118304 -0.041016 0.001060 0.280530 0.087351 -0.008128 0.057810 -0.004192 0.159600 -0.153888 -0.044205 0.045266 -0.249806 0.063534 -0.026362 -0.063348 -0.009569 0.221142 -0.056353 -0.040351 0.008922 -0.150704 0.003612 0.102656 0.092465 0.115329 0.046304 0.007561 0.050157 -0.024051 -0.017896 -0.073308 -0.045686 0.020029 0.028063 -0.074152 0.144624 0.101756 0.070697 0.033149 -0.070871 -0.010117 0.088658 0.002404 -0.024051 0.047616 0.175078 0.010089 -0.010834 -0.018522 0.098386 0.200138 -0.065418 -0.125195 0.098867 -0.119528 -0.159469 -0.029600 0.012287 -0.108313 0.012915 0.012073 -0.020863 -0.070369 0.016090 0.127035 0.042236 0.161487 0.067217 -0.120823 0.016638 -0.076738 0.061203 -0.087047 0.015047 -0.092285 0.095244 -0.026849 0.035303 -0.004935 -0.089135 -0.007921 0.031631 -0.003136 -0.126996 0.182965 0.046291 0.055586 -0.138998 -0.035364 0.000244 0.004233 0.017739 0.045487 0.029921 0.117331 -0.071367 -0.041466 -0.123447 -0.070327 -0.033706 -0.035894 0.096042 0.108855 -0.014008 -0.042444 -0.101908 -0.065183 -0.027188 0.068508 -0.028484 -0.120129
0.046642 0.034771 0.087465 0.297676 -0.114490 0.002764 0.058987 -0.064262 0.081798 -0.065963 -0.199317 -0.053696 -0.065363 -0.090430 0.096916 -0.022339 -0.107188 0.077575 0.039592 -0.070263 0.015494 -0.011163 -0.007496 0.055245 -0.012052 -0.052807 0.055136 -0.028844 -0.065170 0.005563 0.001611 0.045403 -0.105853 -0.050056 -0.034882 -0.009567 0.018571 -0.045145 0.086761 0.071876 -0.117198 -0.036042 -0.002839 -0.048926 0.077235 -0.037025 -0.193596 -0.035248 0.010999 -0.001649 -0.078297 0.193618 -0.179220 -0.233702 -0.117634 0.056659 -0.078865 -0.081655 -0.112007 0.058645 0.022543 -0.078536 -0.001935 -0.029328 0.036603 0.197590 -0.080864 -0.035348 -0.029509 0.079618 -0.112583 0.019057 -0.051297 -0.028580 0.052274 0.074408 -0.285746 -0.017495 0.060198 0.010369 -0.035247 -0.049844 -0.053344 -0.029421 0.044639 0.036744 -0.041192 -0.006764 0.081468 -0.185597 -0.077396 -0.060273 0.084684 0.126032 0.051352 0.081319 0.043270 -0.097254 -0.083231 -0.062059 0.051579 -0.088135 -0.027794 0.059663 0.032634 -0.090922 -0.057174 -0.054065 -0.020042 -0.016638 -0.051062 -0.089010
-0.250965 -0.025480 0.036799 -0.030339 0.121961 0.011416 0.021412 -0.059290 -0.031885 -0.129016 0.008594 -0.039984 -0.138220 -0.088484 -0.117165 -0.055576 -0.071219 -0.239222 0.046078 -0.198274 -0.067287 0.010636 -0.118546 -0.018094 -0.022045 0.085867 -0.064326 0.113878 -0.022303 0.006199 -0.011589 -0.063077 0.086703 -0.029861 -0.063376 0.022454 -0.000070 -0.140497 -0.044114 -0.114267 -0.092373 -0.014910 -0.148206 -0.068781 0.091388 0.000036 0.094870 0.169853 -0.064040 -0.324579 0.013074 -0.382522 -0.038775 -0.128192 0.007750 -0.092328 -0.092944 -0.084901 -0.051213 -0.091882 -0.173871 -0.013695 -0.020795 -0.083122 0.049464 -0.056521 -0.051650 -0.012294 -0.106185 -0.093085 -0.064587 -0.132437 -0.151169 -0.160330 0.003803 -0.001602 -0.164029 0.029197 0.035857 -0.083524 -0.001560 -0.031203 0.035041 -0.057107 -0.054193 0.122654 0.031037 -0.071601 -0.018836 -0.026197 -0.083640 0.020272 -0.030196 -0.020592 -0.103916 -0.059804 -0.122248 -0.023231 -0.228901 0.062281 -0.044492 -0.092584 -0.038371 -0.200241 -0.019233 -0.072931 0.007979 -0.020741 -0.073607 -0.183299 -0.021163 0.019179
-0.010188 -0.026817 0.094853 -0.048728 -0.015789 0.030371 0.013426 0.061611 -0.061192 0.003517 -0.069212 0.006910 0.201873 -0.058592 0.109249 -0.016764 0.094615 0.017375 0.143121 0.066821 -0.046512 0.005941 -0.059699 0.104192 -0.018151 0.026449 -0.123159 0.003948 -0.018679 -0.168388 0.054181 0.154343 0.019360 0.061742 0.133634 0.018367 -0.000166 -0.118474 -0.141283 -0.015794 0.027300 0.027643 0.077621 -0.032454 -0.004657 0.077381 -0.108834 -0.135931 -0.036236 0.268626 0.199676 0.013794 -0.050723 -0.266632 0.017249 -0.002606 -0.044568 0.141016 0.000051 0.013139 -0.040550 -0.006179 -0.091040 -0.043886 -0.005030 -0.084707 0.108043 0.084328 0.038296 -0.173216 0.098450 0.052469 -0.043395 0.026274 -0.027872 0.156547 0.013376 -0.166900 -0.053731 -0.125976 -0.030728 -0.017958 0.045088 0.067418 -0.024017 0.164561 -0.042231 0.050077 0.007708 0.068847 -0.078069 -0.120243 0.007512 0.080398 -0.034457 0.122522 0.002092 0.015394 0.368587 0.111707 0.012770 -0.136050 -0.026962 -0.034288 -0.020601 0.006992 -0.049364 0.049918 0.040656 0.106049 0.047073 -0.170265
-0.386967 -0.052320 -0.088828 -0.226307 -0.173602 -0.072114 -0.179413 -0.074146 -0.050396 -0.073014 -0.020024 -0.048075 -0.077920 -0.129058 -0.146237 -0.190725 -0.019851 0.058603 -0.062580 -0.047279 -0.078701 -0.087463 -0.190965 -0.122283 -0.169243 -0.072429 -0.071514 -0.303299 -0.086041 -0.230315 -0.114767 -0.154675 -0.132341 -0.097909 -0.131751 -0.025623 -0.063955 -0.071744 -0.180807 -0.025059 -0.142307 -0.032267 -0.112608 -0.105019 -0.086063 -0.160775 0.361967 -0.103919 -0.083797 0.039758 -0.071516 -0.054452 0.058583 0.239486 -0.007524 0.131817 -0.101165 0.035709 -0.087411 -0.109661 -0.020788 0.038741 -0.059864 -0.108169 -0.145277 -0.036246 -0.129371 -0.035255 -0.047957 -0.031265 -0.099651 0.037597 -0.074606 -0.099992 -0.017446 -0.151670 0.017567 -0.079266 -0.005916 -0.046273 0.039423 0.013516 -0.105287 -0.127624 -0.189163 -0.347506 -0.169003 -0.071798 0.132043 -0.067980 -0.048074 -0.055653 -0.024556 -0.123811 -0.090934 0.043814 -0.094285 -0.034150 -0.085010 -0.149924 -0.034883 -0.140706 -0.103470 0.047195 -0.107261 -0.124803 -0.085764 -0.143031 -0.117373 -0.133878 -0.111723 -0.016804
0.241416 -0.049816 -0.114386 0.078424 -0.095031 -0.109233 -0.097442 -0.006941 -0.006910 0.037398 -0.125969 0.033407 -0.045267 0.034150 -0.044493 -0.000349 -0.048915 -0.119622 0.049321 0.072571 -0.021094 -0.083375 0.026591 -0.047019 -0.102870 -0.077208 0.002116 -0.035410 0.066600 -0.166647 -0.011399 -0.037460 -0.063792 -0.088871 -0.081806 -0.069636 0.008506 -0.011932 -0.019942 0.031305 0.028355 -0.155275 -0.071607 0.199283 0.078691 0.053769 -0.443212 0.148861 -0.102248 -0.035665 -0.017438 0.100821 0.007353 0.105811 -0.072831 -0.135527 0.012006 -0.094800 -0.061085 0.029317 -0.003779 -0.059228 -0.010132 0.124936 0.051498 0.012244 -0.020408 0.084839 0.064403 -0.036646 -0.131234 -0.049687 0.030995 0.072794 0.003958 0.062211 -0.203444 -0.003012 0.010142 -0.077190 0.101949 0.051123 0.036689 0.034972 0.052647 0.087377 -0.192900 -0.061817 0.037233 0.049921 0.093240 -0.081935 0.028012 -0.091704 -0.047602 -0.039552 -0.053392 0.029827 -0.101748 -0.078507 0.033990 0.154248 0.043652 -0.129099 -0.010983 0.093830 0.032788 -0.093522 -0.096779 0.149566 0.004732 -0.147009
0.093145 0.073601 0.008446 -0.461615 -0.063231 0.030745 0.010869 0.009381 -0.069921 0.111707 -0.402895 -0.011447 -0.066818 -0.008447 -0.009012 -0.147095 0.113863 -0.181726 0.033828 -0.031447 0.054284 -0.091791 0.001383 -0.021763 -0.069806 -0.032293 -0.222277 0.097189 0.008117 0.013461 -0.063291 -0.020994 -0.012575 -0.029732 -0.053525 0.019701 -0.010698 -0.018877 0.055410 -0.015495 -0.112198 -0.148536 -0.010000 -0.024873 -0.055236 -0.011352 -0.178287 -0.324097 -0.127823 0.227236 -0.022655 -0.141476 0.043666 -0.157937 -0.078293 -0.027934 -0.028955 -0.002323 -0.103819 -0.092003 -0.088461 -0.082692 0.080360 -0.076754 0.088471 -0.041505 -0.008238 -0.040588 -0.123987 -0.223343 -0.073128 -0.123315 -0.002363 -0.050864 -0.067373 0.083314 -0.152785 0.069122 -0.015080 -0.057333 -0.109898 0.047803 -0.078572 -0.023830 0.027344 -0.033219 -0.019863 -0.088938 -0.119105 -0.013176 0.035003 0.053597 -0.109181 -0.084015 0.037071 -0.041551 -0.074495 0.036532 0.005159 0.007244 -0.038683 0.008578 -0.074135 -0.065536 -0.029222 -0.088809 0.075400 -0.050566 -0.085723 -0.069615 -0.067127 0.078938
-0.004811 0.029076 0.079617 0.128538 -0.108458 0.085491 -0.031508 -0.039994 -0.034648 -0.071253 0.033977 0.038210 -0.136076 -0.013157 0.048227 0.083431 0.052976 -0.281148 -0.031045 -0.069649 0.019563 -0.104999 -0.070894 0.063579 -0.092861 -0.061648 0.099976 -0.060339 -0.078673 -0.130366 0.067550 0.007591 0.002800 0.172084 -0.007196 -0.062244 -0.013074 0.124277 -0.096384 -0.110326 -0.010726 0.044677 0.079272 -0.115695 0.104871 0.015356 0.100428 0.113753 0.018788 0.132019 0.036697 -0.451213 -0.012874 0.077879 -0.076156 -0.007280 0.097445 -0.010266 0.084644 -0.078460 -0.093085 0.011164 -0.216430 -0.004073 -0.029148 0.037400 0.098726 -0.146761 -0.031457 -0.106470 -0.056392 0.046833 0.002243 0.050797 -0.116598 0.020615 0.006708 -0.083314 -0.105204 0.129357 -0.083249 -0.021749 -0.069880 0.093959 -0.050409 -0.144109 0.041608 0.016350 0.036620 0.074734 -0.138655 -0.195897 -0.111546 0.135438 0.004801 -0.068219 -0.023310 -0.052105 -0.129749 0.054037 0.049289 -0.058861 0.319377 -0.265681 0.053521 0.001279 0.064694 -0.038692 -0.037138 -0.048991 0.015866 -0.072335
-0.074211 -0.002316 -0.160690 0.057952 0.150389 -0.031715 -0.007359 0.024329 0.007771 0.018083 -0.003021 0.087289 0.158584 0.098236 -0.019676 0.062769 0.137686 0.148007 -0.019718 -0.094552 0.027311 0.090423 -0.005841 0.025024 -0.084897 0.047033 0.041889 -0.036778 -0.075073 0.107953 -0.062159 0.125502 0.013370 -0.019442 -0.004107 -0.072641 0.077414 0.237147 0.069210 -0.068788 -0.050674 0.101156 -0.007960 -0.012206 0.076797 -0.116062 -0.227818 -0.070187 -0.119953 0.220105 -0.078322 -0.016827 0.130116 -0.158309 0.088675 -0.058300 -0.009832 -0.131403 0.096063 -0.007810 0.009845 -0.078574 -0.006046 0.032059 0.089756 -0.057822 -0.081398 -0.139743 0.130380 0.151459 0.077256 0.048946 0.101084 0.031201 -0.017298 0.049778 0.067559 0.008824 -0.096097 0.028240 0.086314 -0.044320 0.045738 0.038776 -0.104993 -0.167345 -0.024943 0.072201 -0.318242 -0.108761 -0.009337 -0.089763 0.020244 0.013099 0.208768 -0.117889 -0.043019 -0.039150 0.303132 0.086947 0.003800 -0.128284 -0.108778 0.163294 -0.095275 -0.069452 -0.027077 -0.086132 -0.035338 -0.027682 0.108985 0.077979
-0.135502 0.054728 -0.139780 0.048061 -0.113693 -0.046983 0.044870 0.091012 -0.072061 -0.038841 -0.178778 -0.091386 -0.231173 -0.136348 0.048319 0.181063 -0.034683 0.063721 0.033869 -0.082630 0.016556 0.019096 0.066504 0.068057 -0.050161 -0.060280 -0.003243 -0.003060 -0.104527 0.120756 -0.001629 -0.014631 0.032101 0.035177 -0.029153 -0.038159 -0.159424 -0.269608 0.121083 -0.017613 0.097379 0.045077 0.076290 -0.071893 0.104143 -0.032934 -0.177717 -0.288028 -0.055231 0.163913 0.056162 0.144531 0.014715 0.051367 0.005099 -0.027123 0.155350 0.047255 0.031240 0.019571 -0.015303 -0.037402 0.066509 0.055667 0.015895 -0.012378 0.078031 -0.053762 0.010440 -0.057449 0.058956 -0.134464 -0.033020 -0.000413 -0.056411 -0.133331 -0.464723 -0.006326 -0.061112 0.060418 -0.045841 0.183567 -0.028280 0.038125 -0.151413 -0.082813 -0.136461 -0.108158 0.057387 -0.077502 0.066279 -0.059173 -0.121232 0.008859 -0.086871 -0.092226 -0.137408 0.142593 -0.076641 -0.030021 0.007475 -0.026552 -0.225728 0.042666 -0.184011 -0.053847 -0.004664 -0.120627 -0.004286 0.124250 0.104783 -0.167780
-0.086054 -0.073790 0.029245 -0.090801 -0.094507 0.066851 -0.010458 -0.029071 0.131639 0.021268 0.073145 0.100959 -0.133855 0.018747 -0.099261 -0.073043 0.021039 0.007045 -0.037810 0.011392 -0.049099 -0.111760 0.069586 0.124009 0.001540 0.021114 -0.125034 -0.168336 -0.093964 -0.061146 -0.137686 -0.032380 -0.037327 0.008943 -0.026031 0.034073 -0.080342 -0.114509 -0.083396 -0.037786 -0.037173 -0.143220 0.006244 0.002641 -0.052985 0.117174 -0.019909 -0.057857 -0.073675 0.003937 0.068864 0.077944 0.034372 -0.074822 0.008423 -0.004994 0.006433 -0.027280 0.045005 0.068113 0.048608 -0.098677 -0.002360 0.080295 -0.052640 0.038934 0.168726 0.076730 0.103770 -0.011298 0.067157 0.093156 0.084956 -0.040690 0.125103 0.130330 0.040845 -0.126184 0.023081 -0.058120 -0.059224 -0.034301 -0.048920 0.050172 0.053914 0.017341 -0.032521 0.008235 0.123373 -0.106375 -0.144873 0.006789 0.022941 0.088750 0.113908 -0.010239 0.056568 0.056290 0.039069 0.061560 0.004609 -0.025887 0.002157 0.034661 -0.049549 -0.024775 0.017056 0.033398 -0.016969 0.057902 0.087283 -0.043862
0.078983 -0.028802 0.063150 0.068719 -0.159729 -0.044038 -0.089555 -0.020053 0.074443 0.005711 0.103406 -0.000097 -0.030816 0.040125 0.057218 -0.051123 0.101376 0.139505 -0.173212 -0.007309 0.047343 -0.062759 0.037033 -0.002510 -0.206519 0.026322 0.065411 -0.006966 0.177482 -0.140567 -0.069218 0.115156 0.053092 -0.098258 -0.058622 0.084211 -0.095616 0.195858 0.094845 0.053578 -0.060506 -0.067803 -0.074594 -0.118430 0.105223 0.050430 0.068787 0.072910 -0.050961 0.064982 0.075185 -0.058450 0.019156 -0.150883 -0.057283 -0.049148 0.018736 -0.082411 -0.021605 -0.090406 0.046520 0.017194 -0.000194 0.042907 0.118059 0.041036 0.181495 -0.132897 -0.081305 0.064841 0.053111 0.046142 0.039424 0.009132 -0.015214 0.080465 0.057700 -0.019473 0.110599 -0.034916 -0.011701 -0.111672 0.047875 -0.139386 -0.076344 0.069957 0.102395 -0.008741 -0.064600 -0.026251 -0.055327 -0.026515 -0.011924 -0.128475 -0.093538 -0.023960 -0.045790 0.108569 0.028836 -0.012776 -0.064704 0.012543 0.141920 0.013855 -0.013567 0.085136 0.135827 -0.001202 0.001934 0.092350 -0.002915 0.045164
-0.117238 -0.048335 -0.024173 -0.046613 0.073190 -0.156004 -0.088539 0.035950 0.016936 -0.043077 0.108554 -0.003290 -0.065632 0.020582 0.029992 -0.100667 -0.035852 -0.018135 -0.092417 0.070839 0.079088 0.011942 0.030313 0.076597 -0.012254 -0.105851 -0.072147 -0.111408 0.052955 -0.038393 -0.042786 0.108155 -0.134593 -0.015388 -0.083671 0.070171 0.002528 -0.002996 0.108821 -0.141956 -0.135484 0.123072 0.008209 0.024461 0.016790 0.035353 0.017949 -0.125923 -0.061634 0.025995 -0.031849 0.047831 0.045531 0.082144 0.163085 0.013337 0.135185 0.019857 -0.079215 -0.031508 -0.130773 0.014800 0.011823 0.095390 -0.074335 -0.099243 -0.080241 0.007940 0.004588 0.107523 0.033551 0.003077 0.020374 -0.016926 -0.109805 0.147350 -0.053838 -0.051690 0.087645 0.062432 -0.005332 -0.161830 0.031835 -0.135506 0.067576 -0.076650 -0.049013 0.077070 -0.025980 -0.023311 0.007888 0.113433 -0.022668 -0.026393 0.085886 0.062023 0.132355 -0.199899 0.092978 -0.030921 0.001277 -0.098570 0.047750 -0.086066 -0.115514 -0.049680 0.024359 -0.047349 0.025603 -0.026178 0.119382 -0.053869
-0.050271 -0.098253 0.037642 0.122795 -0.126169 -0.081851 -0.006698 -0.019490 0.032207 0.027482 -0.089811 0.021750 0.063940 0.014605 -0.053415 0.184960 0.044168 0.041565 -0.045635 -0.034247 -0.114752 0.033587 -0.132669 -0.062257 -0.038452 0.149025 -0.018630 -0.010319 0.005580 0.023314 0.009049 -0.039457 -0.034231 0.008653 -0.014340 -0.000567 -0.026998 0.076044 0.167561 0.106756 0.189383 -0.009219 0.186795 -0.070087 0.011691 -0.022934 0.003757 0.089881 -0.058840 -0.026375 0.077465 -0.049129 -0.099755 -0.033093 -0.022323 0.071510 0.131444 0.046921 -0.038347 0.052683 -0.039154 0.048497 0.067127 -0.007841 -0.013584 0.159624 -0.046599 0.049657 -0.039728 0.011247 -0.034280 0.033361 0.058509 -0.100817 0.153052 0.056775 0.057534 0.102813 -0.005814 0.073570 0.027642 -0.053312 0.020276 0.043904 0.014413 0.039321 0.147863 0.101872 0.050092 0.058699 -0.004146 -0.058787 -0.135455 0.095128 -0.013998 -0.156699 -0.053925 -0.028404 -0.054571 -0.187084 -0.019972 0.133116 0.293615 -0.048818 0.006317 0.081027 0.014924 0.026733 0.215757 -0.024702 -0.079218 -0.017688
-0.065403 -0.037741 0.056171 -0.012837 -0.018712 -0.037323 0.037090 -0.129841 -0.026800 0.110551 -0.057954 0.036387 -0.013625 -0.064237 -0.033385 0.082761 -0.040348 -0.005201 -0.057730 -0.132029 -0.113823 0.068649 -0.002376 -0.023385 -0.036194 0.036979 -0.103825 0.008155 0.121910 0.020693 0.111202 -0.034405 0.019859 0.018255 -0.037225 0.011238 -0.055967 -0.104309 0.109210 -0.069507 -0.119334 -0.094621 0.043387 -0.067644 -0.009986 -0.050472 -0.052610 -0.049054 0.058000 -0.132568 -0.145383 -0.009936 0.072199 0.109280 -0.042198 -0.017779 -0.050747 0.098520 -0.072401 -0.066451 0.081062 -0.099973 0.070655 0.086914 -0.029555 0.153140 0.063859 0.027003 0.044466 0.108305 -0.085208 -0.025109 0.004280 -0.037639 0.066658 0.095173 -0.061483 0.055245 -0.051321 0.070663 0.050936 0.138805 -0.133223 -0.010267 0.095772 0.015215 -0.002438 0.051116 0.059314 -0.063743 -0.024719 -0.131200 0.077229 -0.016423 -0.144682 0.118854 -0.008638 0.012816 -0.047884 0.024350 -0.077417 0.024172 0.069289 0.016006 0.012967 0.196613 -0.036628 -0.037161 0.047451 0.152355 0.013563 -0.009767
0.014672 0.008830 -0.097502 -0.039323 0.036055 -0.052634 -0.059778 0.132311 0.056057 -0.105026 0.017661 -0.029021 -0.106478 0.011776 0.021251 0.007121 0.070762 -0.023572 0.039610 -0.063498 0.019157 0.105839 -0.007689 -0.103869 -0.024250 -0.042951 -0.034532 -0.025748 -0.075381 0.016207 0.037399 0.047700 0.033469 0.078424 -0.138491 -0.035428 -0.070008 0.082211 0.066950 0.146211 0.034535 -0.019446 -0.003956 -0.062374 0.129303 0.060178 -0.066392 -0.091606 -0.025694 0.210529 -0.104978 -0.004552 0.085867 -0.149661 0.127005 -0.013071 0.136431 0.054899 0.046129 -0.021472 -0.084202 -0.007512 0.020151 0.093003 0.060615 -0.063094 -0.059779 0.062937 -0.132757 -0.092127 0.134801 -0.048005 -0.077753 0.013779 -0.006359 -0.150579 -0.084114 -0.114464 -0.027962 -0.061758 -0.255789 -0.027540 -0.033736 0.032032 0.027152 0.002086 0.068802 -0.007899 0.042646 0.077734 -0.028590 -0.075451 0.032020 0.072372 -0.059981 0.089735 -0.104511 -0.101773 0.110653 0.014103 -0.139596 0.100471 0.080046 0.031472 0.042650 0.028942 0.024235 -0.007072 -0.060296 -0.130119 0.080167 -0.108864
-0.017048 0.032565 0.070912 -0.060576 0.045829 0.014310 0.001422 -0.017804 -0.059825 0.101761 -0.134641 -0.030707 -0.019976 -0.121004 -0.100971 0.070518 -0.106497 -0.049324 0.251016 -0.027335 0.044058 -0.033508 0.040085 0.049300 -0.048609 -0.015076 -0.008619 0.053736 0.022042 0.065857 -0.077969 0.030267 0.029145 -0.174647 0.021966 0.021593 -0.101735 -0.063520 0.064670 0.152321 -0.007816 -0.071758 -0.007036 0.034859 0.048122 0.003560 -0.017919 -0.083207 -0.075114 0.022505 -0.051611 0.031543 0.010929 -0.083440 0.029775 -0.060264 0.050425 0.023173 -0.011990 -0.081262 0.004623 0.019858 0.057066 -0.089997 0.127037 -0.096731 -0.026280 -0.048347 -0.000219 0.137854 -0.102553 -0.040753 -0.062534 -0.091797 -0.159238 0.079814 -0.014615 -0.085173 -0.042056 0.003437 0.037589 0.009069 -0.012985 0.004988 0.201863 0.060512 -0.044078 -0.047939 -0.000388 -0.108239 -0.055101 -0.062092 -0.097170 0.165851 0.024274 0.047512 0.030362 0.050534 -0.048928 0.107228 -0.006066 0.002446 0.132247 0.063907 0.131572 -0.225046 -0.028629 0.040587 0.209767 0.059690 0.056299 -0.008348
0.024552 0.013773 0.080659 -0.062368 -0.038452 -0.003850 0.087763 -0.148581 -0.056346 0.014983 -0.005271 -0.092295 0.036207 -0.085329 -0.107169 0.057870 0.006502 0.102206 -0.036936 -0.141515 -0.096839 0.048909 -0.061526 -0.036666 -0.074148 -0.073264 0.044788 -0.012327 -0.009280 0.028158 -0.017956 0.196265 0.065425 -0.055020 -0.076654 0.088868 0.103044 0.015427 0.128999 -0.105121 -0.046255 0.169933 -0.001361 0.113933 -0.101189 -0.013514 -0.074081 0.048994 -0.039578 -0.079426 -0.009733 0.129607 0.125231 -0.175170 0.001531 0.040166 0.102805 0.073984 0.031145 0.035098 0.014215 -0.152381 0.056764 -0.022360 0.089650 0.100029 0.137970 -0.032466 -0.033521 -0.111485 -0.064714 -0.102506 0.049825 -0.110348 0.044955 -0.098643 -0.030018 0.083248 -0.077589 -0.082442 -0.021117 -0.207833 0.116786 0.025379 -0.161419 -0.028061 -0.149451 0.066368 0.021594 0.008521 0.116335 -0.038222 -0.073540 0.017836 -0.021704 -0.002135 -0.014182 0.007767 -0.027701 -0.054578 0.048935 0.065527 -0.097972 -0.039598 0.066576 0.018182 -0.069190 0.091955 0.081482 -0.036737 -0.003341 -0.029389
0.032920 -0.016764 -0.073825 -0.051772 0.095256 -0.068004 -0.121063 0.073347 -0.115090 -0.040747 -0.021312 0.003912 -0.019715 -0.156714 -0.021284 0.110386 0.030302 -0.101914 -0.119258 0.057524 -0.000301 -0.077054 -0.028210 0.040834 0.088380 -0.042863 -0.133897 -0.008109 -0.115238 0.066452 0.088569 -0.078900 0.119802 0.058312 -0.071847 0.090120 -0.012720 -0.199659 -0.003104 0.025434 -0.141144 -0.014133 0.038321 0.035934 -0.092792 0.114231 -0.026153 -0.080867 0.040286 -0.148100 -0.145640 -0.123369 -0.052006 -0.056110 -0.006532 0.007519 -0.001475 0.062542 0.035459 0.084990 0.040999 -0.073677 0.067429 0.128802 -0.054833 0.146446 -0.118235 0.032653 -0.004694 0.060198 -0.042978 0.031376 0.010527 -0.100378 0.001708 -0.047958 -0.005752 0.016738 -0.014985 0.049572 -0.027260 0.000486 0.059689 0.067624 -0.000352 -0.116765 -0.040323 -0.108214 -0.037147 0.107841 0.104163 -0.061660 -0.125842 -0.144176 -0.050119 -0.063896 -0.006663 0.044128 -0.020689 0.036081 0.067037 -0.103203 0.023490 -0.003877 0.028260 0.023202 -0.138498 -0.015783 0.057893 -0.045207 -0.065158 -0.086405
-0.144949 -0.020789 0.040973 0.057769 0.146948 0.079839 -0.040744 -0.042114 0.032655 0.102461 -0.088114 0.095548 0.070199 -0.079873 -0.026411 -0.049482 0.036229 0.022993 -0.056114 -0.047049 0.008703 0.063551 -0.042269 -0.079731 0.058342 -0.029231 -0.129521 0.037675 0.066995 -0.108558 -0.102051 -0.138664 -0.033157 0.025747 0.072044 -0.049444 -0.071157 -0.078954 0.135924 -0.028633 0.096990 -0.045374 -0.087849 -0.055985 0.090527 0.071536 0.052283 0.026814 -0.032932 -0.121062 -0.007147 -0.053427 0.223740 -0.084258 0.051277 -0.014842 -0.022911 -0.011170 -0.014305 -0.116965 -0.072598 0.089745 0.001016 -0.062690 0.046171 -0.030395 -0.056868 0.071401 -0.118282 0.052688 -0.082876 -0.039927 -0.024065 -0.067637 -0.045225 -0.067645 -0.009143 0.036929 0.009336 -0.040808 0.070034 0.061955 0.083104 -0.025206 -0.024242 0.047616 0.021898 0.021842 0.107899 0.018701 -0.060754 -0.102045 -0.082923 -0.246841 -0.028102 -0.055724 -0.086859 0.050832 -0.065447 -0.121730 -0.069717 -0.069611 0.142300 -0.069989 0.060741 0.038563 0.121047 -0.070489 -0.047098 0.082851 0.029381 -0.009614
-0.220225 -0.050317 0.088305 0.073748 -0.061875 0.000389 -0.032480 -0.047928 -0.074029 0.032248 -0.003118 0.009599 -0.099973 -0.049871 -0.082075 -0.061992 0.018923 -0.041942 0.023980 0.079320 -0.061287 -0.062313 -0.089473 0.101016 0.069689 0.053755 -0.008764 -0.025143 0.104683 -0.038771 0.000663 -0.037992 0.034967 -0.066553 -0.000898 0.105829 -0.090768 -0.000372 0.029551 0.011394 0.016807 0.102577 0.049002 0.007835 -0.076039 -0.023712 0.019091 0.006168 -0.042753 0.086399 0.105492 -0.075434 -0.048996 -0.016616 0.056716 -0.107823 -0.004335 -0.023827 -0.016363 -0.081774 -0.007371 -0.034581 -0.064354 0.063741 -0.028176 0.030661 0.019027 0.098410 -0.062866 -0.075255 0.136487 0.016999 0.075214 0.018541 -0.085616 -0.039040 -0.114166 0.053278 0.001030 -0.023238 -0.073398 -0.040536 -0.097045 0.010989 -0.167040 -0.035780 0.122784 0.081142 0.068814 -0.055886 -0.020900 -0.054753 0.034448 -0.207799 -0.082335 -0.046232 0.068420 -0.082919 -0.048775 -0.055022 0.126117 0.088391 -0.022465 0.017820 -0.060333 -0.043756 -0.086300 -0.170870 0.017649 0.127153 0.115043 -0.046928
-0.037775 0.101177 -0.023102 0.016196 -0.033154 0.065897 0.076873 0.022508 0.047022 -0.104675 0.081929 -0.079165 -0.027924 -0.048705 -0.164037 0.176900 0.026161 0.016795 -0.010916 0.023118 0.131530 -0.103723 0.050131 0.040803 -0.019549 0.033089 0.032286 -0.016088 -0.126757 -0.120452 -0.023618 -0.056855 -0.039391 0.002720 0.039007 0.187375 0.029223 0.022226 -0.124713 -0.093765 -0.049621 0.120796 -0.050474 0.092249 -0.075696 0.117300 -0.108803 0.023814 0.038146 0.112802 0.030278 0.073505 0.086061 0.161999 0.056562 -0.018570 0.095786 0.061244 -0.097762 0.007191 0.120088 0.059118 -0.048102 -0.132123 -0.102561 0.032303 -0.001854 -0.017137 0.019680 0.083487 0.085412 0.087576 -0.134766 0.019220 -0.098239 0.060763 0.046181 0.097453 0.002696 -0.043872 0.017325 0.052947 0.037327 -0.020940 -0.045002 0.027858 0.023146 0.002226 -0.094336 0.164152 -0.001024 0.018059 -0.147930 -0.062390 -0.082001 -0.038012 -0.105964 -0.092630 0.006636 -0.085077 0.050910 0.001658 -0.067064 0.049304 -0.111153 0.009236 0.049675 0.009471 -0.108471 0.107376 -0.026263 -0.018469
-0.014136 -0.009321 -0.135395 0.044908 -0.032131 0.064847 -0.061594 -0.146926 0.018608 -0.000798 -0.188878 0.139375 0.037532 -0.004549 -0.089813 0.073466 0.027295 0.048806 -0.019936 -0.059538 -0.088022 -0.056167 -0.052983 -0.133019 0.017319 -0.043643 -0.020131 0.034701 -0.187939 0.129078 -0.052143 -0.077794 -0.035770 -0.208087 0.006372 -0.064905 -0.036381 0.183383 -0.012384 -0.115962 0.048550 0.049556 -0.025539 0.060889 -0.177717 -0.134595 0.062705 0.113330 0.054440 0.061198 -0.039816 -0.046449 -0.139016 -0.008642 0.087647 0.013386 -0.096437 -0.042603 0.046840 -0.009307 -0.058182 -0.053649 0.062579 -0.005848 -0.077559 -0.044545 -0.012912 0.068926 0.029192 0.168037 0.014270 -0.018046 -0.006555 -0.048284 -0.091275 0.074116 0.009015 0.101587 -0.009812 -0.086999 0.092998 -0.088505 -0.078052 -0.009959 -0.043911 0.022253 0.035851 0.103350 0.015407 -0.021088 -0.003980 -0.022688 -0.048774 0.091470 0.058475 -0.028041 0.003797 -0.170373 -0.097726 -0.003682 -0.095201 0.046329 -0.026809 0.026144 -0.029207 -0.036223 -0.037513 -0.051793 0.046846 -0.099581 -0.130535 0.005627
-0.086335 0.016019 0.008890 0.033095 -0.013322 0.000852 -0.038064 -0.050663 -0.065057 -0.174980 -0.145576 -0.109610 -0.009817 -0.092564 -0.053705 0.004486 -0.110123 -0.005097 0.009562 -0.042462 -0.006637 -0.025453 -0.079492 -0.090154 -0.014628 0.058252 -0.081412 -0.025301 -0.012938 -0.066572 -0.099547 -0.025080 -0.017334 -0.010061 -0.022169 0.063136 0.049594 0.087186 -0.086283 -0.016634 -0.041029 -0.044000 -0.039622 -0.091929 -0.197341 -0.023123 0.000941 0.022284 0.007200 0.078093 -0.053224 -0.091199 -0.057031 -0.049311 0.040496 -0.084397 -0.099550 -0.010482 -0.033970 0.109608 0.015784 -0.237730 -0.109785 0.037778 -0.082491 0.151212 -0.027472 0.065228 0.079178 0.118889 -0.044308 -0.044966 0.064292 0.083957 -0.047049 -0.034781 -0.050829 -0.055148 -0.128447 0.074885 -0.124900 0.054772 -0.124214 -0.059228 -0.041370 0.017922 0.047524 -0.196130 -0.105443 -0.025649 0.048641 0.010052 0.018622 0.067149 -0.210388 -0.098507 -0.022534 -0.145892 0.006755 0.061255 0.030396 0.020013 0.040061 0.028400 0.026578 -0.118632 0.013069 0.015107 -0.079598 -0.101548 -0.057617 -0.052901
-0.045939 -0.033791 0.099871 -0.063475 0.046467 -0.111306 0.020944 0.025990 0.013560 -0.126364 -0.117764 0.058244 -0.021394 0.013306 -0.094980 0.016621 -0.015797 0.068102 -0.024221 -0.124554 -0.099927 0.124883 -0.039369 -0.023394 0.032251 0.028592 -0.089948 0.118562 0.017799 0.132155 -0.024184 -0.109836 -0.087475 -0.054007 0.143037 0.009346 0.003719 0.151492 -0.060479 0.023277 -0.035886 -0.029998 -0.014803 -0.033174 0.084390 0.046764 0.064099 0.115672 0.051706 0.121517 0.015214 0.003935 -0.138300 -0.150407 0.081868 -0.000381 0.040574 -0.128273 0.021439 -0.224296 0.092379 0.065778 -0.187542 0.140465 -0.124636 -0.011019 -0.019240 -0.003382 -0.055105 0.164392 -0.058428 0.049351 0.075433 -0.088657 -0.015156 -0.042320 0.051342 0.041843 -0.101429 -0.036500 0.103863 -0.009245 -0.014787 -0.073832 -0.097792 -0.093632 0.101890 -0.074009 -0.036404 0.003784 0.018207 -0.057640 0.010339 0.015773 -0.143320 -0.061878 0.185156 0.016034 -0.132465 0.033282 0.041278 -0.035066 0.077599 0.008069 0.100703 -0.011134 -0.083636 -0.108423 0.013477 -0.000904 -0.077095 0.000960
-0.004626 -0.040349 0.040521 -0.052535 -0.025008 0.013643 -0.014739 -0.027670 -0.121399 -0.069214 -0.057096 0.024393 -0.061509 -0.099406 -0.100488 -0.094941 -0.043118 0.079266 -0.053604 -0.020706 -0.076012 -0.041004 -0.092056 -0.044880 0.036759 0.017812 -0.008843 -0.013817 0.086703 -0.117791 0.212347 -0.035059 -0.004544 0.059314 0.210740 0.038815 0.158402 0.126734 -0.040252 -0.073016 0.019047 -0.004923 0.001912 -0.059245 -0.007869 0.056108 -0.001235 -0.103564 -0.156703 0.003516 -0.058737 0.079336 -0.076496 0.060764 -0.024656 -0.003980 0.003705 0.074843 -0.130203 0.110873 -0.050489 -0.155500 -0.022023 0.056452 0.105715 0.121094 0.180447 0.117889 0.082348 0.073922 -0.097445 -0.106745 0.113810 0.047926 0.031081 -0.000749 -0.025826 -0.072723 -0.140259 -0.035036 -0.127588 -0.056721 -0.128639 0.085427 0.034676 -0.007548 0.002631 -0.006721 -0.015247 -0.066404 -0.024633 -0.007253 -0.112643 -0.095343 0.008337 0.099971 0.036598 0.034363 -0.040885 0.091182 -0.007844 0.051390 0.096288 0.044243 0.013784 -0.059348 0.040677 0.067372 -0.082591 -0.039458 -0.040148 0.100573
-0.010275 -0.022570 -0.111610 0.043390 0.027175 -0.000205 -0.015962 0.008752 0.038053 0.054887 -0.115680 0.060771 0.111657 0.044793 -0.006310 0.046050 0.005056 0.077681 0.033754 -0.093308 -0.013231 0.003370 -0.088483 0.159685 -0.101117 0.022383 -0.167770 0.041300 0.120065 -0.013501 -0.048619 0.037639 -0.137192 -0.044755 0.103904 -0.030828 -0.015294 0.154201 0.022595 0.049035 -0.080238 -0.135792 -0.060404 -0.003104 -0.054439 -0.126540 0.024121 0.070081 0.016177 0.168441 -0.004868 -0.057448 -0.084299 0.020391 -0.103711 0.039828 -0.098856 0.038836 -0.004047 0.037298 0.021052 -0.069235 -0.027393 -0.079235 0.056186 -0.055434 -0.051005 -0.033462 0.003044 0.191425 -0.030408 -0.006974 -0.034222 0.146753 -0.178157 -0.166285 0.043565 -0.010092 -0.061313 0.030184 0.099904 -0.022952 0.025572 -0.022579 0.056984 -0.016860 0.044912 0.020692 -0.131181 0.069996 -0.030454 -0.063689 0.033057 -0.067555 -0.058481 -0.021007 -0.035844 0.112667 -0.082248 -0.047471 0.210413 0.007826 -0.028767 0.072104 -0.110582 0.007679 0.146239 0.048013 0.001475 0.072546 -0.008231 -0.032460
-0.001417 -0.045235 0.018464 0.042250 -0.000535 -0.035478 0.062216 0.028165 0.006867 0.144564 -0.119577 0.039622 0.116583 -0.072700 0.059515 -0.135996 0.168111 0.013829 -0.079998 0.027112 0.226437 -0.007435 0.017627 -0.059787 0.039649 0.010958 -0.049724 -0.062368 0.056543 0.014096 -0.004858 -0.065681 -0.037654 -0.036918 0.039304 -0.116883 -0.052707 0.115537 -0.040280 -0.001160 -0.044716 0.042099 0.002811 -0.164776 -0.062980 -0.073194 0.050928 0.023775 -0.021335 -0.010850 -0.082409 -0.115955 -0.206776 -0.041543 -0.043684 -0.082800 -0.031897 -0.019747 -0.166010 -0.039192 0.105195 -0.012793 0.031609 -0.035074 -0.100564 -0.058555 0.058774 0.016696 -0.061683 0.009572 -0.002292 -0.074427 -0.111762 -0.083672 -0.088482 -0.001748 -0.087999 0.154378 -0.008491 -0.113996 -0.078142 0.035107 0.044390 -0.048684 -0.111382 0.003862 0.010455 -0.018933 -0.054652 0.043874 -0.075543 -0.004789 0.003102 -0.117401 -0.206379 -0.043044 0.094529 0.065944 0.044346 -0.047170 0.003563 -0.063869 -0.015968 -0.119073 -0.134800 -0.068982 0.054822 -0.047115 -0.005275 -0.131543 -0.036236 -0.008132
-0.029365 0.100159 -0.050963 0.064431 0.028687 -0.010378 0.009687 0.071333 0.008308 -0.067770 -0.049540 -0.058640 -0.044491 0.006757 -0.053244 -0.124806 0.074339 0.067057 -0.062035 -0.074621 -0.115628 0.067720 -0.045350 -0.127773 0.018525 0.118427 -0.027837 -0.004124 -0.035066 0.127667 -0.076660 0.045954 -0.032166 -0.133302 0.051749 0.009560 -0.163586 0.127010 -0.048496 0.071824 0.055774 0.047853 0.156430 -0.006296 0.087772 -0.064423 0.065981 0.169851 -0.072270 0.098433 0.055753 0.030922 0.001001 0.052887 0.068574 -0.043867 -0.149941 -0.146391 -0.161855 -0.053932 -0.031909 0.066771 0.032612 -0.175981 0.067689 -0.048210 -0.032630 -0.012336 0.061230 0.057568 -0.023475 0.088778 -0.035389 -0.126384 -0.027266 0.036138 0.032373 0.164594 -0.023804 -0.027771 0.008084 0.074167 0.144486 0.034404 -0.057621 0.072256 0.006281 -0.080357 -0.038778 -0.141418 -0.047307 -0.188121 -0.069134 -0.020635 0.034256 -0.005405 0.059642 -0.070777 -0.020260 -0.035595 -0.143692 -0.099303 0.046899 0.085200 0.051706 0.137079 -0.039435 -0.193202 -0.063969 0.055822 -0.057275 -0.053566
0.099422 0.024580 -0.004812 -0.132049 0.041182 -0.015141 -0.036387 0.090718 -0.078769 0.110861 0.130282 -0.071656 0.068133 -0.045362 -0.010562 -0.051819 -0.021869 0.053916 0.168298 -0.028353 0.113301 0.003390 -0.009955 -0.061662 -0.127058 0.038542 0.065106 0.023930 0.036966 0.076218 0.040755 -0.033872 -0.093602 -0.115710 0.087015 0.035725 -0.032045 0.080584 0.043334 0.053339 0.043522 -0.087118 -0.035411 0.089361 0.040434 0.007231 -0.071120 -0.107030 0.061841 0.201744 0.042177 0.164386 0.015048 -0.012772 -0.149249 0.088496 0.078902 -0.017350 -0.034512 0.105115 0.048474 -0.064142 -0.037899 0.020298 -0.111069 -0.030642 -0.037299 0.109032 -0.020680 -0.189837 0.045745 0.011843 0.053196 -0.029357 -0.048728 0.006948 -0.007211 -0.088818 0.006569 0.028622 0.056904 0.073768 -0.021482 0.060901 -0.080953 0.102651 -0.041441 0.001114 0.042700 -0.009081 -0.066826 0.129550 0.011037 0.089618 0.002668 -0.055715 0.046534 0.075477 -0.017449 -0.035169 0.002693 -0.044628 0.030474 -0.025096 -0.030467 0.134922 0.238425 -0.019499 -0.023336 0.117572 -0.014678 -0.000632
0.077171 -0.044054 -0.103196 0.055704 -0.098783 0.035575 -0.163563 -0.118499 -0.006553 -0.082036 -0.005462 -0.140359 0.078687 -0.039258 -0.158614 0.079939 -0.052552 0.073936 -0.095971 -0.073951 0.055952 -0.095428 -0.136038 0.118158 -0.014284 -0.083519 0.050670 -0.000241 -0.115377 -0.025274 -0.035008 0.051100 -0.000030 -0.151926 -0.015076 -0.008911 -0.087744 0.077950 0.075472 -0.071436 0.013834 0.020423 0.013965 0.045665 0.079151 0.021241 -0.036344 0.099312 -0.030675 0.107618 -0.153077 0.044021 0.016822 0.043740 -0.064717 0.005534 -0.025343 -0.094699 0.065994 -0.083838 0.104380 -0.050594 0.056462 0.097015 0.036417 -0.066030 0.012331 0.132033 -0.122615 0.084814 -0.049621 0.018019 0.034190 -0.023687 -0.096888 0.035790 0.005829 -0.063087 -0.037989 0.029325 0.048618 0.004647 0.024244 -0.116509 -0.071890 0.042518 -0.031935 -0.109036 -0.063343 0.048322 -0.065591 0.012186 -0.021790 0.061561 -0.016171 -0.034725 0.110719 -0.038434 -0.031849 -0.114841 0.002384 -0.003794 -0.036512 0.040827 -0.062992 0.007455 0.010325 -0.060930 -0.070237 -0.025881 0.051943 -0.157590
0.013229 0.079172 -0.039956 0.000112 0.060690 -0.006033 0.010906 -0.164176 -0.106155 -0.085053 -0.135038 -0.009468 0.088956 0.070600 -0.082599 -0.035140 -0.097994 -0.049098 0.030693 -0.031948 -0.090494 0.074004 -0.049126 0.041776 -0.110847 -0.085689 -0.114874 0.053937 -0.119940 -0.029696 0.037446 0.078254 -0.184182 0.032414 0.048742 -0.199230 -0.127130 0.053351 -0.087636 -0.049493 0.124788 -0.026328 0.033281 0.168194 0.022065 0.009693 -0.076883 -0.016609 -0.107812 0.011022 -0.023875 -0.129654 0.038326 0.003838 -0.123748 -0.047582 0.016075 0.054863 -0.090028 -0.031801 0.031598 -0.154976 -0.026187 -0.000044 -0.118647 0.021144 0.010840 -0.055123 -0.090771 -0.030522 -0.071369 -0.037701 -0.208401 -0.065682 0.014260 -0.058405 -0.010307 0.037841 -0.051448 -0.097383 -0.059920 -0.013822 -0.087173 0.040616 0.041965 0.093781 -0.002257 0.005027 -0.113962 -0.038198 -0.018628 -0.060153 -0.091307 -0.035253 0.159229 -0.033647 -0.012413 0.082782 0.080788 -0.109356 -0.015995 0.111323 0.086811 -0.020058 -0.152426 -0.043399 -0.050163 0.130232 -0.010658 -0.041774 0.051495 -0.044234
0.015786 0.133631 0.016972 0.027041 -0.028461 0.060610 -0.060381 -0.095059 -0.101796 -0.085871 -0.074583 0.005930 0.070508 -0.069518 -0.122582 0.037384 0.000289 0.021487 0.060013 -0.050814 -0.015147 0.013630 0.042704 0.051890 -0.031819 0.128074 0.004569 -0.002621 0.013770 -0.077749 0.014895 -0.110058 -0.097864 -0.120633 0.032476 0.004397 0.031075 0.119644 -0.098977 -0.031062 0.043450 -0.053264 -0.039695 -0.153078 -0.006976 0.010626 0.058655 0.028685 -0.097989 0.205829 0.025037 0.008460 -0.128808 -0.057079 0.075612 0.048338 0.107828 -0.055107 -0.099553 -0.047038 -0.039746 -0.145830 0.090444 0.029268 0.079425 -0.052723 -0.121759 -0.123486 -0.001383 -0.003550 0.037101 -0.029863 -0.118720 0.002154 -0.052598 0.094951 -0.023338 -0.102001 -0.009105 -0.038276 -0.075893 -0.013773 0.104765 -0.021441 0.123065 0.023888 0.024682 -0.036165 0.098426 -0.000041 -0.048513 0.033136 -0.012806 -0.053675 0.108117 -0.069567 0.121504 -0.129087 0.034923 0.124404 0.055388 -0.110746 0.072010 -0.024036 -0.074250 -0.132214 0.149958 0.053190 -0.041317 0.100588 0.038428 0.010895
-0.069514 0.043878 -0.024475 -0.010327 -0.022725 0.126144 0.035601 -0.055037 -0.104075 -0.015756 0.006525 0.042912 -0.106174 -0.112156 -0.128768 -0.016708 0.092531 0.096355 0.117019 0.069925 -0.009798 0.094511 -0.034578 -0.077528 -0.093291 -0.030037 -0.088976 0.029226 -0.171094 0.038584 -0.050958 0.087884 0.033699 -0.065163 0.152557 -0.033576 0.028426 0.091235 -0.063362 0.193211 -0.082202 -0.066738 -0.023821 0.082736 -0.000562 0.072042 0.075236 -0.190463 -0.093382 0.073740 0.019893 0.067696 0.095015 -0.110116 0.117728 0.107104 -0.070774 -0.058544 -0.135776 0.047629 0.104690 -0.004516 0.010199 -0.078726 -0.120639 0.052852 -0.058109 0.004859 0.007602 -0.140242 -0.043518 -0.011998 -0.045017 -0.022569 -0.029754 0.139857 -0.012519 0.042740 0.032681 0.054320 0.075327 -0.023349 0.034166 0.051796 0.031299 0.080661 0.034497 0.006410 0.134600 -0.030717 -0.082205 0.143502 0.026734 -0.075408 -0.030418 -0.043775 -0.017333 0.024275 -0.031700 -0.064239 0.088985 -0.025472 -0.000660 0.060980 0.065678 0.058669 0.089379 -0.031923 -0.007503 0.004412 -0.039977 0.052134
0.061791 -0.068611 -0.044183 0.021315 -0.073278 0.124613 -0.003478 -0.145606 0.026745 -0.062862 -0.031497 -0.057157 0.118234 -0.101138 -0.012978 -0.136373 -0.053801 0.107104 0.042544 0.005378 -0.194319 -0.065865 -0.055092 -0.072407 0.001035 -0.041120 0.066129 0.133877 -0.029412 -0.113568 0.027605 -0.019050 -0.025018 -0.163698 0.055250 0.065140 -0.002864 0.129583 -0.076896 -0.032830 0.021855 -0.040184 0.045164 0.077970 -0.099005 -0.067550 0.023441 0.094869 0.091470 0.148123 0.041858 -0.001611 -0.058360 0.122129 -0.071904 0.008405 0.005996 -0.045258 -0.071759 -0.019117 -0.076432 -0.109677 0.031341 -0.125363 0.042886 -0.062511 -0.023983 -0.018390 0.003845 -0.098996 -0.088759 -0.084130 0.011074 -0.073163 0.018410 0.006692 -0.028753 0.066409 -0.041368 0.083942 -0.057053 0.048989 -0.109035 0.010163 0.037900 0.020338 0.045633 0.056598 0.011106 -0.107476 0.046125 0.005439 -0.072868 -0.063879 0.023821 -0.120364 0.017962 -0.021754 -0.008699 0.192353 -0.055382 0.113426 0.069490 0.044804 -0.043987 -0.234005 -0.123210 0.059596 -0.021440 0.049217 -0.099441 -0.078440
0.041549 -0.097669 0.043064 -0.010736 0.039183 0.014179 -0.127098 -0.059917 -0.056407 -0.134924 -0.194565 -0.031045 0.071569 -0.021459 0.034226 0.007353 0.029653 -0.044732 0.010381 0.015018 -0.010001 0.012617 -0.140474 -0.007562 -0.076512 -0.119586 0.083110 0.011041 0.132556 -0.036163 -0.055261 -0.040735 -0.075982 0.010106 -0.127303 -0.073216 0.002762 0.088855 0.086663 -0.084383 -0.049018 -0.120988 0.047300 -0.141321 -0.058480 0.087533 -0.014578 -0.043037 -0.076014 0.067433 -0.063531 -0.005691 -0.062807 -0.094312 -0.080746 -0.062065 0.048341 -0.073189 0.060357 -0.014154 0.004338 -0.002535 -0.017869 -0.097579 -0.014829 -0.017236 -0.018095 -0.029369 -0.086731 -0.023699 0.020283 -0.062481 0.113767 0.033244 0.015278 -0.013630 0.010829 -0.129895 0.009674 -0.028477 -0.009702 -0.049651 0.030819 -0.026167 0.000695 0.100854 -0.035109 -0.061243 0.018083 -0.039212 0.005685 0.037053 0.116085 -0.042712 -0.028441 -0.075012 -0.007462 -0.108259 0.089400 -0.067275 -0.180067 0.107654 0.052474 -0.037442 -0.048051 0.078230 -0.040597 0.072811 -0.069907 -0.089345 0.010300 0.017077
-0.010882 -0.101740 -0.131878 0.041195 -0.001554 -0.011983 -0.016526 -0.069205 0.074217 -0.032727 -0.082403 0.090240 0.012240 0.032071 -0.149949 -0.043416 -0.007092 0.111524 0.040873 -0.056821 0.015322 -0.040560 -0.041187 0.076616 0.134510 0.002650 -0.037451 0.045207 0.003175 0.108319 -0.004240 -0.009972 -0.024327 -0.031978 0.111089 -0.190392 -0.052906 0.214793 -0.013884 0.069104 0.098492 -0.090488 -0.183431 -0.030232 -0.082915 0.049315 0.036206 0.051594 -0.090445 0.206688 0.107462 0.055253 0.128327 -0.035612 -0.119213 -0.028824 0.067617 0.013033 0.108560 0.012963 -0.064322 0.101696 -0.044754 -0.024086 0.136746 -0.043054 0.183955 0.022368 0.028358 -0.040364 0.060082 0.026876 0.062701 0.004225 -0.164203 0.013788 0.094835 -0.029230 0.053198 -0.060356 0.068160 -0.013377 0.080398 0.060971 -0.050183 0.135075 0.095835 -0.143711 0.035370 -0.006707 -0.108606 -0.028744 0.031017 -0.055450 -0.026894 0.048309 0.115700 -0.080825 0.043170 0.077336 0.019537 -0.102845 0.164085 0.034693 -0.175788 -0.042433 -0.077080 -0.036751 -0.003276 0.012897 -0.094598 -0.112105
-0.116770 -0.070403 0.082424 0.001349 0.052963 0.088383 0.069409 0.019258 0.020556 -0.070363 0.098860 -0.128624 0.025738 0.026506 0.023458 -0.044731 -0.003002 -0.012044 -0.065417 0.003414 -0.065111 -0.077064 -0.064563 -0.002050 -0.075093 0.022640 0.138406 0.057026 0.048975 0.045582 0.002595 0.063798 -0.012131 0.082479 0.066193 -0.084144 0.050579 0.118589 -0.165202 -0.028409 -0.036435 -0.001220 -0.036678 0.021315 -0.047179 0.026322 -0.050591 -0.075740 -0.029762 0.080604 -0.007025 0.007982 -0.055875 0.036795 0.012064 -0.072017 0.005404 -0.065385 -0.014869 0.032862 0.011381 0.057556 -0.130414 0.028078 0.016131 0.085179 0.011222 0.216998 0.064889 0.073377 0.093130 -0.022875 -0.024279 0.099129 -0.069490 -0.083423 -0.053161 -0.134254 0.063416 -0.073694 -0.050682 -0.083465 0.042195 0.026113 -0.116981 -0.083012 0.117510 0.115644 -0.015033 0.039950 0.160714 0.030313 -0.049396 -0.133320 -0.023817 0.020333 -0.040936 0.080195 0.065291 -0.012478 -0.073428 -0.054727 -0.110097 0.005884 0.090850 -0.137866 0.068911 -0.002956 0.072102 -0.053645 0.024811 0.097778
0.125305 -0.082959 -0.056552 0.116881 -0.103966 -0.147526 0.073908 0.026680 -0.113957 0.038238 0.064836 0.011699 0.085737 0.014979 0.072189 0.088967 -0.207335 -0.024544 0.039883 -0.017391 0.067597 -0.003435 0.001263 -0.078548 0.050626 0.060017 0.180142 0.082560 0.064521 -0.010269 -0.038067 -0.018486 -0.115716 0.071998 -0.072066 0.091766 0.033456 0.041180 -0.069507 -0.065464 -0.003617 -0.028758 0.052788 -0.051549 0.005908 0.002732 0.002546 -0.013867 -0.119611 0.105297 -0.068510 -0.083242 0.000894 -0.011982 -0.121690 -0.037288 -0.044815 0.099414 0.069352 0.011388 -0.099920 -0.113389 -0.068480 -0.069183 0.024377 0.068058 -0.107833 0.011585 -0.036026 0.015731 -0.014628 -0.057188 0.006020 -0.027925 -0.108763 0.023237 -0.093176 -0.101237 0.025142 -0.035372 0.022841 0.079932 0.042432 0.051542 0.148734 0.024383 -0.057323 0.113489 -0.121253 -0.137797 0.085094 -0.068839 -0.085163 -0.071505 -0.030408 0.074475 0.027027 0.073688 0.140711 -0.057499 -0.021945 0.043238 -0.179219 0.151315 -0.061745 0.179312 -0.026222 0.089607 -0.013591 -0.072598 -0.007582 -0.006851
0.008311 -0.041066 -0.045483 -0.051204 -0.141773 -0.051724 0.066333 -0.080209 -0.125845 -0.071184 -0.085835 -0.123614 0.072287 -0.077152 -0.042486 -0.089293 -0.109384 -0.021203 0.029490 -0.090858 -0.128101 -0.066064 -0.027505 -0.128146 0.065593 0.029204 0.044467 -0.073393 0.009382 -0.060129 -0.186893 -0.043589 -0.051142 -0.005769 -0.136011 0.071017 -0.080751 0.038417 0.004160 0.010257 -0.038101 0.031945 0.073143 -0.005002 0.123140 0.035779 0.045122 -0.084892 -0.059839 -0.075943 -0.049024 0.076923 -0.160538 -0.059685 0.075598 -0.032511 -0.130887 -0.090584 0.062890 -0.169923 0.037673 -0.107153 0.043398 -0.010239 -0.100383 -0.123684 0.011349 0.047637 -0.069542 -0.031993 -0.105306 -0.122725 0.061369 0.026439 -0.164783 -0.041207 -0.054530 -0.051158 -0.089686 0.023728 -0.017555 -0.139129 -0.029256 -0.086732 -0.057379 0.018591 0.015928 -0.252333 -0.127848 -0.022558 -0.051883 -0.022874 0.041033 -0.098052 -0.013903 -0.151651 -0.002660 -0.098854 0.089143 0.040804 -0.007697 -0.072394 0.090627 -0.050329 0.145742 0.023844 -0.029128 -0.139952 -0.110437 -0.005700 -0.118117 -0.025368
-0.202843 0.093298 0.003413 -0.131053 0.035898 0.095812 -0.046542 -0.103140 0.147994 0.004050 0.006634 -0.054022 -0.057672 0.031398 -0.001445 0.003784 0.040245 0.022321 0.071413 -0.094809 -0.029204 0.154963 -0.004659 0.054363 0.059377 0.167923 0.082787 0.063402 -0.087743 -0.164725 0.075375 0.147390 -0.090706 -0.107617 0.051669 0.015568 -0.029302 0.075387 -0.077183 0.022321 -0.056272 0.113579 0.016086 -0.109364 0.028148 0.035594 0.137620 -0.039876 0.025245 0.191742 0.071646 -0.013233 -0.018886 -0.158366 -0.053575 0.053810 0.047950 0.030343 0.012678 0.007918 -0.004990 0.087345 0.024816 0.025649 -0.019081 0.139782 0.081887 -0.089182 0.067215 0.070123 0.003875 -0.230644 -0.102248 -0.036997 -0.072297 -0.158677 -0.079442 -0.101523 0.019106 -0.041457 -0.017589 0.058236 0.003581 0.086768 0.014967 0.008002 0.171205 -0.047349 0.007201 -0.112410 0.030116 -0.032572 -0.033569 0.016144 0.038455 -0.043795 0.017144 0.013258 -0.011328 -0.031598 -0.043156 0.055684 -0.012306 0.056021 -0.051255 0.089374 0.061694 0.047099 -0.053805 0.040156 0.010650 -0.035673
-0.007312 0.044377 0.041564 0.008639 -0.056441 -0.033763 -0.120371 0.068999 -0.146972 -0.015069 0.026035 -0.141142 -0.000569 0.010967 -0.015502 0.085252 0.003954 -0.043926 -0.000783 -0.091857 0.021726 -0.046627 0.030125 0.065129 -0.006852 -0.064583 -0.035784 0.008472 0.025081 -0.018417 -0.001347 -0.069885 -0.092491 -0.115435 0.067100 -0.003126 -0.001706 -0.053186 0.065955 0.189105 -0.099756 -0.039265 0.083146 -0.030377 0.114632 0.104460 0.030008 -0.004166 0.026774 0.019272 0.052928 0.115853 -0.000746 0.036771 -0.210929 0.000061 -0.016528 0.053923 -0.178451 0.092947 -0.068240 -0.128451 -0.052869 -0.024933 -0.054913 0.008754 -0.128820 0.160856 -0.023491 0.029071 0.055595 -0.173824 -0.080975 0.025637 0.006775 0.022939 -0.067068 0.027604 0.029563 -0.061109 -0.038224 -0.008100 0.081313 0.071439 0.028869 0.011053 0.012951 0.033715 0.097396 -0.145718 0.037642 0.033026 -0.146472 -0.034048 -0.031931 0.006167 -0.040435 -0.121472 -0.008244 -0.097822 -0.040585 0.009028 -0.040139 -0.053247 0.022305 -0.069204 0.154584 -0.022333 -0.034309 -0.151981 -0.067922 -0.045796
0.095171 -0.064824 -0.073412 0.049492 -0.000685 0.062764 -0.003911 0.112986 -0.046163 0.020432 -0.085222 0.085719 0.138006 0.016378 -0.019369 0.069218 -0.031153 -0.038488 -0.083816 0.040348 0.107029 -0.067198 -0.016111 -0.082084 -0.015706 -0.040471 0.039567 -0.012890 -0.043304 0.098207 0.019783 0.016644 -0.090384 -0.016482 0.032341 -0.089494 0.017037 -0.087059 -0.064989 -0.088868 -0.000039 0.098302 -0.035387 -0.053691 -0.050024 -0.030651 -0.060351 0.123864 -0.097554 -0.155347 0.015027 0.063470 -0.000856 0.079303 0.094314 0.005597 -0.148503 0.077226 0.142519 0.012984 0.118777 0.061931 -0.107227 0.039772 0.123196 -0.022391 -0.020481 0.024153 -0.067703 0.106363 -0.186585 0.098708 -0.047130 0.050195 0.023197 0.105382 0.013176 0.152935 0.025244 -0.117213 0.026925 -0.032730 0.195213 0.054763 0.016182 -0.085793 0.059204 -0.093174 -0.087911 0.145720 -0.123077 0.122877 0.017613 0.009102 0.015361 -0.069783 0.019053 -0.041210 0.058745 -0.065652 0.026215 -0.083791 0.049724 0.022528 0.115019 -0.010042 0.011820 0.060695 -0.075553 -0.099150 0.133560 0.036389
0.059920 0.061000 -0.075008 -0.076052 -0.001271 0.026983 -0.034394 -0.134280 0.052380 0.013923 0.012842 0.138763 0.097942 -0.021244 0.011401 0.040606 -0.079027 -0.198586 -0.138982 0.009725 -0.096999 -0.058690 -0.055886 0.003588 -0.038107 -0.109488 -0.070200 -0.127065 0.052318 0.135769 -0.206596 0.079240 0.069198 0.063391 -0.036648 -0.100527 -0.035545 -0.084969 -0.020745 -0.015641 -0.095990 0.085358 -0.025998 0.022309 0.106555 -0.093605 -0.056250 -0.047770 0.022734 0.047397 -0.023632 -0.101663 0.067462 -0.040683 0.008719 -0.152834 0.040046 0.033540 -0.048322 0.003105 -0.056935 -0.110144 -0.060927 -0.031323 -0.025659 -0.010468 0.002390 -0.034797 -0.047585 0.053189 0.005929 -0.004625 -0.088661 0.088532 0.033563 -0.030279 -0.053999 -0.104073 -0.024350 0.065986 -0.161700 0.059391 0.027554 0.077623 -0.076172 -0.030235 0.146042 0.080488 -0.065954 0.085784 0.002901 -0.003945 -0.086728 -0.021610 0.015922 0.028527 -0.049342 -0.092066 0.012875 0.064272 0.120722 -0.165774 -0.009188 -0.096935 -0.068133 0.130418 -0.098626 -0.008974 -0.129543 -0.093538 0.013830 0.033171
0.105500 -0.073865 -0.048890 -0.226520 -0.067325 -0.015206 -0.142158 -0.017682 0.032388 0.011752 -0.043820 0.045666 -0.059986 0.062491 0.043659 -0.072922 -0.074194 0.011830 0.067856 -0.153515 0.011737 -0.045625 -0.098750 0.004873 -0.085944 -0.141585 0.120475 0.038699 -0.016564 -0.013301 0.020573 -0.080417 -0.011911 -0.005389 0.044074 0.031297 0.113400 0.005568 -0.026753 -0.057246 -0.101009 -0.078349 0.069810 0.041299 -0.091311 0.024796 0.075899 -0.052652 0.086925 0.074013 0.091194 -0.097106 0.094520 -0.105139 -0.001146 -0.028553 -0.019194 0.161396 -0.072425 0.135730 0.096667 0.002545 -0.078209 0.136223 -0.067647 -0.016117 0.105253 0.041621 0.028498 -0.050001 -0.031748 0.033537 0.063024 -0.157470 0.036209 0.149423 -0.096827 0.030039 0.035221 -0.041603 0.014208 -0.038825 0.061729 -0.074994 0.096004 0.003126 -0.021511 -0.067424 0.065479 0.003777 0.007544 0.111181 0.038790 0.033576 -0.013022 0.036866 -0.014576 -0.028405 0.029863 0.047519 0.001155 -0.043401 -0.094536 0.010850 0.027830 -0.180047 -0.025809 -0.101257 -0.227271 -0.032650 0.163744 0.009254
0.009365 -0.064107 -0.153861 0.027586 -0.118481 0.043630 -0.027988 0.006223 -0.067480 -0.129073 -0.027244 0.001459 -0.086428 -0.006083 -0.061083 -0.062185 0.118495 -0.025050 0.050526 0.050649 0.001678 0.008674 -0.104247 0.053484 -0.038966 0.025130 -0.069953 -0.143271 0.020464 -0.077958 -0.002752 0.024433 0.003685 0.047169 0.019600 0.129891 0.028659 -0.017539 0.142688 -0.040743 0.006653 -0.052415 0.033967 0.015555 -0.033496 -0.003243 0.120488 0.013776 0.038916 -0.027871 0.007772 0.051788 -0.197650 0.029091 -0.084299 0.002174 0.026851 -0.040814 0.088428 -0.082762 0.082865 0.038262 0.077705 -0.175670 0.009642 -0.076451 -0.195523 -0.068349 0.013002 -0.077718 0.075650 0.112920 -0.073999 0.016594 -0.060219 -0.004810 -0.006319 -0.101684 -0.011867 0.096294 0.077696 0.001359 -0.012028 0.076764 0.056220 -0.045967 -0.039299 0.055111 -0.095554 -0.087933 -0.060516 -0.076147 0.130526 -0.081903 -0.013559 0.007780 0.032098 0.049176 -0.089108 -0.004179 0.015581 -0.071967 0.018377 0.013118 -0.095751 -0.062134 0.078818 0.079082 0.088693 -0.059480 -0.104550 -0.106340
0.008997 0.012649 -0.055852 0.044653 0.070700 -0.039879 0.018911 0.078343 0.058204 -0.115307 -0.018872 -0.150020 0.152461 -0.068389 -0.095182 -0.096208 0.014612 0.089212 -0.047785 -0.031448 -0.017300 -0.071161 0.082858 -0.136967 -0.052928 0.047045 0.042061 0.042218 0.015692 0.097277 -0.014114 -0.115649 -0.119855 -0.054896 0.017848 0.069757 0.090557 -0.038755 -0.035450 0.031182 0.050323 0.015679 -0.096502 0.022884 -0.037968 0.047412 -0.076659 0.024427 0.110056 -0.034108 -0.078502 -0.049305 -0.041810 0.000881 0.002832 0.029970 -0.207963 -0.020906 -0.032741 0.038923 0.080525 -0.119941 0.022159 0.172570 -0.072652 0.001853 -0.026598 -0.042506 -0.068241 -0.012386 0.104955 -0.095358 0.084725 -0.011121 0.099921 0.142562 -0.000729 -0.063799 0.047456 0.009222 0.038290 -0.015187 -0.080194 0.137119 0.109854 -0.041536 0.040929 0.039972 -0.064935 0.101969 -0.098925 0.104989 -0.050729 0.058008 -0.028661 0.027432 -0.058502 0.002494 0.039868 0.001636 -0.168369 -0.013759 0.158900 0.047718 -0.081174 -0.128188 0.093662 0.091530 -0.088568 -0.012883 -0.071498 -0.037121
0.023734 -0.051959 -0.013373 -0.039750 0.099381 0.077846 -0.001524 -0.052437 -0.052669 -0.078312 -0.037451 -0.019330 0.106070 -0.089054 0.018707 0.099889 0.073095 -0.099608 -0.014675 0.095033 0.028513 0.115874 -0.000755 -0.052957 0.081689 -0.122926 -0.006650 -0.025451 -0.077659 -0.115418 0.127239 0.061485 -0.020681 -0.122291 -0.100514 0.057612 0.106849 -0.065333 -0.073693 -0.246197 0.023774 -0.013520 0.025447 0.065644 -0.011633 0.115002 -0.104520 -0.072005 -0.112603 -0.124500 0.000990 0.031112 0.014377 -0.020216 -0.034491 0.013463 -0.101160 0.034671 -0.106404 -0.075083 -0.030148 -0.112886 0.049053 -0.094302 -0.003717 -0.017698 -0.107588 -0.046858 -0.012974 0.016363 -0.075890 0.064151 -0.077239 0.046794 -0.191715 -0.026845 -0.063501 -0.013030 -0.067166 -0.094663 -0.105298 0.044508 -0.110840 -0.012632 -0.029018 -0.052256 -0.034020 -0.096233 -0.066672 -0.206577 -0.020504 0.091999 -0.012850 0.055943 0.011033 -0.130148 0.064445 -0.058179 0.017928 -0.039156 0.065837 -0.094975 0.027690 -0.150503 0.054639 -0.042654 -0.001581 -0.050284 0.170246 0.041225 0.011096 0.118559
-0.038125 -0.010331 -0.026859 -0.009408 0.069283 0.016074 -0.115332 0.078428 -0.003170 0.039169 0.015406 0.147999 0.071097 -0.065486 0.007323 0.017367 0.166180 0.095551 -0.021096 -0.053960 0.059441 0.027911 -0.137050 0.021033 -0.085337 0.057472 -0.093934 0.008019 -0.121624 0.010943 0.036543 -0.045851 -0.222240 0.033936 0.004609 0.010935 -0.051612 0.034387 -0.131378 0.004570 -0.071761 -0.028947 -0.020789 -0.098338 0.024683 0.050715 0.076258 -0.003852 -0.028196 0.126302 0.167491 -0.247264 0.058022 0.067339 -0.081323 -0.137350 -0.029430 0.200629 0.086315 -0.041516 -0.098734 -0.020384 0.021568 0.026114 -0.169906 -0.058265 0.094237 0.091333 -0.118272 -0.022753 -0.023811 0.093746 -0.061142 -0.092460 0.084964 0.164125 0.003439 -0.073990 -0.069840 -0.023944 -0.024856 -0.072244 0.265799 0.044973 0.110937 -0.108487 -0.039763 0.033754 -0.068094 0.056932 0.043953 0.052290 -0.045828 -0.038491 0.028752 0.041652 0.034548 -0.112749 0.141094 0.056255 0.112126 -0.070678 -0.071609 0.099143 -0.009961 0.010773 -0.200564 -0.125953 0.014366 0.088029 -0.068313 -0.064634
-0.026855 -0.127659 0.103531 -0.023426 -0.100780 0.040137 0.055269 0.030970 -0.044376 -0.013963 0.081677 0.035094 -0.100522 -0.022403 0.011026 0.009443 -0.046318 0.090960 0.090398 0.020123 -0.123372 -0.017975 -0.112829 -0.044446 -0.007250 0.033099 -0.089329 -0.031210 0.013545 0.059307 -0.065383 0.020940 0.028868 -0.059487 -0.048328 -0.100050 -0.137469 -0.021736 0.026794 -0.008636 -0.108417 0.142059 -0.047609 -0.107429 0.003489 0.009301 0.045110 -0.028488 -0.139199 0.101157 0.004617 0.107389 0.048978 0.068364 -0.066580 -0.138594 -0.078496 -0.046150 0.015605 0.048960 0.053383 0.016643 -0.110106 -0.007913 -0.018697 0.071740 0.115986 0.085671 -0.054785 -0.015570 -0.168521 0.082373 0.094556 -0.119152 0.084297 -0.086786 -0.008023 0.041112 -0.054985 0.087413 0.014213 -0.070202 -0.096429 -0.024796 -0.164355 -0.065780 -0.011249 -0.020350 0.136671 -0.020772 0.078786 0.010150 -0.017178 -0.000689 -0.008091 0.026242 -0.103235 -0.069325 -0.158792 -0.052410 -0.046573 0.028288 -0.001145 -0.037447 -0.075286 -0.024886 -0.078602 0.052908 0.003689 -0.069267 0.060861 0.021200
-0.029449 -0.067287 0.126669 0.020148 -0.012371 -0.086509 -0.078979 -0.060758 -0.003224 0.106153 -0.030504 -0.065455 0.073850 0.007267 0.032744 0.077657 -0.062670 0.063120 0.004488 0.093614 0.041786 0.129150 -0.115217 -0.051373 -0.017513 0.008054 0.047325 -0.053782 -0.035745 -0.044128 -0.005319 0.022447 -0.094715 0.112233 0.061720 -0.083100 0.015201 -0.167785 0.024489 -0.133727 -0.128165 0.022659 -0.139494 -0.000888 0.003848 0.001260 -0.119539 0.060739 -0.008178 -0.075335 -0.070827 -0.070422 0.033605 0.118688 -0.079186 -0.110323 -0.098999 0.204446 -0.077752 0.112002 0.039133 0.012599 -0.016369 0.098359 -0.038899 -0.045765 -0.179140 0.101982 0.055085 -0.134163 -0.089100 0.048417 -0.136427 0.020591 -0.047198 0.119284 -0.011840 0.002150 0.043154 0.111868 0.054315 -0.012021 -0.011497 0.060697 0.030701 -0.166297 0.134783 0.046915 -0.105105 0.015060 -0.081747 0.081739 0.017492 0.132017 -0.053554 -0.108049 0.083629 -0.048915 0.055780 -0.065270 -0.096041 -0.145155 0.042414 0.023773 0.001207 0.033779 -0.120622 -0.169452 0.096702 -0.016867 0.018973 0.027898
-0.111079 -0.005047 -0.091352 -0.071844 0.026119 0.110547 -0.021453 -0.071577 -0.045628 -0.009673 0.090787 -0.100652 -0.077640 0.079065 -0.099225 -0.094024 -0.055568 -0.080159 -0.014365 -0.043462 -0.127618 0.019106 0.077092 -0.025635 -0.069047 0.047413 0.013501 -0.099234 -0.042585 0.020760 0.003497 0.019891 -0.003092 0.000179 0.088619 -0.036804 0.019922 -0.049918 0.045857 0.000601 -0.016924 0.076060 -0.085240 -0.031285 0.051011 -0.062580 -0.087094 0.047602 0.062510 0.010849 -0.010590 0.064721 -0.156934 -0.021149 0.102097 0.074391 0.074391 -0.050367 0.004253 -0.193056 -0.009944 0.025958 -0.176984 0.022883 0.037256 -0.014726 0.043508 -0.008067 -0.088531 0.096869 0.081453 -0.020645 -0.229037 0.015461 0.008579 -0.064724 0.033445 -0.019980 -0.077593 -0.028183 0.026471 0.031777 0.018138 -0.171176 -0.004777 -0.083741 -0.218358 -0.075800 0.034237 0.037804 -0.061332 -0.038091 -0.103890 -0.043016 -0.011068 0.002684 0.055690 -0.057552 0.000571 0.111821 0.068815 0.031361 -0.054604 -0.079004 -0.048146 0.023729 -0.003992 -0.083646 0.014796 -0.149302 0.024027 0.108040
-0.007705 0.034225 -0.048435 -0.033281 -0.016776 -0.075451 -0.007813 -0.079637 0.067599 0.110302 -0.071028 0.115777 0.082818 0.100964 0.090538 0.067689 -0.071209 0.018084 -0.030671 0.061417 -0.039753 0.013855 0.015731 -0.042295 0.038043 0.035848 0.085067 0.054402 -0.018695 0.022946 0.015183 -0.066998 0.109014 0.081919 -0.037287 -0.051585 -0.147033 0.006675 0.051720 -0.034381 0.124335 -0.061805 0.095904 -0.003522 0.039012 -0.112040 -0.128053 -0.165095 0.032687 0.098186 -0.086514 -0.154282 0.105335 -0.013418 -0.027321 0.097305 -0.009389 -0.107386 0.124737 -0.118398 -0.053620 0.037841 -0.013235 0.034265 0.032843 0.022065 0.008009 0.078457 0.110063 -0.070306 -0.044742 0.051487 0.048598 -0.051874 0.012598 -0.110000 -0.021795 0.032758 -0.015501 0.049776 0.081919 -0.080762 -0.019811 0.022822 -0.105418 0.132907 0.002737 -0.058182 0.071174 -0.127177 0.029829 0.070639 -0.073108 -0.026329 0.008187 0.031241 -0.077083 -0.129081 -0.089695 0.110414 -0.127349 0.154682 -0.032406 0.140408 0.037522 0.021377 0.012399 -0.066512 -0.039641 -0.105031 0.079904 0.103321
-0.017450 0.008463 -0.226603 0.017477 -0.092667 -0.095647 0.082624 -0.109657 0.138904 -0.020556 -0.045131 -0.042799 -0.119499 -0.111919 -0.140710 0.002668 -0.041266 -0.110055 -0.068423 -0.065437 -0.025042 -0.021031 0.036982 -0.054515 -0.064524 -0.170466 -0.177545 -0.008631 -0.040564 -0.106817 -0.039547 0.054369 -0.041214 -0.092948 -0.039222 0.047518 0.036377 -0.016151 -0.084867 0.120260 0.030596 -0.071612 -0.070411 0.010449 -0.075951 -0.006400 0.102319 0.106845 0.110140 -0.047557 -0.129646 0.054890 0.048498 0.111519 0.045283 -0.093855 0.022169 -0.076342 -0.039378 -0.067119 -0.010485 -0.115379 -0.094120 -0.135515 0.029282 0.062629 -0.082611 -0.042722 0.053688 0.054927 0.081474 -0.086101 -0.027655 -0.093565 -0.220555 -0.078062 0.006602 -0.041141 0.029953 -0.100487 0.082781 -0.053753 0.078102 0.109249 -0.093695 0.044268 0.025398 -0.038385 -0.027131 -0.032078 -0.068116 0.027848 -0.133505 -0.119897 0.006908 -0.057524 0.089075 -0.023751 -0.061283 -0.060199 -0.068623 0.025413 -0.139660 -0.063445 -0.017299 -0.183657 0.006889 -0.003746 -0.115269 0.008689 0.002604 -0.056790
0.094613 0.207283 -0.014469 0.107131 -0.098550 -0.154438 0.001710 0.003010 0.093334 -0.050125 -0.027684 -0.020849 0.025068 -0.005483 -0.135708 -0.023311 0.063886 -0.027341 -0.112130 -0.158565 -0.030549 0.047717 0.002221 0.008256 -0.003398 0.009498 0.057244 0.066922 0.066305 -0.107313 -0.041738 0.022895 -0.031648 -0.068580 0.032923 -0.103389 0.026136 0.079782 -0.119919 0.179849 0.070514 -0.005854 0.178832 -0.119263 -0.133815 -0.042991 0.048432 -0.112004 -0.082035 -0.183377 0.041392 0.010626 0.058766 -0.047190 -0.002673 0.032740 -0.007394 -0.095004 0.115974 0.000861 -0.070978 -0.132579 -0.071977 -0.102114 -0.050711 -0.036672 -0.017836 -0.049381 -0.058730 0.034225 0.011730 -0.095714 0.116199 -0.003806 0.133694 0.013182 0.052580 -0.079386 -0.011455 0.071937 0.047281 -0.011086 0.076594 -0.018996 0.016601 0.039496 -0.075779 -0.045788 0.009260 -0.089902 -0.147241 0.053384 0.017862 0.049617 -0.036960 -0.079979 0.076145 0.183049 0.028110 0.044682 -0.013357 -0.043575 0.045028 -0.140337 -0.032474 0.049393 0.022613 -0.045427 0.126776 0.058364 0.106703 -0.029323
-0.063102 -0.151621 -0.126496 0.034018 0.034748 -0.063039 -0.082790 -0.072442 -0.063193 0.034668 0.079017 -0.071030 -0.120174 0.047319 0.004267 0.084456 -0.004382 0.005261 -0.094911 0.034214 -0.060962 0.035776 -0.061976 0.052204 -0.124017 -0.016533 0.160264 -0.004179 -0.024336 0.026015 -0.022206 0.076613 -0.074767 0.113630 -0.126764 -0.006857 -0.066395 -0.120805 0.030757 -0.003522 -0.152726 -0.085327 -0.091061 -0.097140 -0.065590 -0.090708 0.005568 -0.135416 0.075795 -0.000270 -0.069305 0.003986 0.096156 -0.073728 0.019039 0.082978 0.049052 -0.004883 0.037805 0.050348 0.045631 -0.093914 -0.016329 -0.030697 -0.099753 -0.040585 0.046934 0.009683 0.006455 0.117583 0.009207 -0.041226 -0.039718 0.154727 -0.104701 0.140502 0.040959 -0.175674 0.083821 0.051427 -0.034691 -0.032706 -0.018400 -0.165545 -0.092621 -0.072023 0.075751 -0.022567 0.048103 0.033429 0.116269 -0.007059 -0.138984 0.024756 0.008735 -0.028075 -0.046537 -0.018362 0.060761 -0.023823 -0.007251 -0.007030 -0.059712 0.050622 -0.050023 -0.099868 -0.108921 -0.071757 -0.107386 -0.078662 -0.021514 0.080034
-0.204703 0.030891 -0.124225 -0.098154 0.126708 -0.105617 -0.015188 0.087388 0.062526 0.118578 -0.051149 0.067088 0.051502 -0.044037 -0.017952 -0.080459 0.101201 -0.043592 0.037581 -0.039685 -0.109118 -0.029796 0.178555 -0.099252 -0.024589 0.099686 -0.006670 0.025325 -0.017176 0.054221 -0.055087 -0.057412 0.037962 0.045047 0.009646 0.003444 0.040091 0.101670 0.023550 0.003863 0.046217 -0.041837 0.024798 -0.130999 -0.100696 -0.030906 0.088746 0.024821 0.015584 0.083287 0.025994 -0.156610 -0.016199 0.014794 -0.037605 0.001869 0.046491 -0.199873 0.126822 0.020160 -0.018474 0.065364 -0.087705 -0.157550 -0.080690 -0.043095 -0.107074 -0.043036 0.105636 -0.101530 -0.021138 -0.031721 0.104658 0.060895 0.097012 0.006390 -0.011094 -0.066676 0.008869 -0.041534 -0.071422 -0.040415 -0.018996 0.074727 -0.037843 0.029244 -0.088844 -0.042571 -0.010820 -0.049130 -0.151005 0.014844 -0.043791 -0.091254 0.002898 0.221002 -0.019169 0.052490 -0.047807 -0.052121 0.173453 0.026308 0.082089 -0.089978 0.043090 0.078576 0.085699 -0.092314 0.050085 0.057297 0.050335 -0.041811
0.033390 -0.049288 0.076764 -0.000837 -0.102686 0.023859 0.005692 0.044352 0.000827 -0.004398 0.120720 -0.224555 -0.007259 -0.070092 -0.009424 -0.066997 -0.069912 -0.026310 -0.058849 -0.068842 0.002977 -0.085315 0.008701 -0.112331 0.093025 0.195550 0.090536 -0.002012 -0.170526 -0.056945 0.046007 -0.016295 -0.119050 -0.015065 0.041516 -0.113328 0.051297 -0.030172 -0.061443 0.004050 -0.047603 -0.002214 -0.005014 -0.102935 0.020477 0.005520 0.038069 0.015650 0.119827 0.008282 0.045741 0.042364 -0.010696 0.156655 0.137560 -0.008335 -0.099098 0.026299 0.034981 -0.168224 -0.033815 0.147885 -0.000071 -0.006889 0.029418 -0.046929 0.019592 -0.039328 0.007032 -0.045421 0.031950 -0.049803 -0.017001 0.047817 -0.194508 -0.172493 -0.002171 -0.041754 -0.018952 -0.005602 0.013713 -0.015822 0.008405 -0.096109 -0.021564 -0.037562 -0.075922 0.058906 0.113534 -0.019830 -0.054016 -0.005674 -0.029469 -0.032590 -0.065869 -0.056366 0.013660 -0.009576 -0.025854 0.013455 0.138908 0.100550 0.034513 0.024142 -0.094536 0.083167 0.003424 -0.044268 0.099816 -0.030944 -0.040146 0.017196
-0.065061 -0.212821 -0.101129 -0.018526 -0.002939 0.020960 -0.011930 0.084675 -0.041021 -0.007387 -0.130639 0.002433 0.012131 0.167106 -0.009517 0.089993 -0.014629 -0.103776 0.047799 -0.088074 0.191275 -0.103155 0.025969 0.105073 0.020456 0.044705 -0.035288 0.063281 -0.032787 0.026883 0.015288 0.079327 -0.012196 -0.034015 0.087394 0.033987 -0.051650 0.049947 0.060777 -0.043850 0.080009 0.042309 0.008525 -0.006678 0.086810 -0.125940 -0.070226 0.084651 0.076320 0.013408 -0.087131 0.010519 -0.011106 0.010817 -0.055560 -0.026619 0.099096 -0.009477 -0.109013 0.018138 0.204846 -0.066097 0.080376 -0.025179 0.042882 0.004627 -0.032625 -0.060861 -0.092332 -0.073073 -0.018283 0.059652 -0.054515 -0.039738 0.017180 0.072427 0.000169 0.109417 -0.114325 -0.123248 -0.005692 0.055425 0.022970 -0.062530 0.181156 0.129530 0.005350 0.046338 -0.016314 0.009838 -0.142249 0.003737 0.146041 0.088152 -0.031947 0.137993 0.008259 -0.065998 0.115166 0.087745 -0.075331 -0.040425 0.043664 0.060579 0.006246 -0.052816 -0.032872 -0.049725 0.034648 -0.064984 -0.034034 0.043039
0.019643 0.107426 -0.063369 -0.016432 -0.055179 0.064503 -0.163741 -0.077809 -0.003786 -0.094449 0.087405 -0.080775 0.059397 -0.039196 -0.107939 -0.012845 -0.051164 0.112020 -0.031070 0.064678 0.099943 0.058709 -0.030406 -0.017805 0.003323 0.025442 -0.010378 -0.006342 -0.144729 0.057328 0.001741 -0.034210 0.065246 -0.041465 -0.011107 -0.136790 -0.087735 -0.091432 -0.018881 0.053011 -0.076146 0.022837 -0.015049 -0.037077 0.158804 -0.033235 -0.091086 -0.132662 -0.080102 -0.028178 0.066830 0.099682 -0.107940 -0.066544 -0.155416 -0.100028 -0.019626 -0.075246 0.021972 -0.042260 -0.079804 -0.052533 -0.083385 -0.037981 0.034521 -0.038727 0.052236 0.060517 -0.066145 -0.058946 -0.071446 0.066412 -0.026761 -0.028534 -0.005053 -0.056724 -0.028372 -0.026134 -0.013888 0.024385 0.095892 -0.071247 0.223647 0.092455 -0.065244 -0.134133 -0.068633 -0.017075 -0.066860 0.060511 0.137451 -0.109301 -0.097771 -0.027081 -0.122697 -0.129645 -0.057871 0.031475 0.118742 -0.095596 0.017786 -0.016296 -0.180223 0.070497 -0.090303 0.097660 -0.068569 0.091664 -0.044860 -0.079239 -0.154672 0.115708
-0.037689 0.009826 -0.079529 -0.088406 -0.055513 -0.008937 -0.028722 -0.139776 -0.071505 -0.068723 0.094197 -0.065119 -0.024194 -0.020601 0.146677 -0.056820 -0.171257 -0.011573 -0.052841 -0.065452 0.022337 0.007522 -0.023608 0.151688 0.038331 0.100638 0.000968 -0.014094 0.059024 -0.071300 -0.082850 0.083960 0.177890 0.137370 -0.072430 -0.098110 0.098498 0.062673 0.006752 0.000793 -0.097218 0.004150 0.123882 0.055172 -0.181864 -0.093679 0.075891 0.144279 -0.032365 0.132672 -0.055545 -0.023328 -0.060926 0.110497 0.066518 -0.058423 0.201272 0.018363 -0.029521 -0.063942 0.039596 0.048816 0.008828 0.083490 -0.074117 0.062460 -0.017268 0.037917 0.000693 0.040652 0.020368 0.060280 0.032973 -0.069158 -0.044262 0.025752 0.125641 -0.005057 0.012917 -0.090390 0.040314 0.032726 -0.091786 -0.091713 0.077726 0.051087 -0.110584 -0.047809 -0.115950 -0.020554 -0.058459 -0.136215 0.077713 -0.026914 0.046499 0.040214 0.101651 0.041923 -0.027961 0.041740 0.080670 0.120875 -0.017455 0.060459 0.081402 0.120922 0.072490 -0.039336 0.028862 -0.053256 -0.099309 -0.012864
-0.003373 -0.152489 0.067554 0.057403 0.024795 -0.001569 0.021613 0.005580 -0.059627 -0.052205 0.089175 -0.017117 -0.129070 0.010076 -0.062181 0.009155 -0.051929 -0.057519 -0.012264 -0.042586 -0.065693 0.083021 -0.028756 -0.034233 0.020106 -0.019024 0.011896 0.020759 -0.034427 -0.027281 -0.122359 -0.114587 0.019533 -0.060729 0.072636 -0.147743 0.044253 -0.062200 0.025555 0.049589 0.119506 0.006504 0.065575 -0.085227 -0.110489 -0.034142 0.006806 0.015455 -0.053563 -0.046652 0.071859 0.044006 -0.086878 0.015484 0.053240 -0.021462 -0.048940 -0.041101 -0.143368 0.007032 -0.127461 -0.034367 0.023778 0.007383 0.046143 -0.018396 -0.057309 -0.023144 -0.047518 0.089272 0.007194 0.052450 -0.059634 -0.020170 -0.108078 0.051637 0.029020 -0.153979 -0.042515 -0.017798 0.039144 0.094155 0.051326 -0.178746 0.016494 -0.034189 -0.123546 -0.154210 -0.047564 -0.208167 -0.177122 -0.033131 0.013094 -0.014880 0.063990 -0.024922 -0.021912 0.028632 -0.088678 0.002013 -0.158313 -0.001603 -0.050675 -0.070771 -0.046365 -0.130686 0.064257 -0.000651 -0.117292 -0.139479 0.091606 -0.016574
0.214540 -0.048387 0.034209 0.052598 0.191521 -0.034335 0.026493 0.141511 -0.043073 -0.013864 -0.000186 -0.087018 0.130277 0.087822 -0.098624 -0.075724 -0.083045 0.005957 0.007886 0.055214 0.031625 -0.040774 0.088079 -0.086483 -0.045085 -0.065463 -0.123081 0.108484 0.028106 -0.127373 0.016948 -0.084218 0.022962 0.074098 0.188554 -0.098962 -0.042394 0.092773 -0.012216 -0.006572 0.020600 -0.027135 -0.076245 -0.086583 0.032459 -0.050025 0.064702 -0.026656 -0.101045 0.083904 -0.017279 0.019851 0.064797 0.023797 0.069471 -0.110736 0.017059 0.070635 -0.092999 -0.008148 0.110158 0.033271 -0.038267 0.021450 0.006682 -0.003024 0.092729 0.095710 0.033236 0.006486 0.055831 0.073064 0.031893 -0.027358 0.102082 -0.126160 -0.048926 -0.022843 -0.026251 0.045601 -0.035173 0.045633 -0.016196 -0.145050 0.000130 -0.096979 0.101827 0.126716 -0.101313 0.041435 0.095549 -0.030338 -0.071331 0.148986 0.028771 -0.128293 -0.107885 0.032939 0.119123 -0.001307 -0.086925 -0.241055 -0.012677 -0.011946 -0.074955 -0.068633 0.009247 -0.001935 0.028177 0.037011 -0.078817 -0.074706
-0.050958 -0.009735 -0.127084 0.137733 0.086144 -0.093913 -0.046753 -0.124112 0.071598 0.042133 -0.001512 0.014860 0.001360 -0.068184 -0.107182 -0.037171 -0.019847 0.051765 0.123643 -0.146613 0.047378 -0.030430 0.091880 -0.009517 0.038735 -0.100321 0.163665 0.094954 -0.019562 0.053988 -0.055409 -0.020084 -0.047542 -0.058497 -0.055839 0.034806 0.060251 -0.225987 -0.019125 -0.104858 0.088871 -0.137037 -0.068696 -0.033781 -0.000612 0.016978 -0.064567 -0.040023 0.001338 -0.012758 0.030049 0.029218 -0.130008 -0.022527 0.040107 -0.056863 -0.013925 0.016555 -0.050599 -0.061131 -0.006193 0.051295 -0.111928 0.050958 -0.212781 0.006845 -0.032269 0.002082 0.031719 -0.078311 -0.007615 -0.081741 -0.066673 -0.088908 0.006919 -0.011638 0.051858 -0.044633 0.018548 0.023637 -0.016310 -0.026167 -0.056857 0.107068 -0.007326 -0.068719 0.026052 0.040294 -0.021545 -0.095978 -0.051049 0.028018 0.059232 0.022222 0.080755 -0.035605 -0.089186 -0.132401 -0.023988 -0.007851 0.006554 0.089351 -0.088330 0.020826 -0.025553 0.047077 -0.089600 0.094326 0.042177 -0.028676 -0.098936 0.100108
0.085621 -0.096811 0.001794 -0.075289 -0.089896 -0.084334 0.099287 -0.111381 -0.059793 -0.124906 0.027559 -0.026025 0.083192 -0.072630 -0.091223 0.119066 -0.151394 -0.023500 0.085495 -0.041000 0.083625 0.036305 0.027360 0.049440 -0.000360 0.044699 0.006734 -0.040735 0.052921 0.020326 -0.003598 -0.018290 0.094784 -0.066626 -0.011258 -0.030792 -0.096129 0.148233 0.019440 -0.094506 0.013737 0.109952 -0.069817 0.051683 -0.070707 0.128954 0.115530 0.088510 0.099071 0.021727 -0.046720 -0.081088 0.039375 0.006613 0.107675 0.092505 0.050625 0.070014 0.017911 0.097077 0.079922 -0.152181 -0.049889 0.019935 0.088743 -0.038680 0.034337 -0.067697 0.138531 0.048079 0.026515 -0.097215 0.184569 -0.131221 -0.028932 0.080517 0.061885 0.001578 -0.056825 0.018576 0.049721 0.035793 0.030513 0.020588 -0.075675 -0.062508 0.025738 -0.059887 -0.006949 -0.182817 -0.025950 0.132647 -0.101830 -0.114902 0.008476 -0.108216 -0.148263 0.063053 -0.082590 0.020445 0.075877 0.115879 0.113729 0.090011 0.029537 -0.115374 0.035777 0.065511 0.018656 0.070164 -0.033995 -0.033574
0.055201 0.000502 -0.143614 0.050506 -0.086031 -0.059953 -0.009148 -0.048566 0.103643 -0.009535 0.126691 0.029733 -0.135712 0.092743 -0.068697 -0.154510 0.007205 -0.016554 -0.008946 -0.135789 -0.087726 0.137011 0.041235 -0.048118 -0.136104 0.086364 -0.067615 -0.171823 -0.043697 0.055859 0.022467 -0.093995 -0.077575 -0.077419 0.067109 0.098799 -0.058343 -0.104073 -0.028144 0.046379 -0.127706 -0.040229 -0.007020 0.002072 -0.061939 -0.090678 -0.043331 0.027402 -0.134597 -0.064725 -0.206841 0.061947 0.049586 0.001445 -0.031517 -0.048762 -0.023365 0.029018 0.021490 -0.076009 -0.036719 -0.087278 -0.041002 -0.012024 -0.063591 -0.050808 0.076382 -0.039572 0.018451 0.054459 -0.110569 0.038516 -0.119224 0.065055 -0.060477 0.032437 0.076947 0.009844 0.063649 -0.081595 -0.004143 0.038442 0.061111 -0.112740 0.015942 -0.101121 -0.109895 0.010940 0.088167 -0.034136 0.026518 0.017584 0.012073 0.035436 -0.068698 -0.029943 -0.015656 -0.082578 0.018726 -0.098354 0.084988 -0.075279 -0.013044 -0.061419 0.033510 0.049940 -0.019587 0.008115 0.139482 -0.076364 0.023140 0.026352
0.108118 -0.077021 -0.046148 0.016497 -0.022926 0.036092 0.129908 -0.051787 0.068397 -0.033530 0.014063 -0.045300 -0.085451 -0.023963 -0.040374 0.007413 -0.100519 0.024937 -0.007834 -0.023306 0.007871 0.077312 -0.031786 -0.015756 0.061826 -0.080102 -0.120923 -0.014907 -0.050154 -0.021573 0.086953 0.046268 -0.013262 -0.125930 -0.026862 -0.088409 -0.074791 -0.078160 0.032132 -0.051163 -0.019485 -0.121926 0.074544 -0.095010 -0.000229 0.080780 0.024550 -0.225484 0.072315 -0.135403 -0.008117 0.060124 0.000749 -0.066221 -0.096062 -0.069538 0.042549 -0.068414 0.020288 0.092571 -0.063812 0.140317 -0.011035 -0.052374 0.039743 -0.003358 -0.045799 -0.054909 -0.000481 -0.031006 0.003875 -0.083534 0.096817 0.110567 0.021347 0.070781 0.029428 -0.074424 0.055064 -0.114140 -0.087911 -0.086458 0.039996 -0.013479 0.023563 -0.020242 -0.026970 -0.095903 -0.006094 -0.065442 0.085046 -0.045728 -0.078754 -0.065866 -0.046761 0.144955 0.007659 0.068026 0.122748 -0.188141 0.023399 -0.016311 -0.082218 0.069664 -0.066843 0.164908 -0.103906 0.087850 -0.113623 0.162557 -0.117583 0.157752
-0.115070 0.021685 0.085344 -0.042077 -0.031472 -0.101398 -0.019651 0.089551 -0.011944 0.089561 0.113573 -0.040490 0.227322 -0.029695 0.049569 0.009321 -0.087028 0.013084 0.025139 0.100498 -0.111331 -0.043149 0.085123 0.083242 0.052066 0.016298 0.024572 0.062744 0.050403 0.017500 0.029675 -0.113415 -0.010701 0.061907 0.173327 -0.101940 0.002411 0.041577 0.071755 -0.038002 0.057281 -0.132642 0.038320 0.047635 -0.059066 -0.036124 0.102347 0.006035 0.022895 -0.041544 -0.049767 0.019408 0.043655 -0.027856 -0.127470 0.071960 -0.032172 -0.022599 0.010394 -0.010474 0.011987 0.014287 -0.071696 -0.052003 0.000617 0.108203 -0.067913 -0.076089 -0.072766 0.058168 -0.061443 0.150608 0.103661 -0.048877 0.183899 -0.061902 -0.124909 0.036189 0.054537 -0.015783 0.120435 -0.018792 -0.059162 -0.084511 0.051983 -0.076864 0.004449 -0.136443 0.021549 0.047227 0.078001 0.083072 -0.031170 -0.041003 -0.010562 0.036636 0.073113 -0.015724 0.008971 0.064158 -0.019455 -0.051204 -0.208839 0.029275 -0.035565 -0.068025 -0.091657 0.035690 -0.088893 0.014304 -0.058675 -0.003194
0.008632 0.081293 0.082864 0.067743 -0.027514 -0.107758 -0.044806 0.036932 -0.016985 0.043690 0.033433 -0.000010 -0.094923 -0.044831 0.044603 0.132637 0.030503 -0.046251 -0.069318 -0.046107 -0.095112 -0.212551 0.114995 0.040990 0.081895 0.077820 -0.055255 0.038749 -0.001028 -0.097088 -0.106694 0.048662 -0.023046 -0.034172 0.017557 -0.090639 0.014879 0.001745 -0.016184 -0.025149 -0.017127 -0.109751 -0.119927 -0.012460 -0.053793 -0.042030 0.058700 -0.027190 -0.077572 0.038541 0.108551 -0.100300 -0.112433 -0.025099 -0.001330 -0.077328 -0.072232 0.011739 0.039044 -0.034907 0.055851 0.034388 0.008640 0.172706 -0.027037 0.053845 0.006347 -0.103802 -0.029628 -0.040944 0.076529 0.005055 -0.037634 0.003971 -0.073813 -0.087851 0.021580 0.112719 -0.122165 0.031911 0.030804 -0.015128 0.104813 0.018581 0.029605 0.124565 -0.040700 -0.030191 -0.099726 -0.064047 0.044005 0.112230 -0.099566 0.068788 -0.116083 -0.029599 -0.009875 0.064037 0.098547 -0.016914 0.025222 -0.111556 0.061580 -0.034623 -0.025565 0.069743 -0.024635 0.019659 -0.067306 0.002187 -0.036911 -0.076302
0.041185 -0.099614 -0.034194 0.048904 -0.045419 -0.145776 -0.152766 0.087698 -0.114721 0.013053 -0.000648 -0.015989 0.007591 -0.130190 -0.236667 -0.035973 -0.040883 -0.025578 -0.086197 -0.019292 -0.043238 -0.128404 0.107216 -0.057335 -0.039402 -0.032994 -0.069537 0.099163 -0.060765 0.138682 0.055183 0.003832 -0.035734 -0.055447 -0.054610 -0.056415 0.166043 -0.193627 -0.019950 -0.032058 -0.127631 -0.125831 -0.020987 -0.068867 -0.040851 -0.256112 0.028614 0.043865 -0.109385 -0.065024 0.005348 0.017791 -0.043494 -0.001241 0.063794 -0.145871 -0.015480 -0.145195 0.028900 0.053094 -0.087618 0.050455 -0.000074 0.061169 -0.032723 0.018842 -0.068279 0.064789 -0.079073 -0.020654 0.071577 -0.079467 -0.070481 -0.065980 0.000470 -0.020351 0.018518 -0.101329 0.014099 0.062675 -0.098477 0.025870 0.033665 0.004266 0.035515 -0.149369 -0.012619 -0.092357 0.037386 -0.078207 -0.032907 -0.108758 0.005883 0.037031 -0.048765 -0.027719 -0.076441 0.059799 0.040504 -0.082329 0.077637 -0.034818 -0.229913 0.010636 -0.000067 0.098281 -0.129084 0.026750 -0.019229 -0.033580 -0.042485 0.072305
0.069083 -0.054889 -0.069307 0.022777 0.017835 -0.137535 -0.064031 0.018549 -0.043412 -0.089343 -0.066258 -0.012221 0.010619 -0.126931 -0.051937 -0.033675 0.026772 0.050241 -0.038800 0.008962 0.075272 -0.109689 -0.113893 -0.028923 -0.007461 0.098855 -0.130131 0.007780 -0.018407 -0.025987 0.059869 0.037515 -0.045569 -0.018021 0.023749 -0.007126 0.008840 -0.009462 0.058928 -0.044748 0.155526 0.104642 -0.095053 -0.066316 0.111455 -0.032789 0.009623 -0.088789 -0.068292 0.006172 0.120864 -0.084788 -0.032363 -0.070984 0.002687 0.017545 -0.046016 0.050313 0.094539 -0.122462 -0.027231 -0.028086 -0.062031 -0.015710 -0.052552 -0.051152 0.090698 -0.133546 0.077176 -0.079038 -0.005469 0.005307 -0.009434 -0.054928 -0.061682 0.033013 0.014072 -0.046528 0.068548 -0.075907 0.001219 0.002912 0.135950 -0.135845 -0.131449 0.035687 0.093370 0.006079 0.111113 -0.007749 -0.149773 -0.030027 -0.035981 -0.201967 -0.042132 -0.072435 0.029139 -0.007728 -0.034463 0.069613 0.058207 -0.128746 0.011177 0.040788 0.049511 -0.018450 -0.010532 -0.166828 -0.100158 0.003408 0.061828 0.039460
-0.084646 0.016629 0.110467 -0.042269 0.085582 0.015490 -0.082642 0.003892 -0.139253 -0.000399 -0.072991 0.007375 0.128412 -0.022171 0.108981 -0.176268 0.040791 0.098830 0.049957 0.104692 0.051053 -0.054003 0.045384 0.118503 -0.031018 -0.099602 0.090740 -0.077963 -0.017610 -0.070526 0.186599 0.031546 0.053615 0.035576 -0.136914 0.028593 0.020225 -0.033062 -0.058664 0.053259 -0.033302 -0.001200 0.097307 0.083154 -0.039559 0.052180 0.119712 -0.094066 -0.127693 0.048786 -0.146394 0.017679 0.084281 -0.243678 -0.030568 0.054269 0.034631 -0.063790 0.062181 -0.020603 0.001218 -0.004638 -0.032496 -0.045345 -0.006694 0.017796 0.100687 0.066648 0.042368 0.057172 0.072192 -0.084371 -0.015702 -0.028191 0.032716 0.000301 -0.111496 0.106240 0.041356 -0.026548 -0.068813 0.012570 0.094764 0.044482 -0.070385 0.088800 -0.081749 -0.095666 -0.103853 0.005198 -0.029067 -0.036933 0.008594 0.111597 -0.056710 0.044374 -0.085677 0.018353 0.039067 -0.016250 0.090977 -0.066852 -0.162612 0.001941 -0.043794 -0.047400 -0.054939 0.071501 -0.010417 0.015425 -0.120085 -0.171871
0.131508 0.023257 -0.112714 -0.019547 -0.019909 0.077386 -0.041507 0.064573 -0.092860 0.024350 -0.010266 -0.000113 0.007841 -0.058809 0.030344 -0.060920 -0.098680 -0.107767 0.019773 0.036512 -0.020173 0.037067 0.059323 0.000875 0.000394 0.042857 -0.147678 -0.087116 -0.096257 0.044870 -0.081349 -0.019757 -0.151213 -0.021362 0.054780 0.036572 -0.185186 0.009515 -0.046429 -0.013164 -0.103079 -0.085310 -0.087368 -0.058411 0.032682 -0.037749 0.006849 -0.102361 0.175706 -0.060450 0.049132 0.039297 -0.095522 -0.025842 0.086892 0.034819 0.037982 -0.064320 0.062631 -0.006989 -0.041536 0.067850 -0.077567 0.009104 0.130692 -0.131472 -0.134678 -0.072697 0.085547 0.065725 -0.027289 0.144975 0.028497 -0.021636 -0.143708 0.073788 -0.012375 -0.001140 -0.094646 0.014484 0.037199 0.088790 0.011197 -0.051959 -0.007715 -0.021812 -0.074284 -0.130232 -0.004219 0.028406 -0.092903 0.004168 -0.072353 0.051674 0.088609 0.026747 0.123166 0.105152 -0.061436 0.001770 -0.028048 -0.065034 0.153769 0.048999 -0.031276 -0.173548 0.052939 0.035064 0.020876 0.102779 0.122707 -0.022160
0.092986 0.000615 0.171802 0.005508 -0.142577 -0.048828 0.082721 0.037063 -0.063906 -0.191339 0.037897 0.141682 -0.006201 0.017951 0.043271 -0.069159 -0.019533 0.011687 -0.143479 -0.161581 0.019264 -0.113102 -0.020483 -0.118682 0.074005 0.037255 0.031960 0.027814 -0.082829 -0.145466 0.038018 0.056276 0.012025 -0.073725 0.132677 -0.027368 0.029351 -0.149685 -0.076886 -0.090554 0.023417 -0.147448 0.086544 -0.009341 -0.095791 -0.063835 -0.016359 0.044698 0.020601 -0.074794 0.005191 0.038519 -0.003035 0.026782 -0.039786 0.068491 0.035915 -0.003811 0.025936 -0.008526 -0.107611 -0.011438 -0.081433 0.014532 -0.125890 -0.103672 -0.044170 0.009260 0.020489 -0.080464 0.106162 0.012808 -0.070820 0.058619 0.154641 -0.136505 0.053759 -0.051129 -0.125521 -0.126002 -0.050308 0.026850 -0.047468 0.018531 -0.125406 -0.031378 -0.089286 -0.076887 -0.034287 0.142919 -0.114574 -0.006777 0.064105 -0.046876 0.104026 0.034890 -0.107416 0.034474 -0.021584 -0.020683 -0.017951 0.019225 -0.191454 -0.002306 -0.058356 0.029787 -0.041896 0.195810 -0.056153 -0.012379 0.056232 -0.010845
0.092871 -0.067520 0.073418 -0.041937 0.049439 0.099034 0.013373 -0.059107 -0.037557 -0.056444 -0.009443 0.090700 -0.058279 -0.106937 0.107705 0.048882 -0.062945 -0.041656 -0.066248 -0.122729 0.059660 -0.043132 -0.080328 -0.031996 -0.091753 -0.135036 0.030855 0.046954 0.025599 0.001601 -0.034407 -0.147097 0.085332 0.030864 -0.044790 0.027408 0.004921 -0.007271 -0.014670 0.095502 0.030029 -0.024310 0.064691 -0.032718 -0.054478 -0.070749 0.084987 0.034493 0.007966 -0.073137 -0.159691 0.034346 0.007361 0.005627 -0.046475 0.026446 0.035363 -0.067345 -0.069568 -0.048365 0.138654 -0.042405 -0.049919 0.035627 -0.133539 0.003991 -0.019034 -0.076853 -0.187760 -0.048831 0.036653 -0.020131 -0.128964 -0.041354 -0.097106 -0.115813 0.011481 0.067270 -0.139328 -0.095151 0.073120 -0.046879 -0.027630 -0.058310 0.015164 0.112763 0.006971 0.044240 0.091261 0.026216 0.021088 -0.002053 0.045333 -0.035148 -0.011890 -0.025485 -0.068069 -0.072784 -0.040756 0.020580 0.024833 -0.016147 -0.070576 -0.033048 0.012388 0.042658 0.034632 -0.064831 -0.012268 -0.002115 0.012161 0.137712
-0.122903 -0.021440 0.043912 0.060472 -0.057091 -0.103520 0.091600 0.052025 0.108155 -0.005069 0.035641 -0.094460 0.206867 -0.143152 0.010403 0.014986 -0.021588 -0.099408 0.051001 0.035143 0.109724 0.032013 -0.060556 -0.084581 0.066306 0.048913 0.025293 0.067507 0.033994 0.090241 -0.055029 -0.101163 -0.046259 -0.131143 -0.061157 -0.010872 -0.004813 -0.052093 -0.104626 -0.104198 0.050625 0.133916 -0.064071 -0.101787 0.032627 0.004551 0.033921 -0.086005 0.046558 -0.021393 0.154228 0.063329 -0.030326 -0.036662 -0.045178 0.034861 -0.028059 -0.074165 -0.092099 0.095499 -0.137922 -0.048269 0.095050 0.038143 0.019058 -0.092456 0.064059 -0.025078 0.094720 -0.018449 -0.163439 0.108020 0.052009 -0.042714 0.088247 -0.083273 -0.030146 -0.033814 0.003721 -0.103055 -0.040483 0.009176 -0.023610 0.076393 0.029154 -0.109643 0.073654 -0.098701 0.028012 0.112623 0.032130 -0.008106 0.057998 0.052291 -0.039564 0.084151 0.036874 0.024389 0.103979 -0.077546 -0.097733 0.030993 -0.067049 -0.059620 -0.091567 -0.070860 -0.020619 -0.035087 0.068459 -0.031425 -0.113615 -0.144345
0.063737 -0.087280 0.020682 -0.108339 -0.080525 -0.065474 -0.074739 -0.025124 -0.056664 0.089068 -0.083735 -0.091522 -0.026513 -0.107852 0.106028 0.046583 -0.076578 0.036238 -0.002803 -0.175325 0.034635 -0.052891 0.052323 -0.110981 -0.129237 0.042325 -0.012592 -0.134428 -0.067457 0.009849 0.174951 0.011005 0.028793 -0.002368 0.102705 -0.045378 -0.044810 0.029887 0.025693 -0.045902 -0.015068 0.096944 -0.216777 0.025607 0.098887 0.084707 -0.060631 -0.055940 -0.003307 0.125584 0.038927 -0.185192 -0.020042 0.024090 -0.052701 -0.013160 -0.012632 -0.144353 0.006164 -0.081361 0.005622 -0.030497 -0.096780 0.019712 -0.052832 -0.019499 -0.024563 0.013735 0.020943 -0.052442 -0.043816 -0.089379 -0.124125 -0.008162 -0.045247 -0.076529 -0.012607 -0.085612 0.060852 0.064809 -0.144640 -0.077971 0.021333 0.015939 -0.049282 -0.012349 -0.009788 -0.036858 0.004500 -0.055403 0.092874 0.030672 -0.041128 -0.053482 -0.065215 -0.099779 -0.097261 0.024168 -0.055455 0.069932 -0.048691 -0.020552 0.085054 0.016041 0.024731 0.042331 0.008635 -0.164553 0.019636 -0.040733 0.009784 0.061246
0.069840 0.086400 -0.030255 0.042728 -0.002080 -0.051093 0.035104 0.015698 0.016558 0.010531 0.053531 0.002073 -0.030149 0.047267 0.003337 -0.015710 -0.034805 -0.022415 0.008955 0.037485 -0.126225 -0.073272 0.066065 0.090935 -0.061702 -0.054494 -0.031729 0.105162 -0.063335 0.041974 -0.007521 -0.012803 -0.065796 -0.012788 0.012703 -0.145473 0.010165 -0.084333 0.071828 0.061671 0.002521 0.101093 -0.035754 -0.095217 0.035315 0.117179 0.115651 0.091393 0.070902 -0.065890 -0.017077 0.034572 -0.034627 -0.070362 -0.031401 0.022542 -0.017083 0.011953 -0.053277 0.002372 -0.019210 -0.084869 0.048901 0.104862 -0.061567 -0.030232 -0.009742 0.105369 -0.105186 -0.056489 -0.088772 -0.049040 0.017924 -0.024438 0.055896 -0.089544 -0.026966 -0.126794 -0.074117 -0.199896 -0.009376 -0.135353 0.024194 0.022771 -0.027572 -0.064995 -0.006554 0.044028 -0.054283 0.064233 -0.090259 -0.043180 -0.019471 -0.047661 -0.018813 -0.066784 -0.093624 -0.006623 -0.047753 -0.129646 -0.040031 0.000323 -0.170841 -0.007244 0.069759 -0.074872 0.028684 -0.089469 -0.045223 -0.045555 -0.104146 0.079173
-0.017649 -0.101894 -0.070921 -0.060442 -0.065681 -0.029138 0.021958 0.118593 0.073234 -0.016844 -0.064312 0.027728 -0.015448 0.037175 -0.118067 0.036348 0.063194 0.025668 -0.025811 -0.114052 -0.089754 -0.208970 0.110768 -0.064929 -0.017366 -0.049458 0.107352 0.094056 0.157208 0.000032 0.088492 -0.006003 -0.105618 0.097035 0.054869 0.106160 0.071480 0.000202 -0.114630 -0.040201 -0.063953 0.015336 0.072314 -0.053871 -0.046484 -0.066187 -0.049877 -0.011215 0.132785 -0.081539 -0.110433 -0.016841 0.056717 0.079838 -0.039357 0.026188 -0.139684 0.020434 0.063332 -0.099972 -0.042861 0.012158 0.043972 0.094614 -0.022536 -0.005021 -0.018424 -0.089820 -0.006078 -0.074073 0.026475 -0.042025 -0.008059 0.045944 -0.055270 -0.042836 -0.020385 -0.050269 -0.141905 0.031763 0.030738 -0.093811 -0.077955 0.094647 -0.132552 0.096013 0.017124 0.038217 0.000779 -0.043146 -0.081924 0.048512 0.060642 0.002969 -0.093378 0.007551 0.099692 0.027038 -0.145245 0.016679 -0.094317 0.047166 -0.014575 0.081476 -0.034174 -0.057142 0.091058 0.024545 0.019046 0.007190 0.014329 0.031290
-0.032778 -0.067756 0.029226 0.007963 -0.192497 0.057016 -0.001236 -0.043835 0.035790 0.076921 0.009710 0.019243 0.103380 -0.008210 -0.049753 0.060446 -0.005439 0.060380 0.093337 -0.078202 0.030488 0.032787 0.019320 -0.023471 0.193739 -0.128165 -0.059465 0.024488 -0.008311 -0.021063 -0.039055 0.098559 0.084616 0.039376 0.067948 -0.007812 -0.018269 -0.095682 0.090809 0.015503 -0.063501 -0.017248 -0.039707 0.054462 0.030732 -0.071809 0.033683 -0.079485 0.038083 -0.055201 0.089411 -0.096909 -0.040674 -0.004027 -0.035352 -0.013695 -0.090273 0.047263 -0.154569 0.043360 -0.093980 0.002905 0.017371 0.004329 0.015055 -0.069963 -0.263489 0.142838 0.068858 0.069026 -0.127636 -0.011386 -0.053687 0.089948 -0.101347 -0.050277 -0.032704 -0.016669 0.020281 0.002051 0.025125 0.003768 0.048801 0.149981 -0.071454 0.021604 -0.046901 -0.107477 -0.017960 -0.152357 -0.019265 0.123798 -0.091208 -0.040711 -0.001188 0.071400 -0.073037 -0.006546 0.110039 0.040840 -0.003462 -0.064835 -0.018093 -0.025923 -0.194609 0.056345 -0.052352 -0.031512 -0.034539 -0.110717 0.023368 -0.165715
0.089690 0.008892 0.051621 -0.019919 -0.013940 0.064686 0.088850 0.031164 -0.059520 -0.134105 -0.082529 -0.031185 -0.009920 -0.008751 0.086130 -0.012270 -0.149108 -0.025902 -0.089626 0.107191 -0.011384 0.067228 0.007941 0.076476 0.034327 -0.053218 -0.052440 0.029426 -0.059163 -0.057620 -0.039503 -0.082345 0.097717 0.070160 0.019895 -0.034558 0.027667 -0.087437 -0.028222 -0.004802 0.000824 0.072830 0.021180 0.074402 -0.144340 -0.061806 -0.084715 -0.014934 -0.083763 -0.101592 0.038679 -0.127571 -0.090836 -0.093567 0.156654 -0.010015 0.001231 0.067798 0.082503 -0.127136 -0.001508 0.049300 -0.010290 0.061552 0.012966 0.001507 -0.160934 -0.062453 0.029477 -0.038177 -0.020809 -0.043136 -0.094143 -0.027595 0.064978 -0.042830 -0.051720 0.034933 0.010515 -0.004070 0.114550 -0.065453 0.072752 0.100526 -0.023950 0.072050 0.048168 0.052597 0.072043 -0.063706 -0.003380 0.002655 -0.029154 -0.004134 0.040970 0.004694 -0.079572 0.055454 0.019931 -0.068414 -0.109722 -0.169123 0.005965 0.016854 -0.171062 -0.067480 -0.104651 -0.027812 0.058917 0.052588 -0.030233 -0.030896
0.019980 -0.121904 -0.023500 0.018302 0.007387 0.043479 0.021922 -0.075279 -0.025614 -0.043845 0.036028 -0.062699 -0.122375 -0.051223 -0.013602 -0.019687 0.026309 -0.055500 -0.028328 0.123963 -0.039675 -0.061135 -0.051189 0.016783 0.073894 0.114065 -0.036749 0.114433 0.072770 -0.067137 -0.091192 -0.187440 -0.091383 0.093414 0.030123 -0.075025 -0.106266 -0.006870 -0.063894 -0.104092 0.134968 0.010056 0.016658 -0.158328 0.019940 -0.148816 -0.068406 0.005962 0.054858 0.074366 0.062152 0.026658 0.076871 0.016441 -0.082095 0.114122 -0.148078 -0.091084 -0.157013 -0.096056 -0.061627 -0.034085 0.053205 -0.048549 -0.096196 -0.034598 -0.015561 -0.009536 -0.021537 -0.042883 -0.021074 0.025329 -0.083428 -0.081679 -0.075395 0.038117 0.016139 -0.068132 -0.098833 -0.039050 0.004382 -0.113634 -0.069596 0.034932 -0.037163 -0.059013 -0.093430 0.029727 0.000637 0.044400 0.021288 0.031242 -0.086027 -0.027157 -0.064674 0.029200 -0.110242 0.092559 -0.164713 -0.018581 -0.013617 0.043515 0.007936 -0.010996 0.126078 -0.184410 0.042735 -0.078022 0.039551 -0.089578 -0.095820 0.012095
0.036059 -0.113203 0.084282 -0.085701 0.043952 0.005047 -0.077743 -0.038973 -0.042010 -0.007059 -0.083365 -0.137497 0.012442 -0.058065 0.110112 -0.013280 -0.017709 0.001625 0.096386 -0.029904 -0.054879 -0.000560 0.092602 -0.144518 0.044646 -0.028258 0.049317 -0.089286 -0.247890 0.050905 -0.180621 0.144971 0.029957 -0.015053 0.036432 0.045159 -0.046733 0.015102 -0.072472 -0.147435 0.009664 -0.042284 0.089759 0.059057 0.011123 0.043472 -0.086560 0.017203 0.017801 0.074621 -0.049922 -0.072539 -0.023398 0.028288 0.056990 0.014014 0.028050 -0.175317 -0.084218 -0.012737 -0.151991 -0.134412 0.020181 -0.077886 0.023241 -0.007487 -0.006105 0.027379 -0.033352 -0.104175 -0.090092 0.037945 0.164694 -0.154161 0.062391 -0.084765 0.004475 -0.125986 -0.008890 -0.047913 -0.009425 -0.047740 -0.023809 -0.074889 0.029245 0.019234 -0.161252 -0.027852 0.060651 -0.002887 0.065322 -0.157588 -0.148477 -0.180622 -0.032610 -0.076964 -0.043726 0.022541 -0.006620 -0.124860 0.056416 0.101916 0.082316 0.033826 -0.091763 0.094723 0.059723 -0.014271 -0.022365 -0.037390 -0.020914 0.001980
-0.034525 -0.035907 -0.038250 0.000310 -0.051850 -0.100158 -0.116141 0.093665 0.044447 -0.069107 0.046088 0.060206 0.085429 -0.200405 0.101711 0.080271 -0.136075 -0.080022 -0.018505 -0.020153 0.023304 0.022625 -0.076036 0.010024 0.020588 0.008430 -0.070670 -0.086860 -0.111765 -0.023633 -0.019213 -0.005817 -0.041290 0.108159 -0.041439 0.028911 -0.056288 -0.057796 0.181823 -0.178897 -0.022863 -0.009959 -0.057024 0.052261 0.014240 -0.041046 -0.015836 0.000485 0.120339 -0.032869 -0.015870 0.097319 -0.069153 -0.053372 -0.052989 -0.017201 -0.100828 0.012297 -0.014363 -0.003681 0.126601 0.008551 0.065298 -0.018892 -0.107721 -0.079350 -0.028661 0.030987 0.043321 0.186085 0.074696 -0.007345 -0.016513 0.146518 -0.091168 -0.039709 0.024909 0.030014 0.024173 -0.054320 0.116447 0.052521 -0.066003 -0.122554 0.050946 0.063741 0.007440 0.061857 0.026996 0.063761 -0.019346 -0.065637 0.021184 -0.101997 -0.068027 -0.007131 -0.022393 -0.061219 0.027247 -0.041423 -0.069879 0.040815 -0.133492 -0.047829 -0.019178 -0.163631 0.060919 -0.102361 0.017623 0.111250 0.040741 -0.075574
0.041011 0.098648 -0.115556 0.107448 0.007256 0.145633 -0.030869 0.158652 0.083578 0.073810 0.015787 0.141552 -0.033498 0.006095 -0.039497 -0.044759 -0.114971 -0.021741 0.038735 0.038653 -0.119007 -0.006664 -0.085757 -0.027437 -0.131966 0.058746 0.139433 0.098855 0.061018 -0.058342 -0.015305 0.047983 -0.114663 -0.073367 0.076245 -0.061674 -0.063130 0.035956 -0.020579 -0.095020 -0.109034 0.038358 -0.083614 -0.003856 -0.072605 0.138159 0.034519 -0.042355 0.064908 0.029466 -0.085517 0.036323 -0.066063 0.034359 -0.001049 0.014731 -0.048973 -0.003234 -0.080285 0.005793 -0.025172 -0.093670 -0.014016 -0.128518 0.014027 -0.016028 0.000281 -0.096199 -0.021557 -0.117368 -0.026813 -0.084627 -0.071346 -0.005613 -0.000191 -0.088093 -0.027409 0.007656 -0.004997 0.010496 -0.012838 -0.014115 -0.091987 -0.137391 -0.049043 -0.081054 -0.070546 -0.079685 0.030852 -0.038737 -0.102955 0.010643 0.022814 0.003785 0.072173 -0.107827 -0.024131 0.081520 -0.069317 -0.029449 0.021658 0.018946 0.024530 0.011232 -0.146076 0.060938 0.017771 0.020844 -0.082900 -0.028612 -0.046846 -0.002853
0.001007 0.083588 0.078960 0.035727 0.047256 0.096458 -0.023210 -0.091163 -0.148188 -0.097449 -0.023274 -0.004666 -0.113694 0.050216 -0.013403 -0.005457 -0.048043 -0.087262 -0.133932 -0.083135 0.077035 0.106321 0.080222 0.056533 -0.001568 -0.041017 -0.093052 0.049816 -0.007035 -0.016765 -0.031322 0.039722 -0.142843 -0.075736 -0.038396 0.116522 0.064800 -0.003856 -0.068940 -0.053902 -0.038648 -0.009010 -0.067013 -0.013638 -0.166377 -0.035215 -0.061804 0.026715 0.064112 -0.009559 -0.012898 0.087248 0.061093 0.122070 0.010698 0.019878 -0.083111 -0.063018 0.015471 0.000825 -0.200654 -0.043391 -0.076042 0.002879 -0.095110 -0.098803 -0.094481 -0.026009 0.029575 0.014521 -0.030537 -0.009144 0.015280 -0.093118 -0.022344 -0.121543 -0.087618 0.126235 -0.066113 -0.022373 0.023113 0.083412 -0.194497 0.011504 0.093993 -0.091296 0.005569 -0.117468 -0.033780 0.115903 0.028230 0.055528 0.074899 0.066953 -0.014053 0.094936 0.073324 -0.024533 -0.139025 -0.040569 -0.025538 -0.106897 0.130400 -0.005410 -0.063257 0.045166 -0.038425 -0.126199 0.092684 0.034726 -0.082332 -0.143433
-0.041456 -0.079312 0.072157 -0.110242 -0.016560 0.028964 -0.116281 0.080496 0.086146 -0.040615 0.012134 -0.116523 -0.057664 0.000707 -0.008893 -0.023321 -0.062637 0.129558 -0.179084 -0.047590 -0.090846 0.041983 0.011382 0.175204 -0.062655 -0.087384 -0.076776 0.170980 0.104518 -0.061820 -0.018145 -0.036127 -0.089161 -0.087701 -0.087714 -0.165267 -0.005741 0.057864 0.036399 -0.066048 -0.067661 -0.009786 -0.001422 0.075450 0.060071 -0.066491 -0.078206 -0.036304 0.108498 0.084712 -0.041880 -0.134535 -0.065250 -0.000844 0.046918 0.105881 -0.020859 -0.271276 -0.077695 0.029229 -0.012250 -0.028392 -0.034325 -0.073294 -0.093301 -0.047479 -0.125009 -0.002272 -0.028039 -0.101650 0.043228 0.064202 -0.078412 -0.090627 -0.040193 0.023545 -0.026761 -0.086797 -0.095727 -0.048841 0.080680 -0.086158 0.115198 -0.052544 0.059168 -0.058771 0.042572 0.070424 0.020749 -0.036200 -0.035500 -0.031606 -0.000431 0.036156 -0.113742 0.038904 0.082204 0.031375 -0.074696 0.075037 -0.019264 0.061504 -0.069381 0.088868 -0.066790 -0.012771 -0.196167 0.106432 0.084723 0.093747 0.005922 -0.044201
-0.114899 -0.133117 -0.094642 0.117445 -0.015731 0.029851 0.057810 -0.008511 0.006776 -0.014642 -0.000154 -0.104986 0.043766 -0.000688 0.122819 -0.043132 -0.007925 0.023440 0.072555 -0.094980 -0.022396 0.093171 -0.120891 -0.009497 -0.067456 0.087283 0.126605 -0.044799 -0.001642 0.010523 0.152244 -0.077237 0.016536 0.020751 -0.063746 0.084551 0.036131 0.100263 0.001826 0.122603 0.105722 -0.032661 0.056356 -0.194932 -0.055073 -0.019609 0.032690 -0.002731 -0.016979 -0.098459 -0.101784 0.043828 -0.091271 0.015150 0.046518 -0.043767 -0.078028 0.000135 -0.101191 -0.000017 -0.013976 0.073130 -0.068802 0.064329 -0.176986 0.094558 -0.095713 -0.056204 0.034093 0.119218 -0.028476 0.140616 -0.062965 -0.030015 -0.053886 -0.031106 0.040702 -0.060557 0.047821 -0.044609 0.012013 -0.029325 -0.066577 -0.113323 0.023764 -0.017636 -0.112036 0.091849 0.013334 -0.050046 -0.024809 0.125513 -0.002564 -0.071901 0.105001 -0.028445 -0.092952 0.006883 0.103655 -0.025111 -0.002011 -0.080264 -0.089136 -0.103070 0.001780 0.105237 0.216518 -0.035250 0.069966 -0.120978 0.013765 -0.088319
-0.016108 0.032523 -0.043570 0.009775 -0.056172 0.030801 -0.129501 -0.114166 0.160915 -0.047509 -0.035011 -0.026453 0.020202 0.026973 0.047149 0.115988 0.026107 0.042898 0.025130 0.015755 0.003065 0.064449 -0.047715 0.043959 0.040027 0.130292 0.062880 0.031369 0.032356 -0.000869 0.039502 -0.045951 0.030006 0.151942 -0.044387 0.049558 0.083488 -0.002067 0.050836 -0.010650 0.153003 -0.064570 -0.035051 0.148797 0.015723 -0.002092 0.006725 0.071300 -0.090724 0.041627 0.015915 -0.143306 -0.067293 -0.007585 -0.033387 -0.033368 0.032977 0.098559 0.079688 0.008710 -0.042367 -0.031808 -0.076851 0.018984 -0.015751 -0.245615 -0.028877 -0.000653 -0.072411 -0.058922 -0.000476 -0.057917 -0.081120 -0.036015 0.088356 -0.138656 -0.109282 -0.033250 -0.007977 0.076731 -0.018931 -0.135334 0.081441 -0.071680 0.022647 0.039108 -0.086172 -0.005101 0.075387 -0.040756 -0.011864 -0.123195 -0.044668 0.106248 0.061191 -0.004363 -0.073564 0.069299 -0.059550 -0.045769 -0.091593 0.053530 0.060383 -0.031359 -0.101982 0.109393 0.108141 -0.015409 -0.099787 -0.006353 -0.037883 0.030616
0.137472 0.108342 -0.170330 0.010577 -0.067560 0.039453 0.040563 -0.003477 0.034229 -0.181541 -0.046771 0.002376 -0.040637 -0.014621 -0.144751 -0.163128 -0.015099 0.093035 0.041259 0.113845 0.070619 -0.063186 0.022711 -0.079093 -0.035615 -0.006524 -0.011676 0.205915 -0.028978 -0.006042 -0.068361 -0.106130 -0.068269 0.022942 0.013703 -0.186741 0.038164 0.018805 0.017296 -0.091502 0.056495 -0.068466 -0.151786 -0.062273 -0.013765 -0.113044 -0.079240 0.018719 0.205157 0.044417 -0.074649 0.040287 0.099780 0.122702 0.114476 -0.157921 0.024023 0.007975 0.005105 -0.101668 0.073046 0.024758 -0.056776 -0.039870 0.023649 -0.084961 0.014767 -0.043610 -0.000454 -0.028401 0.016138 -0.056067 0.005232 0.111902 0.024762 -0.030645 0.020041 0.036640 0.031257 -0.096929 -0.191466 0.020686 0.008213 -0.071427 0.056185 0.056205 0.049176 -0.007337 -0.033011 -0.073586 -0.120193 0.105683 -0.011867 -0.119394 0.027006 -0.100636 -0.007144 0.118102 -0.117849 -0.059015 0.009792 -0.006033 0.016624 0.070269 -0.071047 -0.016020 0.128663 0.066652 0.034092 -0.045083 0.059894 -0.064784
-0.006588 0.027545 -0.112552 0.126113 -0.000995 -0.075596 0.068941 0.033419 0.003729 0.089912 0.001835 -0.037568 0.071336 -0.010130 -0.093617 0.007680 0.006577 0.063126 -0.025425 -0.049039 0.127475 -0.072061 0.009760 0.030535 0.017435 -0.041677 -0.061517 0.158798 -0.036834 -0.022963 0.051950 0.098175 -0.011748 0.049802 0.015921 0.013628 -0.001484 0.082692 0.048525 -0.114046 0.042928 0.018624 -0.001635 -0.030200 -0.143600 0.000976 -0.012464 0.061954 0.022844 -0.019934 0.008018 -0.086413 0.013843 0.063767 -0.174014 -0.136498 0.062685 -0.099949 -0.030034 -0.044320 0.106762 0.045338 0.074286 0.020097 0.005506 -0.065780 0.077579 0.029552 -0.075675 -0.059330 -0.010267 -0.198042 -0.048545 0.163948 -0.061705 -0.036221 0.001708 -0.108655 0.065139 -0.034345 -0.120533 -0.079953 0.099892 -0.113676 -0.153228 -0.124527 -0.075539 -0.129952 0.077848 -0.043725 0.039778 -0.092035 0.012239 0.054049 -0.027831 -0.012344 0.110347 0.027239 0.013675 -0.037904 -0.017155 0.077473 0.031014 0.020764 -0.125304 -0.006793 0.098014 -0.236098 -0.003003 -0.034165 -0.023867 0.029210
-0.108591 0.067923 -0.094831 0.055946 -0.024928 -0.031415 -0.025025 0.037005 -0.086571 0.051855 0.055625 -0.064439 0.046508 0.054014 0.072055 0.113065 0.024005 -0.070032 -0.148583 -0.202105 0.007124 -0.173049 -0.061546 -0.080760 0.029438 -0.070162 -0.004108 0.015403 0.061303 0.054070 -0.029653 -0.101845 -0.000992 -0.110125 -0.048333 0.022170 -0.041803 -0.115067 -0.011061 0.003992 -0.091302 -0.018681 -0.105743 -0.035712 -0.024467 0.113128 0.058477 0.088066 -0.027815 0.030880 -0.021265 0.215537 -0.021438 -0.012593 -0.111925 0.024488 0.005695 0.043747 0.132748 -0.085889 -0.056413 -0.001926 0.090658 0.056973 0.032482 0.041187 0.009124 0.042383 -0.029153 0.097710 -0.024501 0.011418 0.075288 0.061627 0.079157 0.074678 -0.043782 -0.105250 -0.035577 -0.081876 0.176667 -0.017823 -0.070651 -0.018737 -0.104841 -0.016750 -0.012907 0.058610 0.150738 -0.022558 0.044956 0.127251 -0.088068 -0.057634 -0.010444 -0.061491 0.072709 0.015300 0.045064 0.044457 0.103554 0.069012 0.077988 0.009268 0.094121 -0.077270 0.027344 -0.065878 -0.079713 -0.003513 0.026916 -0.103371
0.197095 -0.028994 -0.031991 -0.013684 0.102822 -0.043021 -0.038277 0.029516 0.047845 -0.104820 0.010286 0.130811 0.058046 0.160438 0.028065 -0.047157 0.008666 0.041974 0.054316 0.014452 -0.037334 -0.035141 -0.082706 -0.126075 -0.005053 -0.082271 0.108116 0.011829 0.017142 0.059308 0.016483 -0.001363 -0.024435 0.107958 0.041799 0.089858 0.002945 0.080483 0.023638 0.010914 0.086693 -0.077515 -0.067322 -0.081174 0.123290 -0.031574 -0.079095 0.028791 0.024244 0.085721 0.044321 0.040094 0.005235 -0.038586 -0.098514 0.127499 -0.003452 -0.124379 0.106693 -0.042004 0.075218 0.020004 0.127357 -0.021899 -0.110425 0.086152 0.087801 -0.037455 0.108190 -0.020202 -0.011101 0.043759 0.061272 0.108330 0.069142 -0.082862 -0.085202 -0.098579 0.195545 0.017809 -0.032016 -0.200087 -0.067624 -0.105864 -0.117797 -0.018612 -0.123980 0.013585 0.014189 0.196385 0.197430 -0.041677 -0.039504 -0.075186 0.034445 -0.055547 -0.042792 -0.047953 -0.013588 -0.025025 0.004128 0.009021 0.043909 0.087004 0.042506 0.032456 0.013111 -0.023212 0.161186 -0.059739 0.043332 0.015036
0.001096 -0.048888 -0.082263 -0.046842 0.013699 0.016810 0.088190 -0.092089 -0.136532 0.009897 0.027261 -0.061896 0.034442 0.015481 -0.063333 0.118669 -0.088469 0.009722 -0.098425 0.006373 -0.015207 -0.135041 -0.029870 -0.077358 0.040633 -0.005222 0.059542 0.106862 -0.010605 0.011125 0.096949 -0.147096 -0.014035 0.093368 -0.009485 -0.049578 -0.038231 0.091876 -0.077527 0.045789 -0.045177 -0.139970 -0.003476 0.075867 -0.098181 -0.165813 -0.031436 -0.050313 -0.097810 0.088565 0.052395 -0.212391 -0.034868 0.055869 -0.218987 0.049331 -0.038261 -0.072118 -0.128940 -0.069882 0.042578 0.031395 -0.050463 -0.018482 -0.212435 -0.010684 -0.120814 -0.056129 -0.033840 0.033451 -0.019830 -0.039697 -0.014923 -0.019758 0.003130 0.011298 -0.086858 -0.050490 -0.037561 0.037902 0.070839 -0.089984 -0.085260 -0.036312 -0.114083 -0.076853 -0.086332 0.041295 -0.005290 -0.064657 0.045271 0.113109 -0.054842 -0.028843 -0.081787 -0.068560 -0.044962 -0.057564 -0.044721 0.107178 -0.111724 0.000891 0.057544 0.000687 0.031703 -0.042401 -0.000598 -0.002870 -0.046035 0.073043 -0.079601 -0.107258
0.023138 0.035365 -0.068589 -0.053788 0.063490 -0.010935 -0.008496 0.030648 -0.086921 0.164219 -0.034842 -0.164635 0.002312 -0.055655 -0.032967 -0.006914 0.001056 -0.017331 -0.084376 -0.005590 0.024766 -0.044674 -0.024269 -0.055130 -0.064840 0.029912 -0.103729 0.124445 0.007209 0.129764 -0.069602 0.160430 0.116202 -0.110407 0.068943 -0.008812 -0.016900 0.051494 -0.086962 0.007596 -0.012439 -0.126493 -0.066781 0.008478 -0.072875 0.115379 0.010322 -0.104025 -0.082565 0.165516 -0.027921 0.129229 -0.054271 -0.066550 0.115714 -0.063338 0.017276 -0.074207 -0.014092 -0.209194 0.000633 0.053840 -0.036788 -0.146812 0.061210 0.090519 0.049273 0.117374 -0.094859 0.041256 0.055639 -0.006735 0.009795 -0.096943 -0.012877 0.031984 0.018587 -0.004185 0.019009 -0.109477 0.046702 0.012470 -0.004161 -0.103521 0.066058 -0.026851 -0.037589 -0.046722 0.025248 0.069387 -0.012775 -0.022129 -0.036016 -0.055929 -0.133775 -0.036839 0.025065 -0.050448 0.068342 -0.063699 -0.019234 0.059090 -0.030369 0.076961 0.199101 0.012310 -0.039859 0.174641 -0.009041 -0.040569 0.015076 0.073604
-0.007999 -0.080427 -0.072435 0.028250 -0.159045 -0.042339 -0.073791 0.120093 0.073440 -0.040472 -0.002901 -0.067985 0.090643 -0.074359 0.104517 -0.085208 -0.117476 0.000099 0.048840 0.045492 0.039017 -0.031979 -0.101290 -0.036641 0.012076 0.016490 0.008398 0.121348 -0.152968 -0.170774 0.035162 -0.031822 0.170215 -0.059273 0.031276 0.139066 -0.030463 -0.036551 0.085287 0.080640 0.063785 0.052451 -0.104744 -0.101150 0.048327 0.009081 0.045792 -0.001679 0.007277 0.049144 0.022422 0.069250 -0.172497 0.006868 -0.034595 0.050755 -0.027810 0.055501 -0.016122 0.093566 0.029336 0.093303 -0.121719 0.049816 -0.000781 -0.042229 -0.036503 -0.023175 0.031896 0.089929 -0.009769 -0.017006 -0.037848 -0.072722 0.010797 0.047560 -0.010982 -0.000284 -0.004561 -0.056485 -0.114509 -0.017397 -0.035706 0.037750 0.011809 -0.011851 -0.020537 -0.141864 -0.046898 -0.033111 0.001867 0.062753 -0.071681 0.086298 0.033121 0.117948 0.102926 -0.078811 0.130021 0.092109 -0.059184 0.018646 0.040587 0.070161 -0.054470 -0.030445 -0.095610 -0.137837 -0.042120 0.034165 -0.052628 0.028949
0.012878 -0.068650 -0.034293 -0.074932 0.065633 0.064525 0.029541 0.041044 -0.012715 0.075669 -0.054621 0.036631 0.077089 -0.054907 0.028982 0.048802 0.166552 -0.079903 -0.046794 -0.066886 0.010325 0.052588 0.100744 -0.099153 -0.131425 0.083206 -0.045152 -0.023613 -0.090375 0.095761 -0.040638 -0.010269 -0.088960 0.008787 -0.063470 0.025586 0.059579 0.000443 -0.040719 0.037131 0.045795 -0.051388 -0.092412 -0.008477 -0.012607 0.189628 -0.083957 -0.028247 -0.089056 -0.013303 0.015013 0.035112 -0.081656 -0.049526 0.044898 0.043685 0.010434 0.020461 0.018746 0.118352 -0.101088 0.091546 0.025106 0.095780 -0.162768 0.068875 -0.051550 -0.135799 -0.151391 0.064614 -0.095240 -0.074087 0.140997 -0.001348 -0.068119 -0.017778 0.039039 0.038207 0.095024 -0.027755 -0.029171 0.022261 0.163803 -0.103402 0.021071 0.156384 -0.017963 0.067267 0.007837 -0.002659 -0.055942 0.131144 0.103119 -0.080218 -0.047827 -0.071334 0.027337 -0.030652 0.026812 -0.102876 0.094698 0.037562 -0.043589 -0.125913 -0.110525 0.061128 -0.052563 0.069773 -0.081734 -0.047949 0.035668 0.003436
0.011146 -0.094986 0.068107 -0.007156 -0.102063 0.120766 -0.110740 -0.027727 -0.007647 -0.037016 -0.097618 -0.107511 0.023149 -0.021362 0.206893 0.012017 -0.167945 0.002285 -0.037037 0.005510 0.036985 -0.078839 0.002887 0.118126 0.025460 0.027315 0.064058 0.000874 0.075180 -0.162939 -0.073680 0.098610 -0.145013 0.133558 -0.050557 0.088953 0.114540 -0.010718 -0.006434 -0.121488 0.067472 -0.070703 0.059157 -0.088681 -0.022084 0.054560 -0.047627 -0.050893 0.036121 0.030718 -0.069831 0.024693 0.062104 0.015705 -0.064243 0.085543 0.088129 0.091763 0.078827 -0.063983 0.037250 0.001643 0.021225 -0.038576 -0.116359 0.000014 0.037391 -0.033003 0.125203 -0.019040 -0.117966 0.010899 0.058469 0.045670 -0.129723 0.042168 -0.027181 0.100021 0.056632 0.011217 -0.101416 -0.017532 0.024989 -0.153356 -0.136199 0.031604 -0.017101 -0.074446 0.011120 -0.038120 0.036642 -0.096761 -0.006328 0.105418 -0.076023 0.019284 0.011740 -0.011985 -0.125131 0.051698 -0.037138 0.138364 -0.040728 -0.000700 -0.072981 -0.073076 -0.043697 0.052939 0.006917 0.019563 0.029444 -0.064840
-0.075994 0.060977 -0.121742 0.107652 0.112270 -0.025020 0.033751 -0.041969 0.076353 -0.000400 -0.034257 0.001217 -0.069599 0.031869 -0.049190 0.071081 0.078314 0.008329 0.027540 -0.008741 -0.006209 -0.048675 -0.033612 -0.053487 0.000646 0.001704 -0.007465 0.109305 0.072619 -0.165980 -0.091197 0.004135 -0.045124 0.146585 -0.070487 0.108775 0.067432 0.018672 0.026375 -0.075456 -0.000934 0.085247 -0.066302 -0.051385 -0.011290 0.015668 -0.010772 -0.049648 0.052067 0.014273 -0.035269 -0.007428 -0.080079 -0.053035 -0.040276 0.064833 0.126007 0.046516 -0.068253 -0.016524 -0.031766 -0.028306 -0.015347 -0.090759 0.013062 -0.107316 -0.091510 -0.025203 0.005139 -0.038936 -0.036763 0.051609 0.047160 -0.053410 0.052769 0.048418 0.071147 0.103202 -0.103796 -0.070735 0.017239 0.019071 -0.062191 0.015908 0.007310 0.159115 0.014765 -0.004921 0.114867 0.033058 0.123796 0.015586 -0.016784 0.069679 -0.006433 0.063216 0.039091 0.039396 0.006632 0.098703 -0.047015 0.180013 -0.001995 -0.042630 0.015012 -0.047204 0.078882 -0.046187 -0.091602 -0.098987 0.049485 -0.047994
0.118744 0.051167 -0.013059 0.023117 -0.264609 -0.156483 0.118930 -0.014053 0.020712 0.036402 0.023002 -0.017880 0.064645 -0.007269 0.006930 0.040961 0.109002 0.040933 -0.080757 0.033393 0.070882 0.078672 0.014895 -0.084559 -0.040332 0.144571 0.041445 0.026952 -0.004617 0.114326 -0.062617 -0.045333 -0.128535 -0.133717 -0.160741 -0.004072 0.135286 0.121708 -0.110631 -0.057983 0.041388 0.013283 0.132837 0.054427 -0.093857 0.022699 -0.032574 0.055199 -0.058165 0.080174 -0.066905 0.030055 0.009290 -0.173385 0.064171 -0.143133 -0.004890 -0.101696 0.022294 0.036662 -0.047479 0.014333 -0.033470 -0.033242 0.011823 -0.026534 -0.020052 -0.033034 0.130123 0.029457 0.078583 -0.108547 0.064456 -0.037061 0.038563 -0.007962 -0.035750 0.194611 -0.300803 -0.134531 0.067142 0.103507 -0.019391 -0.103921 -0.033836 0.069125 0.000918 -0.064766 -0.048765 -0.005864 0.038804 -0.065902 -0.032743 -0.020910 -0.025550 -0.053251 0.041468 -0.076082 -0.006027 0.102293 0.045028 0.120272 -0.034051 0.042233 -0.094082 0.007359 -0.127198 0.058546 -0.148378 0.061110 0.079839 -0.005050
-0.066722 0.030804 0.024529 0.056582 -0.083259 0.014260 -0.082087 0.051140 -0.123477 -0.040595 -0.032870 -0.084798 -0.022627 -0.048906 -0.070564 -0.078498 -0.044802 -0.022231 0.099613 0.062808 -0.010723 0.034915 0.025695 -0.061012 0.010652 0.008097 0.005120 -0.095071 -0.045620 0.055780 -0.066113 0.019836 -0.042837 0.169163 0.050126 0.009898 -0.025003 0.036990 -0.053225 0.016371 0.073618 0.064287 -0.023267 -0.037358 -0.142850 -0.027423 -0.038525 -0.030002 0.003184 0.087305 0.013144 0.141752 -0.174350 -0.169103 0.181198 -0.089114 0.028136 -0.036644 0.013140 0.058414 -0.011640 0.068126 -0.045213 -0.072041 0.117349 -0.018955 0.002132 -0.061826 -0.030556 -0.003642 -0.113592 0.120107 -0.014738 -0.014066 -0.098906 -0.045049 -0.140593 0.087809 -0.125320 -0.131614 -0.015450 0.226528 0.024167 0.131894 0.069257 0.040701 0.094984 -0.041557 -0.102348 -0.113188 -0.122897 -0.014553 -0.037990 0.120998 -0.080104 -0.045267 -0.018448 0.009003 -0.071530 -0.007375 -0.008118 -0.053752 0.113538 -0.019612 -0.001029 0.069391 0.065500 -0.011214 0.012587 -0.086066 0.058552 0.067552
0.028242 -0.021159 0.060614 0.000941 0.035578 -0.040274 -0.026871 -0.028912 0.051070 -0.032696 0.032406 -0.046648 -0.149368 0.032023 0.018370 -0.130823 -0.014734 -0.057877 -0.015917 0.013755 0.025926 -0.042251 -0.062481 0.024341 0.015262 0.036073 0.010724 0.103958 0.056117 -0.051402 -0.068465 0.083896 -0.054358 0.138402 -0.035223 -0.043088 -0.013842 0.045836 -0.030748 0.033517 -0.046767 -0.005593 0.043059 -0.053907 0.013494 0.084114 0.020893 0.039556 0.014737 0.045066 0.033551 0.098461 -0.028438 0.079675 0.049803 0.055227 0.005977 -0.082744 -0.023678 0.024030 -0.077531 0.153974 -0.076475 -0.182803 0.000457 0.027735 0.013533 0.004118 0.133178 -0.096776 -0.117888 -0.036270 -0.135895 0.137870 0.079866 -0.067933 -0.096720 -0.061218 -0.103913 -0.016005 0.108794 0.110408 0.009825 -0.027795 0.043364 -0.086468 0.005140 -0.026442 0.157426 0.055602 0.066807 0.057175 -0.010908 0.041743 -0.117391 -0.048007 0.079800 0.091637 -0.091800 0.041224 0.041832 0.005975 0.019916 -0.142591 0.028043 -0.049252 -0.015165 0.031289 0.068909 -0.105006 0.013522 -0.096617
0.006159 -0.101148 0.080511 0.003097 0.072756 0.096655 -0.014385 -0.013742 -0.030637 -0.009713 0.135570 -0.021263 -0.032520 0.128883 -0.017078 0.034761 -0.006886 -0.044819 -0.042223 0.040899 0.094360 -0.021851 0.001216 0.007238 0.053988 -0.078368 0.001752 0.146902 -0.007903 -0.085208 0.039511 0.025836 -0.086512 0.037022 -0.106139 -0.052288 0.046863 -0.009691 -0.086520 -0.133278 -0.042191 -0.066775 -0.023380 -0.149098 0.139355 0.140000 -0.037812 -0.118206 0.114799 0.007775 -0.044981 0.083935 -0.022780 -0.143184 0.027379 0.011642 -0.067023 0.050443 0.028044 0.019056 -0.093005 0.076305 -0.013510 -0.034532 -0.086004 -0.092190 0.110245 0.028175 0.139358 0.019672 -0.058969 0.111899 -0.109734 0.043070 -0.131189 0.015714 -0.108808 0.004489 -0.046603 -0.016580 -0.051941 0.101803 -0.012150 0.029297 0.070884 0.009370 -0.014672 -0.016472 -0.089251 -0.030872 0.054009 0.009638 -0.022709 0.042477 -0.063094 0.008579 -0.136192 0.035717 -0.018186 0.024063 0.021427 0.055800 -0.052465 -0.091165 -0.024289 -0.047076 -0.025316 -0.070004 -0.066975 -0.021230 0.054409 -0.067922
0.027520 0.056006 0.034486 0.082739 0.103414 -0.015160 -0.076246 -0.121423 0.088778 -0.078025 -0.078633 0.011836 -0.018537 -0.171518 0.072140 -0.039383 -0.068436 0.037209 0.076484 0.040579 -0.052809 -0.011834 0.003521 -0.268398 0.022592 0.010634 -0.087709 0.020371 -0.107074 -0.108126 0.123226 0.025869 -0.023496 -0.156609 -0.063572 -0.051320 0.031850 0.077880 0.051979 0.133295 -0.184065 0.059116 0.027138 0.015122 -0.035938 -0.020428 -0.007029 0.022250 -0.049339 0.071790 0.041730 0.072441 -0.039822 -0.058848 -0.007940 -0.052095 0.005249 -0.088884 0.050874 -0.036506 -0.105871 -0.050924 -0.035811 -0.051007 0.059132 -0.080355 0.014231 -0.061148 0.008383 0.026496 0.145896 0.072183 0.053188 0.037355 0.067268 0.090145 -0.050249 -0.077643 0.006893 0.037446 -0.088117 -0.057021 -0.041073 -0.080226 -0.018496 0.013881 -0.161737 -0.042935 0.031577 0.007323 -0.035521 -0.004600 0.098122 0.023170 0.094302 -0.081851 -0.082514 0.019840 0.036442 -0.009908 -0.101721 0.018491 -0.001016 0.017628 0.003162 -0.143626 -0.082121 -0.121049 0.000460 0.022540 -0.016435 0.008788
0.033720 0.017479 -0.033573 0.025491 0.015646 0.030471 -0.058097 -0.048063 0.054725 -0.050159 0.006895 0.083777 -0.130232 0.031187 -0.050469 0.001721 -0.168040 0.022899 0.075203 -0.008620 0.091566 0.041902 -0.169222 0.078729 -0.115646 -0.158500 0.083000 0.079763 -0.009350 -0.013999 -0.004802 0.012599 0.054960 0.076699 -0.001863 0.064169 0.077571 0.039698 -0.051714 -0.056383 0.051417 0.113933 0.013104 -0.131053 -0.117436 -0.067663 -0.021547 -0.049891 -0.035666 0.032807 -0.008117 0.027809 0.055520 0.006379 -0.050607 0.038766 -0.085460 0.031029 -0.063339 -0.067962 -0.026872 0.014669 -0.095187 -0.028644 -0.088247 0.115985 0.031741 -0.028714 -0.082904 -0.030848 -0.015739 -0.005237 0.069976 0.046457 0.015203 0.001883 -0.103164 -0.025106 -0.091938 -0.053732 0.114241 0.123579 0.025869 -0.087627 0.137774 -0.065197 0.096365 0.144583 0.033653 0.067241 -0.095620 -0.078777 0.015953 0.026538 -0.009594 0.013780 0.004110 -0.067307 -0.094081 -0.053967 0.072541 0.052420 0.060558 -0.113156 -0.033327 -0.008689 0.018990 0.177026 -0.066346 -0.075669 -0.077062 -0.076951
0.101388 0.012904 0.117325 0.025125 0.002533 -0.076291 -0.140413 0.068723 0.037284 0.079098 0.055815 -0.070355 0.002219 0.192252 -0.093663 0.092528 -0.031294 -0.145634 -0.035517 0.027189 0.009776 0.193565 0.049750 0.041002 -0.013081 -0.063870 -0.095253 0.063217 -0.019473 -0.005486 0.171698 -0.086196 -0.022679 -0.026349 -0.015984 -0.025644 -0.039404 0.000769 0.061255 0.084792 0.112561 0.002060 -0.045462 -0.124540 -0.019459 -0.059661 -0.113253 -0.010088 0.114281 -0.018281 0.010360 0.056176 -0.084495 0.141137 0.004261 0.082046 0.056193 -0.027670 0.125305 0.042133 -0.068231 -0.068074 -0.018367 -0.040280 -0.022461 0.051260 0.158822 -0.034173 -0.012660 0.037568 0.079641 -0.005330 -0.103985 -0.132947 0.039034 -0.198695 -0.208815 -0.057764 -0.003109 -0.040071 -0.066569 0.077353 0.123183 0.073527 -0.061324 -0.024921 0.033182 -0.068696 -0.089448 0.103760 -0.054668 0.024893 0.042041 -0.077546 0.063548 0.071705 0.037939 -0.061126 0.004604 0.027928 -0.026387 -0.059183 -0.069653 -0.027734 0.022904 0.074991 0.058664 -0.023508 0.021982 -0.011230 -0.015657 -0.065837
0.125143 -0.019292 0.078788 0.117366 -0.092508 -0.068696 -0.085541 0.125574 0.012363 0.093051 -0.111457 -0.036562 -0.081670 -0.009040 -0.002517 -0.038131 0.055067 -0.083310 0.018204 -0.014438 -0.183597 -0.120018 -0.036496 -0.089905 -0.088590 -0.071253 -0.047408 0.184860 -0.030494 0.030760 0.000870 0.020569 -0.084529 -0.020069 0.063787 -0.043817 0.026438 0.085430 -0.010681 0.048387 0.031754 -0.149762 0.108196 0.056743 -0.029185 -0.109058 -0.025490 -0.126381 0.006989 0.083085 0.043715 0.113901 -0.024761 -0.031294 0.012764 0.057334 0.063137 -0.134880 -0.066095 0.046757 -0.040476 -0.031256 0.084805 -0.064467 0.075970 -0.006073 0.096028 -0.115859 0.042038 0.055797 0.071508 0.011746 0.005038 -0.106465 -0.125886 -0.085814 -0.019627 -0.014703 0.074299 0.178173 0.116385 -0.034642 -0.122836 -0.089723 0.063516 -0.012380 -0.008060 -0.040620 -0.016014 0.076889 0.042555 0.010519 0.083485 -0.160649 -0.071381 0.045084 0.077479 0.016643 -0.018290 -0.033802 -0.117677 0.051349 -0.086012 0.025864 -0.089080 -0.135871 -0.054187 0.132351 0.065211 -0.002758 -0.085061 -0.064557
-0.129420 -0.037343 -0.072722 0.012186 0.015143 -0.157632 0.150823 -0.016999 -0.139404 0.025508 -0.036741 0.006589 -0.101294 0.035183 -0.079572 0.064445 -0.038593 -0.013932 -0.150120 -0.148610 -0.098471 -0.072299 -0.058285 -0.061414 -0.062346 -0.081004 -0.025741 0.003191 0.002377 0.055194 -0.093168 0.130986 0.064938 0.060362 0.020943 0.079481 0.079672 0.045209 0.032257 0.083117 0.097519 0.042933 -0.080884 0.069524 -0.040646 0.065934 -0.037575 0.001977 0.022686 0.071234 0.069977 0.111851 -0.018662 -0.037024 0.131305 0.091922 -0.054972 -0.041899 -0.027534 -0.099475 -0.101641 -0.084386 -0.061074 -0.073561 -0.067061 0.005633 0.206708 -0.017183 -0.024702 0.040611 -0.081298 -0.016144 -0.099489 -0.058824 -0.029880 -0.008937 0.044668 0.026606 -0.065956 0.057748 -0.077086 0.110223 0.093415 -0.015575 0.027861 -0.031009 -0.110442 0.046348 -0.084003 -0.014447 -0.100044 0.066460 0.042266 -0.060597 0.101127 0.072076 -0.187485 0.063910 0.018246 -0.024233 -0.097059 0.081787 0.014535 0.017028 0.037974 0.099637 0.087371 -0.062607 -0.044603 0.007678 0.063171 -0.060540
-0.123175 -0.132757 0.023873 0.018449 0.074746 -0.059967 0.003846 -0.089325 0.017478 0.042977 -0.155266 0.020072 -0.069729 0.008812 0.021817 -0.068828 -0.015367 -0.028530 -0.020399 -0.154388 -0.095240 0.073667 0.075091 -0.018960 -0.102490 -0.033057 -0.066528 -0.022519 0.024304 -0.004756 0.026216 0.019950 0.019543 -0.046366 -0.031583 -0.057767 -0.054422 0.068805 0.051461 -0.079243 -0.096398 0.022057 0.023022 -0.152443 -0.039087 0.060539 -0.070614 -0.068164 0.070820 -0.010012 0.039732 0.067661 -0.119653 -0.135711 -0.093984 -0.102145 0.096898 0.014781 -0.122347 0.032900 0.028550 -0.021851 0.092703 0.020771 -0.000281 0.028397 0.083048 -0.082059 -0.012724 -0.059303 0.035709 0.048793 -0.024236 -0.045749 0.105590 0.049754 -0.026470 -0.005972 -0.033880 0.032588 0.148432 -0.066250 0.098821 0.117159 -0.108070 0.158546 -0.017438 -0.144897 -0.013275 -0.061531 0.048697 -0.062409 -0.071390 0.155432 0.045847 -0.113866 0.075873 -0.157888 -0.088135 0.027083 0.095188 0.002311 -0.119332 0.053663 0.120016 0.062667 -0.031830 -0.080030 0.125235 0.115900 0.092713 -0.116546
-0.018666 -0.056400 0.038313 0.075076 0.099204 0.038055 0.000974 0.008040 -0.003677 -0.081006 0.014884 -0.118107 -0.060426 0.067425 -0.106958 -0.054172 0.088022 -0.059015 0.011482 -0.069175 0.118259 -0.066060 -0.090596 -0.088591 0.062980 0.049557 -0.084787 0.136605 -0.054236 -0.013041 0.068753 -0.044609 -0.004319 -0.080753 -0.110919 -0.010577 0.050580 0.038902 -0.003972 -0.030561 -0.030584 -0.110524 -0.058629 -0.080029 0.125486 -0.164104 -0.159565 -0.029598 -0.044015 0.090731 0.080051 0.037094 0.038637 -0.133013 -0.045709 -0.066597 -0.018185 0.126748 0.016248 0.092303 0.043606 -0.050520 0.009701 -0.269986 0.026862 0.006393 -0.007333 0.025139 -0.092433 -0.068337 0.077950 0.080599 -0.069928 -0.000927 -0.053680 -0.111908 -0.095756 -0.027717 0.056937 -0.087107 -0.068473 0.000825 0.021160 -0.071752 0.084222 0.008893 -0.084124 -0.117619 0.051952 -0.069073 0.000769 -0.047746 -0.056208 -0.031213 -0.023093 -0.066927 0.108870 -0.001676 -0.015028 0.055165 0.001345 0.010775 -0.120270 -0.123468 -0.018728 -0.002564 0.168483 -0.042893 0.013071 0.055789 -0.101207 -0.025289
0.017019 -0.028252 0.077245 0.031121 0.040729 0.088563 0.075114 -0.053473 -0.143853 0.007943 -0.043036 -0.085685 0.049028 -0.040141 -0.087994 -0.016907 -0.045404 0.002947 0.082975 0.023093 -0.063877 0.037360 -0.053350 -0.058005 -0.086529 -0.115262 0.007220 -0.012421 -0.001519 -0.038316 -0.028807 0.080139 -0.104406 0.022643 0.088502 -0.145205 0.048747 0.040015 -0.033266 -0.036207 0.058534 0.130963 -0.052946 -0.042403 0.091620 -0.076579 0.085208 0.040048 -0.038038 0.030007 0.010402 0.131075 -0.086362 -0.038734 0.062406 0.182980 0.059271 0.050573 -0.003091 -0.021700 -0.106586 -0.219627 0.120801 0.024643 0.019999 0.033909 0.174466 0.153649 -0.209885 0.013166 -0.004704 0.053547 0.054782 0.093110 -0.119064 0.024479 -0.041408 -0.134170 -0.146813 0.162711 0.006707 -0.053288 0.085869 -0.050828 -0.000904 -0.084838 -0.048405 0.011124 -0.037888 0.194709 0.012596 -0.088790 0.005939 -0.023739 -0.000047 -0.140180 0.021586 -0.019973 0.058276 -0.020088 -0.134512 -0.052605 -0.115996 -0.143083 -0.030842 -0.019526 0.037030 0.063834 0.077766 -0.019038 0.051102 0.111463
-0.113836 0.046885 0.107160 0.096019 -0.088135 0.091355 -0.114831 0.009128 0.152915 -0.085669 0.081866 0.034798 -0.029730 -0.077672 -0.021078 -0.064021 0.010546 -0.046655 -0.001924 0.058780 -0.034973 -0.069549 -0.010544 0.100015 0.013451 -0.069522 0.067760 -0.036495 0.098385 0.056899 0.028813 0.049490 0.091979 -0.037940 0.039160 0.054447 0.017889 -0.094550 -0.032665 -0.245126 0.020696 -0.038379 0.003629 0.001147 0.009783 -0.002679 0.022667 0.058085 -0.054453 0.044636 -0.005310 0.096160 0.073350 -0.193178 -0.027883 -0.072392 0.117223 -0.014148 -0.008160 -0.130912 0.010736 0.027610 -0.117551 -0.013943 -0.038860 -0.032635 -0.052380 0.007618 -0.080132 -0.105398 -0.089394 0.046831 0.033861 -0.065247 0.000064 0.065423 -0.066051 -0.010412 -0.052023 -0.094773 0.090784 0.077000 0.076413 -0.009665 0.006428 0.041960 -0.015929 0.020110 0.098142 0.055108 -0.139471 -0.087807 0.007712 -0.027874 -0.044808 -0.089428 -0.086546 0.030615 0.030730 -0.192842 0.056955 0.046658 -0.113980 0.038386 -0.074781 -0.067204 0.087643 -0.038445 -0.049059 -0.099658 0.065014 -0.083928
0.125771 -0.024719 0.035515 0.052399 -0.035886 0.037268 0.053894 -0.093309 0.058735 -0.148508 0.078270 -0.061083 -0.088112 -0.010456 -0.066657 0.046091 0.001678 -0.052334 -0.134146 -0.122020 0.001200 0.048649 -0.003906 -0.002407 0.010925 -0.029422 0.012178 0.011408 -0.093077 -0.040412 -0.076945 0.030804 -0.027437 -0.083911 0.062553 0.022717 0.189004 -0.002974 0.035875 0.105580 0.006071 0.003975 -0.127975 -0.099390 -0.140174 0.095567 -0.042830 0.006441 0.097658 0.034724 -0.074697 0.016751 0.014124 -0.040643 0.045637 0.015799 0.074872 -0.058039 -0.035026 0.056491 0.029897 -0.076115 0.069111 -0.039227 0.054114 -0.012454 -0.125955 0.061825 -0.030199 0.056163 0.050515 0.043385 0.037973 -0.017853 -0.056418 0.177355 0.003026 -0.030449 0.006508 0.107856 -0.083295 -0.035549 -0.001778 0.063082 -0.058385 -0.043671 0.041472 0.042058 -0.056561 0.019434 -0.114011 -0.087126 -0.044201 0.091270 0.005565 -0.022238 0.068723 0.039838 0.017206 -0.062375 0.097693 -0.059825 0.049381 -0.002492 0.075531 0.018721 0.143270 0.009231 0.060417 0.038504 0.023035 0.025148
-0.128586 -0.025139 -0.145399 0.081387 0.078746 -0.144718 -0.173131 0.220066 0.115993 -0.035315 -0.035517 0.037007 -0.040365 0.200536 -0.019496 0.002773 -0.124090 0.078164 0.040647 0.026108 -0.010542 0.013630 0.018677 0.059786 -0.009751 -0.021522 0.009293 0.057308 0.093522 -0.140872 0.134951 -0.013760 -0.073002 -0.008056 0.034349 0.009288 0.058909 -0.141440 0.052997 0.050927 -0.052163 -0.083413 0.055828 -0.154494 0.003190 0.042569 -0.037346 -0.096956 -0.076853 -0.088583 -0.116965 0.082329 -0.069823 -0.103456 -0.006005 -0.045708 -0.066284 0.045085 0.041066 0.011558 0.222857 -0.057296 0.144362 0.101408 -0.051629 0.077203 -0.009676 -0.010862 -0.147126 0.021657 -0.045450 -0.121857 -0.023514 -0.058261 0.106390 0.049618 -0.015245 0.011571 0.000227 -0.008775 -0.108770 -0.087298 0.178393 0.028389 -0.070023 0.025373 -0.010435 0.039014 0.063714 -0.020215 -0.049500 0.046596 0.039810 -0.109761 -0.045349 0.077517 0.085332 0.013002 -0.153844 -0.007121 0.010140 0.059166 0.093323 -0.007231 -0.025107 0.037428 0.087673 0.188119 -0.010796 0.017093 0.036338 0.010666
-0.017093 -0.105471 0.129219 -0.082015 0.153015 0.008279 0.012662 -0.028187 0.014201 -0.054954 0.000226 -0.029181 -0.084388 -0.172368 0.008625 0.040616 0.027628 0.060941 -0.083831 0.043912 0.014295 -0.010203 -0.095491 -0.087061 0.086259 0.012434 0.025113 0.005536 0.004659 0.113173 -0.136102 -0.023801 -0.102670 -0.046038 -0.092237 0.068437 -0.028291 -0.135633 0.108976 -0.134739 0.063325 -0.023657 0.057886 0.060024 -0.220125 -0.026068 -0.061559 -0.125718 -0.021200 0.002233 0.113535 -0.031432 0.182969 0.033815 -0.015006 0.011353 0.084108 -0.024789 0.076732 0.127057 -0.051068 -0.065562 0.023198 -0.088712 -0.001839 -0.049803 -0.024106 0.050107 0.074345 0.058821 -0.000416 0.066949 0.018753 -0.043193 0.040307 0.056847 -0.086914 -0.084912 -0.088509 0.037261 0.013178 -0.046941 0.043447 -0.075081 -0.049313 0.105296 0.036115 -0.020966 -0.053035 -0.040064 -0.041382 -0.056733 -0.033044 0.194030 0.030558 0.017974 0.049038 0.094378 -0.024560 0.100230 0.027629 -0.031295 -0.003262 0.001717 -0.024498 0.044488 0.083200 -0.076358 -0.101729 0.165525 -0.036771 -0.030362
0.008373 -0.037995 0.049303 0.025494 0.053529 -0.048053 0.132097 0.050012 -0.097682 0.043211 -0.060332 0.013086 0.093331 0.078576 0.050873 -0.002040 0.155870 -0.219432 -0.030248 0.092602 0.008553 0.030952 -0.093360 -0.006731 0.015209 0.065499 0.030253 -0.017423 0.053049 -0.041487 0.078279 -0.123104 0.083497 0.100896 0.020422 0.029367 -0.120424 0.181212 0.060216 0.021129 0.107598 -0.130802 -0.163650 -0.020238 -0.040107 0.011035 0.012314 0.046507 -0.062278 -0.010652 -0.058412 0.107432 0.023204 0.029927 0.072976 -0.049280 -0.058783 0.167991 0.170015 0.117449 0.071415 -0.062918 0.074858 -0.089753 -0.036230 -0.037716 -0.051819 -0.001913 -0.166832 -0.098552 0.070253 -0.085764 -0.034542 -0.057023 0.011246 -0.057328 0.027388 0.142978 -0.071482 -0.010929 -0.013147 -0.033682 0.057938 0.044430 -0.071813 0.122646 0.046175 -0.003274 0.094837 0.020666 -0.156667 -0.065027 -0.067316 0.112774 -0.000092 0.092746 0.098421 0.047018 0.003674 0.026683 0.061284 -0.068425 0.094196 0.011428 -0.081781 0.024950 -0.048938 0.019658 -0.080297 -0.168327 0.008186 0.044394
-0.024525 0.132152 -0.026810 -0.027852 -0.143746 -0.039215 -0.006361 0.001623 0.067254 0.054982 0.020330 0.091921 -0.006109 -0.014615 -0.044426 -0.068975 0.027534 0.254440 0.080041 0.078845 0.044539 -0.042995 0.066929 0.052229 0.019714 0.075592 -0.033574 -0.031863 -0.117818 0.071854 -0.007579 -0.034732 0.036699 0.020995 -0.057685 0.006890 -0.082336 -0.020214 -0.008392 -0.094805 -0.152627 0.078729 -0.077678 0.188128 -0.022599 0.036452 0.051942 0.127429 0.079781 0.039371 -0.066928 -0.176742 -0.026274 -0.028138 -0.089156 0.111354 0.011112 -0.176174 0.130443 -0.007916 -0.020441 0.045074 0.050131 -0.099162 0.053800 -0.011460 0.029127 0.016750 0.026418 -0.010574 0.006576 0.034606 -0.090109 -0.111875 0.026188 0.096022 0.118142 -0.119028 0.129850 -0.125078 -0.019429 -0.139580 0.103590 0.097632 -0.089905 0.094822 -0.027213 0.010296 0.042813 0.012717 0.034502 0.010001 -0.038769 -0.094773 0.033673 0.102050 0.003040 -0.076726 -0.078000 0.061263 0.022983 -0.097808 0.035144 -0.087839 -0.136827 0.046685 -0.003643 -0.087971 -0.117241 -0.023838 -0.014343 0.051628
-0.184008 -0.030384 -0.050059 0.057738 -0.003553 -0.092070 -0.032229 0.093303 0.015143 -0.064481 -0.070771 0.008961 0.027173 -0.143076 -0.003010 0.037955 0.063496 0.081344 -0.045669 0.070569 0.016443 0.006558 -0.073029 -0.103493 -0.011080 -0.103688 -0.063614 0.061368 -0.003180 -0.046052 -0.189100 -0.020938 0.027981 0.052322 0.090883 -0.085818 -0.085644 0.023580 0.138243 0.104595 0.148720 -0.084018 -0.048026 -0.024080 -0.066868 0.045420 -0.008206 -0.102105 -0.040955 -0.002272 0.014299 0.044549 -0.072352 -0.012031 -0.024321 -0.048063 -0.116530 0.035088 0.013920 -0.034303 -0.032273 0.028503 0.015128 0.019800 -0.078288 -0.006141 0.019489 0.018935 -0.004832 -0.128730 -0.005185 -0.001268 0.057312 0.031701 0.024953 -0.082760 -0.074926 0.065260 -0.053905 0.038649 -0.014101 0.119277 -0.035397 -0.041796 -0.024397 0.006851 -0.077662 0.020931 0.086562 0.129619 0.123453 0.047106 -0.001889 -0.058950 0.029233 -0.049405 -0.083807 0.107451 0.138700 -0.130154 -0.032034 0.032366 -0.110679 0.088620 -0.046528 0.109953 -0.027816 0.027783 0.073871 0.006277 0.085595 0.071646
0.189531 0.015540 -0.039584 0.039931 -0.099417 -0.103127 0.098202 -0.073737 0.093514 0.004546 0.199846 0.118464 0.053464 0.016139 -0.015578 -0.039036 0.218178 0.008460 0.086818 0.008976 0.043690 -0.017472 0.155653 0.140746 -0.015699 -0.124225 -0.091811 0.043872 0.111103 0.070786 0.136036 0.127804 0.039909 0.054328 0.000289 -0.014910 -0.049468 -0.142852 -0.016938 0.003799 -0.047171 0.037964 -0.050843 0.067382 -0.041326 -0.012389 0.027700 0.014313 -0.161731 0.155819 -0.090824 0.097819 -0.060700 0.045470 -0.009380 0.041865 -0.092262 0.103027 -0.001673 -0.005489 0.066483 0.019237 -0.012124 0.068212 0.011191 -0.087626 -0.042262 -0.043578 0.006935 0.006305 0.061585 -0.031740 0.014553 -0.071099 0.119840 0.109429 0.094608 -0.009456 -0.002807 -0.091966 0.100684 -0.068882 0.024038 0.006689 0.030054 0.142670 0.090844 0.008490 -0.084087 -0.079030 0.044988 -0.071318 0.057326 0.013123 0.007410 -0.134944 -0.040522 0.035833 0.033096 0.103532 -0.062741 -0.040758 -0.017084 -0.023271 0.097118 0.099201 0.089463 0.044604 0.010357 0.054248 0.008150 0.162667
-0.033618 -0.038220 0.056960 -0.160754 0.052551 -0.020556 -0.006593 0.007525 -0.002862 -0.029974 0.046306 0.152394 -0.019521 -0.031803 0.071454 -0.059478 0.094150 -0.089723 0.015914 0.089241 -0.025823 0.058143 -0.030836 -0.007158 -0.036471 0.084302 -0.095959 -0.007056 -0.074744 0.087503 -0.042560 -0.015470 0.030599 -0.031453 0.085350 0.028863 0.080587 0.073124 0.056762 -0.117119 0.060675 0.133870 -0.076346 -0.108760 -0.074955 0.041255 -0.037205 0.177763 -0.116825 0.095941 -0.061340 -0.021646 0.162036 -0.012132 -0.002977 0.020772 -0.056942 0.042891 0.108736 -0.051940 -0.016786 -0.138168 0.097142 -0.017480 -0.005919 -0.053644 0.023741 0.046172 -0.058505 0.045641 0.060943 0.095838 0.056642 0.028730 0.103808 -0.129328 0.050168 0.090521 -0.057812 -0.070144 -0.143033 -0.078500 0.078829 0.000032 -0.019240 -0.053855 0.087405 0.029366 -0.069207 0.069883 0.064989 0.036875 -0.057490 0.020344 0.053475 0.109953 0.150405 -0.082749 -0.009913 0.059907 0.006068 -0.072660 -0.061421 0.090210 0.079752 -0.029271 -0.008376 0.137419 0.063990 0.082359 -0.050957 0.012762
-0.156479 0.035620 -0.030930 -0.072536 -0.051051 -0.030980 -0.049359 0.028146 0.014530 -0.044637 -0.157177 -0.137596 0.009743 0.037598 -0.022156 0.092689 0.137201 0.078768 -0.002350 0.103109 -0.165945 0.076869 0.014669 -0.003749 -0.000455 -0.079261 0.104084 -0.010131 0.011722 -0.034795 0.006117 0.139177 -0.047136 -0.045138 0.014110 -0.008262 -0.006037 -0.013879 -0.086825 0.002857 -0.135166 -0.091790 -0.002770 0.039601 -0.042229 0.069791 0.107255 0.145931 0.009048 0.073951 0.010517 -0.026478 0.124216 0.020692 -0.071726 0.032280 0.025943 -0.047627 0.024561 -0.020900 0.063358 0.087308 -0.004381 0.124489 0.118101 0.017781 0.096831 0.037362 0.002630 -0.102955 0.108201 -0.033554 -0.110890 -0.039502 -0.022215 -0.014009 -0.151337 0.052418 -0.021496 0.082904 0.018275 -0.062931 -0.017027 -0.169904 0.006887 -0.145943 -0.019007 -0.057490 -0.007458 0.102381 0.020540 0.179337 -0.142335 0.033634 -0.046607 0.050237 -0.086064 -0.006188 -0.124030 -0.084469 0.065659 0.051990 -0.008489 0.002341 0.158917 0.082438 -0.011700 -0.073251 -0.025836 0.037298 0.070073 -0.054094
-0.016555 -0.008725 -0.202219 0.063022 -0.020348 -0.023071 -0.068094 -0.028477 0.051798 0.062622 -0.130714 0.062232 0.067763 0.119503 -0.170387 -0.096866 -0.087761 0.007936 -0.013955 0.063579 -0.024070 0.040241 0.025509 0.080488 -0.041733 -0.033799 0.035680 -0.088049 0.090431 0.051733 -0.040035 0.075727 -0.083933 0.084626 0.121950 -0.097134 0.020534 0.084235 0.067523 -0.042741 0.073050 0.052373 0.119718 -0.002815 -0.079794 0.035396 0.119586 0.187407 -0.082919 -0.205978 0.052462 -0.116739 0.037823 -0.058788 -0.057575 -0.040648 -0.066705 0.004825 0.072365 0.007895 0.070767 0.070363 -0.053455 0.025118 -0.014041 0.088611 -0.070858 0.038453 -0.051496 0.112162 -0.106357 -0.048149 -0.020138 -0.052299 -0.018489 -0.141189 0.007853 0.001238 -0.038130 0.019119 -0.014881 -0.004811 0.006464 -0.012752 0.039441 -0.068314 -0.242001 0.024429 -0.061973 0.012599 -0.004042 0.049262 0.056098 0.028205 0.088195 0.030453 0.043958 0.061065 -0.014242 0.007014 -0.105931 0.016579 0.019259 -0.110820 0.093257 0.194238 -0.049195 0.091005 0.027022 0.100074 -0.077625 -0.028659
-0.054514 -0.104644 -0.052898 -0.122854 0.038601 0.031505 -0.001270 -0.034784 -0.064032 0.003941 0.050137 -0.037326 0.018907 -0.050258 -0.121184 -0.026121 -0.086595 0.142009 -0.075835 -0.028197 0.074247 -0.029955 0.018750 -0.104999 0.079911 -0.012267 -0.031973 -0.051063 -0.176056 -0.010293 -0.054555 0.125073 0.026975 -0.100222 -0.127867 -0.108927 -0.006796 -0.018998 0.048760 -0.088093 -0.039849 0.177150 0.151019 0.068411 0.020028 0.035868 0.100638 -0.005206 -0.030714 -0.089220 0.004320 0.015530 0.049286 -0.062517 -0.123139 -0.030177 0.002622 -0.044042 -0.063025 -0.066319 0.128370 -0.014449 -0.156631 -0.171913 -0.060942 0.032484 0.033967 0.031637 -0.027144 0.056840 0.040607 -0.087195 -0.103691 -0.060233 0.000754 -0.010927 0.040092 -0.036865 0.087601 -0.076980 0.058767 -0.029964 0.098284 -0.050305 0.078461 -0.062506 -0.199015 0.031238 -0.007437 0.158818 0.175910 -0.012329 0.075482 -0.137581 0.041492 -0.056992 -0.113289 0.028873 0.021763 -0.158122 -0.018058 0.089705 0.095055 0.076434 0.080684 0.072616 0.105700 0.005569 -0.035215 -0.060275 0.076146 0.149400
-0.071354 -0.067174 -0.015347 -0.084970 -0.101993 0.072960 -0.057915 -0.044741 -0.132960 -0.140118 0.015676 0.049806 -0.070583 0.005198 0.037940 0.034652 0.072209 -0.064542 -0.174919 -0.047878 -0.031302 -0.051437 0.048738 0.009168 0.016296 -0.066443 -0.023731 0.068778 -0.059456 0.050456 -0.027262 0.132937 0.103535 -0.082305 0.121446 0.081782 -0.025692 0.006486 -0.113077 0.110346 -0.084874 0.025164 0.055253 -0.011144 -0.045924 0.159638 -0.047478 0.071364 0.027215 -0.031768 -0.013291 -0.036185 0.101914 0.050297 -0.098589 -0.031457 -0.068049 0.034426 0.018561 0.114180 0.048273 -0.078698 0.073015 -0.145872 0.061409 -0.054921 0.230962 0.099823 -0.001404 -0.098166 0.132749 0.042467 0.089607 0.042877 -0.101341 0.008514 -0.071927 0.025526 0.029502 0.024355 -0.012307 0.142253 0.024713 -0.083297 0.066896 0.035483 -0.113379 -0.005023 -0.019791 0.040367 0.045653 0.141448 -0.026503 0.026549 0.112630 -0.119406 -0.110024 -0.036157 -0.076117 0.089883 0.053379 -0.038708 -0.110164 -0.024423 0.026343 0.065600 -0.051101 0.002114 0.055213 -0.176328 -0.117227 -0.059377
0.089891 0.066604 -0.129081 -0.013391 -0.013027 0.066983 -0.000833 -0.001568 0.051399 -0.101608 0.090108 0.068143 0.065713 -0.010490 -0.064057 0.087869 -0.040777 -0.007253 0.005340 -0.000173 0.114158 -0.048541 0.011916 -0.141274 0.023987 -0.081139 0.046326 0.157877 0.088977 0.022649 0.075669 0.105121 0.112615 -0.034889 -0.098798 0.004150 -0.134058 -0.080679 0.051226 -0.064755 0.044077 0.049375 0.134730 0.081236 0.096360 -0.027626 0.045392 -0.020908 0.071061 -0.025654 0.000241 -0.006544 0.031839 -0.078593 0.086278 -0.005925 0.029674 -0.040981 0.068613 0.032397 -0.072089 0.122418 -0.016742 0.154813 0.018839 0.053875 -0.029164 0.132975 0.074690 -0.098477 -0.049917 0.034140 -0.055843 -0.016072 -0.002161 -0.075522 0.077438 -0.035207 0.102011 -0.035744 0.038560 0.037222 -0.090065 -0.087004 -0.005221 0.030055 -0.115452 0.073568 -0.002155 0.019362 -0.080555 -0.051829 -0.009644 0.008786 0.004783 0.104594 -0.043928 -0.084785 -0.035535 -0.032607 0.039663 0.011885 0.015658 0.105918 -0.025782 -0.048912 -0.144374 -0.054842 -0.108879 0.175364 -0.067777 0.088325
0.030421 -0.104643 0.057627 0.089502 0.020154 0.046872 -0.081374 0.036982 0.010571 0.181554 -0.059605 -0.126817 -0.041086 -0.082203 0.052104 -0.078411 0.013751 -0.015532 -0.038219 0.069735 -0.051143 -0.041448 0.015386 -0.087699 0.018003 0.067169 -0.065166 -0.038117 0.048284 0.173513 -0.145158 -0.013117 -0.084365 0.062224 -0.069395 0.041092 -0.085482 -0.026473 0.040629 0.011894 -0.062018 -0.006532 -0.004493 0.017298 0.016578 0.015226 0.156374 -0.001299 0.113968 0.009411 -0.035930 -0.045760 -0.054298 0.023616 0.042943 0.013298 -0.037469 -0.026323 0.060566 0.090726 -0.024832 -0.055613 0.029009 0.068657 0.124314 0.065266 -0.076081 -0.132433 0.051924 0.025641 0.133755 -0.163412 -0.040879 0.037347 -0.014163 -0.007742 -0.072230 -0.116539 0.016473 -0.006815 -0.084833 0.046199 0.036227 -0.019661 -0.021008 0.002735 0.028694 0.014764 -0.053105 0.085603 0.030508 0.073782 0.182197 0.060716 -0.142403 0.036985 -0.005969 0.037535 -0.013526 -0.004560 0.001850 0.056872 0.197267 -0.018144 0.015044 0.120847 0.012323 0.041927 -0.033605 -0.084354 -0.040086 -0.084504
-0.096099 0.075058 -0.050927 0.102083 0.131594 0.021226 -0.068567 -0.000976 0.046027 -0.056602 0.107084 -0.039134 -0.131340 -0.038506 0.005255 0.065376 -0.163437 -0.106475 0.182355 0.068334 0.099616 0.070980 0.033382 0.175039 -0.042988 0.102231 0.060789 0.127949 0.022118 0.127862 0.063872 0.030080 0.018841 0.073570 -0.006286 -0.125229 -0.000104 -0.156106 0.024253 0.113173 0.105066 0.037844 0.033321 -0.032811 -0.104545 0.040512 0.045039 0.082740 0.129361 -0.066467 -0.093276 -0.042288 0.020322 -0.108674 0.044385 0.011532 -0.088203 -0.043681 -0.060955 -0.017491 -0.059014 0.122721 0.043369 -0.079906 0.037751 0.027043 0.059215 0.041485 0.036904 0.020460 -0.039385 0.040119 -0.127401 0.082945 0.097494 0.046154 -0.134960 0.000823 -0.003563 0.048312 0.032364 0.049014 -0.177639 0.122975 -0.103229 -0.100921 -0.025026 0.051545 -0.028212 -0.006099 -0.098693 -0.087339 0.030826 0.097929 -0.037403 -0.107106 -0.013759 0.043525 0.051327 -0.075845 0.128327 0.159151 0.038343 0.029113 0.068197 0.064579 -0.068466 0.017573 0.082511 0.068976 -0.034981 0.069567
-0.005338 -0.027823 0.002395 -0.018522 -0.171835 -0.083751 -0.009199 -0.057417 0.015675 -0.012378 -0.015418 0.118058 -0.011602 0.105986 0.114572 0.114531 0.058085 -0.067271 0.083577 -0.073058 0.120422 -0.058551 0.008527 -0.019733 0.082009 0.028489 -0.063238 0.051167 0.030498 -0.096306 -0.199425 0.053695 0.018055 -0.014322 -0.055007 -0.071837 0.068960 -0.044122 0.000374 -0.026107 0.038280 -0.089103 -0.023237 -0.083408 -0.069849 -0.026396 -0.092554 -0.000970 0.055091 0.079405 -0.009699 -0.102736 0.011603 0.049023 0.073096 0.002843 -0.066686 0.227989 -0.208342 -0.045249 -0.033362 0.021102 0.031415 0.076830 0.049856 -0.023790 -0.057007 0.058226 -0.037049 -0.026125 -0.043281 -0.015666 -0.062299 0.054637 0.014402 -0.071708 0.010256 -0.057851 -0.015763 -0.095316 -0.047849 -0.051630 -0.021990 0.009483 0.012341 0.022584 0.008538 0.036537 -0.053573 -0.158587 -0.053464 0.016942 0.142592 0.017080 -0.056486 -0.059606 0.004292 0.057077 -0.013516 -0.100745 0.033489 -0.009315 0.053254 -0.012494 -0.084404 0.044070 -0.099274 0.132499 -0.078599 0.016822 0.174576 0.081164
0.124238 -0.040964 0.049786 -0.023653 -0.151703 -0.052732 -0.038408 -0.012776 -0.004358 0.059824 0.169836 -0.078840 -0.089552 0.140541 -0.001803 -0.026959 0.086505 0.047564 -0.059528 -0.082020 0.058081 0.094847 -0.018187 0.100858 -0.063384 0.046226 0.054343 0.059276 0.026030 0.018479 -0.059047 0.060003 -0.101151 -0.017687 0.025130 0.052201 0.021131 0.051216 0.078028 0.039085 0.059956 -0.022777 -0.030991 0.092837 0.102761 -0.032400 -0.080225 -0.075153 0.054057 0.185753 -0.087065 0.129429 0.037547 -0.056967 -0.167126 0.000631 0.023771 -0.075536 -0.157337 -0.001914 0.024154 -0.061224 -0.025134 -0.107370 -0.039308 -0.071278 -0.095409 -0.064883 0.011649 -0.060638 0.003024 -0.089085 -0.091537 0.106442 -0.067659 0.102158 -0.047998 0.018760 0.009552 -0.051096 -0.100243 -0.061937 0.059101 -0.098571 -0.032947 -0.033394 0.039280 -0.063239 -0.003515 0.230222 0.029914 -0.057408 -0.144795 -0.045572 -0.049419 0.143998 0.008084 0.057087 -0.110421 0.017061 -0.026357 0.062380 -0.088381 -0.036422 -0.034292 0.031923 0.000302 0.090207 -0.019279 -0.017440 -0.016517 -0.120065
-0.042782 0.001640 0.245989 -0.050543 0.122828 -0.041519 0.024533 -0.128578 0.029209 0.054089 0.037571 0.011424 0.011035 0.002355 0.004378 0.130929 0.125282 -0.004967 -0.077559 0.045559 -0.041718 0.011450 0.092209 0.098296 -0.033849 0.205565 -0.008606 0.115725 -0.103463 -0.000731 -0.000874 0.093418 -0.062408 -0.034709 -0.071077 -0.056156 0.065761 0.065915 -0.029571 0.034556 0.001121 0.125443 -0.041847 0.070500 -0.175772 0.098011 0.014029 -0.027878 0.039068 0.105463 0.048682 -0.026247 0.009595 -0.038625 0.098296 0.029181 0.010196 0.117091 0.026731 0.031846 0.035788 -0.038525 -0.184868 0.062059 0.011965 0.062293 -0.089814 -0.068999 0.095219 0.004937 -0.029199 -0.096910 -0.036041 0.154372 0.017396 0.088438 -0.037950 0.005409 0.025978 -0.005298 0.023616 0.074484 0.074784 -0.005784 -0.087379 0.084768 0.002327 -0.161818 0.039844 -0.056275 -0.061318 0.032555 -0.119805 0.045576 0.041300 -0.005446 0.139405 -0.053781 0.013996 -0.073151 0.089803 -0.031709 0.060721 0.080689 0.016099 -0.026059 -0.030965 0.095691 -0.041984 -0.045025 -0.050296 0.034071
0.011501 -0.031146 -0.014443 0.031792 0.082610 -0.035283 0.131062 0.117220 -0.037747 0.047563 -0.085897 -0.154535 -0.012071 -0.057076 0.013591 -0.088118 -0.035452 -0.039253 0.036640 0.073095 0.071566 0.115415 -0.008593 0.073021 -0.068647 0.040821 -0.016393 -0.025559 0.039997 -0.032195 0.009852 -0.044172 -0.084419 -0.122139 0.139946 0.012363 -0.028370 -0.024272 -0.018773 0.067659 0.044795 0.075615 0.092789 -0.132101 0.016284 0.020678 -0.068542 -0.029830 0.201013 0.089946 -0.126590 -0.021776 0.052507 -0.012273 -0.004003 -0.011968 -0.067916 -0.093097 -0.029950 -0.015755 0.047682 0.016042 -0.037656 0.017008 0.065425 0.018065 0.036267 -0.001234 -0.056555 0.005054 -0.006010 -0.098268 -0.010264 -0.037331 0.019646 -0.009706 -0.178409 0.055334 -0.005959 -0.029572 -0.068992 -0.121500 0.007710 -0.039302 -0.118749 0.145793 -0.023802 -0.098573 0.103810 -0.140246 -0.125742 0.021635 -0.043558 -0.064275 -0.034726 -0.079545 0.013031 -0.138769 -0.012650 -0.082841 -0.020450 0.038642 -0.023832 0.001935 0.064944 0.047031 -0.012377 -0.041604 -0.054657 0.125985 0.020303 -0.007317
-0.069378 -0.072924 -0.008777 -0.033504 -0.004314 0.014049 -0.064449 -0.159243 -0.019407 -0.051035 -0.003715 0.067066 0.058796 -0.107050 -0.039944 -0.052246 0.036887 0.089705 -0.004059 -0.023657 0.001700 0.019273 -0.014411 -0.118541 -0.090731 0.085039 0.117176 0.004912 -0.032915 0.037693 -0.161441 -0.097550 0.002456 0.030444 0.064798 0.100577 -0.038943 0.094912 -0.194747 -0.117187 -0.122171 -0.013006 0.064166 -0.058391 -0.032059 -0.076547 -0.118025 0.088648 -0.005820 0.028967 0.040839 -0.040997 -0.046884 0.087458 -0.044717 0.025231 -0.098444 -0.121723 -0.121197 0.015669 -0.142911 0.130597 0.017910 0.026297 -0.006057 -0.101302 0.049171 0.002508 0.046312 -0.151393 0.022621 -0.123807 0.020416 -0.016685 0.095221 -0.004972 -0.023732 -0.005035 0.049635 0.009917 0.141145 0.156785 -0.192534 0.051823 0.015209 -0.014565 0.071865 0.078434 0.066658 0.227392 -0.004668 0.080987 -0.066249 -0.110410 0.049825 -0.056399 0.131130 -0.070632 -0.136403 -0.007853 0.034478 0.028028 -0.062512 0.043582 0.075003 -0.050562 0.103831 0.098479 0.090583 -0.012153 -0.085199 0.029999
-0.067079 0.067741 0.018895 -0.004395 0.119622 0.079936 0.000414 0.061792 -0.039504 -0.139397 -0.085994 -0.105049 0.001034 -0.008087 -0.147010 -0.034284 0.055351 0.004939 0.055092 -0.001086 0.101569 -0.000378 0.069879 0.028980 0.068740 0.030280 -0.087546 0.030202 -0.002917 -0.065562 -0.088612 -0.011263 0.022283 0.029829 -0.093392 -0.042941 0.083742 0.176710 -0.001691 0.082407 -0.095023 -0.035560 -0.073839 -0.106636 0.028109 -0.076176 -0.054826 -0.057430 -0.095121 0.106228 0.043603 0.061845 0.044976 0.017086 0.124355 0.058267 -0.026909 -0.125434 0.059088 -0.020347 -0.072537 -0.020786 -0.177982 0.040139 -0.096576 -0.052038 0.006955 0.060392 0.034093 0.009930 0.033821 0.166085 -0.117008 0.142609 -0.033737 0.060538 -0.067455 0.075102 -0.126745 -0.015532 0.056734 0.029834 0.001079 -0.128488 0.029921 -0.060575 -0.081701 0.103178 0.019639 -0.040163 0.018332 -0.071057 -0.000322 0.009035 -0.063155 0.111116 -0.234324 0.071153 0.004932 0.001825 -0.110501 0.064228 -0.034766 0.094166 -0.124488 -0.072779 -0.015850 0.156588 0.047910 -0.138037 -0.009614 -0.044748
-0.053436 -0.040203 0.024006 -0.101909 0.016158 -0.130010 0.042265 0.019539 -0.062356 -0.086684 0.032910 -0.058093 0.136372 -0.187096 0.033379 0.154796 0.116114 0.027177 -0.053217 -0.067965 0.040616 -0.044090 -0.012916 0.038678 -0.019452 0.031327 -0.058819 0.002998 0.006431 0.084689 -0.086093 -0.090236 0.032647 0.030041 -0.042351 0.005455 0.063673 0.013155 -0.026394 0.088660 -0.022266 0.100840 0.009475 0.022634 0.017854 0.049215 -0.056901 0.113941 -0.121180 0.149999 -0.078700 0.014256 -0.005146 0.074492 0.099937 0.117213 -0.060590 -0.055867 -0.100921 0.041839 -0.067608 -0.011057 0.019469 -0.066642 0.170862 0.163261 -0.060779 -0.042927 -0.023283 -0.025614 0.123966 -0.080264 0.017745 0.076454 -0.057737 0.106781 -0.026800 0.087745 0.048610 -0.002602 -0.115163 0.041999 0.154719 -0.023265 0.163310 0.025271 0.008600 0.126063 0.065229 -0.136690 0.090583 -0.063627 -0.074935 0.099144 -0.144553 0.040663 -0.080779 0.009858 0.033817 0.069769 -0.083001 -0.018931 -0.125714 0.180934 0.045792 -0.107376 0.003439 -0.085077 -0.086361 0.125061 0.141187 0.014300
0.028038 0.008225 -0.148917 -0.038878 -0.015834 0.010637 -0.016804 -0.121244 -0.050342 0.180363 0.031062 -0.025441 0.065482 -0.009624 -0.076732 -0.068134 0.126390 0.043774 0.119446 0.064684 -0.014018 0.028511 0.041915 0.027279 -0.018057 0.119297 0.007533 0.007067 -0.103519 -0.033141 0.005924 -0.009118 -0.098741 -0.124278 0.055645 0.008997 0.088555 0.055837 0.054567 0.082537 0.067394 0.049794 -0.000489 -0.149098 -0.017167 0.006741 -0.068768 0.040156 -0.012053 0.056952 0.116876 0.035736 -0.008432 -0.024193 -0.152422 0.082084 0.085773 -0.041190 0.182131 0.161170 -0.044002 0.003138 -0.093451 0.105385 0.095160 0.068578 0.051189 0.063377 0.021206 0.036437 0.041105 -0.002710 -0.033241 0.042250 0.118109 0.054028 -0.041162 -0.176645 -0.089201 -0.011713 0.108809 -0.047225 -0.228360 0.040817 0.014274 0.057081 -0.038521 0.050793 -0.104169 -0.073954 0.081088 -0.031808 -0.111083 -0.071182 0.005373 0.087954 -0.101548 0.039977 0.008364 0.004371 -0.127426 0.066007 0.087033 0.114361 0.066238 -0.060202 0.022188 -0.089979 0.052600 -0.060853 0.098565 0.041448
0.016550 -0.144361 -0.084445 0.023925 0.040378 0.037026 -0.046828 0.081762 0.092051 0.180035 -0.066245 0.000201 0.055205 0.067135 0.135694 -0.057730 -0.039332 0.149870 0.105721 0.106275 0.032316 -0.010318 0.001380 0.106344 0.070667 -0.172716 -0.029621 0.047999 0.118778 -0.017272 -0.025223 0.106604 -0.164831 -0.007344 -0.049846 -0.105114 -0.102558 0.050074 0.072266 0.179470 0.181105 -0.034051 -0.062593 0.067849 0.006730 0.063248 0.036642 -0.089645 0.025965 0.067488 -0.049711 0.128931 -0.037449 -0.093274 0.090021 -0.106090 -0.068943 0.040536 -0.054365 -0.013294 -0.118203 0.059826 -0.112770 -0.063786 0.106257 -0.027059 0.088470 0.056362 0.091113 0.073993 -0.062657 0.088676 0.131194 0.033380 -0.006610 0.001167 -0.028408 0.148534 -0.042005 0.052329 0.114684 -0.102814 -0.112275 -0.047270 -0.017749 -0.009186 -0.153822 0.149096 0.038958 0.056437 -0.218564 0.132182 0.109715 0.025506 0.002772 -0.077908 -0.056069 -0.128249 0.063176 -0.041631 -0.040633 0.002589 0.008032 0.026515 0.005964 0.083052 0.054996 -0.065302 -0.054965 -0.082378 0.014850 0.052264
0.011481 0.085286 0.026440 -0.010799 0.078672 0.104311 0.130148 0.026774 0.117132 -0.044742 -0.004228 0.172337 -0.020876 0.007815 -0.068253 -0.053246 -0.074504 -0.020417 0.038413 -0.050214 -0.032740 -0.034129 0.163979 -0.024916 -0.014886 -0.021075 -0.072029 -0.006409 -0.095331 0.102824 -0.021150 -0.148878 0.069373 -0.084195 -0.012685 0.021713 -0.050302 -0.080027 0.054400 0.120771 0.052095 0.075257 0.035860 -0.079122 -0.004399 -0.026850 -0.021647 0.014103 -0.054655 0.020018 0.000529 0.043243 0.127819 -0.056712 0.014191 0.026617 -0.028094 -0.012869 -0.119219 0.133813 0.003116 0.008053 -0.085586 -0.039490 -0.174367 -0.059488 0.041827 0.087742 0.058979 0.105412 -0.015117 -0.073924 0.131035 0.049873 -0.073165 -0.031737 -0.130252 -0.022378 -0.058817 -0.065865 0.008311 0.018146 -0.098500 0.040771 -0.072255 -0.004472 0.017536 0.058005 0.051850 0.056158 0.115281 -0.062295 0.055830 -0.092145 0.062561 -0.117479 0.089522 0.030790 0.106759 -0.085936 0.095970 0.041722 0.036830 -0.049454 0.093885 -0.010207 -0.019495 0.031277 0.104480 -0.046893 0.042180 -0.061095
-0.107610 -0.054235 0.008872 0.021070 0.033091 -0.051071 0.091225 -0.148087 0.076787 0.063905 0.130288 0.101351 0.072013 0.043305 0.064579 -0.003409 0.011349 -0.041579 -0.045890 -0.005471 -0.008133 0.011449 -0.014402 0.129005 -0.132458 -0.002897 -0.072587 -0.013900 0.153207 -0.073987 0.072258 0.054542 -0.080086 0.066733 -0.103478 -0.177145 -0.045165 -0.032695 -0.040905 0.011112 -0.021210 -0.029629 0.024548 0.045425 -0.047266 -0.015865 0.035322 -0.004754 -0.118318 0.054449 0.049233 -0.118388 -0.024619 -0.142254 0.036365 0.024236 0.021048 -0.024492 0.079502 -0.041940 -0.013402 0.023929 -0.016885 -0.000255 0.069413 0.106787 0.042341 0.070464 -0.030506 -0.106473 0.132935 -0.068544 0.026588 -0.025180 -0.014215 -0.136880 -0.025533 -0.122275 -0.078025 0.108808 0.052232 0.036828 -0.044230 -0.079756 -0.143202 -0.086287 -0.065172 0.008441 0.088065 0.025072 0.076038 -0.119348 -0.073773 -0.042839 -0.036872 0.044783 0.229517 0.040390 0.029463 -0.028645 -0.096549 0.011573 -0.094175 -0.018432 -0.063453 -0.058820 -0.140561 -0.080453 -0.021762 -0.087776 0.182046 -0.061099
0.119274 0.028530 -0.063671 -0.018793 0.100830 0.019599 0.055157 0.042429 0.018803 0.023715 -0.010206 0.075516 0.025379 -0.047922 -0.011766 -0.136015 -0.058684 -0.017514 0.018019 -0.036935 -0.133761 -0.025935 0.126853 -0.115319 0.081773 -0.005683 -0.027614 0.115679 0.042796 0.002851 0.022009 -0.001352 -0.173415 -0.032259 -0.077455 0.043331 0.042775 0.090312 -0.076799 0.002705 -0.113937 -0.104997 -0.023519 -0.018148 0.095306 -0.100128 -0.123535 -0.080354 0.119278 0.071668 -0.058329 -0.047000 -0.045639 -0.106699 -0.036099 -0.108844 0.031020 0.010555 -0.029312 0.116275 -0.010211 0.028953 -0.006240 -0.074452 0.063420 -0.095554 -0.189646 0.096041 -0.021739 -0.032874 0.017147 -0.030433 -0.027165 0.045833 -0.079255 -0.038736 -0.002728 -0.070220 -0.018000 0.036414 0.007150 -0.142065 -0.014974 0.005934 -0.048343 0.053187 -0.031570 -0.118624 -0.125128 -0.075759 0.042429 -0.021170 -0.130870 -0.083818 -0.032771 -0.071352 -0.002575 -0.009192 0.058128 -0.039899 0.124049 -0.051564 0.048309 0.157443 0.065747 -0.117159 -0.046891 0.063463 0.018859 -0.001461 -0.083698 0.064606
-0.025906 0.060433 0.047840 0.100260 0.048960 0.024117 0.031705 -0.120016 -0.090882 0.017127 0.026019 -0.014464 -0.016135 -0.067878 -0.074988 -0.038534 0.095314 -0.062127 0.101939 0.021487 -0.100877 0.172037 -0.088929 -0.015868 -0.046933 -0.138984 0.030558 -0.070912 0.037652 0.039593 0.030189 0.011306 -0.064833 0.020442 0.016302 0.021752 0.004764 -0.005626 0.037495 0.020282 0.063215 0.169110 0.042266 0.024789 0.086282 -0.004166 0.016224 0.013555 -0.009342 0.136559 -0.005753 0.040718 0.022049 -0.029831 0.085004 0.014858 0.092508 -0.040042 -0.082142 -0.094487 0.018112 0.061084 0.034848 -0.121039 0.050236 -0.029744 -0.045629 -0.125735 0.001856 -0.025778 -0.057625 0.048029 0.087322 -0.120157 0.134108 -0.069916 0.017365 -0.078700 -0.047070 0.139409 -0.082002 -0.027601 0.005814 -0.102158 0.087076 0.032907 -0.006504 0.059765 0.042045 0.070215 0.034499 -0.000393 0.042853 0.024938 -0.189479 0.031528 -0.116081 -0.306674 -0.036142 -0.011612 0.078767 0.062104 -0.117192 -0.048805 -0.019141 0.019329 0.080873 -0.031584 -0.189509 0.082009 -0.024226 -0.086151
-0.030067 0.170214 0.002161 -0.025271 -0.036792 -0.058643 0.058898 -0.051652 0.113220 -0.007974 0.078980 -0.032351 -0.000932 0.028502 0.022614 -0.004422 0.057089 0.080709 -0.154175 0.021265 -0.027484 -0.039755 0.037995 -0.006094 0.129816 0.058422 -0.024065 -0.068274 -0.095910 -0.112955 -0.064244 0.029713 0.093684 0.019600 0.041910 -0.090417 0.004556 -0.021502 -0.003287 -0.020067 0.127531 0.104956 0.024740 -0.157136 -0.045879 0.005513 -0.093947 0.025557 -0.035249 -0.060911 0.006815 0.027610 0.091182 -0.142367 -0.044078 -0.035466 -0.036139 0.008249 -0.031612 0.037647 -0.059971 -0.059323 -0.119801 -0.022302 -0.079401 0.043706 -0.134509 0.146956 -0.017664 -0.011631 -0.097241 -0.093624 -0.012832 0.009977 0.119957 -0.029647 0.036825 -0.101027 -0.135476 -0.019630 -0.056585 0.021252 0.072169 -0.134136 -0.039909 0.054097 0.119763 0.087784 0.063115 0.033507 0.024936 0.014900 0.098591 0.043707 0.043894 0.028223 -0.049876 -0.055530 0.142354 0.035058 -0.114706 -0.034060 0.027943 -0.001694 0.037720 0.078363 -0.147071 -0.006842 0.028349 -0.046353 -0.009949 -0.039925
0.101100 -0.000718 -0.077994 0.107365 -0.033213 0.114368 -0.041921 -0.064159 0.043149 -0.034013 -0.095921 0.114814 -0.076312 -0.168257 -0.003020 -0.035026 -0.114075 -0.040391 0.012638 0.070643 -0.090389 0.056834 0.113993 -0.046976 0.108497 -0.117882 0.007385 0.023548 -0.006143 0.054146 0.162177 0.108522 0.030913 -0.042533 0.040734 -0.068469 -0.025206 -0.071629 -0.084799 0.004947 0.044409 -0.033143 -0.020657 -0.016114 -0.078929 0.013656 0.044160 -0.023794 0.088519 0.074005 -0.062867 0.065452 0.101608 -0.046844 0.037474 -0.049958 -0.065168 -0.017225 0.053605 0.084853 -0.049481 -0.025971 0.074876 0.009286 0.040156 -0.028280 -0.080039 -0.024270 -0.023658 0.021332 0.178659 0.049698 -0.123071 0.098344 0.014291 -0.011066 -0.085071 0.035581 0.042859 0.048280 -0.117398 -0.048690 -0.067171 0.098349 -0.037663 -0.051722 -0.084398 -0.030113 0.130751 0.101144 0.108641 -0.035103 0.060267 0.047473 -0.124790 -0.043156 0.137279 -0.046052 0.117031 -0.074388 0.020813 0.030685 0.003714 -0.113823 -0.049792 -0.079972 0.052098 0.176416 0.202000 0.075802 0.036928 0.029983
-0.002091 0.054362 -0.043666 0.051393 -0.068797 0.107301 -0.134631 0.068092 -0.018862 0.119250 -0.060389 -0.019768 0.081080 0.034167 -0.060228 0.102956 0.001909 0.062711 -0.026991 0.159965 -0.001640 0.025422 -0.134309 0.071856 0.124192 0.072851 0.067008 -0.064708 -0.197452 0.021444 -0.050200 0.036769 -0.127028 -0.088727 -0.015365 -0.019407 -0.083637 -0.065054 -0.041799 0.040417 -0.081653 0.024753 0.090749 -0.130130 0.017889 0.003258 -0.006403 -0.100320 -0.114791 -0.021862 0.022495 0.045666 0.024418 -0.193293 -0.025481 -0.070055 -0.044700 -0.085159 0.107166 -0.035629 -0.070857 -0.036003 0.007445 -0.024452 0.020327 0.093626 -0.045074 0.009991 -0.057981 -0.087558 -0.026112 0.073796 -0.050945 -0.035076 0.007786 -0.084003 -0.025258 -0.057910 0.093810 0.025600 0.159631 -0.039397 -0.128057 0.051088 -0.041545 0.078657 -0.030887 0.019125 -0.042317 0.119174 -0.077091 -0.055949 0.084532 0.023333 -0.011272 -0.080199 0.093036 0.112272 0.059325 -0.028561 -0.009489 0.091819 -0.059427 0.020067 -0.029242 -0.045998 -0.039266 -0.093203 -0.021395 -0.067325 -0.010940 0.040303
-0.132700 0.048194 -0.009636 -0.000078 0.068819 0.026994 -0.111218 -0.187793 -0.036004 -0.169925 -0.016157 -0.070897 0.085389 -0.032649 0.102660 -0.040259 -0.107785 -0.183357 -0.012570 -0.125840 -0.004434 -0.017632 0.016984 -0.010546 0.065965 -0.110801 0.064312 -0.030970 -0.058288 0.095187 -0.095262 0.058341 -0.022661 0.066117 0.117574 -0.006488 0.008725 0.151481 -0.010872 -0.089584 0.018530 0.003754 0.143463 -0.041016 0.121469 -0.006999 0.055601 0.058877 0.030237 0.019070 0.038279 -0.049866 -0.042351 0.068525 -0.090614 0.063675 0.013170 -0.025829 0.139229 0.034515 -0.036726 -0.043843 -0.077010 0.041332 -0.051575 0.000463 -0.013353 -0.058338 -0.015578 -0.003758 0.169671 -0.068950 -0.064386 -0.098522 -0.036993 -0.038344 -0.063308 0.091276 -0.034296 -0.189220 -0.099503 0.099657 -0.017882 -0.026627 0.013407 0.058082 0.002026 -0.124625 0.146100 -0.126945 -0.034649 -0.007433 0.055973 -0.016952 0.071975 -0.094747 -0.090126 -0.136419 -0.143815 -0.102919 0.084003 0.077295 -0.154264 -0.107292 0.121080 -0.011754 0.042757 -0.011836 0.032182 0.092619 -0.033837 -0.005807
-0.041050 0.002972 0.014768 -0.040889 0.016689 0.037184 0.026801 -0.009160 0.087802 0.026049 -0.163088 -0.012435 0.109513 -0.047952 -0.118197 -0.061281 -0.066591 -0.001181 0.110651 0.085776 0.173054 -0.004949 0.041939 -0.064323 -0.009268 -0.033927 0.103668 0.084773 0.140016 0.082025 0.030790 -0.199200 -0.024719 -0.037339 -0.018017 -0.099115 0.004382 -0.013657 -0.055378 0.012980 0.121065 -0.060026 -0.046133 -0.024385 0.077710 -0.007500 0.020785 -0.043404 0.070163 -0.025286 -0.024255 -0.065232 -0.001936 -0.036416 0.020981 0.044922 -0.043765 0.032777 0.072899 0.027186 0.021054 -0.094678 0.085927 0.051016 -0.155767 -0.086980 0.066161 0.033966 0.032781 -0.040473 -0.129297 0.009826 -0.031741 0.053510 -0.083219 0.031448 -0.070832 -0.057459 -0.128426 -0.026270 -0.038194 0.089522 -0.129315 -0.022783 -0.092135 0.167688 -0.041975 0.025448 -0.090739 -0.073887 0.035772 0.031384 0.000374 0.131625 -0.022173 0.042515 0.010969 -0.013038 -0.002112 -0.004971 -0.061955 0.052549 -0.040359 0.056286 0.037544 -0.027430 -0.001628 0.008114 0.059425 0.083409 -0.019011 0.050283
-0.054420 -0.084968 0.049214 -0.000591 -0.094049 -0.058277 -0.022534 -0.007939 0.031206 -0.072517 -0.135614 -0.166600 0.047325 0.062481 0.121044 0.107790 0.034963 0.098521 0.023735 -0.041998 -0.022411 0.018085 -0.074032 -0.003740 0.038309 -0.033095 0.114090 -0.014773 0.083107 -0.046064 -0.087675 0.058345 -0.012742 0.023613 -0.067782 -0.028149 0.038586 -0.030743 0.009237 0.074039 -0.053900 -0.042294 -0.016200 0.080497 -0.038147 0.000957 0.137714 0.063753 -0.072761 0.033715 -0.030558 -0.044241 0.010609 -0.022157 -0.026991 0.082667 0.073174 0.096265 -0.053989 -0.121254 -0.013964 -0.036746 0.011420 -0.007217 0.038856 -0.057682 -0.014906 0.033966 0.032060 0.012322 0.042658 0.146568 0.036851 -0.029365 -0.104325 0.099442 -0.042744 -0.073732 0.010150 -0.019542 -0.059123 -0.084553 -0.048832 -0.022167 0.034501 0.035513 -0.080496 -0.033978 0.079893 0.026321 0.124937 -0.096671 -0.150510 -0.034847 0.085722 0.052382 -0.013097 0.122985 -0.017124 -0.096066 0.006482 0.078964 0.006707 0.014466 -0.035398 -0.099547 -0.002737 -0.131071 -0.020394 -0.018289 0.025939 -0.040234
-0.117859 -0.011998 -0.039902 -0.156916 -0.123585 -0.009807 -0.092922 -0.022862 0.062013 0.034280 -0.000605 -0.021302 -0.062633 0.037001 -0.018373 0.095047 -0.043692 -0.059392 -0.068315 0.005868 0.026072 0.028962 -0.000633 0.035315 0.084405 0.008194 -0.104167 -0.016665 0.022549 0.149786 -0.116045 0.030562 0.016503 -0.044470 0.079012 0.037500 -0.036506 0.169357 -0.116356 0.014504 -0.016372 -0.030635 -0.076898 -0.064495 -0.051818 0.027598 -0.061389 -0.143032 0.069831 -0.072049 0.074562 -0.084541 0.023567 -0.057139 0.045120 -0.030048 -0.123205 0.002790 0.175198 -0.032975 -0.079193 -0.049747 0.008399 -0.004054 -0.154320 -0.077737 -0.106004 -0.031928 -0.066452 -0.073998 0.083453 0.169527 -0.129727 -0.140151 0.042728 0.049626 0.088039 -0.138419 0.049024 0.088294 -0.037872 -0.036828 0.159438 -0.040707 0.085501 -0.009124 -0.019859 0.054004 -0.095773 -0.090185 -0.015898 0.143858 0.125898 0.120859 0.084067 -0.103883 -0.040578 0.013643 0.015782 -0.010542 0.063916 -0.077554 0.073365 0.058686 -0.017881 0.026310 0.072682 0.038646 0.061770 -0.034435 0.217449 -0.012828
0.010856 -0.031169 0.012421 0.064962 -0.139627 -0.086278 0.128110 0.024333 -0.054403 0.097810 -0.016431 0.006929 -0.126117 -0.015793 -0.034920 0.008550 -0.036946 0.132792 -0.094944 -0.199130 -0.055069 0.021976 0.014233 -0.030808 0.134570 0.003041 -0.075333 -0.195167 -0.046888 0.121369 -0.037093 -0.023709 -0.018323 0.046107 -0.047702 -0.063881 0.054689 0.070955 0.022858 -0.054450 -0.059399 -0.056062 0.040619 0.096961 0.015517 0.015220 -0.120152 0.014477 0.079328 0.052353 0.070918 -0.146768 -0.046673 -0.049305 0.053510 -0.045251 0.098149 0.057085 0.182716 -0.064062 -0.109571 0.048984 0.134080 -0.061921 -0.070863 0.082738 -0.075945 -0.048483 0.106212 -0.035998 0.038329 -0.065708 0.076894 -0.050000 -0.038612 -0.042268 -0.077755 -0.107483 -0.031824 0.036993 -0.000595 0.041113 0.068746 -0.065882 0.100826 0.063944 0.000423 0.022549 0.054504 -0.053418 -0.066708 -0.024967 -0.102034 0.010718 0.015199 0.117397 -0.123684 -0.040054 0.028111 0.092822 0.050145 0.009166 -0.045562 -0.022157 0.141887 0.099965 -0.007021 0.042879 -0.027989 0.066851 0.076813 0.080782
0.034930 -0.036914 0.018023 -0.018361 -0.014728 -0.013393 0.024261 0.073983 -0.029717 -0.026705 0.106733 0.063804 0.086798 0.018324 -0.114778 -0.007635 0.002474 0.048451 0.032467 -0.015461 -0.011808 -0.048834 0.019765 0.073409 -0.046044 0.025548 0.054236 0.025734 0.001490 0.117790 -0.034777 0.018428 0.066223 0.045207 0.001771 0.047066 -0.012311 0.036882 0.040309 -0.065548 -0.010215 -0.056789 0.109488 -0.023653 -0.057124 0.018379 -0.093497 -0.079931 -0.021203 0.048097 -0.014403 -0.115891 0.031651 0.086824 0.096034 0.066484 0.032846 0.026072 0.044349 0.022719 -0.091559 0.020708 0.135465 -0.020808 0.038523 -0.101177 0.001836 0.122499 -0.064742 0.051676 0.016490 -0.036176 0.058757 -0.061176 -0.035088 0.079958 -0.057581 -0.034243 -0.126881 -0.021025 -0.007834 0.026625 -0.032196 0.138638 -0.013850 -0.071570 -0.011268 -0.092334 -0.126571 0.146978 -0.065384 0.006577 0.013710 0.033053 0.061340 0.055581 0.036136 0.045962 -0.110656 0.033883 0.033628 -0.062546 0.050636 -0.109918 -0.011630 0.116001 0.048356 -0.035999 -0.052819 0.194828 0.020899 -0.015146
0.027574 -0.022834 -0.090555 -0.019117 -0.021665 -0.007389 -0.139568 -0.172206 0.053711 0.032680 -0.050301 -0.071435 -0.012025 0.102863 0.042067 0.092885 -0.012345 -0.022769 0.037700 -0.016096 0.043347 -0.045013 -0.112201 -0.042692 -0.004562 -0.003030 -0.075027 0.097211 -0.006155 -0.041424 -0.019906 -0.028876 0.048624 0.055624 -0.152551 0.047854 0.000601 0.069303 0.078693 0.141226 0.045260 -0.169412 -0.012577 -0.043755 0.022936 0.029425 -0.094613 0.064612 -0.048685 -0.005647 -0.093659 -0.021356 -0.063104 -0.040806 -0.057056 0.088079 -0.028309 0.044862 -0.084550 -0.003441 -0.008604 0.085906 -0.034958 0.069282 0.166293 -0.061604 -0.097481 -0.020317 -0.128701 -0.010614 0.024252 -0.054408 -0.019298 0.056220 0.023473 0.033427 -0.107204 0.054033 -0.032630 -0.006967 0.009475 -0.066827 -0.099714 0.096888 0.045656 -0.016942 0.153255 -0.023332 0.138790 0.098136 -0.045720 0.005841 0.045657 0.009381 0.117455 -0.013053 -0.022229 0.021609 0.164861 -0.093534 0.032973 -0.064105 -0.094646 -0.046682 0.087550 -0.068334 0.101436 -0.002180 0.106350 -0.030688 -0.024118 -0.131180
-0.193759 -0.073478 0.049588 0.016491 -0.041488 -0.076443 -0.018516 -0.081602 -0.052471 0.049078 0.008943 -0.113854 0.043877 0.010850 -0.022688 0.048114 -0.090946 -0.017283 -0.035710 -0.080823 0.074064 0.070511 0.018927 -0.028260 -0.039135 -0.102088 0.034106 -0.051758 -0.013176 0.165503 0.084917 -0.175920 -0.069097 -0.118336 -0.114586 -0.081764 -0.136626 0.101479 0.076881 0.023742 -0.047769 -0.018788 0.011182 0.034260 -0.032543 -0.009542 -0.014044 -0.047307 -0.057386 -0.072532 -0.081255 -0.062051 0.078168 -0.150757 -0.019853 -0.080949 -0.098345 -0.010891 0.037802 -0.049899 -0.078498 -0.015390 -0.057467 -0.054276 0.067568 -0.033688 0.013485 -0.017804 0.008458 -0.005655 -0.093105 0.062332 0.077041 -0.008562 -0.139771 0.123766 -0.059951 -0.071121 -0.141567 0.100197 -0.038824 -0.035404 0.062459 0.075245 -0.065309 -0.052019 -0.081147 -0.051015 0.036461 -0.006819 -0.146413 0.024001 -0.067412 0.000786 -0.084670 0.005736 0.007253 0.069181 0.099205 0.068750 0.005213 -0.064510 -0.050359 0.017050 0.038027 0.093369 0.068609 0.100980 -0.085464 0.050962 -0.060401 0.178924
0.046518 0.047237 -0.061276 -0.130646 0.004487 -0.220960 -0.010609 -0.137291 -0.134086 -0.059368 -0.032261 -0.078637 -0.064122 0.012531 -0.040475 -0.075870 0.016401 0.045758 -0.067390 0.047013 0.101471 -0.116404 0.023768 -0.086682 -0.106079 -0.040064 -0.060885 -0.111630 -0.029875 -0.053889 -0.047089 -0.260355 0.028936 0.045451 0.021795 -0.097368 0.111639 0.013123 0.052297 -0.080543 0.019764 -0.023431 -0.021166 0.086403 -0.137693 0.057492 -0.030970 -0.029478 0.022726 0.020958 -0.013743 -0.067785 -0.006797 -0.072873 0.034043 0.075147 -0.075819 -0.044036 -0.070343 0.004943 -0.061312 -0.060001 0.032994 -0.033532 0.080013 -0.123580 -0.053100 0.034292 -0.119251 -0.008604 0.036686 -0.150167 -0.025598 0.037406 -0.090851 0.051689 0.045996 -0.056505 -0.040481 -0.040988 -0.039420 0.031966 -0.142653 -0.026544 -0.077385 0.025190 0.053241 0.069432 -0.052221 0.004703 -0.123366 -0.012174 0.115916 0.066988 -0.049588 -0.016204 -0.070043 -0.023119 0.006575 0.092958 -0.059700 0.000783 0.052633 -0.131238 0.071259 0.131623 0.064974 0.106947 -0.059963 0.019365 -0.045650 0.005903
-0.177896 0.017918 -0.033467 0.101092 0.006910 -0.055291 -0.041447 0.080654 0.026147 -0.075886 -0.024025 -0.139298 0.021167 -0.065509 -0.020050 0.064136 0.041999 -0.068046 -0.052918 -0.069916 0.009599 -0.016952 0.005745 -0.168915 0.152788 0.150028 -0.012928 -0.039391 0.014373 -0.053426 -0.066317 0.095133 -0.065502 0.007704 -0.004180 0.058425 -0.051925 0.045126 0.041370 -0.071750 -0.003061 0.075987 0.041784 0.041466 -0.026661 0.068836 -0.118606 0.008941 -0.110477 0.047212 0.016972 -0.014365 0.032152 -0.010445 0.003648 -0.013490 -0.003709 -0.020462 -0.185023 0.115157 0.043729 0.035867 0.126162 -0.027839 0.045651 0.046443 -0.029205 -0.011938 -0.002809 0.078571 -0.085576 0.005037 0.036795 0.113351 -0.087064 0.001176 0.105014 -0.068694 0.152050 -0.027236 -0.073334 0.066695 -0.056801 -0.114487 -0.145725 -0.018054 0.055753 0.126956 0.092378 0.014545 0.021983 0.007214 -0.026525 0.047602 -0.019766 0.009433 -0.099259 0.003451 0.095140 -0.026503 -0.035122 -0.058688 -0.112837 0.024058 0.087747 0.051470 -0.069718 0.065793 -0.050293 0.013055 -0.001828 -0.032891
-0.070474 0.065218 0.058329 -0.014876 0.096431 0.063854 -0.003207 -0.001292 -0.146016 0.054564 -0.053785 -0.144658 -0.048473 0.094157 -0.000483 -0.030270 0.012020 -0.020944 -0.080054 0.138809 -0.001314 -0.011333 0.010551 -0.079043 -0.072182 -0.077622 0.046233 0.050223 -0.080976 0.009862 -0.156217 -0.066494 0.052029 -0.029424 0.045151 0.070260 0.151599 0.019428 0.072980 -0.028284 -0.098508 0.105960 -0.003809 0.084798 -0.010703 0.058805 0.025172 0.023116 0.057298 -0.003500 0.100126 -0.007975 -0.090967 -0.105361 0.026781 0.124585 -0.063758 -0.057148 0.021524 -0.080038 -0.029678 -0.016142 -0.007794 0.015458 0.001270 0.122545 -0.002410 -0.102284 -0.016099 0.084403 0.207674 -0.148638 0.094142 -0.079725 0.063226 -0.080902 -0.047455 0.019439 -0.101000 -0.021780 0.052105 0.054284 0.100688 0.063400 0.017126 0.175087 0.032782 -0.107972 -0.085954 -0.101487 -0.033777 -0.077844 0.029788 -0.071524 -0.046092 0.059985 0.183939 -0.007664 0.077636 0.059917 0.079219 -0.058220 0.073858 0.053737 0.086750 0.077106 0.074440 -0.053708 -0.054833 0.103900 -0.000836 0.065562
0.020324 0.000865 -0.058095 -0.087978 -0.050113 -0.029854 0.042449 0.056760 -0.009587 -0.021887 -0.049596 -0.074237 -0.020392 -0.063405 0.048963 -0.083535 0.122257 -0.005779 -0.106703 -0.048940 -0.005267 -0.017467 0.036408 -0.088321 -0.100448 -0.012244 0.139247 0.067376 -0.077566 -0.054762 -0.028426 -0.056480 0.036024 -0.108509 0.032672 -0.059227 0.024698 -0.026597 0.115621 -0.146298 -0.144584 0.050779 0.015924 -0.000426 -0.026837 0.102903 -0.008001 -0.015673 -0.185875 -0.051150 0.091315 -0.021271 0.018595 -0.130462 0.121967 -0.000399 -0.003348 0.002575 0.034673 -0.064302 0.187775 -0.035066 -0.069573 0.070154 -0.161555 -0.043681 0.009470 -0.118876 -0.002598 0.020758 -0.136938 -0.087976 0.045832 0.070307 -0.123456 -0.048321 0.060106 0.139042 0.108145 -0.087639 0.151655 0.162434 -0.016469 -0.138382 0.067815 -0.003835 -0.100588 0.005211 0.064335 -0.132346 0.020252 -0.077901 -0.041701 -0.026979 0.067890 -0.081361 0.011579 0.002533 0.092271 0.014689 -0.020760 0.002502 0.035005 0.019717 0.001719 0.004548 -0.176726 -0.155286 0.010010 -0.117638 0.069320 0.079642
0.120156 -0.109293 0.029203 -0.060029 0.067174 -0.009807 0.014358 -0.028068 -0.066972 -0.057664 -0.071767 0.086625 -0.026200 0.144396 0.054252 -0.011820 0.102727 0.059233 0.125472 -0.107439 -0.046163 0.122439 -0.027632 -0.032103 -0.054693 -0.045708 -0.050937 -0.028389 -0.037124 -0.002336 0.078709 0.166903 0.127750 -0.040493 0.032698 0.061186 -0.006686 -0.009959 -0.134287 -0.162268 0.044201 0.030929 -0.024539 0.127301 0.068714 -0.017140 -0.098413 -0.099915 0.012035 0.016741 0.172983 -0.028257 -0.094581 0.037622 -0.040332 0.130150 0.083200 -0.082449 -0.009018 -0.000287 -0.052850 -0.142554 0.035119 0.034149 0.090210 0.081250 -0.120801 0.081037 -0.029132 0.043204 0.060313 0.045724 0.053169 0.030129 -0.013957 0.159835 -0.100100 -0.024785 -0.010197 -0.116567 -0.068358 0.099784 0.092341 0.013082 0.102685 0.053571 -0.059383 -0.026434 -0.014542 0.073993 -0.027406 0.039798 0.062688 0.136698 -0.096875 -0.009970 0.003187 -0.107241 0.239903 0.060312 -0.160213 -0.004402 0.008951 0.031539 0.027766 0.050444 0.110602 0.022965 -0.037188 -0.023037 0.019036 -0.075319
-0.027790 0.193634 0.031583 -0.009769 -0.204302 0.006886 -0.127825 -0.021059 0.173478 -0.051867 -0.037534 0.076906 0.099144 -0.068637 -0.044940 0.014885 0.005318 0.050329 -0.007032 0.083606 -0.118109 -0.045452 -0.090241 -0.052017 0.037776 -0.068705 -0.015946 0.110164 -0.050834 0.050963 -0.043881 0.022228 0.013500 0.018490 -0.016565 0.052702 0.100020 -0.067674 -0.084593 -0.035105 -0.031550 -0.030724 0.026893 0.001589 -0.089284 -0.042395 -0.061190 0.066995 -0.001957 0.007886 -0.036979 -0.055680 -0.079592 -0.216595 -0.175885 0.092995 0.017359 0.019634 0.027564 0.116284 0.043489 -0.008806 0.055312 -0.079671 -0.089442 0.028641 -0.095429 -0.015302 -0.004457 -0.039248 -0.024784 -0.108389 0.021468 0.161650 -0.157000 -0.110190 -0.046743 0.033069 0.017941 0.021863 0.043883 0.047395 0.033427 0.090380 0.058159 0.084442 -0.063854 -0.218202 -0.033463 0.014349 0.028591 -0.011399 -0.045408 -0.094521 -0.105860 0.068553 0.023487 0.145239 0.068690 -0.013602 -0.018678 -0.033563 -0.061825 -0.013007 -0.050116 0.038326 -0.027094 -0.189633 -0.118264 -0.034951 -0.130471 -0.030996
0.087282 0.060345 -0.065993 -0.026483 -0.048144 0.063340 0.078927 -0.181620 0.011637 -0.092838 -0.049426 -0.107366 -0.016666 0.043848 -0.084574 -0.098874 0.030827 0.043600 0.004147 0.033572 0.033521 0.030053 -0.067482 -0.162736 0.058428 -0.091896 -0.032998 -0.079648 -0.130559 0.010106 0.096214 0.026133 0.110160 0.024339 -0.088252 0.056990 -0.031513 0.086978 -0.052566 -0.015235 -0.067263 -0.133311 -0.001083 0.039092 -0.063473 -0.080552 -0.141968 -0.073292 0.018812 0.026589 -0.045927 0.046256 -0.035498 -0.048331 0.121308 0.060346 -0.041536 -0.000666 -0.085486 0.010600 -0.045144 0.147746 -0.010050 0.023683 0.019894 -0.056157 0.046500 0.106670 -0.005873 0.098862 -0.080309 0.108988 0.173912 0.040155 0.100962 0.076651 0.009065 -0.006034 0.012429 0.024595 0.006846 -0.117831 0.001661 -0.026908 -0.025998 -0.109479 -0.017864 0.136043 0.025558 0.037623 0.018082 0.071262 -0.074232 0.077141 -0.041818 0.054010 -0.007049 0.107593 0.089662 0.005962 0.060826 -0.052306 0.063031 -0.027148 0.080077 -0.034719 0.240250 0.006149 -0.075162 -0.180097 0.035588 -0.004414
-0.044585 0.099392 0.100801 -0.017995 -0.102036 0.097040 0.027154 -0.033807 0.078604 0.036059 -0.106393 -0.035726 -0.039309 -0.097635 0.053258 -0.028862 0.026477 -0.095627 -0.009820 -0.014479 -0.119532 -0.091828 0.017044 0.112114 -0.099140 -0.134220 -0.133863 -0.005009 -0.026142 -0.035086 0.023882 -0.083928 0.097178 0.085209 -0.127046 -0.067777 0.018759 0.019525 0.010579 -0.032921 0.097721 0.073524 0.068972 -0.072345 0.018882 -0.004632 0.036976 -0.050137 -0.007787 -0.008767 -0.138459 -0.038051 -0.072932 0.045659 0.037936 -0.000665 0.004899 -0.132223 -0.068105 -0.056210 0.027510 0.048105 0.040090 -0.094299 -0.017981 -0.137652 0.064069 -0.075163 0.005124 -0.008956 -0.010299 -0.009761 0.002470 -0.076828 0.052985 0.126227 0.022517 -0.023610 -0.087458 0.019560 -0.019530 0.029730 0.087866 0.080155 -0.071572 0.087585 -0.140920 0.047082 0.100322 0.015261 -0.018162 -0.150601 0.071188 0.045677 -0.009736 -0.003346 0.102303 -0.215199 0.198013 -0.027138 0.216866 -0.023312 -0.015486 0.048870 -0.075165 -0.101502 0.024152 -0.001805 0.116714 0.048558 0.048425 0.093531
-0.098548 0.027501 0.082932 -0.010998 0.053348 0.069067 0.008972 -0.060975 0.065762 -0.036856 -0.054028 -0.016019 -0.052602 0.037477 0.032604 0.011718 0.103132 -0.076540 -0.111763 0.033732 -0.059330 -0.009420 -0.180406 0.098072 0.089947 0.106095 -0.082628 0.159737 -0.077003 0.026938 0.075917 0.058819 0.177370 -0.041127 -0.056332 -0.130414 -0.031545 -0.064368 -0.053846 0.086976 -0.006835 0.125147 -0.024386 0.031054 -0.028668 -0.000123 -0.102937 -0.000114 0.003253 -0.103388 0.040226 -0.047240 -0.133207 -0.000407 0.076300 0.107201 -0.076712 0.000282 -0.107411 -0.060076 -0.002873 -0.067061 0.001812 0.015632 0.016329 0.054588 -0.010729 0.100372 -0.039249 -0.065114 -0.025773 -0.036669 0.111577 -0.017141 0.046795 0.000968 0.070771 -0.059278 -0.036905 -0.013713 -0.013790 0.214980 -0.024173 -0.037776 -0.027605 0.016992 -0.026607 0.032451 -0.104133 -0.010473 0.122157 -0.083541 -0.017896 -0.089451 -0.069609 0.075582 0.010601 -0.154758 0.063153 -0.032590 0.078119 -0.007118 -0.034475 -0.054947 0.087498 -0.110673 0.037579 0.098082 0.100431 0.029149 -0.153446 -0.001560
0.024909 -0.093840 0.011926 -0.009073 -0.042927 0.072901 0.075025 -0.086752 -0.073916 0.060395 -0.016535 0.045090 0.018515 0.015907 0.034447 0.101364 -0.046397 0.012605 0.018691 0.039001 0.171471 0.013788 -0.222668 -0.017824 -0.008606 -0.083452 0.055219 0.067141 -0.047082 0.106048 -0.233287 -0.105642 -0.026560 -0.058147 -0.039051 0.022063 0.005006 -0.041744 -0.100777 0.204814 0.027935 -0.090789 -0.014902 0.027041 -0.051858 -0.224517 -0.127662 0.022631 0.051184 -0.004575 -0.072538 0.049698 -0.087604 -0.121573 0.034453 -0.085206 -0.101982 0.034943 0.031751 -0.085351 0.044192 0.043020 -0.044842 0.031047 -0.022571 0.058802 -0.000901 -0.077874 -0.045894 0.113784 0.007106 -0.067985 0.141136 -0.083423 0.020114 0.064569 0.016579 0.050404 -0.041739 0.038397 0.021309 0.032793 -0.009789 -0.081993 -0.025705 -0.082486 0.106203 -0.079967 -0.034049 0.111791 -0.075843 -0.043703 0.091754 0.019885 -0.038939 -0.066313 0.043200 0.017731 0.075008 0.075733 -0.040333 0.146905 -0.030448 0.031958 -0.131120 -0.229372 0.079134 0.017202 -0.047212 -0.003534 -0.012728 0.140488
0.046702 -0.087547 0.018739 0.140958 -0.059849 -0.067942 0.031604 -0.042653 -0.106629 0.055934 0.183565 0.044023 -0.033374 0.017333 -0.001419 0.059264 -0.129836 -0.041026 -0.120105 -0.037730 -0.085026 0.013541 -0.062458 0.078558 0.004036 0.040088 -0.133260 0.043296 -0.107269 0.063238 0.096826 -0.122745 -0.023354 0.005819 -0.049700 0.042167 0.066127 0.025706 -0.081872 0.045889 0.054267 0.011666 0.054012 -0.007946 0.058370 -0.011212 -0.048724 -0.187389 -0.014661 0.067084 -0.161337 0.025001 0.022664 -0.074076 0.137123 -0.059259 -0.031551 -0.080832 -0.150991 0.003022 -0.040395 0.037628 -0.110345 -0.031424 0.123867 -0.144386 -0.014711 0.135300 0.027706 0.026849 -0.097800 0.057333 0.075099 -0.045916 0.073300 -0.089813 0.088393 0.005544 0.056546 -0.080411 0.077808 0.081180 0.032968 -0.026481 0.184043 0.037987 0.048881 0.040751 0.010639 0.010099 0.020961 -0.118948 0.076983 0.046623 -0.021043 0.007807 0.007167 0.007395 0.086277 0.020941 0.109079 -0.072185 0.057527 -0.043636 0.072795 -0.033069 0.032882 -0.002950 0.027889 0.019487 0.081490 -0.000009
-0.018485 -0.135604 0.011927 0.024092 -0.094932 0.022856 0.067868 0.057721 -0.174228 -0.045757 0.023292 0.131128 -0.008755 -0.220111 -0.040124 0.033339 0.091737 -0.022842 -0.188847 0.018876 -0.011732 0.031465 0.069111 0.049540 0.024565 0.000660 -0.098444 0.206939 -0.069701 0.127010 -0.134162 0.002197 -0.147855 -0.080712 0.155692 -0.010196 -0.060733 0.017936 0.099104 -0.048012 -0.151733 0.054567 0.047523 -0.107543 -0.176639 -0.112139 0.041649 -0.041245 -0.018146 -0.020251 -0.047967 -0.005736 -0.114279 0.053016 -0.013065 -0.021417 -0.006019 -0.042256 -0.119245 0.029112 0.029234 -0.112174 0.055952 -0.070388 -0.031220 0.011505 0.003906 -0.152451 -0.038413 -0.111748 0.125638 0.026657 -0.009650 -0.180888 -0.146105 -0.036809 0.040671 -0.031836 0.022232 -0.044662 -0.062543 -0.121054 0.175865 -0.126397 -0.008280 -0.025372 0.114432 -0.054181 -0.055632 0.006977 0.048996 0.011402 -0.018509 -0.035977 -0.034918 -0.023821 -0.104567 0.044083 0.070868 0.024057 0.109417 0.131547 -0.039388 -0.029292 -0.100902 -0.021919 -0.022801 0.018062 0.049737 -0.065441 0.043998 -0.038449
-0.027243 -0.071445 -0.000107 0.000159 0.047199 0.089314 -0.004860 0.071283 -0.002957 0.079945 -0.028933 -0.080290 0.026207 -0.122490 -0.036311 -0.082599 -0.042267 -0.068797 -0.123455 -0.018467 -0.020794 0.049716 0.014487 -0.021689 -0.035908 0.117530 -0.034577 -0.059095 0.137305 0.098992 -0.005894 0.107527 -0.075036 0.033367 0.006099 0.099789 0.014375 0.005994 -0.210300 0.045253 -0.109274 0.009143 -0.026027 0.198471 0.023888 -0.044245 -0.099418 -0.010189 -0.125802 -0.007059 0.081150 0.011868 0.027108 -0.031634 -0.075511 -0.097425 -0.105819 -0.076985 0.025740 -0.018059 -0.054087 -0.082611 0.114949 0.013558 0.066536 0.057766 -0.202269 -0.033186 -0.047724 0.023359 -0.030544 0.010571 -0.017271 0.078889 -0.091912 0.011925 -0.047620 -0.055012 0.010272 0.109729 0.010328 0.001521 0.027859 -0.057075 -0.054541 0.028912 0.043635 0.007158 -0.023294 -0.052814 0.001638 0.061943 0.085956 -0.014788 -0.033295 -0.168332 -0.207589 0.023364 0.125532 -0.029728 0.028176 0.037308 0.015692 -0.013081 0.068701 -0.070310 -0.044295 0.097688 -0.025279 -0.151005 0.023840 -0.087281
-0.038095 -0.021476 0.035032 -0.051367 0.068242 -0.040056 0.055277 0.105416 0.070685 -0.115099 -0.018435 -0.011323 0.000545 -0.047036 -0.090738 -0.066162 -0.011426 -0.031355 0.042597 -0.049388 0.035799 0.183595 -0.039488 -0.016275 0.019526 0.050691 0.067848 0.031676 0.008669 -0.062915 0.109958 0.070352 -0.043930 -0.040002 0.151961 -0.163653 -0.048507 0.048040 0.038349 -0.082718 0.027878 0.104642 -0.094525 -0.020593 -0.017784 0.074435 -0.108994 -0.068572 -0.049553 -0.030687 -0.037590 0.090910 0.024954 -0.137891 -0.040770 0.008381 0.070737 -0.042366 0.051264 -0.073551 0.054887 0.003684 -0.022302 0.016478 -0.172492 -0.026928 -0.130544 -0.031380 0.065522 -0.002185 -0.169089 0.018117 -0.012176 0.039447 0.041924 -0.013122 0.023066 0.016871 0.008248 -0.105544 0.011470 -0.030933 -0.157977 -0.007247 -0.048367 0.187426 -0.150534 -0.063054 -0.095641 -0.184420 -0.023459 -0.139269 -0.078376 -0.040636 -0.039955 -0.003572 -0.005876 -0.044097 0.032173 0.039434 -0.096855 -0.083665 -0.039070 0.049128 -0.088951 -0.053412 -0.085751 0.091575 0.069738 -0.115272 0.049927 -0.056008
0.020049 -0.173354 -0.197494 0.000115 0.015637 0.004294 -0.038272 -0.151503 -0.098988 0.069681 -0.029775 -0.017440 -0.029875 0.175519 -0.121116 0.030198 -0.100153 -0.065941 -0.035675 -0.040276 -0.054346 0.022920 0.082190 -0.006469 -0.059235 0.021158 0.013294 -0.084679 -0.051297 0.011528 0.084087 -0.053957 -0.073862 0.013582 -0.075430 -0.107252 -0.032559 -0.073127 0.031996 0.020656 -0.089162 0.010785 0.054521 0.013879 0.016110 0.057863 -0.048956 -0.049516 0.103922 -0.029919 -0.006658 0.033236 0.037228 -0.068088 -0.062171 0.027062 0.007507 0.040391 -0.029548 -0.039678 0.006593 0.016978 -0.202697 -0.024649 0.026879 0.069601 -0.054019 -0.033670 0.060027 0.036490 -0.017680 0.058041 0.132077 -0.124817 0.168610 0.073862 -0.072494 -0.054815 -0.152987 -0.072997 -0.090648 0.017836 0.004501 0.151156 0.044243 0.043432 0.030194 -0.037519 -0.093490 -0.071727 -0.017172 0.027836 -0.008937 -0.078688 -0.089125 -0.085360 -0.040658 0.006107 0.036146 0.048357 -0.061679 0.017749 0.043548 -0.123155 0.024997 0.025434 -0.020480 0.003185 -0.079126 0.028824 0.087244 0.107463
-0.007753 -0.008259 0.106536 0.072587 -0.115840 -0.082575 0.005109 -0.050928 -0.008068 -0.085240 -0.031154 -0.095383 -0.062927 -0.065800 -0.060563 -0.043606 -0.031381 -0.007544 -0.014128 -0.059223 0.038166 -0.056241 0.049069 -0.034273 -0.025899 -0.012564 0.024466 0.084003 -0.017418 0.009631 -0.036248 -0.039896 -0.057727 -0.123230 -0.072832 -0.021864 -0.001837 0.030025 -0.033133 0.053106 -0.059016 -0.011651 -0.023959 0.010730 0.104300 0.011331 -0.006808 -0.063157 -0.026615 0.097501 0.005098 0.027973 -0.045859 -0.047922 0.053394 0.113127 -0.055764 -0.016696 0.026133 -0.054115 0.005133 -0.009951 0.079783 -0.026307 -0.011807 0.040487 -0.078307 -0.012279 0.131402 0.021353 0.064964 0.074329 -0.069996 0.097655 -0.065942 0.040350 0.074926 -0.005397 0.053715 -0.132246 0.016249 0.010545 -0.121429 -0.051085 0.207430 0.011358 0.065979 0.003121 0.078411 -0.059014 -0.034810 -0.076772 -0.031020 -0.208782 0.000327 0.166182 -0.024444 -0.029104 -0.063050 -0.079214 -0.113068 -0.022530 -0.044363 0.044332 0.108095 -0.064761 0.055373 0.053029 -0.022906 -0.073296 0.074686 0.017150
0.132168 0.127918 -0.035294 0.019444 0.052050 -0.037309 0.162074 -0.041926 0.089279 -0.026791 -0.021575 0.020943 -0.064371 -0.004411 -0.038646 0.126004 -0.089367 -0.105881 -0.013004 0.047842 -0.044566 -0.171149 -0.003686 -0.027963 -0.040535 -0.007437 0.035064 -0.005841 -0.139540 -0.043520 0.037063 0.040959 0.107027 0.065689 -0.126542 -0.029240 0.043677 0.084446 0.022538 0.004023 0.079783 -0.067848 -0.046808 -0.019443 -0.021787 -0.009784 -0.020375 -0.024621 0.139220 0.084496 0.142517 0.007139 -0.104694 -0.063798 0.013618 0.077994 -0.051342 -0.046059 -0.022549 -0.012255 -0.045077 0.020830 0.050792 -0.047491 -0.056214 -0.057242 -0.128471 0.092272 0.072112 0.024057 -0.067869 0.093863 0.099770 -0.069784 0.026578 -0.016425 0.055207 -0.053824 0.039926 -0.091138 0.078427 -0.031104 -0.028374 -0.009190 -0.001462 0.050912 -0.032387 0.004723 0.049864 0.026226 -0.027682 0.057552 0.130483 -0.145991 0.024312 -0.029744 -0.169539 -0.012044 -0.042445 -0.006785 0.047775 0.040730 -0.023065 -0.061992 0.024286 0.023436 0.061172 -0.038131 -0.033863 0.025723 -0.165843 -0.042241
0.030924 -0.146480 0.017921 -0.052403 -0.062106 0.055744 -0.040778 -0.055524 0.025542 -0.048826 -0.040309 -0.038946 0.001306 0.170645 -0.094713 -0.011160 -0.042546 0.055484 -0.026033 0.055067 0.086647 -0.042612 -0.077189 -0.146057 0.005265 -0.064634 -0.038565 0.057276 -0.000514 -0.030163 -0.056663 -0.122437 0.031155 -0.030251 0.030166 0.050454 -0.092421 0.031444 0.131805 -0.011205 -0.074318 -0.082115 0.070361 -0.014994 0.073178 -0.030312 0.012415 -0.166264 0.111409 0.039782 -0.055251 0.085272 -0.000299 -0.111721 0.010159 0.036317 0.029498 0.135672 0.128200 -0.000088 0.019016 0.034654 0.071699 0.033794 -0.008329 -0.109403 0.108120 -0.097906 0.015820 -0.039877 -0.117888 -0.114310 -0.062297 -0.046056 0.033042 -0.045011 -0.025336 -0.028360 -0.043909 0.080053 -0.058441 0.009936 -0.063529 -0.036589 0.073816 -0.017773 0.008051 -0.022929 0.069361 -0.018193 -0.066925 0.007051 0.031940 -0.034643 0.002092 -0.097192 -0.002278 -0.015857 0.007323 0.069011 -0.126880 -0.067061 -0.056152 -0.050155 0.075450 0.002311 -0.004536 -0.062670 -0.138977 -0.082079 -0.052739 -0.015442
0.006639 -0.025730 -0.048013 0.118832 -0.026642 -0.025363 -0.160128 0.029726 0.016858 -0.096547 0.146164 0.021136 -0.013589 0.031134 0.143052 -0.082757 -0.091051 0.061102 -0.075189 -0.081002 0.058611 0.102316 -0.130421 -0.041933 0.040777 -0.072643 0.011788 -0.007033 -0.038381 -0.145097 0.000350 -0.009910 -0.046193 -0.135757 -0.005544 -0.112247 0.034681 -0.013931 -0.028933 -0.060991 -0.026149 0.042118 -0.008019 0.099558 0.026321 -0.066483 -0.116263 -0.079986 -0.131523 -0.051468 -0.005734 0.036563 0.000553 -0.068059 -0.006416 0.013992 -0.021538 -0.033260 -0.069879 -0.113233 0.048226 -0.088612 -0.062104 0.000682 -0.023627 0.004948 -0.016116 -0.059539 0.001540 0.023309 0.029110 -0.022256 0.009216 -0.000621 0.169277 -0.037387 -0.152093 -0.018429 0.075063 -0.052301 -0.089026 -0.056495 -0.097766 0.007397 0.040555 0.061700 -0.093281 0.162092 0.047658 -0.038553 0.049672 0.025732 -0.044725 -0.058850 0.033932 0.057895 -0.172626 -0.057969 -0.070023 -0.006903 -0.072559 -0.052888 0.050931 0.010758 -0.010714 -0.023866 -0.079516 0.160027 -0.069659 0.137967 -0.091280 -0.013760
0.096434 -0.002164 0.064353 0.040849 -0.099835 -0.048551 0.067047 0.149693 -0.234618 -0.135725 -0.184205 -0.097337 -0.094939 -0.046424 0.024433 0.009893 0.023256 0.007200 0.018827 -0.051050 -0.122438 -0.009571 0.042468 0.023257 0.102649 0.035662 -0.047525 0.048375 0.056137 0.010232 -0.015478 0.048351 -0.078588 0.074253 0.110470 0.062544 -0.024277 0.112777 -0.100852 0.085304 0.020334 -0.126965 0.084785 -0.000891 0.057028 0.011591 -0.099120 -0.131693 -0.085095 0.006187 0.095431 0.107652 -0.096383 -0.007973 -0.054319 -0.117861 0.003663 -0.003092 -0.121897 -0.163596 0.076344 -0.062285 0.041529 0.028860 0.055744 0.028178 -0.026609 -0.126826 0.119235 0.056593 0.051036 0.021024 -0.037221 -0.068129 -0.077249 0.086105 -0.022683 -0.009938 -0.133691 -0.085099 -0.019583 -0.089578 0.053925 -0.009279 -0.107964 0.039121 0.142787 -0.061841 0.011317 -0.011578 -0.010651 0.027366 -0.027092 0.142898 0.001825 0.013201 0.035253 -0.091109 -0.047681 0.065155 -0.025752 -0.092878 0.030853 0.021452 -0.084853 0.036432 -0.123435 -0.004428 0.118545 -0.058009 -0.068091 0.077566
0.008476 -0.116330 0.042138 -0.008594 -0.041866 -0.000587 0.034432 -0.050940 0.004902 0.088700 -0.208022 -0.034633 -0.094747 -0.033126 0.049473 0.122883 0.028290 -0.010437 0.133838 0.003766 -0.049423 0.094325 -0.170223 -0.078196 0.018760 -0.034211 -0.031243 0.029093 -0.013490 0.100980 0.105175 0.163830 0.126174 -0.071412 0.024657 0.062322 -0.021288 0.123556 -0.061902 0.003014 0.100261 -0.035622 -0.009746 0.133084 0.094275 0.059862 -0.072217 -0.120659 0.013360 0.061879 0.075765 0.147301 0.004237 -0.061884 -0.006513 0.007556 -0.067662 0.066928 0.051557 0.027398 -0.218545 0.134277 0.059554 -0.046062 0.023308 -0.016936 0.011037 0.029606 0.019668 -0.072620 0.006060 -0.031510 -0.148672 0.040559 -0.037382 -0.031288 -0.092516 0.072761 -0.017911 -0.112364 -0.120507 0.003706 0.045850 0.013556 -0.072162 0.038847 0.035465 0.246090 -0.000521 0.050475 -0.021699 0.111529 -0.037270 -0.071835 -0.067399 -0.046549 0.158004 -0.003811 -0.186260 0.035895 0.002087 0.053613 -0.005370 -0.025495 -0.027546 -0.002729 -0.004270 0.004682 -0.044271 0.100394 -0.011498 -0.116676
-0.053931 -0.058714 0.034988 0.054164 -0.010585 -0.049402 0.011589 -0.050687 0.042603 -0.064678 0.039988 0.085972 -0.020220 0.168094 0.136228 0.001696 -0.059521 0.063853 -0.028336 -0.032141 -0.029743 -0.026017 -0.103661 0.012545 -0.041047 0.023641 0.070426 -0.000428 -0.120328 -0.160612 0.059301 -0.045934 -0.129328 -0.060761 -0.015080 0.109553 0.003359 -0.057716 -0.088209 -0.024342 0.084576 -0.022805 0.000175 -0.100339 -0.103647 0.057341 -0.028307 0.011071 0.141962 0.000042 0.035594 -0.086830 -0.016922 -0.134088 0.082862 0.041002 -0.093890 0.019721 0.055092 -0.002438 0.011864 -0.056718 -0.181496 -0.041852 -0.135261 -0.010073 -0.035334 -0.098118 -0.069905 -0.140463 -0.041308 -0.014077 0.058182 -0.165795 -0.070962 -0.092711 0.009386 0.018832 0.055143 0.220458 -0.192850 -0.073362 0.011902 -0.177458 -0.048131 0.020494 0.014488 0.047412 0.062351 0.082375 -0.060057 -0.072027 -0.002112 0.012204 0.036537 0.049548 0.042993 -0.061537 -0.058655 0.001130 -0.128410 -0.056277 -0.093194 0.016587 0.040960 -0.147677 -0.079066 -0.009260 -0.024274 -0.020666 0.118541 -0.124434
0.070168 0.000411 0.116151 0.047437 0.025797 0.031502 0.019213 -0.053232 -0.093787 0.085929 -0.082849 -0.068045 -0.046094 -0.123649 0.030251 0.013083 -0.086202 -0.069532 -0.028137 -0.112141 -0.005824 -0.054212 -0.168567 -0.070890 0.030092 0.038045 0.136942 0.090860 -0.083060 0.024303 -0.001320 0.033887 0.057331 -0.015155 -0.172555 0.175129 -0.007176 -0.058870 0.000805 -0.043307 0.080139 0.022905 0.033784 0.118610 0.126259 -0.019810 -0.070925 -0.022118 0.093793 -0.031220 -0.041566 -0.004252 0.116555 -0.117948 0.031187 -0.010337 -0.088719 -0.019722 0.094678 0.074643 0.055404 -0.020398 -0.029723 -0.023097 0.034451 -0.033327 -0.010499 0.088502 -0.042445 0.069132 -0.043327 0.069586 -0.047238 0.010411 0.007552 -0.026787 0.015105 -0.082816 0.089106 -0.136529 0.056487 -0.040326 -0.066768 -0.049830 -0.124080 0.053025 -0.011864 -0.165950 -0.018140 -0.021021 0.093342 -0.117777 -0.078326 -0.121648 0.137509 0.013197 0.153032 0.059673 -0.011758 -0.087253 0.096196 -0.042139 -0.115523 0.043225 0.029930 0.144473 -0.139762 -0.027282 0.030313 0.155403 -0.014808 -0.007743
0.009973 -0.114279 -0.051078 0.090909 0.070830 -0.034360 -0.149838 0.216583 0.070062 0.060194 -0.117994 -0.053324 -0.077790 0.079111 0.074224 -0.121078 -0.002131 0.005147 0.003732 -0.063063 -0.019380 -0.050990 0.062286 -0.072736 -0.130688 -0.007858 -0.013323 -0.071336 -0.026439 0.023767 0.017342 0.016050 0.053503 0.083191 0.078483 0.009718 0.045310 -0.004170 -0.053989 0.160805 0.038394 0.082302 0.047895 -0.029093 -0.019441 -0.097874 -0.146179 -0.007879 -0.012745 0.053450 0.031987 0.017407 0.017583 -0.048693 0.060994 -0.004583 0.147759 0.031012 -0.003059 -0.041537 -0.031968 -0.033969 -0.051172 0.112420 -0.031460 0.003587 -0.024058 -0.185500 -0.011038 0.066590 0.153671 -0.047516 -0.064364 0.015262 0.004018 0.024579 -0.031030 0.092925 -0.031526 0.043339 -0.010967 -0.138448 -0.108947 -0.092408 0.000081 -0.118604 0.033174 0.015481 0.001379 0.067053 0.050494 -0.006227 -0.100248 -0.061149 -0.093991 -0.094002 -0.032341 -0.085713 -0.166790 -0.080057 0.002050 -0.005445 0.051064 -0.038664 0.019981 -0.042947 0.069989 -0.007260 -0.090407 -0.062677 -0.097283 -0.061132
-0.025819 -0.080397 -0.001369 -0.091778 0.197802 -0.088439 -0.040881 0.029640 -0.012583 -0.023249 0.058622 -0.010855 0.111308 0.000681 0.039038 0.102589 -0.085406 0.020824 0.075801 -0.074721 -0.011634 0.006389 0.113363 -0.021369 0.002575 -0.102387 0.033187 0.008877 -0.039505 -0.062542 0.004736 0.085836 -0.062101 0.036206 -0.005644 -0.019901 0.060314 -0.051879 0.036783 0.043408 -0.076361 0.045673 -0.023344 0.008809 0.169471 -0.030260 -0.013888 -0.055298 -0.057864 0.112325 0.016877 0.132111 0.118064 0.055655 0.016160 0.057343 -0.026096 0.045499 -0.017936 0.115766 -0.005956 -0.065538 -0.039438 -0.016836 -0.145534 0.122639 -0.129892 -0.043434 -0.037148 -0.023606 0.012798 -0.078739 -0.094493 -0.032586 0.043453 -0.030065 -0.022538 0.091980 -0.017182 0.068906 -0.115681 -0.266444 0.136576 -0.052168 0.038550 -0.020379 -0.036895 -0.009039 -0.068504 -0.003758 0.032695 0.065592 0.053132 -0.133123 -0.082194 0.042580 0.018013 -0.064855 -0.022077 -0.072997 0.107903 0.019422 -0.012212 0.106096 -0.124362 0.021869 0.088508 -0.072050 -0.053462 -0.048308 -0.025230 -0.044120
-0.068892 -0.002667 -0.046345 -0.034769 0.081055 0.022683 -0.090884 -0.130106 -0.065897 0.044019 0.123076 -0.038246 0.195422 -0.014618 -0.029887 -0.064373 0.150051 -0.051142 -0.169256 -0.140682 -0.195434 0.046943 0.081672 0.016684 0.097003 0.002784 0.136757 -0.039041 -0.067636 0.078560 0.087178 -0.108752 -0.013160 0.060821 -0.110467 0.018748 0.077516 0.054600 -0.075722 0.017103 -0.048737 -0.002358 0.040017 0.068542 -0.071946 -0.171781 -0.023035 -0.039381 -0.022795 0.039917 -0.021789 0.032526 -0.044476 -0.066519 0.029593 -0.009043 -0.071788 -0.034966 0.060851 -0.125982 -0.095905 0.011038 -0.045275 -0.162257 -0.009016 0.118615 0.127202 -0.019821 -0.045314 0.000180 0.173641 0.014295 0.033035 0.053752 0.038173 -0.125497 0.150050 0.053540 -0.032229 -0.047124 0.038518 -0.017303 0.015184 0.035389 -0.047976 -0.002221 -0.012805 0.130497 -0.126854 -0.071177 -0.042608 -0.011474 0.097851 0.107223 -0.009944 0.089364 0.140780 -0.012730 0.084829 -0.169908 0.065465 0.072997 -0.013112 0.019040 -0.027146 -0.113173 0.081714 -0.067539 -0.043413 -0.066545 0.123137 0.034413
-0.134697 -0.041790 0.171509 0.084127 0.092138 0.017149 -0.064294 -0.071338 -0.000509 -0.093114 0.069480 -0.111472 0.134387 0.016768 0.105863 0.127353 0.049498 -0.078006 -0.025917 -0.118516 -0.026454 0.022269 0.124739 -0.057557 -0.039861 0.032900 0.149948 -0.074219 0.018870 -0.154111 0.002551 -0.074727 -0.037217 0.007270 -0.053097 0.024604 -0.025006 0.079783 0.117554 -0.057419 -0.048666 0.060195 -0.060633 0.125934 -0.011078 -0.089270 0.067046 -0.146043 0.151863 -0.013644 -0.047620 -0.068416 -0.103792 -0.139351 0.069140 0.029631 -0.079181 0.053325 -0.049188 -0.075764 -0.068232 0.034328 -0.101842 -0.073023 -0.031639 0.027217 -0.008674 0.047496 -0.073063 -0.026882 0.040027 -0.044354 -0.016425 -0.002512 0.012513 -0.011054 -0.001418 0.038720 0.216615 0.104487 0.017918 0.166420 -0.084826 -0.017945 -0.059721 -0.033552 0.058421 -0.070201 -0.122538 -0.115890 -0.002580 0.065879 0.016622 0.018741 -0.013034 -0.100109 -0.013232 -0.100961 -0.000168 0.037364 -0.087223 0.070415 -0.053329 0.139034 0.091052 0.019427 -0.043405 0.094156 0.126451 0.104125 -0.058492 -0.019941
0.087740 0.024518 0.008624 0.063990 0.110308 0.046785 -0.115845 0.074842 0.157710 -0.113062 -0.081648 -0.003439 0.026123 0.011827 -0.037014 -0.084256 -0.079026 -0.038362 0.132387 -0.072134 -0.127746 0.027018 0.002212 0.118012 -0.018772 0.035599 0.020757 0.038741 -0.023315 -0.022765 0.024611 0.075145 0.066094 0.004659 0.011814 -0.024482 0.084523 0.053914 -0.066646 -0.003031 -0.131397 0.022951 0.056575 0.005331 0.047503 -0.163595 -0.029263 0.175804 0.008864 -0.036939 0.134179 0.051087 0.048180 0.043593 -0.024704 0.057701 -0.036201 0.029921 0.052815 -0.006003 -0.048212 0.073869 -0.018344 0.055753 -0.073994 0.074928 0.014942 -0.063967 -0.120804 0.094828 0.022604 -0.020543 -0.102161 -0.028819 0.030570 0.042527 0.026936 0.073085 0.025763 -0.072885 -0.002464 -0.049450 0.093627 -0.072684 0.112137 -0.021399 -0.019898 -0.060071 -0.009576 -0.122474 0.104969 -0.049057 -0.021553 -0.071269 -0.035409 -0.005617 -0.118259 -0.052740 -0.054328 -0.018942 -0.055661 -0.085937 -0.072704 -0.095507 -0.009907 0.009914 0.071787 -0.152016 0.149222 -0.058873 0.019778 -0.010611
-0.160605 -0.009602 0.004182 -0.066539 -0.025820 -0.064577 0.008665 0.079817 0.018658 -0.043413 -0.065192 0.083961 -0.045155 -0.048632 -0.176767 -0.122387 0.035935 -0.040454 -0.011811 -0.018293 0.043016 0.039460 -0.045223 0.057890 0.005251 -0.032376 -0.011409 -0.028744 -0.111936 0.022445 -0.003625 -0.069980 0.132924 0.152661 -0.084945 0.188956 0.089544 -0.040546 0.003850 0.138310 0.006874 0.129589 -0.069248 -0.007015 -0.053598 0.205783 0.000945 0.132814 0.062072 -0.018477 0.062098 -0.016538 0.087886 -0.092202 0.009803 -0.051029 -0.031778 -0.052606 -0.029200 0.034521 0.058932 0.097336 -0.110671 0.088360 0.018315 0.018109 0.017244 -0.125100 -0.031634 0.072422 0.121764 0.024516 -0.032041 0.059300 -0.035125 0.013009 0.091044 -0.009035 -0.001087 -0.126818 -0.062628 -0.034834 0.013633 0.065642 -0.035339 0.057220 -0.046025 0.150807 -0.083306 -0.001236 -0.033825 -0.036901 -0.167134 -0.096017 0.119837 -0.051606 -0.022160 -0.040562 0.044487 -0.005688 -0.110747 0.037586 0.042511 -0.127634 0.095884 0.054792 -0.075405 0.077504 0.008543 -0.047758 0.111102 -0.016331
0.105418 -0.055401 0.036037 -0.077043 0.120834 0.086211 0.089379 0.093726 -0.026458 -0.037115 -0.068756 -0.107431 -0.058325 0.057602 0.034693 0.053906 -0.062016 0.043873 -0.081923 0.088646 -0.092781 -0.179956 0.138345 -0.101882 -0.047328 0.049693 -0.040135 -0.096484 -0.065623 -0.119051 0.049912 0.093383 0.031025 -0.012449 0.030555 0.061105 -0.020892 0.147725 -0.029338 -0.002847 0.088004 -0.072753 -0.043754 0.040207 0.027227 0.081308 -0.022228 0.128113 -0.016966 -0.134549 0.111076 -0.045193 0.181485 -0.075506 0.052069 0.120401 -0.000723 -0.030827 -0.011742 0.054903 0.063225 -0.000685 -0.030021 0.021856 -0.091892 0.097029 -0.038116 0.059511 0.039130 -0.144051 0.033225 -0.033615 -0.049678 0.066797 -0.013571 0.163868 0.122527 0.126939 0.001620 -0.079072 0.024910 0.058636 -0.043903 -0.008779 -0.004622 0.108914 0.004970 -0.007353 0.038580 -0.006652 -0.042157 0.001144 -0.082139 -0.036613 -0.031896 0.018223 -0.134908 0.066430 -0.148009 0.121890 -0.004684 -0.008598 0.116609 0.030454 0.029249 0.108502 0.122787 0.159479 0.011614 0.178651 -0.003200 -0.120447
-0.019631 -0.040959 -0.056359 -0.022522 0.121310 -0.006279 0.081515 -0.028095 -0.094743 0.117446 -0.047713 -0.170885 0.159461 0.026024 0.055225 -0.082912 0.051090 0.044503 -0.057092 0.068126 -0.022989 -0.021260 0.111324 -0.067013 -0.090873 0.010431 0.008229 -0.036212 -0.022709 0.011740 0.006823 -0.087334 0.061102 0.009031 0.179664 -0.006908 -0.075705 -0.065500 -0.004964 -0.030096 0.079891 0.105755 0.114012 0.052386 0.074068 -0.045987 -0.021541 0.012713 -0.013330 -0.149990 -0.035730 -0.103379 0.102835 0.019420 -0.000110 -0.003651 -0.018193 0.026253 0.019428 0.051278 -0.133743 -0.008464 0.022522 0.079864 -0.141883 -0.120047 -0.026005 0.016886 -0.011506 -0.110836 0.084282 -0.194363 -0.052582 -0.000391 -0.030814 0.087904 -0.083014 -0.080363 -0.098054 -0.014753 0.018672 -0.053116 0.024874 -0.142678 0.173481 0.067605 0.059473 -0.073984 0.071870 -0.041779 -0.113241 0.051634 0.055966 0.038046 -0.010320 0.162453 -0.008008 -0.105166 0.122857 -0.068020 0.185821 0.137799 -0.095794 -0.002077 0.056612 -0.162627 0.021107 0.067548 0.033415 -0.040443 0.086127 0.034091
-0.156589 -0.088082 -0.068434 -0.078911 -0.082834 0.016410 0.145847 0.124603 0.064820 0.059872 0.104873 -0.107828 -0.050374 -0.045494 -0.014753 -0.054987 0.017613 0.040609 -0.057755 -0.117763 0.040585 0.067943 0.046783 -0.069013 0.007528 -0.054992 0.063398 -0.021040 -0.002016 -0.030766 -0.008538 0.071583 -0.084976 0.030082 -0.026823 -0.077468 -0.074439 0.010161 -0.011433 0.185807 0.002419 0.012235 -0.023724 0.012518 0.016582 0.007895 -0.079173 0.001480 -0.122908 0.101887 -0.090015 -0.048683 -0.025262 -0.155654 -0.033632 -0.001088 -0.108893 0.090055 0.088718 -0.117988 -0.027453 0.039348 -0.084708 0.054672 0.042162 -0.039419 0.024663 0.014508 0.018242 -0.023773 -0.084498 0.021527 -0.003484 0.016794 0.071162 -0.026399 0.006226 0.026465 0.044102 -0.059500 0.030193 -0.019612 -0.048488 -0.109304 -0.062228 -0.054567 0.088272 -0.156636 -0.030234 0.130090 -0.034106 0.130131 0.005109 0.023634 0.091832 0.057938 -0.065494 -0.077184 -0.005001 -0.057289 0.105737 -0.077767 0.038279 -0.099247 0.019518 0.004809 -0.031849 0.054772 -0.039340 -0.075643 -0.048346 -0.090484
-0.042123 -0.067403 -0.047696 0.004223 0.036231 0.019688 0.000026 -0.014380 0.093837 0.046120 0.081765 -0.027581 -0.045442 -0.097016 -0.122408 -0.098693 0.073946 0.046225 -0.017274 0.047181 -0.003092 0.107781 0.182022 -0.066835 -0.141908 -0.080918 0.108894 0.073193 0.131236 0.045378 -0.154750 -0.046966 -0.078273 -0.066509 0.054055 -0.073361 -0.124831 0.145920 0.048505 0.074919 -0.077304 -0.028077 -0.062812 -0.138477 -0.061534 0.077313 0.066617 0.051005 -0.053385 0.019405 -0.197976 0.141886 0.035901 -0.105825 -0.053716 0.077875 0.024053 -0.101240 -0.103140 0.148173 0.064425 -0.057656 -0.014531 0.036185 0.031695 0.093242 0.051548 0.056171 -0.086794 -0.141964 0.022920 -0.119200 0.009120 -0.098725 -0.130036 -0.099329 -0.099911 -0.090438 -0.023877 0.130328 0.084029 0.009122 -0.102178 0.066273 -0.009305 0.055548 -0.031057 0.077481 -0.033064 -0.035894 -0.120894 0.010757 0.012822 -0.042324 -0.018362 0.012362 -0.058843 0.119929 0.003008 -0.062841 -0.030396 -0.010226 0.100848 0.070056 0.083091 -0.088247 0.129461 -0.048259 0.029363 0.012443 0.096893 -0.031751
-0.002605 -0.136313 -0.094748 -0.007738 -0.204445 -0.061126 -0.185886 0.028991 0.034420 -0.048082 0.020741 0.047706 0.101411 0.119699 -0.020223 -0.073790 -0.063608 -0.016958 -0.037083 -0.120858 0.116107 0.063665 -0.046602 -0.082529 0.065012 0.013342 0.096465 0.253014 -0.115392 -0.086876 -0.032026 0.033442 -0.004781 -0.032318 0.032729 0.145160 0.117092 0.049402 0.004517 -0.199633 -0.056169 0.063542 0.101114 0.040432 0.183058 -0.025007 0.121658 0.041064 -0.071010 -0.047185 0.117019 0.057835 0.153162 -0.162025 -0.051829 0.063729 -0.130066 -0.071807 0.093345 0.185107 0.081063 0.086770 0.126645 -0.090165 0.065880 0.119479 -0.113750 -0.110846 -0.051856 0.051459 -0.091874 -0.093141 0.121325 -0.122024 0.043651 -0.025377 -0.040821 0.037912 0.089488 -0.130114 0.042880 0.043554 0.073795 0.178672 -0.121746 -0.000339 0.137525 0.046579 0.044072 0.065539 -0.106516 -0.076972 -0.001786 -0.011244 -0.008754 -0.041095 -0.058598 -0.186436 0.069919 -0.075192 -0.025107 -0.026837 -0.223504 0.097730 0.027882 0.041452 -0.149360 0.049539 0.079271 -0.074523 0.048320 -0.075187
0.041231 -0.058021 -0.003325 0.080235 -0.097578 0.058688 0.004444 -0.007862 0.059110 -0.008987 -0.070180 -0.156036 -0.034311 0.057383 0.035954 0.034517 -0.129182 -0.020772 0.091590 0.005976 -0.262286 -0.008208 -0.128790 0.057973 0.048774 0.053822 -0.089455 -0.055920 -0.061001 0.019411 -0.092202 0.026415 0.112090 0.026582 -0.043945 0.071521 0.005311 0.059637 0.113060 -0.013868 -0.069044 -0.019682 -0.066309 -0.026703 -0.073794 -0.106238 0.099842 0.019708 0.092629 0.190585 0.014710 0.043526 0.017141 -0.001778 0.004076 -0.113816 0.033230 -0.099869 -0.022861 -0.010726 0.002290 -0.123572 -0.070210 0.054464 -0.016120 0.034693 -0.149915 0.055023 -0.094560 -0.076778 0.059777 0.106673 0.018009 -0.040884 -0.076324 -0.151674 -0.066265 0.022485 0.057357 0.020659 0.082616 0.011187 0.055164 0.023771 0.007884 -0.039077 -0.208543 -0.003836 0.016546 -0.063571 0.042056 0.038887 0.046585 -0.024261 0.043605 0.032235 -0.089679 -0.059583 0.073095 0.012264 0.031562 0.020337 -0.136245 -0.010021 -0.139039 0.042241 0.017734 0.040371 0.029606 -0.123796 -0.003189 0.027655
-0.097751 0.000232 -0.097653 0.070352 0.037399 -0.057442 -0.052638 -0.008421 -0.090312 -0.112907 0.030009 0.077218 -0.062848 -0.069941 0.012234 -0.045167 0.121805 -0.036953 -0.104225 0.015226 -0.156979 0.182554 -0.069628 0.055983 0.008719 -0.028873 -0.058716 -0.062262 0.041293 -0.158542 0.057717 0.004815 0.055900 -0.002848 0.053557 -0.026489 0.113707 0.067175 -0.033145 -0.026491 -0.215235 0.001339 0.014681 -0.103025 -0.040093 -0.104159 0.078320 0.156576 -0.004481 0.071943 -0.112223 -0.053847 0.010341 -0.015257 0.028327 -0.084803 0.045005 -0.157242 0.068181 -0.073307 -0.064867 -0.056563 0.016961 -0.097166 0.032365 -0.083560 0.042184 -0.056749 0.089421 0.064115 0.028675 0.090834 0.003803 0.022679 0.005141 -0.041914 0.044358 0.010781 0.033429 -0.126266 0.047582 0.114735 -0.019514 -0.036922 0.004154 0.058564 0.030553 0.022660 0.021729 0.084889 -0.052889 0.039971 0.023476 -0.012095 0.106415 0.023066 -0.083774 -0.079465 -0.049888 -0.078732 0.008026 0.009322 0.121355 -0.002658 0.066414 0.134947 0.081893 -0.025115 0.067332 -0.064313 0.065007 0.120004
0.034176 0.015299 0.000814 0.070722 0.022392 -0.124664 -0.042386 -0.089318 0.019578 0.113784 0.115735 -0.002555 -0.067784 -0.048548 0.004335 -0.020896 0.107401 -0.080843 -0.114548 -0.047561 -0.019287 -0.080568 -0.034647 0.021643 0.024803 -0.079669 0.014157 -0.017031 -0.184870 -0.070027 0.183297 0.107051 0.042201 0.098992 0.026614 0.101600 -0.043859 0.001696 0.040150 -0.092573 0.003319 0.113987 0.038112 -0.058663 -0.059059 -0.044358 0.032573 -0.021544 0.067133 -0.004137 -0.070017 0.023999 0.002033 -0.080962 -0.117794 0.057094 0.022343 -0.120154 0.072409 -0.066121 -0.017648 0.072613 0.058213 0.004960 0.060441 0.028618 0.008345 0.094517 -0.010931 -0.051559 -0.047563 0.021821 -0.087970 0.005595 0.046416 -0.046488 -0.040955 0.052343 -0.010802 0.042510 -0.096567 -0.068099 0.106156 0.135921 0.151805 -0.059606 0.083203 0.002497 0.030611 -0.001074 0.052165 0.003174 0.014402 0.087567 -0.050217 0.088773 0.094744 -0.070911 -0.001785 0.016128 0.046971 0.021235 0.049403 0.001638 -0.144542 -0.010168 -0.191080 -0.021214 0.057791 0.103381 0.017311 -0.053461
0.146525 -0.106388 -0.036342 0.141238 -0.077916 -0.091945 -0.066756 0.017962 0.004146 0.155074 -0.018742 0.020436 0.022068 -0.175918 -0.067341 0.061059 -0.017645 0.035749 -0.126047 -0.081827 -0.096891 -0.001119 0.109439 -0.084676 -0.111534 0.058151 -0.041464 0.155545 0.028473 0.126771 0.065893 0.066097 0.004080 -0.001562 -0.139437 0.010732 0.092450 0.087305 0.024190 0.024058 -0.073697 0.039667 -0.038607 0.019938 0.091020 -0.041032 -0.044935 0.075472 0.010722 0.137238 -0.014972 0.079467 -0.079323 -0.019011 0.017307 -0.061467 0.045014 -0.148871 -0.077494 -0.089583 0.032616 0.053888 0.122399 -0.022586 -0.073579 0.092783 0.004042 0.084012 0.079129 0.083064 -0.104823 -0.194742 -0.062774 0.057376 -0.097297 -0.107947 -0.006154 -0.039307 0.009113 0.029978 0.044354 0.119910 -0.037575 -0.150140 0.086447 -0.172054 -0.034402 -0.049578 0.060927 0.057906 0.048323 0.021175 0.139571 0.107544 -0.036650 0.103497 0.071028 0.062450 -0.063439 0.000022 -0.130979 -0.011844 -0.124076 -0.020221 -0.008506 0.044094 0.095604 0.079183 -0.029169 -0.021682 0.057469 -0.133770
0.013830 -0.012424 0.035751 0.056638 0.143369 -0.014442 0.028148 -0.008005 -0.048449 -0.004069 -0.016380 -0.165351 -0.034845 -0.042041 -0.060899 0.211423 -0.013164 0.019983 -0.173833 -0.019871 -0.052199 0.137339 0.053293 0.018382 -0.020081 -0.022697 -0.168592 0.111194 -0.105506 -0.143847 -0.118322 0.062844 -0.007112 -0.006906 -0.049957 0.197385 0.095316 -0.037967 0.048853 -0.042907 -0.034551 0.067282 0.078641 0.100961 -0.073726 0.062097 -0.018222 0.006023 -0.079651 0.006196 -0.052872 0.026745 -0.163212 -0.000064 0.072961 0.011930 -0.103968 -0.060950 -0.140060 0.028720 -0.002526 0.067538 0.083012 -0.066561 -0.030739 0.137169 0.032278 0.095035 -0.007708 0.034686 -0.011140 -0.003561 -0.054125 0.019427 -0.132141 0.048454 0.010333 0.092416 0.037087 0.026503 0.128121 0.035811 -0.110410 0.025807 -0.105501 -0.095018 -0.106545 0.114268 -0.104613 -0.092903 0.085364 0.009764 -0.021247 0.096102 0.105552 0.017247 0.085518 -0.001542 -0.035454 -0.150983 -0.075232 0.050008 -0.079430 0.026812 -0.065462 -0.033613 -0.096366 0.039348 -0.045401 -0.061544 0.071496 0.009188
-0.045776 -0.045051 0.015681 0.068389 -0.057125 0.074162 -0.026337 -0.010649 0.015136 -0.069870 0.065716 0.022208 0.146638 0.077044 0.032372 -0.158411 -0.007518 0.021951 -0.057819 -0.025749 -0.042316 -0.032736 -0.037558 0.041548 -0.043889 -0.008217 -0.038511 0.024983 0.008101 -0.056977 0.016971 -0.099371 0.022422 0.028345 0.009889 0.087456 -0.147810 0.043508 0.033586 -0.074524 -0.086966 -0.030852 0.066768 0.049758 0.089692 -0.041651 -0.048626 0.108563 0.073139 0.102524 0.022427 0.022520 -0.027476 -0.089104 0.042082 0.008383 -0.119315 0.007477 0.090816 -0.084588 -0.035102 0.043201 -0.008001 0.139553 0.066983 0.029238 0.062130 -0.081341 0.096613 0.154112 -0.003615 -0.016757 -0.050324 -0.082097 -0.162175 -0.088686 -0.080124 -0.093094 -0.023197 -0.028882 -0.160450 -0.031763 -0.013936 -0.015290 -0.107039 0.065665 0.052843 -0.041341 -0.077264 -0.035640 -0.006789 0.019354 -0.146733 -0.091026 0.014032 0.005056 0.061562 0.009654 0.080740 0.118305 -0.018655 0.110410 -0.080463 0.025258 -0.116359 -0.003169 0.084258 -0.015607 0.029567 -0.007353 -0.008376 -0.016098
0.113551 -0.007232 -0.110850 0.044631 0.021774 0.062170 -0.026492 0.146732 -0.111924 0.087517 0.150537 0.038853 0.100660 0.026908 -0.104792 0.083478 -0.006538 0.004870 0.056905 -0.068850 -0.052869 0.092034 0.007809 -0.212011 0.054592 -0.082344 0.078470 0.013800 0.088536 0.148843 0.001020 0.020481 -0.033092 -0.051096 0.039723 -0.091490 0.012843 -0.060424 -0.013069 -0.084641 0.129236 0.097223 0.025502 -0.130252 -0.044829 -0.135853 -0.048169 0.069111 0.005814 -0.079301 0.085177 0.027265 -0.072700 0.035416 -0.022962 -0.041162 0.034173 -0.044098 -0.019237 -0.057232 0.059725 -0.141497 -0.121962 0.035400 0.009590 -0.063324 -0.009177 -0.037900 -0.059668 0.040787 -0.043770 -0.118221 -0.037709 0.023845 -0.032883 -0.130065 -0.045857 0.088091 -0.058826 -0.068136 0.130417 -0.071745 -0.034537 -0.028512 -0.036787 -0.114777 0.058426 0.147011 -0.039350 -0.076480 -0.006970 -0.056108 0.053468 0.147019 0.042899 -0.108833 0.020940 0.032887 0.057977 0.010565 -0.032614 -0.143828 -0.015945 0.031069 0.024767 0.113822 -0.013197 0.084779 -0.008019 -0.018814 0.102233 0.005081
0.033992 -0.043899 -0.039714 0.031711 -0.072174 -0.100108 0.010327 0.050469 0.049455 -0.013256 0.013137 -0.170773 0.017229 -0.075076 -0.012984 0.041543 -0.096132 0.015157 0.032183 0.012314 0.081593 0.021673 -0.011500 0.076710 -0.099303 -0.074106 -0.064772 0.103267 0.014830 -0.025942 0.045539 0.041173 0.027894 -0.139658 -0.015525 -0.113004 -0.054573 0.190961 -0.082739 -0.012665 -0.059837 -0.094054 0.016489 0.009142 -0.010870 -0.110731 -0.008738 0.132378 0.024604 0.092956 -0.098772 0.019097 -0.082336 -0.056157 -0.092660 0.000471 -0.033877 0.010180 -0.042040 -0.079148 -0.024838 -0.051740 -0.175261 0.029082 0.126377 -0.023524 -0.037483 0.029896 -0.007974 0.043655 0.038644 -0.026071 0.066463 0.036193 -0.033577 0.034155 0.037154 0.120783 0.020616 -0.066765 -0.087826 -0.018798 0.000033 -0.055859 -0.011538 -0.030957 -0.020360 0.037459 -0.035231 -0.097605 -0.050960 0.002970 -0.149994 -0.010070 -0.081515 0.073354 0.038031 -0.131543 -0.041150 -0.014970 0.014623 -0.059663 0.074501 -0.035738 0.067200 0.017596 -0.103532 0.031763 0.024520 -0.055094 -0.116736 -0.048397
0.065786 -0.152278 -0.054592 -0.027543 0.018878 0.004693 -0.095427 -0.186030 -0.112273 -0.180435 0.027800 0.092734 0.018601 -0.125585 -0.026995 -0.097099 -0.047798 -0.010211 0.135773 -0.187373 -0.078543 -0.046807 -0.066345 0.048559 -0.010003 -0.003847 0.090409 -0.017793 -0.068533 -0.073230 0.097581 -0.034627 -0.013314 -0.095109 0.009896 -0.045487 -0.052491 -0.106613 -0.080287 -0.007656 -0.035050 -0.001245 -0.141092 -0.007894 -0.061752 -0.076416 -0.087328 0.066937 -0.030036 -0.180177 -0.183216 0.081959 0.059574 -0.022182 -0.095522 -0.096435 -0.003784 -0.019751 0.015713 0.005749 -0.061144 -0.072078 0.129486 0.013681 0.093985 -0.118031 -0.060971 -0.098337 -0.032369 0.067512 0.091831 0.031447 -0.090963 0.074754 0.073607 -0.066945 0.017899 0.014947 0.030176 -0.019860 -0.110634 -0.047605 -0.089819 -0.010167 -0.048265 -0.039418 -0.104798 0.015214 -0.136495 0.079256 0.161224 -0.109691 -0.010807 -0.007568 0.050826 -0.070786 -0.050028 0.022495 0.035450 0.000567 -0.015286 -0.058726 0.036687 -0.012585 0.016641 -0.073820 -0.050569 -0.046162 -0.053309 0.018111 -0.085896 0.074083
-0.037351 -0.121546 -0.069668 -0.009349 -0.080254 -0.021204 0.080543 -0.078708 -0.010076 -0.081747 0.067402 0.022975 0.028197 0.125879 0.053037 -0.088753 -0.094048 0.025585 -0.034435 0.172036 -0.053401 -0.037636 0.176667 0.059823 -0.034682 0.041544 -0.182993 -0.161330 -0.023222 -0.051647 0.068924 -0.018919 -0.046709 0.028378 -0.019625 -0.050522 0.003912 0.018451 -0.099760 -0.007038 0.034535 -0.117749 0.044193 0.093901 0.018629 -0.089502 -0.093173 -0.084375 -0.015485 -0.078442 -0.021497 0.139818 -0.125782 0.054227 -0.038210 -0.105076 -0.010662 -0.052021 -0.046227 0.051290 0.113470 -0.013199 0.148596 -0.068099 0.021814 0.038007 -0.086905 -0.140046 -0.024812 0.131386 -0.008841 0.068351 0.027919 -0.037120 0.065493 0.096318 0.010856 0.056533 -0.081460 -0.040573 -0.088331 0.024584 0.066748 -0.106069 -0.083597 -0.029895 -0.014555 -0.063433 -0.065514 0.055173 0.015558 -0.102509 -0.041402 -0.074285 0.048833 0.051736 -0.020812 -0.068215 0.031283 0.069350 0.121934 0.040584 0.047427 0.043081 0.010855 0.003963 -0.067192 -0.099991 -0.001274 -0.022984 -0.143553 0.001751
0.021680 0.048392 -0.031291 -0.017147 -0.026429 -0.002299 -0.033435 -0.077396 -0.114752 0.049038 0.036565 0.012045 0.148417 0.096475 -0.109421 -0.049668 -0.095675 0.050743 -0.039324 0.113748 0.037319 0.096253 0.020388 -0.083778 0.095203 -0.079132 -0.082380 -0.004640 0.096591 -0.001243 -0.052949 0.080297 -0.051250 -0.004566 0.030285 -0.043315 -0.034323 -0.038112 -0.076926 -0.006023 0.103537 0.007874 0.141161 0.083024 0.069158 -0.080007 -0.087991 -0.004778 0.074633 0.008361 0.055858 0.117857 -0.175482 0.028456 -0.049249 -0.060356 -0.079606 -0.045106 -0.179191 0.018929 -0.016518 0.021843 0.013156 0.029265 0.040565 -0.049202 -0.066841 -0.119822 -0.157189 0.075468 0.005251 0.081255 -0.080515 0.004169 -0.071946 0.093363 0.028964 -0.037042 -0.047663 -0.008075 -0.068754 -0.006842 -0.168612 0.021527 -0.063429 -0.037273 0.085623 -0.056578 0.027880 0.054301 -0.106594 -0.048891 -0.050490 -0.030823 -0.133016 -0.016389 0.020872 0.020595 0.073257 0.029564 0.057683 -0.276514 0.032802 0.003102 -0.000641 -0.103892 0.001324 -0.024113 0.088166 -0.027258 -0.079067 -0.056874
0.060504 0.024505 0.005189 -0.161632 0.032655 -0.043182 -0.041142 0.016441 -0.055134 0.041211 -0.046346 0.021491 0.100459 -0.045751 -0.109780 -0.088800 -0.095694 0.006858 0.001378 -0.027985 -0.031306 -0.009412 -0.071064 -0.031042 0.042705 -0.045768 -0.011970 -0.011731 -0.053579 -0.083435 0.009779 0.004066 -0.023767 0.034602 0.080354 -0.130203 -0.081399 0.108763 -0.100829 0.096497 -0.012169 -0.000862 -0.087954 -0.052589 0.158459 0.032867 -0.106001 0.064988 0.069115 -0.111759 0.049172 0.108805 0.038489 0.023670 -0.034015 0.046341 0.032423 0.036482 -0.080641 0.110631 0.061241 -0.082740 0.032174 0.072520 0.025524 0.009238 -0.072426 0.031204 -0.050879 0.087470 0.094242 -0.072946 0.014337 -0.043233 -0.041349 -0.023712 -0.052430 -0.008983 -0.034619 -0.044456 0.074731 -0.051723 -0.083021 0.072925 -0.026384 0.031780 0.013331 -0.100397 -0.106479 -0.013435 0.036714 0.013537 0.053688 0.125529 0.045257 0.030126 0.032422 -0.113305 0.037669 0.000535 0.060102 -0.096065 0.060740 0.047815 -0.022142 0.006731 -0.090674 -0.002301 0.011594 0.101279 -0.067857 -0.040563
0.087157 0.024078 0.063982 -0.049111 -0.059902 -0.009977 -0.038135 0.109674 0.032915 -0.080584 0.049704 0.118979 0.068412 -0.069988 -0.094802 0.014092 0.067609 0.010703 0.061408 -0.083967 -0.065057 -0.100188 0.028936 0.101075 -0.187125 0.037803 0.062341 0.130901 -0.048052 -0.093834 0.063364 -0.132732 0.104643 0.067091 -0.002535 -0.022411 -0.114317 -0.110584 -0.107193 -0.043856 -0.024431 0.030049 -0.152833 0.028736 0.010346 -0.001114 -0.138305 0.005839 -0.072847 -0.145288 -0.136746 0.059938 -0.005636 0.016663 -0.004653 -0.060391 0.249721 0.003993 -0.042304 0.098587 0.023441 -0.088736 0.147230 -0.163953 -0.159936 -0.049446 -0.059217 0.017448 0.078400 0.001378 0.043361 -0.002082 -0.107368 -0.054424 -0.193231 -0.104343 -0.000473 -0.012509 0.006195 -0.012682 -0.063649 -0.113124 -0.015924 -0.059984 -0.041551 0.069860 -0.063933 -0.084065 -0.178716 0.035321 -0.012608 -0.177407 0.011059 0.017266 -0.063968 -0.012645 -0.147242 -0.173800 0.048439 0.037852 0.050263 -0.008991 0.039590 0.092799 0.086329 0.010514 0.015182 0.004086 -0.091909 -0.025309 0.003855 0.035991
-0.028025 0.079732 -0.061396 -0.020450 -0.077982 -0.098739 -0.039017 0.005671 -0.003721 -0.029607 -0.043552 0.031357 0.041893 -0.070039 0.061276 -0.111983 0.179720 0.018049 -0.188275 0.065651 -0.073926 -0.111539 -0.002797 -0.057905 -0.014912 -0.088496 -0.031438 -0.022507 0.050793 -0.045900 -0.023710 -0.065943 -0.035412 0.013659 -0.057147 -0.094972 -0.008179 0.031142 -0.066672 0.093230 -0.031919 -0.035521 0.037177 -0.149330 0.044725 -0.075047 0.012611 -0.037846 -0.099441 -0.136071 -0.074821 0.119368 0.116760 0.045500 -0.032735 -0.037073 0.050274 0.021495 0.077379 -0.105236 -0.011829 0.002543 -0.003993 -0.031374 0.099671 0.089015 -0.113753 0.043078 -0.109599 0.095377 0.002072 -0.061205 0.014477 0.016097 0.069328 -0.133433 0.062099 -0.054821 -0.009489 -0.107219 -0.089226 -0.077547 0.023749 -0.035849 -0.179543 -0.095158 0.089991 0.040284 0.017364 -0.055523 -0.004666 0.001613 -0.002180 -0.044955 0.089270 -0.010472 0.111798 0.058211 0.047463 0.139948 -0.130982 -0.129049 0.104135 0.034779 -0.022401 0.078903 0.144972 -0.099795 0.070277 -0.155112 -0.105777 0.011524
-0.040427 -0.022017 -0.044556 -0.000571 0.004058 0.025813 -0.095061 -0.017065 0.055730 0.134767 -0.101589 -0.099014 0.091950 -0.013395 -0.115700 0.110061 -0.060190 0.055827 -0.027680 0.060168 -0.096383 0.004163 0.011402 0.078685 -0.120796 -0.036112 -0.052593 -0.106165 -0.004644 0.074242 0.041149 -0.103043 -0.152834 0.050415 -0.050741 -0.050265 -0.192221 -0.107697 -0.064355 -0.139154 -0.081326 0.050962 0.093470 -0.086487 -0.080862 -0.055487 -0.201787 -0.014941 0.036405 -0.126242 0.066374 0.092591 -0.046734 0.032201 -0.011598 -0.044500 -0.000080 -0.049164 -0.028571 -0.115723 0.007874 0.000106 -0.146943 0.134183 -0.059028 -0.040955 -0.039343 0.011473 0.020238 0.062097 0.043728 0.000561 -0.030024 -0.020202 -0.087421 -0.093999 0.012735 0.003022 -0.165201 0.071346 0.011197 -0.093258 0.077184 -0.033520 0.008183 -0.132961 0.008817 -0.046234 -0.071992 -0.037471 -0.090182 0.049762 0.092135 -0.023773 0.117445 0.002929 0.053697 -0.042378 0.107629 0.023677 -0.018652 -0.014273 0.016372 0.010532 -0.035027 -0.057583 -0.118782 0.018179 0.034197 -0.052361 -0.013053 0.034652
0.011137 -0.100758 -0.042433 -0.065280 0.045042 0.027547 -0.028909 0.068170 0.064544 -0.110594 0.139049 0.113469 0.093072 0.039373 0.014663 -0.049469 0.073530 0.124384 -0.184165 -0.030486 -0.051408 -0.030125 -0.091960 -0.057945 0.058365 -0.088593 -0.049464 0.111492 0.050131 0.036251 -0.050667 0.023421 0.136905 0.004896 -0.156545 -0.054048 0.135588 0.111695 0.034227 0.040878 -0.050254 0.032382 0.049451 -0.098250 0.012745 -0.103182 -0.108048 -0.041413 0.093082 -0.211489 0.009728 -0.032225 0.002050 -0.043178 0.006802 0.024676 0.068654 0.047613 0.103648 0.094869 0.058780 0.088348 0.110567 -0.114007 -0.050868 -0.075769 -0.040284 -0.016212 -0.124800 0.078378 0.084971 -0.058596 -0.038662 -0.121885 -0.081104 -0.081391 -0.001690 0.126830 -0.079715 0.015606 0.067933 -0.157225 0.005989 -0.073436 -0.068260 0.142970 -0.102054 0.004020 -0.045245 0.020924 0.166840 0.009405 0.078219 -0.045483 0.066679 0.040222 -0.085467 -0.090979 0.087129 0.043733 0.089146 0.076861 0.021501 -0.121610 -0.023351 -0.028419 -0.076832 0.070489 0.031613 -0.067874 0.123679 -0.051828
0.003870 0.007907 0.012796 0.019598 -0.067704 -0.033688 -0.040382 -0.060579 -0.016077 0.024730 0.069860 -0.035225 0.013344 0.010596 -0.004814 0.032440 -0.179713 0.057359 0.086632 0.053849 -0.018045 0.097963 -0.031739 -0.053719 0.017183 -0.181030 0.024903 0.082042 -0.118292 0.030857 -0.002551 0.043783 -0.076837 -0.026463 -0.094973 0.018428 0.095434 -0.114584 -0.023205 -0.036182 0.061680 0.032295 0.166428 -0.048276 -0.002363 -0.040961 -0.106364 -0.075206 0.022697 -0.171295 0.005681 0.041850 0.045584 -0.005627 -0.053092 0.018206 -0.037298 -0.033063 0.126635 -0.180250 0.032575 0.125942 0.031979 -0.054267 0.069538 -0.121354 -0.093760 -0.076325 0.037164 0.025984 0.019556 -0.037173 -0.094984 0.037717 -0.146480 0.037070 0.013630 0.093265 -0.009937 0.061096 -0.043159 -0.016258 -0.021996 -0.064577 0.068923 -0.017147 0.022708 -0.061296 -0.000913 -0.080995 -0.031765 -0.121168 -0.067543 0.115803 -0.091210 -0.032591 0.075037 -0.058605 0.110183 -0.137922 -0.014360 -0.067053 -0.061089 -0.002233 -0.031104 -0.044450 -0.005311 -0.119498 -0.078109 -0.039608 -0.018728 -0.024057
0.103064 0.106769 0.054262 0.126591 0.032680 -0.112761 -0.122773 -0.136920 -0.059482 0.021771 -0.009033 -0.005416 -0.022338 0.023603 0.068239 0.012720 -0.086149 -0.106597 0.006140 -0.021845 0.059810 0.117058 -0.037509 -0.028680 -0.063421 0.103784 -0.075669 0.036340 0.009867 -0.002644 0.046972 0.043037 -0.019642 -0.019538 -0.113545 0.004995 0.084144 0.026685 0.015787 0.094115 -0.073658 -0.181550 -0.060489 0.070914 -0.056252 0.045208 -0.015462 -0.095485 -0.025101 -0.130202 -0.163047 0.000127 0.089771 0.064865 0.062467 0.037812 -0.107261 0.021436 -0.044857 0.041247 0.126573 0.083479 0.115580 -0.052561 0.042655 0.010579 -0.000976 -0.019949 0.040498 0.075857 0.026538 -0.080093 0.148919 -0.284523 -0.089260 0.053646 0.026825 -0.063603 0.050142 0.035258 0.008429 -0.119117 -0.020669 -0.069885 -0.023166 0.065158 -0.083157 0.006138 -0.003299 -0.097072 -0.045869 0.071645 -0.084356 0.009646 -0.030688 -0.095452 0.000361 0.005442 0.127415 -0.052772 -0.083018 0.007242 0.046880 0.035795 -0.091676 -0.141458 0.040299 -0.040196 -0.126367 -0.049435 -0.070814 0.069705
0.102474 0.066723 -0.159557 -0.012863 0.014014 0.001577 0.059985 -0.011576 0.023929 -0.026450 -0.006989 -0.084398 0.014611 -0.132671 0.070445 0.013000 -0.028426 0.062225 -0.028243 0.081712 -0.076253 0.021592 -0.091607 -0.025823 -0.061362 0.004615 -0.027170 0.032684 -0.046642 0.080138 -0.090443 -0.067533 -0.075833 0.020773 -0.199676 -0.081214 -0.209011 -0.117799 0.024934 0.021328 -0.085883 -0.153021 -0.019402 -0.062884 0.006385 -0.066748 0.037287 -0.147592 0.105384 -0.123812 -0.001209 0.022783 -0.066447 -0.071534 -0.178660 -0.023811 -0.154887 0.017552 0.037241 -0.051783 -0.033896 0.021770 0.044325 -0.019923 0.005678 0.017107 0.011854 -0.018093 0.093415 0.006347 -0.184569 -0.018760 -0.079693 0.087925 -0.105660 0.003118 0.034517 0.059501 -0.072621 0.013793 0.033900 -0.047919 0.031352 0.052717 -0.070444 0.082835 -0.072959 0.026693 -0.050259 -0.065026 0.066490 -0.024040 -0.028281 0.008390 -0.033628 -0.043435 0.023130 -0.055488 0.060887 -0.053023 -0.017105 0.000564 0.141277 0.074170 -0.057149 0.006619 -0.112490 -0.108367 0.047622 0.079548 -0.043615 0.045770
-0.052693 -0.080162 -0.106936 -0.068794 -0.040664 -0.009552 0.096311 0.072503 0.105911 0.036036 0.089584 -0.051116 -0.017493 0.049698 -0.023912 0.027064 0.017461 -0.056950 0.087968 -0.099938 0.054483 -0.090325 -0.132168 0.029249 0.050092 -0.072429 0.151911 -0.008050 0.073453 0.101741 0.053400 -0.144287 -0.072667 0.039527 -0.004843 0.047147 0.034944 -0.003806 -0.042094 -0.023246 0.029589 0.004940 0.073428 -0.020527 -0.079839 -0.021465 -0.017470 -0.089530 0.007355 -0.077329 0.030681 -0.053553 -0.051933 0.000214 0.084955 -0.032285 0.029259 0.113728 0.025664 0.031548 -0.044622 -0.158571 -0.055330 0.096426 -0.073684 -0.029176 0.053726 0.073318 0.075033 0.047188 -0.115840 -0.009523 0.136883 0.002145 -0.039889 -0.024462 0.028185 -0.005563 0.099303 -0.066021 -0.091285 -0.008830 -0.087369 -0.021701 -0.069544 0.123066 0.059237 -0.074231 -0.004329 0.041978 0.031422 -0.019605 0.037050 -0.118601 -0.021490 0.108474 0.097857 0.025051 0.086461 -0.124118 0.047792 -0.013576 0.073072 -0.039415 0.019062 0.086699 0.013862 0.009878 -0.067588 0.028937 -0.116911 0.000772
0.043948 0.008026 -0.015664 -0.026282 -0.051000 0.004729 0.048948 -0.140470 0.023478 -0.077338 0.147338 0.068858 -0.061786 0.192040 -0.071398 -0.039835 -0.014368 0.085887 0.016083 0.020489 0.123247 0.128500 0.055404 0.040402 0.060178 0.025575 0.089378 0.014123 -0.045331 -0.006096 -0.050362 0.075903 0.118606 0.015312 -0.082189 -0.015751 -0.151903 -0.040000 0.005482 -0.065568 0.034918 0.057915 -0.061721 0.029196 0.013286 -0.103336 -0.041563 -0.186295 -0.088106 -0.119974 -0.126924 0.041424 -0.133833 -0.032745 0.000972 -0.145216 0.104743 -0.110629 0.051743 -0.004904 -0.111432 -0.156950 -0.071361 -0.038024 0.038317 0.080039 -0.100389 -0.062699 -0.100462 0.029339 0.008252 0.005895 0.120729 -0.017008 0.024812 -0.021983 0.102866 -0.026033 -0.056089 0.013384 0.022066 -0.115983 -0.085821 -0.141616 -0.050826 0.037301 0.066112 0.059629 -0.035703 -0.050934 -0.098267 -0.112145 -0.022981 0.022125 -0.020883 -0.013743 0.018428 -0.030557 0.061694 0.058942 -0.020667 -0.050947 0.022593 0.115432 0.028799 0.014495 0.070521 0.097601 -0.161330 0.000596 -0.030488 0.119924
-0.055651 -0.107207 0.094502 0.079060 -0.009257 -0.035672 0.001113 0.053835 0.116519 0.080282 -0.079572 0.011773 0.178995 0.033793 -0.129576 -0.117961 -0.082440 -0.006368 0.058899 -0.004194 -0.054604 0.142837 -0.126196 -0.003836 -0.031078 0.095582 0.028490 0.007828 -0.110556 -0.056693 -0.155058 0.056080 0.153709 0.081714 0.043859 0.055551 -0.006770 -0.028334 0.175813 -0.074542 0.050090 -0.010647 -0.012316 0.032252 0.057930 -0.039233 0.041232 -0.033667 0.098596 -0.061453 0.035809 -0.016873 0.026009 -0.039919 0.032358 0.022065 -0.097828 0.105935 0.013205 0.048791 0.052999 -0.001661 -0.010694 -0.125600 -0.003164 0.035166 -0.034836 -0.069729 -0.084502 -0.147269 0.078771 0.139732 -0.034930 0.010284 -0.075301 0.058740 0.147107 -0.017227 0.089028 -0.120515 -0.021741 -0.014976 0.091756 -0.116872 -0.044536 0.118431 -0.133180 -0.065717 -0.010004 0.031610 -0.030539 0.005159 -0.025658 -0.046202 -0.046506 0.049561 -0.052672 0.028859 0.090727 -0.020979 -0.022474 0.067194 0.179640 0.025302 0.096934 -0.000195 -0.011223 -0.088677 0.003635 -0.067431 -0.054418 -0.025747
0.023354 -0.050531 0.060433 0.047785 0.001651 -0.011077 -0.035812 -0.043323 0.079763 -0.173435 -0.012788 -0.025264 -0.092258 -0.028083 0.019599 -0.111668 -0.042112 0.081252 0.079237 0.025818 -0.040982 -0.076061 -0.041170 0.145791 0.048757 -0.059296 0.030892 0.062289 0.078859 -0.027220 -0.007809 0.037268 0.088167 0.009967 -0.045893 -0.045184 0.098636 -0.010299 -0.074498 0.013316 -0.030691 -0.019842 0.061894 0.096320 -0.015143 -0.025383 -0.078697 0.021404 -0.067657 0.128991 -0.088243 -0.100282 0.057774 0.066915 0.055776 0.118714 -0.010411 -0.144358 -0.012509 0.106259 0.045268 -0.080454 0.048862 -0.026126 -0.051843 -0.055652 -0.009465 -0.123643 -0.083580 0.107265 0.052137 0.046304 0.055321 0.057089 -0.043605 0.000814 0.222404 -0.031282 0.014609 -0.081603 -0.146671 0.007424 -0.102872 -0.083272 0.044311 0.174259 0.023151 0.043575 0.035122 -0.013190 -0.033450 0.028658 -0.080866 -0.117628 -0.007690 0.073188 0.120226 -0.065407 0.044970 -0.105899 0.057404 -0.140724 0.026523 -0.021699 0.038283 0.009162 0.018832 -0.018969 0.028919 0.041340 -0.119059 -0.009102
-0.036180 0.037640 0.096117 -0.073896 0.002782 -0.029713 -0.011814 0.081794 -0.060781 0.060320 -0.016989 0.020799 -0.003019 0.071397 0.006856 0.090977 0.095097 0.051583 0.105274 0.023511 0.093722 0.130387 0.032965 0.051895 0.160186 0.051929 0.047140 0.052652 0.012240 -0.038918 -0.073293 -0.048641 -0.073460 -0.118453 -0.033893 0.039161 0.141051 0.078304 0.041821 0.064339 -0.017678 0.041405 0.001440 -0.024659 -0.108324 -0.034610 0.039376 0.001259 -0.063663 -0.017279 -0.086073 -0.052840 0.016901 -0.012606 0.036735 -0.143533 0.058894 -0.139974 0.033396 -0.108929 0.051243 0.014184 -0.023959 0.011394 -0.070315 0.058801 -0.127088 -0.044142 0.049034 0.076656 0.108455 -0.023287 0.086353 0.023256 0.043720 0.093050 -0.081717 0.141737 0.069671 0.094353 0.119335 0.043502 -0.022688 0.051958 0.084927 0.024458 0.031633 -0.003465 -0.102685 0.007735 0.026887 -0.138327 0.072927 0.075436 0.080804 0.093680 -0.065269 0.066369 0.030595 -0.010774 0.107161 0.098807 -0.155638 -0.054845 0.047160 0.055737 0.056417 0.003257 0.002100 0.122361 0.013806 -0.073262
0.174348 -0.033093 0.128831 -0.047904 -0.011047 -0.086894 0.003658 0.008619 -0.021230 0.074988 -0.101369 -0.050014 -0.064170 0.041218 -0.069648 -0.062010 -0.072806 -0.063014 -0.158115 -0.058817 -0.022783 0.037312 0.168037 0.017994 -0.030971 -0.071999 0.032285 0.063808 -0.008486 -0.067978 -0.129278 -0.027264 0.164367 -0.059308 -0.010361 0.009031 0.085072 -0.010176 -0.031041 0.052787 -0.052283 -0.036250 -0.141608 -0.114615 0.004661 -0.108299 0.064801 -0.036874 0.002289 -0.070134 0.033706 0.079208 -0.055425 0.063153 -0.062789 0.006632 0.089000 0.128664 0.020670 0.085943 0.004647 0.117362 -0.042225 -0.046255 -0.008846 -0.059778 -0.162969 0.089643 -0.051692 0.042849 -0.030705 -0.014208 -0.031010 0.134101 -0.035615 0.042408 0.080280 0.062481 0.029126 0.060762 -0.045970 0.188840 -0.011812 -0.056672 0.144318 -0.069167 0.160905 0.067447 0.057299 0.067470 0.109372 0.137306 -0.046402 -0.023581 0.053431 0.052125 -0.083000 0.026737 0.030748 0.051027 -0.169107 0.012685 0.096416 0.028348 0.268372 -0.079104 0.076272 -0.015396 -0.123561 0.266776 0.001672 -0.177423
-0.121112 -0.021733 -0.108374 -0.012224 0.068442 0.078653 -0.030720 0.058302 -0.002701 -0.168762 -0.024752 -0.015515 0.010543 0.008618 -0.086344 -0.016107 -0.086852 0.002914 -0.009176 0.055751 -0.108081 -0.081509 -0.012799 0.098634 0.009366 -0.072222 0.161114 0.147502 0.158089 0.015974 0.047272 -0.092603 -0.086882 -0.071572 0.117859 -0.087865 -0.113890 -0.012384 -0.039258 0.028950 -0.153576 -0.033344 -0.044474 -0.053184 -0.024046 0.033677 -0.061556 -0.057781 -0.079398 -0.017147 0.024786 0.072213 -0.101336 -0.119737 -0.011752 0.050864 -0.017635 -0.102790 -0.029387 0.053774 -0.074079 -0.020050 0.051919 0.197110 -0.177805 0.029975 -0.015973 -0.008988 0.026493 -0.066642 -0.026924 -0.036306 0.063903 -0.077838 -0.005971 -0.028039 -0.035743 0.074229 0.023993 0.059495 0.106928 -0.103761 0.001930 0.036567 -0.167733 -0.007317 0.000121 -0.020137 0.048743 -0.037775 0.001453 -0.018030 0.104538 0.031042 -0.077915 -0.051379 0.098628 -0.151949 0.000778 0.013352 -0.090549 -0.017463 0.014005 -0.009223 0.070523 0.014271 0.064954 -0.011483 0.015652 0.141991 -0.053757 -0.055195
-0.052616 0.147183 0.032971 -0.007102 0.124836 0.045345 0.003565 -0.011610 -0.000638 0.080193 -0.009797 0.050385 0.052841 0.086934 0.010596 0.087807 -0.031831 0.040750 0.112383 0.008348 0.007383 -0.035631 0.078909 -0.016402 0.053675 0.008957 -0.115674 -0.135061 -0.084134 0.042680 0.006651 0.059154 -0.105601 0.004077 -0.044676 -0.058631 -0.209909 -0.049709 -0.109835 0.101165 -0.006276 0.008567 -0.096078 0.046896 0.018681 -0.072588 -0.012797 0.027808 0.043760 -0.031777 -0.015388 0.169290 0.035798 0.027894 0.032020 0.020413 0.055508 0.023047 0.012501 0.140237 -0.004955 -0.088794 -0.098909 0.097715 0.009181 -0.016152 0.091377 -0.025956 0.075556 -0.080009 -0.074448 -0.000866 0.048245 -0.048748 0.027873 -0.002879 0.012931 0.026817 0.017945 -0.148748 0.192523 -0.068111 -0.079665 -0.089292 0.110718 -0.079737 0.034181 -0.005646 0.110916 -0.131716 -0.060836 0.077180 0.048925 0.035215 -0.066754 -0.024039 -0.024739 0.072669 -0.008755 -0.047932 -0.019350 -0.016681 0.016867 0.049952 -0.022422 0.003034 -0.030479 -0.073380 -0.018412 -0.026633 -0.012798 0.094364
-0.039796 -0.017865 -0.024047 0.006374 0.020506 0.004279 0.026322 0.089820 -0.084349 -0.104325 0.028922 -0.138737 -0.077011 0.031443 0.063770 0.066385 -0.017339 0.000571 0.025729 -0.033404 -0.114418 -0.181198 0.141006 -0.000907 -0.116084 0.036771 -0.064070 -0.001499 0.119509 -0.000596 0.021302 -0.028863 -0.069589 -0.060298 0.022242 0.067524 0.191026 0.024951 0.118572 0.120471 0.087194 0.009102 -0.007284 0.060442 -0.099435 0.036819 -0.106719 -0.067531 0.023963 0.109198 0.072762 0.086363 0.014722 -0.049912 -0.069062 0.076374 0.031705 0.006603 -0.060282 -0.138267 0.058974 -0.088744 0.082070 -0.078774 0.032308 -0.054080 -0.039021 0.074273 0.044677 -0.083815 0.071317 0.073313 -0.019540 -0.023887 -0.011566 -0.063426 -0.040856 0.064823 -0.005558 -0.091610 -0.182544 -0.094406 0.037300 0.004568 0.050211 0.021061 -0.078175 -0.165394 0.033330 -0.116278 -0.162486 -0.080988 0.111495 -0.073315 0.026779 0.008778 -0.109197 0.097122 0.055102 0.024442 0.031460 -0.091427 0.017872 0.039595 0.045955 -0.043272 -0.023140 -0.123987 -0.001526 -0.119162 -0.053800 -0.027412
0.012114 -0.054677 -0.051924 -0.023209 0.034969 -0.010994 -0.045318 0.018113 0.108533 -0.046010 0.025930 -0.009137 -0.127843 0.000927 0.025413 -0.084039 -0.020709 0.070323 -0.059090 -0.024444 -0.104288 -0.054678 0.036165 0.089493 -0.074893 -0.045483 -0.138988 -0.000294 -0.085325 -0.137573 0.006558 -0.062196 -0.060007 0.064974 0.010467 -0.069189 -0.090470 0.065845 -0.010195 -0.072726 -0.059718 -0.027979 -0.036978 -0.080208 0.006834 0.004704 -0.075919 0.016145 0.195270 0.013219 0.164842 0.088733 -0.106007 -0.018602 -0.068791 -0.021593 0.111142 -0.000969 0.029705 -0.011823 0.145893 0.035829 0.004659 -0.046641 -0.073044 0.021535 0.000840 -0.113846 -0.039748 -0.032366 -0.086704 -0.037229 -0.060490 -0.098435 -0.039447 0.053996 0.014749 -0.087663 0.007809 0.071810 -0.025413 0.034316 -0.017695 -0.010239 -0.048342 -0.043693 0.070390 -0.027845 0.158937 0.044819 -0.060931 -0.022817 0.047550 0.004807 -0.071109 -0.138708 -0.072873 0.013488 0.049306 0.000710 0.005256 0.042694 -0.131059 0.027988 0.056864 -0.028358 0.006401 -0.051809 -0.012609 -0.107268 0.086413 -0.034596
-0.135855 0.089275 -0.037118 -0.104704 -0.001593 0.118492 0.080429 0.082181 0.006067 -0.036533 0.083138 -0.027542 0.006734 -0.009146 0.002065 -0.213677 0.005037 0.062758 0.058069 -0.007722 -0.057934 0.118971 -0.064526 -0.081910 -0.043541 0.063182 -0.051251 -0.021091 -0.037512 0.052053 -0.036889 0.162471 0.026290 0.047520 -0.116769 -0.038736 -0.010215 0.059623 -0.016129 -0.016383 -0.017495 0.116335 -0.113665 -0.044291 -0.002209 0.023305 0.011953 -0.066050 -0.077770 0.031788 0.095188 0.057747 -0.019175 -0.163890 -0.076967 0.022831 0.115389 -0.019320 -0.051736 -0.008214 0.016167 0.020143 0.050902 0.074961 -0.054745 0.111713 0.098833 -0.081416 0.003974 -0.017029 -0.102478 0.082982 0.020833 0.127872 0.009833 -0.101367 0.008149 -0.054506 -0.048856 0.083776 0.123011 -0.092219 0.089634 -0.040037 0.057574 -0.109302 0.043702 -0.066752 0.053278 -0.042855 0.056950 -0.044607 0.082093 0.006902 0.082319 -0.094953 0.019662 0.063191 -0.024611 -0.240069 0.035933 -0.157532 -0.000659 -0.038853 0.103414 -0.051031 -0.011049 0.040821 0.098843 -0.042591 0.208252 -0.012935
0.000181 0.009943 0.044376 -0.017258 -0.129000 0.130510 -0.068611 -0.015118 0.041756 0.112212 0.050526 -0.235365 -0.010291 -0.011799 -0.049704 0.031411 -0.066286 0.070419 -0.018764 0.091291 0.034109 -0.113039 0.023697 0.011207 0.010061 -0.032340 0.075550 0.084512 -0.056892 -0.025832 0.031627 -0.059021 -0.113205 0.041691 -0.069494 -0.021501 0.036642 -0.006551 -0.115243 -0.045665 -0.082717 0.056531 -0.043267 0.091824 0.071192 0.014539 0.073071 0.044504 0.122883 0.042403 -0.002143 0.120143 0.028175 0.005663 0.050801 0.054926 0.104498 0.010971 0.066622 -0.053412 0.012089 0.046997 0.032989 -0.038191 -0.039491 -0.063290 0.033300 -0.049487 -0.098449 0.099777 0.084465 0.153159 0.094374 -0.000022 0.035460 0.063748 0.010296 -0.065590 0.076063 -0.020282 -0.001849 0.118000 -0.003378 0.072805 0.043358 -0.003867 -0.015042 0.021151 0.003742 -0.045251 -0.161286 0.015698 0.017859 0.026926 0.041984 0.065474 0.007149 -0.053248 -0.063276 -0.027802 0.107267 -0.084765 0.011299 0.053000 0.056772 0.078783 -0.050331 -0.019044 -0.064525 0.045673 -0.034904 0.066449
-0.087208 0.036184 -0.013360 -0.066040 -0.168300 -0.114966 0.012762 -0.144026 -0.081469 0.056628 -0.038488 -0.078382 0.011724 -0.015425 -0.105808 0.031445 0.028782 -0.072937 0.070038 0.038060 0.004863 -0.150995 0.006142 -0.175374 -0.034768 -0.079720 0.134049 -0.019000 -0.032709 0.040864 -0.062280 -0.065279 -0.013825 -0.028288 -0.072865 0.111262 0.057767 -0.031730 -0.009332 0.002437 -0.007105 -0.094959 -0.173529 -0.003538 0.129724 -0.133884 0.031282 -0.023045 0.090013 -0.001962 -0.109624 0.056720 0.126412 -0.069990 0.050749 0.044148 0.123045 0.023925 -0.240961 -0.038107 -0.095604 -0.057708 0.073233 -0.112039 -0.082791 -0.044454 0.093872 -0.102736 -0.193384 -0.025327 -0.038973 0.040244 0.019975 -0.109156 -0.069723 0.136984 0.006713 -0.005398 -0.055292 -0.005324 0.008483 0.107152 -0.035887 -0.058753 -0.025248 0.001155 0.002082 -0.187116 -0.008911 -0.026694 0.058866 -0.066978 -0.027388 0.121626 -0.065273 0.010617 -0.122411 -0.112481 -0.019836 -0.016934 -0.080786 -0.177801 -0.009054 0.049522 0.033850 -0.069404 -0.083487 0.015529 -0.084568 0.074498 0.088245 -0.011403
-0.044422 -0.003909 -0.004773 -0.106025 -0.010001 -0.010235 0.046977 -0.030171 -0.096226 0.013863 -0.026310 -0.035618 0.050957 -0.113520 -0.071224 -0.019617 -0.047521 0.027927 0.043105 -0.072727 -0.220432 -0.125373 0.011182 -0.022538 0.023080 -0.031972 -0.051256 -0.006918 -0.030690 0.053969 -0.054428 0.111921 0.052067 0.044484 0.035425 -0.049484 -0.050395 0.007190 -0.024042 0.105673 0.178569 -0.050010 -0.068018 0.002628 0.043322 0.018872 0.015565 -0.030049 -0.043084 -0.087065 -0.054905 0.106443 -0.102074 -0.016163 -0.119735 0.219962 0.032119 0.142018 0.006420 -0.080822 -0.045282 0.017221 0.005318 -0.014901 0.022630 -0.019360 0.058798 -0.083542 0.092267 0.001914 -0.068499 0.052271 -0.060903 0.067288 -0.040441 -0.116893 -0.024555 -0.058612 -0.013569 0.012248 -0.099716 -0.086617 0.092736 0.143230 0.034740 -0.096437 -0.068134 0.085682 0.056022 0.160096 0.066191 0.073503 -0.108248 0.026757 -0.193139 0.106956 -0.096394 0.032549 -0.083537 0.067680 -0.060225 -0.000769 0.105310 -0.081867 0.046987 0.010789 0.004632 -0.013551 0.263584 -0.008569 -0.053091 -0.011157
-0.055984 0.037768 0.040152 0.018339 0.038874 0.054725 -0.042897 -0.086354 -0.048553 -0.031679 -0.013878 0.070103 0.015019 -0.049815 0.018858 0.017465 -0.039034 0.015764 0.012752 0.008523 0.001015 -0.014665 -0.098822 0.029897 -0.116887 -0.062892 -0.071448 0.001505 -0.035628 -0.002956 0.011081 -0.007678 -0.067589 -0.031100 -0.037095 -0.025670 -0.081990 -0.009031 0.020203 0.074918 -0.107742 -0.051932 -0.110094 0.060358 0.094188 0.076264 0.007454 0.039291 0.055443 0.008103 -0.042745 0.048831 -0.084681 0.016686 0.017510 0.039395 0.046453 0.068923 0.035372 0.079833 0.104182 -0.053834 0.102266 0.068998 -0.068615 -0.059504 -0.024794 -0.038712 0.006373 -0.027187 0.011581 -0.058040 0.056263 0.034774 -0.114321 -0.064690 0.038473 0.009646 -0.019933 0.110480 -0.171152 -0.003773 -0.074389 0.066188 0.026950 0.019394 -0.020543 0.092975 0.056884 -0.065329 0.031012 0.045468 0.126352 -0.049516 -0.015425 0.016031 0.070037 -0.089698 -0.140660 -0.029315 -0.109597 0.077395 -0.002859 -0.103034 -0.047612 0.028656 0.032689 -0.094773 -0.132711 -0.086143 0.053884 0.045448
0.162544 0.042577 -0.057666 0.041428 -0.094351 0.138699 -0.061295 -0.005752 0.040310 0.026002 0.028295 -0.042814 0.045425 -0.103027 -0.075570 -0.186204 0.010464 0.046624 -0.065543 -0.033905 -0.055366 -0.097368 -0.012518 0.035349 0.086438 0.184760 -0.016330 0.027996 0.053915 -0.047816 -0.056469 -0.000678 0.008272 0.041977 0.052540 0.020961 0.058947 -0.036669 -0.035205 -0.043949 0.075586 0.064727 0.008051 0.014767 -0.053174 0.139851 0.095157 0.067801 0.025594 0.075907 -0.015807 0.071957 0.149622 0.039583 0.084303 -0.095403 0.060924 0.025822 0.000387 -0.038859 -0.042963 -0.064115 -0.055391 0.152316 0.051356 -0.051517 0.075003 -0.007768 0.047179 -0.003633 0.069591 -0.003510 -0.064756 -0.056438 0.014085 0.068624 0.067796 0.046326 -0.031571 0.172789 0.158028 0.092382 0.014416 0.016022 -0.024781 -0.121859 -0.065855 0.050822 0.055167 -0.129008 -0.092077 -0.049348 0.073718 0.035477 0.028746 0.181928 -0.022270 0.038595 -0.231126 -0.104634 -0.030113 -0.045807 0.125873 0.042534 0.063950 0.026605 -0.025439 -0.024107 -0.001859 0.013346 -0.150191 -0.115482
-0.060905 -0.069802 0.056872 0.082302 -0.020995 0.094226 0.018437 0.033589 0.010947 0.056710 0.098107 0.122268 -0.045329 0.133989 -0.004418 -0.100372 -0.188951 -0.067170 -0.009205 -0.040782 0.006828 0.029688 -0.073302 0.032770 -0.148341 0.023109 -0.203294 0.070497 0.129718 -0.012974 0.080485 0.077930 0.028952 -0.043679 -0.069911 -0.016491 -0.090983 -0.073955 0.024045 -0.115313 -0.040640 0.119300 0.011825 -0.061755 0.001938 -0.041733 0.063815 0.019210 0.050491 -0.056180 0.020221 0.051745 0.138733 -0.036026 0.107890 0.021631 0.086469 0.042918 -0.086516 -0.038178 0.005852 0.000984 -0.012218 -0.004910 -0.017848 -0.042150 0.044025 -0.103191 -0.047096 -0.045569 -0.083834 -0.008527 -0.197269 0.078616 -0.033777 0.001235 -0.018807 0.078424 -0.025921 -0.154901 0.000935 0.022604 0.016038 0.040503 -0.078374 -0.025311 -0.059470 0.091671 0.048587 -0.067651 -0.115683 -0.105525 0.112916 -0.020324 0.013772 0.146675 0.040785 -0.074949 -0.196763 0.051851 0.015968 0.006893 -0.060594 -0.004590 0.030701 -0.057373 -0.110076 -0.031627 -0.067808 0.068739 0.004494 -0.101735
-0.004106 -0.002229 -0.144125 -0.002635 -0.056620 -0.015800 0.046278 0.047609 0.043458 0.022122 0.068733 -0.003038 0.020702 0.097761 -0.004147 -0.064742 0.003760 -0.104716 -0.018902 0.051228 -0.001151 0.017020 0.076710 0.088716 -0.076307 -0.055798 -0.037111 -0.108777 -0.099949 -0.147184 -0.118695 0.041410 0.005720 0.055919 0.143345 -0.106289 0.064924 -0.141873 0.118515 -0.108553 -0.065376 0.005142 0.020833 -0.031130 0.099938 0.099652 0.003288 0.114226 0.097022 -0.081417 0.119569 0.113723 0.063148 0.162403 0.171967 -0.019292 -0.136754 0.117939 -0.033434 0.001354 0.030568 0.020595 -0.106904 -0.009834 -0.116010 0.018023 -0.016744 -0.089351 0.028437 -0.021785 -0.085206 -0.170589 -0.026364 0.092847 0.181669 -0.113397 0.002211 -0.192502 0.131515 0.053345 -0.063936 -0.018582 0.018475 -0.153330 0.061710 -0.042801 -0.011437 0.002263 0.008695 -0.023216 -0.054738 0.015624 -0.015736 0.053811 -0.044795 0.088690 -0.050684 -0.187461 -0.194360 0.012935 -0.050299 -0.164249 -0.095870 0.033341 -0.061218 -0.013961 -0.124133 -0.144778 -0.080511 0.083108 0.120122 -0.035044
-0.089511 -0.029770 0.151716 0.039472 0.060698 -0.036292 0.003445 -0.096726 0.027950 0.003075 0.065510 0.104666 -0.010157 -0.064851 -0.109922 -0.093457 -0.088822 0.083357 0.014242 -0.013160 -0.064531 0.021554 -0.105015 0.032455 0.053792 0.074856 -0.012387 -0.136236 0.015045 -0.070947 0.156921 0.131748 0.110403 -0.034779 0.058241 -0.098708 -0.126449 -0.011064 -0.053323 -0.081595 -0.047265 -0.078408 -0.098581 -0.146468 0.010355 -0.085979 0.049896 0.092241 -0.018025 -0.009219 -0.076719 0.091554 0.000441 0.175730 0.046886 -0.151465 0.015261 0.020777 0.044580 -0.038058 0.090566 0.007572 -0.048717 0.005175 -0.020275 0.190079 0.073765 0.036948 0.045240 -0.011077 0.032170 0.039881 -0.054131 -0.207136 -0.182944 0.078922 -0.027395 -0.027383 -0.029852 -0.093432 0.051295 -0.021614 0.005752 0.027432 -0.011489 -0.041338 -0.040645 0.043745 0.009132 0.018372 0.067934 0.111107 -0.008283 0.056154 -0.056717 0.039407 -0.024803 0.088695 -0.151283 -0.054184 -0.031045 -0.012149 0.018615 -0.028001 -0.087576 0.047696 -0.018220 -0.011696 0.133388 0.065989 -0.057060 0.024554
-0.071117 -0.010225 -0.055608 0.017904 -0.087581 -0.061766 0.062331 -0.002880 -0.046011 0.077764 0.064037 0.051288 0.037694 0.027840 -0.030261 -0.111938 0.022021 0.039838 0.010587 -0.001055 -0.189649 0.029027 0.107733 0.065683 0.112642 0.088153 -0.042633 -0.052003 0.085138 0.010966 0.039610 -0.149906 0.065965 0.045128 0.047095 0.047678 -0.032054 0.191474 0.194330 0.008344 -0.116425 0.133418 -0.004089 -0.002160 -0.007748 -0.034155 0.082036 0.079333 -0.073793 0.059357 -0.055727 0.157001 -0.063715 0.042230 -0.009868 0.027844 -0.018940 -0.024291 -0.101876 -0.027569 0.097990 -0.034987 -0.097940 -0.013345 0.124930 -0.102981 -0.074270 -0.054507 0.115880 -0.024542 0.068842 -0.117170 0.007116 0.046784 -0.103042 0.051622 0.060959 -0.102612 0.011593 0.003135 -0.047423 -0.081420 0.083996 -0.028879 -0.203807 -0.105698 -0.092192 -0.020188 0.068497 0.062475 -0.040701 -0.047305 0.068862 -0.034828 0.014406 0.092851 -0.140073 -0.046715 -0.257155 -0.007575 -0.117379 -0.163667 0.125858 -0.181349 -0.004086 0.064257 0.015579 0.028392 -0.196522 -0.019577 0.059888 -0.064822
-0.042909 0.068422 0.024837 0.021502 0.042722 0.131293 -0.046307 0.053070 -0.082932 0.022052 0.125683 0.065406 -0.035483 0.016738 0.068918 -0.059736 0.019424 -0.031977 0.228268 -0.065213 -0.053057 0.022499 0.038419 0.027018 -0.055950 0.056574 -0.101392 0.030416 -0.063418 -0.073834 -0.017057 -0.021941 0.001778 -0.029224 -0.026686 0.007025 0.024644 -0.126593 -0.008008 -0.089639 -0.130319 0.081627 -0.170320 0.012316 -0.005167 0.032624 0.069073 0.042299 0.001948 -0.065759 -0.024361 0.011250 0.080253 0.061604 -0.065980 -0.032773 0.101940 0.027681 0.088581 -0.019090 -0.069472 -0.141815 0.068407 -0.008054 0.001394 -0.009240 -0.115109 0.062932 0.107716 -0.010808 0.077792 0.099282 -0.016418 0.087597 0.036166 -0.018892 0.047722 0.062908 -0.097904 -0.062074 -0.007941 -0.053927 0.029158 -0.087815 0.140407 0.009758 0.094058 0.025964 0.043163 -0.001435 0.043609 0.021269 -0.116454 -0.053396 -0.043556 -0.006175 -0.197280 0.048402 -0.167425 -0.034624 0.041538 -0.068892 -0.047080 -0.037253 -0.083487 0.100433 0.076520 0.042891 -0.044055 0.064269 0.043458 -0.049614
-0.053565 0.050484 -0.020171 0.008803 0.009633 -0.053524 -0.018734 -0.106711 -0.080191 0.028339 0.040148 0.004301 -0.012772 0.018452 0.047194 0.007216 0.065881 -0.108877 -0.006596 0.063032 0.091733 -0.108806 -0.039405 -0.048295 -0.044437 -0.049116 0.099119 -0.031415 -0.007453 0.052866 -0.103401 0.191106 0.097708 0.089007 0.039939 -0.036028 0.069818 0.178299 -0.184211 -0.050906 0.015464 0.016076 -0.077656 -0.023503 -0.030879 -0.002417 0.038927 -0.063907 -0.033723 0.009286 -0.131719 0.056797 -0.032256 0.134648 -0.006692 -0.020790 -0.000115 -0.059022 0.114012 -0.030051 0.047095 -0.063472 -0.063266 -0.021397 0.101406 -0.032831 -0.087447 0.003439 0.072052 -0.053761 -0.022234 -0.083513 0.077312 -0.057041 0.041453 0.143308 -0.014756 0.079434 -0.011520 -0.078038 -0.100595 -0.065308 -0.197595 -0.047874 -0.096776 -0.131202 -0.012227 -0.002146 -0.009233 0.114643 -0.055639 -0.058994 -0.011394 -0.039379 0.072241 0.008268 -0.195580 0.109472 -0.140816 -0.115504 -0.138689 -0.002319 0.005760 -0.191791 0.093562 -0.083274 -0.125154 0.143441 0.021830 0.192744 -0.162190 0.016378
-0.099137 -0.071673 -0.132040 0.028651 -0.092017 -0.010476 0.004154 0.035461 -0.077607 0.159905 0.051543 -0.078877 -0.117522 0.025987 0.089342 -0.010209 -0.068991 -0.145380 -0.051049 -0.004437 0.032132 0.050912 -0.021939 0.082375 0.067520 0.045434 0.042079 -0.056647 -0.045292 -0.000164 0.027728 -0.083823 0.021349 -0.020721 0.094578 -0.138490 -0.101592 -0.003332 -0.085558 -0.131734 -0.006516 0.139236 -0.076145 0.016009 -0.113727 -0.000708 0.028900 0.037174 -0.043630 -0.013895 0.049671 0.118596 -0.018970 0.115963 0.072014 -0.134572 -0.027883 -0.000548 -0.010347 0.049211 -0.074176 0.000466 0.030637 -0.064348 0.050543 -0.029694 -0.218058 -0.053484 0.004545 0.015369 0.011668 -0.015042 -0.044121 -0.086733 -0.084542 -0.057815 0.007117 0.064522 -0.043904 0.003167 0.067835 -0.015504 0.116509 -0.151931 -0.026317 0.024304 -0.121285 -0.062929 0.068900 -0.046159 -0.015765 -0.041451 -0.083268 0.040145 0.049804 -0.038240 0.021039 0.074272 -0.116931 0.012692 0.012452 -0.104786 0.035074 -0.134283 0.032831 -0.078428 0.087465 0.058063 0.047461 0.065905 -0.139376 0.085661
-0.057145 -0.174518 0.115917 -0.027980 -0.051448 0.081247 -0.030522 -0.017169 -0.028493 -0.060388 0.160137 -0.216032 -0.028853 -0.023251 0.095043 0.052899 0.062264 0.163500 0.006006 0.145657 -0.112855 -0.001064 -0.031416 0.038969 0.005495 0.054362 -0.068136 -0.077896 0.034378 0.138431 -0.023033 -0.053665 -0.056021 -0.093910 -0.102114 -0.054064 -0.011573 -0.060627 -0.044754 0.011136 0.073495 -0.064499 0.016794 0.053835 0.053261 0.012726 0.011450 -0.037688 -0.082215 -0.088711 -0.002248 0.161247 -0.035202 0.011759 0.134207 -0.083989 -0.017205 0.026725 -0.065675 0.046851 -0.009864 -0.111282 0.079148 0.082577 -0.100402 0.114215 -0.082589 -0.122717 -0.064777 0.051396 -0.065416 -0.052399 -0.114870 -0.062292 0.028770 -0.001652 0.043544 -0.000833 0.062155 -0.090524 -0.054058 -0.059456 0.044367 0.018056 -0.102041 -0.148569 -0.080930 0.179093 0.099107 -0.051107 -0.123626 0.040576 -0.128008 0.095246 0.107138 -0.007671 -0.103232 -0.000603 -0.112566 -0.066152 -0.047836 -0.066490 0.000408 0.038205 -0.077723 0.002591 -0.157661 0.136851 0.240990 -0.044817 -0.055924 -0.012823
-0.069027 -0.000549 -0.112566 0.052444 -0.114531 0.058254 -0.059209 -0.050197 -0.050548 0.027215 -0.016382 0.106816 -0.159923 -0.071974 0.024301 -0.026681 -0.109031 -0.105770 -0.129319 -0.026072 0.047334 0.025670 0.089557 -0.011821 -0.084260 -0.004169 -0.084940 -0.119273 -0.065034 -0.029240 -0.009663 -0.062617 -0.013802 0.084295 0.051303 0.050579 0.045949 0.013153 0.005046 0.055364 -0.020894 -0.060982 -0.023699 -0.021178 -0.031435 0.077548 -0.009643 0.070093 0.078577 -0.054456 -0.015339 0.035619 0.013417 0.140118 -0.027788 -0.114439 -0.122784 -0.017321 0.045040 -0.048670 -0.055346 0.136575 -0.001509 -0.031809 0.038513 0.025586 0.014025 0.076361 0.043717 0.009049 0.058182 0.016732 0.209157 0.046925 -0.104653 -0.042546 0.069460 0.042191 0.066159 0.055536 0.161221 -0.025579 0.002452 0.061103 -0.060158 -0.069874 -0.031004 0.021197 -0.009633 0.005153 0.174392 -0.114605 -0.010088 -0.005032 0.081710 0.064467 -0.040909 -0.021435 -0.066811 -0.005817 -0.022544 -0.070817 -0.054001 -0.094970 -0.085388 0.001504 -0.015474 -0.042919 0.036986 0.105870 -0.054478 -0.019114
-0.130399 -0.035636 -0.089473 0.054884 0.067325 0.155076 -0.002327 -0.063567 0.020810 0.100075 -0.080969 -0.026814 -0.095385 0.118153 -0.052136 0.001639 -0.082883 -0.053077 -0.122032 0.126012 -0.034119 -0.147835 -0.084253 0.160070 0.042470 0.074613 -0.056374 -0.102332 -0.066099 -0.054994 0.079527 0.073752 0.040299 -0.176839 0.057809 -0.089006 -0.009014 0.091262 -0.034150 -0.277954 0.101404 0.036249 0.133862 0.033092 -0.166316 -0.048424 -0.030965 0.135543 -0.021292 -0.118641 -0.091374 0.044045 0.039986 0.198505 0.037558 0.041517 0.066025 -0.082930 0.063188 -0.141376 -0.143902 0.071444 0.003369 -0.189442 0.025206 -0.046510 -0.043903 -0.118575 -0.111142 0.116874 0.021389 -0.095171 -0.028482 -0.053599 -0.005131 0.004394 -0.086492 -0.022058 -0.075861 -0.024225 -0.013554 -0.076651 -0.018859 0.031392 0.088375 0.016173 0.076197 -0.001274 -0.121501 -0.005849 0.041809 0.022703 0.024646 0.019624 0.100229 -0.029460 0.005343 0.009864 -0.051064 0.093685 0.133307 0.144689 -0.105769 -0.079126 0.007743 -0.096619 -0.072270 0.030079 0.144122 0.006770 0.167992 0.108430
0.005826 0.067227 0.020738 0.018119 -0.089557 -0.064491 0.057583 -0.122133 0.053796 -0.130381 0.113691 0.049065 -0.032142 0.124831 0.033107 -0.098434 0.076632 -0.049484 -0.078409 -0.125707 -0.033562 -0.023510 0.008463 -0.061697 0.231668 0.105979 -0.125928 -0.038400 0.074792 0.000916 0.054968 -0.047780 -0.060364 0.123781 0.125946 -0.030977 -0.002128 -0.073350 -0.050912 0.120962 0.051094 0.016259 0.034841 -0.086506 -0.055725 0.016390 -0.046396 -0.000014 -0.076573 -0.005691 0.103971 0.068000 0.020439 -0.075430 -0.067494 -0.150423 -0.077937 0.154435 0.058156 0.072727 -0.204273 -0.095541 -0.060525 0.062621 -0.086869 0.042639 -0.033837 -0.073474 -0.052106 0.065241 0.021233 -0.041180 -0.015012 -0.100272 0.125933 -0.092285 -0.029213 0.039473 -0.099893 -0.234589 -0.005598 0.029584 0.071265 0.040469 0.033907 0.084846 -0.119495 -0.099816 0.087248 0.019397 0.070136 -0.017318 0.006256 0.162418 -0.064980 -0.134589 -0.000123 -0.062837 -0.012397 0.004924 0.014045 0.036477 -0.041963 -0.126396 -0.002118 0.003224 -0.130991 0.134656 0.011932 -0.001860 -0.003101 0.119962
0.056179 0.065789 -0.099111 -0.052556 -0.080384 -0.028425 0.031903 -0.022441 -0.110770 -0.002673 0.107146 0.043731 -0.038731 -0.021487 0.067076 -0.027945 0.047822 -0.138863 -0.103775 0.041556 -0.054242 -0.018096 -0.002032 0.017550 -0.093416 -0.023442 -0.080851 -0.074741 -0.073619 -0.028442 -0.000152 -0.162209 0.082480 -0.068085 -0.113434 0.080683 -0.072281 -0.021797 -0.131758 0.149593 0.126126 -0.013968 -0.115985 -0.013236 -0.021299 0.058462 0.047452 -0.053256 0.022896 -0.098608 0.083597 0.063689 -0.101321 0.038118 0.079214 0.047646 0.130033 -0.040501 0.009745 -0.035967 -0.005278 0.042964 -0.006302 0.035993 -0.035374 -0.007396 -0.126205 0.063408 0.055787 0.051220 0.056645 -0.012713 0.013291 -0.045355 -0.030659 -0.146132 0.069298 -0.136910 -0.035422 -0.005641 -0.104210 0.155807 -0.089031 -0.028244 0.021055 -0.022303 -0.137671 0.097752 0.003761 -0.041961 0.019212 -0.075322 -0.008194 -0.008064 -0.043177 -0.027802 0.091000 -0.116815 0.000989 -0.101670 0.135173 -0.050996 0.077543 -0.228406 0.079751 0.017011 -0.014405 -0.015080 -0.021790 -0.085210 -0.060652 0.039561
-0.088684 -0.065304 0.021635 0.078622 0.069732 0.056929 0.068632 0.114122 0.129864 -0.043250 -0.032324 0.068347 -0.077915 0.203392 0.079671 0.144882 -0.054123 -0.032760 -0.021992 0.105134 0.008709 -0.146715 0.096419 -0.071757 -0.061181 0.038035 0.115062 -0.123678 0.005687 0.093110 0.027128 0.026151 0.002454 0.030915 -0.121660 -0.082081 -0.071647 0.076453 0.066589 0.064396 0.043051 -0.057325 -0.042623 0.074740 0.087339 0.042516 -0.140997 0.077757 0.058245 -0.086281 -0.066445 0.012926 0.028654 -0.239219 0.012952 -0.014829 -0.002840 -0.076239 -0.017318 -0.133506 0.125413 -0.116897 -0.043773 -0.133605 -0.026243 -0.031162 0.065143 0.024268 0.105517 0.055100 0.010812 0.036278 -0.248412 0.017204 -0.101860 -0.064610 0.203246 0.037086 0.015767 0.122277 0.032021 -0.149667 -0.018477 -0.048052 0.216685 0.045530 -0.005132 -0.068150 -0.026434 0.164278 -0.084721 -0.028374 0.132063 -0.019088 -0.035011 -0.057838 -0.048846 0.082513 0.045742 0.196013 -0.012475 -0.058759 -0.123941 -0.066638 -0.066016 0.058927 -0.079575 -0.121201 -0.006693 -0.168317 0.196776 0.073832
-0.072234 -0.059993 -0.059898 -0.044272 -0.121690 -0.046525 -0.079962 0.049403 -0.092341 0.122005 0.046231 -0.043999 0.028204 -0.038828 -0.195706 -0.031778 -0.199919 -0.134382 0.035782 0.012371 -0.112640 0.041434 -0.141152 0.046585 -0.069306 -0.051557 0.042575 -0.055556 0.033874 -0.182468 0.033173 0.060084 0.056119 -0.050398 -0.130566 -0.002803 0.009019 0.064978 -0.086125 -0.030278 -0.100636 0.033903 -0.012751 0.031545 -0.003811 0.004020 -0.052477 -0.039460 -0.017152 0.005989 -0.057957 -0.106137 -0.046925 -0.192338 -0.015118 -0.018052 0.013051 0.098293 -0.064614 0.087465 0.001844 0.087572 0.088764 0.038492 0.059421 0.002687 0.043560 -0.010794 -0.117864 0.055972 0.027854 0.004026 0.140606 0.002573 0.031641 0.155473 0.124125 -0.112461 0.155039 -0.035377 -0.046455 0.073133 0.157966 -0.021719 0.009714 0.054019 -0.024168 0.138858 0.015815 0.001178 0.034956 -0.043441 0.020888 0.046376 0.154866 -0.086544 -0.153975 0.027008 0.096769 0.081788 -0.048548 -0.028233 -0.036550 -0.138897 -0.078799 0.082429 -0.022425 0.066538 -0.001263 -0.077774 -0.046132 0.039277
0.041500 -0.054692 0.105786 0.101573 0.037393 -0.042964 0.046958 -0.033551 -0.152763 0.074940 0.090070 -0.098337 -0.088766 -0.082201 -0.014738 -0.049306 0.000369 -0.010539 0.008925 -0.070795 -0.071375 -0.076486 -0.036413 -0.118839 -0.016077 0.007062 -0.026884 0.039195 -0.055189 -0.023231 0.017689 0.028388 -0.150121 -0.023253 -0.030288 -0.075403 -0.046991 -0.021207 0.161753 -0.149178 -0.007550 -0.074045 0.026968 -0.140175 -0.001838 0.066245 0.016521 -0.258459 -0.003727 -0.043903 -0.057631 0.030171 0.028864 0.039038 -0.085501 -0.052001 0.016606 -0.041207 0.048696 -0.071674 -0.122157 -0.013856 -0.019882 -0.037994 -0.226513 0.071448 -0.039298 -0.009885 -0.056115 -0.009386 -0.107923 -0.041676 0.064905 -0.095764 -0.025355 0.031908 -0.103420 0.101269 0.086467 -0.055804 -0.074976 0.085150 0.086863 -0.046034 0.031026 -0.105164 -0.049005 -0.034761 -0.159565 0.051330 -0.079425 -0.058269 0.045307 -0.102813 0.026049 0.018599 -0.107238 -0.119537 0.033042 0.022305 0.097316 0.023068 0.099453 0.007761 0.039487 -0.143250 0.035063 -0.067546 -0.014676 0.077043 -0.027767 -0.039396
0.031502 -0.116232 -0.008128 0.000601 0.031207 -0.077847 -0.165375 -0.104173 -0.131143 -0.019545 0.120303 0.106099 -0.146295 -0.013817 0.032184 -0.053121 -0.048294 0.108355 -0.040419 0.026297 0.111937 0.029428 -0.047137 0.091117 0.145948 -0.033384 0.073793 -0.055378 -0.006138 0.048153 -0.038917 0.004133 -0.085761 0.035101 -0.015328 0.162546 -0.073315 0.054904 0.016438 -0.115254 0.063456 -0.076313 -0.108162 -0.009635 -0.002792 0.029310 -0.062841 -0.200964 -0.065326 -0.124330 -0.057755 0.093964 -0.053157 -0.014796 -0.059085 -0.023340 -0.016042 0.056991 -0.091641 0.088078 -0.035414 0.072965 0.023304 -0.049501 0.055396 -0.107793 -0.144041 -0.048512 0.073919 0.130551 -0.029401 -0.005167 -0.102390 -0.195831 0.074379 -0.010692 0.182730 -0.018857 0.154111 0.002015 0.125615 0.036401 -0.076905 -0.149958 0.146872 0.019895 -0.003912 0.089174 -0.136783 -0.040452 0.044124 0.058501 0.186104 -0.200798 0.036797 0.023709 -0.034492 -0.094984 0.081206 -0.116967 -0.101097 -0.102555 0.190917 0.035185 -0.077016 -0.065881 0.049857 0.036787 0.103324 0.139068 0.073715 0.158968
-0.043869 -0.110758 -0.016662 0.044637 -0.093634 -0.041350 -0.130520 -0.172805 0.024227 -0.006813 0.061074 0.073604 -0.034459 -0.083806 -0.025857 -0.048329 -0.026072 0.005707 0.074837 -0.052750 -0.068421 0.004629 -0.069034 -0.012828 0.082982 -0.023093 -0.033917 0.047115 -0.096222 0.110470 -0.056986 0.008776 -0.015042 -0.070641 -0.026043 0.169148 0.018159 0.049708 -0.010232 -0.096958 -0.111546 0.059256 -0.087209 -0.003767 -0.038148 -0.033264 -0.061793 0.084300 -0.182011 -0.016559 -0.219494 0.032015 -0.042733 0.029535 -0.048109 -0.032193 -0.067907 0.011050 -0.164934 0.076954 0.037252 -0.064515 0.044864 -0.172316 -0.019471 -0.068179 -0.010502 -0.027407 -0.079671 -0.157559 0.023312 -0.116189 -0.059161 0.022458 0.068603 0.055808 0.075826 0.009871 -0.063746 0.030741 -0.073705 -0.040781 -0.021796 -0.027776 -0.054919 -0.091925 0.014512 0.041685 -0.087504 0.119895 -0.030690 -0.013923 -0.028529 -0.076075 -0.022255 0.014187 -0.047930 -0.072625 0.010981 -0.052574 0.018475 -0.055201 0.026967 -0.028762 0.070936 0.035417 -0.073226 -0.108806 0.059592 0.054874 -0.111215 0.016989
0.003447 -0.245510 0.156242 -0.078256 -0.051404 0.048842 -0.080372 0.013249 -0.118072 0.047605 -0.023112 0.058892 -0.090948 0.159268 -0.047392 -0.039109 -0.032701 -0.029448 0.097132 -0.007282 -0.091486 0.034727 0.036767 0.002432 0.097495 -0.089426 -0.087017 0.030487 0.072250 -0.038457 0.010129 -0.031187 -0.012381 -0.038504 0.028379 -0.090365 -0.108607 0.011618 -0.024248 0.020152 0.026359 0.140496 0.073496 -0.007799 0.056251 -0.007555 -0.058157 -0.255440 0.081802 -0.035424 0.048544 -0.068509 -0.052854 -0.030951 -0.013497 -0.025426 -0.030539 0.002620 0.050125 0.056326 0.020247 0.005584 0.059113 0.164980 0.137317 -0.029177 -0.025863 0.151803 0.044541 -0.191890 0.049285 0.067522 -0.122726 -0.061283 -0.035896 0.041374 0.066587 -0.008823 -0.041396 0.006567 0.150712 -0.048461 -0.066561 0.019486 -0.068782 0.023978 0.019889 0.086189 -0.039038 -0.107827 -0.043476 0.030702 0.050189 0.153415 -0.115656 -0.023865 0.016626 -0.002122 -0.054887 -0.087905 0.055297 0.081572 0.029545 0.049294 -0.022928 0.108802 0.057052 0.094955 -0.172341 0.100859 -0.066085 0.110639
-0.002807 -0.151215 0.019177 -0.037482 0.047162 0.049499 0.104963 -0.073538 0.039939 -0.021966 0.006785 -0.087776 -0.075196 -0.019505 -0.195672 -0.000168 0.078950 0.051666 -0.055296 0.131904 0.012268 -0.146814 0.048076 -0.085218 -0.153760 0.036594 0.126122 -0.108340 0.024627 0.027660 0.099268 -0.047308 0.034233 -0.024155 0.009967 -0.112013 -0.067571 -0.115501 -0.024196 0.013065 0.055111 0.039956 -0.030641 0.033091 -0.049713 0.042508 -0.040812 0.175708 0.017911 -0.087165 0.009942 0.052469 0.040552 0.021474 0.010191 0.073067 0.047190 -0.081117 -0.030235 -0.016864 -0.046754 -0.073454 -0.016110 -0.098873 0.033446 0.024423 -0.006724 0.084029 -0.034758 -0.009289 0.050422 -0.195565 0.071607 0.022664 -0.025278 -0.044382 -0.065894 -0.019912 0.020481 -0.002150 -0.156485 -0.057455 -0.116465 0.204891 0.033932 -0.026309 0.033606 -0.024208 -0.036980 -0.080571 0.114570 -0.039669 -0.019816 0.148812 0.033060 -0.134581 -0.035243 0.038379 -0.066701 -0.013683 -0.135638 0.053710 0.040822 -0.005971 0.101008 -0.055990 -0.180900 0.128939 -0.013488 -0.023702 -0.001425 0.028812
0.112855 0.025885 0.034421 -0.067652 0.027293 -0.003699 -0.066051 0.184579 0.029750 0.012702 -0.032337 -0.079478 -0.051163 0.046174 0.011815 0.099311 -0.100012 0.106697 -0.043813 0.121255 0.172495 -0.043381 -0.019120 -0.083414 -0.039559 -0.091276 0.091067 0.049109 0.134458 -0.043904 0.079919 -0.131809 0.024685 0.057337 -0.001772 0.064938 -0.046546 0.048884 0.019766 0.040363 -0.011937 0.052449 0.008148 0.055420 0.009471 -0.088846 0.078344 -0.084127 -0.110429 -0.117423 -0.099251 -0.018563 0.041713 0.006576 0.167796 0.091182 0.032671 -0.130549 -0.053521 0.041233 -0.065021 -0.096589 -0.004825 -0.145789 0.020630 0.013350 0.099706 -0.035138 -0.054250 0.021580 -0.093316 -0.101766 0.071593 0.104574 0.064425 -0.093250 0.039878 0.031640 0.021899 0.049343 -0.006632 -0.026097 0.047340 -0.008786 0.037984 0.068104 0.145701 -0.030203 0.094153 0.022565 0.021998 -0.094839 0.089982 0.040561 -0.093181 -0.016237 0.109488 0.046876 -0.018751 -0.137995 -0.136192 -0.014211 0.047758 0.040788 -0.071617 -0.083299 0.043235 -0.002389 -0.239523 0.009430 -0.077938 0.107981
0.050399 -0.008441 0.162068 -0.106722 -0.047466 -0.080871 0.085337 0.043266 -0.121875 -0.051896 0.005866 -0.062457 -0.059842 0.091108 0.051266 -0.037803 -0.076644 -0.083479 0.066118 -0.093053 0.022130 0.010022 -0.014099 0.003012 0.010056 0.053323 -0.018464 0.031224 -0.011187 -0.022755 -0.143255 -0.097535 -0.001441 -0.030621 0.019808 -0.137290 -0.006949 -0.102285 -0.071382 -0.074212 -0.075926 0.023655 -0.072043 -0.054183 -0.063879 -0.018338 0.090185 0.123694 -0.003785 -0.044784 -0.060612 0.109877 0.033046 -0.113135 -0.019284 -0.121126 -0.029862 0.162202 -0.092955 -0.116188 0.009129 0.012261 -0.066289 -0.015492 0.049013 -0.106464 0.008013 0.019236 -0.020965 -0.037859 0.057394 -0.021471 -0.046559 -0.172380 0.090847 -0.092145 0.035192 0.046163 -0.049703 0.077856 0.078063 0.041432 -0.017874 -0.058255 0.035514 -0.094390 -0.056103 -0.043964 0.017824 0.084759 -0.083761 -0.072180 -0.023698 -0.056752 0.022920 0.120292 -0.003852 0.037578 -0.022782 -0.004256 -0.069615 0.026111 -0.012624 -0.094864 -0.007199 0.077112 0.048181 -0.081700 0.059154 0.091949 0.133697 0.019980
-0.096927 -0.039123 0.025832 -0.018784 0.078289 0.110084 0.085697 0.005686 -0.172508 -0.105909 -0.047648 -0.002840 0.059859 -0.016131 0.099994 0.014589 -0.064915 -0.021069 0.088119 0.073254 0.027425 0.107601 -0.005006 0.058928 0.040686 0.007145 0.074812 0.006730 0.122394 -0.054967 -0.032291 0.056597 0.024862 0.125378 -0.007538 0.002642 -0.171664 -0.158207 0.060609 -0.017843 -0.015102 -0.048027 -0.049515 0.035921 -0.052655 0.017432 -0.067583 0.012597 0.146332 0.030757 -0.026152 -0.096701 -0.012515 0.109988 0.059730 0.159950 -0.000507 0.060862 0.007319 -0.001093 0.015147 -0.031155 -0.003436 -0.067107 -0.044699 -0.038216 0.108543 0.066338 0.076256 -0.043473 0.007557 -0.023655 0.046187 -0.061381 0.026534 0.075666 0.027373 -0.122302 0.152149 -0.143323 -0.068665 -0.124360 -0.071842 -0.015970 -0.043484 -0.112065 0.088927 0.036257 0.089306 0.108472 -0.046287 -0.015732 -0.034388 -0.234078 0.076889 -0.007504 -0.069372 -0.182733 -0.025699 -0.079200 0.029679 0.016865 0.054221 0.070979 -0.011182 -0.044009 0.079828 -0.081664 0.006116 0.096639 0.004862 0.035800
-0.023887 0.025087 -0.027369 -0.061821 0.021471 -0.050090 -0.090506 0.002047 -0.004454 0.035054 0.029670 -0.003973 -0.032393 0.147303 -0.091763 -0.084962 0.004896 0.044699 -0.115300 0.120903 0.126711 -0.090747 0.005392 0.055908 -0.041046 -0.028518 -0.191960 -0.003363 -0.134703 0.001167 -0.050567 0.066735 0.011437 0.026108 0.006266 0.004554 0.126500 -0.015038 -0.110487 0.054958 -0.058271 0.018650 0.052878 -0.017316 0.144809 -0.066188 -0.017846 0.024274 0.038167 -0.056244 -0.044091 0.156326 -0.051108 -0.024482 0.017067 -0.036387 0.092473 -0.111134 -0.108050 -0.022228 0.004432 -0.119802 -0.125284 -0.004781 -0.082013 0.115408 0.118446 -0.191621 0.026162 -0.139650 -0.085302 -0.157736 0.011080 -0.037874 -0.129772 -0.002809 0.002953 0.006184 -0.047630 0.067164 0.045749 0.036314 0.032354 0.003118 -0.014024 -0.056378 0.028053 -0.021450 -0.059930 -0.174871 -0.124735 0.094091 0.002150 -0.101216 -0.055984 -0.024619 0.073761 -0.062876 0.030925 -0.013639 -0.032526 0.028480 -0.001996 0.024648 -0.085389 0.056828 -0.132793 -0.033179 -0.076700 -0.005090 0.005223 -0.066525
-0.000599 0.115918 -0.086307 -0.135838 -0.029550 0.086611 -0.099059 -0.110436 0.168050 -0.019632 -0.066478 0.009309 -0.145432 -0.030277 0.069514 0.007164 -0.065635 0.159941 0.032976 -0.094723 0.077976 0.096747 0.026516 0.058135 -0.017804 -0.089100 -0.020418 0.083591 -0.004179 0.024897 0.152118 0.002627 -0.098735 0.104936 -0.065271 -0.069943 0.013080 -0.017582 -0.069144 -0.161645 -0.085417 0.011402 -0.017743 -0.004046 0.050652 -0.004675 -0.054283 -0.057165 0.048331 -0.076814 -0.083133 -0.100943 -0.018332 0.053480 -0.008868 0.062503 -0.028759 -0.015127 0.076018 0.058246 0.068506 -0.046854 -0.195753 0.040175 0.159259 -0.029668 0.032364 -0.028007 -0.020758 -0.088703 0.036122 -0.085923 -0.067011 -0.088729 0.070943 -0.028353 0.079241 -0.099905 -0.129146 0.040355 -0.029796 0.073229 0.066442 -0.154168 0.012587 -0.000781 -0.046917 0.044824 0.016191 -0.087095 -0.026576 0.065841 0.133823 -0.007611 -0.152205 -0.144540 0.080181 0.024799 -0.101806 -0.046860 0.102294 -0.122223 0.122903 0.071017 -0.029952 0.115589 0.016552 -0.021641 0.043188 0.007240 0.014884 0.064580
-0.053274 -0.028131 0.049289 -0.053803 0.006051 -0.161932 -0.111678 -0.006250 -0.081880 0.064146 -0.029919 0.044735 -0.008111 -0.071668 0.006009 0.063372 0.153246 -0.057754 0.056424 -0.021836 -0.085261 -0.073569 0.009927 -0.106524 -0.167186 -0.078626 0.029974 0.066777 -0.007492 -0.067979 -0.019318 -0.076782 -0.008328 0.032440 -0.045817 -0.004926 -0.062195 -0.069158 0.015735 -0.028654 0.107064 -0.035081 0.051826 0.010928 -0.180488 0.050702 -0.039211 0.146576 0.074633 -0.118304 -0.020821 0.024430 0.066182 -0.018438 -0.122481 -0.264480 -0.032407 -0.009335 0.060636 -0.002910 0.075887 0.043332 0.051491 -0.049022 0.019312 -0.059273 -0.089504 -0.026049 0.111835 -0.058812 -0.158935 -0.031501 0.067411 0.092803 -0.100788 0.055888 0.035303 0.045508 0.020496 -0.122751 -0.052493 0.025296 -0.066511 0.110964 0.012976 0.017633 0.102005 -0.040451 -0.022500 -0.003055 -0.023416 -0.018747 -0.002575 0.047361 0.019712 -0.101734 -0.011019 -0.043351 0.000065 -0.002140 0.099385 -0.009207 -0.014071 -0.028630 -0.047984 -0.125234 0.052258 -0.065761 0.059161 0.011593 -0.062686 0.023648
0.071080 -0.144817 -0.043631 -0.160676 0.056979 -0.015368 -0.039037 0.003307 -0.051006 0.056623 0.053935 0.026005 -0.054106 -0.090373 -0.078272 0.136276 -0.012415 -0.083000 -0.103938 -0.081489 -0.083193 0.069546 -0.054648 -0.024222 -0.071097 0.066650 0.100418 -0.096277 0.043707 -0.095622 -0.090717 -0.000017 0.062537 -0.029172 0.008492 0.091515 0.023283 -0.009068 -0.018543 -0.020743 -0.009692 -0.094092 -0.090418 -0.022491 -0.053469 0.014890 -0.056290 0.073994 0.029930 0.029719 -0.030405 -0.135987 0.194697 -0.002193 -0.010320 0.002328 -0.031722 -0.076552 -0.073776 0.053715 0.018708 0.004345 0.112195 0.029587 -0.051959 0.013963 -0.054531 -0.040678 -0.165623 -0.106408 -0.014873 -0.075966 0.055150 0.039970 0.072073 -0.089836 0.018371 0.069836 -0.064801 0.033403 -0.032113 -0.107659 -0.004284 -0.038448 0.000309 -0.026986 0.087438 -0.036777 0.091308 0.052693 -0.015629 -0.005760 0.017622 0.038276 -0.022352 0.012439 0.033186 0.108506 -0.091607 0.059389 -0.007129 0.057370 0.066475 0.081164 0.086290 -0.015167 0.084448 0.049023 -0.029918 -0.056463 0.037778 0.094041
0.021566 -0.026275 -0.104134 0.018438 0.026640 0.131786 -0.021635 0.005954 -0.113338 -0.017204 -0.004204 -0.023855 -0.021921 -0.008006 0.034293 -0.078485 0.021516 0.090525 0.006613 -0.095298 0.027667 -0.061858 0.012819 -0.104709 0.208737 -0.092197 0.043670 -0.094023 0.029258 -0.049198 -0.107947 -0.010220 -0.033673 -0.000144 -0.065599 -0.074195 0.088661 0.026994 -0.093608 -0.012813 0.022910 0.126227 0.065922 0.068863 -0.138668 -0.013884 0.030331 -0.011335 0.066868 -0.028593 -0.095078 -0.047010 -0.002056 -0.095368 -0.071308 -0.090853 0.033476 -0.003090 -0.076418 -0.015925 0.049533 -0.019735 -0.042973 -0.008021 0.027779 -0.000793 0.052924 -0.049691 -0.063532 0.022223 0.056644 -0.045507 0.003549 0.025809 0.036557 -0.124366 -0.059695 -0.081887 -0.104536 -0.066407 -0.140970 0.004503 -0.017779 0.061880 -0.112906 -0.022812 -0.027696 -0.007842 -0.003153 0.027318 0.018429 -0.021156 -0.138328 0.062950 -0.053106 -0.046239 0.027951 0.007570 0.080341 0.081438 -0.060002 -0.065897 -0.044214 -0.006937 0.033595 -0.061005 -0.014484 0.144615 0.069373 -0.188879 0.015615 -0.052622
-0.022554 0.087980 0.074071 -0.003169 -0.078603 -0.015414 -0.162898 0.040193 -0.040435 -0.050295 -0.044164 -0.056152 0.015202 -0.102296 0.097161 0.031043 -0.025066 0.136071 -0.041681 0.032391 0.082983 -0.053893 0.044135 0.043594 -0.018827 0.052069 -0.089410 -0.075425 0.020806 -0.124042 -0.152851 0.095633 -0.007962 0.041040 -0.038408 0.027550 0.100493 0.082995 0.114648 -0.103795 -0.008251 0.024336 -0.149901 -0.074916 0.168634 -0.055940 -0.044341 0.029533 -0.076789 0.118698 -0.093715 -0.117034 0.008707 0.008503 0.004173 -0.028818 0.015239 -0.134069 0.035609 0.051385 -0.032652 -0.039905 -0.163666 0.010020 -0.010227 0.064966 -0.135531 -0.113865 -0.013640 0.071726 -0.010808 0.066762 -0.016466 -0.048011 -0.053183 0.103726 0.060411 -0.039926 0.104736 0.103371 0.030227 0.100609 -0.091738 -0.099599 0.069680 0.105711 -0.054757 0.115588 0.035532 -0.035016 -0.009985 0.105497 -0.000652 -0.007021 -0.012163 0.130570 -0.053988 -0.049615 -0.072109 -0.085273 -0.062872 -0.123448 0.044052 -0.027036 -0.055536 0.025420 -0.004803 0.149081 -0.021266 0.009034 -0.054320 0.048110
-0.029025 -0.006525 0.071041 0.087861 -0.011440 0.004060 0.017966 0.087008 0.033723 -0.042710 -0.057310 -0.032259 -0.028446 -0.057722 0.033234 0.092579 -0.092814 -0.049847 -0.179684 -0.007004 0.001635 -0.091126 0.083884 0.105756 0.021383 -0.046518 -0.049247 0.050811 0.085042 -0.052081 0.038147 -0.074844 -0.100111 0.062227 -0.086155 -0.005606 0.038357 -0.055848 -0.157411 -0.070085 -0.123985 -0.120300 -0.145117 -0.038709 -0.107599 0.006179 -0.028734 0.045585 0.045403 0.050241 0.110310 -0.159593 0.094095 -0.027442 0.006199 0.040310 0.022089 -0.008769 -0.034685 0.007793 -0.037482 0.086810 0.083975 -0.026180 0.012673 -0.004185 -0.056918 0.050155 0.121381 -0.062469 0.008506 0.073146 0.028031 0.063498 -0.078623 0.136203 0.050943 -0.079569 0.034306 -0.119613 0.034070 0.029184 -0.075079 -0.088347 -0.042024 -0.062061 -0.021135 -0.050730 0.029092 -0.022303 0.107222 0.103426 -0.124792 -0.019053 0.017841 0.076563 0.090375 -0.094133 0.006415 -0.218315 0.112445 0.011057 -0.067210 0.040884 0.080733 0.034811 0.012000 -0.100307 -0.081398 -0.122389 -0.019406 -0.005030
-0.002185 -0.076642 0.069523 -0.060888 -0.207631 -0.104938 -0.008561 -0.016665 -0.075456 0.038062 0.065079 0.137900 0.036063 0.004715 -0.021604 0.019891 -0.070484 -0.025430 0.042944 0.054916 0.021288 0.071958 -0.025822 -0.118295 0.042105 0.042747 0.062164 0.104824 0.046813 0.208632 -0.033560 0.111034 0.000978 -0.065346 -0.001040 -0.038261 -0.064384 -0.060768 -0.040437 -0.009605 0.004457 0.021466 -0.021439 -0.045976 -0.085290 0.122364 -0.011194 0.039557 -0.004574 -0.067749 0.154643 -0.209476 -0.040080 -0.125168 0.003562 -0.006853 -0.055137 -0.051780 -0.016501 0.024643 0.034271 -0.009066 -0.096810 -0.009358 0.179899 -0.140818 0.090212 0.143804 -0.011251 0.069909 0.099349 0.005408 0.036579 0.012008 -0.072954 0.072089 0.077554 -0.051385 0.003444 -0.059008 -0.007118 -0.075743 -0.124112 0.010593 0.078605 -0.007893 0.016606 -0.162770 0.074788 -0.036837 -0.123877 0.011452 -0.076096 -0.095488 -0.045299 0.031394 -0.071025 0.051558 -0.013594 -0.155339 0.032066 -0.033344 0.076345 0.027054 -0.204994 -0.135534 -0.049081 0.119337 -0.037820 0.060823 -0.077583 0.086628
0.048761 -0.004758 -0.029695 -0.044342 0.082952 -0.016958 -0.078050 -0.012817 -0.103976 0.013363 0.071650 0.097883 0.000601 -0.017893 -0.077706 -0.061444 0.161998 0.024657 -0.040292 0.125041 -0.019157 0.003935 -0.048412 -0.007114 -0.059067 -0.002525 0.027820 -0.055630 -0.006749 -0.032806 0.014967 -0.155193 0.046226 -0.104441 -0.102690 0.121256 -0.109841 -0.024974 0.017181 -0.023430 0.012216 -0.043120 -0.009901 -0.101756 -0.013558 0.090748 -0.043404 -0.020359 0.011593 0.062649 -0.025390 0.057224 -0.079902 -0.050412 0.057276 -0.004070 0.005804 0.035312 -0.102183 -0.052463 -0.062678 -0.036003 0.023530 -0.030977 0.184881 0.010727 0.027387 -0.004389 0.018382 -0.047506 0.009740 -0.093674 0.079960 0.068019 0.099241 0.053962 0.001717 0.124669 -0.042755 0.013084 0.084509 0.081203 0.100576 -0.058149 0.121245 -0.115266 -0.141494 0.055927 -0.003244 -0.071625 -0.033532 -0.108509 0.016589 -0.031138 -0.021606 0.065525 0.004437 0.033679 0.012868 0.125531 0.027341 0.146306 -0.064220 0.002987 0.117818 0.006583 0.006963 -0.069215 0.120117 0.025501 -0.113890 0.019931
-0.007179 0.086445 0.100449 0.061091 0.026454 0.001924 -0.085634 -0.065636 0.077173 0.040962 -0.076227 -0.097155 0.106399 -0.062038 -0.089064 0.040506 -0.193258 0.207436 -0.006610 -0.059575 0.046595 0.119494 -0.083261 -0.039378 -0.098090 0.031155 0.136085 -0.009606 -0.073085 -0.065876 0.078636 -0.018358 0.022485 0.106645 -0.049211 0.062290 0.032173 -0.094394 0.042441 0.059150 -0.019020 0.062084 0.003269 -0.014941 -0.119386 0.097610 0.021784 0.028312 0.051452 0.016025 -0.004604 0.013243 0.021033 -0.211804 0.028386 0.007607 -0.061735 0.028251 0.019382 -0.054096 -0.016674 -0.012393 0.056904 -0.024569 -0.072138 0.041052 0.067095 -0.017984 -0.140141 -0.017608 -0.151530 -0.075270 0.027057 -0.045061 -0.030081 -0.004089 -0.072474 -0.033648 0.084696 -0.125562 -0.049209 -0.042971 -0.040793 -0.039518 -0.098837 0.095085 0.070564 -0.054708 -0.045079 -0.102488 -0.069099 -0.066824 -0.011292 0.111345 -0.022068 0.065965 0.098858 -0.123279 0.006054 -0.051258 -0.059349 -0.110579 -0.034074 -0.005678 -0.061322 0.065607 -0.100462 0.004656 0.036468 0.082821 -0.010901 -0.014452
-0.000393 0.069385 -0.043127 0.025357 -0.034898 0.017587 0.014639 0.040178 0.054899 -0.052386 -0.075437 0.030461 -0.012332 0.009653 0.009619 -0.024644 -0.046130 -0.138148 -0.080609 0.092196 -0.121345 -0.009660 -0.019071 0.029015 -0.093163 0.015816 -0.054597 0.090747 -0.089104 0.084520 -0.011458 0.036667 -0.007456 -0.085470 -0.156571 -0.011632 0.025670 0.035913 0.063130 -0.003571 -0.087135 0.015902 0.009322 -0.003321 0.029671 0.088938 0.069916 0.023564 0.179551 -0.002747 0.072506 -0.028990 -0.066062 -0.151982 -0.063928 -0.025884 -0.220022 -0.040321 -0.093716 -0.091620 -0.051218 0.035752 -0.012662 0.003407 -0.096818 -0.011459 0.039195 -0.054606 -0.094369 0.021052 0.042112 0.072630 0.003307 0.052976 -0.006825 0.024179 -0.031285 -0.098401 -0.080324 0.084491 0.005177 0.032379 0.001187 0.142531 0.050419 -0.080972 -0.088643 -0.045990 0.076287 -0.153367 0.004330 0.049003 -0.002928 0.003739 0.079690 -0.040086 0.011847 -0.017776 0.027823 0.010632 -0.067703 0.017174 -0.032631 0.003310 0.004267 -0.071737 -0.017527 -0.033361 -0.041950 0.068092 -0.016641 -0.033765
-0.028720 0.056648 0.016851 0.011676 0.002643 -0.017543 0.037755 0.020737 -0.055105 0.028236 -0.117316 -0.070140 -0.042803 0.060152 0.172298 -0.146056 0.089745 -0.048413 -0.062548 0.116176 0.026188 -0.030058 0.053540 0.029730 0.041688 -0.023324 0.011273 0.029574 -0.032920 0.018602 0.069472 0.080191 -0.078798 -0.115050 -0.074584 0.017727 -0.045392 0.059117 -0.108663 0.089390 -0.042320 0.072904 0.010744 -0.042570 -0.011833 -0.133441 -0.082455 0.022813 -0.106513 -0.051920 -0.002814 0.027801 -0.026718 -0.018140 0.013077 -0.056232 -0.073772 -0.097641 0.053753 0.081333 0.106815 0.096285 -0.066167 -0.041532 0.014041 0.093673 -0.047711 -0.062428 -0.046914 -0.085419 0.052390 0.077524 0.086907 -0.069238 0.051198 -0.002220 -0.090607 -0.131759 0.059089 -0.126000 -0.099639 0.095505 0.097671 0.124803 0.059555 -0.018970 -0.148026 -0.138106 -0.012133 -0.063016 0.028330 -0.069798 0.094354 0.104304 -0.087079 -0.097542 -0.161929 0.031643 -0.093676 -0.067511 0.028954 0.103520 -0.078169 -0.097949 -0.019990 -0.104284 -0.111423 -0.000752 -0.005846 -0.014442 0.130554 0.111015
-0.088118 0.139118 0.043365 -0.014941 -0.018305 -0.047535 0.092700 -0.002990 -0.003833 0.056491 0.002248 -0.042647 -0.012990 -0.019556 -0.038260 -0.047664 0.036977 0.009184 -0.110682 0.045058 0.017168 -0.075461 0.032697 -0.201676 0.075628 -0.036159 -0.090289 -0.044122 -0.055398 0.003529 -0.104382 0.088565 -0.025735 0.082337 0.100385 0.077677 0.043241 -0.013835 0.000710 -0.035269 0.072531 -0.063367 0.105012 0.023548 -0.030165 -0.005105 -0.003587 -0.015410 0.028171 0.075782 -0.122717 0.124076 -0.030897 0.016122 0.029970 0.132617 -0.024966 0.076429 0.157877 -0.024056 0.113640 0.019297 0.041498 0.123840 0.108087 -0.078371 0.073483 -0.066197 0.047517 0.054008 0.086548 -0.043246 -0.062027 -0.075996 0.040636 -0.029544 -0.010626 -0.014630 -0.033961 -0.157859 -0.087457 0.046048 0.028373 -0.154542 -0.036423 0.059223 0.080967 -0.096545 -0.051549 0.006409 0.099805 -0.080824 -0.046505 0.025598 -0.187105 -0.065758 0.043260 -0.069856 0.003623 0.003596 -0.073430 0.065922 -0.125537 -0.051159 0.054995 -0.054696 -0.118482 -0.136299 0.078239 0.072731 0.041597 -0.042527
0.000974 -0.176436 0.180434 0.026006 0.009868 -0.015957 -0.022107 0.062276 0.075838 0.061691 -0.049160 0.002334 -0.021969 -0.033680 -0.101422 0.014206 0.018621 -0.144172 -0.068029 -0.110127 -0.064507 0.043197 0.046952 -0.013439 -0.087279 -0.130447 0.037122 0.017668 0.021974 -0.143427 0.066419 -0.058138 -0.025533 0.151860 0.000242 -0.117604 -0.045746 -0.123766 -0.087458 0.035350 -0.048561 -0.006767 0.071057 0.107217 0.076106 -0.057713 -0.014397 0.020200 0.096107 0.078133 -0.045564 0.034197 -0.037850 -0.044327 0.047510 0.014604 0.024614 0.061445 0.083064 -0.095777 0.102313 -0.033328 -0.013396 -0.019769 0.056862 0.009999 -0.038153 0.126424 0.124728 0.120398 0.069379 -0.019945 0.138576 -0.058529 -0.058117 0.102605 -0.047587 0.103855 -0.040471 0.010337 0.151261 -0.104649 0.001604 -0.032483 0.110735 -0.077581 -0.034717 0.071226 0.057189 0.060303 -0.043078 0.117021 0.032598 0.107610 -0.038675 -0.011846 0.064989 0.013552 0.021985 0.001229 0.065551 -0.041831 -0.017750 -0.036746 -0.095954 0.019305 -0.079954 -0.066942 -0.051464 -0.040936 -0.014243 0.019679
-0.014341 -0.091582 -0.036736 0.017225 0.008331 -0.031775 0.096352 -0.002500 -0.076480 -0.003031 -0.033323 -0.084643 0.004356 0.086239 0.192542 0.004947 -0.052545 -0.030569 0.096965 0.090772 -0.055574 0.021084 0.066997 -0.055623 0.112416 0.086739 0.018973 -0.069274 0.177509 -0.095173 0.163325 -0.109862 0.035181 0.053079 0.003833 -0.048081 -0.038234 -0.072721 0.072115 0.168315 0.032251 -0.006466 0.100993 0.001068 -0.036542 -0.147975 0.042136 0.021128 -0.064831 -0.033681 -0.037894 0.002337 -0.017815 -0.019625 0.135261 -0.186963 -0.062112 -0.154442 0.161540 -0.005936 -0.004710 -0.084315 -0.084951 0.043585 0.127301 0.164337 0.099703 -0.076719 -0.051975 -0.110455 -0.019448 -0.115931 0.012185 0.027960 -0.020878 -0.026198 -0.108480 -0.088161 0.066188 -0.053709 0.017008 0.052623 -0.004620 0.041882 0.017691 -0.110303 0.053505 -0.018182 0.063788 -0.017076 0.105180 -0.009868 -0.021375 0.026116 0.001555 -0.071109 -0.013201 -0.063663 0.068108 0.064842 -0.103924 -0.118940 0.024130 0.074184 0.060962 -0.024675 -0.008607 0.074238 -0.002717 -0.068300 0.061317 0.043720
-0.060179 0.040761 0.040893 -0.036624 0.112546 -0.068887 -0.051449 0.000225 0.023958 0.004851 -0.144438 -0.134362 -0.022908 0.004033 0.081148 0.055605 -0.007490 -0.076317 -0.210732 -0.071191 -0.013292 -0.047336 0.131797 -0.110080 -0.006141 -0.049273 -0.086812 -0.012678 0.010549 0.120308 -0.178040 0.123793 -0.049159 0.029534 0.038784 0.100267 0.141423 -0.123307 0.004706 -0.004230 0.013397 -0.013961 -0.053015 -0.079405 0.027497 0.016441 -0.041701 -0.090910 -0.151170 -0.031051 0.051684 0.046928 0.010886 -0.133004 -0.079173 0.035434 -0.097083 -0.018374 -0.026367 0.043072 -0.036531 -0.038869 0.021326 0.094182 0.033768 0.022230 -0.011257 -0.189330 0.055949 -0.040475 0.155142 0.052790 -0.126816 0.027141 -0.131537 -0.140926 -0.028077 0.144908 -0.002412 -0.010348 0.043832 -0.113372 0.017201 -0.016934 -0.052225 -0.003497 0.154933 0.163922 -0.071622 0.062762 0.022855 -0.036020 0.101713 0.061086 -0.022268 0.032392 -0.075327 0.058357 -0.085378 0.041810 -0.008506 -0.119484 0.070113 -0.093664 0.176448 0.071652 -0.193781 -0.083142 0.062753 -0.135954 0.026490 0.031988
0.031590 -0.042285 -0.065113 -0.063407 -0.064043 -0.129407 -0.040067 0.084567 -0.128183 0.053488 -0.111622 -0.003898 0.029847 -0.013017 -0.079199 -0.025004 0.056575 -0.119841 -0.000384 -0.054990 -0.063867 0.029486 -0.012154 0.017420 -0.095741 -0.018192 0.116043 0.128163 0.003184 -0.070069 -0.128641 0.019597 0.014631 -0.007068 0.108781 -0.101792 0.162687 -0.133109 -0.047585 -0.029382 -0.014957 0.005497 -0.038342 -0.086979 -0.007778 0.195388 0.105173 -0.015887 -0.021383 0.061246 -0.016511 -0.157261 0.102459 -0.150333 0.035285 0.006134 -0.081155 -0.000330 0.016177 -0.059256 -0.127349 0.086936 0.006010 0.054181 -0.050444 -0.139199 0.096609 0.001759 0.068489 -0.063359 0.050836 0.015078 -0.224271 -0.039372 0.036984 -0.125727 -0.132306 0.068922 0.095242 0.046252 -0.170731 -0.017952 -0.091063 0.017637 -0.011609 -0.024971 -0.028997 -0.142867 0.096283 -0.040657 -0.038132 0.028434 0.055802 0.127023 0.057904 0.061399 0.069512 0.035907 -0.039565 0.134521 0.101840 0.255914 -0.077873 -0.011026 0.009900 0.068038 -0.029383 -0.052426 0.148196 0.095247 -0.089447 -0.078279
0.073406 -0.031573 0.030236 -0.071481 0.057665 -0.070755 0.033502 0.098173 0.151968 -0.054004 -0.025029 -0.071340 0.101460 0.013997 -0.045130 0.014582 -0.014671 0.039503 -0.077768 -0.021296 0.129829 -0.021204 -0.043693 -0.012770 0.017442 0.080797 0.033654 0.008469 -0.028229 -0.002461 -0.090590 0.026851 0.144207 0.077041 -0.022705 0.087775 -0.063248 0.115820 -0.081963 0.117410 -0.110867 -0.086891 0.037794 0.080943 0.013304 0.052171 0.042235 0.033602 0.032845 0.063561 -0.102507 -0.013153 -0.182163 -0.068385 0.047030 0.083920 -0.123542 0.065040 0.033702 -0.016153 -0.019502 -0.044472 -0.005898 -0.093992 0.039390 -0.098215 0.056732 0.072685 0.262486 0.014801 -0.031800 0.022915 -0.007353 -0.040832 -0.086110 0.039483 -0.205056 0.114292 -0.057870 0.093753 -0.036240 0.003888 -0.029581 -0.014395 0.003745 0.062563 0.053693 -0.045001 -0.011992 0.050722 -0.124964 -0.047157 0.001316 0.127422 0.028840 0.008937 0.051846 0.118161 0.019187 0.019276 -0.141081 0.009572 -0.140360 -0.042443 -0.172881 0.213653 -0.094157 -0.056020 -0.089782 -0.101699 0.040497 0.064236
0.106608 0.000756 -0.032590 -0.148730 -0.006482 0.123203 -0.039644 0.024133 -0.042079 -0.106840 -0.079332 -0.098361 -0.032733 -0.018480 -0.003485 -0.063449 -0.053520 0.045012 0.103171 -0.020077 -0.013679 -0.067728 0.016972 -0.013692 0.080717 0.114637 0.003827 -0.073533 -0.027726 -0.059825 -0.006220 -0.010863 -0.015989 0.028650 -0.084725 0.104324 -0.105175 0.044335 -0.019864 -0.080006 0.012551 -0.052125 -0.004221 0.049313 0.059773 0.114864 0.063779 -0.027088 -0.109544 -0.077454 -0.057189 0.063443 0.059321 0.070415 -0.198110 -0.014600 0.009319 -0.105614 0.038693 -0.005105 0.035143 -0.001255 0.025785 0.049653 -0.020405 -0.051090 -0.098826 0.006617 0.097169 -0.131903 0.019406 -0.013877 -0.058971 -0.054797 -0.029231 -0.013245 -0.060778 -0.057183 0.238547 0.043391 -0.099346 0.256088 0.036211 0.051074 0.083754 -0.074950 -0.061430 0.098849 0.073706 -0.025108 -0.053630 -0.026703 0.044124 0.072089 0.068158 0.013576 -0.078007 -0.052109 -0.067769 -0.053520 -0.145203 -0.049738 0.017870 0.038752 0.061657 0.018506 0.080994 0.067606 -0.074601 0.004263 0.004719 -0.083225
-0.009444 0.034407 -0.031157 -0.089792 -0.047369 0.024840 0.029229 0.004487 -0.065606 0.070346 -0.046298 0.008641 0.154906 -0.028067 0.019048 0.052184 0.027078 -0.016609 0.024712 -0.050867 0.060678 0.110565 0.034968 0.015250 -0.023763 0.039969 -0.098094 -0.091588 -0.001794 -0.023020 0.089332 -0.005135 0.183731 0.032792 0.073612 -0.043431 -0.033666 -0.158888 0.066825 -0.035938 -0.046950 -0.041636 0.026660 -0.038166 0.063857 0.009362 -0.001898 -0.010882 0.068816 -0.110592 -0.110819 0.020434 0.000851 0.061042 -0.014786 -0.113600 0.029823 -0.050050 0.073647 0.030009 -0.011246 0.121059 0.123930 -0.124745 -0.073717 0.047490 -0.017344 -0.014487 -0.104582 0.173120 -0.144174 -0.083120 0.039648 -0.172946 0.050248 -0.087942 0.055161 0.063124 -0.030914 0.026303 0.020003 0.020463 -0.161006 0.082766 0.028998 -0.089152 -0.074854 -0.003680 0.035400 0.068182 -0.051544 0.078900 0.107570 0.033556 0.006620 0.042344 -0.090191 -0.137105 0.142657 -0.052080 0.084795 -0.032736 0.165122 0.025312 0.038634 -0.008469 -0.073764 0.092548 0.095670 -0.099022 -0.009193 -0.210753
-0.082449 0.094136 0.080394 0.119794 0.146538 0.021210 0.020219 0.017168 0.014137 -0.020295 0.007275 0.132188 0.062803 0.020209 -0.136138 0.057054 -0.024917 -0.027895 -0.059121 0.010820 0.149024 0.029092 0.159226 -0.022296 -0.057799 -0.071743 -0.026573 0.016081 -0.095164 0.100141 0.034412 0.138049 0.053757 -0.013356 0.159243 0.020137 -0.057612 -0.025371 0.025934 -0.122830 -0.063111 0.080734 -0.008950 -0.015530 -0.062430 -0.032762 -0.072935 0.157098 -0.148012 -0.072422 -0.003727 0.039646 0.075158 -0.043506 0.044740 0.005111 -0.046218 -0.013101 0.142360 -0.057904 0.108139 0.072148 -0.089032 -0.007199 -0.043374 -0.095488 0.043682 0.025623 0.147425 0.039065 0.007688 0.003737 -0.056970 -0.033360 0.081231 -0.044991 0.161711 -0.114387 0.090060 0.048135 -0.003139 0.042426 -0.088374 -0.026569 -0.111458 0.085347 -0.058206 -0.074220 -0.053136 -0.093917 -0.128439 0.024992 -0.053403 0.037959 0.043872 0.084804 -0.023008 0.119339 0.087363 -0.087811 -0.018735 -0.143812 0.044254 -0.035089 0.007661 -0.078279 -0.084298 0.002285 0.037012 -0.004855 -0.091551 -0.040967
0.078212 0.015424 0.082396 -0.081038 -0.012618 -0.040382 -0.032572 -0.149671 0.115053 0.064166 0.092771 -0.058995 0.111192 0.089847 -0.024892 0.034721 0.064346 0.004840 -0.047138 0.027102 -0.044941 -0.005226 -0.039269 -0.041234 -0.021276 0.093916 0.055017 0.015982 -0.073397 -0.044187 0.052764 0.011109 -0.028199 0.149815 0.012133 -0.032281 -0.015306 0.002461 0.081894 -0.038291 -0.034896 -0.017161 -0.107832 0.040714 0.047102 -0.026782 -0.003948 0.008952 -0.141823 0.052892 -0.042090 -0.037925 -0.064755 -0.089247 0.048298 -0.043344 -0.079621 -0.117436 0.104276 -0.082402 -0.079328 0.047763 -0.092286 0.056151 0.026358 0.069163 -0.053028 0.019576 0.053635 0.054218 -0.158937 0.001851 0.105048 -0.046364 0.034935 0.080968 0.123576 -0.015112 0.086079 -0.042917 -0.025862 -0.136885 -0.031940 0.029608 -0.043401 -0.134221 -0.038027 0.024152 -0.081513 0.058435 0.047797 -0.009416 -0.089923 -0.014365 -0.009662 0.017190 -0.160853 -0.088922 0.160239 0.042955 -0.025661 -0.079845 0.043944 0.019055 0.013227 -0.021470 0.042457 -0.070544 -0.141075 -0.067331 0.086027 -0.025675
0.014225 -0.065304 0.040158 0.176293 0.131495 -0.204652 -0.037245 -0.088662 0.092785 -0.071996 0.067563 0.042182 0.018403 -0.028449 -0.094266 -0.013461 0.045782 -0.068896 -0.073732 -0.090765 -0.070477 0.066495 0.032758 -0.039199 0.165182 0.042170 -0.022683 -0.003595 0.151905 0.031045 -0.148458 -0.043643 -0.112447 -0.031389 0.009577 -0.019573 0.010972 -0.116133 0.041164 -0.031203 0.007253 0.099808 0.054677 -0.098398 0.004927 0.021728 0.074378 -0.108542 -0.157094 -0.111634 0.099443 0.006849 0.035480 0.007089 -0.054110 -0.095257 -0.068166 0.024412 0.081964 -0.044905 -0.032468 -0.044472 -0.016503 -0.073931 0.029369 0.012813 0.032600 -0.154896 -0.124593 0.065416 -0.017334 -0.019367 0.058389 0.002667 -0.006298 0.059001 0.027517 -0.023844 0.020853 0.015724 0.064863 -0.132766 -0.016579 -0.082081 -0.070741 -0.044199 -0.081583 -0.008941 -0.119957 0.030878 0.057808 -0.107532 0.175601 0.173959 0.082647 0.083701 -0.109856 -0.048636 0.091708 -0.031581 -0.066845 0.109560 -0.196268 -0.101651 0.043365 0.090106 -0.065164 0.011641 -0.064110 -0.077794 -0.172266 0.121593
0.084645 -0.115772 0.184140 -0.081027 0.037313 -0.033567 0.191909 -0.002092 0.152790 -0.051580 -0.074658 -0.018969 -0.031191 -0.035782 0.092093 0.032605 0.013652 -0.010367 -0.078659 -0.014241 0.015919 -0.178548 0.107635 0.090048 0.031553 0.163571 -0.002947 0.005876 -0.031545 0.041161 -0.007969 -0.113496 -0.067190 -0.075307 -0.010968 0.032313 0.129372 -0.035143 0.099697 -0.086862 -0.032834 0.083640 0.039326 -0.098299 0.027084 -0.032233 0.140525 -0.028317 -0.035392 -0.038597 0.075243 -0.104268 -0.104229 -0.012367 0.088746 0.052356 0.054237 -0.041422 -0.007169 -0.054944 0.044362 0.045099 -0.022618 -0.113017 0.126995 -0.054276 -0.236927 -0.052750 0.047183 -0.029043 0.019897 -0.061343 0.052814 0.031945 0.111871 0.075802 0.080191 0.027088 0.139898 -0.050171 0.052539 -0.003736 -0.054283 -0.019349 -0.032016 -0.035793 0.100069 -0.071302 -0.033149 -0.056357 -0.070662 0.038403 0.010233 -0.077984 -0.029429 -0.056216 0.049448 0.026879 0.112204 0.051255 0.125148 0.016816 -0.002389 0.076613 -0.003919 -0.029474 0.059717 0.035536 -0.023110 0.005559 0.044997 0.011404
-0.140916 -0.093245 -0.066497 -0.095884 0.017189 0.080077 -0.122216 0.000655 0.002709 -0.123113 0.091350 0.012054 0.080998 -0.007553 0.143402 0.029667 -0.043408 0.156928 0.097276 0.022597 -0.076692 0.032135 -0.023215 0.045186 0.057178 0.068341 0.078514 -0.002414 0.066208 0.031316 -0.038777 0.014231 0.018767 0.006738 0.010516 -0.082812 -0.063149 0.080618 0.010669 0.117975 -0.033711 0.137291 -0.022497 -0.008368 -0.024988 -0.007387 -0.003065 -0.007146 -0.026901 0.057927 0.071955 -0.045613 0.039854 -0.162179 0.079744 0.116433 -0.098617 -0.090102 0.095363 0.022452 0.036621 0.024180 -0.096810 0.121488 0.074558 0.076483 -0.000377 0.052118 0.035827 -0.033305 -0.098252 0.070187 0.107384 0.017446 -0.034590 -0.121920 0.212241 0.044447 0.022889 -0.007293 -0.046948 -0.019687 -0.005309 0.090886 0.029142 0.003567 -0.023015 0.008155 0.046698 0.075329 -0.005428 -0.016093 -0.087873 -0.055424 -0.069787 -0.087589 0.047261 0.017484 0.070898 0.002422 0.144431 -0.000854 -0.140275 -0.031525 -0.002204 0.028021 -0.043985 0.074647 0.085234 -0.003816 0.062666 0.021654
0.106636 0.131015 -0.058713 0.017586 -0.044556 -0.073539 -0.180370 0.099890 -0.002656 -0.081022 0.021927 -0.182498 0.056335 -0.030197 -0.038685 0.087792 0.055433 0.003310 0.019733 -0.113977 0.111094 0.097128 -0.019905 -0.172675 0.008361 -0.121900 0.012886 -0.049438 -0.063811 0.154565 -0.012641 0.122531 0.052172 0.028638 -0.010322 -0.045764 0.180668 0.082595 -0.092896 -0.138742 0.100369 0.105066 -0.045517 0.078348 -0.045292 0.079393 -0.054010 -0.034988 -0.014894 -0.051494 0.044133 -0.098824 -0.025413 0.001330 -0.087426 -0.092442 -0.030731 -0.028486 -0.045806 -0.049610 0.090484 0.096109 -0.049557 -0.084383 -0.017381 0.085391 -0.048909 0.030123 -0.191918 0.075173 0.018374 -0.000766 -0.067430 0.211621 0.043214 -0.090003 0.016249 -0.002024 -0.048400 -0.127157 0.012189 0.050052 -0.078764 -0.069032 0.050207 -0.029919 -0.023904 0.075432 -0.117344 -0.006145 -0.029531 0.048308 -0.029751 0.026749 0.235286 -0.077509 0.110369 -0.046231 -0.034937 -0.057240 0.043511 -0.055621 0.033396 -0.056726 -0.065942 0.135699 0.074448 0.018669 -0.124816 0.185046 0.054885 -0.037168
-0.125175 0.003443 0.006678 0.141515 0.060765 0.018002 -0.109491 -0.038915 -0.025061 0.035632 0.102057 -0.043751 0.040603 -0.015867 -0.121194 -0.066990 -0.193801 -0.044320 0.113517 -0.034000 -0.084292 -0.001936 -0.029423 0.002397 -0.004734 -0.072707 0.009440 -0.039736 0.154284 0.005133 -0.013164 -0.003224 0.017171 -0.009737 0.054379 -0.000225 0.035775 0.055269 -0.021438 0.035436 -0.060163 -0.023631 -0.200614 0.015044 -0.040692 -0.056045 0.044321 -0.068099 -0.058665 -0.093179 0.101716 0.044196 -0.067011 0.057223 0.084968 0.048352 -0.115492 0.016099 0.027306 0.044391 0.068018 0.067206 -0.032580 0.232805 0.024366 -0.086747 0.057517 -0.050280 0.026826 0.074997 -0.002749 -0.042801 0.094347 -0.025118 0.030786 0.073419 0.067358 -0.077215 -0.061780 -0.130746 -0.109701 -0.082316 -0.020262 -0.015334 -0.029213 -0.110503 -0.072452 0.091195 -0.088262 0.043041 -0.014616 -0.117474 -0.031022 0.109094 -0.127676 -0.012198 0.072635 -0.077168 0.136984 0.007197 0.089464 0.021084 -0.088481 0.137220 0.037464 -0.040689 0.003676 0.005757 0.034048 -0.077100 -0.003009 0.083859
0.090784 -0.029477 0.107109 0.023450 0.155537 -0.018135 0.037781 0.112392 -0.052514 0.019638 -0.014973 -0.070050 0.137624 0.061058 0.087020 -0.023644 -0.002576 0.034736 -0.088071 -0.060677 -0.117568 0.001755 -0.041352 0.170069 -0.023589 -0.000146 0.019888 0.035070 -0.039381 0.050459 0.036563 -0.136106 0.004963 0.138670 -0.041228 -0.114372 -0.132251 0.057333 -0.043512 0.101572 -0.091947 -0.045976 -0.052016 -0.054305 0.067963 -0.008669 0.164504 0.073303 -0.092570 -0.010073 0.025768 0.098214 0.030568 -0.000651 -0.043294 -0.021920 -0.019475 -0.168426 0.101013 -0.072579 0.167832 -0.106654 0.136200 0.052912 0.010444 0.058954 0.096740 -0.039726 -0.034065 0.020140 -0.039752 0.032227 0.039735 -0.016152 0.133348 0.037668 -0.084175 -0.070545 -0.052104 0.044605 -0.091653 -0.079458 -0.104756 -0.074343 -0.007026 -0.047870 0.022364 -0.082558 0.021079 -0.038706 -0.002230 0.117450 0.108197 0.016408 0.095218 0.018352 0.233468 0.113823 -0.038619 0.032480 0.066007 -0.001909 0.090687 -0.041395 -0.078638 -0.182194 0.057148 0.060501 -0.088410 0.112074 -0.165685 0.070219
-0.057634 0.046371 -0.019791 -0.053013 -0.106328 -0.080619 -0.044308 -0.022970 0.072393 0.172260 -0.010585 -0.054208 0.000059 0.072789 0.093518 0.033339 -0.044273 -0.040864 0.032469 0.008610 -0.016051 -0.059578 0.034454 -0.054207 -0.079760 -0.116724 0.038032 0.086692 -0.041877 -0.051235 0.053654 0.133624 -0.022416 0.002702 -0.041891 -0.041077 0.020530 0.003276 -0.107479 0.012676 0.076092 0.052460 0.009459 0.058751 0.035674 0.038860 0.046933 -0.040900 0.006327 0.008749 -0.044334 -0.072420 -0.014521 -0.059274 -0.105919 0.096153 -0.069834 0.013403 0.021112 0.032686 -0.142200 -0.020134 0.001848 -0.060121 -0.011922 -0.079350 0.054997 0.135818 0.096840 0.026217 0.014945 0.064375 0.082178 -0.063755 -0.025173 0.003448 0.083010 0.068092 0.006528 -0.241911 0.010064 -0.010142 0.060907 -0.002251 -0.062736 0.011323 -0.043703 -0.057572 -0.007025 -0.206878 0.009977 0.073872 -0.044792 0.039932 0.088002 -0.179945 0.001283 0.086758 0.034859 -0.013145 0.099178 0.016455 -0.072971 0.143571 -0.021337 -0.109167 -0.011102 0.021559 0.126926 -0.031390 -0.157822 0.039482
0.035989 -0.128408 0.082363 0.025836 -0.137873 -0.057598 0.022308 0.216019 -0.048514 0.012941 0.103730 0.073750 -0.045416 0.064848 -0.013221 0.020254 -0.119642 0.120138 0.117312 -0.011841 -0.106619 -0.107560 -0.041579 -0.070991 -0.001948 0.005558 0.083298 0.070844 0.058392 0.055118 -0.084081 -0.060287 0.008243 -0.100846 -0.018734 0.060001 -0.005739 0.086211 0.062552 -0.151742 -0.085974 0.034092 0.038623 0.007915 -0.029630 -0.012914 -0.144174 0.067241 -0.096664 0.078788 -0.213899 -0.050617 0.015986 -0.109579 0.014751 0.060973 0.120183 -0.096954 0.039470 -0.064241 0.012091 0.030528 0.163307 0.111484 0.042635 0.052068 0.046288 -0.074693 0.089473 -0.032180 0.013998 -0.013994 0.093740 -0.035268 -0.008718 0.037887 -0.060029 -0.107646 0.140870 -0.079204 0.009547 -0.073469 0.052546 0.047295 -0.064207 0.067065 -0.025478 0.011088 -0.097904 -0.011580 0.056192 0.045394 -0.037505 0.001397 -0.015430 0.108781 0.013067 -0.014782 0.050014 0.006329 0.039699 -0.010119 0.003687 0.052649 -0.024018 0.090791 -0.000418 0.118472 -0.014391 0.043268 -0.004254 0.017311
-0.063691 -0.062067 -0.085435 0.066230 0.022842 0.113882 -0.049792 -0.039905 -0.069590 0.081234 -0.003760 -0.031323 -0.015484 0.004758 0.035585 0.130572 0.048740 0.099056 0.123139 0.100530 -0.048626 -0.043162 0.036263 0.028252 -0.177504 0.078016 0.020975 0.025660 0.009480 -0.071864 -0.112460 0.120521 -0.119300 -0.030943 -0.056534 0.033701 -0.022130 0.014858 0.059807 0.146277 -0.107933 0.140760 -0.055548 0.032639 0.011207 0.091542 0.106892 -0.039450 -0.027623 -0.106538 0.031441 -0.020399 -0.067393 0.144454 0.056262 -0.032255 -0.131260 -0.028008 0.010596 0.066714 -0.162888 -0.101174 0.013521 0.084960 -0.066934 -0.012662 0.101484 0.007045 -0.077662 -0.033833 0.023241 0.096291 -0.057342 0.011177 0.002413 -0.082142 0.094512 0.027147 -0.108447 -0.032122 0.082268 -0.042529 -0.143010 0.055823 -0.011991 0.037603 0.007898 0.064135 -0.016511 -0.085251 -0.152840 -0.011050 0.158498 -0.045785 0.036789 -0.155280 0.014292 -0.080626 0.067824 -0.008500 0.052379 0.074630 -0.007426 0.054361 0.082232 -0.014183 0.152928 0.045711 0.069497 -0.012296 -0.052453 0.076796
-0.075156 0.121242 -0.097893 -0.093107 0.018672 -0.003011 0.052069 0.026115 0.017591 0.019597 0.014961 -0.044544 -0.061531 0.023469 0.010323 -0.040984 0.146431 -0.011267 -0.013329 -0.021845 0.137887 0.066850 0.091456 0.057977 0.060981 -0.031171 -0.142485 -0.063559 0.098986 -0.115441 -0.014340 0.098455 0.032522 0.007446 0.049865 -0.006440 -0.094653 -0.123498 -0.010732 -0.013626 0.094500 0.075422 0.077530 0.034551 -0.157917 -0.064604 -0.103757 0.033726 0.123181 0.035277 0.027119 0.072008 0.032207 -0.069968 -0.076556 -0.073835 0.096591 -0.012280 -0.072198 0.017355 -0.052161 0.057593 -0.046358 0.031214 0.086217 -0.035168 -0.007659 0.071753 -0.003262 0.067895 -0.058278 -0.075836 0.064860 0.015208 0.081274 -0.065161 -0.099287 -0.012216 0.068682 -0.029272 -0.066290 0.063959 -0.008724 -0.004260 -0.157256 0.030815 -0.000396 0.042826 -0.032936 0.048122 0.066751 -0.057258 -0.005638 0.186466 -0.020295 0.008295 0.045790 -0.046078 0.116105 0.014839 -0.017265 -0.012240 0.109132 -0.025379 -0.017648 0.051737 0.193976 0.127617 0.127546 0.041821 0.001912 0.036721
-0.008239 0.108382 -0.168308 -0.021165 -0.141939 -0.061938 0.083047 -0.008696 0.016022 0.013290 0.015705 0.181776 0.150980 0.013665 -0.013537 0.022332 -0.006301 -0.073202 0.047864 -0.026190 -0.076665 -0.008033 -0.042255 0.082285 -0.040396 0.038032 -0.016080 0.036230 0.047460 0.037142 0.018289 -0.040471 0.041029 0.105482 -0.093486 -0.149638 0.012158 0.196255 -0.041005 0.010284 -0.081564 -0.164901 0.067433 -0.056965 0.103505 0.110673 0.064104 -0.020366 -0.092964 -0.088452 -0.114255 -0.053622 -0.043524 -0.059974 0.062731 0.041778 -0.114788 -0.044386 -0.002837 -0.002457 0.047776 -0.021818 0.020983 0.002025 0.023102 -0.045962 0.057665 -0.054667 0.060426 0.017301 -0.005302 -0.076720 -0.113727 -0.006633 -0.014874 0.163034 0.048954 -0.010483 0.083446 0.089865 0.066695 -0.031222 0.040082 0.009736 -0.193744 0.106558 0.050852 0.155021 -0.088602 -0.180911 -0.061876 0.018887 0.000450 -0.014928 -0.041258 -0.034628 -0.072535 -0.072258 0.071620 -0.044269 0.100607 -0.054618 -0.134177 -0.001747 -0.069641 0.020428 0.091155 -0.088992 -0.031071 -0.026723 -0.076607 0.038245
0.042240 -0.004987 0.023314 -0.023248 0.132715 -0.081941 -0.000065 0.069171 0.030484 -0.011742 0.033983 -0.079440 -0.062953 -0.009910 -0.064403 -0.077406 -0.035166 0.124927 -0.113701 -0.103276 -0.042510 0.111498 -0.084276 0.048735 -0.135208 -0.007453 -0.073015 -0.036948 0.012380 0.157697 -0.019497 -0.040180 0.012427 -0.041211 0.095432 0.029082 -0.035077 -0.121174 0.059831 -0.096947 -0.062954 0.025614 0.024816 0.025740 0.058871 0.016320 0.053529 0.096260 0.028263 0.037986 -0.120914 0.099847 -0.113993 0.027289 0.127519 0.058590 0.039147 -0.020902 0.016971 -0.010129 -0.105445 -0.062318 0.143094 -0.103883 0.094937 -0.041908 -0.196493 -0.119937 0.058867 0.036472 -0.039926 -0.016575 0.054015 0.030554 -0.024512 0.003735 -0.015260 0.182337 0.075615 0.111300 -0.136172 -0.157850 -0.056603 -0.054354 0.066849 0.045651 0.018282 0.163615 -0.047597 -0.056004 -0.068776 -0.056141 -0.004072 -0.006440 0.021394 0.006571 0.070895 0.021743 -0.033696 0.124584 -0.045051 -0.128258 -0.116688 -0.004529 0.133363 -0.028369 -0.064624 0.059061 0.071015 0.010710 0.061442 0.052215
-0.014608 0.064985 0.046652 -0.079352 -0.091447 -0.134378 0.093724 0.007840 -0.052761 0.074912 0.009408 0.005007 -0.005630 -0.048659 0.059896 0.022313 -0.031172 0.188888 0.086502 0.090244 -0.083320 0.029053 -0.079373 0.007055 0.012570 0.011069 -0.053363 0.027212 -0.163973 0.125315 0.002631 0.031930 -0.121336 -0.090401 -0.060513 -0.131120 -0.105625 0.018084 -0.020486 0.004746 -0.107921 -0.020093 0.017793 0.220256 0.026727 0.004413 0.002493 -0.014555 -0.209593 0.016695 0.083066 0.178813 0.003375 -0.076438 -0.046149 -0.023697 -0.047903 -0.068645 0.118462 -0.079897 0.093184 -0.118875 -0.007561 -0.194854 0.107031 -0.127017 -0.030857 -0.025917 -0.025131 -0.021279 0.064330 0.029716 -0.007596 -0.034873 0.018740 -0.070131 0.051773 0.042057 0.086380 -0.084448 -0.076911 0.190889 0.080635 -0.030582 -0.121352 -0.003870 0.016557 0.025291 0.004623 0.076352 0.136062 0.033502 -0.039480 0.031160 -0.110669 -0.098383 -0.024025 0.064143 -0.001006 0.034632 -0.039137 -0.029260 -0.036105 0.167998 -0.154343 -0.001441 0.052433 0.000675 0.134157 0.068147 0.064402 0.194831
-0.099417 -0.132027 0.101075 -0.067657 0.081580 -0.007490 -0.048871 -0.018679 0.020367 -0.078808 -0.200786 0.153987 0.082779 -0.114197 0.093945 0.021067 0.116003 -0.089669 0.004891 -0.078543 0.041616 0.041955 0.096828 0.145585 -0.123868 -0.021647 0.016749 0.017008 -0.108883 0.051990 0.079674 0.144001 0.069634 0.002060 0.058739 0.080282 -0.077803 0.025208 -0.006557 -0.019132 0.006404 0.028304 -0.035702 -0.005678 -0.066851 -0.013982 0.023631 -0.031152 0.009103 -0.089676 -0.081099 0.019797 -0.015674 -0.140133 -0.024868 0.024171 0.089730 -0.048818 -0.051279 -0.048906 -0.074261 -0.104793 -0.054415 -0.016420 0.066565 0.067570 -0.001614 -0.039241 -0.141839 -0.034823 0.025861 0.047109 -0.091996 0.022738 -0.016921 -0.110853 0.000880 -0.041450 -0.055065 0.020954 -0.003638 -0.008913 -0.105073 0.030499 0.040570 -0.111470 0.048636 0.075840 -0.024533 -0.088263 0.271278 0.006147 -0.110953 -0.039229 0.076719 0.020163 0.098254 -0.018831 0.019395 0.063938 -0.033951 -0.040629 -0.088613 0.055029 -0.077584 0.033480 0.145346 -0.169843 -0.042141 0.009021 0.053054 -0.001804
-0.093838 -0.078125 0.161111 -0.033134 -0.046047 -0.070866 -0.104030 0.152683 0.105705 -0.030817 -0.022392 0.200831 -0.023614 0.012769 0.062079 -0.025651 -0.022535 0.002890 0.076207 0.036476 0.086619 0.005717 0.022988 0.009091 0.067068 -0.035293 0.130839 0.170683 0.131238 -0.028161 0.013562 -0.091198 0.044297 -0.064766 0.124315 -0.106492 0.135064 -0.046650 0.065950 -0.013080 -0.021587 -0.056923 0.013352 0.069805 0.059995 -0.053451 0.073478 0.027948 0.050690 -0.006896 0.064994 0.062948 -0.047175 0.081785 -0.055149 0.085367 -0.058088 0.034270 -0.054185 0.046000 -0.018244 0.016999 0.069808 -0.052121 -0.136960 -0.026210 0.094233 -0.034633 0.093119 0.115688 0.174313 0.019546 0.059501 0.022656 -0.019501 0.002384 -0.085456 -0.083185 0.092488 -0.047411 -0.073666 -0.087644 0.009185 -0.034713 0.024496 0.022916 0.008550 -0.044344 -0.015873 -0.013934 0.021490 -0.069414 -0.053774 0.063521 -0.009463 -0.074515 -0.044179 0.113510 0.027362 -0.036152 -0.046165 0.068333 0.031473 -0.143179 0.104619 0.010169 -0.091785 0.088538 -0.178566 0.182320 -0.124358 -0.098317
0.039788 -0.094672 -0.177083 -0.155600 -0.057568 -0.140085 0.039775 -0.062242 0.041565 -0.008503 -0.168367 -0.076301 0.029023 0.046672 0.044802 -0.071322 -0.074429 -0.024167 0.000911 -0.010581 -0.171185 0.174154 -0.050639 0.052239 -0.045041 0.009483 -0.029868 0.017705 -0.022721 0.001912 0.055672 0.059942 -0.095279 0.098304 0.233749 0.004350 0.166209 0.147663 0.007105 0.131532 -0.079736 -0.051785 -0.001255 0.006821 0.066327 -0.101732 -0.001433 0.069350 0.078817 0.004217 0.052186 -0.166483 -0.004459 -0.077659 0.016849 0.009571 0.030466 0.011920 -0.067058 0.085361 -0.051195 -0.060706 -0.099977 -0.119762 0.050255 -0.043282 0.095499 -0.039644 0.052061 0.054012 -0.041008 -0.094667 0.000577 0.130474 -0.122277 0.000483 0.147926 0.015923 -0.002061 0.036109 0.013428 0.080509 -0.081835 -0.060606 -0.134555 -0.016255 -0.078801 -0.085418 0.008776 0.077312 -0.060712 -0.137742 0.029482 0.001755 -0.022911 -0.014796 -0.015716 0.005916 0.103446 -0.071101 -0.083884 0.111593 -0.037132 -0.087274 -0.156763 0.054853 -0.038588 -0.116718 0.115281 0.153672 0.034293 -0.073025
-0.004289 -0.006391 -0.029539 0.049092 -0.017650 0.043265 0.004786 0.021539 0.063770 -0.003348 -0.093614 -0.120837 0.018621 0.186186 -0.011812 -0.018295 -0.193121 -0.164575 -0.028971 -0.025132 -0.010953 0.093200 -0.041849 0.005775 0.006510 -0.043798 -0.095221 0.061836 0.036439 0.013255 0.023807 -0.023967 -0.051448 -0.021465 0.115505 -0.046471 -0.008756 0.049558 -0.056017 -0.191520 0.048250 0.013591 -0.105629 0.147939 -0.127486 0.032221 0.037963 0.103500 -0.016006 0.015549 0.045152 -0.006131 0.042061 -0.110768 -0.048420 -0.134867 -0.067482 -0.005655 0.055538 -0.013625 0.129990 -0.024971 -0.079414 -0.005905 0.088928 -0.063620 0.038917 0.142783 -0.110388 0.022491 0.052509 0.012324 0.045332 -0.091365 -0.070262 0.162689 0.127630 0.030422 0.130525 -0.073265 -0.072835 0.057654 0.026447 0.181729 -0.121525 0.062164 -0.059291 0.051831 0.179398 0.041899 0.008408 0.035701 0.052865 0.041870 0.065439 0.046592 -0.021318 0.047346 -0.089511 -0.099264 -0.026861 -0.007232 -0.018368 -0.106763 -0.086955 -0.036653 0.073071 -0.037010 0.033148 -0.128134 -0.136332 0.061579
-0.102266 -0.005231 0.033888 -0.012563 0.047635 0.133911 -0.013828 -0.117754 -0.263132 0.044816 -0.098425 0.027786 0.139833 0.029187 0.074809 0.173970 -0.083470 0.053992 0.033199 0.008358 -0.093377 -0.106631 0.074468 0.008578 0.048472 -0.057704 -0.101103 0.015577 0.087894 -0.015387 0.049898 0.024309 0.188035 0.033477 0.018686 0.047000 -0.001040 0.016027 0.204009 0.024534 0.079675 0.085249 -0.003746 -0.040255 -0.144757 -0.063745 -0.165537 -0.046764 0.052192 -0.043227 -0.005676 -0.053776 -0.087209 0.041863 0.041796 0.051664 -0.000432 -0.049041 -0.111250 -0.056079 0.069890 0.058240 0.004006 0.036940 -0.042375 -0.022172 -0.031649 -0.027294 0.103930 -0.134915 -0.046275 0.024042 0.061700 0.019587 0.019132 -0.005045 0.018556 -0.004882 0.052712 0.012471 0.051045 0.211348 -0.036382 -0.050223 -0.015990 0.119390 0.054308 -0.000350 -0.087151 -0.027793 -0.121887 0.039025 0.037991 -0.059101 0.103915 0.003579 -0.020215 0.062633 -0.025923 -0.011478 -0.009748 -0.093518 -0.015513 -0.021565 -0.003379 0.009491 -0.030006 -0.066277 -0.024657 -0.142002 0.116084 0.072878
0.022320 0.016577 0.027719 0.067954 -0.095103 0.055176 0.084387 -0.062750 0.004534 -0.112935 -0.059811 0.168134 -0.105168 -0.012924 0.070770 -0.014306 -0.029357 -0.085715 -0.162693 0.051712 -0.027505 -0.108117 -0.117906 -0.030001 0.015076 0.156136 -0.026289 -0.008635 -0.044727 -0.016539 0.002076 -0.099055 -0.012757 0.140860 0.045898 -0.027814 -0.149191 0.009787 0.031778 -0.006679 -0.067232 -0.042632 -0.111855 0.091916 0.057568 -0.018801 -0.033703 -0.117465 -0.037356 0.022998 -0.051280 0.056929 -0.068237 -0.177044 0.053043 0.013100 -0.024759 -0.192739 -0.045583 0.017550 -0.015058 -0.114967 -0.115212 -0.040165 0.019967 -0.141569 0.060971 0.066308 0.093159 -0.068416 0.063090 0.001720 -0.096735 0.056438 -0.001746 -0.053200 0.023629 -0.121739 0.043965 0.023993 0.161498 -0.042361 -0.086726 -0.074069 -0.145400 0.082316 -0.120391 0.039932 0.077441 -0.019107 0.017806 0.037829 -0.028018 0.079068 0.059025 0.055987 0.041686 0.029820 -0.152909 -0.019201 0.062196 0.114341 0.168309 -0.013320 0.004618 -0.093417 -0.010798 -0.089701 -0.079469 -0.008831 -0.014274 0.037547
0.055496 0.023870 0.159142 0.048222 -0.099706 0.057822 0.038644 0.005366 -0.124399 0.120462 -0.139494 0.130771 0.049744 0.043885 0.045997 0.027536 0.013645 -0.055394 0.083227 0.118155 -0.042255 0.184332 0.020836 -0.026759 0.107895 0.015802 -0.063255 -0.049399 -0.031217 0.023244 -0.013078 0.059738 -0.103857 -0.129486 -0.024905 -0.087569 0.021780 0.018632 -0.131300 0.031289 -0.105284 -0.024560 0.222181 -0.003461 -0.012073 -0.008166 -0.048758 0.087190 -0.021257 -0.051513 0.060209 0.009802 -0.113667 0.116230 -0.075654 0.131660 -0.028186 0.054122 0.001797 -0.093478 0.081679 -0.161732 0.098490 0.087239 0.048850 -0.062388 0.066321 0.174786 -0.036263 0.000105 0.099737 0.099205 -0.050990 -0.083969 0.119946 -0.128828 -0.002305 -0.046661 0.131805 -0.065826 0.011801 -0.069020 -0.133414 0.081921 0.052055 0.125324 -0.073948 0.082170 -0.065562 0.066698 0.083706 -0.048676 -0.088000 -0.073279 0.091191 -0.024704 -0.077073 0.178201 -0.079847 -0.039436 -0.002047 -0.099863 -0.050122 -0.075982 -0.081736 0.168391 0.086110 -0.009730 0.020979 -0.000979 0.048295 0.053968
0.044727 -0.121510 -0.000925 -0.049945 -0.020945 0.018586 0.096085 0.039286 -0.095107 -0.033362 0.081829 0.117147 -0.108960 -0.057787 0.073783 0.001675 0.022643 0.087970 0.084231 0.072502 0.081435 -0.112873 0.114754 0.043712 0.144358 -0.001479 0.091866 -0.079282 0.063718 0.101389 -0.035839 -0.129972 -0.084933 -0.027507 0.042516 -0.117329 0.075732 -0.183782 -0.088250 -0.059037 -0.017617 0.006373 -0.013795 0.029900 -0.062717 0.030617 -0.107084 -0.002091 0.055557 -0.039605 -0.005474 0.164070 -0.037835 0.071483 0.010436 -0.169032 -0.122927 -0.063757 0.002908 0.002114 0.027523 0.057971 -0.115857 0.080912 -0.020832 -0.050209 0.090816 -0.116487 -0.023316 0.158439 0.027971 0.011897 -0.007905 -0.110207 -0.066323 -0.044919 -0.063282 -0.003047 0.071759 0.004287 0.009895 0.061164 0.015993 0.037411 0.037408 0.047235 0.037719 -0.057331 0.022807 0.080032 0.027727 -0.113950 0.062023 -0.027037 -0.017110 -0.105467 0.036116 0.070404 0.053067 0.036799 -0.026582 -0.111899 0.050646 -0.065998 -0.059208 -0.135650 -0.001289 -0.004302 -0.158098 0.115649 0.015536 0.171992
0.024851 0.033956 -0.009716 0.134936 0.026428 0.067188 0.155838 0.119840 0.059260 -0.053432 0.016854 -0.068746 -0.023946 -0.020779 -0.128671 -0.030616 0.027429 0.086257 0.026962 -0.026543 0.036027 0.112117 -0.004972 0.061659 0.022797 0.088676 -0.025023 0.106409 0.000776 0.028675 0.202660 0.016339 0.090549 0.072920 -0.122884 0.052945 0.021888 -0.099605 -0.122058 -0.108162 0.038953 -0.110765 0.039919 -0.042858 0.132184 -0.013436 -0.083544 0.020533 0.088191 -0.060627 -0.094683 0.006460 -0.043396 -0.019924 -0.084575 0.049852 0.002724 0.059854 0.013653 0.169148 0.089641 -0.057735 -0.108222 0.103557 0.032245 0.012585 -0.054175 -0.139592 -0.057346 -0.000655 0.168813 0.056029 -0.011195 0.089848 0.066840 -0.003781 0.118315 0.096425 -0.004216 -0.139496 -0.072076 0.123753 0.077831 0.124775 0.001113 -0.067359 -0.019734 -0.043206 0.043778 -0.046989 -0.088595 0.078085 0.047707 -0.001309 0.089491 -0.060494 -0.025914 0.042110 0.086142 0.086161 -0.068966 -0.116547 -0.099949 -0.029389 0.018927 -0.064061 0.146957 -0.049260 -0.132934 0.026980 0.114811 0.021414
0.023595 0.052924 0.097295 0.110676 0.078795 0.145641 0.162207 0.012693 -0.023543 0.037983 -0.011108 0.006957 0.134622 0.033565 -0.029019 -0.015165 0.001345 0.004140 -0.006836 -0.059836 0.085329 -0.046539 0.022638 -0.091511 -0.033500 0.045037 0.046367 0.078376 0.072006 -0.055560 -0.051460 0.182204 0.058909 0.048762 -0.024498 0.075643 0.038553 -0.143263 0.037159 0.132016 0.033667 0.056054 -0.074504 -0.130165 0.064814 0.001120 -0.022910 -0.051424 -0.053724 0.035634 0.031380 0.026571 -0.196380 -0.011453 0.027697 0.120959 -0.017691 -0.104928 -0.034963 -0.029730 -0.009135 -0.017869 -0.021392 0.055116 0.001494 0.037862 0.009366 0.124266 0.049763 -0.022958 -0.074346 -0.180660 0.041564 -0.005762 0.068910 -0.036155 -0.144868 0.021843 -0.115332 0.026716 -0.005519 0.101363 -0.056468 -0.044524 0.066445 -0.081359 -0.067148 0.096351 0.021274 -0.100525 0.042359 0.085578 0.038371 -0.121918 -0.165693 0.047487 -0.074045 -0.007984 -0.031851 -0.212041 0.181140 -0.022412 -0.020815 -0.191711 -0.018131 0.172083 -0.138741 0.046686 -0.052557 -0.068566 0.085162 0.101686
-0.029268 0.055101 0.068101 0.003171 -0.041704 0.028772 -0.079205 -0.055773 -0.023950 -0.000152 -0.079247 -0.176898 -0.052935 -0.083816 -0.015577 0.015988 0.031410 0.096473 -0.017974 0.063934 -0.099321 -0.104145 0.023700 0.106978 -0.026480 0.047970 -0.051589 -0.048400 -0.051693 -0.027521 0.039882 -0.048463 0.007251 0.044701 -0.009526 0.033483 -0.040881 0.001406 -0.116107 0.122714 -0.130339 0.075784 0.072190 -0.078074 -0.073928 0.086401 -0.026564 0.040698 -0.034886 -0.057577 0.015733 0.139336 -0.088982 -0.030321 0.024005 -0.110463 0.073790 0.045486 0.008864 -0.025279 -0.099700 0.074785 -0.016018 -0.153966 0.072698 0.060271 0.149031 0.064202 -0.051814 -0.015539 -0.050892 0.022730 -0.075162 0.055779 -0.060035 -0.080180 -0.024346 0.002647 -0.055500 -0.027238 0.069492 -0.083832 0.018382 0.003896 0.006196 -0.097546 0.013193 0.047545 0.039413 0.109446 -0.041285 -0.024275 -0.064827 -0.104284 -0.037734 0.058276 0.026292 0.055310 -0.081247 -0.013027 0.125707 -0.004446 -0.083557 0.054087 -0.024790 0.097385 0.018666 0.117051 0.089276 -0.035977 -0.110733 -0.032768
0.081300 -0.118939 0.018214 0.071798 0.065051 -0.007441 -0.157277 -0.065473 0.069556 0.016225 0.149919 -0.207042 -0.050309 0.141956 0.037888 -0.003366 0.083690 -0.061759 0.049754 0.079701 -0.007382 -0.080119 0.075320 -0.020414 0.098473 0.083586 0.063700 0.105993 -0.100092 -0.007771 0.166767 -0.146011 -0.031457 0.149849 -0.001327 0.143103 0.027049 0.002930 -0.001010 -0.082920 -0.072623 -0.035556 -0.035025 -0.031575 -0.203514 0.102165 -0.011150 -0.040345 0.068873 -0.038998 0.065325 0.057486 0.047671 0.171612 -0.057834 -0.132790 -0.083546 0.094829 0.053667 0.102548 -0.090241 0.033947 -0.137169 0.018436 -0.101735 0.091836 -0.151408 -0.058614 0.123102 -0.020008 0.035250 0.073330 -0.056192 0.052894 -0.043843 0.030770 -0.127464 0.063023 -0.059200 -0.087054 -0.051997 0.131869 0.160585 0.017390 0.083944 -0.006926 -0.078665 -0.124666 -0.024396 0.014873 0.037461 -0.022277 0.015106 -0.086928 0.036482 -0.083905 -0.073882 0.026726 -0.070621 -0.037106 -0.131757 -0.119270 0.024136 -0.038350 -0.043180 0.000785 0.081673 -0.005909 0.005166 0.173660 -0.091307 0.078301
-0.044406 -0.036551 -0.045670 0.041398 0.031810 -0.104496 -0.060625 -0.008407 -0.015785 0.037916 -0.004794 0.012050 0.080759 -0.033362 -0.078081 0.099149 -0.008087 0.111848 0.059005 -0.062089 0.043347 -0.059896 -0.190568 -0.040731 -0.047734 0.017399 0.055448 -0.136819 -0.141580 0.036109 -0.011046 0.084015 -0.010364 0.034857 0.012243 0.002698 0.009229 0.087903 0.075240 -0.009773 -0.124921 0.040228 -0.013924 -0.001182 0.097385 0.012007 0.015187 -0.044804 0.130183 0.001157 -0.021199 -0.054344 -0.008351 -0.019540 0.057499 -0.088058 0.067918 -0.006931 0.107958 -0.041393 -0.008324 0.096209 -0.039231 0.055926 0.036616 -0.025448 0.105969 -0.009386 -0.031186 -0.004967 -0.117761 0.069283 -0.037449 0.085294 0.121893 -0.095597 0.081733 0.128871 0.069421 0.009052 -0.068843 -0.037056 0.081900 -0.079054 0.132468 -0.014322 0.020377 0.023847 -0.030990 -0.015292 0.130361 -0.037704 -0.033743 -0.163928 -0.025942 0.071799 0.039725 -0.012014 0.014867 -0.020221 -0.070365 -0.026281 0.034138 -0.086165 -0.060551 0.034681 -0.043988 0.086274 -0.130513 -0.064218 -0.035323 0.013184
0.042667 0.021118 -0.015584 -0.044466 0.052733 -0.088024 -0.011745 0.070865 -0.042612 -0.000260 -0.032442 0.004344 0.031121 0.009554 0.000502 -0.097417 0.045330 0.074248 -0.061009 -0.030852 0.034883 0.028781 0.073856 0.041694 0.021559 -0.056258 -0.028311 0.074403 -0.020362 -0.018045 -0.097862 -0.001141 0.028727 0.100730 0.029047 0.077310 0.061230 0.122562 -0.022189 -0.103475 0.091691 0.086383 -0.071218 -0.084945 -0.022569 0.125695 -0.092392 0.017043 -0.115504 0.178966 -0.023458 -0.004586 -0.004242 -0.055267 0.043815 -0.012818 -0.022216 -0.014356 0.000434 0.040961 -0.125119 0.061676 -0.124599 -0.018636 0.070484 -0.071056 -0.074399 0.024819 -0.009711 -0.093305 -0.042060 -0.070278 0.009296 -0.048193 -0.072962 -0.032786 0.016293 -0.063941 0.139687 0.011860 -0.100072 0.139239 0.053743 -0.036780 0.032561 -0.001272 -0.007924 0.033520 0.060554 0.004358 0.118401 -0.101583 -0.030384 0.047772 -0.004886 0.051479 -0.067059 0.027326 0.051464 -0.112237 -0.058554 0.005164 -0.067677 0.145597 0.036972 -0.064529 -0.076484 -0.017244 0.015287 -0.004272 0.001129 -0.030546
-0.016512 0.077800 -0.099357 0.008774 0.115376 -0.030085 0.048666 0.130363 -0.040098 0.039595 0.112521 0.008580 0.029963 0.013141 -0.027608 0.060430 -0.075516 -0.027888 -0.072523 -0.052205 0.058553 -0.008362 -0.107250 0.046783 0.127291 -0.000763 -0.017270 -0.000842 -0.054756 -0.101840 0.011856 -0.038914 -0.093395 -0.037483 0.030952 -0.012173 0.129163 -0.147127 0.022385 -0.029903 -0.118688 0.004855 0.156589 -0.058319 -0.013894 0.129802 0.016976 -0.117128 -0.022329 -0.066135 0.141373 0.145284 -0.163537 -0.109492 0.023111 -0.041957 0.082783 0.025492 -0.016745 -0.026875 -0.086192 0.006035 -0.051455 -0.029996 0.035494 -0.040483 0.069134 0.159305 0.047882 0.036748 0.061986 0.020755 -0.065183 0.000465 -0.122996 -0.028522 -0.033639 0.007728 -0.094803 -0.174659 0.018061 0.022820 0.003441 0.026134 -0.182933 -0.080501 0.000856 0.147086 0.013678 -0.050013 -0.143300 -0.073422 0.090596 0.044047 0.026975 0.108476 0.038249 0.054561 -0.007244 0.060786 0.070814 0.107154 -0.088959 0.014916 -0.164232 0.060542 0.087157 -0.044542 -0.046331 -0.012473 0.113251 -0.098815
0.005721 -0.056089 -0.030958 -0.103759 -0.085571 0.079678 0.059972 -0.018341 -0.006193 -0.096419 -0.045708 0.042127 -0.012505 0.101665 0.043287 0.021290 0.016131 0.124680 -0.056054 -0.002317 -0.015649 -0.006553 0.101075 -0.269206 -0.146229 -0.022007 -0.019206 0.049164 -0.007168 0.056852 -0.162238 -0.023141 -0.041381 -0.052854 -0.036138 -0.045861 -0.201554 0.136376 0.049715 -0.012147 -0.084959 -0.116631 -0.122997 -0.054685 -0.084773 -0.181069 -0.031731 0.076238 0.039352 0.012485 -0.097794 0.016560 -0.016099 -0.015897 0.006756 0.035417 -0.025068 -0.001674 -0.017242 0.036235 -0.065371 -0.010582 -0.033087 -0.115839 -0.165312 0.072607 0.038856 -0.059444 0.054832 -0.058097 0.056655 -0.064019 -0.198881 -0.068887 -0.091486 0.039813 0.065909 -0.013295 -0.041893 0.013669 -0.035325 -0.022444 -0.122998 -0.072473 -0.010093 0.155124 0.015370 0.025103 0.037465 -0.177735 -0.030635 -0.100248 -0.055530 -0.025185 -0.015161 -0.060676 0.007924 0.030500 0.037410 -0.012796 0.002458 -0.004052 0.115806 0.051594 0.006942 0.011691 -0.183604 0.117680 -0.096247 0.056845 -0.141880 -0.070110
-0.092891 0.075767 0.016991 0.051246 -0.066589 -0.114549 -0.021903 -0.038230 -0.034408 -0.051989 0.102520 0.040401 0.165891 -0.031695 -0.011070 0.005867 -0.003263 -0.082265 -0.076543 0.155688 -0.056261 0.105260 -0.035273 -0.020760 0.173940 0.014342 -0.010420 -0.012980 0.005851 -0.015152 -0.012841 0.083432 0.119517 -0.101476 0.032239 0.085094 0.088815 0.002620 0.039225 0.026451 0.048978 -0.138691 0.062201 -0.029570 0.000235 -0.052910 0.146510 -0.060416 -0.053412 0.063539 -0.055532 0.024661 -0.041361 -0.060205 0.059083 0.069636 0.046825 0.109000 -0.046830 -0.011445 0.056348 -0.041734 -0.095258 -0.158253 -0.133423 0.031837 -0.038759 -0.036642 -0.012892 -0.044677 0.001887 -0.005906 -0.038512 0.004862 -0.061015 -0.103194 0.019602 0.111164 0.048827 -0.036879 -0.078863 -0.013408 -0.011314 0.003887 -0.003776 -0.049200 0.068433 0.129911 -0.067195 0.097648 0.067438 0.139376 -0.032216 0.079618 0.057905 -0.077895 -0.053593 0.044369 0.131236 -0.036336 -0.057987 -0.064418 -0.107299 -0.026220 -0.093663 0.034035 -0.028054 0.103640 0.135554 -0.027357 -0.068115 -0.013209
0.054227 -0.078811 -0.010197 -0.130360 -0.154839 -0.061256 0.042729 -0.061992 -0.080173 -0.055088 0.004790 -0.073656 -0.034441 0.038109 -0.074371 0.006229 -0.085456 -0.065506 -0.011624 0.036819 0.080365 -0.004022 -0.013315 0.040783 -0.050647 -0.017879 -0.069688 -0.079835 0.027334 -0.036429 -0.196714 -0.059114 -0.049368 0.015700 -0.163329 0.078385 -0.230081 0.095531 -0.025602 0.055739 -0.036637 0.078006 0.176108 -0.074703 -0.074577 -0.028283 0.028038 0.017894 -0.110242 0.002508 -0.064438 -0.110957 0.108819 0.026398 -0.087268 -0.178833 -0.055382 0.051320 0.039577 -0.096955 0.097419 -0.071766 -0.080039 0.085303 -0.249944 -0.073212 -0.075370 -0.139105 -0.011208 -0.032755 -0.015569 -0.041012 -0.098536 -0.072334 -0.067121 -0.010204 0.073083 -0.123358 0.039174 0.047364 -0.076491 0.028651 -0.035717 0.049980 -0.032627 0.068453 -0.002501 -0.006549 0.045297 0.160613 -0.099793 0.073608 0.064460 0.002791 0.067607 -0.028697 -0.024949 -0.092743 -0.022800 0.064568 -0.085086 0.008475 0.097167 0.043884 -0.074272 -0.032453 -0.039984 0.009719 -0.134511 -0.097739 -0.160201 -0.065244
0.100348 0.095381 -0.045528 0.104418 0.039348 0.005329 0.007173 0.023756 0.040251 -0.079750 0.022577 -0.078787 0.008646 0.074485 0.012334 -0.086621 0.028694 -0.163035 0.030858 0.113918 0.068380 -0.026841 -0.048007 0.009229 -0.016669 0.032362 0.036086 -0.007747 0.002309 -0.087290 -0.073126 -0.054446 -0.017834 0.018373 0.016452 0.009412 0.028535 -0.008769 0.046248 -0.002941 0.042802 0.139964 0.012010 -0.052621 -0.038089 0.009768 -0.021970 -0.033395 0.038709 0.022515 0.066691 -0.042311 -0.037240 -0.009216 -0.085256 0.072938 -0.033457 0.046755 0.108578 -0.005247 -0.021005 -0.037381 0.046547 -0.033603 0.032833 -0.067447 0.135764 0.008734 -0.013664 -0.049727 0.073768 0.086195 -0.072811 0.082745 0.142471 0.012963 0.063641 -0.019609 0.029184 -0.053997 0.159189 0.007754 0.107968 -0.052916 -0.071584 -0.011392 -0.086414 0.003837 -0.043839 -0.121060 0.017872 -0.092473 -0.024938 0.028938 0.023335 -0.086895 0.042563 0.017782 0.127225 -0.086649 -0.074777 0.004708 -0.036972 0.109949 -0.107299 0.004189 -0.074140 -0.087211 0.084807 0.023843 -0.031665 0.093971
0.024320 0.126221 0.021903 -0.089411 0.118492 -0.045763 -0.100939 -0.171442 -0.009360 -0.111597 0.006957 -0.198998 0.083438 -0.145451 0.030760 -0.140504 -0.051439 -0.104761 0.052866 -0.010052 0.021658 -0.050217 -0.107095 0.029683 0.042537 0.126285 0.001011 0.108919 0.003511 0.046631 -0.160649 0.032112 0.066639 -0.051414 -0.086716 -0.116914 -0.025838 0.111553 -0.026531 -0.079692 0.094069 -0.064664 -0.180521 0.162825 -0.113912 0.095679 0.014258 0.037341 -0.022591 -0.045174 -0.151767 -0.190934 -0.058038 -0.054969 0.021261 -0.066732 0.046901 -0.013143 -0.047657 0.003442 -0.113249 0.085534 0.094424 -0.026966 0.125941 -0.031120 -0.077997 -0.088185 -0.017202 -0.024928 -0.161337 0.054778 -0.125360 -0.032890 0.037443 0.037402 0.045051 -0.024767 -0.008488 -0.045405 0.017632 -0.116407 -0.026935 -0.110293 0.038713 0.031589 -0.083715 0.031775 0.047690 -0.102402 0.101706 -0.041693 -0.105359 -0.141943 -0.018235 0.043752 -0.018804 -0.090713 0.093674 -0.148634 0.062390 -0.058484 0.079283 -0.010726 -0.051394 -0.110982 -0.072280 -0.082275 -0.123060 -0.011371 -0.044523 0.034316
-0.013915 0.058572 0.029213 0.146664 0.066870 -0.014518 -0.002803 -0.044142 0.003576 0.191874 0.046392 0.087789 0.055562 -0.036468 -0.000625 -0.164302 -0.058150 0.023068 -0.076209 -0.100447 0.191253 0.050743 -0.096626 -0.065611 0.049130 0.008978 0.104479 0.102191 0.034986 0.101471 0.028417 0.138410 -0.119914 0.019874 0.011191 -0.195217 -0.095808 -0.028118 -0.136087 0.063524 -0.035188 -0.088591 0.049860 -0.042704 0.019727 0.048423 -0.109280 0.074555 -0.086284 -0.172431 0.074928 0.008987 0.071915 0.101380 0.100682 0.008655 0.063233 0.003957 -0.114187 0.209137 -0.024292 -0.075143 -0.218252 0.043852 -0.049931 0.057117 -0.024096 0.007555 0.111809 -0.031827 -0.077046 -0.009493 0.032023 -0.094752 -0.043624 0.035967 0.016608 0.071555 -0.115295 -0.037135 0.087456 0.013546 0.054481 -0.033122 0.108977 0.089743 0.125622 0.074141 0.086103 -0.092913 -0.163982 -0.160865 0.025395 0.007692 0.109370 -0.026415 0.008815 -0.039918 0.014369 -0.011141 -0.207234 -0.052838 0.063655 0.026114 -0.042126 -0.041774 0.048079 -0.068520 -0.066056 0.135010 0.106386 -0.042947
-0.042011 0.039150 -0.213462 0.010823 0.012871 0.008485 -0.173889 0.008626 -0.106166 0.096021 0.019523 0.018730 0.086479 -0.200555 -0.153501 0.059433 0.008088 -0.038379 -0.029943 -0.015980 0.114371 0.075475 0.045921 -0.122982 -0.049981 -0.115542 -0.007384 0.128519 -0.094203 -0.005489 -0.023931 0.003061 0.104850 -0.065605 0.015301 0.027047 -0.072580 0.049913 0.026578 -0.045543 -0.005406 0.055745 0.065827 0.112297 -0.011104 -0.059973 0.029825 -0.132645 -0.243247 0.012808 -0.072090 -0.092127 -0.077899 0.001780 -0.144053 0.008594 -0.095498 0.017766 0.056529 0.079753 -0.023816 0.081112 0.114366 -0.045318 0.025176 -0.055763 -0.013490 -0.102903 0.010175 -0.045613 0.037674 -0.028110 -0.008141 0.065795 0.009138 0.067136 -0.047861 0.118183 -0.034164 0.032080 -0.043651 -0.019280 -0.033456 -0.066445 0.142903 0.171797 0.030023 0.074929 0.040414 -0.054233 -0.025380 -0.065110 0.025107 0.054870 0.019339 -0.039136 -0.015346 -0.015931 -0.006042 -0.001305 -0.100226 0.011096 -0.120453 -0.046472 0.036176 -0.058089 0.001664 0.083074 0.034571 0.052891 -0.128902 -0.059649
0.028811 -0.112218 -0.110327 -0.116497 0.055555 -0.046284 0.098725 0.003733 0.067541 -0.000718 0.010233 0.024265 -0.158465 -0.047740 0.014963 0.100473 -0.075274 -0.001330 -0.011877 -0.135520 0.068352 -0.046892 -0.017208 -0.025136 0.023108 0.048783 -0.020373 0.202819 0.009686 0.006344 -0.052153 -0.016061 -0.032082 0.007521 0.027288 0.092101 -0.033743 0.029552 0.132293 -0.075253 0.041235 0.015023 0.141032 -0.078231 0.071989 0.052965 0.050570 -0.117765 -0.009133 0.097122 0.012923 -0.051155 0.065003 -0.005298 -0.041643 -0.011715 0.000286 0.105407 -0.024751 -0.022226 -0.138004 -0.050599 0.070364 0.124157 0.014438 0.037964 -0.042182 -0.046260 0.060286 -0.008688 0.135467 -0.117985 0.134457 0.079705 -0.001929 0.015094 -0.110214 -0.066901 0.097630 -0.003342 -0.101384 0.027854 0.004442 -0.014438 -0.119252 0.059484 0.129311 0.052823 0.164983 0.118718 0.109806 0.061565 0.048203 -0.128039 0.124380 -0.090672 -0.124353 -0.028645 0.029331 -0.030000 0.033159 0.011556 0.083172 -0.020761 -0.042280 0.128874 0.041841 0.059303 -0.032175 0.069752 -0.094955 0.010739
0.046898 -0.055190 -0.067877 0.086589 -0.023290 -0.059749 -0.044759 0.104910 0.114033 -0.140480 0.055631 0.117858 -0.012281 -0.116671 -0.079998 0.000450 -0.012176 -0.091767 -0.001232 0.051444 0.043101 -0.145974 0.002188 -0.160926 0.057085 -0.066496 -0.057042 -0.011728 -0.085252 -0.008634 0.028905 -0.017142 0.018015 -0.081123 0.053722 0.039219 -0.048769 0.115382 0.017184 -0.032729 0.022223 -0.051896 0.023858 -0.080780 -0.017037 -0.048463 0.076398 -0.030172 0.037975 0.031729 -0.045813 -0.078981 -0.100324 0.002930 -0.179593 -0.176710 -0.171283 -0.025723 0.092926 -0.112501 -0.164270 -0.034493 -0.157751 -0.052025 0.014800 0.018744 -0.064338 0.086690 -0.097374 -0.002712 -0.043953 -0.076087 0.022392 -0.119471 0.049200 0.072523 -0.073088 0.126280 0.082376 0.049414 -0.068879 -0.055262 -0.005842 0.059812 0.151498 0.070284 -0.023375 0.024974 -0.029413 -0.065327 -0.001074 -0.118077 -0.070406 0.064791 0.013669 -0.079672 -0.129298 -0.089008 -0.026609 0.010404 -0.075931 -0.064451 -0.048615 -0.010199 0.040484 0.081941 -0.035492 0.006876 0.042582 -0.043560 0.008143 0.005717
0.047617 -0.117480 0.032938 0.006766 -0.050044 0.005136 -0.144207 0.044623 0.024693 0.086442 -0.056956 0.106852 0.000060 0.008856 -0.024337 -0.077318 0.010955 0.021194 0.014955 -0.082229 0.070062 -0.016124 -0.087197 -0.065352 -0.065009 0.026525 -0.066260 -0.070716 -0.009156 0.143640 0.068401 -0.113576 -0.055284 0.026138 0.120321 0.050612 -0.147534 -0.069644 0.014431 0.153264 0.044050 0.001321 -0.020157 0.057397 -0.056208 0.052804 -0.069679 0.039761 -0.055622 -0.015858 0.059014 0.042106 0.008905 -0.000483 -0.003370 -0.087884 -0.081141 -0.060712 0.067514 0.095044 0.082140 0.025145 0.058237 0.112654 0.038499 0.058188 0.005568 0.109195 0.011370 0.068542 0.106318 0.043086 -0.116708 -0.025958 0.065233 -0.013155 0.072537 -0.043594 -0.124850 -0.023765 0.027494 -0.039842 0.148962 0.076218 -0.009684 -0.008198 -0.149554 0.018946 0.000686 0.044944 0.039029 0.015617 0.020303 -0.032302 0.216773 -0.178016 0.073492 0.051435 0.113899 0.114132 -0.119736 0.030111 -0.035310 0.045107 0.004703 0.060582 0.088635 -0.119670 0.161633 0.162798 -0.067821 0.022878
-0.007358 0.024090 0.061182 0.048278 -0.153868 -0.352416 0.103049 -0.152585 -0.089086 -0.020433 0.000688 -0.041861 0.020664 -0.009236 -0.079858 0.026415 -0.011564 -0.046601 -0.114929 -0.103526 -0.071018 -0.011094 0.018174 0.101570 -0.023329 0.043901 -0.048369 0.076898 0.019856 -0.080820 -0.092118 0.028069 -0.078377 0.031754 0.017725 -0.135086 0.062001 0.165010 -0.042657 0.167158 -0.080498 -0.187316 -0.025705 -0.047339 -0.015060 -0.044578 0.049000 -0.067659 0.027293 -0.015575 -0.071863 0.011901 0.018967 -0.084210 0.033167 0.090211 0.066409 -0.046732 -0.034314 0.021525 0.000425 0.113791 -0.090958 0.057079 0.052430 -0.031228 -0.078324 -0.049167 -0.067265 -0.051912 0.141329 -0.103953 -0.007777 -0.218660 0.030648 -0.158715 -0.069722 0.024404 -0.077457 -0.010584 0.081677 -0.031425 0.118938 -0.053172 0.045647 0.068916 0.022982 -0.065060 -0.040631 0.017860 -0.003188 -0.066406 -0.021688 0.023253 -0.148939 -0.055454 -0.087172 -0.086779 -0.034215 -0.000922 -0.023453 -0.094946 -0.013574 0.045712 -0.071754 0.049704 -0.068454 -0.010309 -0.100589 0.131304 -0.040975 -0.061011
0.040873 -0.062320 -0.052580 -0.134491 -0.038908 -0.089301 -0.020412 -0.091239 -0.051254 0.022490 0.042487 -0.028699 -0.123353 0.096908 -0.079923 -0.035017 0.131863 0.130831 -0.012681 0.092478 0.038406 -0.081318 -0.057644 0.025691 0.084716 -0.061980 0.066573 -0.065994 -0.102045 0.080904 0.077879 0.021077 0.059724 -0.041095 -0.041179 0.004550 -0.003097 -0.053197 -0.036172 -0.039428 -0.059780 0.075965 0.037449 0.040404 -0.018057 -0.074931 0.019943 -0.020627 0.078612 -0.142767 0.009217 -0.047505 0.001670 -0.017438 -0.044277 -0.073498 -0.117183 -0.006857 0.133622 0.112046 -0.081426 -0.003229 -0.081610 -0.080529 0.024828 -0.059205 -0.084167 -0.018225 -0.035526 0.083566 0.067853 0.020678 0.026767 -0.024425 -0.052099 -0.044580 -0.008240 -0.071526 -0.009049 0.053729 -0.019854 -0.089773 -0.021004 0.107056 -0.011323 -0.180938 0.018561 -0.021842 -0.084373 0.098040 -0.016526 0.091035 0.132574 0.131484 -0.026284 -0.090739 -0.095626 0.047410 0.120926 0.068446 0.052770 -0.005517 -0.037446 0.075339 -0.010935 -0.009358 -0.035749 -0.060661 -0.001875 0.152575 0.121142 0.114743
0.067025 -0.070555 0.080710 0.023221 0.007794 -0.102076 0.043348 -0.051716 -0.074283 -0.001088 0.136747 -0.089113 0.090769 0.019346 -0.086107 -0.061338 -0.092684 0.053552 0.040607 -0.038358 0.055527 0.069668 0.005025 -0.024592 -0.013798 -0.097091 0.089319 0.042392 -0.006615 -0.048375 -0.133218 0.029750 -0.029753 -0.088071 -0.187553 0.027510 -0.104400 0.048914 -0.109947 -0.050191 0.036312 0.122146 -0.018142 0.047288 -0.113758 0.002627 0.022414 -0.008651 0.047518 -0.081445 -0.001920 -0.053422 0.060153 0.004700 -0.073313 -0.086781 -0.088763 -0.004119 0.034484 -0.078453 -0.032504 0.004484 0.022910 0.095002 -0.132526 0.009792 -0.060619 -0.023385 0.067756 -0.028920 0.071681 -0.089097 0.030495 0.102490 0.016418 0.019386 -0.195089 -0.047091 -0.134243 -0.084195 0.119931 -0.005304 -0.084988 0.053088 -0.128369 0.000295 -0.151695 -0.013772 -0.059795 -0.058247 -0.118640 0.001136 0.070179 -0.110174 -0.013411 0.092903 -0.043070 0.024583 -0.000355 0.023764 -0.129917 0.110647 -0.079393 0.032214 -0.145015 0.020499 0.037005 -0.162681 0.014733 0.021710 -0.068729 -0.044164
0.058998 -0.009698 0.038293 0.144311 -0.061598 0.055648 0.062035 0.040602 0.000294 -0.037934 0.129182 -0.002588 -0.095489 -0.120744 -0.024858 -0.074612 0.039449 0.010749 0.015316 -0.080450 -0.118102 -0.057368 -0.037940 0.176713 -0.059269 -0.026263 -0.074543 0.095065 -0.043759 0.128414 0.015928 0.072833 0.113627 0.024788 0.117748 -0.010122 0.059208 -0.005427 0.008480 -0.100849 -0.008116 0.141487 -0.023698 0.104917 0.008924 -0.094829 0.119793 0.065176 0.010312 0.008809 0.020156 0.020528 0.213890 -0.115188 0.030365 0.049212 0.096746 -0.095492 0.046633 0.062390 0.179746 0.099347 -0.069279 -0.080665 0.069008 0.221186 -0.154194 -0.001705 -0.018343 -0.171342 0.022462 0.142656 0.014047 0.129238 -0.116820 0.004379 -0.022002 -0.079988 0.042992 0.000802 0.099229 -0.016879 -0.173110 0.089208 0.084328 0.044569 -0.031100 0.023908 -0.008478 0.040250 -0.054176 -0.052618 -0.009293 -0.106519 0.034446 -0.069952 -0.075893 0.015252 -0.099615 0.055132 -0.070638 -0.068505 -0.035289 0.078455 0.080196 0.082054 0.103244 -0.119000 0.104188 0.088892 -0.042216 0.062477
0.094860 -0.089369 -0.027177 0.065725 -0.035652 -0.026737 -0.150888 0.046443 0.033812 -0.130516 -0.002925 -0.059055 0.076791 -0.026277 -0.185531 0.108918 -0.119015 -0.037513 0.062018 0.006557 0.021131 0.030577 0.000722 0.087060 -0.151853 -0.025785 -0.023976 0.072374 0.046827 0.014231 -0.042791 -0.077291 0.008914 -0.083346 0.034178 0.076727 -0.026346 0.045857 -0.041152 0.034514 0.022294 0.074381 -0.182814 -0.067099 0.087016 0.009714 -0.043548 -0.010234 -0.058629 -0.067695 0.026022 -0.025462 -0.043663 -0.032401 -0.136304 -0.087386 -0.121890 -0.130013 -0.080011 0.091822 -0.054077 -0.063981 -0.041382 0.059971 -0.011332 -0.046497 -0.012021 -0.055486 -0.105105 -0.048011 -0.086889 0.016471 0.020666 -0.024104 -0.034558 0.012597 -0.165609 -0.067235 -0.046962 0.017130 -0.084248 0.042927 0.052959 -0.004845 -0.034517 -0.002726 0.159741 -0.017381 0.000797 -0.119208 -0.107597 0.024038 -0.096200 -0.168411 -0.104136 0.005157 0.117426 0.110171 -0.077885 0.034969 0.014753 -0.111254 -0.090884 0.023143 -0.100704 -0.061893 0.007026 -0.160141 0.100774 0.030868 -0.054636 -0.075880
0.088799 -0.008645 -0.022586 -0.031941 0.124503 0.071485 -0.067737 0.121275 0.038977 0.033271 -0.020693 0.004097 -0.077699 -0.002202 0.010827 -0.114398 -0.009884 -0.086259 -0.181523 -0.045855 0.067927 0.037312 -0.196376 0.062121 0.053067 0.104887 -0.018314 -0.190725 0.135546 -0.229969 0.048643 -0.125458 -0.020317 -0.119260 0.026302 -0.010193 -0.060466 -0.016214 -0.115315 0.042188 0.020210 0.023937 -0.077438 -0.061028 0.082779 -0.058793 -0.052401 -0.014085 0.127927 0.003488 0.032167 -0.103950 0.022561 0.113915 -0.012175 0.117954 0.086346 -0.038569 -0.059869 -0.056895 0.131069 -0.058161 -0.019612 -0.005559 -0.115202 -0.045454 -0.113879 0.023663 -0.029034 0.095486 0.011255 -0.104395 -0.020462 0.087966 0.023447 -0.074912 -0.086110 0.012710 0.017806 -0.045495 -0.192453 -0.090729 -0.011495 -0.047206 0.040657 0.124138 0.003804 -0.019525 -0.046196 0.131216 0.031802 0.088903 -0.024209 -0.039341 0.039692 -0.046576 0.061147 0.023565 -0.009143 0.061924 -0.017548 -0.051918 -0.019208 0.014661 0.052665 -0.009691 0.079941 0.133274 0.120590 0.100370 0.026151 -0.072404
0.036671 0.139475 0.040174 0.071822 0.038704 -0.026392 -0.091325 -0.058298 0.035762 0.044257 0.109466 0.027927 0.092926 -0.074839 0.102052 0.045989 -0.010011 -0.040136 -0.013623 0.009292 -0.063317 -0.092366 -0.070637 -0.038564 -0.102640 -0.108912 -0.005767 0.027261 -0.040918 -0.231872 -0.190399 -0.176752 -0.025317 -0.246384 0.020771 -0.024830 0.077173 0.017505 -0.027058 -0.084538 -0.060529 0.059043 -0.057693 0.044500 -0.045303 0.043446 -0.041153 0.117074 -0.086743 -0.048996 -0.084242 -0.035570 0.026626 -0.131627 0.062797 -0.070501 -0.001655 -0.029358 0.061381 -0.016031 -0.081537 -0.074973 -0.021007 -0.073839 0.080196 -0.048130 0.022442 -0.154721 -0.072940 -0.096318 -0.062498 -0.095131 0.067245 -0.012544 -0.018651 -0.062625 -0.109479 -0.045838 0.004691 -0.031046 0.036675 0.013999 -0.010161 -0.078974 -0.070536 0.010708 0.002093 0.013754 -0.001206 0.113266 -0.079736 -0.129977 -0.011206 0.033827 0.020732 0.090959 0.078823 -0.138087 -0.029119 -0.028720 -0.012700 -0.011984 -0.192614 -0.034791 0.010186 -0.010176 0.075674 0.018450 -0.090679 -0.054582 -0.037662 -0.133922
0.019436 0.066838 0.080228 -0.008605 -0.108632 -0.037177 0.024123 0.039334 0.155632 -0.088579 -0.009703 -0.096994 0.097880 0.014664 -0.086967 -0.023431 -0.033393 0.110966 0.020703 0.128681 0.111617 -0.015367 -0.091589 -0.090507 -0.013696 0.044798 0.106151 0.044074 0.036017 0.020666 -0.005664 0.027131 -0.048482 -0.108186 -0.008303 0.163591 0.125325 0.013169 0.004623 0.088144 -0.077803 0.032657 -0.016074 0.060054 0.023191 -0.056124 -0.048685 0.049924 -0.040056 -0.025935 0.074180 -0.052501 0.056393 0.026452 0.060435 0.083152 -0.046784 0.053379 0.050536 -0.016488 -0.087112 -0.012897 -0.061514 -0.070209 0.102566 0.112843 0.106695 -0.026573 0.120428 0.022236 -0.013487 -0.013725 0.095438 0.010539 0.056477 -0.031266 0.084469 -0.115973 0.006463 -0.115480 0.100240 -0.019735 -0.204237 0.040367 -0.120183 -0.011419 -0.122318 -0.075528 -0.076420 -0.045798 0.022114 -0.020675 0.176121 0.011060 0.163636 -0.061699 -0.063797 0.118448 -0.024307 -0.061092 0.054466 -0.005288 0.043399 -0.002317 0.159861 -0.011594 0.078444 -0.042770 0.003113 0.016221 0.053813 -0.166367
0.124456 -0.090437 0.047190 0.130022 0.148733 -0.191987 -0.053867 -0.061947 0.102948 -0.052414 0.050113 0.010926 0.069226 -0.021208 -0.062067 -0.025995 0.055534 0.006008 0.033718 0.072244 -0.116970 -0.168423 0.018532 -0.039696 0.055245 0.022090 -0.004319 -0.013965 -0.052139 0.009305 -0.051257 -0.092021 -0.064527 0.133407 0.210971 -0.039611 -0.088862 0.138144 -0.051954 -0.076250 -0.114250 0.021524 0.022404 -0.128651 -0.187995 -0.092232 0.056415 0.106236 -0.086071 0.063946 0.080030 0.033504 -0.037415 -0.163216 0.001882 0.001728 0.079461 -0.136860 0.030515 0.085969 -0.069599 -0.090764 0.077947 0.066934 0.064738 -0.047398 0.074924 0.131028 -0.038009 -0.081533 0.058101 -0.035951 -0.039390 0.006155 -0.009647 -0.033242 -0.060319 -0.003383 0.010921 -0.051798 -0.048706 0.059174 -0.019936 0.043963 -0.040327 0.068896 -0.004539 -0.083305 0.027988 -0.015408 0.112502 -0.127456 -0.028720 -0.055472 0.058619 -0.099724 0.084246 -0.049812 0.013751 -0.010679 0.077324 0.122009 -0.221115 0.000048 0.026071 -0.027422 0.139607 0.026010 0.023742 0.029129 -0.025785 -0.039563
0.051950 0.005082 0.068620 -0.056903 -0.012903 0.039658 0.066905 0.079003 -0.095276 0.021740 0.010786 -0.015969 0.000960 0.074655 -0.044953 0.076188 0.073239 0.152332 -0.032693 0.140562 -0.105262 0.082934 -0.040705 0.094278 -0.044985 -0.075083 0.061871 0.022315 0.005120 0.048595 0.004150 -0.033609 0.068233 -0.082656 -0.098784 0.057870 -0.016538 -0.024442 0.047537 0.057940 -0.102002 -0.016765 0.031816 -0.042063 -0.067842 -0.204229 -0.026369 -0.044651 -0.024902 0.141633 -0.116209 -0.033737 0.108277 0.132530 0.023843 -0.013173 0.038664 0.081638 -0.140789 -0.142446 0.056184 0.136949 0.045595 0.050762 -0.045313 -0.000660 -0.042612 0.041060 -0.012517 -0.181031 -0.112274 -0.079976 0.102828 -0.080056 -0.032874 0.040562 0.032814 -0.036424 -0.033569 0.003766 -0.099622 -0.099811 -0.085791 -0.090249 -0.151555 -0.021143 -0.007566 -0.043963 -0.140952 -0.063804 -0.004536 0.059170 0.074151 -0.038020 0.099758 -0.007327 0.074644 -0.141845 -0.019470 -0.071838 -0.022597 0.034412 0.019936 -0.085107 0.000059 0.014765 -0.012120 0.105536 0.002509 0.073961 -0.131805 0.000862
0.069752 0.002817 0.043320 0.117703 0.023759 0.079124 0.004527 0.048206 0.002173 -0.045079 -0.046017 -0.148201 -0.010165 0.058840 0.025789 0.052809 0.060173 -0.069657 -0.036574 0.118994 -0.033846 0.013941 -0.159412 0.071815 -0.081212 0.057504 -0.011866 0.118785 -0.037549 -0.003266 0.103967 0.036490 -0.038884 -0.038553 -0.013762 0.005137 -0.070534 0.055862 0.073747 0.101706 -0.063984 -0.140402 -0.246193 -0.066310 0.024870 0.003264 -0.003625 0.093367 -0.017695 0.083789 -0.082244 0.027774 0.050426 0.035200 -0.084393 0.013951 0.015775 -0.064969 0.151290 -0.022913 -0.014862 0.026419 -0.056663 -0.090664 0.018704 -0.023780 -0.021796 -0.074100 -0.122112 0.036805 -0.008757 -0.094491 -0.005445 -0.075300 -0.041851 0.091521 -0.079260 0.003730 0.013502 -0.061875 -0.105495 0.078865 -0.137917 -0.036963 0.123084 -0.005881 -0.127278 -0.043651 -0.045441 -0.213485 -0.015224 -0.053556 -0.015290 -0.047875 0.013104 0.088804 -0.123841 0.128654 -0.012669 -0.188557 -0.002190 0.021108 -0.101226 -0.023355 -0.044110 0.041318 0.010261 -0.026557 -0.037551 -0.139797 -0.111280 -0.095940
-0.073327 -0.018441 -0.134530 0.105514 -0.039935 0.003781 0.011021 -0.097941 -0.167615 0.045260 0.047410 0.050068 0.092487 0.087962 0.010417 -0.019762 0.040734 -0.072673 -0.024136 0.052769 -0.023817 0.072132 -0.119477 -0.049179 -0.028920 0.054254 -0.046290 -0.018242 0.149246 -0.067001 -0.071213 0.023407 -0.013921 -0.004433 -0.031454 0.152992 0.118070 0.077909 -0.119829 0.128931 -0.041691 -0.074623 0.020939 0.014734 0.122710 -0.029370 -0.052976 -0.001031 -0.138692 -0.003028 0.103169 -0.029623 -0.071217 0.034279 0.090295 -0.141777 0.030918 0.034525 -0.071019 -0.159168 0.015151 0.005633 -0.083069 -0.154502 0.013120 0.021157 -0.070689 -0.061289 0.060662 -0.110023 -0.043678 0.115476 -0.119177 -0.045481 -0.090083 0.110554 -0.089030 0.031977 0.047450 -0.055520 0.000548 -0.003794 0.192723 -0.104910 0.073256 0.031852 0.083867 0.049275 0.126692 0.020336 -0.078208 -0.008786 -0.041295 0.036119 -0.049798 0.080149 0.024943 -0.094987 0.023397 -0.134635 0.045256 -0.005581 0.003010 0.070816 0.090515 0.030947 0.036100 0.040997 0.066116 0.148816 0.046359 -0.096367
0.172158 -0.045299 -0.072804 0.086516 0.152012 -0.101737 0.015814 -0.081087 -0.036624 -0.068098 0.036333 -0.033825 0.026901 -0.000547 0.060115 0.066141 0.022383 0.051311 -0.039837 -0.046279 0.012385 0.014713 -0.069928 -0.039154 0.070714 0.060619 -0.009756 -0.096659 0.030814 -0.084747 -0.112702 0.154182 -0.057361 -0.112407 0.101957 0.052356 0.037969 0.104681 -0.017562 -0.022392 0.119645 -0.088867 0.002739 -0.155778 -0.133465 -0.000832 -0.006237 0.034715 -0.021545 0.090867 0.034736 0.005203 0.019294 0.140266 0.060333 0.101176 -0.081464 0.075898 0.010808 -0.121978 0.019351 0.078111 -0.069345 -0.051999 -0.081265 0.043514 0.013054 0.062684 -0.037947 0.047135 -0.013517 0.055880 0.002517 0.083602 0.033150 -0.150334 -0.044496 0.001669 -0.029974 0.041460 -0.064732 -0.058388 -0.058222 -0.145949 -0.003834 -0.026398 0.017452 0.055664 -0.077548 -0.051386 -0.076713 0.042513 0.084085 -0.031665 0.128959 -0.113267 0.140286 -0.105144 0.061075 -0.031209 -0.018931 -0.046766 -0.033187 0.002885 -0.043664 -0.098550 0.084182 0.042298 -0.020218 -0.008059 -0.008529 -0.101460
0.004900 0.069685 0.046649 0.128858 -0.138606 -0.021060 -0.057977 -0.103917 -0.098444 0.034781 -0.060386 0.017678 0.106275 -0.083755 -0.044092 -0.075288 0.139456 0.110572 0.091231 0.054772 -0.103175 0.028013 0.119962 -0.053564 0.051308 -0.019703 0.034092 0.003470 0.131563 0.093320 -0.135300 -0.084087 0.113761 0.001862 -0.012074 0.061256 -0.063939 -0.013016 0.041457 0.093688 0.014853 0.033848 -0.007045 0.105014 -0.093850 0.024831 0.064474 0.024807 -0.149827 0.008289 -0.072324 0.017367 0.084729 -0.010983 -0.058938 0.005909 0.054013 0.117027 0.094167 0.098737 -0.000977 0.019122 0.005567 -0.114934 -0.008794 0.044947 0.019139 0.036866 0.080857 0.028099 -0.014297 0.013332 0.048097 -0.158578 0.020889 -0.129955 -0.013913 0.012319 0.124296 -0.115399 -0.039755 0.072604 0.079837 -0.072767 0.009618 0.067898 -0.026941 -0.141052 0.048549 -0.115506 -0.077421 0.065325 0.079509 -0.033752 -0.051360 0.029304 0.052231 -0.063385 -0.037623 -0.077157 0.013133 0.047442 0.063904 0.038534 0.029127 0.126852 0.019764 0.139102 -0.032496 -0.032037 0.003133 -0.040109
-0.045496 0.035756 0.000363 0.104242 -0.036440 0.030669 0.033922 -0.014727 -0.059278 0.028441 -0.048510 -0.009699 0.048150 0.061149 0.030541 -0.092396 -0.102495 -0.025305 -0.012701 -0.073049 0.073475 -0.110939 -0.008361 -0.127890 -0.040462 -0.151210 0.043652 -0.172024 -0.073482 0.086022 0.022017 0.110387 0.000121 -0.015028 -0.024298 -0.084105 -0.031314 0.186363 -0.095137 -0.034328 0.076802 -0.037974 -0.052160 -0.121500 -0.122363 -0.113891 -0.003021 0.060965 0.003180 0.128212 -0.013643 0.113512 0.060533 -0.005647 0.016634 -0.115845 0.007207 0.081675 -0.015398 0.007298 -0.064477 0.102970 0.002515 0.069406 0.079707 0.000374 -0.035024 0.021987 -0.105746 0.074733 -0.025383 0.025939 0.073732 0.010762 -0.079954 0.017489 0.015381 -0.028902 0.029840 -0.028566 0.100216 -0.016073 -0.039962 -0.017580 -0.083676 0.013134 -0.132440 -0.031425 -0.110762 -0.125553 0.007414 -0.121299 0.159896 -0.068575 0.013142 -0.075795 -0.015537 -0.036379 -0.001404 -0.015741 0.023785 -0.039769 0.038144 0.012733 -0.002525 0.005703 0.070565 -0.124994 -0.105881 -0.078119 -0.120110 -0.031305
-0.010032 0.244188 0.061896 -0.071458 0.009441 -0.050508 -0.126646 0.041209 0.039764 -0.031800 -0.010694 0.006636 -0.160067 0.117178 -0.031066 -0.020261 0.075622 0.126633 -0.164007 0.048440 0.012390 -0.086873 0.004863 0.047949 -0.090003 0.039287 -0.059813 0.030635 0.137057 0.018770 -0.015804 -0.076908 0.015482 0.030201 -0.113741 0.033438 -0.023981 -0.056536 -0.081687 -0.021294 -0.015357 0.018742 -0.101250 -0.054155 0.068307 -0.141527 0.026989 -0.049295 0.131445 0.097286 -0.096288 -0.119004 -0.117750 0.089459 0.018293 -0.067733 0.082269 -0.022503 -0.032860 -0.142300 -0.123629 0.036341 -0.057059 -0.026546 0.051510 0.010686 -0.080266 -0.025625 0.012570 0.035940 0.035603 -0.135915 0.002981 -0.029124 0.037197 -0.141590 -0.050850 0.065011 -0.001874 -0.027498 0.114703 -0.001858 -0.028416 -0.089867 -0.114416 0.165555 -0.070675 -0.098527 0.045528 -0.108141 0.056610 0.004987 -0.090897 0.014320 0.061311 0.008516 0.012430 0.042334 0.001637 0.030626 -0.117260 0.041512 0.015178 0.189613 -0.019995 0.028952 -0.006880 -0.067520 0.157701 -0.043748 -0.034663 0.022512
