-0.299051 0.153409 -0.093812 0.054924 0.476826 -0.543810 0.295493 -0.674487 -0.151959 0.000451 0.314365 0.052541 0.470490 -0.159547 0.277563 0.055111 -0.181271 -0.014468 0.204509 -0.230616 -0.316795 0.205491 -0.229077 -0.623867
-0.609222 -0.090768 -0.269141 0.098791 0.221566 -0.221602 0.202342 -0.378585 0.246956 -0.108409 0.525057 -0.277913 0.490318 0.003713 0.089970 -0.249537 0.098618 -0.247301 0.020284 -0.096711 0.147550 0.114279 0.149652 -0.330236
-0.754814 -0.754729 0.092607 -0.103554 -0.049646 -0.003696 -0.057159 -0.308708 -0.044152 -0.584014 0.197006 -0.425093 0.130190 -0.455024 -0.299507 -0.108508 0.345688 -0.199205 0.220419 0.186980 0.152515 0.068587 0.480347 0.056241
-0.400472 -0.320822 0.309348 -0.405502 0.161085 0.165916 0.138061 -0.059696 -0.210804 -0.619819 0.227139 0.153762 -0.427924 -0.658838 -0.005455 -0.385986 0.146958 0.246101 0.300375 -0.450749 -0.008781 -0.209218 0.656823 -0.138170
0.062494 0.337972 0.073347 -0.362347 0.187794 0.275907 0.118179 0.466110 -0.018784 -0.589607 0.031257 -0.048241 -0.324931 -0.588991 0.536121 -0.178892 -0.051732 0.372216 -0.261189 -0.451256 -0.363082 0.079559 0.385023 -0.216492
-0.163315 0.606511 0.037494 0.215329 0.088208 0.806592 -0.190079 0.610242 -0.249486 -0.471051 0.155410 -0.219124 -0.169249 -0.197893 0.243840 0.103221 0.120953 0.572217 -0.176846 0.228911 -0.438553 0.377257 0.084855 -0.287968
-0.425071 0.538717 0.144258 0.274423 0.045681 0.559266 -0.032761 0.243093 -0.600597 -0.295123 -0.192491 -0.302917 -0.207193 -0.270810 -0.482774 -0.089214 0.274002 0.785558 0.222112 0.425105 -0.069921 -0.148278 -0.036430 -0.188657
-0.396592 0.131027 0.469731 0.331460 -0.050214 0.137703 0.023902 0.112418 -0.587886 -0.394227 -0.367924 -0.143662 -0.089614 -0.483127 -0.419945 -0.092606 0.435194 0.454523 0.626896 0.013422 0.045823 0.044711 0.078374 -0.182805
0.065741 -0.266487 0.186901 0.057644 0.221828 0.201050 -0.228693 0.146773 -0.101979 -0.262030 -0.016556 -0.098038 -0.212635 -0.001017 0.105759 0.167938 0.455854 0.004367 0.291579 -0.143611 -0.191240 0.170501 0.484308 0.293580
0.224054 -0.127818 0.055346 -0.036383 0.119782 -0.171671 -0.259479 0.160588 0.419246 -0.230223 0.010032 -0.040348 0.046933 0.054400 0.005679 0.346925 0.632569 0.048321 0.651768 0.088088 -0.417359 0.165165 0.468099 0.488053
-0.090093 -0.237192 0.070393 0.196433 -0.128959 -0.383957 0.004076 -0.070191 0.584409 -0.353417 -0.137533 0.084871 0.295346 -0.147586 -0.056279 0.561576 0.570885 -0.481793 0.710305 0.211279 -0.240310 0.178688 0.574102 0.433074
-0.003855 -0.519842 0.341867 -0.080154 -0.348523 -0.252013 -0.271603 -0.478537 0.439114 0.097840 -0.234516 0.163648 0.163661 -0.275806 0.263384 0.530069 0.315763 -0.395528 0.378568 0.818460 -0.081669 0.207457 0.772275 0.424213
0.091907 -0.514770 0.415472 0.022197 0.003157 -0.328735 -0.167757 -0.515444 0.089066 0.711111 -0.276600 0.355705 -0.248701 -0.157919 0.292765 0.005476 0.318401 -0.526270 -0.009398 0.651954 -0.119054 0.166154 0.475752 0.186257
0.060410 -0.317071 0.370565 0.444441 0.185135 -0.053960 -0.160000 -0.383865 -0.018960 0.789961 0.018665 0.161805 -0.212150 -0.197015 0.300116 -0.134827 0.277763 -0.126403 -0.040372 0.272981 -0.066147 0.017438 -0.067629 -0.008049
-0.035161 -0.470859 -0.065244 0.329782 -0.025830 0.217240 -0.236349 -0.250745 0.240266 0.400435 -0.202309 -0.167096 0.070320 -0.121479 0.445415 0.182321 -0.041075 -0.140715 0.005745 -0.010842 -0.164769 -0.290472 0.019716 -0.422449
0.419502 -0.451505 -0.251826 0.002824 -0.115816 0.164020 -0.157375 0.135514 0.195480 0.022683 -0.327681 -0.393432 0.293408 -0.216053 0.106107 -0.120999 -0.338859 -0.441443 -0.176761 -0.277016 -0.394026 -0.760808 0.213649 -0.482265
0.937926 -0.046865 0.005233 0.244492 0.209618 -0.233337 -0.035746 -0.122655 0.141112 -0.193523 -0.116857 -0.468518 -0.022214 0.092360 -0.192171 -0.616367 -0.449653 -0.275575 -0.170967 -0.343556 -0.190788 -0.711065 0.258215 0.073378
0.591050 0.076056 0.171654 0.063262 0.184375 -0.551564 0.097785 -0.321630 0.034393 0.108638 0.041143 -0.479842 0.152340 0.376948 -0.289690 -0.324440 -0.312158 0.323327 -0.364460 -0.099729 0.050966 -0.296464 0.353181 0.268580
0.158403 -0.001521 -0.040096 -0.034330 0.076072 -0.191032 0.016046 -0.063480 -0.031162 0.620181 -0.031105 -0.409250 0.214776 0.316389 -0.195607 -0.008077 -0.314598 0.155041 -0.259031 -0.271080 0.458958 -0.074638 0.341061 -0.123427
-0.134329 0.068507 -0.288012 -0.057821 0.065378 -0.059531 0.237936 -0.073697 -0.069202 0.560631 0.165703 -0.365253 0.168084 -0.335032 -0.006935 0.026321 -0.071925 0.180655 -0.151889 -0.203970 0.085738 0.140143 -0.173257 -0.364637
-0.044010 0.150400 -0.068445 -0.100410 -0.028701 -0.079049 0.192844 -0.152276 -0.275049 0.089556 0.127982 -0.406728 0.216872 -0.291273 -0.008939 0.172110 0.051000 0.485952 -0.032739 -0.286139 0.299495 0.153266 -0.439626 -0.333179
0.230913 0.174891 0.051697 0.159144 -0.324466 0.162616 0.103717 -0.337231 -0.353002 -0.097468 -0.047161 0.016443 0.005485 -0.072302 -0.170053 0.498584 -0.131544 0.167623 0.124556 -0.660947 0.502251 0.087624 -0.683607 -0.094418
0.438296 0.258705 0.216916 0.102373 0.045149 0.300763 0.089189 -0.375344 0.025989 0.336263 -0.124567 0.547105 -0.559280 -0.077709 -0.267713 0.425833 -0.176918 0.061236 0.018040 -0.286852 0.128649 0.591204 -0.307700 0.006405
0.195476 -0.099728 0.367523 -0.177849 0.413781 0.233339 0.243389 -0.254574 0.367110 0.206324 0.064231 0.369127 -0.570849 -0.485810 0.203160 -0.024724 0.077120 0.160185 0.077458 0.240466 -0.115271 0.531373 0.155860 -0.110018
0.059674 0.603305 0.012924 -0.068818 0.324756 -0.444823 0.293968 -0.523568 -0.229682 -0.561706 0.210114 0.125097 0.411119 -0.258326 0.277310 0.270710 0.028392 0.192578 0.256435 -0.008975 0.089465 -0.176567 -0.495132 -0.647180
-0.293445 0.255094 -0.176214 0.074056 0.297251 -0.391034 0.287396 -0.556543 -0.034393 -0.072852 0.563364 0.102734 0.424117 0.068907 0.107329 0.058688 -0.128298 -0.176267 -0.091114 -0.006641 -0.059770 0.107304 -0.175106 -0.428027
-0.500354 -0.409446 -0.136050 -0.129505 0.175712 -0.005753 0.181958 -0.409392 0.128240 -0.113549 0.546830 -0.274656 0.295380 -0.137998 -0.235415 -0.283781 0.049350 -0.291759 0.228357 0.064472 0.019740 -0.116694 0.191947 -0.165759
-0.487416 -0.447526 0.285379 -0.216370 0.060727 -0.054462 0.132106 -0.172413 0.135256 -0.445262 0.374501 -0.130362 -0.113109 -0.514626 -0.000942 -0.359487 0.067012 -0.148979 0.240251 -0.291883 -0.038794 -0.160691 0.430601 0.065177
-0.182810 -0.159933 0.287645 -0.317968 0.072302 0.202623 0.058769 0.052843 0.089097 -0.791791 0.079457 0.014737 -0.178992 -0.352549 0.392592 -0.355040 0.204385 0.523678 -0.015120 -0.473719 -0.030782 0.049515 0.247120 -0.095849
-0.197382 0.463689 0.067547 -0.233829 0.262053 0.543699 0.101611 0.446247 -0.224997 -0.615919 0.020452 0.080139 -0.037391 -0.425777 0.360782 -0.175709 -0.116253 0.634925 -0.102334 -0.177323 -0.469883 0.121376 0.250301 -0.248572
-0.249736 0.593274 0.025620 -0.062998 -0.055579 0.531756 -0.085052 0.504046 -0.388530 -0.480272 0.054033 -0.270524 0.038377 -0.389203 -0.094520 -0.106205 0.085254 0.465835 0.035195 0.244676 -0.216225 -0.130327 0.251023 -0.191578
-0.400196 0.112511 0.352820 0.246633 -0.269566 0.486018 -0.083789 0.321891 -0.413368 -0.449576 0.105145 -0.290415 0.079245 -0.339896 -0.279709 -0.148500 0.467736 0.475852 0.319028 0.302148 -0.131859 -0.161129 0.054314 -0.252318
-0.291645 0.094985 0.340433 0.204733 -0.181485 0.401985 -0.114062 0.178959 0.062548 -0.408226 0.071803 -0.057843 0.047355 -0.273660 -0.158420 0.155175 0.285283 0.183036 0.226011 0.021085 -0.079448 0.092579 -0.013623 0.183551
-0.231520 0.001830 0.267524 0.001784 0.016216 0.319183 -0.306868 0.138065 0.332785 -0.248423 0.117132 -0.091261 0.028267 -0.001253 0.014703 0.301767 0.194945 0.072788 0.224290 0.013024 -0.231328 0.202027 0.164688 0.463694
-0.223723 -0.240023 0.207707 -0.023104 0.126334 -0.285526 -0.003833 0.121291 0.319980 -0.192357 0.015169 -0.194248 0.110167 -0.113541 -0.193907 0.289391 0.469184 -0.136796 0.554206 0.070159 -0.250094 0.290737 0.198432 0.435511
-0.209455 -0.107204 0.156639 -0.084332 -0.022211 -0.176654 -0.173845 0.097454 0.369453 -0.217984 -0.046860 0.029352 0.067217 -0.421134 -0.077372 0.398464 0.629939 -0.271727 0.752361 0.085141 -0.202431 0.044355 0.550167 0.215986
0.142331 -0.179432 0.085559 0.036787 -0.023121 -0.215433 -0.016022 -0.003781 0.207084 0.152978 -0.113559 0.268055 -0.058920 -0.259040 0.076275 0.299331 0.390028 -0.393533 0.485107 0.189110 -0.007103 0.178305 0.386704 0.156131
-0.068766 -0.272010 0.167474 0.326075 0.023649 -0.350961 -0.063335 -0.275680 0.112902 0.682109 -0.212431 0.288775 0.067392 -0.065186 0.093317 0.342533 0.277556 -0.277270 0.178445 0.246004 -0.107225 -0.025578 0.419521 0.028413
-0.035523 -0.420581 -0.016736 0.347021 0.264660 -0.203501 -0.098010 -0.072761 0.178845 0.600504 -0.215191 -0.126903 0.147206 -0.025377 0.275764 0.257067 0.252971 -0.076490 0.052612 0.020354 -0.054137 -0.179858 0.298088 -0.104489
0.196047 -0.525386 0.196232 0.256885 -0.019440 -0.051495 -0.062592 0.065604 0.255950 0.270520 -0.315197 -0.445589 -0.067957 -0.181379 0.406997 0.014478 0.023245 -0.288501 -0.318770 0.096531 -0.032104 -0.359989 0.277855 -0.086165
0.247534 -0.354808 0.120289 0.183332 0.065947 0.037094 0.099247 0.039461 0.047516 0.027198 -0.352544 -0.372387 0.041593 -0.098350 0.013037 -0.252537 -0.300683 -0.134376 -0.154875 -0.071530 -0.097514 -0.407978 0.271476 -0.085470
0.572934 -0.189862 0.093639 0.080103 0.195911 -0.056946 -0.033526 -0.143581 -0.056192 -0.157607 -0.058606 -0.444712 0.194640 -0.075606 -0.027400 -0.392893 -0.308644 -0.088924 -0.154220 -0.164736 0.056186 -0.437408 0.424998 -0.048143
0.461177 -0.041820 0.010293 0.185576 0.198410 -0.011735 0.102228 -0.060334 -0.077215 0.042282 -0.047684 -0.317341 0.260798 0.197658 -0.108214 -0.074984 -0.160163 -0.071837 -0.194218 -0.164719 0.161533 -0.106988 0.494214 -0.012917
0.234555 -0.088207 -0.088756 0.133753 0.128753 -0.084780 0.213388 -0.129262 -0.324717 0.578560 -0.126077 -0.327503 0.355026 0.185040 -0.040166 0.089705 -0.435197 0.092358 -0.342500 -0.187028 0.112552 0.162794 0.346546 -0.198521
-0.025049 0.046149 -0.031142 -0.176623 0.021862 0.141833 -0.021405 -0.193957 -0.357667 0.499508 -0.085706 -0.457492 0.178461 -0.193391 -0.120093 0.185071 -0.161405 0.227870 -0.284383 -0.096200 0.139036 0.083715 -0.176169 -0.260049
0.110766 0.252757 0.077086 0.119120 -0.204573 -0.041527 0.225848 -0.305582 -0.149077 0.020849 -0.024646 -0.113154 0.061776 -0.029604 -0.174245 0.183638 -0.356000 0.186240 0.006567 -0.224272 0.138475 -0.053942 -0.474307 -0.003323
0.414532 0.117426 -0.060367 0.381488 -0.152298 0.197370 0.149052 -0.231030 0.133296 0.114699 0.181572 0.259047 -0.092225 0.064766 0.010668 0.232662 -0.310154 0.199339 -0.072481 -0.478608 0.113093 -0.223951 -0.665924 0.017033
0.366042 -0.008162 -0.019136 0.019434 -0.083284 0.272645 0.210321 -0.381803 0.088338 0.655308 -0.130465 -0.005874 -0.074895 -0.414467 -0.102209 0.333883 -0.000339 0.296870 0.017793 -0.381400 0.306726 0.126986 -0.417552 -0.134088
0.099137 0.553755 0.012537 -0.379235 0.154385 0.006768 -0.018468 -0.194997 -0.137538 -0.735538 0.292746 0.358961 0.026181 -0.330009 -0.243762 0.323773 -0.240667 0.322224 0.480153 0.059813 0.190775 -0.457301 -0.446016 -0.072582
0.048661 0.443914 -0.089931 -0.345522 -0.049122 -0.054979 -0.085649 -0.263707 -0.166762 -0.477910 0.233950 0.300880 0.116172 -0.026548 0.124536 0.060636 -0.090229 0.177634 0.054017 0.128521 -0.133615 -0.077914 -0.104321 -0.358427
-0.170675 0.189337 -0.153301 -0.134638 0.025667 -0.079177 0.141422 -0.213199 0.183512 -0.139383 0.542236 -0.184965 0.241467 -0.043611 0.131897 -0.144506 -0.036358 -0.160012 0.150063 0.191310 -0.069671 0.114690 -0.081892 -0.186998
-0.322469 -0.292326 0.252886 -0.103394 0.025099 -0.049975 0.062992 -0.383944 0.500312 -0.398282 0.695117 -0.312947 0.123870 0.072422 0.080259 -0.245240 0.127343 -0.041764 0.085893 0.047275 -0.157025 -0.075527 0.197725 0.003373
-0.258924 -0.368183 0.094006 -0.162747 0.143764 0.041345 0.196063 -0.183068 0.349428 -0.583527 0.253586 -0.070015 0.011591 -0.159804 0.087658 -0.422140 0.106543 0.502266 0.345289 -0.381456 0.077958 -0.210925 0.182940 0.089756
-0.256404 -0.130685 -0.058952 -0.264606 0.123738 0.279764 0.164144 0.390892 0.140665 -0.515946 0.057839 -0.134593 -0.262500 -0.361482 0.312314 -0.262417 0.061304 0.551247 -0.000649 -0.157508 -0.205230 0.113702 0.290600 0.029882
-0.362424 0.148601 0.040693 -0.048712 -0.093242 0.621102 -0.114483 0.299746 0.012211 -0.536103 0.094242 -0.137588 0.166693 -0.175471 0.357234 -0.144009 0.176605 0.566317 -0.242641 0.208434 -0.363245 -0.067432 0.179421 -0.200371
-0.257494 0.312145 0.077252 -0.015587 -0.205059 0.461525 0.030081 0.505057 -0.134674 -0.409245 0.081688 0.103263 0.115129 -0.408119 -0.013927 -0.011785 0.317550 0.413480 0.101181 0.274073 -0.382696 -0.279238 0.019418 -0.384269
-0.251606 0.160881 0.262220 0.167794 -0.115588 0.382767 -0.068778 0.491082 0.103500 -0.275730 0.102843 -0.008522 0.163296 -0.467386 -0.105009 0.146920 0.199279 -0.116151 0.237242 0.154618 -0.095356 -0.102634 -0.088286 -0.191357
-0.333613 0.014899 0.136487 0.130992 -0.128960 0.386106 -0.285958 0.243040 0.134533 -0.256635 0.082668 -0.062452 0.023755 -0.041129 0.013028 0.139937 0.153683 -0.057230 0.155360 0.220599 -0.028195 0.235551 0.321082 -0.038728
-0.044069 0.033932 -0.021490 -0.050497 0.092974 0.095211 -0.166130 0.303754 -0.010522 -0.100937 0.113735 0.032346 0.108652 -0.096656 -0.074584 0.154971 0.385864 -0.133574 0.483212 0.108569 -0.189797 0.191446 0.133867 0.088670
-0.093047 -0.041706 0.124847 0.135248 0.023970 -0.056377 -0.032669 0.444523 0.307894 -0.032355 0.112473 0.064915 0.093227 -0.259202 -0.044456 0.276893 0.476620 -0.170967 0.629160 -0.014392 -0.020996 0.051520 0.226719 0.327120
-0.149280 -0.158639 0.229501 0.053012 -0.042851 -0.217081 -0.071554 0.156063 0.311232 -0.106561 -0.007020 -0.113367 0.128606 -0.200921 0.046571 0.497734 0.501887 -0.296624 0.264718 0.223832 -0.027759 0.086283 0.291318 0.233852
-0.080755 -0.339845 0.282369 0.024282 -0.179282 -0.245390 -0.006785 -0.019387 0.201925 0.334773 -0.065168 0.134101 0.076308 -0.282636 0.028129 0.459872 0.285793 -0.262889 0.174011 0.115153 -0.082377 0.142292 0.338556 0.092219
0.036303 -0.500397 0.166322 0.194421 0.011301 -0.355809 -0.138035 0.145973 0.108094 0.509422 -0.043591 0.047762 0.082366 -0.213598 0.223206 0.386370 0.260438 -0.167530 0.002365 0.076686 -0.037944 -0.059215 0.318999 -0.051001
-0.006625 -0.461455 0.043283 0.226626 0.073399 -0.079711 -0.136850 0.214930 0.230210 0.517400 -0.264344 -0.122858 0.043830 -0.072112 0.280948 0.231467 0.151374 -0.078503 -0.088975 0.016953 0.011869 -0.299710 0.294155 -0.036258
0.115539 -0.283631 -0.009660 0.158058 0.075383 0.024454 0.058160 0.273474 0.006933 0.266067 -0.384703 -0.384321 0.190178 -0.078382 0.161600 0.017417 -0.120611 -0.097244 -0.156656 -0.098939 -0.178764 -0.243147 0.200287 -0.239150
0.288159 -0.215043 0.133272 0.255726 0.134191 -0.016050 0.036095 0.234951 -0.000617 -0.068339 -0.094608 -0.422224 0.074985 0.022090 0.022449 -0.289187 -0.019265 0.046034 -0.176912 -0.122087 0.059627 -0.251672 0.307235 -0.080021
0.482144 -0.099257 0.183464 0.217275 0.320656 0.054800 -0.013246 -0.040728 -0.081963 -0.210879 -0.137613 -0.378874 0.275543 0.274496 -0.022229 -0.032537 -0.241531 0.114284 -0.298772 -0.161976 0.079996 -0.103943 0.651231 0.017830
0.357484 -0.105241 0.023243 0.222818 0.128894 0.180071 0.022522 -0.169897 -0.100220 0.134562 -0.185532 -0.324455 0.270899 0.266868 0.071470 0.181824 -0.258178 0.151670 -0.333838 -0.018910 0.224414 -0.000038 0.603534 -0.084754
0.152890 0.065691 0.008311 -0.033517 0.253529 0.078220 0.099629 0.030447 -0.395140 0.313639 -0.039203 -0.321597 0.392977 0.150355 -0.013681 0.255664 -0.421786 0.165291 -0.227258 0.004897 -0.010771 0.187692 0.406875 -0.180515
0.113112 0.027478 -0.201714 0.047103 0.072350 0.118803 0.271218 -0.046972 -0.257915 0.052152 0.170360 -0.341121 0.323462 0.147197 0.035073 0.017230 -0.434825 0.174546 0.042383 -0.044657 -0.028871 0.381623 -0.143291 -0.084710
0.112556 0.101597 -0.071579 0.324680 -0.293779 0.088290 0.304968 -0.293844 -0.081831 -0.024434 0.127712 -0.328188 0.035259 0.182579 -0.058038 0.270409 -0.210052 -0.038406 -0.110830 -0.347727 0.080408 0.025472 -0.328960 -0.012881
-0.047160 0.289088 0.154069 0.267838 -0.088336 0.245242 0.463482 -0.418322 -0.006494 0.552686 -0.084796 0.078363 -0.174185 -0.048374 -0.082835 0.472880 -0.191255 0.053954 -0.268997 -0.407284 -0.058850 0.095871 -0.566077 -0.010592
0.151117 -0.234563 -0.002925 -0.301964 -0.082465 0.233913 -0.356550 0.073303 0.247960 -0.637109 0.293659 0.223422 -0.197208 -0.035172 -0.234128 0.297903 -0.256909 0.254796 0.420899 0.022059 -0.019835 -0.508921 -0.392009 0.180566
0.038253 0.645175 -0.097502 -0.255241 -0.339627 -0.082111 0.152858 -0.030217 -0.002198 -0.721708 0.036185 0.186007 0.092139 -0.225606 -0.097786 0.307857 -0.103360 0.206174 -0.009598 0.084015 0.046380 -0.083659 -0.215056 0.051421
0.070619 0.765941 -0.120807 -0.191025 0.027821 -0.084302 0.272594 -0.182919 0.055040 -0.411767 0.300164 0.103418 0.341024 -0.008141 -0.066126 -0.096869 0.176054 -0.189078 0.060507 0.146911 -0.072517 -0.011180 -0.266275 -0.153507
-0.094509 0.020901 0.065761 -0.282043 0.084897 0.252366 0.049017 -0.153334 0.112178 -0.329686 0.422688 -0.148165 0.008826 0.035099 -0.038287 -0.377913 0.025078 -0.226911 0.309577 0.013616 -0.111980 0.000422 0.062279 -0.018242
-0.189780 -0.205241 0.228380 -0.158620 0.151565 0.249760 0.248024 0.030870 0.530094 -0.400185 0.235476 -0.153952 -0.070843 -0.060296 0.168108 -0.382052 0.094937 0.315806 0.204493 -0.249708 -0.121339 -0.091512 0.028843 0.006432
-0.168571 -0.300304 0.024782 -0.277846 0.036333 0.232312 0.188293 0.217544 0.544998 -0.543665 0.133394 -0.092459 -0.093413 -0.153427 0.302448 -0.283856 0.245615 0.571259 -0.156708 -0.206789 -0.155762 0.074484 0.020122 0.137110
-0.144269 -0.072363 -0.137441 -0.267139 -0.040160 0.443108 -0.165104 0.283894 0.412770 -0.605337 0.118908 -0.010128 0.081763 0.082072 0.236980 -0.182613 0.046794 0.772943 -0.113479 0.041839 -0.202436 -0.056746 0.084459 -0.033833
-0.115435 0.329148 -0.279579 -0.276391 -0.042299 0.429635 -0.033330 0.548309 0.206575 -0.410675 0.253027 0.095992 -0.001530 -0.200398 0.112689 -0.211531 0.195134 0.332726 -0.012932 0.239553 -0.063393 -0.395838 0.008103 0.029688
-0.261945 0.155231 0.099766 -0.004899 -0.154340 0.291178 0.040161 0.466128 0.080938 -0.216275 0.147094 -0.076539 0.160343 -0.156523 -0.011536 0.040113 0.428125 0.073619 0.097834 0.274044 -0.080895 -0.224828 -0.018321 -0.166248
-0.190972 0.023470 0.147471 -0.001210 -0.112379 0.281951 -0.024571 0.347952 0.272828 -0.229760 -0.012368 -0.101746 0.194592 -0.464715 0.082744 0.217967 0.421643 0.016057 0.045889 0.157924 -0.076807 -0.000250 0.049468 -0.206276
-0.237827 -0.063119 0.119387 0.113805 -0.217137 0.199288 -0.173566 0.269319 0.328799 0.003542 0.227549 0.083474 0.321209 -0.057748 0.003303 0.237255 0.303457 -0.179060 0.062434 0.097420 -0.195993 0.074936 0.092087 0.125456
-0.278619 0.078131 0.255242 0.081491 -0.243875 0.009956 -0.123988 0.246785 0.323878 0.072482 0.105750 -0.138576 0.163824 -0.110582 -0.013653 0.186086 0.206262 -0.088293 0.242189 0.193484 -0.167562 -0.028036 0.116945 0.325891
-0.270452 0.109399 0.207515 0.111878 -0.017156 0.000975 0.000837 0.370188 0.213955 0.075515 0.047222 -0.121298 0.091558 -0.116648 -0.083613 0.330832 0.332925 -0.043407 0.204369 0.121250 0.101755 -0.014228 -0.031383 0.224290
-0.129573 0.015391 0.112941 0.189896 -0.011583 -0.115675 -0.074337 0.165670 0.024448 0.221141 -0.110062 0.053174 0.096719 -0.305745 -0.022347 0.384594 0.270148 -0.181136 0.255017 -0.044409 -0.027427 0.210671 0.168628 0.101813
-0.185685 -0.310396 0.047182 0.183914 -0.027632 -0.220135 -0.008842 0.179103 -0.220363 0.268453 0.008263 0.066081 0.067363 -0.147399 0.013902 0.367969 0.382951 -0.099170 0.022221 0.005543 -0.039493 -0.002901 0.232845 0.054275
0.021884 -0.469521 -0.091396 0.105815 0.032537 -0.140633 -0.069830 0.320435 0.103659 0.630381 0.118163 0.058001 0.187744 -0.180421 0.236545 0.186436 0.043178 -0.055971 -0.084033 -0.144410 -0.050392 -0.219339 0.334214 -0.136044
0.262785 -0.469656 0.061635 0.164645 -0.051078 -0.273364 0.150299 0.366048 -0.040737 0.671217 -0.156959 -0.151714 0.154026 -0.074749 0.284552 0.264718 -0.006727 -0.018297 -0.160187 -0.208980 0.001249 -0.184588 0.358146 -0.212981
0.088270 -0.361389 0.147319 0.163579 0.065625 -0.017880 0.094209 0.298808 -0.091099 0.281285 -0.285985 -0.305666 -0.002728 0.115215 0.162117 0.048705 -0.119441 0.215450 -0.110873 -0.106273 -0.013433 -0.139863 0.232742 -0.073354
0.083500 -0.089007 0.127536 0.092989 0.236715 0.211841 0.050601 0.157562 0.004121 -0.024657 -0.067806 -0.263528 0.216390 0.229824 0.136213 0.086387 -0.184708 0.134176 -0.086206 -0.068271 -0.042335 -0.112962 0.341963 0.010308
0.331392 -0.104140 0.065467 0.313985 0.094023 -0.001164 0.057623 0.143080 -0.193179 -0.191038 -0.112790 -0.192712 0.286249 0.178096 0.138712 0.214020 -0.132580 0.312921 -0.000361 -0.011424 0.091264 -0.009770 0.597162 -0.077600
0.269541 0.038145 0.037648 0.223423 0.349038 0.138779 0.101843 0.073265 -0.291420 0.106815 -0.093557 -0.213612 0.346650 0.210236 0.116544 0.225875 -0.230999 0.227753 -0.194041 -0.038409 0.086288 0.345691 0.611569 -0.111653
0.280711 0.083594 0.123737 -0.087893 0.027268 0.358421 -0.071952 -0.021166 -0.444948 0.022369 0.140028 -0.361690 0.249873 0.373659 -0.147860 0.258063 -0.407720 0.166208 -0.195982 0.009212 -0.029037 0.470333 0.416058 -0.124004
0.207943 0.233494 0.147073 0.161949 0.118025 0.224653 0.112215 -0.041875 -0.317294 -0.202451 0.292763 -0.142922 0.002939 0.464165 -0.124117 0.109080 -0.571514 0.249921 -0.114425 0.068891 -0.287019 0.464215 0.109550 0.094251
0.255334 0.337738 -0.067151 0.274979 -0.024314 0.302792 0.102884 0.039565 0.242810 -0.240587 0.268559 0.070129 -0.050531 0.361457 0.101154 0.317050 -0.475545 0.047547 -0.176583 0.054242 -0.415235 0.201912 -0.591710 0.297567
-0.010157 -0.233511 -0.139599 0.200250 0.014242 0.011413 -0.101847 0.161465 0.329389 -0.077597 0.491343 -0.432924 0.148429 0.219718 -0.006862 0.132024 0.013361 0.343878 0.442050 0.213199 -0.166496 0.228241 -0.342663 0.121745
-0.061576 0.263534 0.021187 -0.046936 -0.058634 -0.050643 0.023509 0.164231 0.155295 -0.695280 0.259809 0.197576 0.077962 -0.104425 -0.262131 0.344657 -0.164958 0.122705 0.376268 -0.109254 0.002322 -0.105622 -0.155409 0.193615
0.142544 0.544168 0.116156 -0.272807 -0.153015 0.084889 -0.030500 0.085507 -0.067208 -0.693369 0.147509 0.402671 0.062722 -0.172678 0.068050 -0.013302 -0.123137 0.027354 0.089373 0.111550 -0.037525 -0.113505 0.097939 0.323413
-0.094539 0.276418 -0.045121 -0.326080 -0.019086 0.042656 0.270278 0.052002 0.126040 -0.304990 0.213569 -0.167608 0.044688 -0.161963 0.039121 -0.378210 0.035296 -0.274543 0.040230 0.155977 -0.180070 -0.265204 0.010334 0.096189
-0.055675 0.001261 0.107572 -0.255673 -0.116829 0.273905 0.085861 0.308373 0.302760 -0.278269 0.308262 -0.156083 0.017407 -0.033548 0.095592 -0.310266 0.253070 0.105049 0.135945 -0.089389 -0.052896 -0.159256 -0.252380 -0.017159
-0.099849 -0.362254 0.258668 -0.129216 -0.087572 0.366053 0.259366 0.313537 0.679866 -0.180632 0.087339 -0.219030 -0.077425 -0.054601 0.083614 -0.384327 0.195170 0.794976 0.060163 -0.135844 -0.230685 0.035835 -0.089595 -0.071455
-0.155707 -0.020454 0.081554 -0.109763 -0.051035 0.263758 0.131807 0.570236 0.611813 -0.453308 -0.001846 -0.005426 -0.075036 -0.089809 0.122541 -0.374839 0.035442 0.410017 0.009145 -0.107606 -0.169282 0.294366 -0.011590 0.237175
-0.086557 -0.016830 -0.066004 -0.232256 -0.223917 0.253622 0.061955 0.333552 0.470678 -0.357298 0.042910 -0.243378 0.073625 -0.031367 0.192854 -0.293286 0.279541 0.411779 -0.180200 0.164980 -0.250080 -0.062935 0.002186 -0.009476
-0.166355 0.060266 -0.135159 -0.313108 -0.098168 0.137413 -0.070091 0.462455 0.323901 -0.041887 -0.014191 0.115290 0.212805 -0.106066 0.150711 -0.158411 0.260531 0.449034 -0.075932 0.184916 0.043292 -0.406526 -0.233473 0.065271
-0.221297 0.191848 -0.105179 -0.059574 -0.007743 0.109795 -0.006569 0.367545 0.330532 -0.125640 0.102194 0.091291 0.120351 -0.254362 0.050968 0.140624 0.309950 0.063890 -0.071537 0.114059 -0.048343 -0.319986 -0.030669 0.180498
-0.398620 0.108967 -0.038990 0.078722 -0.077710 0.007717 -0.070107 0.141631 0.462822 -0.024396 0.032179 -0.024767 0.129116 -0.154929 0.188654 0.248805 0.172782 -0.206319 -0.058339 0.248832 -0.060204 -0.001657 0.032539 0.144978
-0.271047 0.177380 0.075139 0.034693 0.102067 -0.021780 -0.015755 0.263942 0.376297 0.097069 0.221466 -0.090338 0.227647 -0.113845 -0.078899 0.172345 0.504467 -0.276889 0.091225 0.083154 -0.195577 0.107087 0.208337 -0.064136
-0.234746 0.308508 0.117006 0.047652 -0.040638 -0.029753 -0.012048 0.368787 0.145146 0.220996 0.036920 -0.079531 0.060385 -0.073636 0.041021 0.336127 0.260092 -0.092309 0.298750 0.233087 0.131544 0.030271 0.084683 -0.051090
-0.215900 0.220040 0.092105 0.182536 -0.096459 0.038567 -0.014748 0.338489 -0.123849 0.190644 -0.061501 -0.206146 0.073786 -0.025290 -0.110491 0.486229 0.120151 -0.020581 0.079554 0.228490 -0.123770 0.024981 0.070529 0.083921
-0.230155 -0.134956 0.092445 0.243649 -0.036450 -0.187238 0.083099 0.176259 -0.141415 0.300389 0.101101 -0.224984 0.068446 -0.076036 -0.019406 0.368174 0.208629 -0.156590 -0.054129 0.003411 -0.079713 0.124851 0.065408 -0.026335
-0.108207 -0.612271 0.013911 0.142982 -0.011728 -0.058949 -0.086566 0.379249 -0.008977 0.435258 0.228867 -0.212046 0.222526 -0.232232 0.155336 0.209725 0.129035 0.124055 -0.064642 -0.001915 0.048841 -0.187742 0.467449 -0.062427
-0.043172 -0.441705 0.101475 0.040832 0.093431 -0.169468 0.018342 0.449270 -0.145907 0.630878 -0.053687 -0.215876 0.078974 -0.118435 0.309541 0.049062 -0.030353 0.182582 -0.135423 -0.101610 -0.101862 -0.231236 0.522287 -0.115294
0.063979 -0.183599 -0.075234 0.033405 0.125350 -0.092717 0.135214 0.456619 -0.139364 0.601418 -0.143011 -0.223611 0.279147 0.022008 0.357443 0.230755 -0.105789 0.139121 -0.037924 -0.011311 -0.000692 0.011200 0.254042 -0.190769
0.089396 -0.217007 0.025711 -0.069566 0.084546 0.011465 0.152383 0.124396 -0.237630 0.191707 0.019335 -0.122900 0.220730 0.173606 0.173555 0.126510 -0.029512 0.290434 0.033318 -0.145133 -0.036979 0.075398 0.226056 -0.193576
0.227951 -0.059159 0.058890 0.105710 0.230202 0.188135 0.037726 0.094109 -0.111783 -0.103145 0.014383 -0.116117 0.283959 0.331253 0.323874 0.298191 -0.280937 0.285541 -0.002075 -0.098911 -0.009615 0.179570 0.578080 -0.209158
0.274164 0.008055 0.002791 0.242319 0.302645 0.163100 0.060815 -0.021103 -0.086173 0.068065 -0.133317 -0.213871 0.168549 0.319384 0.249807 0.345155 -0.108076 0.292750 -0.040198 -0.028209 0.003146 0.182462 0.480612 -0.093947
0.419385 0.111189 -0.098325 0.036703 0.321624 0.135389 0.015692 0.066424 -0.311376 0.038706 -0.144051 -0.268035 0.088379 0.309400 0.064286 0.427849 -0.103455 0.184003 0.117012 -0.054528 -0.112593 0.447237 0.504980 -0.117491
0.422921 0.214736 -0.078862 0.208336 0.209478 0.258125 0.150968 0.270404 -0.272727 -0.293383 0.164627 -0.260069 0.110105 0.401872 -0.135075 0.119233 -0.459828 0.151517 -0.054044 -0.006408 -0.274343 0.813180 0.465770 0.050401
0.215613 0.178089 -0.169347 0.420972 0.037533 0.158008 0.114897 0.322916 0.232461 -0.261770 0.469268 -0.189287 -0.084343 0.705880 0.006363 -0.004337 -0.476921 0.200990 0.028700 0.021431 -0.451255 0.615774 0.192920 0.409181
0.067196 -0.244981 -0.395525 0.251132 0.251446 0.052413 -0.069579 0.277961 0.471620 -0.189233 0.683834 -0.503088 0.149458 -0.076176 -0.239333 -0.148069 0.030237 0.036962 0.211033 0.125989 0.079270 0.393769 -0.085601 0.281341
0.031928 -0.290200 0.047872 0.100307 0.035379 0.037305 -0.045705 0.252531 0.165486 -0.229472 0.330040 -0.030535 -0.071127 -0.144803 -0.046792 0.160874 -0.122543 0.012807 0.231680 -0.241504 -0.076357 -0.089421 -0.019951 0.059348
0.082934 0.264929 0.005868 -0.005842 -0.326657 0.109851 0.165740 0.281139 0.022344 -0.439196 -0.011460 0.137328 0.084730 -0.071514 0.036653 0.068521 -0.149426 -0.094339 0.137491 0.075727 -0.072466 0.116856 -0.031454 0.312897
-0.125284 0.448604 -0.255090 -0.121522 -0.126865 -0.005541 0.214395 0.239126 0.354764 -0.500727 0.083080 -0.099511 0.183075 -0.197550 -0.046243 -0.210747 0.059960 -0.241386 -0.042666 -0.086472 -0.102814 -0.061602 0.202010 0.301108
-0.209602 0.229294 0.074100 -0.194303 -0.054112 0.386920 0.112130 0.414061 0.256780 -0.356557 0.184584 -0.163321 -0.058863 -0.180466 0.036279 -0.363160 -0.089037 -0.027820 0.114391 -0.074713 -0.088152 -0.043777 0.023214 0.042923
-0.215617 -0.099846 0.188958 -0.092797 -0.068208 0.315559 0.163125 0.336992 0.421808 -0.286587 -0.062180 -0.167890 -0.054591 -0.181065 0.212993 -0.227869 -0.009608 0.358521 0.159035 -0.117748 -0.141704 0.102176 -0.226611 -0.051123
-0.165823 -0.198378 0.112780 -0.037377 -0.179804 0.351471 0.207087 0.510301 0.519199 -0.245797 0.045142 -0.263912 -0.158271 -0.145411 0.000269 -0.338943 0.210387 0.391183 0.012561 -0.228063 -0.072045 0.220585 -0.315344 -0.092231
-0.016130 -0.013831 -0.033235 -0.144088 -0.190084 0.096973 0.013792 0.361525 0.454211 -0.169223 -0.010234 0.075307 0.034618 -0.051742 0.168819 -0.222647 0.125069 0.472442 -0.150575 0.004092 -0.183039 0.094614 -0.131189 -0.015292
-0.175601 0.120270 -0.199681 -0.215259 -0.027694 0.064192 0.129946 0.454210 0.323466 -0.041093 0.084233 0.169956 0.009431 -0.027862 0.129801 -0.159040 0.250258 0.309140 -0.108725 0.130499 0.013417 -0.182751 -0.188945 0.100179
-0.208881 0.146467 -0.195787 -0.222757 0.058125 -0.130824 -0.010691 0.349887 0.427802 0.130729 0.011554 0.040801 0.044263 -0.175931 0.197058 -0.075169 0.311747 0.215453 -0.171605 0.347282 -0.030527 -0.368833 -0.094813 0.262014
-0.227868 0.215505 -0.099667 -0.126216 0.121675 -0.126205 0.034493 0.219242 0.236927 -0.031243 0.000331 -0.128630 -0.062438 -0.129941 0.137052 0.125109 0.449297 0.018819 -0.282653 0.138121 0.043830 -0.121326 0.004710 0.256557
-0.361438 0.054302 -0.098409 0.123742 0.107515 -0.223375 -0.020140 0.158966 -0.023932 -0.052411 -0.011627 -0.244039 0.139721 -0.069001 0.028512 0.236228 0.466487 -0.136103 -0.008149 0.117886 -0.095796 -0.100616 0.180747 0.130698
-0.347204 0.225151 0.091109 0.081259 -0.090917 -0.050571 -0.115462 0.217822 0.013959 0.132089 -0.075813 -0.158999 0.156833 -0.008293 0.014615 0.176124 0.353720 -0.057025 -0.210651 -0.012574 -0.024786 0.046513 0.148542 -0.113799
-0.236135 0.319821 0.152732 0.091019 -0.031570 0.016134 0.042680 0.357407 -0.024405 0.302254 -0.080465 -0.284628 0.057178 0.004099 0.035458 0.381015 0.163889 -0.023265 -0.158286 0.087298 -0.201389 0.168411 -0.008823 -0.012508
-0.240423 0.167245 -0.021586 0.238165 0.082499 -0.097683 0.234977 0.398205 -0.142912 0.301040 0.036860 -0.362523 0.152052 -0.071280 0.111148 0.388234 0.036536 -0.033053 -0.074567 -0.070826 -0.116775 0.147490 -0.085756 -0.054695
-0.199426 -0.255068 -0.099121 0.345735 0.006454 -0.126304 0.033618 0.180273 -0.246413 0.340258 -0.033769 -0.279861 0.197254 -0.143846 0.004171 0.038246 0.049588 0.150064 0.045421 -0.075454 0.025295 -0.055316 0.021889 -0.090182
-0.009571 -0.498007 0.031948 0.052791 0.106513 0.033976 -0.025589 0.207218 -0.133764 0.515011 0.247452 -0.089601 0.110564 -0.097091 -0.104162 -0.152741 0.014980 0.261475 0.126715 -0.096108 -0.099535 -0.076174 0.385391 -0.222211
-0.047563 -0.396678 0.017929 0.110533 -0.006564 -0.083588 0.100686 0.375699 -0.126996 0.702961 -0.038053 -0.142485 0.385135 -0.018775 0.046830 0.164377 0.026908 0.150022 0.104243 0.014715 -0.131885 0.035291 0.472435 -0.125148
0.040495 -0.141831 -0.029442 -0.041221 0.127782 0.000866 0.110922 0.213801 -0.119286 0.515398 0.014917 -0.106547 0.150381 0.036252 0.328223 -0.082391 -0.203364 0.154694 -0.008880 -0.110777 -0.124211 0.068492 0.222070 -0.236955
0.156226 -0.112450 -0.048655 0.082827 0.049629 0.184378 0.094999 0.092090 -0.074148 0.143330 0.088696 -0.074438 0.086996 0.329628 0.318906 0.115659 -0.183363 0.106082 -0.058921 -0.146765 -0.029848 0.200861 0.428101 -0.234585
0.176247 -0.167300 -0.050359 0.275223 0.048302 0.153106 -0.061530 0.079485 0.017662 0.083841 0.055730 -0.037433 0.281806 0.252120 0.297096 0.439581 0.086102 0.159694 0.052454 0.039346 -0.035068 0.147264 0.324058 -0.077676
0.515067 -0.043891 -0.123231 0.019637 0.195851 0.049369 -0.127087 0.362219 -0.153814 0.141447 -0.005857 -0.074350 0.109211 0.164044 0.069012 0.288415 -0.025282 0.002918 0.108847 -0.120529 0.032587 0.251701 0.233203 -0.075729
0.508126 -0.012030 -0.195332 0.073976 0.217929 0.099887 0.126655 0.294817 -0.167461 -0.004636 0.043276 -0.336176 0.017336 0.424107 -0.272423 -0.131255 -0.209786 0.183873 0.010209 -0.130335 -0.168790 0.562654 0.455624 0.196328
0.505667 0.239745 -0.119574 0.483893 0.153595 0.115281 -0.010223 0.170122 -0.120225 -0.122907 0.373648 -0.300268 -0.094045 0.622295 -0.219624 -0.130247 -0.311493 0.327605 0.204005 0.238550 -0.136057 0.713894 0.517588 0.468697
-0.142650 0.335380 -0.227848 0.240714 0.390858 0.182251 -0.172156 0.123705 0.592303 -0.307929 0.287195 -0.471342 -0.132539 -0.224643 0.255225 -0.184832 -0.073899 -0.195989 -0.383254 0.193945 0.209705 0.499449 0.153093 0.597240
0.106997 -0.128066 -0.076575 0.053443 0.061772 -0.034532 -0.002638 0.317872 0.156497 -0.121375 0.327173 -0.216583 -0.045052 -0.258088 -0.012618 -0.111237 0.046040 -0.115131 0.042581 -0.052033 -0.108488 0.255290 -0.178930 0.107273
0.128930 -0.006161 0.026808 0.085126 -0.035229 -0.035901 0.196814 0.099121 0.036358 -0.345233 0.212618 -0.127163 0.156061 -0.013502 -0.098332 0.088410 -0.136711 -0.013934 0.220308 0.045078 0.016351 -0.002504 0.005979 0.359752
0.024656 0.303325 0.066786 -0.071065 -0.053928 -0.010599 0.315835 0.260607 0.089467 -0.594972 -0.023837 0.016852 0.119571 -0.275743 0.253424 -0.020417 -0.157209 -0.143139 -0.017736 -0.186769 -0.182385 0.107261 0.232852 0.321266
-0.195921 0.121365 0.069727 -0.076980 -0.086679 0.193872 0.186566 0.271211 0.198418 -0.315499 0.129019 -0.178076 -0.095301 -0.502179 0.330909 -0.095196 -0.112772 -0.149177 0.113481 -0.091502 -0.156590 -0.115330 0.174408 0.180098
-0.314927 -0.041801 0.130922 -0.132441 -0.117263 0.280448 0.080271 0.439294 0.463670 -0.082373 0.169609 -0.271278 0.039676 -0.317710 0.255712 -0.115046 0.019942 0.242692 -0.071069 -0.127181 -0.100810 -0.077162 -0.043431 0.086000
-0.239627 -0.183601 0.141817 -0.050200 -0.239299 0.328450 0.023772 0.655285 0.392025 -0.065201 0.021151 -0.047723 -0.166408 -0.457553 0.066999 -0.199607 0.013381 0.449915 0.023750 -0.094045 -0.438996 -0.002820 -0.171827 0.035263
-0.264750 0.050427 0.071616 -0.049067 -0.168079 0.179319 0.076598 0.536946 0.304862 -0.189309 -0.106990 0.072224 -0.101235 -0.230995 0.020992 -0.214432 0.086564 0.328757 -0.165132 -0.152721 -0.206472 0.203425 -0.207360 0.029114
-0.238007 0.266916 0.025447 -0.099994 0.106558 0.043170 0.120415 0.299187 0.270083 -0.162634 -0.083209 0.034284 -0.024832 -0.193038 0.079246 -0.277092 0.257988 0.373918 -0.252465 -0.120620 -0.104593 0.178902 -0.197389 0.070630
-0.150655 0.083576 -0.260476 -0.145027 0.347521 -0.017295 0.102652 0.293377 0.260202 0.237209 -0.026218 0.036941 0.110952 0.014642 0.068888 -0.189488 0.265569 0.376805 -0.086304 0.036614 -0.082061 -0.275734 -0.188686 0.309265
-0.196931 0.180907 -0.314351 -0.153968 0.314812 -0.077263 -0.063955 0.067287 0.124578 0.181222 -0.142191 0.021425 0.081077 0.047940 0.043830 -0.117342 0.351251 0.195159 -0.366119 0.122404 -0.061864 -0.360741 -0.005024 0.465011
-0.320022 0.047458 -0.089445 0.044635 0.220031 -0.391486 0.105904 0.040110 0.017323 0.030525 -0.166203 -0.082724 0.116473 0.131160 -0.021727 0.177888 0.466489 -0.027313 -0.462892 0.096632 -0.148037 -0.221749 -0.039596 0.361827
-0.306647 0.310625 0.046983 0.004069 0.157389 -0.121856 -0.011497 0.244259 -0.064462 0.036916 -0.000717 -0.261316 0.100881 0.107607 -0.045380 0.288075 0.544036 -0.079595 -0.424896 -0.046835 -0.152074 0.085315 0.102529 0.048462
-0.135595 0.386394 -0.058861 0.050237 0.183921 -0.071038 0.004164 0.271839 -0.236206 0.204585 0.041738 -0.321737 0.137724 -0.037545 -0.019548 0.301329 0.216330 -0.057980 -0.065171 -0.018388 0.005010 0.376139 -0.020506 -0.074345
-0.129115 0.431933 0.051167 0.153966 -0.008510 -0.088367 0.142605 0.252095 -0.311240 0.109202 -0.014203 -0.331041 0.051924 -0.056864 -0.002442 0.326861 -0.090098 -0.006906 0.119009 -0.063071 -0.110323 0.385285 -0.126803 -0.097273
-0.116844 0.003363 -0.051775 0.180899 0.002289 -0.074340 0.183662 0.270394 -0.290598 0.115846 0.036379 -0.308102 0.194022 -0.125173 0.048175 0.116754 -0.038799 -0.089390 0.100466 -0.185822 -0.004245 0.142294 -0.144519 -0.156203
0.038075 -0.331251 -0.090496 0.132451 -0.000415 0.019213 0.138981 0.194437 -0.247264 0.201207 0.186265 -0.220614 0.211558 -0.137736 0.006471 -0.035998 0.182025 0.074791 0.100992 -0.038852 -0.066432 0.013300 0.232620 -0.345703
0.035754 -0.439450 -0.033222 0.082530 -0.019776 0.074191 -0.010727 0.337981 -0.118023 0.524562 -0.052904 -0.236628 0.268449 -0.008537 0.199853 -0.000526 0.005586 0.132982 0.002601 0.142658 -0.085748 -0.027981 0.367712 -0.185425
0.045336 -0.382168 -0.126783 -0.024729 0.016540 0.007710 0.093487 0.335180 0.038315 0.523234 0.157759 -0.203991 0.217567 -0.015993 0.180256 0.075252 -0.060284 -0.000574 0.004743 0.110756 -0.080801 0.043219 0.280887 -0.128595
0.018946 -0.228212 -0.115223 -0.091579 -0.029286 0.048943 0.137924 0.187643 -0.038898 0.404052 0.138832 -0.092012 0.198462 0.151151 0.129578 0.149357 -0.021164 0.043288 0.179314 -0.014412 0.066351 0.330811 0.116987 -0.004599
0.104691 -0.211039 -0.069059 0.126996 0.005473 -0.020619 -0.087033 0.168108 -0.186856 0.270691 -0.047942 -0.046295 0.293807 0.181344 0.287066 0.156160 0.009623 0.112651 0.102187 -0.044936 0.165905 0.240466 0.175027 0.171429
0.430040 -0.234214 -0.060632 -0.045455 -0.022720 0.016558 -0.231088 0.297607 -0.135057 0.321761 0.203651 -0.169930 0.111358 0.211480 0.253103 0.126491 0.149969 -0.041158 0.251348 -0.046393 0.024090 0.141052 0.246151 0.332827
0.585141 -0.237029 -0.312778 0.235249 0.013456 0.075294 -0.197591 0.296972 -0.103573 0.388320 0.151067 -0.215604 -0.029998 0.166217 -0.078116 -0.145771 0.134870 -0.206710 0.322178 0.097000 0.003917 0.205876 0.217622 0.538685
0.542046 0.017450 -0.259568 0.376580 0.239248 0.132112 -0.153786 0.304090 -0.137193 0.323507 -0.024268 -0.446683 -0.196033 0.321907 -0.335590 -0.328691 -0.004807 -0.010142 0.181363 0.117689 -0.057918 0.613025 0.388177 0.567777
-0.169556 0.768202 -0.030960 0.112485 0.030810 0.098202 0.025454 0.102387 0.468694 -0.023373 0.182769 -0.284915 -0.032132 -0.092438 0.171017 0.051130 -0.308916 -0.164543 -0.422220 0.004157 -0.176746 -0.062687 0.054783 0.429469
-0.026574 0.180686 -0.005297 0.042215 0.226706 -0.126998 0.005872 0.028901 0.213390 -0.325359 0.258068 -0.050469 -0.056953 -0.343682 -0.067560 -0.134872 -0.030790 -0.152971 -0.042171 -0.121186 0.152981 0.300457 -0.051600 0.329329
0.094983 -0.050882 0.154391 0.159904 -0.059024 -0.038287 -0.022762 0.202623 0.104573 -0.400011 0.015519 -0.180996 -0.091676 -0.317470 -0.082210 0.146286 -0.014360 -0.349953 -0.019278 -0.194149 -0.110380 0.056937 0.026896 0.364230
0.055495 0.076734 0.298482 0.166550 0.180666 0.018802 0.246024 0.247920 -0.048600 -0.455738 -0.167682 -0.106488 0.102721 -0.094173 0.162846 0.191848 -0.131157 -0.168914 0.035957 -0.132235 -0.097920 -0.014615 0.082539 0.226004
-0.131279 0.069216 -0.076220 -0.065000 -0.033967 0.104042 0.114479 0.153278 0.123063 -0.181846 0.054948 -0.216218 0.155552 -0.308042 0.329714 -0.164210 0.007854 -0.267568 -0.096482 -0.058496 -0.154980 -0.069240 0.153872 0.223141
-0.336760 0.095357 0.112899 0.006789 -0.068912 0.339691 0.014266 0.385527 0.440645 -0.188534 -0.094356 -0.148228 -0.055235 -0.289503 0.185671 -0.043265 -0.078282 -0.078673 0.016408 -0.099685 -0.322484 0.020047 0.058152 0.128497
-0.364121 -0.046352 -0.021738 0.076023 -0.061219 0.339809 0.237396 0.352610 0.335897 -0.135451 -0.070222 -0.095905 -0.065139 -0.382083 0.278604 -0.116471 -0.148963 0.125104 0.063255 -0.017453 -0.359125 0.020878 -0.102995 -0.015361
-0.304740 -0.016414 0.127266 0.148492 -0.107087 0.196727 0.112677 0.447884 0.108543 -0.236625 -0.111197 -0.058266 -0.210658 -0.282068 0.143542 -0.260073 -0.081068 0.323101 0.055274 -0.107624 -0.038004 0.081374 -0.167549 0.096534
-0.309052 0.058171 0.060455 0.139600 0.088700 0.043858 -0.008017 0.191017 0.089482 -0.176467 -0.201738 0.133360 0.011864 -0.129592 0.119756 -0.258753 0.117663 0.311598 -0.046754 -0.229097 -0.278219 -0.068561 -0.326276 -0.020210
-0.213292 -0.042251 -0.182987 -0.036752 0.316757 0.039086 0.120263 0.096837 0.111614 -0.099664 -0.179009 0.100686 0.200825 0.055722 0.055509 -0.224745 0.365801 0.341581 -0.231273 -0.204033 -0.345156 -0.081807 -0.289589 0.005286
-0.368660 0.267366 -0.291187 -0.099934 0.222910 -0.217904 0.018286 0.143164 -0.027253 0.250781 -0.140525 -0.113481 0.216202 0.063059 0.106216 -0.243859 0.421664 0.142553 -0.344223 0.136924 -0.308131 -0.078414 -0.126220 0.323868
-0.190315 0.185086 -0.110777 -0.071803 0.344277 -0.173442 0.058271 0.041792 -0.061308 0.035914 -0.038560 -0.062338 0.072915 0.193174 -0.031134 0.002000 0.490057 0.142166 -0.419843 0.294710 -0.127876 0.023437 0.014222 0.358884
-0.177423 0.130614 -0.152294 0.051164 0.166372 -0.143684 -0.211962 0.046587 -0.095553 0.060260 -0.051019 -0.299905 0.095647 0.187958 -0.125447 0.096400 0.524903 -0.047259 -0.316447 0.206859 -0.157969 0.192121 -0.088696 0.176221
-0.262666 0.171217 -0.070110 0.029629 -0.045723 -0.104332 -0.050826 0.013393 -0.367589 0.037071 -0.029337 -0.223337 0.186295 0.073819 -0.138076 0.297870 0.296222 0.062010 0.017312 -0.100339 -0.146336 0.348065 -0.137197 -0.161356
-0.193210 0.294260 -0.020286 0.039416 -0.187150 0.169488 -0.092323 0.174312 -0.166733 0.037687 -0.004572 -0.261458 0.097353 -0.038254 -0.001263 0.275282 -0.033693 -0.043745 -0.193078 0.010641 -0.028709 0.356082 -0.165096 -0.075265
0.003043 0.201981 -0.007247 0.109329 -0.139339 -0.061560 0.224716 0.212827 -0.074953 0.094874 0.055946 -0.316046 -0.020240 -0.169524 0.087459 0.145274 -0.148744 -0.118627 -0.128933 -0.261997 -0.098978 0.289730 -0.244368 -0.218154
0.120076 -0.203091 0.089344 0.134283 -0.035155 -0.033904 0.088696 0.149271 -0.024337 -0.042640 0.011319 -0.276273 0.096631 -0.097136 0.006642 -0.053622 0.071927 -0.063472 -0.010472 -0.199603 0.058270 0.098152 0.057857 -0.176603
0.187422 -0.269333 -0.160033 -0.005781 -0.145300 0.097761 0.028410 0.195133 -0.043508 0.153117 0.038513 -0.188494 0.201656 0.003374 -0.087757 0.105971 0.153864 0.103808 0.103367 0.056558 0.196436 -0.005078 0.090429 -0.121360
0.081645 -0.355406 -0.056607 -0.041509 -0.152708 -0.115017 0.012265 0.396759 -0.173043 0.403069 -0.070260 -0.242688 0.194041 0.052294 -0.065498 0.211208 0.078539 0.085209 0.097780 0.158684 0.117304 0.187158 0.069858 0.131859
-0.000717 -0.336141 -0.004107 -0.115838 -0.111355 -0.167782 0.066827 0.390226 0.009142 0.431694 0.048711 -0.186274 0.189484 -0.023666 0.198449 0.069670 -0.122636 0.014597 -0.066011 0.063143 0.102481 0.147227 0.011061 0.319308
0.012406 -0.173290 0.051979 0.127298 -0.025593 -0.055671 0.055879 0.142560 0.017556 0.431308 0.009325 -0.248356 0.120394 0.242858 0.469691 -0.024484 0.026188 -0.089988 -0.110768 -0.042311 0.114955 0.279956 0.067548 0.565258
0.231287 -0.362200 -0.092310 0.162831 -0.090664 -0.181154 -0.293158 0.289992 -0.196142 0.456883 0.091485 -0.248550 0.234280 0.228999 0.201438 -0.036575 0.240374 0.078798 0.451976 -0.021267 0.048471 0.177814 0.215464 0.685154
0.308389 -0.547243 -0.199093 0.008920 -0.053757 -0.295973 -0.308214 0.473285 -0.269508 0.633923 0.064102 -0.151314 -0.058796 0.092996 -0.187846 -0.352253 0.163943 -0.290218 0.535352 -0.076107 -0.121051 0.146188 0.032953 0.809016
0.346951 -0.508391 -0.389425 0.163079 0.301551 -0.030595 -0.144232 0.606958 -0.179547 0.700274 0.048490 -0.427746 -0.379094 0.139392 -0.263754 -0.412210 0.010546 -0.312594 0.016234 -0.015568 0.263080 0.305049 0.181091 1.047590
-0.216009 0.731012 -0.016289 0.020704 -0.299516 0.196728 -0.051543 0.068893 0.441945 -0.093191 -0.024113 -0.197014 -0.023043 -0.210767 -0.031408 0.322914 -0.403673 0.083390 -0.496620 -0.162835 -0.587011 -0.117095 0.112675 0.373923
-0.057059 0.397819 -0.003750 -0.018843 -0.000651 -0.053777 -0.029203 0.096605 0.479347 -0.113088 0.069861 0.258463 -0.133459 -0.227836 0.142619 0.078978 -0.173623 -0.184097 -0.049152 -0.165559 -0.123228 0.221942 0.027386 0.187025
0.008486 0.000098 0.265190 0.191114 -0.092271 0.105108 -0.088566 -0.008140 0.089750 -0.314833 -0.154173 -0.031647 0.054247 -0.180560 -0.084488 0.208849 -0.135496 -0.269936 -0.088265 -0.192324 -0.079766 0.042152 -0.055236 0.060346
-0.103442 0.101739 0.161224 0.159199 0.095187 0.032310 -0.030600 -0.011333 -0.192076 -0.373381 -0.190490 -0.261872 0.039838 -0.142018 -0.082610 0.093464 -0.005065 -0.264467 -0.058114 -0.019486 -0.065044 -0.035899 -0.158941 0.160058
-0.116612 0.225622 0.220793 -0.034431 0.144995 0.089432 0.061987 0.218854 0.081281 -0.126925 -0.230558 -0.063346 -0.018242 -0.233527 0.258608 0.051160 0.058164 -0.199682 -0.038411 -0.110266 -0.271994 -0.009797 0.119708 0.125200
-0.388354 0.122799 0.068034 -0.068583 -0.087776 0.352656 -0.042814 0.141927 0.060426 -0.172303 -0.248720 0.039004 -0.091524 -0.223329 0.305188 0.043506 -0.042738 -0.030470 -0.002419 -0.178237 -0.281859 0.222267 -0.061159 0.083791
-0.257025 -0.121497 0.063317 0.057042 0.036215 0.302160 0.082245 0.314251 0.298225 -0.071982 -0.261960 -0.161312 -0.176272 -0.241184 0.236593 0.105299 -0.171580 0.134460 -0.025614 0.048056 -0.240503 0.169127 -0.092719 -0.023494
-0.161293 -0.044894 0.110758 0.125741 0.017919 0.073873 -0.060252 0.488511 0.190597 -0.019126 -0.194737 0.026818 -0.158391 -0.127282 0.057166 0.019878 -0.187853 0.101665 0.135691 0.077139 -0.295909 -0.105354 -0.131234 -0.106427
-0.331027 -0.003010 -0.088955 -0.001192 0.057018 0.123737 0.000204 0.252274 0.043963 -0.212775 -0.258802 0.192431 0.157061 -0.093745 -0.109395 -0.342518 0.039082 0.187913 -0.101171 -0.104685 -0.279950 -0.014946 -0.168689 0.038883
-0.310119 -0.161366 -0.063721 0.215621 0.341951 0.001549 0.067726 -0.048670 -0.102483 -0.277023 -0.322755 -0.009652 0.356004 0.024242 -0.139844 -0.254732 0.390656 0.298985 -0.133709 -0.066914 -0.303719 0.125610 -0.318149 0.319654
-0.296211 0.087409 -0.147275 0.137715 0.290281 -0.025848 -0.000928 -0.067763 -0.130507 0.054080 -0.183347 -0.086991 0.421881 0.269317 0.004549 -0.185210 0.156802 0.352236 -0.040738 -0.155409 -0.323083 0.028408 -0.180213 0.254088
-0.183266 0.203312 -0.062518 -0.036919 0.109190 0.039346 -0.052378 -0.163832 -0.172996 -0.014022 -0.031536 -0.039390 0.309083 0.260453 -0.070969 -0.051709 0.281757 0.268747 -0.232505 0.030737 -0.131036 0.101248 -0.048234 0.207480
-0.238930 0.193199 0.076408 -0.030224 -0.125788 -0.029617 -0.078165 -0.138836 -0.124750 -0.106271 -0.008825 0.057462 0.337743 0.225556 -0.136038 0.307333 0.421225 0.082504 -0.303535 0.273442 -0.079530 0.502905 -0.146217 -0.082163
-0.167605 0.016760 -0.132151 -0.000753 -0.100248 0.027637 -0.132378 0.108459 -0.216370 0.048215 0.136960 -0.042754 0.134703 0.255607 -0.115104 0.233747 0.337346 0.060868 -0.344380 0.026851 -0.154537 0.495804 -0.141653 -0.191310
-0.037692 0.135818 -0.035589 0.197439 -0.284394 -0.031773 -0.158407 -0.080248 -0.117942 0.019787 -0.007225 -0.173166 0.113940 0.084227 -0.078220 0.337065 0.010157 0.275523 -0.145018 0.057975 -0.075738 0.293664 -0.274710 -0.113111
-0.098108 0.106398 0.010905 -0.023424 -0.139161 -0.073001 -0.091749 0.024492 -0.055912 0.066956 0.010052 -0.157047 0.135514 -0.165841 -0.140653 0.219471 -0.218472 0.231590 -0.091759 -0.218366 -0.164454 0.220697 -0.335787 -0.084199
0.072883 -0.170177 -0.106216 0.000489 -0.294306 -0.071767 -0.033480 0.089199 0.108474 -0.146089 -0.018419 -0.244289 0.172138 -0.147271 0.036947 -0.137427 -0.045159 0.222006 0.022377 -0.017457 0.033348 0.008303 -0.278074 -0.096806
0.227211 -0.157958 0.108872 -0.031204 -0.212459 -0.212048 0.047534 0.342857 0.054199 -0.048095 -0.060036 -0.119104 0.231036 0.138794 0.018015 0.123408 0.111433 0.195417 -0.014701 -0.039176 0.106647 0.191940 -0.033501 -0.205852
0.301901 -0.135697 -0.082577 -0.094218 -0.237151 -0.212397 -0.147021 0.340877 -0.241842 0.132735 0.031523 -0.090405 0.264328 0.081164 0.038462 0.263856 0.055910 0.188720 -0.115929 -0.043633 0.126125 0.216610 -0.035563 0.213019
0.091782 -0.341182 -0.000544 -0.049459 -0.025856 -0.217851 -0.094357 0.475922 0.082486 0.375227 0.082426 -0.250922 0.213800 0.202063 0.107831 0.144906 -0.107573 -0.135706 -0.230008 0.035739 0.182808 0.178466 0.077684 0.478944
0.032005 -0.231014 0.056581 0.048332 0.025654 -0.298583 0.045078 0.385943 0.045465 0.406712 0.069199 -0.369290 0.083871 0.271935 0.411780 0.007644 -0.061551 -0.047940 0.079134 0.148850 0.142029 0.340924 0.063971 0.852044
0.176409 -0.222471 0.033102 0.074034 -0.058754 -0.337899 -0.130849 0.427262 -0.218833 0.503214 -0.030250 -0.281896 0.079426 0.364488 0.184222 -0.123337 0.145375 0.196001 0.266315 -0.122608 0.104050 0.409279 0.025163 0.672631
0.406794 -0.670370 -0.003809 0.072173 0.207880 -0.407944 -0.241961 0.609903 -0.417951 0.608159 -0.084367 -0.236834 -0.063412 0.340067 0.040895 -0.322259 0.332949 -0.062469 0.404150 -0.087601 0.025389 0.455744 0.063403 0.578228
0.530042 -0.912434 -0.221453 0.022115 0.297555 -0.308260 -0.240858 0.265508 -0.084093 0.787236 0.062827 -0.489937 -0.566079 0.163658 -0.225024 -0.725732 0.114908 -0.369173 -0.003673 0.133216 0.126611 0.361609 0.266616 1.180245
-0.007934 0.050817 0.019330 0.057857 -0.510676 0.456185 0.169043 0.239169 0.153817 -0.079530 -0.116487 -0.284359 -0.293316 -0.203049 -0.002016 0.276466 -0.475879 0.218480 -0.379965 0.131553 -0.591471 -0.112625 0.356828 0.314619
-0.014598 0.419974 -0.107957 -0.058102 -0.066110 0.095256 -0.093338 0.089020 0.167657 -0.074957 -0.121136 0.179203 -0.301117 -0.049192 0.087525 0.140204 -0.242558 -0.218190 -0.077886 -0.011257 -0.468357 0.088975 -0.204698 0.262957
0.011450 0.173044 0.113117 -0.086675 -0.212658 0.143470 -0.114320 0.060424 0.068176 -0.277259 -0.124136 0.087519 -0.017934 -0.228156 -0.191059 0.013366 -0.102428 -0.344820 -0.000965 -0.078440 -0.114671 0.165216 -0.282147 0.189646
-0.107487 0.146837 0.065019 0.068459 -0.102718 0.020123 0.152784 -0.037315 -0.002294 -0.300858 -0.105639 -0.196846 -0.045542 -0.247525 0.079241 0.241524 -0.169110 -0.308501 -0.032709 -0.070447 -0.265035 -0.116261 -0.161216 0.117923
-0.241929 0.118868 0.139566 -0.029388 0.010819 0.164234 0.232711 0.026632 -0.014645 -0.038258 -0.168203 -0.103667 0.022096 -0.137514 0.181743 0.379356 -0.019462 -0.170399 -0.132667 -0.140239 -0.258257 -0.140757 -0.105040 0.075316
-0.323923 0.144138 0.216374 -0.133029 -0.070296 0.227493 0.024737 0.095657 -0.235177 0.081290 -0.168584 -0.003357 0.042912 0.044600 0.116040 0.106921 -0.077501 -0.131275 0.026939 -0.029670 -0.181929 0.084226 -0.125941 -0.201373
-0.246380 -0.012718 0.115345 -0.023832 -0.089322 0.246287 0.046184 0.263170 0.075859 0.241989 -0.275651 0.032618 -0.290938 -0.158092 0.071620 0.239364 -0.134502 -0.156501 -0.211045 -0.003032 -0.244010 0.408525 -0.062008 -0.100550
-0.224407 -0.175608 -0.126522 0.125489 -0.011103 0.006770 0.000451 0.126500 0.116388 0.211234 -0.322733 -0.091149 -0.097529 0.014574 0.071409 0.101513 0.042975 -0.104819 0.028213 0.057475 -0.196036 0.194863 -0.090400 0.007338
-0.140705 -0.199464 0.109217 0.085769 0.127882 -0.187242 -0.029723 0.106176 -0.227806 0.025673 -0.343469 0.070130 -0.033641 0.043123 0.099184 -0.178290 0.010337 -0.065905 0.032409 0.136578 -0.290532 0.021903 -0.149835 0.295232
-0.069667 -0.162781 -0.103732 0.018386 0.167584 -0.057211 0.166269 -0.053455 -0.290889 0.046691 -0.339077 0.079244 0.410408 0.173497 0.071932 -0.357654 0.489913 0.065281 -0.057435 0.042212 -0.420510 0.018054 -0.325938 0.293685
0.027190 -0.001315 0.036030 -0.159683 0.233781 -0.103975 0.298959 -0.185618 -0.277326 0.150901 0.069532 -0.034915 0.565954 0.358577 0.035121 -0.271156 0.339179 0.253209 -0.093999 -0.143858 -0.355538 -0.038804 -0.120262 0.102020
0.039904 0.103704 0.018982 -0.016366 0.011244 -0.049968 0.000488 -0.301106 -0.282480 -0.003407 0.031158 0.072806 0.524892 0.217533 -0.182237 0.163829 0.241631 0.235145 -0.064288 -0.092665 -0.203562 0.359176 -0.016255 -0.039854
-0.205898 0.208001 0.018118 0.020224 -0.179995 0.117084 -0.112140 -0.192071 -0.129464 -0.262203 0.013299 0.219221 0.447400 0.288661 -0.251369 0.247435 0.441077 0.335456 -0.281114 0.148775 0.027720 0.306543 -0.176555 -0.177607
-0.177007 0.246521 -0.060346 0.069387 -0.149923 0.035287 -0.176543 -0.095019 0.079371 -0.178230 0.032634 0.103895 0.368643 0.399941 -0.205792 0.217610 0.386444 0.289025 -0.049839 0.318572 -0.074230 0.359301 -0.239295 -0.306154
0.024799 0.172660 -0.128616 0.057303 -0.399159 0.133774 -0.184903 -0.112495 0.073694 -0.151908 0.196545 -0.023721 0.180622 0.273135 -0.074075 0.238054 -0.075195 0.346372 -0.044882 -0.037185 -0.061596 0.263433 -0.312263 -0.168147
-0.046799 0.117778 -0.151906 0.105748 -0.270658 0.066884 -0.121681 0.054371 0.133405 -0.122382 -0.020026 -0.141731 0.218988 0.065505 -0.085075 0.128397 -0.141969 0.234761 -0.027590 0.001325 -0.117469 0.034424 -0.270896 -0.033910
0.132747 0.013390 0.199314 -0.038772 -0.130913 -0.133051 0.022423 0.108252 0.251858 -0.085774 -0.037094 -0.171744 0.078550 -0.136435 0.120589 -0.097465 -0.200909 0.282877 -0.090106 -0.109289 0.011496 0.021570 -0.322138 0.010408
0.210110 -0.164523 0.101739 -0.031038 -0.213468 -0.242538 0.050477 0.146913 0.144253 -0.131136 -0.093357 -0.064739 0.133943 0.034494 0.114380 -0.078547 0.118084 0.388762 -0.314683 -0.183047 -0.034768 0.120584 -0.172594 0.191674
0.223856 -0.119768 0.055118 -0.089466 -0.168186 -0.194213 -0.148082 0.312722 0.014007 -0.118606 -0.076821 -0.092972 0.095015 0.208730 0.030707 0.126258 0.014112 0.188855 -0.118541 -0.150109 0.117075 0.055965 -0.023640 0.211779
0.087590 -0.366130 0.105033 0.065729 -0.106288 -0.219070 -0.160321 0.471590 -0.007403 0.000398 0.031625 -0.155173 0.261107 0.069414 -0.023641 0.048206 0.043254 0.182542 0.038648 0.090197 0.127299 0.024609 0.094410 0.406543
0.169668 -0.237467 0.060153 0.017221 0.094180 -0.187300 0.008635 0.417367 0.021557 0.299140 0.019710 -0.269758 0.193307 0.279644 0.195392 0.077809 -0.070611 0.118823 0.072037 -0.009190 0.068879 0.262079 0.103670 0.674673
0.320163 -0.278554 0.087344 0.000006 0.166321 -0.279670 -0.081699 0.391629 -0.339611 0.255117 -0.089451 -0.110193 0.055123 0.401024 0.222776 -0.162019 0.034175 0.101020 0.188347 -0.148849 0.340197 0.454017 0.012170 0.660135
0.269855 -0.514645 0.080716 -0.089870 0.170796 -0.205181 -0.257457 0.372861 -0.393748 0.494291 -0.134105 -0.438980 -0.333478 0.525908 0.050383 -0.503292 0.260818 0.005058 0.216631 -0.205721 0.248695 0.299911 -0.104236 0.461969
0.276843 -0.771868 -0.046849 -0.001908 0.373986 -0.305345 -0.211409 0.186984 -0.384493 0.611389 0.071583 -0.263849 -0.412496 0.448047 -0.300000 -0.657775 0.167354 -0.251973 -0.001267 -0.030187 0.092926 0.380573 0.027563 0.840958
0.126705 -0.076876 0.160461 -0.213383 -0.353336 0.700614 -0.145130 0.296408 0.012294 -0.135701 -0.144041 -0.320783 -0.371714 -0.167218 -0.027680 0.170506 -0.114636 0.406027 -0.484359 -0.076538 -0.477537 0.096274 0.408396 0.175752
-0.072072 0.092909 0.052991 -0.084033 -0.280631 0.087182 -0.051988 0.225848 -0.045053 -0.081897 -0.108366 0.030912 -0.152433 -0.306142 -0.147356 0.091222 -0.228282 -0.269232 -0.037531 0.196032 -0.386955 0.040721 -0.032626 0.139313
-0.045575 -0.053620 0.011140 -0.202715 -0.094785 0.130532 -0.022269 0.084117 -0.105041 -0.076835 -0.259501 0.032118 -0.019662 -0.212849 -0.135896 -0.028605 -0.183298 -0.234258 -0.031945 0.077530 -0.293780 0.180644 -0.152121 0.094953
-0.075894 0.019441 0.061863 -0.231783 -0.104481 0.172136 -0.214575 0.181030 -0.173198 -0.082296 -0.236321 0.022610 -0.175726 -0.101561 -0.078368 0.250599 -0.160006 -0.188835 -0.293329 0.030340 -0.213283 0.059030 -0.199339 0.039687
-0.171458 0.062029 -0.069056 -0.146311 -0.227871 0.173063 0.150244 0.030857 -0.107810 0.040469 -0.238904 -0.032679 -0.064159 -0.087044 0.066235 0.261265 -0.034760 -0.184130 -0.265408 0.076740 -0.261831 -0.014227 -0.228558 0.091744
-0.343646 0.167583 0.034799 0.065004 -0.173949 0.215141 0.026458 0.043414 -0.107486 0.448358 -0.150234 0.025020 -0.142731 -0.073750 0.212778 0.016145 -0.088903 -0.328331 -0.119804 -0.035806 -0.156917 0.111336 -0.211314 -0.065118
-0.333475 -0.092610 -0.031654 -0.069599 -0.173649 0.157220 0.009009 0.041914 -0.096177 0.445177 -0.239345 0.101878 -0.182363 -0.085048 0.140009 0.216261 0.002780 -0.110778 -0.105433 0.060608 -0.074885 0.582262 -0.193525 -0.105726
-0.216107 -0.138254 -0.060812 0.098279 0.026106 -0.101252 0.026099 0.051529 0.032097 0.413739 -0.239170 0.087519 -0.330380 0.185375 0.007477 0.142225 0.078559 -0.145692 -0.045013 -0.024267 -0.028088 0.579145 -0.140218 0.098998
-0.071971 -0.148289 0.165741 0.030171 0.122329 -0.244114 -0.078209 0.144501 -0.107637 0.165813 -0.314673 0.190665 -0.031523 0.243126 0.082363 -0.091687 0.013650 -0.114012 0.056869 0.183271 -0.329843 0.264837 -0.070522 0.254357
-0.037036 0.053964 0.077393 -0.064322 0.253276 -0.269256 0.153334 -0.213576 -0.290513 0.292118 -0.141971 0.089775 0.269751 0.223927 -0.024244 -0.264057 0.253644 -0.088788 0.008414 0.145634 -0.234807 0.068216 -0.096909 0.230297
0.049219 -0.187485 -0.104432 0.034449 0.205331 -0.225808 0.326783 -0.226310 -0.208211 0.195467 -0.108679 0.110794 0.612910 0.329447 -0.089681 -0.080689 0.299873 0.012159 0.063026 0.090784 -0.195900 0.165984 -0.140532 0.341137
-0.006046 -0.073003 0.013430 0.085936 0.018141 -0.077092 0.155931 -0.269035 -0.172966 -0.121994 0.008126 0.003155 0.874463 0.420172 -0.010361 0.134698 0.356089 -0.054649 -0.066526 0.105992 -0.123611 0.126793 0.049833 0.032718
-0.003112 0.195445 0.054866 0.017460 0.086947 0.155770 0.053866 -0.190313 -0.139366 -0.296233 0.144877 0.081406 0.726576 0.483321 -0.131302 0.274026 0.422740 0.229192 -0.170862 0.018570 -0.091143 0.040915 0.127652 -0.132081
-0.157405 0.220474 -0.156893 0.046369 -0.211803 0.236253 0.003329 -0.073185 0.169486 -0.246744 0.199941 0.229118 0.286444 0.329503 -0.203067 0.272179 0.330091 0.425616 -0.081126 -0.025343 0.131987 0.077985 -0.020564 -0.241132
-0.096311 0.184247 -0.109741 0.024601 -0.241562 0.170592 -0.065464 -0.049030 0.303053 -0.127149 0.179133 0.206065 0.044182 0.248173 -0.212544 0.071728 0.112112 0.447407 -0.022561 0.000982 -0.034468 0.089661 -0.192584 -0.250211
-0.115703 0.388448 0.018839 0.072809 -0.257914 -0.064119 -0.070172 -0.119838 0.161247 -0.247403 0.064339 0.183498 -0.003212 -0.024632 -0.028755 0.110455 0.062714 0.389512 -0.056286 -0.207276 -0.205319 0.146373 -0.184399 -0.116461
0.004118 0.161976 0.173242 0.094507 -0.243522 -0.080095 0.026629 0.038364 0.384525 -0.096717 -0.019779 0.075851 0.061585 0.048962 -0.009605 -0.167985 -0.226897 0.253993 -0.289682 -0.175314 -0.020677 -0.065411 -0.260035 0.146538
0.074413 -0.116046 0.225068 0.030595 -0.206208 -0.005026 0.059710 0.062305 0.274334 -0.171087 -0.154658 0.003501 0.244717 -0.097216 0.131638 -0.157568 -0.198510 0.321496 -0.203919 -0.176462 -0.070085 -0.134584 0.011758 0.357141
0.118253 -0.009632 0.139447 0.072275 -0.228257 -0.156814 -0.137736 0.340279 0.159134 -0.264183 -0.081664 0.074644 0.274684 0.130110 0.113577 -0.083386 0.001900 0.298754 0.082497 -0.194323 0.092900 0.098335 -0.085143 0.065308
-0.127389 -0.200149 0.131150 0.058890 -0.180253 -0.237261 -0.075039 0.196722 0.033206 0.043441 -0.067437 -0.037194 0.279111 0.025990 0.067293 0.056267 0.073578 0.451685 0.176131 -0.223679 0.184749 0.141783 0.025859 0.143724
0.078161 -0.294906 0.122855 -0.090287 -0.004301 -0.185759 -0.168081 0.074870 -0.056647 0.010676 0.049739 -0.128489 0.105490 0.180337 -0.016922 -0.109473 0.097137 0.387123 0.276023 -0.047748 0.383483 0.184819 0.239641 0.514710
0.287597 -0.563685 -0.030076 0.039822 0.056128 -0.041771 -0.164639 0.129043 -0.023228 0.123261 0.175753 -0.346521 -0.104187 0.354685 0.229693 -0.151882 0.223895 0.221024 0.142527 -0.087874 0.345334 0.321983 0.182814 0.595778
0.275630 -0.402973 0.015656 0.054140 0.163141 -0.135728 -0.218250 0.378625 -0.417689 0.264922 -0.112694 -0.359182 -0.131116 0.499038 0.007795 -0.485529 0.268360 0.135090 0.136250 -0.403050 0.418761 0.187620 -0.051674 0.200917
0.346577 -0.453434 0.347381 0.087835 0.395566 -0.251115 -0.156646 0.475004 -0.529283 0.365921 -0.027904 -0.109021 -0.394281 0.445108 -0.211912 -0.477901 -0.049670 -0.195170 0.156311 -0.416685 0.077001 0.296702 -0.103005 0.316882
-0.065853 -0.164009 -0.085568 -0.282810 -0.330263 1.000841 0.081659 0.007155 -0.147413 -0.115998 -0.365454 -0.461668 -0.335550 -0.232021 -0.225819 0.083941 -0.283120 0.242610 -0.414483 -0.180049 -0.123698 0.237125 0.054914 0.296133
-0.069412 -0.306570 -0.097393 0.020735 -0.368049 0.147698 0.310591 0.233112 -0.192026 -0.249665 -0.365775 -0.115466 -0.207347 -0.481008 -0.083399 0.034443 -0.186563 -0.025973 -0.289750 0.116016 -0.076835 -0.037248 -0.222860 0.097882
-0.109853 -0.142712 0.054189 -0.084697 -0.258213 -0.089150 -0.083902 0.373962 -0.327402 -0.064928 -0.253279 0.059561 -0.156291 -0.378981 -0.112163 0.062058 -0.228529 -0.198257 -0.023813 0.276910 -0.260261 0.091907 -0.089383 -0.161496
0.009800 -0.031928 -0.013025 -0.270357 -0.273014 0.111536 -0.107896 0.283935 -0.311202 0.042594 -0.219994 0.009455 -0.200557 -0.249295 -0.100602 0.129033 -0.180070 -0.195392 -0.105162 -0.018156 -0.247857 0.130140 -0.147234 0.023895
-0.351243 0.131046 -0.131186 -0.066776 -0.188808 0.092135 0.091526 0.093482 0.034692 0.118650 -0.290776 -0.080200 -0.221806 -0.278386 0.053027 0.129184 -0.036307 -0.219877 -0.248254 0.063768 -0.244688 0.206087 -0.211115 0.004571
-0.394274 0.034482 -0.033934 -0.078745 -0.081548 0.040089 0.076159 0.033338 -0.119776 0.429316 -0.116671 0.104316 -0.288466 -0.107479 0.157075 0.142456 -0.024197 -0.181098 -0.146107 0.239945 -0.025025 0.198883 -0.181179 0.036419
-0.275893 -0.102219 0.034208 0.059128 -0.099874 0.154075 0.046761 0.075575 -0.147817 0.570926 -0.131094 0.219869 -0.378241 -0.023217 0.215798 -0.090151 -0.062612 -0.238103 0.056284 -0.078032 -0.143164 0.524186 -0.062225 0.000638
-0.173541 -0.127282 -0.026417 -0.023713 0.023989 -0.078118 -0.101516 0.081774 0.005295 0.544629 -0.150307 0.136784 -0.535047 0.080192 0.138402 -0.008368 0.152605 -0.094654 -0.067704 0.067687 -0.040752 0.712377 -0.247396 0.273250
-0.147538 -0.133822 0.006753 -0.109696 0.083518 -0.360749 0.018074 -0.059155 0.056627 0.409964 -0.070598 0.056209 -0.257013 0.375324 0.196705 0.004265 0.098423 -0.175291 0.085798 0.170094 0.188863 0.477165 -0.248566 0.336489
0.133443 0.033885 0.088108 0.053646 0.029953 -0.410917 0.275641 -0.082283 0.124708 0.327095 0.083221 0.000170 0.070960 0.330694 0.031888 -0.082708 -0.046948 -0.350702 0.143486 0.311697 -0.053116 0.342599 -0.014780 0.375685
0.056388 -0.090815 0.254678 -0.199715 0.013550 -0.462460 0.374613 -0.173386 -0.090128 0.150009 -0.074174 0.050682 0.418173 0.236210 0.160465 -0.058007 0.182401 -0.259081 -0.004454 0.449561 -0.226142 0.211156 -0.052499 0.141195
-0.150531 0.136373 0.197491 -0.119625 0.100073 -0.188604 0.416468 -0.141125 0.000312 0.252196 0.163938 0.067057 0.849304 0.507725 0.220117 0.116404 0.157157 -0.207538 -0.056035 0.187922 -0.084386 0.222246 0.279788 -0.103029
0.138050 0.284015 0.135792 0.035501 0.159672 0.194757 0.279222 -0.077713 0.079056 -0.063940 0.287791 0.087159 0.548610 0.520036 0.192918 0.263286 0.340492 -0.171551 -0.029513 -0.138066 0.025604 -0.021811 0.234997 -0.133399
-0.035658 0.185164 -0.043945 0.030864 -0.091671 0.338228 0.089680 -0.162947 0.174653 -0.300432 0.266970 0.264928 0.252135 0.377587 -0.134088 0.279251 0.325585 0.265931 -0.231809 -0.191417 0.167842 -0.023962 0.115683 -0.072518
-0.079547 0.346877 0.004211 0.058702 -0.043299 0.250061 0.060672 0.076769 0.322103 -0.121879 -0.061256 0.324793 0.076179 0.230730 -0.126580 0.051474 0.111896 0.293597 0.036729 -0.225088 0.075357 0.032657 0.024898 -0.260605
-0.023211 0.299161 -0.029364 0.134082 -0.227771 0.025167 -0.088345 0.073999 0.312654 -0.024777 -0.091242 0.219028 -0.063847 0.165997 -0.026095 -0.083222 0.110606 0.313495 -0.009551 -0.103601 -0.011153 -0.057314 -0.129590 0.004889
0.029504 0.190066 0.046341 0.129901 -0.181867 -0.063274 -0.078552 0.007738 0.368390 -0.108748 -0.037103 0.098575 0.096972 -0.098069 0.042614 -0.107652 -0.133175 0.060034 -0.189216 -0.361310 -0.134047 -0.081492 -0.169174 0.161785
0.215578 0.046317 0.138249 0.056412 -0.069697 0.093604 -0.133444 0.181575 0.266928 -0.215787 0.075469 -0.095192 0.090543 -0.067156 0.099233 -0.181332 -0.273728 0.262316 -0.133242 -0.158190 0.025323 -0.096849 0.065442 0.225889
0.088117 0.013840 0.044164 0.087144 -0.053076 -0.033864 -0.076025 0.325543 0.184279 -0.080675 0.052600 -0.007617 0.141341 0.029400 -0.129353 -0.128639 -0.115802 0.538252 -0.050775 -0.079635 -0.056345 0.040431 0.075144 0.209460
0.105925 -0.142346 0.133607 -0.151124 0.023792 -0.205025 -0.150046 0.217453 0.211237 -0.087875 0.098254 0.024588 0.087334 0.091285 0.189154 -0.119418 0.070181 0.482539 0.297490 -0.355098 0.208761 0.030196 -0.002318 0.013206
0.207295 -0.235975 0.239055 -0.155282 -0.000784 -0.259721 -0.251652 0.292408 0.211228 0.024153 0.106291 -0.153593 0.057462 0.071363 0.002416 -0.210920 0.096450 0.386289 0.384457 -0.196101 0.060538 0.034936 0.167193 0.187697
0.196511 -0.269894 0.126925 -0.080268 0.163763 -0.059634 -0.302554 0.137609 0.195795 -0.021246 0.072835 -0.145676 -0.031840 0.093856 0.093337 -0.090023 0.023919 0.267007 0.167417 -0.124135 0.120867 0.102247 0.210969 0.307758
0.339879 -0.139529 0.391888 -0.003692 0.281186 -0.218280 -0.348652 0.359453 -0.142789 0.119880 -0.048711 -0.118595 -0.239354 0.244118 -0.091176 -0.099586 0.083475 0.201469 0.062706 -0.297295 0.162274 0.099427 0.120729 0.092770
0.647620 -0.194331 0.638223 -0.022744 0.475108 -0.272876 -0.068217 0.580337 -0.564910 0.219420 -0.196031 -0.066174 -0.298471 0.173239 -0.287057 -0.246036 -0.193917 -0.055500 0.133978 -0.387985 0.214886 -0.023770 -0.094724 -0.050943
0.178858 0.192790 -0.066377 -0.026487 -0.089367 0.640255 0.228272 0.144884 -0.074529 -0.123791 -0.127740 -0.438981 -0.230179 -0.118372 -0.113106 -0.073918 -0.343345 -0.144708 -0.592138 -0.091097 -0.185360 0.213484 -0.041851 0.337650
-0.028836 -0.070583 -0.015970 -0.032960 -0.243545 0.359184 0.109829 0.089270 -0.196771 -0.170482 -0.364199 -0.088645 -0.229700 -0.147606 -0.028169 0.077848 0.088767 -0.027048 -0.270110 0.021661 -0.266564 0.049078 -0.069797 -0.102713
0.006457 -0.115224 -0.019172 -0.028845 -0.101733 -0.003220 0.183563 0.084608 -0.248996 -0.240685 -0.308810 0.068814 -0.236004 -0.307119 -0.102154 -0.075839 -0.074399 -0.280661 0.008294 0.231586 -0.157297 0.105069 -0.074385 -0.194962
-0.176483 0.014675 -0.120338 -0.025817 -0.192121 0.013980 -0.000804 0.126640 -0.283245 -0.080961 -0.354345 -0.212400 -0.183932 -0.314399 -0.270459 0.146596 -0.046605 -0.132171 -0.012975 0.308570 -0.023727 0.048878 -0.202117 -0.217739
-0.284900 0.097393 -0.137914 -0.123860 -0.134654 0.023901 0.042170 0.241941 -0.064820 0.023075 -0.099360 0.013358 -0.301525 -0.201504 -0.025433 0.077683 -0.119963 -0.098013 -0.113310 0.081499 -0.039455 0.310650 -0.204542 -0.181392
-0.183414 -0.136560 -0.066260 0.012376 -0.095350 0.086598 -0.048781 0.048104 -0.017822 0.307292 -0.156621 0.248902 -0.449250 -0.111947 0.154809 -0.007111 -0.024784 -0.239281 -0.122359 0.093219 0.081870 0.346354 -0.037491 0.050514
-0.170097 -0.144062 -0.143162 0.171351 -0.044524 0.040006 0.096278 0.097524 0.210744 0.435609 -0.186880 0.348686 -0.455830 -0.095726 0.188643 0.007715 0.088989 -0.155885 -0.064003 0.219486 0.007159 0.493375 -0.014342 0.110950
-0.138946 -0.242092 -0.028476 -0.038322 -0.039650 -0.232837 0.158295 0.031608 0.172395 0.432219 -0.126686 0.222105 -0.573337 0.137663 0.293089 0.000212 0.272560 -0.061460 -0.142778 0.075560 0.004029 0.765363 -0.023722 0.264681
-0.166178 -0.088831 -0.121252 -0.060344 -0.143094 -0.454786 0.038099 -0.107198 0.183964 0.345215 0.062293 0.083566 -0.395796 0.472972 0.319576 -0.014683 0.156454 -0.150204 -0.018161 0.344655 -0.003369 0.385783 -0.185101 0.336677
0.179181 0.191253 0.057145 0.055862 0.228975 -0.500425 0.300970 -0.191144 0.278610 0.205641 0.392347 0.099541 -0.182753 0.561717 0.178370 -0.310733 0.075064 -0.278603 -0.074514 0.411619 -0.022555 0.352854 -0.077826 0.188536
0.062468 0.093498 0.079685 -0.162433 0.141697 -0.245294 0.309782 -0.057950 0.236083 0.191049 0.210703 -0.065978 0.055931 0.230458 0.490845 -0.059779 -0.019808 -0.264803 -0.007371 0.342371 -0.258409 0.299662 0.238310 -0.052392
0.164344 0.036083 0.223162 -0.199081 0.033708 0.053422 0.341849 -0.126138 0.055589 0.162430 0.159253 0.078301 0.433467 0.194897 0.517105 0.158034 -0.166774 -0.385623 0.064929 0.272837 -0.023665 0.068406 0.512445 -0.153545
0.001740 0.300426 0.110856 0.083582 0.070548 0.167928 0.170917 0.059522 0.046934 0.127830 0.029884 -0.011907 0.318788 0.276833 0.382168 0.274669 -0.151417 -0.273527 -0.187445 -0.114666 -0.080521 -0.069618 0.375461 -0.132354
0.037398 0.202887 0.011822 0.094260 -0.024977 0.311710 0.007884 -0.000137 0.218605 -0.050251 0.197528 0.060274 0.466997 0.466586 0.232424 0.137580 0.039511 0.047057 -0.174860 -0.292037 0.072671 -0.076802 0.305246 -0.107618
-0.004931 0.261961 -0.123372 0.103679 -0.108565 0.388663 -0.255465 0.116262 0.285379 0.140000 0.083633 0.219028 0.105737 0.251444 0.287629 -0.177965 0.026975 0.266315 -0.133127 -0.241939 -0.064252 -0.102147 0.275910 0.058692
-0.204452 0.232593 -0.108384 0.207312 -0.048889 0.070404 -0.002217 0.307907 0.341463 0.185107 -0.134681 0.182062 0.072729 0.044184 0.246255 0.070248 0.052201 0.272556 -0.048970 -0.224359 -0.168900 -0.147284 0.139019 0.083430
-0.104178 0.274180 0.071421 0.103331 -0.148885 0.031415 -0.136521 0.148115 0.422101 0.003332 -0.003274 0.255643 -0.057803 -0.059486 0.042536 -0.044761 -0.159983 0.074534 -0.217251 -0.147054 0.034469 -0.237703 0.104195 0.038677
0.080759 -0.000055 -0.042609 0.117096 -0.033037 0.122619 -0.218511 0.229326 0.250801 -0.080823 0.051290 0.003376 -0.010535 0.060323 0.007580 -0.118095 -0.239198 0.190497 -0.226654 0.060105 -0.025417 -0.220930 0.047507 0.130807
0.211283 -0.174682 0.018541 -0.031281 -0.019741 0.031364 -0.150733 0.337243 0.011120 -0.155069 0.061904 -0.064077 -0.130207 0.066991 0.104400 -0.076338 -0.180459 0.264052 -0.007685 -0.074287 -0.057456 -0.029542 0.062283 0.048683
0.194153 -0.075238 0.098885 -0.099140 0.271455 -0.091930 -0.180235 0.471087 0.108959 0.160226 0.127197 -0.138802 -0.058672 0.064575 0.075046 -0.326812 -0.066989 0.317863 0.384394 -0.172131 0.002060 0.066292 0.211519 -0.123166
0.018871 -0.227447 0.336554 -0.052161 0.225995 -0.123239 -0.278853 0.483308 0.136656 -0.018355 0.269814 -0.017146 -0.060703 -0.133982 0.094045 -0.304050 -0.031823 0.334187 0.532952 -0.220253 -0.050867 -0.058826 0.110973 -0.150857
0.193091 -0.265396 0.257804 -0.126352 0.298297 -0.147665 -0.331967 0.327732 0.198198 -0.049456 0.176469 0.008600 0.153363 -0.003889 0.045291 -0.055109 0.014305 0.456265 0.116797 -0.218303 -0.089713 -0.030181 0.244638 -0.027014
0.326712 -0.117778 0.509332 -0.031670 0.172531 -0.007102 -0.427891 0.287952 0.036775 0.000276 -0.031358 0.093713 0.010604 0.121068 -0.078649 0.088755 -0.023503 0.217504 -0.220660 -0.341866 -0.127945 0.035776 0.049881 0.010254
0.783823 -0.199370 0.717497 -0.004217 0.366590 -0.182669 -0.200254 0.569932 -0.298064 -0.117453 -0.214721 0.136985 -0.497255 -0.065197 -0.448899 -0.021402 -0.086157 -0.159291 -0.237652 -0.285266 0.192851 0.190427 -0.342438 -0.213330
0.599615 0.302454 -0.049774 0.242967 -0.061791 0.422255 0.173295 0.155437 -0.221384 0.062578 0.101497 -0.224691 -0.372148 -0.229588 0.046726 0.216967 -0.296314 -0.203086 -0.353498 -0.087534 -0.357353 0.421615 0.125859 0.048260
0.151468 0.257941 -0.125935 -0.109796 -0.128050 0.609359 0.124141 0.106528 -0.225810 -0.090370 -0.394267 -0.139419 -0.188841 -0.314332 0.106024 0.149789 -0.029009 -0.167219 -0.206227 -0.124722 -0.177418 0.058883 -0.103687 0.113634
0.155449 -0.055764 -0.022019 0.040525 0.012567 0.264189 0.140081 0.053915 -0.263103 -0.274895 -0.501822 0.032104 -0.043347 -0.179108 0.053440 -0.031335 0.000459 -0.219582 -0.072799 0.243934 -0.157053 0.071623 -0.224522 -0.025382
-0.015765 -0.213375 -0.120735 -0.089950 -0.108540 0.112375 0.129500 0.103132 -0.233283 -0.152271 -0.418544 -0.095223 -0.006926 -0.361729 -0.099254 0.149788 -0.086211 -0.130547 -0.125287 0.119612 -0.071778 0.106014 -0.055994 -0.293998
-0.274977 0.213474 -0.204423 0.020168 -0.061909 0.200708 0.059025 -0.039176 0.022870 -0.008526 -0.165977 -0.034614 -0.134701 -0.231186 -0.173251 0.000232 -0.114389 -0.229820 -0.052321 -0.051264 -0.068317 0.248031 -0.058110 -0.317879
-0.160113 0.215056 -0.133631 0.041736 -0.193312 0.155804 0.295710 -0.044953 0.248500 0.201010 -0.140672 0.226140 -0.387413 -0.132600 -0.063908 -0.051674 -0.021540 -0.202574 -0.186899 0.064860 -0.110115 0.491236 -0.119182 -0.137268
-0.249237 -0.048244 -0.055146 0.178674 -0.154176 -0.200516 0.286998 -0.045151 0.157096 0.297962 -0.123527 0.386286 -0.446436 -0.179013 0.044841 -0.010335 0.246986 -0.104274 -0.098697 -0.026181 -0.162002 0.816080 -0.111089 0.311352
-0.182974 -0.167368 0.027168 0.282198 -0.080054 -0.283527 0.030073 -0.079257 0.240097 0.270568 0.002538 0.404469 -0.516031 0.243065 0.286012 -0.114675 0.046723 -0.234479 0.014993 0.176262 -0.042734 0.756449 -0.030022 0.260927
-0.005489 0.017845 0.131902 0.091961 0.101929 -0.327120 0.106695 -0.138682 0.193971 0.197020 0.297813 0.005370 -0.476925 0.505061 0.227068 -0.085712 0.184524 -0.059307 0.037018 0.485883 -0.021004 0.461438 0.008740 0.254465
0.003094 0.096388 0.146735 -0.145971 0.158433 -0.528926 0.253003 -0.271045 0.220713 0.149426 0.365807 -0.013039 -0.243483 0.442984 0.427502 -0.062074 0.138707 -0.022369 0.044088 0.349217 -0.137775 0.307018 -0.059644 -0.046200
0.189921 0.065884 0.173070 -0.156050 0.001535 -0.143940 0.487620 -0.205303 0.300608 0.052263 0.332531 0.142177 -0.225357 0.252228 0.603649 -0.069944 -0.093860 -0.111857 0.053233 0.367162 -0.206234 0.199883 0.090448 -0.185420
0.104590 0.128469 0.200071 -0.137504 0.017929 0.059407 0.119970 -0.133358 0.197816 -0.013467 0.269509 0.159272 0.148823 0.144819 0.578812 0.184205 -0.307734 -0.051725 0.080531 0.207673 -0.011352 0.155698 0.549998 -0.119208
0.030126 0.226417 0.130892 -0.072346 0.113494 0.483947 -0.020333 0.010109 0.140802 0.175941 0.161673 0.037437 0.225525 0.287411 0.331770 0.241949 -0.348006 -0.048876 -0.025823 -0.201416 -0.057374 0.007751 0.509132 -0.190131
0.050585 0.215126 0.066383 0.152370 -0.074195 0.553436 -0.114815 0.191070 0.085691 -0.033223 0.108015 0.043159 0.379071 0.223854 0.652810 0.079877 0.029834 -0.074201 -0.200652 -0.294971 0.000333 -0.209372 0.351880 -0.018969
-0.078156 0.170334 -0.072212 0.029279 -0.044274 0.247615 -0.237089 0.130860 -0.044864 -0.038024 -0.023339 0.110437 0.154697 0.208661 0.517099 -0.095956 0.106444 0.284465 -0.090489 -0.346291 -0.089980 -0.307188 0.413645 0.115911
-0.092284 0.303775 0.087589 0.151135 -0.177338 0.204272 -0.147136 0.114511 -0.047778 0.120630 -0.069015 0.092125 0.084681 0.052620 0.308882 0.018826 0.055995 0.327962 -0.286835 -0.218696 -0.093754 -0.201929 0.206320 0.052169
-0.121318 0.233657 -0.061320 0.219891 -0.056602 0.081120 -0.227866 0.099253 0.230012 0.052742 -0.141599 0.098355 0.099511 -0.153551 0.047673 0.195934 0.022820 0.195673 -0.257397 0.018234 -0.165979 -0.260484 0.076574 0.130784
0.113249 0.068172 0.145464 0.120287 0.024546 -0.061617 -0.203249 0.187647 0.119007 0.035282 -0.111251 -0.101496 -0.070475 -0.079410 -0.124856 0.110263 -0.045563 0.261070 0.001305 0.196253 -0.092192 -0.379869 0.146285 0.042431
0.274274 -0.103800 0.166973 -0.022044 0.161259 -0.106059 -0.184284 0.144008 -0.145180 -0.042634 0.017000 -0.163912 -0.031368 0.087969 -0.035785 -0.076774 -0.054461 0.286820 0.058248 -0.055896 -0.166081 -0.216986 0.352779 -0.095569
0.131255 -0.038069 0.132508 -0.196293 0.333093 -0.189290 -0.149213 0.305817 -0.081608 -0.043407 0.207041 -0.181412 -0.061547 -0.021288 -0.061569 -0.159347 0.010336 0.588395 0.209013 -0.071502 -0.122002 -0.126106 0.154343 -0.199001
-0.117714 -0.021952 0.161287 -0.166002 0.465057 -0.341366 -0.260954 0.521750 0.095430 0.082167 0.139003 0.073719 -0.059182 -0.284522 0.052534 -0.001693 0.002807 0.383605 0.416074 -0.112418 -0.059031 -0.063954 0.004047 -0.265695
0.062137 -0.073614 0.122197 -0.210437 0.561622 -0.119895 -0.359962 0.368899 0.168559 -0.099883 0.015206 0.093755 -0.073423 -0.293583 0.089607 0.040568 -0.012183 0.430040 0.322883 -0.271764 -0.196730 -0.044762 -0.003651 -0.261433
0.295868 -0.054372 0.340152 -0.098173 0.370660 -0.051279 -0.357113 0.477035 0.142069 -0.012060 -0.082423 0.246733 -0.153065 -0.304724 0.019867 0.017382 -0.060607 0.116523 0.036331 -0.272264 -0.196994 -0.040843 0.021026 -0.173524
0.701121 -0.370506 0.869238 0.067848 0.325417 -0.046003 -0.268871 0.646908 -0.206989 0.188703 -0.002518 0.310226 -0.374933 -0.308582 -0.332532 -0.013579 -0.347556 -0.286101 -0.379494 0.003729 -0.220526 0.218363 -0.068337 -0.417664
0.441588 0.080391 0.045193 0.496489 -0.003006 0.327633 0.095315 0.118173 -0.449667 0.168638 -0.130066 -0.089768 -0.363889 -0.373864 0.060971 -0.001892 -0.062518 -0.382208 -0.055515 0.099926 -0.181216 0.403441 0.364829 0.156389
0.279852 0.330587 -0.313453 0.166208 -0.087912 0.458524 0.102167 0.206799 -0.196908 0.029077 -0.172308 -0.126620 -0.168460 -0.208210 0.031570 -0.004205 0.036675 -0.380756 -0.143703 0.063095 -0.228609 0.066846 -0.081546 -0.055937
0.208392 0.292979 -0.057762 0.094794 0.016887 0.073590 0.311616 -0.055590 -0.256004 -0.045971 -0.471355 -0.024377 -0.083639 -0.192554 0.115950 0.029863 0.009815 -0.311869 0.084022 -0.019487 -0.329674 0.248071 -0.044905 -0.114734
0.140593 -0.004386 -0.162615 0.149175 0.126124 0.019364 0.248183 0.056577 -0.125236 -0.123803 -0.355721 0.170172 -0.100407 -0.280944 0.130143 -0.083081 -0.133890 -0.320361 -0.083297 0.001876 -0.278274 0.117703 0.061615 -0.174006
-0.168953 0.257847 -0.095751 0.090397 0.041103 0.219949 0.109147 -0.072148 0.019164 0.049666 -0.182220 -0.172656 -0.009673 -0.175083 -0.015777 -0.030447 -0.105499 -0.104266 -0.175057 0.008919 -0.196199 0.048374 0.053097 -0.314005
-0.430888 0.345054 -0.065675 0.134541 0.031107 0.206421 0.263531 0.048781 0.265156 0.017481 -0.040969 0.007585 -0.285768 -0.291851 -0.218577 -0.030433 0.133205 -0.165941 0.024571 -0.159451 0.017173 0.177028 0.012744 -0.244996
-0.263585 -0.112797 0.055222 0.225221 0.039058 -0.150647 0.231532 0.014679 0.157411 0.127048 0.119228 0.403688 -0.425119 -0.129415 -0.105841 0.077760 0.091683 -0.100268 0.095145 0.053605 0.001533 0.407327 -0.037154 0.081966
-0.104159 -0.168877 -0.017036 0.280071 0.001351 -0.342196 0.115347 -0.075091 0.364804 0.204397 0.241642 0.386130 -0.470223 0.167503 0.192962 -0.064818 0.072074 -0.157220 0.061814 0.477136 -0.108815 0.350749 -0.138550 0.253327
-0.130106 -0.040999 0.191444 0.263879 -0.048646 -0.442690 0.228537 -0.165483 0.251577 0.031605 0.418482 0.171324 -0.581618 0.382301 0.186363 -0.026302 0.201743 -0.082671 0.085043 0.708306 -0.063339 0.391562 -0.074155 0.135608
0.128720 0.017349 0.224480 0.136348 0.105423 -0.471899 0.329765 -0.130219 0.256669 -0.051026 0.588750 -0.080283 -0.412048 0.385049 0.262047 -0.073430 0.067031 0.005654 0.004043 0.715655 -0.135731 0.310061 -0.240777 -0.176772
0.304214 0.212155 0.328627 -0.093370 0.151974 -0.121681 0.511621 -0.161596 0.154344 -0.027453 0.601179 0.124498 -0.315357 0.273093 0.281830 -0.084051 -0.260345 0.066790 -0.061715 0.293807 -0.218380 0.082983 0.148669 -0.249053
0.347003 0.145608 0.200684 -0.128056 0.029672 0.433140 0.246437 -0.115932 0.370602 -0.054650 0.425390 0.165613 -0.075681 0.054542 0.502107 0.055100 -0.358535 -0.073580 -0.210914 0.076110 -0.252976 0.002748 0.440571 -0.260730
0.069527 0.208185 0.104989 0.029488 -0.035606 0.646960 -0.227034 -0.133120 0.352117 0.155204 0.192511 0.084107 0.101060 0.157093 0.629106 0.188946 -0.344938 0.123673 -0.077496 -0.288437 -0.073447 -0.061938 0.465794 -0.102973
0.165820 0.208494 -0.011383 -0.027440 -0.095341 0.425450 -0.292249 0.021327 0.174015 0.085227 0.043031 0.078850 0.242730 0.371242 0.534379 0.165854 -0.179280 0.064657 -0.072398 -0.529345 -0.151062 -0.304900 0.312853 0.014814
-0.121303 0.063542 -0.044253 0.019833 -0.115440 0.329660 -0.389048 -0.046316 -0.086428 -0.073805 0.005928 0.260089 0.067011 0.343633 0.313194 0.259813 0.000448 0.201832 -0.195667 -0.368926 -0.088540 -0.245122 0.273370 0.205044
-0.128308 0.054061 0.152766 0.137905 -0.080611 0.034372 -0.177258 0.070309 -0.226651 0.127126 -0.204052 0.274195 -0.050452 0.082177 0.259613 0.069221 -0.021439 0.456982 -0.253693 -0.093768 -0.161074 -0.159913 0.285796 0.136322
-0.132390 0.185786 -0.023769 0.092367 -0.165078 0.003330 -0.135946 0.094300 -0.103518 0.119357 -0.207102 0.029369 0.153264 0.014374 -0.078927 0.041885 0.077397 0.218988 0.062045 -0.009898 -0.134814 -0.397699 0.345717 0.053324
0.078707 0.156144 0.124543 0.260846 -0.068917 -0.032911 -0.093489 -0.114262 -0.063415 0.190901 -0.195468 -0.004419 0.023111 -0.109727 -0.076854 0.153389 0.086824 0.215456 0.197029 0.111083 0.044411 -0.316515 0.256559 -0.124977
0.014927 -0.073245 0.208210 0.100687 0.206917 -0.187039 -0.324315 -0.096608 -0.194123 -0.121907 0.078630 -0.018926 0.030275 0.079293 -0.166958 0.112275 0.043112 0.319344 0.075395 0.200979 0.011651 -0.407379 0.194782 -0.128993
-0.069353 -0.033693 0.227603 -0.122764 0.318892 -0.224808 -0.209508 0.048773 0.005848 -0.069349 0.074010 -0.212151 -0.031130 0.050795 -0.150807 0.252371 0.047560 0.385754 -0.008197 0.103496 -0.138847 -0.082155 0.371819 -0.135518
-0.013529 0.262003 0.082682 -0.124834 0.606049 -0.196185 -0.157449 0.112665 0.207243 0.110297 -0.018141 -0.116904 -0.075559 -0.230829 0.115600 0.070324 -0.068583 0.320354 0.160819 -0.045811 0.001102 0.208035 0.019140 -0.202951
-0.040839 0.220121 0.045215 0.085024 0.877334 -0.202761 -0.276043 0.356289 0.163784 -0.161935 -0.032375 0.138714 -0.022510 -0.402306 -0.156691 -0.114569 0.111940 0.433763 0.076791 -0.218738 -0.155136 0.088852 -0.151488 -0.245547
-0.043835 -0.039564 0.228103 0.045503 0.701128 0.073674 -0.403326 0.354583 0.032022 0.051401 -0.267949 0.123425 -0.122502 -0.563800 -0.131238 -0.045911 0.070870 0.106583 -0.108489 -0.145020 -0.317015 -0.023525 -0.158369 -0.459464
0.491044 -0.228223 0.594376 0.100122 0.398240 0.113898 -0.169208 0.450963 -0.166893 0.015974 -0.132325 0.285167 -0.073460 -0.506566 -0.323047 0.202788 -0.064018 -0.135692 -0.587234 -0.169006 -0.535523 0.213300 -0.045440 -0.407414
0.538051 -0.232421 -0.000568 0.303328 0.343940 0.052606 0.135076 -0.158807 -0.375133 -0.060510 -0.271726 -0.125277 -0.206210 -0.332391 -0.139319 0.015457 -0.105922 -0.358428 -0.116228 0.111733 -0.268142 0.513002 0.332353 0.040185
0.374931 0.165842 -0.254988 0.428866 -0.033408 0.203416 -0.033937 -0.100969 -0.213130 0.087919 -0.215848 -0.147810 0.058258 -0.237657 0.047355 0.122184 0.047421 -0.197438 -0.173824 0.047829 -0.297263 0.189223 0.087177 -0.154614
0.233024 0.149369 -0.366306 0.051177 0.057456 0.097928 0.314945 -0.031249 -0.268231 -0.013133 -0.355117 -0.050673 -0.078483 -0.348884 -0.010611 0.074081 0.070069 -0.439087 0.072223 0.123933 -0.110890 0.014982 -0.124036 -0.165455
0.072344 0.163273 -0.252458 0.196722 0.192604 0.242888 0.280317 -0.129964 -0.195712 0.136191 -0.309939 0.294677 -0.100698 -0.293756 -0.010526 -0.179029 0.079209 -0.211008 -0.005022 -0.028935 -0.119812 0.076250 0.009246 -0.119602
0.110104 0.160263 -0.125028 0.151248 0.238664 0.261511 0.164537 -0.334202 -0.087910 0.298431 -0.118216 0.065423 -0.083886 -0.190940 0.060925 -0.148968 -0.058530 -0.117304 -0.201809 0.034628 -0.138989 0.086399 -0.039050 -0.202950
-0.105700 0.213292 -0.089208 0.323742 0.112860 0.137376 0.165073 -0.053578 0.058174 0.109467 0.091147 -0.136846 -0.105737 -0.020815 -0.057190 -0.172118 -0.086101 -0.070499 -0.082702 -0.016911 -0.072751 0.103401 -0.170048 -0.103689
-0.172485 0.008911 0.148245 0.151753 0.012555 -0.209503 0.133034 -0.089975 0.158877 0.021883 -0.010269 0.234712 -0.181853 0.112750 -0.234831 -0.080188 0.063634 0.021281 0.054290 -0.141542 -0.112264 -0.040960 -0.130570 -0.107292
-0.296000 -0.045131 0.227168 0.276371 -0.086226 -0.238461 0.247152 -0.070370 0.321082 0.073557 0.201715 0.193498 -0.387892 -0.031040 -0.109261 -0.074350 0.336655 -0.026171 -0.009349 0.211609 -0.024707 0.065534 -0.056108 0.114226
-0.015448 -0.061345 0.158939 0.183299 -0.177694 -0.294096 0.174422 -0.174312 0.050707 -0.081283 0.493991 0.021283 -0.451258 0.285601 -0.044841 -0.077666 0.065695 -0.114702 0.055086 0.783285 -0.028922 0.263692 -0.007274 0.098050
0.146302 0.079274 0.150223 0.127947 -0.121653 -0.251182 0.159364 -0.105336 0.021455 -0.170490 0.737849 0.163504 -0.452119 0.365583 -0.021945 -0.087300 -0.134875 -0.036472 0.028925 0.848215 -0.062182 0.156876 0.026010 -0.147031
0.282805 -0.025905 0.220482 -0.039114 -0.125305 0.137467 0.106753 -0.037091 0.039368 -0.167460 0.748472 0.035669 -0.148370 0.184175 0.225185 -0.072815 -0.289402 -0.092210 0.050191 0.469667 -0.150770 0.087063 0.065055 -0.241240
0.279261 -0.045762 0.101312 -0.018980 -0.043813 0.458011 -0.012994 -0.239029 0.317590 0.080901 0.350653 -0.017812 -0.244783 0.067089 0.159178 0.032754 -0.345825 0.026694 -0.110309 0.168474 -0.204966 0.097283 0.218094 -0.231724
0.114021 0.044621 0.162797 0.000273 -0.017821 0.380238 -0.229599 -0.318636 0.155232 0.201200 0.160652 0.219074 -0.074911 0.133810 0.236243 0.195415 -0.459700 0.108893 -0.160026 -0.318322 -0.259723 0.081819 0.349534 -0.152617
0.031226 0.032268 -0.020841 -0.001783 -0.024490 0.270812 -0.247395 -0.318327 0.127519 0.097420 -0.065789 0.127866 0.132919 0.024912 0.196538 0.401395 -0.111548 0.070665 -0.163565 -0.481036 -0.151387 -0.021207 0.234006 0.049580
-0.029316 -0.083878 -0.052293 0.027709 -0.160757 0.021462 -0.364100 -0.041704 0.050718 -0.113367 -0.111319 0.302086 0.035555 0.068232 0.131195 0.244970 0.010584 0.202732 -0.254323 -0.473526 -0.061684 -0.184246 0.103594 0.122246
-0.076672 0.006689 -0.042966 0.179732 -0.123067 -0.072400 -0.175600 -0.093675 -0.112708 -0.065956 -0.115426 0.175455 -0.018860 0.117105 0.094990 0.007364 0.206888 0.337406 0.064818 -0.207918 0.025399 -0.255927 0.146312 -0.023652
-0.033235 0.175119 0.083386 0.122537 0.007052 -0.131606 -0.244555 -0.066476 -0.058884 0.043895 -0.145445 0.208877 -0.082711 0.250812 -0.061727 0.005590 0.063766 0.323130 0.128824 -0.057593 0.017686 -0.171989 0.342799 0.078453
-0.103374 0.155278 0.229176 0.219557 -0.031765 0.027937 -0.225644 -0.085286 0.084890 -0.075800 -0.217086 0.006513 0.058439 -0.026246 -0.103762 0.278694 0.064951 0.252400 0.229207 0.049521 0.064741 -0.276558 0.231009 -0.096608
0.049031 0.178634 0.053067 -0.020264 0.132429 -0.131007 -0.308697 -0.135199 0.027012 -0.200929 -0.015170 -0.094402 0.092507 -0.074341 -0.235129 0.180403 -0.070390 0.137207 0.284147 0.085271 -0.056638 -0.296331 0.045927 -0.027588
0.111757 -0.018236 0.170468 -0.041623 0.287807 -0.089962 -0.189731 -0.236332 -0.128949 0.010421 -0.066154 -0.189788 0.033868 0.062820 -0.090737 0.124926 0.132987 0.184587 -0.051605 0.037092 -0.042404 -0.073551 0.065851 -0.243550
-0.183865 0.154796 0.037303 -0.082552 0.448919 -0.042512 0.006901 -0.208526 0.141507 0.120975 0.003975 -0.116883 -0.015689 -0.156484 -0.189267 0.169887 -0.000097 0.046982 -0.133480 0.154040 -0.176128 0.297945 0.023344 -0.181818
-0.132244 0.360362 0.034460 0.092350 0.715924 -0.198853 0.052050 0.065287 0.086892 -0.224966 -0.254811 0.178126 0.079488 -0.477051 -0.222772 0.096797 0.151503 0.260256 -0.200627 0.096281 -0.043621 0.448861 -0.137326 -0.064702
-0.181394 0.087384 0.014353 -0.028718 0.687697 0.019766 -0.320160 0.188992 -0.011377 -0.247448 -0.162283 0.120614 0.061914 -0.380432 -0.194616 0.052550 0.240632 0.227279 -0.181497 0.054459 -0.058726 0.186650 -0.268475 -0.254951
-0.130969 -0.058777 -0.211270 -0.062594 0.515650 -0.021278 -0.199689 0.478608 -0.077704 0.033964 0.110590 0.051455 0.054966 -0.445587 -0.074917 0.066833 0.203248 -0.062440 -0.155939 -0.063480 -0.137953 0.114210 -0.179242 -0.268355
0.647477 -0.183374 -0.405290 0.084477 0.451028 -0.158831 -0.013653 -0.242101 -0.282321 -0.267115 -0.226853 0.022891 -0.272880 -0.201384 -0.010017 0.363374 -0.387046 -0.188013 -0.130223 -0.167091 -0.077577 0.294490 0.194110 -0.228667
0.445181 0.040437 -0.395995 0.237557 -0.146412 -0.099601 -0.014490 -0.267484 -0.266555 0.036586 -0.346564 -0.169466 0.072494 -0.283571 -0.192710 0.194790 -0.029247 -0.174240 -0.077831 0.080207 -0.151659 0.007783 -0.003365 -0.145207
0.230259 0.288295 -0.386875 0.114333 0.062288 0.099126 0.226635 -0.065604 -0.248195 -0.054635 -0.290714 -0.125920 -0.040915 -0.324478 -0.057534 -0.125617 0.041471 -0.347618 0.166762 0.115273 0.237612 0.004083 0.181178 -0.013022
0.151774 0.324255 -0.348123 0.203297 0.247267 0.100937 0.250522 -0.253525 -0.074685 0.051788 -0.384543 0.088644 -0.030672 -0.224478 0.104408 -0.050021 0.056504 -0.359735 0.028874 -0.034488 0.108132 0.073391 0.038140 0.018510
0.155632 0.181936 -0.158153 0.241906 0.248725 -0.027043 0.105511 -0.262398 -0.224175 0.306969 -0.252114 0.160077 -0.105762 -0.111547 -0.027820 -0.128578 -0.099783 -0.197186 0.034816 -0.046091 -0.114010 -0.073390 -0.048006 -0.000006
-0.147648 0.182853 -0.077573 0.264098 0.028370 0.020469 0.138382 -0.313573 -0.173024 0.193797 -0.044759 -0.001239 0.028188 0.041943 -0.124278 -0.106724 0.227617 -0.092580 -0.245590 0.256279 0.021368 -0.027171 -0.032434 0.172573
-0.131055 0.146728 0.059311 0.254529 -0.128578 -0.111142 0.134852 -0.201978 0.054592 0.088458 -0.017277 0.164714 -0.242495 0.102213 -0.176185 -0.093918 0.218594 -0.033214 0.006448 0.087154 -0.051159 -0.221504 -0.112343 -0.061426
-0.306949 -0.082583 0.083796 0.197032 -0.132722 -0.313594 0.130832 0.085467 0.201384 -0.036555 0.202371 0.152254 -0.263597 -0.004802 -0.145840 -0.052983 0.319995 0.035226 0.058978 0.239256 -0.003685 -0.103785 -0.189504 0.040320
0.094451 -0.039688 0.076648 0.052722 -0.143084 -0.312111 0.148030 0.027951 0.036708 -0.134185 0.444912 0.107739 -0.529811 0.170180 -0.209685 -0.272917 0.131405 -0.056232 0.017973 0.656059 0.193455 0.019512 -0.111375 0.070732
0.166986 -0.083992 0.064809 -0.028293 -0.042537 0.046135 0.128326 0.072493 -0.071845 -0.225335 0.468219 0.094137 -0.563291 0.155909 -0.236520 -0.243744 -0.076816 -0.016919 0.098856 0.854049 0.046454 0.017424 -0.058489 -0.009021
0.156457 -0.020701 -0.003124 -0.075324 -0.023879 0.183108 0.027812 0.207806 -0.152554 0.007812 0.463160 -0.223811 -0.244740 0.222230 -0.153869 -0.109838 -0.076651 -0.040179 0.188589 0.382303 0.072894 0.110504 -0.100130 -0.176992
0.137757 0.063410 -0.038239 -0.074959 -0.053945 0.463061 -0.028062 0.080299 0.029960 0.002933 0.373889 0.176261 -0.295836 0.178008 -0.163796 -0.132393 -0.316391 -0.142158 -0.086638 -0.132057 0.076934 -0.037568 0.168406 0.073448
0.060579 -0.045655 0.080175 -0.071809 -0.001981 0.428966 -0.225761 -0.083689 -0.097679 -0.042820 0.123751 0.339952 -0.121423 0.137574 -0.154702 0.080235 -0.445563 -0.128913 -0.129688 -0.307149 -0.058596 0.148124 0.131841 -0.066886
-0.094597 0.029757 -0.089549 -0.023760 0.015164 0.098395 -0.347142 -0.251103 0.036653 0.200319 -0.009765 0.115146 0.063052 -0.131212 0.043409 0.489588 -0.285517 -0.131334 -0.125387 -0.396241 0.069689 0.012723 0.062383 0.127987
0.011038 -0.095466 -0.030385 0.029508 -0.105300 -0.075355 -0.296653 -0.279088 0.139313 0.123285 -0.055871 0.059261 0.018037 0.151837 0.081411 0.504490 -0.036112 -0.032109 -0.030742 -0.290439 -0.044859 -0.092006 0.106491 0.205613
0.026009 -0.126639 -0.037325 -0.025609 -0.231450 -0.037240 -0.340177 -0.211615 0.011633 0.066920 0.033416 0.416112 0.038789 0.099318 -0.063463 0.298937 -0.108227 0.177117 0.020714 -0.188636 0.071186 -0.212957 0.232105 0.077684
-0.050931 -0.114271 0.060417 0.052442 -0.157517 -0.213245 -0.336110 -0.137545 0.177167 -0.154863 0.015321 0.344272 0.057265 0.103088 -0.035799 0.217886 0.166898 0.226704 0.142632 -0.186690 0.129653 0.102909 0.212537 -0.024193
-0.063402 0.161377 -0.004088 0.076949 0.027989 -0.053892 -0.227464 -0.108584 0.234738 -0.026424 0.001609 0.041031 0.115574 0.219820 -0.045250 0.218433 -0.042291 -0.018154 0.189811 -0.137717 0.105400 -0.344561 0.021493 -0.054519
0.068592 0.340208 0.065474 0.102835 0.084768 -0.009708 -0.043915 -0.279966 0.118791 -0.229596 0.061569 0.012375 0.149184 0.185027 0.071328 0.152793 0.028080 -0.034008 0.214074 0.086029 0.156136 -0.401009 0.050848 -0.126477
-0.077582 0.194882 0.129716 0.018813 0.182892 -0.087362 -0.039297 -0.332254 0.228280 -0.092754 0.067481 -0.107505 0.004575 0.231892 -0.154072 0.090551 -0.013945 -0.031362 0.088993 0.026291 0.148961 -0.021372 -0.006916 0.200320
-0.150199 -0.035288 0.021243 -0.072467 0.189258 -0.059056 -0.101838 -0.094554 0.061283 0.046944 -0.010211 -0.127420 -0.007300 -0.003411 -0.313601 0.233529 0.015093 -0.113714 -0.110870 0.081691 0.122512 0.338477 -0.096612 -0.144035
-0.025457 0.092479 -0.101509 -0.038232 0.272704 -0.055909 -0.223334 0.193684 0.313591 -0.065968 0.046500 0.053070 0.058624 -0.165503 -0.185122 0.268746 -0.061617 -0.147954 -0.424222 0.246699 -0.044362 0.321394 -0.181405 0.016441
0.032448 0.062787 -0.184435 -0.052482 0.300584 -0.080433 -0.257150 0.226943 0.121380 -0.278156 0.059942 0.018690 0.083784 -0.388346 -0.133286 0.152901 0.177285 0.111594 -0.148885 0.094645 0.058758 0.291127 -0.129541 -0.026442
-0.273320 0.078487 -0.285777 -0.210048 0.389718 -0.418897 0.051832 0.383616 0.000770 -0.160455 -0.031435 -0.250420 -0.065842 -0.308602 -0.033588 -0.128912 -0.004513 0.042608 0.007727 -0.072715 0.034494 0.123419 -0.242565 -0.121168
0.568958 0.029295 -0.464556 -0.100108 0.316274 0.160754 0.002986 -0.139552 -0.135559 -0.183462 -0.169102 -0.173008 -0.084883 -0.445827 -0.121740 -0.177804 -0.181439 -0.335621 -0.229760 -0.317317 0.038703 0.416070 -0.081912 -0.517214
0.414015 0.128112 -0.295948 0.069680 -0.022018 -0.028445 0.025477 -0.108640 -0.265242 -0.087181 -0.212041 -0.036832 -0.021082 -0.121791 -0.141268 0.037354 0.149324 -0.344070 0.100631 -0.153355 -0.091353 0.103768 0.175671 -0.123499
0.533189 0.386140 -0.331510 0.045745 0.052694 0.101033 -0.054667 -0.110581 -0.152597 0.018647 -0.299859 0.027485 0.105287 -0.153689 -0.107971 -0.004176 -0.015794 -0.301423 0.045430 0.041812 0.119866 -0.003105 0.040661 -0.072557
0.248740 0.151349 -0.450015 0.225222 0.200995 0.090266 0.142378 -0.199301 -0.061253 0.124715 -0.293270 -0.064018 0.092748 -0.160000 -0.013677 -0.110001 -0.136396 -0.348994 0.041720 -0.011970 0.136290 -0.089527 0.037828 0.045391
0.284796 0.062493 -0.334219 0.259181 0.034718 0.005192 0.158582 -0.170478 -0.161145 0.219559 -0.281514 0.069388 -0.002009 -0.109030 0.048881 -0.065690 -0.086896 -0.238634 -0.005617 -0.129875 0.135756 -0.121371 -0.018450 0.078665
0.068274 -0.008624 -0.122251 0.119899 0.032301 0.034998 0.102602 -0.311852 -0.185554 0.261202 -0.049708 0.159380 -0.052222 -0.040322 -0.134846 -0.162038 0.143035 -0.107170 -0.074536 0.118277 0.172767 -0.115176 0.079848 0.124506
-0.124299 0.083485 0.006527 0.257859 0.006870 -0.045439 -0.049344 -0.169085 -0.199435 0.019257 0.019378 0.189844 -0.271855 0.001809 -0.227884 -0.210346 0.322951 -0.142865 0.012522 0.426147 0.104146 -0.055309 -0.096324 0.209476
-0.252923 -0.127047 0.083673 -0.168675 -0.152425 -0.246666 0.057473 -0.082261 -0.128276 -0.096871 0.111098 0.319429 -0.324428 -0.093646 -0.376553 -0.271525 0.399241 0.095052 0.102758 0.370467 0.145070 0.027491 -0.126367 0.037552
0.015258 -0.157309 -0.128000 -0.098046 -0.091188 -0.126564 0.174749 0.021429 -0.011146 -0.184661 0.313246 0.052205 -0.532206 0.010091 -0.389867 -0.305406 0.339266 0.235361 0.079922 0.450773 0.205172 0.059463 -0.156404 0.055559
0.103288 0.033182 -0.066789 -0.119894 -0.135375 0.003573 0.084578 0.152387 0.031435 -0.122201 0.360472 -0.045494 -0.427553 0.153678 -0.292760 -0.194059 0.038827 -0.028664 0.021743 0.433654 0.082381 0.117969 -0.130502 -0.112282
0.098762 0.130566 -0.106878 -0.170568 -0.002607 0.269431 0.014310 0.153290 -0.185604 0.006561 0.042753 0.215206 -0.163909 0.171682 -0.257607 -0.180541 -0.258625 -0.274323 -0.003247 0.217317 0.344314 0.209661 -0.318316 -0.084514
-0.061932 0.111374 -0.127063 -0.174135 -0.040749 0.405532 -0.126367 0.134084 -0.270969 0.033437 0.121910 0.218805 -0.079087 0.155253 -0.193630 -0.150071 -0.392856 -0.280359 -0.120737 0.075964 0.249273 0.034254 -0.146715 -0.003489
-0.041073 0.152799 -0.166495 -0.179018 0.120123 0.438760 -0.275614 -0.189763 -0.026763 0.144128 0.243508 0.210093 -0.189081 0.134084 -0.170335 -0.059904 -0.304078 -0.269362 0.017111 -0.311152 0.118265 0.053569 0.004660 -0.026059
-0.067073 0.041827 -0.112652 -0.174508 0.127466 -0.027056 -0.378888 -0.287820 0.080194 0.170624 0.039935 0.141878 0.107268 0.121116 0.005500 0.357712 -0.193557 -0.202258 0.123156 -0.254163 0.052690 0.156011 0.005232 0.197425
-0.075721 -0.143414 -0.171541 -0.066081 -0.186953 -0.282093 -0.311316 -0.174115 0.022235 0.204630 -0.029701 0.148890 0.082356 0.040498 0.001519 0.537281 -0.234018 -0.140084 0.065421 -0.122590 0.126962 -0.043500 0.002007 0.111313
0.034527 -0.200625 -0.132706 -0.075409 -0.132376 -0.141278 -0.302818 -0.134675 0.067181 0.139584 0.101828 0.378908 0.172725 0.150348 -0.020455 0.270144 -0.132389 -0.225380 0.062464 -0.112393 0.154921 -0.171845 0.148839 -0.034308
0.033821 -0.214717 -0.038906 0.104632 0.042051 -0.197967 -0.245841 -0.171841 0.171472 0.112192 0.003198 0.263978 0.128924 0.164899 -0.013974 0.086937 -0.003190 -0.203488 0.101859 -0.111482 0.157952 -0.234589 0.008559 -0.173623
0.023935 0.048506 -0.037580 0.048866 0.047063 -0.099485 -0.143155 0.024102 0.106420 0.103420 0.105844 0.055262 0.123092 0.205395 0.059573 0.155650 -0.009904 -0.215144 0.150093 -0.214782 0.094279 -0.259318 -0.082798 -0.171356
0.032974 0.423549 0.197438 0.082909 0.133086 0.017117 -0.141044 -0.165057 0.255508 -0.106300 0.194487 -0.128558 0.113579 0.103328 0.054409 0.142419 -0.033000 -0.272174 0.016487 -0.143263 0.212146 -0.301276 -0.118914 -0.229399
-0.010157 0.337618 0.164813 0.063355 0.113980 0.035551 -0.113694 -0.198712 0.136098 -0.158912 0.093008 -0.053914 0.021000 0.177716 -0.022980 0.116657 0.054649 -0.148489 0.143291 -0.192056 0.310070 -0.044578 0.022330 -0.006655
-0.117222 -0.174485 0.022279 -0.088925 0.010083 0.110741 -0.210486 -0.219780 0.179754 -0.067306 0.116255 0.019334 0.130742 0.143037 -0.101763 0.288905 -0.144726 0.046453 -0.177244 -0.027503 0.063681 0.036316 -0.007088 -0.114021
-0.088100 -0.155480 -0.004520 0.019059 0.027148 -0.054943 -0.201123 0.109384 0.206072 0.054362 0.029225 -0.045674 -0.042598 -0.229288 -0.197815 0.309037 -0.189726 -0.008291 -0.322829 0.126722 0.120118 0.278530 -0.089224 0.029407
0.035697 -0.217090 -0.052582 -0.107914 0.098142 -0.264865 -0.114472 0.006385 0.095217 -0.082830 0.061686 -0.059029 -0.045934 -0.290439 -0.190059 0.291599 -0.129967 0.107093 -0.181767 0.121686 0.131976 0.317660 -0.190834 -0.190411
-0.046909 0.072697 -0.036450 -0.238538 0.253257 -0.334611 0.113803 0.284947 0.142004 -0.016641 0.223379 -0.158610 0.046073 -0.072272 0.170771 0.008832 -0.056095 0.116961 0.246958 -0.120678 0.222514 0.300344 -0.035434 -0.043070
0.831132 0.142155 -0.391651 -0.095354 0.302936 0.386797 -0.056816 0.445121 -0.034442 -0.043136 -0.169718 -0.376635 -0.460370 0.007238 -0.150881 -0.198397 0.133865 -0.466330 -0.052905 -0.165363 -0.032028 0.319061 0.202665 -0.327715
0.288861 0.216360 -0.291943 0.090757 0.056407 0.106442 -0.120269 -0.063008 -0.158634 -0.136731 -0.210818 -0.080277 -0.157529 -0.212073 -0.084120 -0.054537 0.073531 -0.198180 -0.058065 -0.097212 -0.098104 0.171460 0.081542 -0.208764
0.539791 0.243765 -0.438761 0.049851 -0.076056 0.053214 -0.043447 -0.284032 -0.150687 0.045033 -0.198441 0.074962 0.109169 -0.102034 -0.187832 -0.091629 0.016916 -0.221009 0.134655 -0.007668 0.109279 -0.084842 0.089028 -0.038903
0.454467 0.228941 -0.397149 0.054257 0.137931 0.134051 0.039751 -0.291775 -0.152538 0.177459 -0.190658 -0.028974 0.070347 -0.055943 -0.034770 -0.165272 -0.088308 -0.346418 0.102472 0.062211 0.202606 -0.207463 0.120502 0.200922
0.195221 0.078632 -0.146440 0.039970 0.126409 0.103727 0.145283 -0.287989 0.003461 0.139805 -0.349997 0.155987 -0.054490 -0.166370 0.144774 -0.147878 -0.297180 -0.308162 0.075386 0.060835 0.278226 -0.148088 0.072897 0.136330
0.069388 0.025261 -0.130666 0.105948 -0.015383 0.013246 -0.042556 -0.275207 -0.256004 0.124863 -0.139598 0.049033 -0.018415 0.043600 0.107214 -0.098579 -0.027668 -0.163067 -0.028117 0.284863 0.138932 -0.283638 -0.023697 0.263616
-0.115104 0.061025 -0.155525 0.113231 -0.209783 -0.176990 -0.003571 -0.245943 -0.439771 -0.036785 -0.182708 0.059010 -0.431818 -0.047770 -0.165763 -0.125748 0.205073 -0.201608 -0.033537 0.507464 0.241131 -0.293540 -0.026089 0.395248
-0.054156 -0.058207 -0.033495 -0.135703 -0.175135 -0.015324 0.028611 -0.126389 -0.151114 -0.169846 0.127570 0.288008 -0.305041 -0.124672 -0.210491 -0.168284 0.175398 0.016830 0.031202 0.434328 0.271700 -0.083174 0.030409 0.106021
-0.014055 -0.107873 -0.031187 -0.221301 -0.044122 0.036398 -0.054826 -0.050419 -0.064391 -0.252118 0.113232 0.227193 -0.414235 0.101611 -0.106654 -0.202953 0.167891 0.152223 0.115714 0.579178 0.277432 0.137379 0.034665 0.082400
0.214481 -0.162831 -0.175898 -0.349392 -0.051808 0.071622 -0.148399 0.127693 -0.116884 -0.003018 0.150261 0.081882 -0.412697 0.173801 -0.141753 -0.224843 -0.088732 -0.055349 0.081084 0.561374 0.210382 0.411124 -0.057574 0.171275
0.042646 0.048912 -0.188917 -0.254677 0.178710 0.007602 0.082070 0.196427 -0.128824 0.062528 0.007503 0.191933 -0.319795 0.058420 -0.186114 -0.131165 -0.407607 -0.352554 0.171277 0.221212 0.335853 0.311255 -0.201140 0.101457
0.039418 0.124970 -0.142695 -0.147011 0.121539 0.153289 -0.009810 0.041460 -0.267640 0.096117 0.160478 0.192105 0.064784 0.019578 -0.057786 -0.268760 -0.320707 -0.209214 0.224997 0.150404 0.268899 0.205112 -0.135989 -0.033232
-0.094515 0.245122 -0.169854 -0.172576 0.017321 0.378728 -0.269468 -0.068413 -0.173610 0.147643 0.104268 0.089178 0.012013 0.177818 -0.097435 -0.139927 -0.238235 -0.315645 0.114006 -0.208691 0.275104 0.263739 -0.110971 -0.179310
-0.135250 0.064505 -0.048013 -0.250247 0.084999 0.079832 -0.186307 -0.291388 -0.018541 0.130340 0.079875 0.067787 0.027669 0.156710 -0.017627 0.001539 -0.091794 -0.260477 0.092045 -0.219639 0.374067 0.202219 -0.057164 0.031646
0.231932 -0.076269 -0.060990 -0.357242 0.184312 0.095523 -0.254187 -0.221927 0.078693 0.186959 0.006960 0.138608 0.254432 0.205095 0.086008 0.185307 -0.045202 -0.336627 0.182233 -0.056856 0.115077 0.156071 -0.065963 0.227450
0.206645 -0.112949 -0.220055 0.007865 -0.020932 -0.109062 -0.275159 -0.133857 0.156252 0.087806 0.162357 0.248461 0.188961 0.225171 0.056498 0.051738 -0.039995 -0.315296 0.084132 0.070501 0.119035 -0.115155 0.009866 -0.032154
-0.003244 -0.162839 -0.046634 -0.031269 0.126496 -0.019209 -0.189345 -0.370526 -0.182659 0.250489 0.216316 0.427709 0.208396 0.295684 0.088772 0.168975 -0.029596 -0.268165 -0.003539 0.018150 0.081176 0.039578 -0.066693 -0.121837
-0.004262 -0.050109 0.063000 -0.016537 0.035484 0.128205 -0.122201 -0.127811 0.079055 0.216044 0.115390 0.034052 0.391435 0.297541 0.072669 0.326558 -0.027806 -0.244199 0.114458 0.021736 0.187346 -0.002485 -0.271344 -0.173558
0.170328 0.204394 0.002977 0.040420 0.207283 0.200166 -0.187967 -0.095089 0.099273 0.104236 0.223108 -0.013210 0.074869 0.212733 0.060079 0.459807 0.015892 -0.193241 0.161779 -0.144601 0.159201 -0.177431 -0.126431 -0.187374
0.110237 0.241874 -0.037630 0.047427 0.030090 0.027448 -0.114795 -0.175360 0.139452 -0.039297 0.056155 -0.140106 0.192401 0.164036 -0.145111 0.274916 0.078212 -0.004652 0.008394 -0.068037 0.282933 -0.187485 -0.036385 -0.094929
-0.017903 -0.001877 -0.016618 0.005243 -0.166391 0.039969 -0.190410 -0.054655 0.247395 0.026396 -0.025354 0.013841 0.188506 0.120600 -0.256841 0.124961 -0.039246 0.124311 -0.017940 0.036903 0.308635 -0.158103 -0.050066 0.035535
0.025416 -0.169852 0.112250 -0.089676 0.004536 0.030798 -0.079641 -0.153336 0.110975 0.081339 0.057616 0.007631 0.011297 0.131109 -0.252096 0.161083 -0.208401 -0.005312 -0.150639 -0.023918 0.202298 0.209268 -0.073419 0.053344
0.071403 -0.170756 0.025676 -0.113198 0.127771 -0.139564 -0.055581 -0.137977 -0.014402 0.202612 0.134213 -0.011914 -0.045512 -0.160112 -0.045180 0.237492 -0.197281 -0.146972 -0.311412 -0.141377 0.207445 0.292546 0.055152 -0.172915
-0.210364 -0.041312 -0.014904 -0.171689 0.139851 -0.124969 0.010610 -0.061199 0.071342 0.004090 0.295100 -0.087388 0.077736 -0.243953 -0.015060 0.091008 -0.007716 0.367831 0.135636 -0.312479 0.540249 0.213112 0.186152 -0.001415
0.996769 0.095867 -0.467246 0.001028 0.357570 -0.159893 0.112925 0.490390 -0.225699 -0.084637 -0.232326 -0.221893 -0.484426 0.141794 -0.127829 0.174388 0.513828 -0.111317 -0.121141 -0.183864 0.274776 0.206322 0.488381 -0.003443
0.267463 0.322504 -0.252557 0.088830 -0.018424 0.091475 0.006542 -0.003831 -0.129385 -0.303493 -0.372550 -0.122569 -0.143669 -0.042180 -0.184372 0.040875 0.269335 -0.090144 -0.090761 -0.250598 -0.013520 0.211347 0.369978 -0.137505
0.445425 0.327427 -0.277903 0.015581 -0.020215 0.232033 -0.008972 -0.113537 -0.119668 0.128650 -0.209408 0.122230 -0.099230 0.027137 -0.116050 -0.240234 0.180624 -0.222531 0.161917 -0.018551 -0.045909 -0.086766 0.169040 0.033380
0.538489 0.225914 -0.248701 -0.050741 0.034888 0.232351 0.092036 -0.081779 0.054963 0.134139 -0.137969 0.252020 -0.055843 -0.009096 -0.049158 -0.276060 -0.007993 -0.246792 0.128326 -0.041694 0.195724 -0.164600 0.037619 -0.022511
0.313129 0.092269 -0.342636 -0.029411 -0.044970 0.193750 0.083154 -0.110890 -0.107060 0.173180 0.041816 0.035998 -0.082967 -0.027422 0.090053 -0.337316 -0.304834 -0.166579 0.094351 0.130743 0.122860 -0.172603 -0.024640 0.101484
0.116458 -0.006517 -0.143310 -0.001384 0.004289 0.012346 0.071376 -0.284633 -0.179465 -0.066143 -0.095875 0.133714 -0.077332 -0.029209 0.009192 -0.128424 -0.200417 0.035851 0.068320 0.237891 0.209679 -0.239209 -0.019735 0.187635
0.031410 -0.002864 -0.170182 -0.039810 -0.133613 -0.125391 0.060954 -0.309971 -0.242616 -0.137676 -0.132861 -0.014550 -0.150464 -0.212793 0.057844 -0.111715 0.064828 -0.089090 -0.008479 0.206990 0.114167 -0.336299 0.241357 0.161445
0.116047 -0.007185 0.050134 -0.033159 -0.084925 0.098565 0.055994 -0.211608 -0.237226 -0.282906 -0.081105 0.239313 -0.302129 -0.177106 0.028367 -0.136917 0.053829 0.103414 -0.059649 0.205627 0.202409 -0.331739 0.339484 0.118248
0.007320 -0.074865 -0.097263 -0.280576 -0.142640 0.061790 -0.109695 0.028646 -0.143058 -0.198394 0.094103 0.359963 -0.287509 -0.062890 -0.208108 -0.199630 -0.054739 0.143314 0.199775 0.208396 0.347683 0.019910 0.144173 0.269801
0.019197 -0.100798 -0.245676 -0.180105 0.027716 0.245768 -0.207112 0.103840 -0.158731 -0.142640 0.199320 0.173497 -0.307779 0.147214 -0.213358 -0.235616 -0.196237 -0.050759 0.050636 0.304066 0.362775 0.352374 0.172092 0.217397
0.035070 0.052900 -0.231610 -0.097067 0.065052 0.184177 -0.013185 0.004470 -0.046361 -0.035602 0.011620 0.116135 -0.289047 -0.090574 -0.096808 -0.287907 -0.368409 -0.228049 0.108482 0.205143 0.306982 0.267737 -0.189781 0.007203
0.006704 0.066139 -0.130458 -0.269377 0.082856 0.315006 -0.063425 -0.104510 0.025526 0.086651 -0.140925 0.186775 0.058887 -0.021722 0.018373 -0.097955 -0.264463 -0.211745 0.123061 0.144421 0.424319 0.200148 -0.408761 -0.024602
-0.195418 -0.084893 -0.074409 -0.207284 0.109288 0.087817 -0.219947 -0.213441 -0.084660 0.016319 0.013439 0.050240 0.104518 -0.104037 0.032489 -0.134110 -0.246653 -0.255798 0.149768 0.051194 0.293677 0.188734 -0.299889 -0.097344
-0.022611 0.006964 -0.058611 -0.232375 0.170620 0.183763 -0.109598 -0.292523 0.160885 -0.021293 0.056625 -0.068368 0.028187 0.058510 0.081104 -0.046977 0.059822 -0.285718 0.316743 -0.036840 0.325601 0.218738 -0.055615 -0.153790
0.152631 0.072329 -0.113676 -0.257354 0.040514 0.099840 -0.136466 -0.114789 0.107560 0.050522 0.221156 0.118591 0.148700 0.309999 0.269863 -0.046133 0.121001 -0.289682 0.378661 -0.112317 0.296590 0.173261 -0.033509 0.110559
0.147775 -0.064545 -0.019354 0.017955 0.035476 -0.015180 -0.270911 -0.186954 0.115139 0.168818 0.131866 0.182407 0.128670 0.242142 0.230873 -0.034561 -0.023911 -0.262362 0.106850 -0.101556 0.105603 0.263095 -0.275300 -0.100759
0.109181 -0.213807 0.042543 -0.006386 0.041935 0.100103 -0.089547 -0.174238 -0.198958 0.188113 -0.002906 0.173385 0.250125 0.106894 0.094449 0.000941 0.163030 -0.280689 0.154729 -0.035139 0.052852 0.250622 -0.272067 -0.101000
-0.059910 -0.078828 0.109297 0.056437 0.143833 0.053326 -0.042169 -0.315807 -0.222466 0.098009 0.122197 0.100215 0.199290 0.221909 0.064296 0.235112 0.093982 -0.184265 0.186257 0.017942 0.188131 0.208071 -0.281946 -0.020914
-0.009164 0.061800 0.102398 -0.006712 0.045561 0.007316 -0.026230 -0.176635 -0.084736 0.140011 -0.046584 -0.092004 0.211045 0.004621 0.076534 0.617217 0.177373 -0.147567 0.111881 -0.074304 0.064163 0.043747 -0.117523 -0.028832
-0.119859 0.384514 0.029154 -0.053706 0.078514 0.030439 -0.041638 -0.123044 0.136879 -0.000621 0.043551 -0.041742 0.037366 0.112338 -0.243612 0.312509 0.167369 0.050080 0.030599 -0.202118 0.094558 -0.110586 -0.039363 -0.121457
-0.089688 0.225435 0.059843 0.047712 -0.071866 0.143806 -0.074527 -0.129963 0.264901 0.054733 0.156754 0.019532 -0.006160 0.374296 -0.341098 0.176867 0.040092 0.006133 0.265558 -0.321703 0.141875 -0.122676 0.108517 0.169206
0.094627 -0.087109 0.010696 -0.159874 -0.208763 -0.100372 -0.135165 -0.154629 0.180106 0.061338 0.104377 0.058110 0.020863 0.293190 -0.222690 0.069879 -0.128560 -0.102975 0.056816 -0.104782 0.158356 -0.083059 0.098966 0.260514
-0.165517 -0.243983 0.070971 -0.203648 -0.160927 -0.015293 -0.068315 -0.252521 -0.276021 0.136719 -0.140336 -0.118732 0.126577 -0.012650 -0.114806 0.124029 -0.212103 0.120317 -0.137283 -0.256155 0.287075 0.008747 0.056481 -0.000149
-0.145135 -0.164169 0.240252 -0.229979 0.105973 0.160317 0.077007 -0.562562 -0.734043 -0.006276 -0.283312 -0.108108 0.138430 -0.322867 -0.198345 0.212573 0.099900 0.314827 -0.076854 -0.183029 0.556485 0.537213 0.070332 -0.116253
0.977962 0.022715 -0.373232 -0.108287 0.743703 -0.289072 0.373832 0.850546 -0.110847 0.075971 -0.258323 -0.316590 0.045671 0.278097 -0.026214 0.107551 0.537178 0.072113 -0.164326 0.282588 0.026944 0.341875 0.992834 0.253476
0.694526 0.076881 -0.274865 0.034049 0.526033 0.130350 -0.043651 0.406487 -0.198554 -0.111567 -0.139988 -0.102161 -0.291901 0.167440 -0.134773 -0.065613 0.239652 -0.002223 0.219814 -0.151928 -0.243979 0.069085 0.433974 -0.177527
0.261133 0.035706 -0.173710 0.263444 0.029035 -0.033787 0.105744 -0.035940 -0.110917 -0.015395 -0.167695 0.021404 -0.289261 0.137462 -0.286808 0.021961 0.284487 -0.044717 0.311235 0.071386 0.006517 -0.084228 0.272600 -0.089543
0.431609 0.090012 -0.225887 0.182516 -0.119549 0.226254 0.036855 -0.131882 -0.018812 0.021377 -0.051917 0.113728 -0.109638 0.304090 -0.069542 -0.146571 0.147618 0.153147 0.034473 0.048481 0.203594 -0.150629 0.272184 0.122486
0.274424 0.079000 -0.193728 0.074731 0.027077 0.306551 0.098658 -0.136991 -0.247580 0.221881 0.007005 -0.109836 -0.105083 -0.020740 -0.157715 -0.179113 -0.048779 -0.040562 0.045905 0.161071 0.118592 -0.019641 0.013437 0.160704
0.208721 -0.067832 -0.140727 -0.084331 0.090621 0.156023 -0.061931 -0.229381 -0.092476 -0.161537 -0.131414 -0.030180 -0.233191 0.050962 -0.124912 -0.022516 -0.202363 0.190806 0.038796 0.348280 0.153035 -0.184673 -0.095662 0.108286
0.184291 0.141507 0.068184 -0.101528 -0.030905 0.027736 0.025526 -0.240930 -0.180757 -0.192176 -0.260386 0.209187 -0.162995 0.053941 0.022043 -0.093349 -0.237818 0.021950 0.023901 0.094094 0.178841 -0.233048 0.086476 0.028087
0.180584 0.138160 -0.065434 -0.035124 -0.048214 0.094314 0.049338 -0.259152 -0.252605 -0.118567 -0.284280 0.210775 -0.174920 -0.141004 -0.038329 -0.091721 -0.121582 0.001129 0.104323 0.063870 0.033585 -0.312063 0.359392 0.051698
0.302342 -0.102436 -0.132962 -0.181595 -0.094543 0.049240 -0.013102 -0.136292 -0.079873 -0.326265 0.028625 0.265519 -0.189852 0.047096 -0.112824 -0.218680 -0.149750 -0.012102 0.111291 0.057603 0.142471 -0.331068 0.371455 0.281384
0.145883 -0.051879 -0.048200 -0.209179 0.024537 0.229345 -0.011888 0.024649 -0.109157 -0.242385 0.036598 0.355023 -0.206885 -0.008918 -0.089156 -0.127218 -0.337333 0.118241 0.170311 0.052694 0.343405 -0.027210 0.269469 0.346486
0.076166 -0.063550 -0.098641 -0.236792 -0.008877 0.226684 -0.023888 -0.086911 0.071908 -0.050730 0.021061 0.264801 -0.339255 0.101599 0.007250 0.024093 -0.272889 -0.032719 0.181198 0.187985 0.353388 0.157719 0.022358 0.187354
0.012504 -0.168095 -0.111325 -0.202218 0.037991 0.270045 -0.169873 -0.258307 0.026461 0.107032 0.066187 0.225423 -0.072554 -0.026991 0.029211 -0.161806 -0.379344 -0.260012 0.364116 0.251514 0.353181 0.052794 -0.174303 0.144783
0.012435 -0.174412 0.028292 -0.107973 0.133889 0.015489 -0.233096 -0.225284 0.104457 0.181425 0.053476 0.079467 0.135722 -0.264633 0.045366 -0.167592 -0.137734 -0.174169 0.272004 0.187106 0.274448 -0.124183 -0.167765 -0.030574
-0.050383 -0.081596 -0.120930 -0.231638 0.082059 0.073084 -0.135335 -0.063300 0.097919 -0.011707 0.072803 -0.103039 -0.025805 0.014890 0.095543 -0.238592 0.082619 -0.096500 0.382241 -0.067144 0.245159 -0.103382 -0.142285 -0.188710
-0.030828 0.134129 -0.097958 -0.142343 0.095503 0.004499 0.035436 -0.187876 0.077042 -0.135110 0.127037 -0.225918 -0.041675 0.174507 0.288265 -0.075992 0.042170 -0.142621 0.210844 -0.220108 0.198304 0.165668 -0.333874 -0.087217
0.104533 0.116783 0.276915 -0.143000 0.128005 0.134094 0.052109 -0.295293 0.228327 0.037226 0.149493 0.006542 0.101127 0.007180 0.342266 -0.013788 0.109362 -0.229810 0.262113 -0.152656 0.124671 0.331516 -0.227062 -0.075269
0.019397 -0.026528 0.163543 -0.007704 0.275440 0.020457 -0.052011 -0.303808 -0.058422 0.010437 0.022619 0.094149 -0.096716 -0.037494 0.104591 -0.103149 0.098676 -0.279548 0.197461 -0.002442 0.049137 0.440374 -0.218004 -0.091603
-0.055118 -0.303913 0.208579 0.205309 0.212691 -0.026382 0.014866 -0.218312 -0.022785 0.115989 -0.043996 0.154022 0.145867 -0.007519 0.040164 0.015273 0.090587 -0.211006 0.324070 0.136300 0.198728 0.251905 -0.515295 -0.125927
-0.037938 -0.107104 0.172540 0.031902 -0.006296 -0.105829 -0.015834 -0.163702 -0.107276 0.149456 -0.034291 0.014213 0.161311 0.011636 0.043224 0.281622 0.390212 -0.121036 0.248157 0.140294 0.009073 0.230969 -0.228310 0.063464
-0.100819 0.211529 -0.042738 -0.003950 -0.030524 0.226464 -0.014362 -0.228611 0.264314 0.092898 0.049387 0.000329 0.065098 0.261304 -0.044140 0.359864 0.391743 -0.019103 0.128901 -0.112548 -0.015205 0.200831 -0.010286 0.045108
-0.084201 0.282117 -0.061637 -0.083430 -0.164459 0.147581 0.063015 -0.154389 0.292554 0.132656 0.104015 -0.083348 -0.095477 0.350022 -0.186221 0.282715 0.333961 0.028504 0.149352 -0.215175 0.271686 0.034869 0.194671 0.252293
-0.165094 0.060941 -0.097691 -0.415443 -0.186751 0.186532 -0.163245 -0.118261 0.185780 0.018575 0.146763 -0.079641 0.229114 0.351787 -0.295654 -0.031172 -0.078180 0.208786 0.214668 -0.130925 0.287031 -0.240380 -0.014321 0.196618
-0.042318 0.020693 0.048938 -0.283556 -0.148966 0.183182 -0.073226 -0.203713 -0.233206 0.070774 -0.149022 -0.193339 0.190936 0.230008 -0.228565 0.094399 -0.009202 0.024715 0.108005 -0.251387 0.132774 -0.120300 0.083173 -0.116715
0.442771 -0.095325 0.331799 -0.279018 0.482010 0.316822 0.061404 -0.383860 -0.697861 0.038981 -0.300195 -0.377765 0.053379 -0.172199 -0.329547 0.193643 -0.113803 -0.317284 0.077418 -0.251991 0.087942 0.131614 0.192018 0.000031
0.613672 0.201885 -0.071261 -0.188820 0.891460 0.019008 -0.035971 1.002853 0.205103 0.419634 0.349935 -0.166862 -0.170882 -0.090943 -0.177224 -0.275980 0.182085 -0.296727 0.233630 0.548445 0.121279 0.371060 0.146409 0.197195
0.722717 0.016849 -0.239844 0.094378 0.604894 0.019199 0.051547 0.522835 -0.104222 0.000453 -0.159259 -0.270624 -0.176986 0.195982 -0.147556 -0.285106 0.291821 0.041607 0.308382 -0.012699 -0.122977 0.162426 0.427400 -0.005658
0.425490 0.132006 -0.175799 0.028790 0.034448 0.002727 0.151599 0.146729 0.004435 -0.120420 -0.015667 0.110984 -0.224880 0.387488 -0.264841 -0.037563 0.211196 0.193584 0.133810 0.004036 -0.093036 -0.018763 0.510360 0.205248
0.530658 0.044692 -0.151396 0.032302 -0.053475 0.091371 0.094371 -0.181968 -0.009770 -0.106473 -0.020781 0.092353 -0.286927 0.337355 -0.104243 -0.067382 0.175410 0.189297 0.223768 0.082093 0.094007 -0.282848 0.529492 0.088735
0.424956 -0.035295 -0.100184 -0.151808 0.107748 -0.109487 0.150274 -0.173925 -0.164847 -0.045688 -0.053654 -0.021112 -0.188369 0.125607 -0.305666 -0.067955 0.070668 0.149241 0.048077 0.289163 0.037239 -0.174332 0.178130 0.031552
0.250872 -0.046338 -0.178712 -0.086272 0.067525 0.016038 -0.058199 -0.047638 -0.184741 -0.062486 0.002456 -0.136009 -0.249429 0.096193 -0.088485 -0.139195 0.123502 0.147792 -0.036328 0.072193 0.095167 -0.124577 -0.021390 0.142157
0.228295 0.215153 -0.082039 -0.193735 -0.030487 0.209284 0.004428 -0.046248 -0.192186 -0.216203 -0.243808 0.116601 -0.276228 0.171659 -0.062097 -0.101294 0.002960 0.288424 0.302640 0.075174 0.105434 0.026902 -0.030405 0.300295
0.331401 0.087694 -0.118201 -0.176657 0.026285 0.107670 0.040790 -0.189690 -0.053919 -0.265376 -0.411990 0.145405 -0.124708 0.018590 0.077587 -0.054056 0.011980 0.117432 0.153560 0.028630 0.090992 -0.074919 0.249807 -0.058002
0.285051 0.124448 -0.121596 -0.022956 0.062513 0.172060 0.042908 -0.206915 0.212038 -0.272640 -0.251259 0.347485 -0.177536 -0.088840 -0.015950 -0.123865 -0.299159 -0.093629 0.032586 0.097082 0.098712 -0.329152 0.315403 0.148931
0.094653 -0.053568 -0.180594 -0.047592 -0.002350 0.175319 -0.048333 -0.064117 0.177626 -0.154125 -0.078873 0.312587 -0.203207 0.180968 -0.063821 -0.229567 -0.248625 0.035695 0.212272 -0.008353 -0.037064 -0.262892 0.366090 0.225227
0.036298 0.026931 -0.090825 -0.120824 -0.162356 0.160764 -0.141046 -0.051647 -0.023182 -0.159136 0.004314 0.300550 -0.300102 0.030554 0.000254 -0.114407 -0.346918 0.011396 0.193949 -0.015465 0.111316 -0.135381 0.349873 0.074150
-0.009937 -0.137149 -0.275482 -0.018257 0.048707 0.113898 -0.063420 -0.094919 0.139243 0.056670 -0.075153 0.209302 -0.095944 -0.169572 -0.172271 0.072729 -0.239726 -0.192557 0.387014 0.230859 0.177529 0.044893 0.023848 0.039572
-0.101525 -0.136612 -0.092733 -0.146557 -0.064021 0.201001 -0.113252 -0.137912 0.034521 0.018413 -0.026200 0.080331 -0.039051 -0.072384 -0.024732 -0.061688 0.026710 0.007026 0.261535 0.182438 0.239617 -0.011601 -0.200458 0.096108
-0.160263 -0.000173 -0.046027 -0.075496 -0.040311 -0.023607 -0.120828 -0.060159 0.121941 -0.087699 0.180163 -0.100840 -0.185173 -0.122445 -0.161111 -0.203124 -0.163615 -0.066712 0.335180 0.039263 0.273388 -0.083313 -0.169346 -0.087445
-0.045924 0.116630 0.050421 -0.271900 -0.007283 -0.094656 0.054691 -0.199147 0.138754 -0.297952 0.062749 -0.009647 -0.149200 0.039208 0.038681 -0.134110 0.091390 -0.107461 0.418305 -0.103278 0.181353 0.226561 -0.161346 -0.164911
0.041321 0.063951 0.236949 0.020886 0.170132 0.055368 0.012331 -0.349861 0.069631 0.020972 0.231123 0.191319 -0.008868 -0.085686 0.148325 -0.109298 0.192131 -0.039793 0.296646 -0.081934 0.137408 0.281014 -0.306392 -0.088955
-0.142353 -0.062777 0.284535 0.063976 0.131211 -0.061037 0.044787 -0.103726 0.198990 -0.009931 0.238031 -0.026965 0.008247 -0.068047 0.055494 0.151991 0.198578 0.020907 0.174696 -0.102991 0.104439 0.229350 -0.268092 -0.035758
-0.261267 -0.322385 0.134418 -0.104583 0.109317 0.058790 0.026633 -0.095190 0.012285 -0.010348 0.004717 -0.059925 -0.002931 -0.093096 0.032738 0.097170 0.207065 -0.068522 0.054473 -0.097550 0.083783 0.256132 -0.268803 -0.147175
-0.150765 -0.148317 0.030158 -0.070093 0.104864 0.050139 -0.058884 -0.080442 0.101131 -0.022433 0.035710 0.043069 0.151018 -0.029408 0.029552 0.038039 0.135481 -0.135828 0.214181 -0.068124 -0.018311 0.137796 -0.086898 0.055051
0.033834 0.184189 -0.141324 -0.143464 0.070155 0.064425 -0.054251 -0.139469 0.148371 -0.010625 0.020855 -0.078116 0.094419 0.139341 -0.177716 0.248728 0.224060 -0.204015 0.133540 0.026605 0.015839 0.342250 0.036951 0.089007
-0.113596 0.382163 -0.000293 -0.225614 0.016217 0.170237 -0.147958 -0.041215 0.276584 -0.100726 0.125580 -0.078792 0.072063 0.524395 -0.290368 0.105290 0.254707 0.011453 0.137458 -0.132812 0.149692 0.231924 0.063816 0.107195
-0.263926 0.179079 -0.053251 -0.259508 -0.070747 0.367187 -0.007838 0.080380 0.491402 0.033232 0.263582 -0.135106 0.135740 0.397022 -0.362966 0.047745 -0.087920 0.069605 0.339107 -0.053545 0.257527 -0.041790 0.016989 0.136183
0.078332 0.064442 0.132025 -0.088253 -0.111509 0.294369 0.013076 0.178814 0.378280 0.028790 0.114879 -0.272413 0.018563 0.265422 -0.397760 0.160354 -0.220985 -0.099669 0.283067 -0.144367 0.114701 -0.190356 0.152489 -0.001292
0.404482 -0.023203 0.263564 -0.240479 0.160514 0.264993 0.077475 0.080583 0.073303 -0.006734 -0.044184 -0.325286 -0.158649 -0.026146 -0.294643 0.428275 -0.352897 -0.037754 0.356626 -0.251249 -0.084891 -0.002983 0.203237 0.059795
0.253188 0.208730 -0.103682 0.059246 -0.087003 0.083784 -0.205940 0.274214 -0.143893 0.330234 0.322377 -0.126321 -0.121607 -0.296780 0.002179 -0.084638 0.304306 0.111602 -0.272528 0.510155 0.162906 0.215447 -0.185517 0.023828
0.449584 0.200533 -0.149732 0.085395 0.330015 -0.230710 0.027028 0.617524 -0.032809 0.288049 0.153940 -0.027187 0.036145 -0.295582 -0.338733 -0.224392 0.174866 0.205674 0.204691 0.307907 0.100329 0.475244 0.375613 0.237132
0.452558 0.141428 -0.032634 0.031272 0.073971 0.120516 0.038278 0.263927 0.079720 -0.114882 0.173032 0.143419 -0.231601 0.235171 -0.311332 -0.168221 -0.012215 0.220504 0.266999 0.370180 -0.069778 -0.120649 0.413414 0.104125
0.550224 -0.096637 0.254816 -0.211024 0.369059 0.022608 0.063336 0.014182 -0.065184 0.002727 -0.003560 0.010481 -0.635466 0.379476 -0.321098 -0.137716 -0.079561 0.041293 0.590845 0.304466 0.110942 -0.330206 0.374262 -0.150803
0.484158 -0.240792 0.082548 -0.267468 0.061397 -0.093582 0.012422 -0.153325 -0.301801 0.075466 0.051765 -0.118689 -0.360699 0.352367 -0.311840 -0.197859 0.065235 0.055878 0.230772 0.189419 0.033590 -0.433819 0.303053 -0.133700
0.357427 -0.154619 -0.109171 -0.221188 0.001354 -0.116375 0.090533 0.026763 -0.289474 0.126807 0.104125 -0.050775 -0.215441 0.292806 -0.203661 -0.282894 0.069804 -0.092811 0.020365 0.134977 0.025052 -0.264551 0.244713 -0.041712
0.513776 -0.118607 -0.121909 -0.278044 0.098302 -0.052755 0.055782 0.003495 -0.293627 -0.138599 -0.249185 -0.023801 -0.282292 0.023867 -0.096567 -0.272699 0.067082 0.110804 0.119278 0.253880 0.120543 -0.061039 0.143853 0.174433
0.469928 0.009663 -0.173434 -0.114915 0.156430 0.031640 0.002945 -0.045675 -0.151251 -0.208024 -0.438080 0.090534 -0.230807 -0.098324 0.047815 -0.144843 0.055359 0.139921 0.249010 0.279272 0.286287 -0.007433 0.240434 0.245650
0.351486 0.089187 -0.220427 -0.169561 -0.065119 0.153266 -0.183354 -0.122684 -0.055384 -0.203832 -0.492525 0.185358 -0.044434 -0.044592 0.024108 -0.140268 -0.120896 0.012915 0.277877 0.200536 0.135493 -0.111762 0.236661 0.231669
0.262998 0.071459 -0.310478 -0.364738 0.087255 0.027385 -0.236371 -0.273681 0.106931 -0.186530 -0.201572 0.270181 -0.198470 0.131401 -0.002378 -0.095029 -0.372720 0.081657 0.267442 0.147415 0.060348 -0.372198 0.166342 0.007970
-0.093090 -0.110622 -0.201366 -0.205490 -0.114580 -0.136804 -0.058459 -0.197802 0.230329 -0.175946 -0.078420 0.210236 -0.329855 0.243130 -0.049890 -0.120786 -0.330019 0.215429 0.286503 0.013400 0.073104 -0.316640 0.126631 0.042538
-0.048503 0.029690 -0.207823 -0.110598 -0.063648 -0.017239 -0.143671 -0.099863 0.227364 -0.023919 -0.040064 0.289569 -0.161667 0.229424 -0.031801 0.013886 -0.248533 0.173028 0.458970 0.114899 0.271680 -0.186222 0.126584 -0.064991
-0.097228 0.084777 -0.028536 -0.090878 0.156026 0.137093 -0.083602 -0.094707 0.111399 -0.023395 0.179386 0.177602 -0.132122 0.282691 -0.054236 -0.095283 -0.131458 0.081172 0.289904 0.081187 0.055922 -0.088370 0.010081 0.005212
-0.008852 0.004618 0.064916 -0.155548 0.088665 -0.032330 0.170981 0.126727 0.280865 -0.080903 0.159316 0.127476 -0.284525 0.013326 -0.132705 -0.187275 -0.081280 -0.253459 0.143027 0.040589 0.106504 -0.039928 -0.019438 -0.157500
0.002035 0.070533 -0.064153 -0.265192 0.078187 0.098449 0.024006 0.022165 0.283585 -0.227387 0.169191 0.249257 -0.121472 0.031563 -0.214218 -0.200418 -0.044320 -0.156500 0.404353 -0.074144 0.196953 0.122174 -0.115844 -0.237368
0.032490 0.167412 -0.064392 -0.040653 0.090533 0.085605 0.116957 -0.131527 0.281715 -0.235133 0.357065 0.069661 0.014544 -0.009176 -0.040080 -0.000763 -0.074497 -0.220738 0.318317 -0.035506 0.016973 -0.022229 -0.264074 -0.159117
-0.047558 -0.143383 0.186786 -0.024098 0.025791 0.094906 -0.045113 -0.153064 0.219127 -0.043041 0.346004 -0.186304 0.050399 -0.259362 0.150344 0.169323 0.187003 -0.122985 0.145220 -0.038941 0.141425 0.165800 -0.141926 -0.101462
-0.099590 -0.198963 0.187916 -0.110032 0.051733 0.236741 0.046283 0.047871 0.138720 0.114009 0.242777 0.038899 -0.049996 -0.128900 -0.023869 0.073328 0.180013 -0.066760 0.037868 -0.055385 0.199799 0.075056 -0.077491 -0.049811
-0.012224 0.072900 -0.088233 -0.108038 0.006674 0.122684 -0.051289 0.126971 0.110982 0.045523 0.125877 0.189962 0.140189 -0.016617 0.042514 0.056351 -0.065311 -0.257893 0.322514 -0.074247 0.085687 0.189926 0.082407 -0.034709
-0.002878 0.222163 0.005987 -0.265158 0.082444 -0.017978 -0.135259 -0.009383 0.152865 0.031663 0.275904 -0.030669 0.261616 0.211487 -0.046066 0.121479 0.049127 -0.136637 0.208040 -0.089784 -0.070293 0.322308 0.173407 -0.181841
0.087592 0.217917 0.044857 -0.467692 0.193300 0.113693 -0.017484 -0.112539 0.237204 0.034307 0.005527 -0.267778 0.136672 0.389259 -0.299370 0.264895 0.067554 -0.064368 0.280025 0.023623 -0.040145 0.347495 0.086542 -0.071375
-0.116838 0.441113 -0.004291 -0.218714 -0.064448 0.432513 0.045894 0.087980 0.361403 -0.071506 0.299937 -0.073351 0.041621 0.496874 -0.332853 0.235474 0.086113 -0.001297 0.288208 0.044723 0.107096 0.191772 0.067553 -0.016417
-0.139085 0.344857 0.267842 0.026281 -0.367209 0.467314 -0.023300 0.309929 0.527231 -0.088787 0.065874 -0.380141 0.002193 0.356393 -0.349532 0.365402 -0.169133 0.165068 0.277291 -0.139072 0.175840 -0.259770 0.066944 -0.003981
-0.070551 0.083054 0.186631 0.057116 -0.004495 0.502537 -0.019735 0.454828 0.698950 -0.096095 -0.195083 -0.530141 -0.193334 0.142448 -0.298520 0.344321 -0.412526 0.013314 0.312171 -0.238859 0.147493 -0.424159 -0.047100 -0.067260
0.048083 -0.353763 -0.267163 0.355536 -0.269919 -0.172168 0.066704 -0.617519 -0.326678 0.158944 0.397124 0.003145 -0.013753 -0.250842 0.027274 0.096850 0.130013 -0.390349 -0.001987 0.249292 -0.053148 0.275422 -0.682483 -0.203012
0.147335 0.421858 -0.262990 -0.045384 0.449884 -0.023272 -0.418238 0.160947 -0.278677 -0.066007 0.314637 0.000757 0.067567 -0.462206 -0.310459 -0.236397 -0.149929 0.232402 0.348493 0.655846 0.243454 0.491627 0.120059 0.144938
0.223750 0.261859 -0.041415 0.285178 0.115760 0.152485 -0.186362 0.146899 0.240570 0.126675 0.358954 0.052977 0.004459 -0.020038 -0.185579 -0.367749 -0.161927 0.349992 0.254025 0.803181 0.187779 0.004420 0.076996 0.014128
0.322623 0.023373 0.173569 -0.083403 0.069545 0.090942 -0.113067 0.086879 -0.175684 0.024866 0.206531 0.018753 -0.599953 0.297790 -0.302164 -0.310900 -0.250233 0.155474 0.541427 0.272367 0.562034 -0.494696 -0.122783 -0.134836
0.493980 -0.151876 -0.044511 -0.128962 0.085363 0.012386 0.024810 0.124480 -0.143157 0.157630 0.041992 -0.013763 -0.620977 0.573111 -0.317899 -0.134991 -0.132074 -0.060290 0.415358 0.041840 0.205429 -0.520464 0.384980 -0.000856
0.739892 -0.124781 -0.226091 -0.314701 0.151556 -0.323872 0.185530 0.043395 -0.472733 0.043518 -0.086311 -0.205506 -0.361898 0.384568 -0.454090 -0.158819 0.048160 -0.358771 0.440493 0.258633 -0.097106 -0.474077 0.412688 -0.060045
0.723633 -0.244712 -0.209675 -0.327801 0.127085 -0.101351 0.122621 -0.034572 -0.497339 0.004808 -0.075602 -0.217536 -0.603485 0.043735 -0.267193 -0.347272 -0.053243 -0.371504 0.192838 0.254271 0.155635 -0.275261 0.350695 0.216799
0.765542 -0.313419 -0.280577 -0.272797 0.061319 -0.014893 -0.027220 -0.142252 -0.416400 0.059207 -0.215468 0.004399 -0.530434 -0.142755 -0.025326 -0.495735 0.045660 -0.069796 0.253205 0.198082 0.298369 -0.008708 0.232387 0.333791
0.516016 -0.159610 -0.239664 -0.249838 0.250100 -0.081219 -0.294149 -0.187494 -0.077142 0.004770 -0.408118 -0.023161 -0.250722 -0.352087 0.127055 -0.124406 -0.006926 -0.075553 0.399676 0.126766 0.298775 -0.143452 0.312101 0.029477
0.109260 -0.254523 -0.604865 -0.434736 0.002821 -0.160179 -0.421735 -0.320668 0.239451 -0.192088 -0.219922 0.011522 -0.222634 -0.082585 0.154538 -0.216721 -0.282437 -0.001147 0.295164 0.191486 0.217676 -0.498712 0.347711 -0.011145
0.058239 -0.048829 -0.339745 -0.289733 0.080647 -0.422395 -0.360067 -0.350632 0.404139 -0.164474 -0.093131 0.276998 -0.369047 0.194224 -0.072981 -0.063783 -0.432520 0.039047 0.180776 0.051531 0.150869 -0.444731 0.207243 -0.070404
0.101958 0.150899 -0.136279 -0.350759 0.067980 -0.300933 0.035887 -0.315457 0.570629 -0.133588 -0.201357 0.267984 -0.526890 0.326080 -0.053492 -0.007407 -0.462073 0.137147 0.466999 -0.007937 0.138481 -0.301145 0.125694 -0.262703
0.041303 0.065959 -0.057602 -0.202829 0.139980 -0.394232 0.150857 -0.283918 0.219937 -0.089034 -0.141468 0.171641 -0.440896 0.372953 -0.282020 -0.015520 -0.223691 0.067554 0.231838 -0.042648 -0.038582 0.014193 0.026036 -0.390289
-0.116901 -0.045943 -0.114404 -0.227730 0.031953 -0.044517 -0.020174 0.114909 0.323746 -0.142493 0.221918 0.146823 -0.022771 0.254057 -0.160140 -0.061239 -0.035070 -0.069511 0.124205 0.022590 -0.027692 -0.156452 -0.050896 -0.456532
0.051468 0.208751 -0.293264 -0.327676 0.206637 0.178083 0.040750 0.120166 0.630437 -0.209686 0.445239 0.262062 -0.097034 0.129028 -0.224564 -0.176454 -0.122981 -0.274080 0.279032 -0.208835 0.112413 -0.092762 -0.041967 -0.540349
0.114439 0.173591 -0.219689 -0.362413 0.094838 0.442547 -0.153747 -0.201223 0.331913 -0.300750 0.397471 0.256523 -0.151967 -0.057793 -0.136917 -0.076642 -0.015968 -0.327765 0.281256 -0.063368 0.065580 -0.167452 -0.121162 -0.172809
0.073054 0.149531 0.079549 -0.208592 0.144339 0.322241 -0.101890 -0.119369 0.146513 -0.126283 0.396764 0.211893 -0.090364 -0.185009 -0.084139 -0.013199 0.031196 -0.329102 0.128759 0.030170 0.178244 -0.052091 -0.028357 0.049657
-0.004254 0.025531 0.075892 -0.044602 -0.179746 0.278390 -0.242384 0.003049 0.345438 0.052809 0.341682 0.097072 -0.050123 -0.143841 -0.069918 0.105743 -0.070017 -0.206110 -0.023902 -0.025633 0.294244 0.034094 0.212089 0.062095
-0.165298 0.143892 0.125638 -0.202479 -0.098829 0.269051 -0.191030 0.174245 0.247129 0.123498 0.410933 0.129805 0.040902 0.096783 0.190022 0.149168 -0.103211 -0.269750 0.141582 -0.211481 0.270154 0.108239 0.369062 -0.024416
0.148627 0.402002 -0.159385 -0.587660 0.160262 0.094831 -0.238338 -0.145998 0.236743 0.064318 0.268583 0.195909 0.072207 0.224914 0.110010 0.213906 -0.100847 -0.329268 0.465748 -0.166747 0.123030 0.161259 0.305411 -0.139214
0.112975 0.324255 -0.088997 -0.520826 0.199017 -0.073812 -0.009377 -0.076310 0.237447 0.129458 0.177371 -0.203696 0.221503 0.201475 -0.092002 0.294507 0.072359 -0.300039 0.565193 -0.226958 0.082486 0.403033 0.327577 -0.146893
-0.293911 0.519296 -0.000230 -0.226279 0.118754 0.095543 0.027789 0.139168 0.262016 0.002109 0.191983 -0.285656 0.086973 0.444140 -0.124566 0.450799 -0.046580 -0.055550 0.748122 0.044375 0.320516 0.199947 0.299571 -0.083529
-0.302251 0.378773 0.266678 -0.004557 -0.087564 0.450228 -0.025860 0.316649 0.441146 -0.089524 -0.103547 -0.419501 0.167172 0.241820 -0.126522 0.235923 -0.110226 0.180798 0.494417 0.037701 0.336994 -0.312340 -0.028523 0.097405
-0.628348 0.025173 0.457420 0.323593 -0.009843 0.602599 -0.093558 0.585102 0.585905 -0.299141 -0.396924 -0.540766 0.045240 0.045513 -0.298610 0.278825 -0.195875 0.107177 0.306189 -0.267640 0.166225 -0.407122 -0.363213 -0.083111
0.193245 -0.157973 0.046298 0.510679 -0.123579 -0.565551 0.000773 -0.145062 -0.157983 0.120239 0.121333 -0.211931 -0.144449 -0.215767 -0.501242 0.265383 -0.315047 -0.555059 -0.401804 0.223972 0.409542 -0.585877 -0.735258 -0.046549
0.011026 0.179631 0.140657 0.031306 0.178717 0.002705 -0.222416 0.241792 0.084145 0.061538 0.285411 0.010216 -0.615631 -0.443710 -0.217027 -0.683458 -0.406962 -0.720979 0.024943 0.137917 0.250121 0.278957 -0.838195 -0.488673
-0.113998 -0.073759 -0.038495 -0.227005 0.242674 -0.119547 -0.072560 0.051919 -0.175245 -0.019504 -0.232990 0.267927 -0.317367 -0.234760 0.043419 -0.719643 -0.165565 -0.323683 0.376392 0.289198 -0.062133 0.388587 -0.817551 -0.253230
-0.070001 -0.096467 0.350401 -0.233368 0.310380 -0.688724 0.027940 -0.069839 -0.229973 0.025414 -0.069274 0.027632 0.143702 -0.379590 0.146107 -0.518318 0.065634 -0.048340 -0.119297 0.423673 0.191946 -0.001400 -0.798948 0.007297
0.098129 -0.127880 0.231630 -0.085011 0.247355 -0.954850 -0.104024 -0.126062 -0.040437 0.029014 0.209075 0.006916 -0.026284 0.254220 0.329680 -0.108209 -0.161886 0.677643 -0.101495 0.309936 0.108931 -0.331808 -0.446192 -0.002524
-0.121804 0.201229 0.087279 0.074066 0.188576 -0.530802 -0.044865 -0.605990 0.217230 0.122256 -0.219229 0.119450 0.108007 0.079377 0.234932 -0.157342 -0.290468 0.494862 0.156197 -0.122503 0.077606 0.270343 -0.091235 -0.151343
-0.413717 -0.000393 0.134017 -0.133548 0.192044 -0.123254 -0.139684 -0.563474 0.244052 0.100377 -0.396446 0.113755 -0.114889 0.262923 0.178155 -0.132376 -0.013998 0.184746 -0.167653 -0.404194 -0.049337 0.512648 -0.266735 -0.200783
-0.321626 -0.146137 0.255747 -0.124259 0.483809 -0.099533 0.056572 -0.374588 -0.132597 0.027459 -0.431774 -0.068231 -0.673240 0.000178 -0.121259 0.154695 0.410723 0.493285 -0.053418 -0.075511 -0.077702 0.226745 -0.696636 -0.131828
-0.018882 -0.046699 0.264391 0.055128 0.333201 -0.319150 0.088679 0.047156 -0.663328 0.093649 -0.002484 0.336916 -0.543109 0.002926 -0.148712 0.628715 0.241704 0.897305 0.065662 0.002550 0.098745 -0.248135 -0.652573 -0.223754
-0.263279 0.394169 0.140868 0.065605 0.225931 -0.691554 0.162925 0.365103 -0.633388 0.052824 0.231161 0.139314 -0.787653 -0.003662 -0.087983 0.411505 0.257634 0.615778 -0.083319 -0.154239 0.211853 -0.173992 -0.335759 -0.155917
0.077503 0.224256 0.180473 -0.035312 0.019382 -0.642592 0.213303 0.329722 -0.382331 -0.045061 -0.068568 -0.040755 -0.647308 0.122072 0.133260 0.387967 0.531876 0.693268 -0.559188 -0.003142 0.225918 -0.169480 -0.502732 -0.217846
0.371788 0.263870 0.327000 0.045986 0.136666 -0.494117 0.197281 -0.154122 -0.472974 0.031777 -0.241491 0.190276 -0.603483 0.002726 -0.233649 0.329967 0.596609 0.645401 -0.272043 0.051222 0.209469 -0.322881 -0.838544 -0.290785
0.145181 -0.004768 0.228789 -0.134623 0.240478 -0.547606 0.129166 -0.291732 -0.011196 0.050210 -0.218901 0.136227 -0.563693 0.256771 -0.126153 -0.037278 0.403695 0.745806 -0.312510 -0.266757 -0.051372 -0.117182 -0.471788 -0.284019
0.340450 -0.180259 0.710058 -0.366306 0.067503 -0.439665 -0.082754 -0.524129 0.270118 -0.353336 0.148755 0.188081 -0.026524 0.474113 0.001670 0.101766 0.658422 0.903216 -0.412723 -0.082167 -0.139158 0.171301 -0.315275 -0.274783
0.145790 -0.227464 0.397956 -0.430733 0.088516 -0.462124 0.129122 -0.618759 0.363779 -0.229767 0.495447 -0.056448 -0.067854 0.479468 0.304180 0.391537 1.011158 0.823928 0.123711 0.001870 0.113426 0.480264 -0.438179 -0.154568
-0.155982 -0.107940 0.687344 -0.098676 0.084747 -0.462327 0.240055 -0.841167 0.525483 -0.152473 0.264809 -0.079829 -0.241301 0.314247 0.201725 0.298251 0.543873 0.876775 0.037006 0.238405 -0.031905 0.477792 -0.448801 0.029719
0.157347 0.356952 0.989093 -0.102692 0.225887 -0.116862 -0.045473 -0.618757 0.534056 0.088003 -0.037536 -0.144674 -0.033648 0.074415 0.060975 0.836818 0.214247 0.666670 0.136856 -0.037908 -0.083072 0.532005 -0.186082 -0.082854
0.467745 0.232638 0.924217 -0.094254 -0.033777 -0.242591 -0.197623 -0.677905 0.554950 -0.235273 -0.112441 -0.079790 0.476495 0.123797 -0.010976 0.932380 0.407363 0.701371 0.247833 -0.348679 0.256840 0.341847 -0.102812 -0.156866
0.177766 0.254059 0.662747 0.217892 -0.025039 -0.200161 0.256854 -0.724421 0.277229 -0.271660 -0.061161 0.065505 0.234641 0.147465 0.530671 0.768002 0.231715 0.467807 0.014785 -0.399095 0.034100 0.372953 -0.310174 -0.277388
-0.154082 0.318693 0.411697 0.171903 -0.135863 0.066418 0.074354 -0.403457 0.362624 -0.020987 -0.295263 -0.221370 -0.116903 -0.152608 0.496618 0.947091 0.355843 -0.011704 -0.033890 -0.172179 0.040039 0.386165 -0.050722 -0.193667
0.149383 0.171542 0.083285 0.101061 -0.069863 -0.137070 -0.064006 -0.283190 0.123014 0.209460 -0.235700 -0.100666 0.004699 -0.380721 0.112271 0.419951 0.261763 -0.192134 0.283570 0.016576 -0.122526 0.540876 -0.284808 -0.032940
0.327668 0.421634 -0.121952 0.008281 0.046881 -0.161801 0.062490 -0.045662 0.097042 0.277760 -0.073195 -0.303205 0.037826 -0.511819 0.214121 0.449119 0.332199 -0.170153 0.115351 0.082831 -0.130540 0.526837 -0.296363 0.049489
-0.227548 0.121441 -0.019167 -0.199823 0.155405 -0.230943 0.197904 0.134249 0.171648 -0.019315 0.108843 0.001944 0.075610 -0.334291 0.156561 0.551238 0.605495 0.323887 -0.094279 0.458223 -0.174653 0.402214 -0.229572 0.074408
-0.507381 0.120214 0.009464 0.204566 -0.238068 0.054797 -0.025197 0.199218 0.295079 0.122431 0.763765 0.112660 0.175638 -0.098022 0.458383 0.564675 0.486419 0.654136 0.022091 0.238501 -0.458203 0.308235 -0.086725 -0.330733
-0.131133 0.219920 -0.069983 -0.319129 0.437360 0.138404 -0.283551 0.607071 0.190862 -0.346892 0.423341 0.187504 -0.465306 -0.396983 -0.003766 -0.484039 -0.245774 -0.452903 0.280991 0.136852 0.124015 0.426169 -0.794165 -0.133189
-0.292826 0.022141 -0.342070 -0.400048 0.119812 -0.052677 -0.042917 0.554465 -0.081598 -0.213229 0.028590 -0.004155 -0.112582 -0.069493 0.321431 -0.321549 0.340279 -0.095482 0.241814 0.129074 -0.013983 0.554672 -0.653218 0.000863
-0.032981 -0.086198 -0.146923 -0.205138 0.139313 -0.345758 -0.324140 0.064818 -0.333148 -0.296598 -0.066024 -0.018091 0.266790 0.224919 0.344867 0.118877 0.283799 0.256649 -0.099131 0.190036 -0.100710 0.213283 -0.094837 0.413509
0.272805 0.089512 0.150290 -0.047620 0.057796 -0.517154 -0.324066 -0.031079 0.003048 -0.147998 -0.005825 0.069338 0.174958 0.092775 0.516900 0.225645 0.036579 0.349562 0.082103 0.099603 -0.164882 -0.124704 0.113072 0.358011
0.227841 -0.112577 0.031854 0.000158 -0.133730 -0.356353 -0.202821 0.005359 0.055560 0.019337 -0.307518 0.072306 0.116368 0.155273 0.123309 0.478144 -0.038956 0.315131 0.170752 -0.261709 -0.000588 0.061559 0.140209 0.103845
-0.083834 -0.052051 -0.031098 -0.252570 -0.201422 -0.176550 0.002940 -0.026137 -0.255132 -0.097361 -0.392406 0.019759 0.038772 0.111433 -0.089739 0.353071 0.228631 0.081818 -0.064118 -0.233666 -0.076105 0.176993 0.055986 0.117324
0.026972 -0.120067 0.127489 -0.385723 0.359980 -0.008555 0.234769 0.397229 -0.341941 -0.060539 -0.362899 0.058179 -0.081312 0.188639 -0.241304 0.422693 0.350307 -0.022768 -0.230715 -0.104888 -0.157636 -0.034969 -0.261952 0.082950
0.075350 0.089235 0.173105 -0.300120 0.214374 -0.107584 0.330355 0.908144 -0.430153 0.127619 -0.099849 0.211477 -0.160300 0.024473 -0.179753 0.552677 0.262043 0.356783 -0.105912 -0.093124 -0.185586 -0.184826 -0.079922 0.005572
0.083260 0.381415 0.185599 -0.268838 0.051803 -0.258370 0.111990 0.958852 -0.322250 -0.040696 0.092057 0.336533 -0.125472 0.164203 0.159078 0.587281 0.253806 0.439316 -0.165213 -0.266822 -0.100653 -0.186634 0.337018 0.050776
0.057078 0.213881 0.161100 -0.153935 -0.006148 -0.386407 0.245879 0.388359 -0.087369 -0.090822 0.133602 0.245962 0.085613 0.248769 0.190640 0.613883 0.236409 0.491835 -0.133565 -0.120243 -0.202452 -0.024025 0.373755 -0.090878
0.257776 -0.035153 0.325924 -0.329858 0.054041 -0.388726 0.140166 -0.059812 0.072120 -0.051497 -0.045209 0.130378 0.069144 0.291894 -0.171781 0.525446 0.401597 0.560201 -0.149786 -0.070530 -0.245944 0.028407 0.033788 -0.136182
0.378978 -0.052728 0.189261 -0.260920 0.214362 -0.125882 0.006426 -0.188747 0.193858 -0.100177 0.081725 0.176200 0.141285 0.432861 -0.025269 0.508638 0.346651 0.581970 -0.136171 -0.127829 -0.175903 -0.065104 0.195103 -0.181308
-0.045990 -0.041689 0.038313 -0.185069 0.187287 -0.257527 -0.107136 -0.229322 0.453331 -0.209727 0.286487 0.110418 0.396570 0.522358 0.011229 0.224851 0.512584 0.553823 -0.076480 -0.149174 -0.073375 0.126923 0.163938 -0.061505
-0.032969 -0.080158 0.257165 -0.292167 -0.073138 -0.143853 -0.017140 -0.455588 0.496697 -0.150667 0.355995 -0.094325 0.284554 0.390763 0.071332 0.557878 0.751056 0.421308 -0.072181 -0.040576 -0.065625 0.248905 0.257645 -0.192651
-0.191890 0.019683 0.060072 -0.221274 0.064893 -0.102956 -0.093146 -0.529976 0.297410 -0.098067 0.046429 -0.019439 0.157288 0.062575 -0.083127 0.695070 0.591044 0.379716 0.132314 -0.080216 -0.072521 0.402779 0.236963 -0.007544
0.032760 0.222756 0.454974 -0.071389 0.034459 -0.141284 0.127077 -0.351508 0.372501 0.031021 -0.029922 0.059069 0.276571 0.183764 0.034086 0.748273 0.241488 0.246032 -0.061447 -0.109854 -0.179001 0.163351 0.403822 0.040114
0.151167 0.077291 0.660622 -0.005853 0.082749 -0.074996 -0.060187 -0.171630 0.468868 -0.182135 0.164987 -0.046169 0.473690 -0.053671 -0.084273 1.029834 0.292311 0.137297 0.178932 -0.291706 0.030531 0.035708 0.561345 -0.153118
-0.059220 0.057217 0.264355 0.138121 -0.111377 -0.231230 -0.021492 -0.248897 0.245750 -0.347542 0.002514 0.077684 0.566994 0.131268 0.090782 0.830779 0.527430 0.215707 0.131421 -0.004861 0.003253 0.396766 0.042937 -0.277326
-0.206259 0.028649 0.242055 0.139003 -0.316386 0.082280 -0.112630 -0.023767 -0.036429 -0.115654 0.046909 -0.093022 0.372964 -0.078492 0.396032 0.914353 0.520360 0.018964 0.000728 0.004102 -0.120389 0.452102 0.161808 -0.187260
-0.135773 0.252665 0.145537 -0.153436 -0.156545 -0.032659 -0.077980 0.040357 0.006088 0.001826 0.140520 -0.030436 0.197605 -0.161252 0.258793 0.759167 0.597547 0.103773 0.073299 0.263126 -0.161036 0.775407 0.160216 -0.111903
0.169795 0.289526 0.087115 -0.082940 -0.039784 -0.206424 -0.088432 0.084970 0.261349 0.108811 0.230840 -0.179580 0.026213 -0.175290 0.281045 0.315416 0.147380 0.070985 0.155604 0.316038 -0.134731 0.675902 -0.031253 -0.161737
0.012730 0.315380 0.138102 0.027317 -0.111088 0.035743 0.143534 0.050070 0.139535 0.134366 0.504749 -0.300123 0.069357 -0.050965 0.223524 0.467355 0.051270 0.240787 0.049402 0.586019 -0.213752 0.467830 0.023471 -0.021450
-0.339918 0.243056 -0.049165 0.296581 0.153869 -0.090079 0.108727 0.127516 -0.077209 0.299379 0.511605 -0.105124 0.249291 0.116791 0.348658 0.045936 0.008618 0.335965 0.048616 0.619789 -0.085572 0.595943 -0.033307 -0.255595
-0.451202 0.338773 0.034121 0.596728 -0.314801 0.117686 0.248360 -0.194125 0.167252 0.420105 0.607046 -0.261503 0.335324 0.211669 0.523664 -0.300099 -0.012962 0.291693 0.087405 0.509899 -0.081445 0.538587 0.158303 -0.424030
0.012406 0.124720 -0.477466 -0.407281 0.185514 -0.070913 0.247915 0.037966 -0.140980 -0.254022 0.179614 0.085153 -0.195255 0.281893 0.124257 0.353022 0.446877 0.303799 0.436106 -0.076478 -0.019927 0.416598 -0.052257 0.129061
0.262159 0.100168 -0.126145 -0.101960 0.111616 -0.075204 -0.041899 -0.026566 -0.325455 0.063958 -0.114991 0.136866 0.013643 0.405409 0.163843 0.215112 0.450099 0.294108 0.111783 -0.056888 -0.092097 0.362995 0.672403 0.169794
0.378491 0.093522 0.115255 0.111201 -0.113435 0.098301 -0.320088 -0.249922 -0.126130 -0.001929 -0.255039 0.102787 0.016179 0.247260 0.081199 0.381073 0.283296 0.229124 0.066586 -0.176502 -0.138053 -0.015470 0.958889 0.208942
0.348309 0.024993 0.151633 -0.058104 -0.072372 0.294938 -0.013683 0.024967 -0.072703 0.012244 -0.029188 -0.077815 0.019628 0.059000 0.041990 0.418896 0.201200 -0.165378 0.209520 -0.376349 0.030549 -0.108181 0.545706 0.074402
0.339555 -0.114411 -0.289058 -0.172650 -0.188357 0.311265 0.023134 0.284592 -0.274444 -0.083237 -0.035708 0.056311 0.046670 0.136807 -0.255488 0.436029 0.395519 -0.041958 0.129210 -0.074687 0.151672 -0.118148 0.203259 -0.038227
0.342046 0.031056 -0.197637 -0.278197 -0.001140 0.376519 0.133356 0.569598 -0.308490 -0.149123 0.328166 -0.202768 0.083807 0.022907 -0.103487 0.164039 0.256798 -0.219692 -0.209099 -0.072199 -0.040716 -0.041645 0.301251 0.062902
0.209886 -0.115451 -0.030484 -0.237638 0.010362 0.250149 0.020772 0.897079 -0.207753 0.106024 0.347792 0.172263 -0.064087 -0.175696 0.056564 0.080648 0.249630 -0.221381 -0.123484 -0.158609 -0.028682 -0.058904 0.520549 -0.033667
0.114428 -0.005865 -0.148880 -0.121789 -0.034375 -0.022331 -0.051310 0.607905 -0.150833 -0.067837 0.066400 0.193531 0.175811 -0.181254 0.037936 0.009999 0.246354 -0.121541 0.066008 -0.095733 -0.012356 -0.047770 0.619204 0.049930
0.255452 -0.004929 -0.086964 -0.115681 -0.151614 0.026441 -0.133633 0.077021 0.152051 -0.198696 0.097798 0.145553 0.593166 -0.058894 -0.006124 0.209786 -0.077889 -0.023422 0.016311 -0.061293 -0.010916 0.161400 0.647366 0.174348
0.048807 -0.023204 -0.016256 -0.081522 0.063820 -0.231856 0.160072 -0.128007 0.252345 -0.035752 -0.086482 0.054353 0.239966 -0.016008 -0.029502 0.283375 0.106996 -0.113792 0.127280 -0.211149 -0.120907 0.190330 0.420961 0.038658
0.217500 -0.301237 -0.107853 -0.272217 -0.048323 0.212563 0.100200 -0.067910 0.374518 -0.109188 0.010119 -0.068907 0.430414 0.044467 0.004604 -0.039210 0.122025 -0.152226 0.033109 -0.134040 0.126516 0.154161 0.201412 -0.024716
0.031783 -0.165182 -0.108499 -0.164276 0.045606 0.237405 0.007464 0.089891 0.228336 -0.014650 0.231199 0.118807 0.644939 0.179419 0.001077 0.067416 -0.079055 -0.022872 0.140760 -0.134031 0.127345 0.165253 0.268213 0.065499
-0.098705 0.031283 -0.084135 -0.151599 0.063091 0.080853 0.101973 -0.163747 0.195704 -0.043317 -0.055075 0.050003 0.467191 0.020902 -0.048010 0.079373 0.165816 0.046725 0.130214 -0.246024 -0.005097 0.250399 0.445141 -0.022439
0.108459 0.116428 0.050137 -0.220684 -0.038709 0.100870 -0.365031 -0.047369 -0.042739 -0.088182 -0.157728 0.172847 0.079768 -0.080797 -0.139357 0.246656 0.139403 -0.005794 0.093385 -0.197661 -0.026279 0.144250 0.448888 0.022175
0.156039 0.023443 -0.060676 -0.155355 0.060568 -0.143422 -0.192141 0.057186 -0.097261 0.104388 -0.338230 0.025967 -0.007571 0.002356 0.016647 0.161312 -0.203292 -0.147707 0.062815 -0.007288 -0.223088 -0.059727 0.506366 -0.112545
0.053446 0.018446 0.202167 -0.213926 0.044571 -0.082319 -0.025310 0.159142 0.040123 -0.098304 -0.068991 0.034240 0.145417 -0.040596 -0.159771 0.064541 -0.207251 -0.129101 -0.129347 0.067351 -0.083904 -0.197214 0.747590 -0.136086
-0.075076 -0.035798 0.032222 0.005993 0.053605 -0.217752 0.011130 0.288217 0.081305 -0.265927 0.085791 0.106214 0.142506 -0.065938 0.085438 0.297945 0.209984 -0.173314 -0.080719 0.052095 -0.057105 0.221367 0.436452 -0.056600
-0.075790 -0.101792 -0.133241 0.003579 -0.041545 -0.192506 -0.154040 0.507900 -0.187494 -0.145637 0.101422 0.091150 0.303264 -0.083721 -0.039386 0.268437 0.354083 -0.136368 -0.054750 0.274018 -0.123097 0.390940 0.390249 -0.158003
-0.284176 -0.100577 -0.060265 -0.181330 -0.102394 0.103859 -0.169026 0.437400 -0.119707 0.053278 0.200744 0.008002 0.143625 -0.033516 0.216431 0.137255 0.088031 -0.120703 -0.123949 0.157905 -0.165563 0.348884 0.292936 -0.001330
-0.035119 0.041127 -0.059590 -0.347927 -0.226224 -0.094854 0.030852 0.068906 0.105231 0.096452 0.115611 -0.200662 0.104842 0.004073 0.093524 0.189590 0.001302 -0.006889 0.242383 0.187670 -0.223652 0.422714 0.250768 0.005088
0.131749 0.088149 -0.111076 0.042139 0.004728 -0.129707 0.121468 -0.041529 0.171925 0.084725 0.068617 -0.019740 -0.078445 -0.083931 0.117840 -0.015171 -0.369154 -0.018181 0.157393 0.095229 -0.211662 0.321888 0.225955 0.195961
-0.170743 0.085257 -0.132262 0.044692 0.234158 -0.073980 0.204851 0.176015 -0.054978 0.124985 -0.014791 0.116371 0.389793 -0.025486 0.271453 -0.067808 -0.297627 -0.005357 -0.056396 0.236255 -0.129757 0.386305 0.373191 -0.049772
-0.200584 0.001331 -0.206740 0.322424 -0.240117 -0.363950 -0.009374 0.343988 -0.146658 -0.202504 -0.037244 0.005048 0.398716 0.041516 0.193191 -0.391535 -0.053128 0.015448 -0.073046 0.090388 0.175346 0.141155 0.125303 0.079194
-0.229128 0.120288 -0.183691 0.352699 -0.184015 -0.029125 -0.056264 -0.110723 0.014956 -0.056297 -0.087235 -0.047101 0.126979 -0.057783 0.052806 -0.499427 -0.253233 -0.279967 0.002483 -0.240082 0.080008 0.020673 0.440607 0.302408
0.449837 0.118639 0.653783 -0.008681 0.305312 0.149031 0.215830 -0.340355 -0.585133 0.403439 0.027626 0.219069 -0.544900 -0.002791 -0.144642 -0.089706 0.499270 -0.035823 0.428317 -0.079264 0.137213 0.270347 0.770784 -0.094277
0.411566 -0.014902 0.582656 0.135816 -0.148418 0.497730 -0.044711 -0.247875 -0.211348 0.199239 -0.177710 0.079104 -0.144373 0.151936 -0.124663 -0.185144 0.314608 -0.120822 -0.024511 -0.315789 0.015780 -0.030724 1.010074 -0.085661
0.323040 0.016623 0.651580 0.146045 0.085559 0.646589 -0.016553 -0.109188 -0.031965 -0.268539 -0.172726 -0.187802 -0.142982 -0.068111 -0.156049 0.041705 -0.040411 -0.207451 0.021428 -0.287393 -0.052391 -0.041132 0.607962 -0.003831
0.275349 0.023634 0.270037 -0.037834 0.170002 0.359749 0.284125 0.143187 -0.070417 0.113195 0.039879 -0.103348 -0.187496 0.080312 0.018772 0.057521 0.017069 -0.096733 0.033970 -0.064404 -0.004324 -0.147116 -0.068552 -0.107633
0.152091 -0.013787 -0.096033 -0.040691 0.118324 0.382535 0.177435 0.434761 -0.214131 -0.027544 0.188421 -0.065224 0.003824 0.108169 0.011736 -0.073332 0.408597 0.175352 -0.061012 -0.035985 0.210817 0.135793 -0.003483 -0.184647
-0.022088 -0.064452 0.009551 -0.180588 0.021820 0.357302 -0.135162 0.383818 0.009931 0.031644 0.548807 0.001821 -0.185031 0.065108 0.125897 -0.089175 0.373835 -0.019680 0.040040 0.085001 0.047620 0.118318 0.409531 -0.043643
-0.054159 -0.031130 -0.026718 0.173217 -0.211157 0.114695 0.042438 0.344674 -0.089983 0.156396 0.213033 0.039642 -0.070836 0.005693 0.228086 0.076107 0.466345 -0.107546 -0.002578 0.008454 0.049336 0.255784 0.165887 0.094706
0.226169 0.081915 -0.187923 0.160733 -0.250922 -0.075378 -0.123554 -0.094069 -0.107108 -0.008388 -0.080716 0.054934 0.280639 -0.141373 0.203748 0.165997 0.145107 -0.066026 0.123204 0.003535 0.102514 0.225334 -0.084201 0.130861
0.143219 0.066897 0.037115 0.123389 0.087967 -0.053001 0.026914 -0.154293 0.353492 -0.017382 -0.333910 0.127418 0.469217 -0.150476 0.133517 0.176930 -0.013051 -0.357042 0.195666 -0.083966 0.075267 0.176660 -0.105594 -0.083390
0.167628 -0.209063 -0.268524 -0.039606 0.055344 0.198908 0.078700 -0.085743 0.298188 0.212959 -0.225813 0.004389 0.472499 -0.204904 0.042151 -0.047536 0.200601 -0.390432 0.077975 -0.106156 0.112215 0.209642 -0.259880 0.108073
0.246580 -0.223151 0.089639 -0.275373 -0.149428 0.462892 -0.022342 -0.105978 0.125557 0.015357 -0.024080 0.047909 0.450145 -0.127229 0.053046 -0.091750 0.145452 -0.086531 -0.087009 -0.058334 0.036676 0.037457 -0.153049 -0.025122
0.002431 0.223408 0.069565 -0.229004 -0.097518 0.157357 -0.196253 -0.171807 -0.047247 0.224817 -0.278845 0.054336 0.374698 -0.040081 0.090973 -0.017164 0.023344 0.028017 0.089866 -0.074190 -0.085469 0.292440 0.063562 0.044855
-0.005304 0.252690 0.119705 -0.132592 -0.129532 0.015513 -0.076786 -0.053835 -0.188905 0.130183 -0.339687 0.233841 0.190148 -0.113822 0.079823 -0.128314 0.188106 -0.103654 0.104623 -0.027660 -0.263373 0.202368 -0.008756 0.066300
0.165655 -0.068854 0.006227 -0.133325 0.025569 -0.002361 0.010122 0.128995 -0.007635 0.030365 -0.185446 0.109826 -0.254428 -0.098841 0.170031 -0.145862 -0.192942 -0.308291 -0.009435 0.140775 -0.174384 0.071596 0.263075 0.066534
0.027643 0.122225 0.024826 -0.084712 -0.076560 -0.048125 0.079300 0.401212 -0.164546 0.020884 -0.165156 0.031084 0.121303 0.135052 0.060076 -0.126593 -0.194707 -0.196816 -0.024311 0.149850 -0.003836 0.130547 0.201620 0.293413
0.042648 0.182353 0.198814 0.047922 -0.153574 0.114085 0.062067 0.482439 0.135744 0.004324 -0.132201 -0.018713 -0.075332 0.023134 0.138294 0.008159 0.077230 -0.276801 -0.044850 0.211950 0.003921 0.163686 0.204888 0.151751
-0.053569 0.045407 -0.151794 0.135111 0.082535 0.011823 -0.111321 0.373549 0.055419 0.020843 -0.088862 -0.097690 -0.045704 -0.103036 -0.158480 0.090602 0.149319 -0.458823 -0.080244 0.245243 0.128761 0.296684 0.259161 0.238973
-0.006773 -0.008938 -0.253938 0.214939 0.122315 0.117698 -0.019326 0.371927 -0.433257 0.176541 -0.053720 -0.028388 -0.054809 -0.135230 -0.043691 -0.250075 -0.269445 -0.442503 -0.080724 0.115178 0.053631 0.121579 0.230213 0.250130
0.032535 -0.039444 -0.474895 -0.060405 -0.107415 0.399985 -0.243335 0.182599 -0.090464 0.220664 -0.311057 -0.244374 0.108301 -0.046164 -0.092040 -0.215171 -0.334698 -0.214127 -0.099286 -0.037522 0.004255 -0.156469 0.296412 0.402963
-0.029113 -0.207582 -0.322790 0.094776 0.052483 0.056528 0.066141 0.058048 0.189785 0.130346 -0.270422 -0.122350 0.118115 0.011776 -0.198249 -0.068937 -0.224750 -0.001919 0.078184 -0.231038 -0.051107 0.010248 0.248064 0.432124
-0.060518 0.005817 -0.032866 0.350299 0.186696 0.244423 0.058237 0.123722 -0.054148 0.143768 -0.199442 0.259536 0.029350 -0.338806 -0.183699 -0.218580 -0.335938 -0.152299 -0.287562 -0.092753 -0.130841 -0.162731 0.277773 0.425812
-0.341739 -0.010005 -0.038485 0.229957 0.004587 0.284201 -0.072126 0.526105 -0.248475 -0.052379 -0.329628 -0.015896 0.442335 -0.094236 -0.260980 -0.074401 -0.028712 0.073890 -0.217263 -0.127577 0.100062 -0.116734 0.314572 0.456441
-0.231995 0.051550 -0.079495 0.229197 -0.116978 0.092286 -0.066983 0.346992 0.005198 -0.153021 -0.189837 -0.107588 -0.045574 -0.006437 -0.242636 -0.200889 0.252495 -0.052723 -0.223931 -0.524502 -0.044910 -0.318506 0.124261 0.588463
-0.138362 -0.267921 0.262896 -0.011077 -0.157642 0.114690 0.068429 -0.307040 0.189829 0.124343 -0.161019 -0.078929 -0.157649 -0.242929 -0.169742 -0.083311 0.112494 -0.167542 0.099880 -0.518118 -0.182711 -0.425899 0.282327 0.324792
0.034780 0.057952 0.525607 0.234271 -0.388893 0.212408 0.234260 0.011625 0.355522 0.211998 -0.235727 -0.396840 0.697571 -0.129768 -0.073929 -0.277672 0.017028 -0.191575 0.142476 -0.435163 -0.137286 -0.135979 0.621464 0.122664
0.209804 -0.193604 0.361414 0.075711 -0.114892 0.395402 -0.023238 0.289907 0.176313 -0.059093 -0.133373 -0.318672 0.275468 0.213632 0.048089 -0.128486 -0.288548 -0.111763 -0.184032 -0.062043 -0.209491 -0.079106 0.511719 0.293827
0.156514 -0.149087 0.369156 0.114150 0.201621 -0.064814 -0.084507 0.204939 0.346501 -0.139560 -0.070819 -0.200819 0.511066 0.184358 0.073899 0.070158 -0.252522 0.227273 -0.088036 0.023435 -0.173395 -0.169914 -0.119075 0.339491
0.192923 -0.072937 0.090125 -0.165969 0.012895 -0.075172 0.183167 0.325334 0.227543 0.190041 -0.056244 0.042745 0.415631 0.163069 0.094478 0.130549 -0.104032 0.347511 -0.108139 -0.044999 0.081900 -0.045925 -0.210521 -0.043488
-0.148971 0.058483 0.136524 -0.272219 0.112056 0.050358 0.117423 0.365053 -0.173732 0.058013 0.131780 0.153333 0.069916 -0.086093 0.008713 -0.030120 0.088222 -0.013251 -0.003077 -0.142159 0.088096 0.016764 0.083738 -0.051547
-0.225717 -0.012232 0.133651 0.064126 -0.095116 -0.052105 -0.057042 0.250839 0.092432 0.091085 0.109432 0.178521 0.065089 0.007017 0.057753 0.424163 0.017417 -0.004490 0.016264 -0.104171 -0.002699 0.017043 -0.105384 0.167157
-0.043252 0.263886 0.080254 -0.019181 0.051442 -0.196168 0.055172 0.011464 0.061348 0.156844 -0.211359 0.041791 0.220405 -0.011950 0.068410 0.447732 -0.199910 0.050272 -0.002722 -0.025275 0.003139 0.325223 -0.374497 0.082844
0.109567 0.344219 0.032468 0.041695 0.081230 -0.058900 -0.042329 -0.118728 0.199984 -0.012607 -0.185011 0.213702 0.353089 0.109489 0.036093 0.180606 -0.240224 -0.112349 -0.041767 -0.169359 -0.059661 0.046151 -0.454721 -0.078394
-0.100302 0.161127 0.070308 -0.025964 -0.052912 0.143363 -0.056442 -0.067303 0.263883 -0.015323 0.090586 0.107344 0.172829 0.034776 -0.126454 0.075949 0.003750 -0.110098 0.126497 -0.142568 0.055435 0.021814 -0.117176 0.004782
-0.030486 0.117059 -0.014381 -0.022828 0.163637 0.298896 0.091027 -0.234829 0.164957 0.055901 0.078459 0.081716 0.148504 -0.187559 -0.160246 0.048144 0.308942 0.003600 -0.001870 -0.029149 -0.003283 -0.004214 -0.158278 0.081907
-0.013891 0.264396 0.052942 0.071682 0.003044 0.319871 -0.208666 -0.292152 0.130483 0.056636 0.041206 0.055694 0.095963 -0.019905 -0.073917 0.139313 0.155347 0.053740 -0.046913 0.079394 -0.204379 0.180510 0.161091 0.107308
-0.133365 0.352437 -0.020948 0.245594 0.041017 0.061712 -0.137134 0.069529 -0.144823 -0.009785 -0.011261 -0.028055 -0.082776 0.115987 0.037920 -0.009959 0.193554 -0.308765 0.123625 0.062140 -0.342328 0.246800 -0.020227 0.180719
0.057305 -0.132344 -0.018846 0.072025 -0.045056 0.184387 0.004016 0.197522 -0.239180 0.056987 0.131266 0.088957 -0.209377 -0.092736 0.069824 -0.144640 -0.071805 -0.413616 0.015244 0.081963 -0.227932 0.262865 0.317861 0.189011
-0.135399 -0.302450 0.047116 0.063937 0.092741 0.068503 0.232071 0.480707 0.009173 0.054744 0.114206 0.056773 0.013169 0.013104 0.121614 -0.086708 -0.123848 -0.527179 0.002490 0.229537 -0.232213 0.245021 0.287453 0.214373
-0.089715 0.009001 -0.173195 0.115482 -0.174811 0.209079 0.089920 0.546071 0.119827 0.021046 -0.018167 -0.004435 0.301244 0.065424 -0.012880 0.018176 0.046707 -0.431618 0.235661 0.350872 -0.086012 0.165621 0.048482 0.240438
-0.023393 0.214827 -0.017100 0.056120 0.137017 0.556239 -0.163080 0.462784 0.172381 -0.023605 0.036725 -0.009425 0.073706 -0.250941 -0.058671 0.174360 -0.060304 -0.406674 0.127446 0.205768 -0.077782 -0.041573 -0.023404 0.328578
-0.022010 0.186041 -0.375784 0.188275 0.060087 0.502845 -0.057660 0.225098 -0.223461 0.070604 0.040274 0.075022 0.286672 -0.311310 -0.013288 0.074150 -0.513441 -0.412182 0.137143 0.061019 -0.054985 -0.042047 -0.104586 0.226587
0.157194 0.141250 -0.466065 0.060845 -0.174807 0.307087 -0.141701 0.132922 -0.365688 -0.088122 -0.202619 -0.035620 0.174281 -0.141350 -0.092017 -0.057481 -0.650338 -0.216587 -0.024318 0.135132 -0.011411 0.062890 0.101949 0.374087
-0.001403 -0.004013 -0.382459 0.071795 -0.153276 0.339536 -0.077461 0.178351 -0.284505 0.030320 -0.179111 0.047300 -0.027021 -0.109118 -0.138503 -0.168631 -0.454069 0.039135 0.023768 0.024905 0.037392 0.126215 -0.103195 0.414184
0.081763 -0.118531 -0.174801 0.209827 0.179962 0.050118 0.201813 0.219564 -0.249659 0.236729 -0.045227 0.164875 0.015383 -0.118602 0.004980 -0.190040 -0.047601 -0.079604 -0.183864 -0.077282 -0.010715 -0.026562 -0.048647 0.398834
-0.068409 0.229170 -0.034546 0.315507 0.117884 0.363161 -0.013073 0.352180 -0.357224 -0.008442 0.162884 0.131960 -0.032873 -0.229105 -0.354803 -0.347302 -0.022457 -0.074511 -0.252465 -0.046521 0.098111 -0.257723 -0.112577 0.330655
-0.283423 0.009743 0.053458 0.051759 0.200254 0.251486 -0.103904 0.258620 -0.237589 0.133557 0.076509 -0.223999 0.051496 0.003846 -0.386476 -0.302875 0.009675 0.100602 -0.135625 -0.221278 0.204682 -0.401425 -0.334415 0.487708
-0.215988 -0.137502 0.183406 -0.257112 0.193828 0.425067 0.068237 -0.177736 0.001941 0.241180 0.193061 -0.270124 -0.466695 0.130255 -0.273248 -0.127075 0.161242 0.027182 -0.065293 -0.318848 -0.041852 -0.241132 -0.125864 0.351551
-0.380325 -0.446548 0.363383 -0.358813 0.251998 0.402416 0.109426 -0.290198 0.088623 0.196412 -0.101751 0.053399 -0.362703 0.097254 0.022728 -0.019634 0.178126 0.076100 0.171256 -0.186669 0.092367 -0.358948 0.074680 0.016417
0.091568 0.391306 -0.231774 -0.056245 -0.021386 -0.388344 0.086913 0.408201 0.756547 -0.022466 0.036419 -0.410743 0.727010 -0.006169 0.573459 0.052359 -0.673061 0.188856 0.013908 -0.321830 -0.199887 -0.019157 0.215930 0.234114
0.224499 -0.028521 -0.060220 -0.092561 0.112850 -0.369352 -0.349200 0.371170 0.131231 0.122896 0.020841 -0.042368 0.519728 0.009039 0.259172 0.210021 -0.224848 0.273129 -0.024056 -0.259723 0.075241 -0.151590 0.084462 -0.096414
-0.203070 0.105407 -0.147685 -0.137876 -0.132520 -0.245221 -0.083530 0.080822 0.259203 0.076400 0.178402 -0.009606 0.589096 -0.153121 0.146570 0.289274 0.053284 0.384959 -0.072605 -0.232188 -0.072179 -0.096534 -0.047984 -0.162563
0.056724 0.363755 -0.111057 -0.350930 -0.053850 -0.112459 0.083908 0.156310 0.088355 0.158721 0.175226 -0.082684 0.354274 -0.026480 0.003136 0.086295 -0.112704 -0.093092 -0.029096 -0.273122 0.192404 -0.053713 0.103030 -0.143557
-0.289304 0.099711 -0.178295 -0.102169 -0.068445 -0.048846 0.034083 -0.053002 0.059347 0.193064 0.034989 -0.075493 0.140022 -0.265615 -0.178985 0.473157 0.126198 -0.218572 -0.023315 -0.219930 0.075970 0.041064 -0.034728 -0.009943
-0.356501 0.116745 -0.109791 -0.048019 -0.131498 0.040741 -0.163611 -0.149905 0.227692 0.199612 -0.332221 0.049449 0.244653 -0.020503 -0.079664 0.531572 -0.118553 0.008560 0.061999 -0.000899 -0.006876 0.261776 -0.057236 0.071656
-0.000121 0.042971 0.120357 -0.031311 0.269013 0.103620 -0.084622 -0.289218 0.397508 0.036606 -0.346217 0.063275 0.088104 -0.028650 -0.207761 0.210985 -0.206896 0.130228 0.052195 0.082632 -0.079975 0.198184 -0.047987 -0.140639
-0.111085 0.105484 -0.053765 0.004954 0.115236 0.166376 0.035313 -0.365297 0.239567 -0.258764 0.070272 0.074945 -0.235172 -0.132831 -0.009436 -0.055209 -0.022617 -0.091710 0.062273 -0.001772 0.039481 -0.061289 0.005675 -0.124143
0.025661 -0.123651 0.101153 0.103148 -0.075389 0.238615 0.060902 -0.455149 0.278333 -0.135921 0.220963 -0.165896 -0.246904 -0.160819 0.020944 0.167362 0.077063 -0.054749 0.116037 0.210568 -0.049426 -0.059304 0.279178 0.009523
-0.173443 -0.074456 -0.088772 0.269526 -0.007445 0.328325 -0.001645 -0.234504 0.164415 -0.167141 0.237725 -0.105471 -0.261244 0.100135 0.078691 0.053601 0.173766 -0.220066 0.075475 0.246736 -0.019149 0.224331 0.310918 0.070403
-0.047942 0.004830 -0.062251 0.157324 -0.024978 0.158470 0.109749 0.287608 -0.184987 -0.097111 0.358525 -0.009737 -0.353930 0.218328 0.190416 -0.158167 -0.085436 -0.150347 0.012969 0.144794 -0.076921 0.128927 0.037586 0.159487
-0.114371 -0.094249 0.055982 0.264797 0.047335 0.133027 0.162057 0.361677 -0.221823 -0.220027 0.194655 -0.082271 0.041520 -0.014338 0.111017 -0.014954 -0.213790 -0.424741 -0.020087 0.383857 0.000938 -0.011433 0.267351 0.058300
-0.071154 -0.135459 -0.038467 0.113337 -0.064740 0.291500 0.144986 0.516947 0.118331 -0.019186 0.084301 -0.023704 0.320207 -0.091634 0.046077 -0.027423 -0.320485 -0.693705 0.105785 0.401215 0.022084 0.041362 0.159825 0.108821
-0.090619 -0.113417 -0.110994 0.122069 0.046479 0.201548 0.052794 0.486064 0.335868 0.121242 0.036123 -0.040978 0.059965 -0.135136 0.006853 0.031829 -0.088841 -0.484415 0.353137 0.498343 -0.018674 0.212963 -0.237768 0.147611
-0.053955 0.188703 -0.160381 0.076057 -0.153592 0.430313 -0.081087 0.344225 0.309764 0.043680 0.273870 -0.061747 0.267000 -0.204655 -0.056608 0.032811 -0.274584 -0.264184 0.262437 0.428213 0.052510 0.075602 -0.171031 0.094319
-0.051255 0.275985 -0.422908 0.140946 0.094462 0.641385 -0.170664 0.209456 0.061376 0.059081 0.271140 0.185573 0.131295 -0.420988 -0.046454 -0.118672 -0.708215 -0.384823 0.150066 0.299011 0.083046 -0.038905 -0.333334 0.180995
0.176752 0.136053 -0.556239 0.302466 -0.091312 0.138039 -0.027191 0.088754 -0.235174 0.221900 -0.027203 0.094847 0.186018 -0.352889 0.020525 -0.190324 -0.855074 -0.130425 -0.009214 0.441737 0.042690 -0.030459 -0.371379 0.348716
0.142315 0.109961 -0.508502 0.202733 -0.341787 0.309924 0.011915 0.157933 -0.200605 0.131927 -0.096501 0.149201 -0.193063 -0.226878 0.176850 -0.593240 -0.475325 0.117305 -0.059040 0.444432 0.099982 0.000060 -0.319598 0.310862
0.002073 -0.038357 -0.284107 0.072237 -0.054470 0.252537 0.113453 0.183682 -0.220047 0.178101 0.271338 -0.023124 -0.156303 0.036112 0.166125 -0.557514 -0.215853 0.116526 -0.019512 0.250780 0.002960 -0.190482 -0.354353 0.048529
-0.032257 0.134012 -0.121192 0.002736 0.097587 0.174693 0.017553 0.161644 -0.271577 0.136741 0.280753 0.015185 -0.251343 0.001094 -0.085621 -0.590403 -0.024527 0.109642 -0.058308 0.142428 0.105126 -0.413673 -0.213182 0.309503
0.026560 0.123307 -0.106201 0.021543 0.079987 0.045704 -0.057919 0.017131 -0.292681 -0.001502 0.236730 -0.060863 -0.275620 0.071863 -0.389855 -0.478090 -0.132182 0.012125 0.120964 0.361390 0.191901 -0.450481 -0.224234 0.042118
-0.063273 -0.272158 0.142132 -0.312870 0.124164 0.083435 -0.007310 0.034749 -0.259557 -0.111670 0.125676 -0.072181 -0.400241 0.317000 -0.212539 -0.380209 -0.140094 0.143173 0.105731 0.149035 0.157890 -0.381795 -0.183836 0.101322
-0.208591 -0.411721 0.048681 -0.401219 0.227885 0.032109 0.170765 -0.137720 0.005742 0.037618 0.122301 0.028252 -0.675401 0.328992 -0.038975 -0.188151 0.016767 -0.009891 0.122486 0.389967 0.174966 -0.207559 -0.127792 -0.202202
-0.025256 -0.553311 -0.112026 -0.331681 0.059272 0.081391 -0.065940 0.235486 -0.200973 -0.391689 -0.120169 -0.120322 -0.180266 0.435769 -0.172526 -0.063224 0.050501 -0.010992 0.000596 0.233929 0.075723 -0.382273 -0.150490 -0.131170
0.495229 0.319117 -0.013924 -0.035339 0.072477 -0.566804 -0.039687 0.262749 -0.586008 -0.206594 0.235328 0.030153 -0.132375 -0.139450 0.230022 0.035287 -0.026142 0.054883 0.167560 0.279391 0.263166 -0.272100 -0.280228 -0.033280
0.136810 0.050842 0.059235 -0.395770 0.124752 -0.398633 0.030422 -0.051740 -0.445208 -0.279604 0.154156 0.194282 -0.061924 -0.133099 0.233020 0.247955 0.271916 -0.110558 0.016953 0.047818 -0.014294 -0.121195 -0.318199 -0.166473
-0.090665 0.273973 -0.185408 -0.050534 -0.143215 -0.074741 0.123008 -0.160971 -0.055526 -0.162768 0.355183 0.119489 0.036106 0.024930 0.226637 0.199418 0.149279 -0.416022 -0.224867 0.008627 -0.133822 -0.140741 -0.320056 0.046902
-0.007093 0.206346 -0.339045 -0.091635 -0.091724 -0.195272 0.304501 -0.069747 -0.099956 0.022762 -0.029439 -0.014728 -0.121656 -0.147902 -0.100504 0.236359 0.152802 -0.283001 -0.134036 0.013010 -0.001106 -0.022114 -0.290181 0.075142
-0.223092 -0.186625 -0.266988 0.047366 -0.030859 0.105284 0.134020 -0.114311 0.289750 0.100252 -0.246180 -0.018074 -0.177936 -0.343063 0.105143 0.122450 0.055022 -0.402350 0.064933 0.096230 -0.153104 0.035869 0.036925 0.035941
0.079553 -0.021963 -0.101540 0.141048 0.111802 0.283855 -0.142051 -0.341603 0.482095 0.253196 -0.348969 -0.170424 -0.079012 -0.035843 -0.089925 0.061133 -0.104758 -0.071702 -0.144097 -0.025785 -0.254928 0.215523 0.294986 -0.055724
0.078644 0.057771 -0.081005 -0.004065 -0.004170 0.248741 0.157420 -0.467034 0.307917 -0.001065 -0.123281 -0.215364 -0.155565 -0.127723 0.189403 -0.179933 0.025471 -0.099309 -0.147456 -0.077486 -0.013178 0.050744 0.183441 -0.074457
0.007648 -0.204973 -0.186315 -0.005659 -0.065597 0.007411 0.092585 -0.428475 0.335100 -0.142137 0.178912 -0.353598 -0.193673 -0.163580 0.251462 -0.199121 0.006899 -0.236879 -0.027406 0.125646 0.047387 -0.128725 0.298595 -0.060602
0.002348 -0.259348 -0.095183 -0.090106 -0.063820 -0.120324 0.074776 -0.031304 0.135855 0.022188 0.326336 -0.333801 -0.060328 0.093146 0.197589 -0.025774 -0.006757 -0.381453 0.137525 0.275127 -0.054696 0.118257 0.355344 -0.006264
-0.058851 -0.066833 -0.014628 -0.043313 -0.092413 -0.206884 0.101963 0.132159 -0.148101 -0.134005 0.117629 -0.178771 -0.059225 0.152129 0.153138 -0.213058 -0.072461 -0.214705 -0.235656 0.188611 -0.035885 0.081860 0.052295 0.055603
-0.040300 -0.196111 -0.007039 -0.108667 -0.067941 -0.102994 0.049165 0.091186 -0.108790 -0.212110 0.024845 -0.189922 0.233367 0.288211 -0.075790 -0.184757 -0.300314 -0.069277 -0.109541 0.226415 0.147164 -0.146797 -0.137317 -0.116292
-0.027460 0.121988 0.082866 -0.035040 -0.150501 0.046703 -0.085688 0.277266 0.306801 -0.158924 -0.178248 -0.196148 0.354212 -0.142992 -0.061901 -0.376546 -0.319653 -0.305183 0.278104 0.305639 0.281762 -0.257546 -0.157690 0.111129
-0.150647 -0.031824 -0.173148 0.133529 -0.280209 0.077503 -0.492057 0.309073 0.399128 0.193499 -0.255533 -0.074350 -0.174830 -0.156574 -0.080668 -0.392813 -0.350218 -0.154442 0.351831 0.345259 0.236349 -0.036881 -0.552274 0.058783
-0.075663 0.128572 -0.199715 0.225195 -0.232144 0.185555 -0.359185 -0.074637 0.205905 -0.021576 0.052963 -0.137678 -0.225606 -0.047098 -0.121273 -0.269594 -0.638551 -0.052680 0.090021 0.264195 0.198452 0.009251 -0.637172 0.078292
-0.035008 0.463089 -0.242458 0.328134 0.027649 0.318902 -0.335112 -0.104508 -0.021912 0.098254 0.105496 0.177701 -0.053159 -0.123344 0.046937 -0.336761 -0.844823 -0.035268 -0.142187 0.209888 0.456744 -0.014129 -0.344991 0.241246
0.049817 0.280949 -0.401149 0.590200 -0.195384 0.266605 -0.196595 0.013402 -0.178352 0.284051 -0.045426 0.111778 -0.220414 -0.444393 0.085194 -0.454501 -0.623851 -0.018978 -0.327464 -0.007412 0.261217 -0.296180 -0.333128 0.103837
-0.013553 -0.062330 -0.289642 0.573609 -0.228719 0.012942 0.165479 0.059029 -0.267691 0.327929 -0.117920 -0.224012 -0.311368 -0.132401 0.070461 -0.612989 -0.440241 0.253560 -0.170051 0.191031 0.350106 -0.376079 -0.329741 -0.167907
0.116241 -0.130166 -0.232840 0.220575 -0.292025 0.274376 -0.033087 0.162466 -0.232966 0.196293 -0.046968 -0.344962 -0.428459 0.031105 0.172356 -0.826545 -0.076282 0.291213 -0.178153 0.214672 0.293336 -0.545057 -0.230486 -0.159361
-0.027977 -0.173239 -0.072897 0.005866 -0.021776 0.328531 0.129976 0.069213 -0.349701 0.189479 0.184796 -0.401477 -0.324568 -0.144936 0.038889 -0.655556 -0.059670 0.206904 -0.057254 0.223707 -0.003924 -0.723671 -0.134230 -0.099402
-0.012708 0.001784 0.033027 0.031901 0.081300 0.133655 0.130960 -0.015256 -0.161783 0.030363 -0.007161 -0.087451 -0.285773 0.121155 -0.103015 -0.395855 -0.071601 -0.010721 -0.049568 0.345503 0.007790 -0.640249 -0.159039 -0.075375
-0.094247 -0.166447 0.056546 -0.043386 -0.028325 -0.034152 0.098423 0.063811 -0.258491 -0.270927 -0.134641 0.252418 -0.367441 0.249280 -0.085504 -0.616868 -0.241892 -0.041031 0.105349 0.422182 -0.084334 -0.386624 0.140473 -0.299913
-0.289348 -0.579173 0.067012 0.004175 0.028290 0.000873 0.153982 -0.112447 0.023665 -0.171960 -0.040944 0.207649 -0.675946 0.488965 -0.280611 -0.432023 -0.210043 -0.207767 0.016062 0.229266 -0.162521 -0.279783 -0.140739 -0.221283
-0.166093 -0.609734 -0.058180 -0.073785 0.058090 -0.285193 0.023371 -0.096565 0.017186 -0.306082 -0.131776 0.256245 -0.292027 0.360365 -0.313227 -0.115178 -0.207420 -0.127507 0.167181 0.041649 -0.072118 -0.353254 -0.139035 -0.378300
0.374031 -0.279991 -0.088178 -0.117699 -0.109352 -0.284441 -0.133225 0.120115 0.153261 -0.611709 -0.121515 0.184847 -0.140108 0.251467 -0.024224 -0.134727 -0.149061 -0.220916 -0.079642 -0.375180 -0.088070 -0.517941 -0.169850 -0.363161
-0.039568 0.028212 0.243144 0.015318 -0.178940 -0.132116 0.507172 0.099155 -0.281737 -0.125651 -0.025113 0.403120 -0.086046 -0.134099 0.235763 0.030355 0.117766 -0.380530 0.044329 0.452853 0.362655 -0.050249 -0.427758 -0.026065
-0.048078 -0.208172 0.238465 -0.156883 0.068176 0.204373 0.238806 -0.238058 -0.248941 -0.110151 0.037446 0.245403 -0.002284 -0.069089 0.112353 0.211924 0.194739 -0.220943 -0.214879 -0.006712 -0.022061 -0.129175 -0.163613 0.008114
-0.041693 0.180327 0.141139 -0.189391 -0.180818 0.396354 0.156098 -0.248267 0.140965 -0.159586 -0.143864 -0.022035 -0.174009 -0.087653 0.117074 0.227990 0.170077 -0.112666 -0.178214 -0.190543 0.023508 -0.158608 -0.243291 -0.107907
-0.033865 -0.067894 0.026471 0.036186 -0.040354 0.273346 -0.004021 -0.103051 -0.056625 -0.019323 -0.452549 0.080994 -0.139371 -0.304624 -0.146897 -0.077987 -0.069977 -0.149216 -0.109902 -0.143085 0.156283 0.113742 -0.055752 -0.210851
0.031205 -0.314661 -0.015195 0.255684 -0.055699 0.393834 -0.074069 -0.104901 0.136887 -0.122023 0.056112 0.139354 -0.352936 -0.197140 0.085264 -0.123105 -0.341603 -0.299530 -0.009677 0.014364 -0.120384 0.135990 0.215192 -0.025318
-0.129141 -0.135719 0.187278 0.013073 -0.149877 0.488011 -0.149616 -0.085283 0.311344 -0.106882 0.169425 0.022590 0.027795 0.234664 0.126069 -0.199776 -0.529400 -0.209631 -0.002394 -0.183938 -0.047332 -0.015342 -0.015247 -0.011006
-0.111167 -0.353831 0.168019 0.016171 -0.000263 -0.158725 0.128944 -0.051723 0.071339 -0.320471 0.107789 -0.107493 -0.047977 -0.041941 -0.088878 -0.461490 -0.191803 -0.209367 -0.033926 0.110143 0.033669 -0.157311 -0.015613 0.017225
-0.000019 -0.074322 0.094842 0.140989 -0.022317 -0.342618 0.041291 0.156171 0.086219 -0.088495 0.172998 -0.172178 -0.227272 -0.133039 -0.013955 -0.352953 -0.150879 -0.228320 0.033307 0.164898 0.021067 0.252164 -0.029669 -0.254141
0.075013 -0.078480 0.017247 0.009499 -0.195557 -0.377658 -0.106742 0.145466 -0.176998 -0.003912 0.023861 -0.233209 0.068780 -0.042655 -0.039356 -0.212942 -0.185706 -0.167433 -0.124732 0.218051 0.038310 0.201769 -0.066077 -0.037935
-0.060844 -0.020480 -0.079501 0.000016 -0.185477 -0.159146 -0.137426 0.087546 -0.172994 0.049628 -0.118320 -0.300584 0.089157 0.044361 -0.104713 -0.432811 -0.192068 0.073797 -0.124634 0.124232 0.094689 0.211336 -0.485085 -0.105972
0.037006 0.018933 -0.085367 -0.157082 -0.170090 -0.204541 -0.440966 0.048322 0.255212 0.319579 -0.274505 -0.209533 -0.379709 0.014450 -0.143922 -0.416546 -0.545978 -0.141162 0.175022 0.140024 0.093252 0.043169 -0.526585 -0.206083
0.094218 0.124603 -0.190276 -0.039686 -0.104524 -0.197063 -0.521408 -0.228035 0.165241 0.444940 -0.134053 -0.029817 -0.309667 0.055077 -0.071554 -0.346524 -0.432909 -0.085294 0.305468 0.111749 0.056554 -0.071668 -0.345074 -0.057423
0.118149 0.183432 -0.057385 0.152057 0.014468 -0.258041 -0.546836 -0.343168 0.097929 0.151526 0.023284 0.007528 -0.589623 -0.060014 0.179197 -0.403763 -0.555353 0.045765 0.009320 -0.195700 0.177047 0.005655 -0.596074 -0.115338
0.061473 0.336494 -0.030462 0.220794 0.116465 0.187010 -0.307110 -0.530446 0.004231 0.154348 0.137493 0.086483 -0.386593 -0.021671 0.218586 -0.146443 -0.692145 0.055399 -0.328748 -0.422024 0.143250 -0.425811 -0.551874 -0.378413
-0.155580 0.462773 -0.146379 0.584556 -0.034093 0.059523 0.016134 -0.234773 -0.170333 0.130343 0.038569 0.004784 -0.321200 -0.386313 0.230143 -0.241406 -0.434514 0.276898 -0.483329 -0.500858 0.351611 -0.464544 -0.162147 -0.258679
-0.078689 0.411603 -0.116840 0.589288 -0.110337 -0.090841 0.247761 -0.011516 -0.146576 0.347917 -0.124641 -0.326105 -0.378389 -0.378078 0.168048 -0.422259 -0.096539 0.198167 -0.407819 -0.513771 0.293133 -0.691545 -0.180828 -0.468784
0.221139 -0.103171 0.073440 0.369208 -0.085032 -0.078562 0.162094 0.170470 -0.250437 0.337042 -0.073573 -0.456351 -0.143221 -0.106389 -0.051479 -0.702709 -0.155070 0.229958 -0.203057 -0.484423 0.374468 -0.685661 -0.261428 -0.564272
-0.092150 -0.227539 0.020851 -0.230849 -0.075103 0.242482 0.188040 0.056955 -0.313632 0.439976 -0.073329 -0.388880 -0.224900 -0.225474 -0.075668 -0.666948 0.036716 0.183802 -0.005689 -0.351607 0.156684 -0.675160 -0.361552 -0.546044
-0.244642 -0.266709 0.172331 -0.131822 0.010605 0.241398 0.305543 0.092590 -0.092561 0.396050 0.093282 -0.243590 -0.115661 0.021082 -0.310634 -0.392531 0.081835 -0.061153 0.010910 -0.238692 -0.027692 -0.460862 -0.164370 -0.409723
-0.104494 0.015276 0.244942 -0.101984 0.036075 0.087124 0.294384 0.004589 -0.009763 0.011207 -0.092717 0.377321 -0.265891 0.133297 -0.303951 -0.426744 0.075299 0.036417 0.166002 -0.112378 0.027640 -0.287843 0.011823 -0.086488
-0.283554 -0.394113 0.366831 -0.133352 -0.071407 0.084116 0.020904 -0.023321 0.046286 -0.104550 -0.015632 0.348277 -0.475814 0.060567 -0.193367 -0.264583 0.040833 0.019272 -0.055105 -0.165521 -0.028615 -0.203049 0.009690 -0.311641
-0.147966 -0.639536 0.096878 -0.123447 -0.028433 0.203495 -0.150740 -0.447980 0.173617 -0.028612 0.255216 0.176759 -0.502111 0.134680 -0.207101 -0.077665 -0.165438 -0.167993 -0.035272 -0.385036 0.019962 -0.339504 -0.008993 -0.281816
0.071666 -0.501974 0.080153 -0.223619 -0.180990 0.095831 -0.490790 -0.334518 0.133325 -0.229404 0.173791 0.341665 0.019024 -0.060866 -0.064030 -0.156009 -0.221405 -0.302017 0.175336 -0.417800 0.254431 -0.360034 -0.060373 -0.300743
0.379328 -0.220890 -0.036426 -0.357384 -0.113641 -0.081277 -0.379964 -0.312349 0.059966 -0.599458 0.116732 0.568890 -0.045439 0.234602 0.197984 -0.136897 -0.251710 -0.027220 0.090949 -0.504902 0.211349 -0.228623 -0.080939 -0.613395
-0.014050 0.192762 -0.168728 0.277007 0.212975 0.564995 0.176302 -0.406904 0.355774 0.182426 -0.108156 0.193531 0.064774 -0.225190 -0.357026 -0.056239 0.080333 -0.023746 -0.085275 -0.281144 0.352989 -0.076028 -0.079747 -0.146943
0.166515 0.015145 0.003947 -0.042247 0.099397 0.717158 0.041573 -0.356900 0.547622 0.136119 -0.251540 -0.083010 0.107411 -0.034467 -0.309376 0.165678 0.165958 0.162968 -0.106765 -0.558799 -0.108265 -0.103266 0.082284 -0.377156
-0.267764 -0.064856 -0.012164 -0.087496 -0.182544 0.615083 -0.193736 0.063475 0.175778 0.073819 -0.131000 0.126644 0.086796 -0.322569 -0.348706 -0.057545 0.032183 0.156720 -0.115812 -0.181076 0.309476 -0.106478 0.002198 -0.484440
-0.276833 -0.144803 -0.100834 0.140110 -0.089342 0.506503 0.264201 0.013551 -0.067864 0.263791 -0.031632 0.180967 0.157601 -0.267632 -0.373851 -0.075701 -0.074972 -0.097396 0.015473 0.071159 0.364808 0.251251 -0.244587 -0.228838
-0.377323 -0.198334 -0.264902 0.319149 -0.204192 0.414610 0.000187 -0.030224 0.080568 0.087713 0.019144 -0.004409 0.394609 0.041200 -0.181368 0.136656 -0.259161 -0.244164 0.161803 -0.113923 -0.068880 -0.012419 -0.191868 0.032677
-0.182215 0.023294 -0.067945 0.144825 0.091111 -0.082515 0.066038 -0.092604 0.086473 0.091056 0.069683 -0.042131 0.404722 0.236365 -0.110878 -0.107315 -0.154750 -0.179598 0.235066 0.047379 0.114369 -0.186410 -0.324752 -0.010260
0.169947 0.181347 0.025030 0.126574 0.042052 -0.400269 0.134802 0.057434 -0.085201 0.051046 0.169730 -0.024508 -0.034249 0.086766 -0.090412 -0.308976 0.039804 -0.122628 0.111609 -0.038887 0.102139 -0.248354 -0.279234 -0.226351
0.101823 0.325048 -0.066413 0.160989 -0.074478 -0.311302 0.244661 0.336389 -0.167160 0.042007 0.199109 0.090002 0.112048 -0.362103 0.092143 -0.186538 -0.136313 -0.069435 -0.043386 0.128440 -0.108497 -0.063114 -0.187829 -0.218734
0.034969 0.265766 -0.148232 0.161880 0.031971 -0.058246 0.128944 0.109827 -0.222887 -0.025776 0.039967 0.062854 0.169685 -0.014517 -0.045600 -0.089693 -0.327851 0.042212 -0.047066 0.095441 0.019074 -0.102642 -0.318085 0.005188
-0.154200 -0.003115 -0.144069 0.097773 0.118259 -0.132045 -0.141140 -0.060472 0.012263 0.115846 -0.264432 -0.197120 -0.136791 0.169783 -0.127754 -0.255077 -0.257082 0.270511 0.161969 0.207344 0.048679 -0.079346 -0.389878 0.061380
0.127909 -0.058446 -0.116386 -0.075441 0.111216 -0.044935 -0.365738 -0.064374 -0.137409 0.301075 -0.055223 -0.008555 -0.370031 0.188008 -0.063109 -0.161689 -0.363245 0.086274 -0.010523 0.324671 0.046934 -0.237506 -0.143645 -0.118444
0.090375 0.252600 -0.034616 0.354194 0.117308 -0.371970 -0.230702 -0.456941 -0.127343 0.266697 -0.005956 0.102990 -0.266490 0.244686 0.020454 -0.020778 -0.549590 0.261137 -0.258389 0.383037 -0.017936 -0.144054 -0.196226 -0.170147
-0.180577 0.209659 -0.082401 0.207834 0.051179 -0.058407 -0.100258 -0.643201 -0.164260 0.091886 0.190218 0.049801 -0.495785 0.036805 0.236340 -0.201248 -0.456055 0.415688 -0.348338 -0.031700 -0.040786 -0.295284 -0.431935 -0.242074
-0.267706 0.351259 -0.124707 0.347581 -0.095660 0.058347 0.143469 -0.129066 0.164361 -0.036685 0.302787 -0.266627 -0.217018 -0.318970 0.139966 -0.092796 -0.301329 0.354836 -0.607526 -0.109498 -0.012158 -0.652501 -0.164892 -0.548305
-0.115401 0.317679 0.009425 0.318829 -0.190907 0.010262 0.307571 0.038064 0.037300 0.171975 -0.037670 -0.459779 -0.127293 -0.294904 0.159801 -0.132034 -0.087800 0.185015 -0.226423 -0.339540 0.218479 -0.543141 0.010980 -0.363478
0.243118 -0.165526 0.273698 0.073119 -0.099892 -0.160548 0.410691 0.061490 -0.193147 0.362758 -0.205167 -0.715151 -0.145229 -0.444417 -0.020792 -0.236727 -0.106925 0.146620 -0.062324 -0.535814 0.197466 -0.543707 -0.104664 -0.423238
-0.155771 -0.685066 0.228853 -0.148034 -0.284037 -0.139516 0.324542 0.023449 -0.254081 0.366513 -0.089289 -0.550367 0.110111 -0.122572 -0.267565 -0.111377 0.126917 0.202168 0.191739 -0.658294 0.038879 -0.518498 -0.249584 -0.472499
-0.689409 -0.541744 0.148110 -0.264595 -0.113589 0.153003 0.257155 0.022183 -0.052858 0.312442 -0.113399 0.025072 0.022983 -0.024373 -0.109443 -0.055427 0.198115 0.050903 0.265993 -0.648036 0.029761 -0.249838 -0.229216 -0.562677
-0.568856 -0.453660 0.502182 -0.112812 -0.119251 0.290463 0.260517 0.064062 -0.063907 0.160081 0.068158 0.238568 -0.181343 0.095029 -0.378653 -0.151707 0.189115 -0.063632 0.146986 -0.360540 0.077149 -0.232649 0.047981 -0.387074
-0.350807 -0.143751 0.357753 -0.152624 -0.163824 0.098485 0.053576 -0.016532 0.105824 0.095243 0.084032 0.308230 -0.243493 0.163704 -0.273922 0.038658 0.225896 0.121133 0.179960 -0.259404 0.367278 -0.088795 0.085511 -0.226304
-0.168503 -0.350404 0.391987 -0.297497 -0.044062 0.072775 -0.277695 -0.355584 -0.002402 -0.120184 0.138865 0.185481 -0.241802 0.084214 -0.031617 0.064175 -0.118774 0.139887 0.172568 -0.301277 0.248555 -0.126334 0.102938 -0.614703
0.072013 -0.427637 -0.041693 -0.085684 0.084878 0.371809 -0.201261 -0.396878 0.059021 0.016596 0.360267 0.053610 -0.063011 -0.065607 0.121252 -0.097500 -0.438567 -0.132110 0.021202 -0.280334 0.528387 -0.185108 0.001474 -0.337439
0.147277 -0.240526 -0.013937 -0.340235 -0.070447 0.048923 -0.228506 -0.121920 -0.066704 -0.195870 0.056525 0.276335 0.299040 0.097358 -0.045414 0.062910 -0.257892 0.032595 0.108126 -0.186039 0.420351 -0.058545 0.050215 -0.522623
0.564800 0.325973 0.057775 -0.119526 0.029248 0.198632 -0.123800 -0.067997 -0.151789 -0.384115 0.099709 0.508518 0.103995 0.284173 0.201913 0.124357 -0.356175 0.261108 -0.283282 -0.190138 0.262921 0.122396 0.287399 -0.924769
0.075296 0.237849 -0.302120 0.027739 0.265311 0.531461 0.131102 -0.276567 0.410343 0.656636 -0.073871 -0.429361 0.011600 0.057979 -0.065396 -0.054085 0.295401 0.002201 -0.037024 -0.452283 -0.377718 0.100510 -0.088099 0.127315
-0.290773 -0.127678 -0.191986 -0.059696 0.232649 0.453083 0.048513 0.013263 0.334987 0.394043 -0.176118 -0.089270 -0.257775 -0.042576 -0.188211 -0.091550 0.619681 0.099863 -0.258626 0.003804 0.021522 0.133513 0.315805 -0.120800
-0.582274 -0.041117 -0.259313 -0.191213 0.084421 0.523280 0.079269 0.142668 0.006940 0.457743 -0.072331 0.246433 -0.087499 0.039431 -0.185096 -0.142444 0.186337 0.024148 -0.158824 -0.019548 0.442830 0.261833 0.050712 0.007284
-0.564655 -0.135351 -0.198174 -0.147177 -0.075723 0.249735 0.389477 -0.256354 -0.224428 0.205763 0.141518 -0.024844 0.120570 0.300104 -0.105204 -0.046984 0.082486 -0.093679 -0.138282 0.077275 0.103986 0.254817 -0.131356 0.120557
-0.420847 0.093819 -0.106738 0.052371 0.145463 -0.381202 0.183865 -0.063862 -0.223144 0.203989 -0.118219 -0.097416 0.174160 0.048624 -0.008393 -0.049284 0.128378 -0.026662 0.028405 0.059951 0.022654 0.172930 0.067995 -0.006791
-0.193850 0.372790 0.162950 -0.193735 0.059216 -0.577632 0.232800 -0.030674 -0.021282 0.033310 0.146014 0.017955 0.001670 0.222588 -0.040045 -0.156070 -0.013318 0.100978 -0.029402 0.137523 0.229943 -0.259171 0.013242 0.083611
-0.159144 0.281756 -0.075052 -0.013916 -0.177491 -0.428459 0.193351 0.202645 -0.083084 0.158061 0.187154 0.120665 -0.082534 -0.168322 0.027912 -0.150511 -0.213526 0.043903 -0.097451 0.063241 -0.106861 -0.277615 0.041222 -0.315178
-0.076107 0.153045 -0.162486 0.032125 0.021670 -0.286335 0.146763 -0.005355 -0.026239 0.128187 0.180091 0.269638 0.186444 -0.198840 0.002937 -0.155784 -0.182119 0.108613 0.045391 0.119088 -0.128812 -0.350130 0.039465 -0.114355
-0.012092 -0.040007 0.073822 0.018769 0.078172 -0.215325 0.043053 -0.130443 -0.064034 -0.010890 -0.183294 0.021527 0.273916 0.137717 -0.127476 -0.075506 -0.111223 0.287960 0.007559 -0.018896 -0.027640 -0.511664 -0.024630 0.114928
-0.139839 0.102697 0.025965 0.014723 0.211900 -0.098248 -0.088773 -0.057967 -0.091672 0.147871 0.067537 0.104055 0.136345 0.310688 -0.051508 -0.262191 -0.186831 0.165876 -0.061030 0.164793 0.008127 -0.400503 -0.026315 -0.094464
-0.161796 0.117943 0.088543 0.177413 0.160863 -0.053807 -0.083510 -0.200455 0.034471 0.106690 0.042323 0.031468 0.114972 0.275437 0.004611 -0.222511 -0.345286 0.141542 -0.197496 0.460255 0.024331 -0.180694 -0.209436 0.055591
-0.275014 0.463809 -0.012021 0.245996 0.022031 0.142089 0.130960 -0.202970 0.124094 -0.035288 0.242333 -0.074437 0.024170 0.168645 0.150852 -0.222085 -0.269451 0.189184 -0.280827 0.171779 0.096327 0.027805 -0.253961 -0.054272
-0.375037 0.290917 -0.403049 0.262868 -0.030681 0.154884 0.123239 0.212483 0.148172 -0.099771 0.297726 -0.195520 -0.134586 -0.074491 0.179694 -0.142818 -0.151963 0.233975 -0.189993 -0.076683 -0.138641 -0.169116 -0.215193 -0.127197
-0.070109 0.055212 0.049713 0.103403 -0.183577 0.181782 0.532346 0.068543 0.238894 0.054832 0.116056 -0.423151 -0.010235 -0.378068 -0.053853 -0.085325 -0.185231 0.142447 -0.173973 -0.046304 -0.088667 -0.079704 0.306942 -0.102344
0.037857 -0.329556 -0.035623 0.147905 -0.329576 -0.185706 0.492357 -0.110405 -0.086919 0.249672 -0.373287 -0.376269 -0.054850 -0.464039 -0.169463 -0.175167 0.033445 0.132752 0.042289 -0.065085 -0.170932 -0.273816 0.241303 0.039940
-0.059733 -1.241357 0.157874 0.032216 -0.394282 -0.168994 0.196043 -0.121531 -0.341743 0.549822 -0.272478 -0.348524 -0.051835 -0.137065 -0.360069 -0.164800 -0.069574 0.179470 0.459196 -0.164504 -0.051095 -0.341005 0.008476 -0.388737
-0.595417 -1.128844 0.151954 -0.115409 -0.284828 -0.016245 0.230008 -0.103745 -0.095261 0.045844 -0.164618 0.009518 0.028397 0.116574 -0.114500 0.190416 0.272774 0.020824 0.166876 -0.153378 0.071707 -0.174787 0.037019 -0.354936
-0.870363 -0.565471 0.275593 -0.198122 -0.129798 0.014313 0.092450 0.003965 -0.036886 -0.088892 0.106915 0.227174 -0.091355 0.118092 0.014932 -0.065088 0.064616 -0.016782 0.391903 -0.175098 0.088405 0.098244 0.210645 -0.373278
-0.384196 -0.262090 0.497847 -0.145873 -0.005600 0.020913 -0.085569 0.069357 0.108618 -0.073126 0.113869 0.313648 -0.292387 0.367307 0.049778 0.018971 0.141255 -0.092291 0.256958 -0.054695 0.104241 0.174610 0.205823 -0.475426
-0.072642 0.039585 0.134024 -0.354495 0.059201 -0.179484 -0.345680 -0.154099 -0.125833 -0.358467 0.083353 0.329387 -0.100015 0.228110 0.287417 0.043360 -0.195358 -0.011289 0.199260 -0.130951 0.183399 0.165018 -0.004310 -0.559291
0.041162 -0.055040 0.087911 -0.256752 0.132240 0.197004 -0.123198 -0.218526 -0.206241 -0.148561 0.168869 0.166107 0.056681 0.111262 0.343691 0.183669 -0.150472 -0.107824 -0.059844 -0.147166 0.324697 0.133163 -0.210720 -0.600205
0.214441 -0.141708 -0.107877 -0.200674 0.188077 -0.101227 0.048850 -0.145307 -0.064340 -0.123232 0.070030 0.183642 0.208115 0.081572 0.266181 0.033407 -0.153189 -0.190786 -0.188268 -0.112002 0.192997 0.017305 0.144988 -0.624577
0.341741 0.247049 -0.135117 -0.506317 0.038016 -0.264760 0.131173 0.070855 -0.047438 -0.334909 -0.110029 0.345843 0.397251 0.444869 0.073619 0.068974 -0.219001 0.112411 -0.091146 0.018520 -0.014776 -0.078819 0.009641 -0.760273
0.412030 0.443324 0.135983 -0.624818 -0.073474 -0.194231 -0.114160 -0.074459 0.066913 -0.398298 -0.307671 0.250030 0.164744 0.420579 -0.005213 0.042746 -0.094111 0.302650 -0.326550 -0.021689 0.160093 0.291140 0.161120 -0.740994
-0.224447 -0.012428 0.330135 -0.440216 -0.153203 -0.061053 0.462018 0.275905 0.242585 0.344375 0.230385 -0.185525 -0.601172 -0.310477 0.141595 -0.185643 0.510787 0.048524 -0.097390 0.020649 -0.154087 0.239997 0.078694 -0.029734
-0.206289 -0.077537 0.206152 -0.409626 0.144118 -0.146337 0.107710 0.173479 -0.011618 0.118650 0.394332 0.183333 -0.660676 -0.039751 0.066332 -0.237955 0.000771 -0.180163 -0.236642 -0.078569 0.094836 0.186540 0.040771 0.240055
-0.353070 -0.249541 -0.011485 -0.290015 -0.015119 -0.252201 0.027602 0.270544 -0.295449 0.149719 0.559987 -0.030608 -0.417323 -0.030646 0.107713 0.003096 -0.193537 -0.227641 0.031684 -0.158818 0.137508 0.358987 -0.174881 0.094210
-0.346433 -0.287661 -0.189799 0.122709 -0.021436 -0.396300 0.163299 0.269545 -0.500899 -0.125384 0.328217 0.092578 -0.593093 0.124382 -0.038532 0.065621 0.002772 0.060607 0.134135 0.201459 -0.089497 0.277145 0.045876 0.217785
-0.063878 0.152582 0.106349 -0.007749 0.186364 -0.629029 -0.134829 0.129314 -0.430086 0.012396 0.052812 -0.019544 -0.622861 -0.111321 -0.137066 -0.307979 -0.068544 0.129298 0.115284 0.187240 -0.076065 0.056751 0.222265 0.034381
-0.070056 0.031740 -0.016875 -0.089970 0.002278 -0.570936 -0.261784 -0.023543 -0.098175 -0.065748 0.113537 0.030699 -0.334618 -0.005599 -0.172101 -0.442620 -0.165010 0.017794 -0.101705 0.555865 0.129471 -0.003766 0.046180 -0.041709
-0.166109 -0.143132 -0.129631 0.259478 0.006821 -0.558785 0.035751 -0.064109 -0.169241 -0.010808 -0.064437 0.094323 -0.186708 -0.062986 -0.127377 -0.196899 0.042365 0.079809 -0.022124 0.394830 -0.097413 0.040858 0.102802 -0.316549
-0.182718 0.048048 -0.027332 0.118640 0.060828 -0.402315 0.037089 -0.059596 -0.103641 0.011217 -0.208566 0.232046 0.014877 -0.132390 -0.022018 -0.122388 0.233945 0.125968 -0.063622 0.226892 0.087998 0.024969 -0.066950 -0.059669
-0.284374 0.262996 -0.028627 0.103137 0.108352 -0.266290 -0.018666 -0.086296 0.035703 0.103932 -0.191154 0.170918 0.075526 0.326758 -0.128743 -0.144546 0.108151 0.184701 -0.144431 0.005840 0.021112 -0.252207 -0.071408 -0.162970
-0.298558 0.559050 0.149941 0.180714 -0.047457 -0.267542 -0.009658 -0.090266 0.114760 0.234454 0.017384 -0.015595 0.221343 0.393090 -0.003648 -0.335201 -0.087040 0.037343 -0.121062 -0.004506 -0.126431 -0.245013 -0.155823 -0.104690
-0.396003 0.463686 0.172439 0.155632 0.111376 0.010528 -0.034898 -0.109041 0.190262 0.158480 -0.004243 -0.139372 0.238069 0.233729 0.122083 -0.292558 -0.195365 0.213448 -0.177047 0.140793 -0.031833 -0.070557 -0.048149 0.028724
-0.260994 0.302042 -0.300979 0.163196 0.087783 0.034330 0.387079 -0.037061 -0.088227 -0.219826 -0.182157 -0.140561 0.058204 0.024824 0.136922 -0.115454 -0.120981 0.249205 -0.013718 -0.004680 -0.061823 -0.307909 -0.098888 -0.067645
-0.253877 -0.027234 -0.019166 0.061888 -0.036443 0.184340 0.337322 0.102589 -0.093576 -0.039729 -0.101257 -0.143864 -0.128812 -0.045825 0.050201 -0.197825 0.096050 0.150754 0.052377 0.079877 -0.092928 -0.305475 0.257859 -0.108400
-0.225347 -0.005853 -0.023312 0.358326 -0.421286 -0.023078 0.443440 -0.090457 -0.004180 0.168463 -0.305820 -0.085683 -0.046253 -0.118997 -0.173402 -0.191872 -0.065578 0.042455 0.193710 -0.002494 -0.096150 -0.135793 0.339757 0.199874
-0.340776 -0.592459 -0.160559 0.118841 -0.377185 -0.018931 0.285183 -0.065213 -0.374999 0.424738 -0.453387 -0.171621 -0.028870 -0.086880 -0.431097 0.014792 0.224622 0.090352 0.350306 -0.096363 -0.026519 -0.201251 0.244792 -0.217753
-0.711025 -0.908437 0.010822 0.093460 -0.088199 0.167303 0.059993 -0.132264 -0.216067 0.098112 0.076192 0.109997 -0.062973 0.413096 -0.521723 -0.002231 0.124369 -0.065960 0.331298 -0.084787 -0.242731 0.034414 0.266944 -0.261962
-0.825485 -0.715907 0.094769 -0.062004 -0.036007 -0.093355 0.062970 -0.028850 -0.177637 -0.368273 0.203005 0.262839 0.146292 0.359052 0.026638 0.154929 0.162492 0.031616 0.236348 0.009493 -0.044741 0.128143 0.385865 -0.084241
-0.454467 -0.506087 0.160846 -0.350165 0.067786 -0.052874 -0.248753 -0.056123 -0.041525 -0.335761 0.109267 0.495498 -0.146261 -0.014852 0.371438 0.147000 0.051184 0.084516 0.301815 -0.211405 -0.070515 0.404212 0.062184 -0.486056
-0.148772 -0.244033 0.102773 -0.117962 0.159592 -0.177710 -0.322101 -0.028523 -0.169094 -0.289577 -0.004149 0.374642 -0.245814 0.117192 0.479679 0.120884 0.118429 0.002991 0.055783 -0.082534 0.107324 0.505121 -0.019108 -0.241846
0.001880 -0.076599 -0.097490 -0.191917 0.115731 -0.117148 -0.137859 -0.129316 -0.050420 -0.363041 -0.087376 0.314961 0.099336 0.137387 0.551193 0.293380 -0.085045 0.052445 -0.167401 -0.154948 0.034147 0.359486 -0.153942 -0.224203
0.234156 -0.022273 0.151828 -0.180473 0.304032 0.022100 0.143571 -0.046470 -0.013008 -0.318754 -0.042570 0.055961 -0.038684 0.187543 0.346797 0.215945 -0.122372 0.027012 -0.412613 -0.297682 -0.093748 0.236580 -0.072790 -0.474734
0.603029 0.017845 0.014751 -0.367702 0.177901 -0.228494 0.227728 -0.119986 0.082529 -0.371044 -0.081994 0.030733 0.157766 -0.042627 0.198567 0.038261 -0.064771 0.005414 -0.395434 0.061010 -0.062813 0.038347 -0.126170 -0.341299
0.575486 0.400828 -0.009822 -0.588505 -0.050309 -0.452562 0.091174 -0.133710 0.357592 -0.192877 -0.142339 0.006041 0.095642 0.372474 -0.254856 0.088807 -0.105532 0.012792 -0.277101 0.078362 0.020186 0.179814 -0.134914 -0.366632
0.773948 0.294703 0.051766 -0.567612 -0.170330 -0.059038 -0.131317 -0.287815 0.157530 0.012854 -0.152734 -0.283387 -0.038596 0.212021 0.001395 0.162898 -0.176808 0.074826 -0.507046 -0.220591 0.145611 -0.036995 0.229722 -0.286963
0.156963 0.298378 -0.221079 0.047795 0.305971 -0.799008 0.468925 -0.092173 -0.188841 0.096522 0.339449 0.395313 -0.604899 -0.484433 0.064228 0.350135 0.256938 -0.225589 0.226927 -0.350283 0.323204 0.224145 -0.793844 -0.460410
-0.023674 -0.140243 -0.127086 0.299652 0.089662 -0.603936 0.162913 0.089442 -0.045953 -0.064794 0.375669 0.243552 -0.336987 -0.015108 0.094116 0.468090 -0.360442 -0.347818 0.363535 -0.314969 -0.250314 0.102436 -0.280534 0.087672
-0.369265 -0.254213 -0.437956 0.203241 -0.057668 -0.355831 0.066836 0.267572 -0.275490 -0.070984 0.288505 0.197044 -0.325926 0.008298 -0.013801 0.373093 -0.241509 -0.016458 0.321951 0.165397 -0.210151 0.119902 -0.218661 0.286906
0.043012 -0.100944 -0.162027 0.011056 -0.082729 -0.344624 -0.023547 0.240322 -0.497427 -0.199503 0.122193 0.048374 -0.450545 0.137528 -0.254298 0.092399 -0.190314 0.007792 0.184916 0.010274 -0.387665 -0.001071 -0.117385 0.001591
0.232118 0.039275 -0.078165 0.179228 0.286058 -0.627724 -0.080181 -0.244940 -0.417795 -0.065429 -0.144892 -0.031394 -0.251794 -0.024975 -0.146883 -0.079131 -0.200164 -0.183905 0.109184 0.419583 -0.203972 0.241732 -0.027869 -0.042770
-0.156754 -0.075197 -0.158815 0.186022 0.143631 -0.481639 -0.288672 -0.086858 0.047626 -0.254324 -0.053605 0.065944 -0.065772 0.137324 -0.145054 0.017630 -0.013786 -0.065212 0.033853 0.440808 -0.218840 0.062500 -0.025085 -0.060445
0.032314 0.058948 -0.146995 0.271955 0.162683 -0.463516 -0.107512 0.015024 -0.189999 -0.327195 -0.326478 0.233458 -0.067192 -0.162411 -0.021057 0.019330 0.132011 0.180798 -0.072819 0.135311 -0.121923 0.192553 -0.155139 -0.121325
-0.130124 0.110635 0.191690 0.076001 0.180905 -0.222285 -0.047106 -0.165320 -0.160227 0.074992 -0.059356 0.109247 -0.139250 -0.151027 -0.244624 -0.206163 -0.043532 0.128336 -0.264669 0.218392 -0.154495 -0.179596 -0.118185 0.010491
-0.313924 0.365584 0.101794 0.250627 -0.119652 -0.235772 -0.052027 -0.327108 0.150903 0.132123 -0.025658 -0.100714 -0.083800 0.349051 -0.184009 -0.356314 -0.048219 0.095082 -0.402836 0.197530 -0.168065 -0.223592 0.024369 0.140156
-0.252239 0.237392 0.095469 0.196455 -0.162511 -0.129315 0.018911 -0.250083 0.004272 0.067536 0.035717 -0.083662 -0.122844 0.222844 -0.003734 -0.422597 -0.175879 0.108169 -0.229585 0.269966 -0.114770 -0.127185 -0.247804 0.021534
-0.148982 0.210352 0.049720 0.211903 -0.094678 0.061077 0.245075 -0.027512 -0.105126 -0.111689 -0.045740 0.024653 -0.290245 0.075448 -0.067106 -0.230671 0.015109 0.248794 -0.062208 0.154072 -0.046309 -0.323824 -0.134704 0.009999
0.024820 0.078610 -0.032780 0.354261 -0.241158 0.058637 0.335777 -0.254099 -0.020652 -0.029953 -0.229631 -0.072771 -0.076110 0.018400 -0.054351 -0.085129 0.084328 0.311145 0.197704 0.162843 -0.143358 -0.363222 0.120567 -0.091758
-0.179001 0.177203 0.127969 0.263945 -0.342633 0.133425 0.141095 -0.208756 0.223731 0.273065 -0.066306 -0.101948 -0.119216 -0.151976 -0.091133 -0.455707 0.125479 0.040102 0.188729 -0.055027 -0.137689 -0.244411 0.110033 -0.021280
-0.145630 -0.188681 -0.012927 0.323226 -0.316640 0.096530 0.017636 -0.088943 0.158882 0.516114 -0.208990 -0.063682 0.099029 -0.059073 -0.494400 -0.111520 -0.079995 0.025520 0.428138 -0.083946 -0.111826 -0.185067 0.374169 0.061269
-0.259471 -0.777460 0.021195 0.255440 -0.133764 0.086402 -0.155332 -0.037655 0.006825 0.360058 0.025146 0.061901 0.128000 0.088206 -0.527584 0.189736 0.212414 -0.012068 0.400785 -0.093081 -0.099256 -0.010187 0.345100 0.097342
-0.342160 -0.957341 0.104271 -0.021394 0.040746 -0.126102 -0.233591 0.026311 -0.150318 0.020302 0.141540 0.230334 0.032261 0.181521 -0.071919 0.267568 0.156672 -0.180836 0.180113 0.048739 -0.187667 0.239708 0.211314 0.133921
-0.517865 -0.720383 -0.031286 -0.251542 0.062736 -0.271737 -0.270719 -0.001349 0.075915 -0.438786 0.038588 0.413005 0.307057 -0.074209 0.500714 0.407077 0.285600 -0.005335 0.272282 -0.201758 -0.061249 0.439295 -0.125376 0.091439
-0.170631 -0.380647 -0.084378 -0.311579 0.299761 -0.135209 -0.419334 -0.170768 -0.153073 -0.322270 -0.207363 0.485586 -0.050055 -0.118513 0.583162 0.249961 0.253460 0.104592 -0.040064 -0.247741 0.065911 0.461616 -0.231366 0.114045
0.050064 -0.183969 -0.318829 -0.081291 0.310314 -0.103095 -0.183817 -0.245374 0.046075 -0.341152 -0.332433 0.324739 0.036273 -0.106474 0.607703 0.274439 0.233285 0.185075 -0.254699 -0.161070 0.057803 0.386727 0.064967 -0.074436
0.144618 -0.023563 -0.108668 -0.246109 0.352603 -0.041312 0.107290 -0.222574 0.113426 -0.420109 -0.239795 0.194386 -0.013598 0.038885 0.336081 0.502931 -0.092778 0.182685 -0.374943 -0.363226 0.077505 0.264615 -0.187604 -0.268183
0.359087 -0.013940 0.127114 -0.507832 0.310934 -0.086548 0.114359 -0.199874 0.008942 -0.351780 0.083724 0.079810 -0.230175 -0.038497 0.158270 0.091334 0.032898 0.256268 -0.168590 -0.093648 -0.003564 0.114558 -0.186925 -0.558082
0.404595 0.546784 -0.167986 -0.270465 0.117681 0.008213 -0.039626 -0.158612 0.256146 0.054775 -0.228711 -0.327076 -0.136411 -0.184460 -0.145478 -0.094044 -0.159607 -0.128394 -0.241140 -0.105282 0.135286 0.204286 0.165187 -0.771072
0.400892 0.620978 -0.142342 -0.175530 -0.189598 0.068860 0.118223 -0.256891 0.034788 0.033972 -0.289019 -0.413913 -0.222715 0.157724 -0.573698 0.109454 -0.254456 -0.156597 -0.174839 -0.234932 0.093437 0.286395 0.097226 -0.431180
0.527541 0.273595 -0.014177 -0.409556 -0.279648 0.105315 0.004388 0.002135 -0.283651 0.379316 -0.094657 -0.568209 -0.320446 0.165826 -0.151950 0.196093 -0.027920 -0.210757 -0.536058 -0.367709 0.099580 -0.189063 0.010345 -0.436733
0.062633 -0.106724 -0.213566 0.360253 -0.283241 -0.029502 -0.458161 0.155200 -0.197700 -0.117785 0.341092 0.178844 -0.029165 0.042705 -0.029195 0.385326 -0.416280 0.090084 0.102361 -0.304062 -0.013212 -0.367170 0.143981 -0.168144
-0.160389 -0.282855 0.003593 0.508254 -0.291650 0.214552 -0.011041 0.192915 -0.115408 -0.052535 -0.263346 0.194216 -0.007170 0.331860 -0.223532 0.492597 -0.568796 0.177582 0.311169 0.034882 -0.219522 -0.177749 0.342554 -0.010484
-0.220010 0.109342 -0.314693 0.240542 -0.136107 0.062721 0.265549 0.184787 -0.216038 -0.081041 -0.420707 0.155355 0.013585 0.149071 -0.240110 0.547049 -0.218869 0.209429 0.451120 0.286738 -0.083947 0.093216 -0.106577 0.054598
0.141627 -0.124716 -0.101169 -0.005689 0.142345 -0.035623 0.118753 0.129380 -0.334259 -0.188480 -0.295526 0.052505 -0.052788 0.086206 -0.326531 0.166854 -0.215298 -0.122190 0.361317 0.161694 -0.097982 -0.036208 0.101121 -0.073481
-0.131926 -0.043594 -0.154031 0.014494 0.112346 -0.125945 -0.030823 0.151541 0.082884 0.048821 -0.331043 0.113498 0.288204 0.101062 0.057723 -0.051968 0.011852 -0.222585 0.242182 0.360006 0.098821 -0.164349 0.111077 -0.058432
-0.107301 0.089314 -0.124769 -0.125549 0.096342 -0.211833 0.105169 0.170036 0.119415 -0.133550 -0.181998 0.015190 0.144201 0.132451 -0.012071 0.257844 0.042344 0.022550 0.165896 0.097767 -0.222223 0.001679 -0.067568 0.129412
0.131840 0.177447 0.020098 0.087655 0.184434 -0.143134 0.325987 -0.284056 -0.141108 -0.299253 -0.017575 -0.010208 -0.151314 -0.044013 -0.249394 -0.121256 -0.111506 0.087188 -0.182630 0.296376 -0.224683 0.019884 -0.111628 0.252795
-0.179865 0.088159 -0.004448 0.316161 0.039487 -0.029419 0.294217 -0.178645 -0.073000 -0.113409 -0.097027 -0.081812 -0.301913 0.205567 -0.183505 -0.317267 0.175073 0.202214 -0.247907 0.189252 -0.163110 -0.289358 -0.044547 0.255997
0.049688 0.031175 -0.069052 0.186252 -0.076581 0.072197 0.268943 -0.037546 0.095784 0.026778 0.229814 0.145759 -0.344379 0.412719 -0.028522 -0.310617 -0.200624 0.161595 -0.053234 0.090378 -0.162222 -0.205021 0.019929 0.146165
-0.050312 -0.233774 -0.144414 0.182399 -0.243047 0.034353 0.132728 0.009033 -0.067227 -0.078654 0.186249 0.102840 -0.359194 0.003226 -0.053506 -0.102867 0.055617 0.173896 0.103660 0.267156 -0.152315 -0.150301 -0.247130 -0.015723
-0.013315 0.066512 0.105816 0.317697 -0.289829 0.285953 0.178391 -0.310322 0.089814 -0.210212 0.218052 -0.040189 -0.324814 -0.144982 0.183748 -0.128575 0.089427 0.229094 0.143468 0.129586 -0.090014 -0.324547 0.051758 0.053101
-0.018106 0.035754 -0.047284 0.480843 -0.393723 0.214292 -0.000540 -0.380005 0.221448 0.177424 0.040988 0.038783 -0.178413 -0.405527 -0.153492 -0.125610 0.148275 0.049814 0.104361 0.017506 -0.129012 -0.157754 0.001779 0.123706
-0.099552 -0.275182 0.046865 0.050564 -0.139985 0.221782 -0.424142 -0.094669 0.097422 0.306989 -0.010474 0.014442 -0.113808 -0.264603 -0.333355 -0.204639 0.060107 0.013828 0.187855 -0.094400 -0.272834 -0.205706 0.124876 0.211547
-0.164782 -0.626562 0.193921 0.251093 0.047456 0.010259 -0.299280 -0.021515 -0.030945 -0.093646 0.022382 0.074573 0.135087 -0.133784 -0.248494 0.185163 0.168010 0.070717 0.401242 -0.184044 -0.212443 -0.150659 0.480642 0.269022
-0.098615 -1.009006 0.033608 -0.151602 0.098552 0.092310 -0.283842 -0.019890 -0.094820 -0.366128 0.165233 0.188479 0.119318 -0.163281 -0.015433 0.283717 -0.064439 0.060350 0.351065 -0.374481 -0.135015 0.009344 0.358693 0.198149
-0.227726 -0.735958 -0.000510 -0.272587 0.296756 0.001350 -0.334688 -0.016760 0.176203 -0.535476 0.112267 0.263899 0.265038 -0.071479 0.489704 0.298919 0.054686 -0.028493 0.235859 -0.151569 -0.005250 0.233740 -0.211508 0.169542
0.049715 -0.092952 -0.250022 -0.429129 0.262872 0.119476 -0.314065 -0.014130 0.157843 -0.518366 -0.208236 0.363682 0.342726 0.112709 0.388498 0.184195 0.083819 -0.194043 -0.104346 -0.172509 0.094190 0.392639 -0.370739 0.192587
0.083173 0.042639 -0.303137 -0.206160 0.561210 0.073784 -0.327417 -0.261264 -0.017192 -0.328476 -0.253304 0.395207 0.113204 0.147326 0.361342 0.005959 0.075607 -0.139463 -0.101644 -0.170928 0.042279 0.562925 -0.095056 -0.099345
0.130585 0.317116 -0.234457 -0.122530 0.398897 -0.063009 0.088329 -0.423974 0.125355 -0.163068 -0.144633 0.076278 0.060502 0.284254 0.152485 0.237268 0.206736 -0.042598 -0.472798 -0.366608 0.067833 0.379865 0.090109 -0.086982
0.220788 0.451517 -0.149736 -0.582488 0.320739 -0.152565 0.080080 -0.136288 -0.244977 -0.193119 -0.059065 0.108247 -0.057258 0.114501 -0.126377 0.423603 0.208262 0.029673 -0.311684 -0.512920 -0.072775 0.148835 -0.061993 -0.028477
0.333162 0.394009 0.077999 -0.576523 0.133340 -0.130333 -0.084027 -0.294484 -0.078708 -0.161567 -0.142999 -0.087462 0.056252 -0.149812 -0.162645 0.202249 0.151722 0.062668 -0.100840 -0.352999 -0.094766 0.128825 0.102765 -0.690537
0.049772 0.530277 -0.146188 -0.136752 -0.087067 0.031343 -0.115676 -0.473821 0.100753 0.169671 -0.333036 -0.464088 0.067387 -0.254699 -0.266519 -0.083003 0.155681 -0.050328 -0.262378 -0.419235 -0.000647 0.030387 0.116834 -0.496206
0.268157 0.335279 -0.250480 -0.359512 -0.156850 0.154403 0.027968 0.159411 -0.095495 0.251616 -0.282991 -0.477294 -0.225424 0.246798 -0.390658 0.031455 -0.162178 0.019156 -0.365142 -0.511750 -0.005356 -0.086990 -0.129993 -0.386596
0.134520 -0.073505 -0.141426 -0.501319 -0.108844 0.231107 -0.220189 0.427461 -0.357256 0.522746 -0.354003 -0.148812 -0.235756 0.087698 0.136399 0.491037 0.241863 0.041101 -0.463460 -0.598157 0.007479 -0.384488 -0.300398 -0.500726
0.079668 -0.485370 -0.082062 0.240686 -0.283834 0.434380 -0.314327 0.359116 -0.240460 0.521975 -0.168669 0.534697 -0.015048 0.315774 -0.535169 -0.090106 -0.516142 0.165936 0.111009 0.247997 0.166571 -0.312239 0.820640 -0.022165
-0.351026 -0.403606 0.194516 0.241997 0.136515 0.196211 0.365303 -0.094068 -0.075016 0.348955 -0.858284 0.476290 0.111209 -0.189325 -0.390515 0.215529 -0.142762 0.179749 0.306135 0.278157 0.145900 0.059563 0.123980 -0.131627
-0.047645 -0.104658 -0.117961 -0.141161 0.246168 0.072899 -0.024505 0.013817 -0.116765 0.025852 -0.195949 0.148672 0.198120 -0.038563 -0.196262 -0.030614 -0.103231 0.006354 0.309507 0.349368 0.246390 0.346391 -0.068947 0.067333
-0.248241 -0.129638 -0.125217 -0.099114 0.090388 -0.206996 -0.258375 0.215598 -0.316193 0.107342 -0.237267 0.112527 0.241429 0.152497 -0.239624 -0.095444 0.150944 -0.025186 0.154609 0.212464 0.214233 0.030863 0.238053 -0.053355
-0.076544 0.155560 0.054485 -0.002227 -0.063717 -0.288860 0.063510 0.065250 0.148898 0.002521 -0.303845 -0.049484 0.269358 0.255578 0.200329 0.078876 0.005592 -0.106213 -0.076108 0.179277 -0.107169 -0.038783 0.218723 -0.036308
-0.001682 0.116055 0.182691 0.077337 -0.013108 -0.248740 0.083084 -0.180984 0.016231 0.003721 -0.016867 -0.208214 -0.122543 0.273149 -0.314329 -0.140465 0.099089 0.182890 -0.116117 0.208324 -0.167361 0.153828 -0.195394 0.360372
0.096770 0.198484 -0.081428 0.276217 -0.047386 0.014292 0.269985 -0.009069 0.163678 -0.169264 0.035508 -0.161687 -0.053477 0.232205 -0.097830 -0.070564 0.303896 0.183140 -0.293307 0.053565 -0.243451 0.014950 -0.061637 0.140483
0.092040 0.206643 0.028035 0.304348 -0.081391 0.055209 0.239073 -0.258207 0.076124 0.038700 -0.040567 0.008115 -0.337804 0.370619 0.331696 -0.115981 0.171159 0.244701 -0.089369 0.045161 -0.236474 -0.065834 0.099298 0.131379
0.082255 0.062082 0.050908 0.305052 -0.160414 0.210550 0.023218 -0.188014 0.143266 0.075774 0.104484 0.000556 -0.199832 0.333040 0.145195 0.021405 0.105540 0.025896 0.065979 0.237532 -0.138143 -0.067125 -0.156999 0.112817
0.028993 0.142558 -0.000320 0.301695 -0.256222 0.109082 0.033146 0.061723 0.002350 0.064201 0.050117 -0.138033 -0.281004 -0.010260 0.058004 -0.011173 0.197667 0.052809 0.033165 0.071216 0.000216 -0.133224 0.046848 0.105004
0.153019 0.308567 -0.091651 0.300943 -0.156778 0.356645 0.106506 -0.115828 0.157759 0.046278 -0.208917 -0.125690 -0.300923 -0.207598 0.088479 -0.245350 0.212488 0.024489 0.029895 -0.044196 -0.104702 -0.070069 0.099761 0.066862
-0.155241 -0.201284 -0.196206 0.296797 -0.372067 0.109442 -0.171894 0.045495 0.096294 0.115580 -0.157927 0.003813 -0.122046 -0.221607 -0.436628 -0.377402 0.109101 0.116069 0.162367 0.023410 -0.049678 -0.196436 -0.050122 0.068935
-0.240004 -0.484748 0.087519 0.020532 0.129292 -0.047014 -0.197237 0.362975 -0.099972 -0.197219 0.032156 0.230695 -0.124453 -0.233103 -0.418403 -0.283174 0.069947 0.038135 0.184997 -0.210808 0.011089 -0.218751 0.226806 0.178865
-0.328509 -0.829066 0.027328 0.265118 0.140775 -0.001696 -0.018411 0.260323 -0.080099 -0.527909 0.055390 0.153030 0.139765 -0.068555 0.055245 0.019652 -0.001061 0.145266 0.317287 -0.202106 0.041575 -0.195108 0.256821 0.179284
-0.210426 -0.427041 -0.061279 0.068602 0.284544 -0.088317 -0.107130 0.029680 -0.043474 -0.421463 0.119296 0.048821 0.055196 -0.082545 0.313138 -0.082157 -0.213821 0.217578 0.088267 -0.334094 0.130118 0.156575 -0.008260 0.013509
-0.036117 -0.074336 -0.099239 -0.146677 0.362466 0.032879 -0.190971 0.023540 -0.101764 -0.590401 -0.093809 0.130482 0.219529 0.026517 0.399631 -0.153404 -0.148505 -0.121029 -0.220445 -0.133798 0.205563 0.221314 -0.106839 0.103011
0.341882 0.362184 -0.297734 -0.240369 0.467393 0.118215 -0.009109 -0.097977 -0.020406 -0.511956 0.057606 0.223984 0.310928 0.189637 0.112800 -0.090938 0.091973 -0.164146 -0.084978 -0.213572 0.043280 0.362924 0.039093 -0.023649
0.212783 0.283217 -0.362031 -0.094159 0.222832 0.018545 0.021469 -0.228533 0.019659 -0.332503 -0.046934 0.100410 0.045446 0.189254 -0.102680 0.215854 0.196965 -0.054719 -0.349129 -0.048082 0.073562 0.173124 0.133936 0.123015
0.278174 0.557649 -0.239330 -0.167488 0.191512 -0.108466 0.039928 -0.147730 0.199910 -0.246055 -0.298598 -0.065621 -0.145911 -0.082992 -0.297170 0.179873 0.165469 0.082253 -0.278635 -0.360378 -0.035659 0.050647 0.068786 0.178343
0.374655 0.506369 -0.080300 -0.378382 0.093123 -0.223922 0.177047 -0.076385 0.049127 -0.318942 -0.169985 -0.201342 -0.087083 -0.157212 -0.391299 0.254777 0.160751 0.226044 0.030615 -0.385525 -0.085440 -0.121526 0.021653 -0.011908
0.407238 0.211920 -0.026123 -0.426173 0.033835 -0.132957 -0.095336 -0.038612 -0.081312 0.026346 -0.155612 -0.257494 0.085767 -0.119814 -0.197361 0.034397 -0.067005 0.280147 -0.178946 -0.228286 -0.093613 -0.127402 0.081901 -0.489348
0.261840 0.033232 -0.392087 -0.214102 0.015523 -0.083709 0.046921 0.029966 0.004252 0.388631 -0.286671 -0.628700 -0.242792 -0.095888 -0.250567 0.193492 -0.068836 0.054747 -0.346131 -0.390771 -0.153781 -0.130972 -0.235910 -0.356041
0.174895 -0.117228 -0.365148 -0.610222 0.271261 -0.132880 -0.089520 0.375554 -0.121264 0.330442 -0.081477 -0.087154 -0.257329 0.143025 0.178874 0.364932 -0.165536 0.020828 -0.373118 -0.507978 -0.228051 -0.321419 -0.217718 -0.299646
0.052216 -0.707212 -0.212898 -0.507314 0.233943 -0.146706 -0.204373 0.333238 -0.070760 0.507574 -0.089088 0.039145 0.159789 -0.113157 0.641101 0.461833 0.215138 -0.321387 -0.406300 -0.496086 -0.302678 -0.388028 -0.188605 -0.251891
-0.037462 0.075465 0.059327 -0.093104 0.335768 -0.027768 0.279428 0.121297 -0.011874 0.466820 -0.505340 0.391583 -0.393746 0.003003 -0.353516 -0.182299 -0.153863 -0.176767 0.455333 -0.111579 -0.217309 0.461739 0.255152 0.137540
-0.074455 0.120434 0.051348 0.047093 0.161678 -0.125086 -0.023063 -0.277942 -0.060408 0.018203 -0.258074 0.409420 0.104000 0.281444 0.268061 0.088510 -0.041898 0.182469 0.204751 0.195764 0.007231 0.560831 -0.202022 0.219906
-0.043177 0.410761 -0.159320 0.070552 -0.106080 -0.029137 -0.431438 -0.134454 0.031560 -0.198943 0.000976 0.211180 0.426533 0.405331 0.281670 -0.173160 -0.101763 0.098781 -0.002044 0.102628 0.029579 0.374350 -0.045904 0.196156
-0.005549 0.247924 -0.064779 0.030345 -0.241568 -0.240977 -0.252878 -0.264437 -0.089617 -0.020682 -0.190948 -0.102903 0.223529 0.201468 0.082304 0.010729 0.215348 -0.009372 -0.054589 0.277503 -0.036803 0.142431 0.298356 0.098172
0.265091 0.211380 0.163673 0.146502 -0.341906 -0.098966 -0.317599 -0.336766 0.190449 0.054713 -0.098675 -0.194440 0.044598 0.404708 -0.093132 -0.322299 -0.091218 0.052328 -0.033349 0.429805 -0.201204 0.065029 0.194014 -0.020850
0.076125 0.204301 -0.029984 0.078199 -0.139414 0.001866 -0.007321 -0.158176 0.196909 -0.052905 0.146931 -0.097453 -0.108461 0.129203 -0.167823 -0.154048 0.035740 0.041015 -0.097928 0.019415 -0.006721 0.037727 -0.117765 -0.055129
0.188263 0.136258 0.040228 0.281578 -0.081038 0.107954 0.045937 -0.248200 0.082791 0.128888 0.007505 -0.074537 -0.137797 0.051514 0.129657 0.054574 0.067275 0.132357 -0.079915 0.021357 -0.142630 0.025260 -0.161568 -0.083138
-0.102284 0.001473 0.176687 0.378717 -0.102850 0.161815 0.118346 -0.267639 -0.006290 0.164152 -0.173287 -0.204434 -0.220855 0.365415 0.300828 0.009426 0.156452 0.036945 -0.036430 0.050446 -0.013012 -0.217496 0.002619 0.032904
-0.001943 0.036790 0.206431 0.110796 -0.207003 0.046023 0.005759 -0.172753 0.188007 0.088698 -0.007855 -0.111153 -0.221414 0.323576 0.017745 0.106596 0.131529 -0.058334 0.168319 0.159466 -0.151809 -0.212486 -0.065395 -0.012897
-0.036512 0.142113 0.019986 0.233167 -0.014629 0.090734 -0.201103 -0.098242 0.132596 -0.005463 -0.134731 -0.025811 -0.218906 -0.217796 -0.167127 -0.116045 0.196412 0.096046 0.083647 -0.043329 -0.149529 -0.003713 0.004764 -0.035627
-0.028584 -0.009440 -0.133110 0.348596 -0.279112 0.239974 -0.204523 -0.113145 0.320049 -0.035131 -0.346757 -0.041674 -0.160672 -0.141895 -0.193998 -0.261938 -0.048621 0.012268 0.206668 0.099258 -0.105054 -0.148070 0.226808 0.108403
-0.337571 -0.549274 0.056772 0.104725 -0.043597 -0.201947 -0.125512 0.122785 0.097830 -0.188754 -0.024808 0.279616 -0.321583 -0.356516 -0.574715 -0.173020 -0.086717 0.062312 0.370859 -0.118663 -0.100551 -0.031077 0.140290 0.080762
-0.082079 -0.733604 0.002341 -0.121443 0.223174 -0.003532 -0.318200 0.344989 -0.188396 -0.175320 0.171499 0.031433 -0.108987 -0.059277 -0.219983 -0.155918 -0.141537 0.040544 0.310828 -0.089183 0.068420 -0.061943 0.294612 0.005232
0.015055 -0.603269 0.010978 0.211453 0.110886 0.055598 0.083142 0.066858 -0.077332 -0.314494 0.120177 -0.158587 0.130651 -0.169104 0.153068 0.159141 -0.241122 0.100615 0.038903 -0.087531 0.146795 0.029257 0.261755 0.052616
0.014696 -0.087550 0.003027 -0.097849 0.171063 0.104007 -0.094759 -0.079273 -0.066905 -0.338425 -0.004353 0.085810 0.131288 -0.059938 0.328829 0.093047 -0.095705 -0.032407 -0.211734 -0.239123 0.281555 0.196123 -0.097019 -0.302035
0.215235 0.200404 -0.103276 -0.067864 0.323838 0.026869 0.066711 0.083463 -0.073946 -0.462961 -0.041306 0.011400 0.122832 -0.230362 0.224688 -0.059854 -0.006296 -0.127197 -0.185002 -0.378156 0.147536 -0.025512 -0.074035 -0.033057
0.347653 0.426381 -0.070794 -0.022979 0.040563 -0.020722 0.181328 -0.020644 0.059905 -0.350819 -0.096842 -0.046445 -0.074487 -0.014236 -0.007619 0.001029 0.406530 0.124019 -0.112105 -0.340754 0.199689 -0.066980 0.001209 0.088460
0.276429 0.473426 0.054226 0.019546 0.107604 0.067689 0.052339 -0.075839 0.225719 -0.467939 -0.137811 0.077487 -0.293626 0.045051 -0.063034 -0.062414 0.296699 0.307127 -0.187838 -0.213362 0.103757 -0.200805 -0.012586 -0.145116
0.576227 0.627660 -0.006911 0.037761 0.122641 0.162958 0.130116 -0.003613 0.202757 -0.304096 -0.106660 -0.040209 -0.181148 -0.257526 -0.011099 0.016325 0.176075 0.286468 0.127004 -0.352976 0.042378 -0.361591 -0.153628 -0.265954
0.553426 0.291992 0.014580 -0.311775 -0.063211 -0.009141 -0.009429 0.039082 0.030192 -0.141157 0.027317 -0.257652 0.069563 -0.057701 -0.239660 0.035714 0.189561 0.232629 0.172671 -0.080125 -0.046002 -0.173858 -0.199714 -0.123258
0.545421 -0.098055 -0.081738 -0.220757 0.001286 -0.028185 -0.335743 0.018918 -0.181970 0.346187 0.034681 -0.591318 -0.054544 -0.107885 -0.128335 -0.109785 0.007651 0.165868 -0.019252 -0.132717 -0.000022 0.104024 -0.194456 -0.381129
0.254214 -0.220258 -0.291687 -0.073964 0.172878 -0.183471 0.041859 -0.012586 0.007749 0.563022 -0.139879 -0.527661 -0.265401 -0.036772 -0.134676 0.318169 0.120292 -0.069058 -0.055701 -0.207209 -0.160561 -0.143849 -0.185397 -0.043833
0.167721 -0.218753 -0.140821 -0.242701 0.212977 -0.432276 -0.028008 0.124854 0.012175 0.234486 -0.352037 0.048233 -0.019353 -0.010934 0.187349 0.459728 0.124823 -0.147399 -0.154815 -0.337266 -0.205289 -0.005568 -0.156618 -0.106997
0.112268 -0.209128 -0.098201 -0.053705 -0.009142 -0.738504 0.053387 -0.092489 0.113994 0.270202 -0.185013 -0.088843 0.252865 -0.245645 0.482125 0.503066 0.501964 -0.433230 -0.200785 -0.201767 -0.349282 -0.078022 -0.280638 -0.289008
0.096580 0.097355 -0.103081 -0.287892 -0.128655 -0.019940 0.237001 0.143886 0.170369 -0.256021 0.119401 0.053205 0.291741 0.277184 0.190131 0.110682 -0.333944 0.014867 0.990828 0.226595 0.221624 -0.122968 -0.437705 -0.061877
0.011819 0.129901 -0.031708 0.221287 -0.156402 -0.051496 -0.072020 -0.233271 0.021066 -0.735927 0.025645 0.264041 0.516927 0.123948 0.311358 0.237752 -0.022645 0.224029 0.232270 0.439047 0.425465 -0.144131 -0.244787 -0.117347
0.072190 0.312054 -0.136092 -0.105552 -0.192829 0.260449 -0.154440 -0.186472 0.045825 -0.225265 0.298402 -0.317256 0.247535 -0.184516 0.070067 0.028842 -0.127926 -0.136601 0.019557 0.358456 -0.009475 0.035416 0.101656 0.335144
0.178378 -0.047986 -0.074541 -0.030499 -0.186629 0.042865 -0.100844 -0.176907 -0.065913 0.103674 -0.061462 -0.218549 0.114405 -0.039818 -0.216471 -0.039314 -0.123283 0.022055 0.044820 0.467904 -0.017121 -0.324602 0.228780 0.393852
0.064797 -0.025389 -0.121589 0.036891 -0.335779 0.061874 0.012541 -0.368889 0.162895 -0.008543 -0.058607 -0.144862 0.216322 0.040267 -0.152901 0.013449 -0.281001 0.184167 0.136311 0.193284 0.013601 -0.215255 0.071819 0.010453
-0.068781 -0.015691 -0.001049 0.130588 -0.235177 0.101617 0.123174 -0.398603 0.171981 -0.191149 -0.026789 -0.079322 0.256092 -0.093592 0.203077 0.014678 -0.195292 0.121782 0.187881 0.189295 0.000910 0.077040 -0.130964 0.170957
-0.160914 0.009680 -0.112082 0.311479 -0.236200 0.093454 -0.012850 -0.107084 -0.068409 0.034909 0.081880 -0.068233 0.187217 0.111357 0.138814 0.049068 -0.100037 0.189667 0.108699 0.131622 0.021025 -0.128145 -0.129291 -0.148104
0.017961 0.018777 0.059366 0.089527 -0.196130 0.111632 0.051868 -0.278779 -0.098474 0.036722 0.098015 0.051395 -0.025059 0.273197 0.060959 0.076282 -0.127481 0.112608 0.063829 0.171872 0.227286 -0.048045 -0.076965 -0.026166
-0.212154 -0.028918 0.066932 -0.018194 -0.022205 -0.064245 -0.100856 -0.164662 0.349102 -0.020647 0.026472 -0.104806 -0.203288 -0.140584 -0.178290 0.148046 -0.143159 0.130407 0.168413 0.080993 0.047402 0.193010 -0.102427 -0.136493
-0.030162 -0.077678 0.014323 0.248175 -0.033618 0.227167 -0.179054 -0.194461 0.155562 -0.096902 -0.046472 0.015504 -0.262491 -0.216089 -0.138725 0.021199 0.099308 0.046983 -0.055100 -0.073910 -0.115261 0.010975 -0.159338 0.027534
-0.080408 -0.323753 -0.061868 0.185641 -0.062719 0.121037 -0.174357 -0.335792 0.141866 -0.090168 0.152206 0.108571 -0.011272 -0.131468 -0.132881 0.015574 -0.063383 -0.152091 0.258229 0.094906 -0.000937 -0.201640 0.273314 0.105860
-0.077881 -0.790734 -0.039809 -0.146146 0.162271 -0.287546 -0.272452 -0.074726 -0.040037 -0.076118 0.328232 0.132664 0.087168 -0.221548 -0.096616 0.223435 0.088574 -0.070694 0.349272 -0.082084 0.019770 0.119717 0.230844 -0.111556
0.034408 -0.630988 -0.118561 -0.184768 0.208350 0.310287 -0.127543 0.031551 0.061174 -0.302075 0.054160 -0.029534 0.005214 -0.248647 0.301946 -0.009726 -0.067925 -0.106121 -0.097500 -0.017917 0.193527 0.042486 0.357829 -0.049210
0.021171 -0.319582 -0.185411 -0.030360 0.266022 0.135401 0.150626 -0.278458 0.148842 -0.398467 -0.348239 0.025808 0.147777 -0.276915 0.246067 0.170595 -0.063734 -0.116353 -0.352263 -0.252225 0.203498 0.060915 0.188481 -0.345650
0.266233 0.060552 -0.271263 -0.297470 0.202562 0.421474 0.018449 0.035177 0.263266 -0.485435 -0.266461 0.015203 0.104546 -0.026879 0.111886 -0.074821 0.020507 -0.194799 -0.223539 -0.463399 0.171463 0.014790 -0.126189 -0.174535
0.240249 0.480684 -0.123594 -0.190096 0.080874 0.172271 -0.075102 0.226814 0.100332 -0.356377 -0.063272 -0.084398 -0.027424 -0.162040 0.025535 -0.037796 0.450732 -0.092704 -0.177098 -0.226120 0.278344 -0.047023 -0.219769 0.045266
0.328168 0.822347 0.038420 -0.061989 -0.094111 -0.070867 0.132819 -0.199595 0.224602 -0.407923 -0.067483 -0.002177 -0.159591 0.093027 0.043126 -0.048980 0.341230 0.209718 -0.271858 -0.191721 -0.027809 0.042893 -0.220856 -0.135700
0.479956 0.791895 0.078337 -0.095538 0.027811 0.252070 0.123080 -0.040949 0.156023 -0.235546 -0.126321 0.091901 -0.039454 0.036995 0.027169 -0.127070 0.282205 0.148109 -0.008347 -0.094880 0.060269 -0.016787 -0.210048 -0.404088
0.588539 0.511397 0.055988 0.053894 -0.056153 0.069689 0.050476 -0.146499 -0.014609 -0.037831 -0.159857 -0.226481 0.080658 0.033817 -0.320718 -0.156863 0.412707 -0.009651 0.025884 -0.194246 0.146181 -0.089556 -0.043924 -0.073112
0.370662 0.117129 0.069332 -0.061653 -0.112900 -0.128962 -0.097459 0.068327 -0.172876 0.013848 -0.075174 -0.146235 0.379465 0.228660 -0.125404 0.068753 0.440185 0.319485 0.060055 -0.147365 0.080634 -0.040587 0.036178 0.046996
0.167455 -0.118751 0.053487 -0.006264 0.093861 -0.102886 -0.067250 -0.207622 0.166810 0.311342 -0.475131 -0.158117 -0.017041 -0.068356 -0.088694 0.080686 0.216398 -0.025011 -0.143049 -0.177694 0.174626 0.109473 0.188960 0.153125
-0.090299 0.042270 0.062138 0.087782 0.120322 -0.272632 0.184185 -0.259142 0.270392 0.216976 -0.669978 -0.343681 -0.175165 0.035124 -0.069166 -0.029044 0.127250 -0.021365 -0.079583 -0.249017 -0.044281 0.072992 0.257270 0.114056
0.019303 0.242351 0.059500 -0.000992 -0.154530 -0.713505 0.280267 -0.287673 0.015617 -0.036992 -0.404097 -0.048979 0.019891 0.118100 0.202825 0.229054 0.491934 -0.101823 -0.314615 -0.275132 -0.230217 -0.086001 0.110525 -0.350777
0.171076 0.175359 0.097269 -0.027355 -0.388086 -1.041452 0.275836 -0.195760 0.051769 0.244628 -0.149277 -0.357529 0.026678 0.008871 0.459816 0.067108 0.427238 -0.386885 -0.303657 -0.477507 -0.499443 -0.070234 0.206008 -0.761286
-0.130781 0.168101 -0.354967 0.220196 -0.051947 0.030586 0.372620 0.222985 0.282083 -0.445299 0.241383 0.048649 0.523799 -0.249511 0.377211 0.134669 0.075940 -0.471726 0.163638 0.658210 0.220587 -0.385241 -0.204032 -0.500892
0.033111 0.517036 -0.040873 -0.032837 -0.009664 0.413169 0.300202 0.005888 -0.036177 -0.340403 0.082984 -0.498317 0.080361 -0.029996 0.197041 0.108808 0.387800 -0.024784 -0.101594 0.441145 -0.044121 0.012529 0.052758 -0.457273
0.172191 0.156207 0.122748 -0.299803 -0.098298 0.233401 -0.048436 -0.136266 -0.127926 0.123095 0.050549 -0.452672 -0.071172 -0.217882 -0.226799 -0.096534 -0.056381 -0.097075 0.055775 0.250560 -0.087227 0.010613 0.308663 0.249199
0.075690 -0.338070 0.009946 0.016365 -0.117858 0.183993 0.207777 -0.190835 -0.018353 0.190732 -0.123915 -0.263097 0.202800 -0.044481 -0.249754 -0.237076 -0.076683 -0.200480 -0.118525 0.244056 0.137931 -0.255857 0.180754 0.062801
0.098324 -0.184597 0.138319 0.075609 -0.161123 0.082888 0.032123 -0.307870 -0.049386 -0.044243 0.008659 -0.197466 0.304240 0.139567 -0.078087 -0.255160 -0.244034 0.071965 0.058588 0.067207 -0.003490 -0.119886 0.171634 -0.186132
-0.095156 -0.158356 0.083629 -0.039365 -0.459392 0.144292 -0.020312 0.015459 0.066325 -0.032854 0.247347 0.107803 0.440135 0.136504 0.091056 -0.263594 -0.210236 0.197366 -0.063361 -0.084699 0.026849 0.017901 -0.138080 -0.082268
-0.196346 -0.273999 0.060711 0.199116 -0.159194 0.014122 -0.019359 0.095337 -0.045272 0.163917 0.063466 0.049973 0.159325 0.172097 -0.117951 -0.118140 -0.005072 0.397144 -0.107970 0.032973 0.132716 -0.064856 0.048728 -0.111323
-0.247034 -0.081206 -0.013847 -0.047509 -0.113224 0.069757 0.006498 0.003240 0.088858 0.124368 0.066487 0.058065 -0.215161 -0.078304 -0.255155 -0.162678 -0.015738 0.199864 -0.175248 -0.002548 0.042847 0.110821 -0.077625 -0.070736
-0.156198 -0.205949 -0.150135 0.249991 -0.141199 0.043524 0.044282 0.054863 0.328013 -0.001530 0.112583 0.118330 0.070048 -0.167980 -0.306469 -0.023752 0.026356 -0.126051 0.019114 -0.125902 -0.032394 0.152526 -0.084370 -0.067796
-0.162750 -0.506457 -0.023022 0.249967 -0.000729 0.218636 0.003161 -0.171318 -0.109745 -0.161474 0.076430 0.115512 0.028275 -0.023823 -0.147141 -0.044343 -0.137899 0.031713 0.008821 0.092676 0.054575 -0.052578 0.098255 -0.352572
-0.237086 -0.676125 -0.074637 0.212494 -0.001470 -0.092809 0.009351 -0.237306 -0.383464 -0.216435 0.081429 -0.024499 0.125941 -0.223051 -0.152055 -0.100997 -0.011778 -0.049479 0.153505 0.192933 0.161857 0.088997 0.131737 -0.037713
-0.062948 -0.583548 0.072576 0.077200 0.192866 -0.209439 0.004051 -0.062268 0.013613 -0.324428 -0.225610 -0.058436 0.061142 -0.294168 -0.006646 -0.005838 -0.044574 0.078787 -0.122244 -0.108132 0.078704 0.253858 0.141121 -0.127300
0.066779 -0.271363 0.092537 -0.054623 0.382249 0.240469 0.120191 -0.110097 0.118723 -0.222315 -0.309429 -0.130449 0.098344 -0.251024 0.039236 0.119454 -0.079320 0.031676 -0.319963 0.089364 0.069884 0.182948 -0.029601 -0.099803
0.267356 -0.034817 -0.205563 -0.103597 0.162773 0.146042 0.089656 -0.175663 0.328059 -0.306513 -0.232118 -0.264246 0.345789 -0.022324 -0.121421 0.170369 0.051422 0.009921 -0.098606 -0.094075 -0.034182 0.097640 -0.067900 0.038059
0.240533 0.204450 -0.080323 -0.350969 0.144860 0.217332 -0.124444 0.285866 0.156176 -0.227780 -0.085250 -0.103063 0.209395 -0.031192 -0.174350 0.001228 0.148951 0.016586 -0.191922 0.059987 0.166988 -0.043243 0.097388 0.048402
0.242644 0.517769 0.031850 -0.154254 -0.056885 -0.062403 0.098612 -0.058565 0.157130 -0.153912 0.248382 -0.160348 0.119221 -0.055747 -0.100954 0.014833 0.201678 -0.019552 0.114747 0.015638 0.066727 0.004560 0.005297 -0.061306
0.163958 0.583264 -0.131671 -0.084618 -0.023553 -0.132584 0.063719 -0.257768 0.037658 -0.036244 0.212729 0.011907 0.076866 0.090926 0.007309 0.205775 0.159789 -0.016983 0.065864 -0.241145 0.028086 0.119558 0.091894 -0.203427
0.277839 0.178283 -0.023359 -0.107905 0.044871 0.355447 0.052493 -0.095239 -0.020818 0.010699 -0.033152 0.017490 0.125915 -0.052599 -0.283243 -0.122567 0.148376 -0.049625 0.067990 -0.288074 0.112135 0.074083 0.162847 -0.280582
0.315159 -0.059963 0.088537 0.098540 -0.067628 0.026598 -0.008768 -0.134648 -0.025875 -0.013897 -0.235565 -0.062018 0.028369 0.054750 -0.052916 0.013297 0.341580 -0.055504 -0.032600 -0.339329 0.100532 0.034537 0.189735 -0.097356
0.107163 -0.124960 0.159852 -0.287644 0.002291 -0.060389 -0.030956 0.042851 0.011345 -0.088302 -0.149488 0.043963 0.128657 0.058490 0.269711 0.212288 0.051913 0.091194 0.077463 -0.273195 -0.008433 0.054309 0.380880 -0.059738
0.111250 -0.072148 0.210965 -0.076997 0.087880 0.003280 -0.046301 -0.155695 0.264405 0.042697 -0.367850 -0.017730 -0.104997 -0.103453 0.070845 0.076744 -0.234275 -0.015315 -0.094264 -0.170310 0.052536 -0.056355 0.284842 -0.198749
-0.034139 -0.056647 0.088759 0.058878 -0.164556 -0.467188 0.247421 -0.204297 0.016910 -0.162234 -0.130314 0.020383 -0.532904 0.140685 -0.003446 -0.172837 -0.009256 0.006201 -0.129640 -0.099346 0.102847 -0.122225 0.263587 -0.336708
0.077174 0.031383 0.108944 -0.047130 -0.260107 -0.644823 -0.009920 -0.015656 -0.066462 -0.242889 0.136904 -0.011252 -0.330193 0.069383 0.357851 0.041437 0.526596 -0.169750 -0.194555 -0.251926 -0.136306 -0.186691 0.247985 -0.523275
0.137220 -0.000446 0.157944 -0.327121 -0.067598 -0.436480 0.203418 0.156652 0.088713 0.087214 0.228010 -0.130790 -0.423642 0.070300 0.586392 -0.334279 -0.170404 -0.439481 -0.115295 -0.535877 -0.335353 -0.262837 0.453881 -0.592992
-0.075359 0.621880 -0.275746 -0.057653 0.135313 0.360192 0.293247 -0.034157 -0.245795 0.161101 0.237611 -0.533910 -0.472931 0.259107 0.282736 0.041786 0.479483 -0.215325 -0.235764 0.242777 -0.224663 0.189621 0.289601 -0.377719
0.081240 0.409104 0.341702 0.017372 0.039546 0.166632 -0.029523 -0.034747 -0.271691 0.260188 -0.111558 -0.411790 -0.162225 0.160658 -0.175871 -0.178751 0.174081 0.319523 -0.053875 0.041203 -0.143221 0.240595 0.565804 -0.255241
0.194275 0.085953 0.313285 -0.226163 -0.023127 0.047271 -0.209247 -0.041169 0.048159 0.461118 -0.126418 -0.224534 0.265562 0.080823 -0.195710 -0.263027 -0.104404 -0.105080 -0.064683 0.043156 -0.058519 -0.189190 0.381309 0.115630
0.224239 -0.063429 0.070385 -0.071860 -0.252115 -0.061376 -0.413757 -0.299096 -0.141676 0.044228 -0.009382 -0.184923 0.423172 0.199128 0.001802 -0.157216 0.097222 -0.034708 -0.214629 0.385382 -0.036652 -0.112806 0.248553 -0.098684
0.244748 -0.049983 0.118302 -0.258858 -0.165486 0.106340 -0.408488 -0.047695 -0.059643 -0.061596 0.334578 -0.170016 0.212054 0.382996 -0.129821 -0.450495 0.055625 0.288262 -0.153239 0.092375 -0.087340 0.116284 0.084443 -0.171057
0.077649 -0.409791 0.046430 -0.173180 -0.213516 0.266436 -0.255568 0.039720 0.115080 0.010290 0.293955 -0.103804 0.002867 0.156590 -0.008598 -0.251781 0.281285 0.139061 -0.282539 0.194331 0.112301 0.252718 0.074387 -0.033636
0.220714 -0.504740 -0.186065 0.054083 -0.052690 -0.020610 -0.130553 0.127705 0.023282 0.075167 0.095783 0.199783 -0.255517 0.202820 -0.071475 0.061507 0.273023 0.414889 -0.041493 0.043532 -0.003422 0.086866 0.202584 -0.076383
0.027061 -0.302426 -0.210911 0.007216 -0.088884 0.260766 -0.234438 0.047572 -0.040623 -0.029833 -0.078481 0.165469 -0.129821 0.208844 0.068195 0.060216 0.244439 0.074192 0.009488 0.190932 -0.079295 -0.018297 -0.031343 0.003154
0.010652 -0.586407 -0.104655 0.285968 -0.307475 0.057592 -0.351769 -0.035503 0.078788 -0.188305 0.097487 0.087160 0.179057 0.084387 -0.017079 -0.018088 0.157157 0.017997 -0.065980 0.015308 -0.107376 0.161512 0.111856 -0.158590
-0.014790 -0.405743 -0.075088 0.005265 -0.164981 0.002495 -0.179611 -0.020121 -0.104082 -0.171558 -0.065136 -0.132069 -0.130355 -0.325152 -0.054703 -0.279236 0.088808 -0.059238 0.050507 0.297211 -0.070854 -0.021380 0.038857 -0.242770
-0.013437 -0.293778 -0.111107 0.090848 0.019892 -0.049016 -0.063303 -0.058344 -0.096016 -0.385216 -0.296003 -0.153018 0.006252 -0.471879 -0.052301 -0.180210 -0.084760 0.010921 -0.173501 0.012223 0.023926 0.145167 -0.113980 -0.204207
0.228635 -0.120450 -0.326735 -0.073377 0.222916 0.142215 -0.112494 0.091883 0.040602 -0.328750 -0.436776 -0.213027 -0.037925 -0.270528 -0.136990 0.098733 0.035849 0.099202 -0.240333 -0.152805 0.065638 0.047443 -0.300430 -0.372225
0.183010 0.059238 -0.045394 -0.154695 0.143999 0.244349 -0.010392 0.083549 0.026407 -0.124651 -0.096941 -0.278844 0.349666 -0.288516 -0.263956 0.176894 0.008201 0.081097 -0.174412 -0.207532 0.061109 -0.130486 -0.265717 -0.106787
0.037940 -0.037207 -0.126436 -0.181297 0.163159 0.074705 -0.033436 0.021589 0.024644 -0.105758 0.196630 -0.181074 0.350851 0.104597 -0.124558 0.317095 0.176057 0.124494 -0.150263 -0.259509 0.060884 -0.065023 0.080402 -0.077016
0.234540 0.250698 0.034681 -0.265278 0.122247 -0.027507 0.001971 0.236148 0.018187 -0.063030 0.233459 -0.114561 0.202584 -0.112658 0.100272 -0.012304 0.183133 0.136730 -0.109492 -0.061062 0.165672 0.003171 0.140634 -0.271316
0.219968 0.440352 -0.114600 -0.050606 0.151646 -0.075445 0.034450 -0.118228 0.057329 0.149242 0.238549 -0.086598 0.106048 -0.053575 -0.051545 0.059847 0.305786 -0.086017 -0.099747 -0.375740 -0.067256 0.100559 -0.009391 -0.193872
0.103713 0.126940 -0.087888 0.093537 0.074628 0.100984 0.147203 -0.261132 0.051348 0.031793 -0.074849 0.179139 0.005028 -0.096071 -0.148442 0.169782 0.239848 0.122083 -0.122722 -0.368193 -0.019382 0.042387 0.063847 -0.428807
0.244166 -0.175928 0.156352 0.045134 0.224127 0.084935 -0.023042 -0.118720 -0.048428 -0.055306 -0.132980 0.247038 -0.120304 -0.165036 -0.036878 -0.062357 0.118131 0.048182 -0.035752 -0.132989 0.102884 0.160125 0.221544 -0.498770
0.209412 -0.130672 0.060449 -0.036774 -0.009956 -0.131199 0.079850 -0.244918 0.192501 0.047120 -0.054784 0.123532 -0.056863 0.002650 0.268003 0.129385 -0.030861 0.228401 0.033608 -0.144593 -0.093178 0.146800 0.251217 -0.159691
0.053801 -0.115498 0.052501 -0.052564 -0.062817 -0.107240 -0.007029 -0.129065 0.141762 0.145926 0.131953 0.076646 -0.043273 -0.126150 0.275019 0.189331 -0.227488 -0.010476 0.166967 -0.129966 -0.083489 0.137229 0.179651 -0.169389
0.156715 -0.342922 -0.110953 -0.043826 -0.162483 -0.158748 -0.008227 -0.191189 0.006725 0.075754 0.067177 -0.069070 -0.356449 -0.203031 -0.031793 0.042229 -0.002996 -0.044543 0.022285 0.060800 0.106033 -0.021197 0.186374 -0.130800
0.063184 -0.062320 0.155047 0.078899 -0.205497 -0.436099 -0.102169 -0.034103 -0.132934 -0.114903 0.007761 -0.041867 -0.273635 -0.092867 -0.107622 0.116718 0.037074 0.077578 0.011920 0.021714 0.135135 -0.087347 0.229581 -0.279611
0.099104 0.013494 -0.051172 -0.128929 -0.133161 -0.388441 -0.125415 0.222213 -0.398268 -0.103901 0.105958 0.107501 -0.002476 -0.170254 0.375413 0.116267 -0.090246 -0.120651 0.091330 -0.336586 -0.102035 -0.122031 0.226369 -0.047241
0.082839 -0.218029 0.262943 -0.399498 -0.155703 -0.139104 -0.233396 0.127959 0.128823 0.007888 0.017835 -0.046715 -0.120396 -0.439829 0.199093 -0.050541 -0.712496 -0.221609 0.170652 -0.570478 -0.224986 -0.246177 0.256957 0.016835
-0.438343 0.109785 0.309258 0.203130 0.240859 -0.511277 0.007816 0.238451 -0.045937 0.218114 -0.324434 -0.094016 -0.063736 -0.311539 -0.385830 -0.219205 0.105053 0.265219 -0.040985 -0.205378 0.007087 0.154566 0.299383 0.408416
-0.200397 0.219851 -0.014119 0.192417 0.212558 -0.256794 -0.294415 -0.029953 0.272447 0.512319 -0.165790 0.077500 0.521193 0.108414 -0.219597 -0.270137 -0.081306 0.269926 -0.076526 -0.235683 -0.143689 -0.087868 0.395721 -0.018053
0.095485 0.178807 -0.145343 -0.178757 -0.028135 -0.268348 -0.244092 -0.141309 0.085482 0.334985 0.104969 -0.243860 0.612145 0.117040 -0.014692 -0.072439 0.185987 -0.102251 -0.212866 0.142977 -0.177955 -0.209521 0.181172 0.046141
0.152655 0.139411 -0.280949 0.078206 -0.068352 -0.303673 -0.362757 -0.241643 -0.027683 -0.192073 0.378914 -0.116867 0.331056 0.234085 -0.182052 -0.377401 0.028052 -0.013062 -0.041803 0.179502 0.116275 0.168702 0.124257 -0.054210
0.136599 -0.332732 0.090738 -0.190581 -0.102657 0.078647 -0.386232 -0.043953 0.068656 -0.345729 0.352005 -0.355006 -0.034472 0.050158 -0.235028 -0.276058 0.118608 0.234128 0.165590 0.354739 0.001417 0.188186 0.224996 -0.139750
0.112588 -0.456091 -0.085528 -0.120175 -0.067624 -0.044009 -0.201421 0.239165 0.259729 0.034783 0.218920 -0.101122 -0.259527 -0.028884 -0.118218 0.138089 0.175452 0.170511 0.150935 0.175735 0.086126 0.262388 0.155487 0.025276
0.075566 -0.187550 0.015972 -0.163654 -0.094885 0.031537 -0.261753 0.210070 -0.069802 -0.084720 0.012435 -0.058698 -0.262378 0.074988 0.073369 0.234912 0.076947 0.035181 0.020446 0.219294 -0.062870 0.042449 -0.080835 -0.017243
-0.226729 0.007971 -0.030214 -0.159031 -0.080519 0.261438 -0.421169 0.218110 -0.143274 -0.264213 -0.135816 0.052411 -0.342173 0.028901 -0.018249 0.062285 0.132473 0.000750 -0.011507 0.161876 -0.111875 0.182217 0.067111 0.044160
-0.044817 -0.449715 -0.070695 -0.001763 -0.026959 0.092850 -0.144015 0.033425 0.121577 -0.145611 0.042912 -0.050834 -0.112952 -0.307186 0.002962 0.119942 0.085424 -0.060266 -0.104561 0.089430 0.126384 -0.051025 0.072586 -0.083101
0.049403 -0.143683 -0.062251 -0.160080 0.000608 0.286093 -0.096248 -0.146049 0.082700 -0.067355 -0.350144 -0.288107 -0.164708 -0.491008 -0.041614 -0.155275 -0.217900 -0.192115 -0.060172 0.135935 0.083589 0.049812 -0.096192 -0.217174
0.041297 0.011623 -0.230576 -0.018900 0.092301 0.153845 -0.226985 -0.058521 -0.026800 -0.261123 -0.338409 -0.200573 -0.001514 -0.288486 -0.050403 -0.050765 -0.007943 -0.004475 -0.308219 0.025306 -0.064582 -0.013836 -0.071801 -0.134392
0.014913 -0.041325 -0.171941 -0.201665 0.047531 0.122112 -0.195274 0.009958 -0.096061 -0.166143 -0.344299 -0.187126 0.133637 -0.373801 -0.038690 0.049709 0.180251 0.019513 -0.237779 -0.270138 -0.015784 -0.068752 0.080775 -0.205922
-0.035143 -0.155407 0.039735 -0.179604 0.024902 -0.014764 0.197783 0.127259 -0.162024 0.002463 0.064797 -0.088999 0.195516 -0.213617 0.011438 0.308995 0.157631 -0.035757 -0.269749 -0.110963 0.004194 0.099881 0.188939 -0.046961
0.047110 -0.065916 0.002028 -0.057189 0.133112 -0.332482 0.020927 0.159101 -0.063448 -0.065218 0.116926 -0.122256 0.251697 -0.197382 0.104126 0.242900 0.164150 -0.084520 -0.194724 -0.062327 0.110636 -0.027613 0.117743 -0.102652
0.309062 0.225407 -0.135538 -0.075984 0.215656 -0.008025 -0.072055 0.146258 0.051415 0.242312 0.076794 -0.177868 0.149319 -0.247536 -0.040456 0.084641 0.217293 -0.066376 -0.103437 -0.098961 0.029692 -0.154895 0.083361 -0.177609
0.118201 -0.004254 -0.230298 0.022514 -0.169229 0.099456 -0.026221 -0.262202 0.123111 0.101494 -0.051963 -0.029426 0.199636 -0.162685 -0.431483 0.245266 0.263616 -0.039450 -0.067603 -0.200511 0.051552 -0.202392 0.138378 -0.230291
0.107542 -0.127260 0.088132 0.047726 0.037221 0.187968 0.070115 -0.321465 0.031488 -0.055468 -0.072367 0.157033 0.055925 -0.304988 -0.070991 0.004222 0.361630 0.066044 -0.046077 -0.107262 -0.011515 -0.095670 0.425914 -0.314111
0.291792 -0.154934 0.109175 -0.209826 0.103031 -0.041330 0.015525 -0.159965 -0.053642 -0.034284 -0.039914 0.046163 0.026868 -0.177089 0.043566 0.046079 0.012580 -0.005159 0.056477 -0.091523 -0.040393 -0.061299 0.447232 -0.348052
-0.096587 -0.093697 0.162225 -0.086014 -0.092160 -0.263225 0.112183 -0.019140 0.040289 0.152233 0.024520 -0.237105 0.079063 -0.044811 0.111239 0.070520 0.213068 -0.031240 0.119473 -0.126137 -0.002235 -0.044871 0.275912 -0.145261
-0.167620 -0.025003 -0.126788 -0.106824 -0.138827 -0.142153 0.059588 -0.068997 -0.147586 0.083510 -0.008085 -0.192105 -0.045402 -0.241311 0.012747 0.155443 -0.096287 0.090219 0.240819 -0.003149 0.081577 0.025518 0.138373 -0.115127
-0.156944 -0.168469 0.128669 -0.050985 -0.195169 0.006025 -0.143600 -0.144038 -0.107467 -0.122824 -0.099464 -0.190515 -0.343404 -0.270105 -0.209767 0.039521 -0.200939 -0.066941 0.063923 0.012954 -0.088783 0.196602 0.192231 -0.166463
-0.158722 0.032504 0.190324 0.026716 -0.192037 0.125087 -0.069245 -0.059936 -0.267467 -0.127474 -0.130328 -0.000165 -0.166215 -0.235149 -0.060395 -0.032234 -0.303839 -0.066115 -0.002213 -0.137689 -0.094201 0.115692 0.065561 0.018240
-0.058002 -0.056800 0.066546 -0.042507 -0.097203 0.083512 -0.198862 -0.106424 -0.162314 -0.044215 0.007999 0.020194 0.062989 -0.381522 -0.051470 0.036796 -0.298269 -0.236705 0.010712 -0.016349 -0.142549 -0.201867 0.054313 0.255178
-0.075020 -0.330601 0.359146 -0.169092 -0.105885 0.132006 0.139541 -0.289575 0.016323 -0.088650 0.004585 -0.221264 -0.016847 -0.536756 -0.347643 0.012978 -0.564500 -0.106199 -0.145635 -0.270167 -0.132905 -0.173203 0.059028 0.171173
-0.140061 -0.166258 0.168139 0.307870 -0.075785 -0.259362 0.016287 0.051471 0.325058 0.416759 -0.295010 -0.013594 0.855337 -0.187551 0.078526 -0.124991 0.271236 0.150297 -0.195139 -0.002160 -0.092331 -0.249318 -0.228639 0.431028
0.130249 -0.102718 0.121047 -0.013455 -0.029355 -0.130862 -0.064957 -0.192333 -0.045940 0.466006 -0.023559 -0.288178 0.581835 0.040598 0.310504 -0.092108 0.275132 -0.081434 0.062984 -0.277756 -0.211371 -0.095481 -0.144096 -0.141365
0.300254 -0.261617 -0.108491 0.030903 -0.140402 -0.360702 -0.116895 -0.060677 0.069541 0.188349 0.312068 -0.173860 0.436690 -0.129229 0.101728 -0.105811 -0.273531 -0.384107 0.073778 -0.119879 -0.063832 0.336644 0.085277 0.388570
0.123843 -0.415373 -0.258686 0.138936 -0.314710 -0.194778 -0.015306 -0.268580 0.163919 -0.278419 0.456515 -0.151807 0.149621 -0.122550 -0.185065 -0.029861 -0.182215 -0.051114 -0.048430 0.064445 -0.185493 -0.014930 0.302825 0.079095
0.151722 0.029586 0.118024 -0.288016 -0.078863 -0.176690 -0.174213 0.453159 0.140984 -0.177304 0.255453 -0.174915 -0.333099 -0.165338 -0.236278 -0.105837 -0.143667 -0.069830 -0.009882 -0.117369 -0.094052 0.225584 -0.023613 -0.086515
-0.221695 0.084289 0.146469 -0.203511 -0.101349 -0.184432 -0.148838 0.211806 0.015260 0.071327 0.251600 0.139762 -0.103537 -0.061827 -0.135206 0.144783 -0.201950 -0.063924 -0.347664 0.032364 -0.297304 0.084604 0.082377 0.098699
-0.220453 -0.139616 -0.022481 -0.187019 0.070048 -0.175743 -0.087195 0.320154 -0.235245 0.027386 0.103302 0.156141 -0.267661 0.181728 -0.105474 0.149268 0.043009 0.100697 -0.192582 -0.081161 -0.109899 -0.044794 -0.171032 0.063222
-0.251156 -0.367349 0.029038 -0.064708 -0.010893 -0.079962 -0.002606 0.081922 0.071671 0.005006 0.116836 0.026000 -0.179745 -0.257298 -0.113192 -0.068353 -0.228190 0.100095 -0.091029 0.030155 0.192871 0.062268 -0.144076 0.124077
-0.057971 -0.289437 0.053649 -0.059989 -0.032198 -0.034775 -0.046659 -0.123195 0.178817 -0.112863 -0.026285 -0.051179 0.049895 -0.154929 -0.052363 0.055357 -0.237509 0.209833 -0.058878 -0.076523 0.088097 -0.115434 -0.131925 0.111089
0.201178 -0.056509 -0.047594 -0.208361 -0.007562 0.052790 -0.063555 0.106772 0.097537 -0.021998 -0.241381 -0.273205 -0.198017 -0.317021 -0.143133 -0.122030 -0.189726 0.118093 -0.006456 0.131515 0.095198 -0.091342 0.018707 0.058264
-0.130619 -0.016397 -0.026382 0.170541 0.084070 -0.293084 0.104906 0.076844 0.075708 -0.064802 -0.243611 0.003796 -0.203517 0.025416 -0.032284 0.289668 0.267333 0.148804 -0.109507 0.040190 0.106161 0.187315 0.008090 0.134558
0.063538 -0.072428 -0.065216 -0.007543 0.019546 -0.190894 0.123387 0.185882 -0.134684 0.012382 0.024907 -0.010782 -0.230264 -0.195023 -0.009874 0.144227 0.059844 0.091000 -0.046946 0.028557 0.045669 -0.141546 -0.031429 -0.150657
0.234740 -0.193092 0.058957 -0.115251 0.157740 -0.288864 0.054054 0.012330 -0.124544 0.063459 0.177380 -0.147160 0.010228 -0.172778 -0.085716 0.138291 -0.190797 -0.023187 0.033197 0.112458 -0.014805 0.047026 0.254867 -0.113223
0.224217 -0.092741 -0.093687 -0.166807 0.134457 -0.083627 -0.214520 0.095349 0.145225 0.004045 0.050430 -0.106710 0.165190 -0.245393 -0.217239 0.064642 -0.006972 0.044997 -0.063087 0.151632 0.130558 -0.133588 0.130384 0.009169
0.047171 -0.071034 -0.118586 -0.271563 -0.191682 0.052232 -0.151401 0.097906 0.050531 0.049239 -0.199422 0.021700 -0.053159 -0.196119 -0.249148 0.109361 0.311291 0.022854 0.051488 -0.044085 0.006662 -0.305969 0.310854 -0.076531
0.149624 -0.151107 -0.005034 0.008665 0.015984 -0.195479 -0.007911 -0.083538 0.041231 0.085962 -0.103681 -0.008288 -0.084340 -0.138063 -0.190831 0.058530 0.233320 -0.061675 0.048085 -0.331101 -0.115249 -0.212029 0.516618 -0.008345
0.212955 -0.193380 0.271964 -0.136746 -0.065101 -0.113574 0.001056 0.053121 -0.109132 0.024650 -0.139359 0.106201 0.149762 -0.185847 0.115549 0.103063 -0.083551 0.002046 -0.080097 -0.104406 0.029206 -0.160733 0.435664 -0.272383
0.047486 -0.273971 0.141793 -0.250293 0.095995 -0.138632 -0.099635 -0.053703 0.106719 0.014893 -0.003950 -0.120031 0.360338 -0.115740 0.213673 0.099931 -0.187373 -0.115505 -0.048540 -0.001076 0.037019 -0.159767 0.333301 -0.182132
-0.151492 0.099279 0.016950 -0.212127 0.089975 -0.011663 -0.097104 -0.088748 0.069621 -0.028190 -0.010290 -0.141967 0.142378 0.047797 0.208802 0.227214 -0.229520 0.031313 -0.103103 -0.212534 -0.020772 -0.342916 0.222163 -0.243445
-0.159933 0.147342 0.070161 -0.120827 -0.004121 0.172898 -0.124871 -0.229633 -0.094394 -0.244239 0.099927 -0.000944 -0.263163 -0.065385 0.190103 0.060793 -0.282055 0.084565 -0.072979 0.059333 -0.087237 0.031776 0.182120 -0.298109
-0.337129 0.134218 -0.011235 -0.213537 -0.003475 0.274504 0.040562 -0.411772 -0.096413 -0.119705 -0.032106 -0.000131 -0.627578 -0.006866 0.209491 -0.198034 -0.235888 -0.094136 -0.099466 -0.012245 -0.224278 0.150722 0.016330 -0.201909
-0.163113 0.149234 -0.003952 0.006416 0.042012 0.074710 0.039904 -0.295782 -0.046183 0.003624 -0.020448 0.067924 -0.497281 -0.100994 0.061825 -0.021490 -0.252472 -0.153356 -0.119226 -0.052160 -0.180584 -0.039556 -0.257318 -0.069112
-0.058721 -0.056578 -0.045665 -0.077489 -0.035087 -0.050315 0.232698 -0.147672 -0.252022 -0.046683 0.179795 -0.029756 -0.210706 -0.197741 -0.008027 -0.058678 -0.198357 -0.300049 -0.025974 -0.160139 0.032668 -0.253803 -0.246089 0.056080
0.005506 -0.285928 0.079725 -0.257730 -0.166884 -0.157236 0.380825 -0.545691 0.146961 -0.043837 -0.074695 -0.210771 -0.330381 -0.353645 -0.029042 -0.074364 -0.370130 -0.156933 -0.065529 -0.384506 -0.021897 0.032964 -0.223436 -0.167366
0.616536 -0.481501 -0.093009 -0.156143 -0.239087 0.092760 -0.243721 -0.214354 -0.393798 0.155435 -0.006468 0.092280 -0.073709 0.323636 0.507467 -0.134372 0.086534 -0.253364 0.264359 0.283442 0.153034 -0.120489 -0.381794 0.269226
0.587062 -0.305103 0.055210 -0.085991 -0.225867 0.040337 -0.166862 0.125609 -0.168740 0.424278 0.234674 0.061473 -0.001342 0.251075 0.323729 -0.087109 -0.367466 -0.547278 0.193567 -0.157146 -0.260604 0.208326 0.036388 0.290450
0.160614 -0.343156 -0.043189 -0.051687 -0.439548 -0.237246 0.060762 0.141804 0.014574 -0.043810 0.369838 0.066450 -0.051912 -0.203555 -0.111981 0.225762 -0.219076 -0.396651 -0.210740 0.145707 -0.298992 -0.075034 -0.055596 0.428168
0.195958 0.084831 0.044842 -0.312284 -0.234582 0.043565 -0.116590 0.250457 0.040674 -0.072308 0.333066 0.135287 -0.117413 0.004012 -0.129573 -0.020360 0.017575 -0.349262 -0.224213 -0.186028 -0.209535 0.066317 -0.213849 -0.044653
0.090731 0.044622 0.181915 -0.300959 -0.064793 -0.015855 -0.203385 0.396642 0.101975 0.206232 0.101778 -0.204153 -0.139529 0.159499 -0.019648 -0.242926 -0.048951 -0.130172 -0.296913 -0.122054 -0.165024 -0.003719 -0.222839 -0.225967
-0.035771 -0.460470 -0.045539 -0.179347 -0.169109 -0.223032 -0.194139 -0.009416 -0.109051 -0.016538 -0.198200 -0.028320 0.231512 0.149160 -0.044798 0.146497 0.055523 -0.006732 -0.253586 -0.126642 -0.017863 -0.113361 -0.293744 0.026786
0.129748 -0.270804 -0.242897 -0.300059 0.195016 0.017592 -0.072657 0.024482 0.006494 -0.032393 -0.074434 -0.091651 -0.136458 -0.045342 -0.059132 0.066535 -0.111001 -0.002896 -0.170429 -0.054576 0.048493 -0.217293 -0.358778 -0.170576
0.147414 -0.099986 0.113913 -0.118487 0.017763 0.000894 -0.077669 -0.095400 0.128735 -0.203937 -0.183448 0.043679 0.194572 -0.040169 -0.044832 0.181420 -0.053310 0.064513 -0.081360 -0.257415 -0.027254 -0.119792 -0.094466 -0.191894
0.357274 0.028167 0.054126 -0.161689 0.006173 0.059264 -0.191024 -0.178359 0.006829 -0.101847 -0.203357 -0.089705 0.037815 -0.120408 -0.077299 0.151722 -0.120279 0.215673 0.028416 0.074254 -0.009625 -0.126600 -0.062722 -0.192721
0.110486 -0.042076 0.142034 -0.038329 0.171843 0.033661 -0.097622 0.128317 -0.081394 0.046588 -0.098545 0.051869 -0.492042 -0.134931 -0.217381 0.097002 0.066205 0.282451 -0.094326 0.046010 0.036583 -0.022042 -0.155849 -0.112992
0.141470 -0.218346 0.112123 -0.055401 0.142328 -0.080358 -0.049613 0.217826 -0.082381 -0.253514 0.136320 0.112452 -0.067959 -0.020845 -0.086421 0.129242 -0.074792 0.172570 -0.069027 0.010229 -0.052361 0.028647 -0.160666 -0.197583
0.280960 -0.263977 0.089534 -0.176444 0.080000 0.079759 0.126061 0.213001 -0.018366 0.017876 0.241350 0.079629 -0.000138 -0.254979 -0.234721 0.132612 -0.104954 0.214612 -0.037958 0.055221 0.035532 -0.132526 -0.075971 -0.137505
0.188884 -0.220035 0.105716 -0.304592 -0.106125 -0.041243 -0.011729 0.187700 0.038955 -0.072257 -0.003112 -0.146925 0.270940 -0.160768 -0.155829 0.138407 -0.043001 0.217022 0.038099 -0.173687 -0.089916 -0.019506 0.118203 -0.016078
0.042203 -0.067810 -0.108779 -0.289643 -0.064599 -0.151889 -0.036547 0.200527 0.226224 0.042586 -0.225902 0.037471 0.121569 -0.210915 -0.081661 0.356288 0.206744 0.086860 0.066514 -0.163507 -0.006102 0.072120 0.226397 0.001058
0.086474 -0.200855 -0.140495 -0.255555 -0.090981 -0.008385 -0.075288 -0.058117 0.013257 -0.025263 -0.164853 -0.001629 -0.132800 -0.098637 0.084954 0.148931 0.130745 0.037620 -0.033265 -0.239107 0.048326 0.069611 0.207140 0.026462
0.133001 -0.062531 0.077775 -0.268252 0.143199 -0.211124 -0.021765 -0.041791 -0.009275 0.047029 -0.050535 0.152905 -0.166216 -0.028609 0.089497 0.137647 0.185682 0.013201 -0.074099 -0.144916 -0.030630 0.063348 0.251293 -0.015537
0.164731 -0.098519 0.105235 -0.000031 0.238744 0.023259 0.031231 -0.020703 0.130384 -0.026712 -0.030537 -0.072695 0.102444 -0.081757 0.134854 0.198314 -0.009159 -0.119122 -0.040038 -0.058748 0.239123 -0.207799 -0.022844 0.030582
0.183489 -0.108203 -0.023252 -0.056945 -0.036360 -0.058963 -0.296441 -0.405090 0.227327 -0.160129 -0.032793 -0.070739 0.292331 -0.154722 0.097839 0.189486 -0.045966 -0.159551 -0.058922 -0.102076 0.035600 -0.267754 -0.114943 -0.109554
-0.133718 0.145361 0.012139 -0.032899 -0.063517 0.128476 -0.081817 -0.269413 0.168788 -0.211623 -0.049731 0.108911 -0.122793 -0.091259 0.116785 0.156250 0.005294 0.070245 -0.055181 -0.161967 0.061002 -0.019442 -0.261188 -0.100570
-0.299376 0.093747 -0.017718 -0.000584 -0.114978 -0.015023 0.015922 -0.303326 0.198710 -0.090244 0.110025 0.040779 -0.309229 -0.229425 0.108514 0.098448 0.040950 0.053228 0.047511 0.126124 0.041059 0.279576 -0.058649 -0.211655
-0.412216 -0.023946 0.036592 0.091344 -0.062466 -0.014170 0.122403 -0.284255 0.170081 -0.055512 -0.053171 0.078831 -0.472626 -0.270738 0.051701 -0.033399 0.136564 0.100568 -0.045206 0.120087 0.038800 0.169551 -0.211637 -0.181880
-0.191376 0.166561 -0.193907 0.001073 0.094226 -0.101543 0.110203 -0.247427 0.106415 -0.082414 -0.057477 -0.007542 -0.309650 -0.215578 0.005450 0.106510 -0.027096 -0.006734 -0.068662 0.144269 0.224691 -0.059300 -0.155935 -0.040474
-0.056913 0.004516 -0.063170 -0.169205 0.123615 -0.192876 0.236516 -0.199028 0.048241 -0.020447 -0.050455 -0.072730 -0.345934 -0.184072 0.051919 0.255946 -0.205142 -0.208444 -0.001182 0.018884 0.207640 0.026191 0.116064 -0.108822
-0.005259 0.014293 -0.032319 -0.105288 0.022618 -0.137780 0.183874 -0.152029 0.272332 -0.093926 -0.126160 -0.137055 -0.431803 -0.003796 0.201483 0.141173 -0.451305 -0.157806 -0.215384 -0.086469 -0.151434 0.448174 -0.040785 -0.343661
0.321261 -0.202766 -0.206921 0.087018 -0.258788 -0.054059 -0.127102 -0.141601 0.111772 0.180780 0.413547 0.033486 -0.496843 0.268250 -0.298515 0.166646 -0.685382 -0.522443 0.410043 -0.225954 -0.344173 0.048158 0.173947 0.320001
0.061385 -0.207624 -0.034376 0.190363 -0.401288 0.011896 -0.018431 0.133254 0.239406 0.114308 0.637309 -0.088112 -0.410617 0.264690 -0.320818 0.115419 -0.399138 -0.319153 0.214256 -0.217990 -0.436450 0.019912 0.273668 0.052705
0.126224 -0.111102 -0.223476 -0.085301 -0.238175 0.024401 -0.111956 -0.120987 0.172769 0.191712 0.328560 0.064471 -0.206009 0.108072 -0.310579 -0.213787 -0.041563 -0.596961 -0.144388 -0.053319 -0.102775 0.145978 0.000480 -0.071098
0.061436 -0.220608 -0.133587 -0.257532 -0.266768 0.251158 -0.130113 0.001812 0.198255 0.033159 0.197297 -0.197609 0.026485 0.334278 -0.100126 -0.192953 0.055669 -0.211003 -0.045618 -0.273014 -0.103419 0.048266 -0.112625 -0.582523
0.101728 -0.344553 -0.182501 -0.032261 -0.074790 -0.000998 -0.224458 -0.066234 -0.132144 -0.129811 -0.024261 -0.215015 0.124575 0.297441 0.109384 -0.172997 0.023473 -0.124201 -0.181506 -0.219022 0.135543 0.110905 -0.137333 -0.317401
0.136312 -0.162714 -0.071269 -0.333595 -0.202326 0.038377 -0.093075 0.058688 -0.164722 -0.203194 -0.108988 -0.011849 0.165946 0.120540 0.080295 0.194811 0.084807 -0.087028 -0.244947 -0.146119 0.097152 0.014198 -0.076528 -0.023820
-0.009688 0.177358 0.002654 -0.298423 -0.145562 0.076223 -0.198235 -0.061297 -0.054768 -0.185188 -0.072154 0.003634 0.059750 -0.133824 0.172887 0.047614 0.012735 -0.134590 -0.104191 -0.300335 0.019206 -0.200745 -0.191135 -0.183067
-0.053250 -0.073672 0.233412 -0.082686 -0.009152 0.147891 -0.042443 -0.095370 -0.111087 -0.228282 -0.129423 -0.216372 0.002934 0.102270 0.065521 0.187457 0.203623 0.055929 -0.143275 0.007445 0.013976 -0.078594 -0.067935 -0.129378
0.012671 -0.219551 0.109371 -0.052271 0.064168 0.001682 0.147627 0.060964 -0.309201 -0.221567 -0.013708 -0.151894 -0.308317 0.136484 -0.107660 0.076769 0.282087 0.122045 -0.193738 0.154370 0.027242 -0.261686 -0.289928 -0.033108
-0.080566 -0.254647 -0.081066 -0.066683 0.098829 -0.034855 -0.054225 0.161971 -0.135349 -0.152066 0.176695 0.014909 -0.103408 -0.086063 -0.163634 0.015659 -0.017243 0.097028 -0.017087 -0.041078 0.089910 -0.182242 -0.194208 -0.048073
0.200763 -0.403994 0.027177 0.066154 -0.026013 -0.116397 0.041303 -0.014775 -0.054043 -0.217341 0.186585 -0.022878 0.271737 -0.258229 -0.091478 0.282209 0.171180 0.032355 0.019705 -0.155962 0.094436 -0.036042 -0.139080 0.045069
0.114594 -0.331214 0.144425 -0.210213 -0.097866 -0.104235 0.082480 0.054424 -0.009658 -0.060862 0.011031 0.031534 0.150067 -0.337592 -0.095132 0.076008 0.065485 -0.016262 0.072601 -0.190012 0.112494 0.017507 -0.037706 0.003167
0.095784 -0.054237 0.084839 -0.172542 0.047509 -0.256204 0.101473 0.087211 0.071466 -0.050778 -0.276834 0.050198 0.252945 -0.343675 0.073110 0.103938 0.130073 0.066881 0.055742 -0.111793 -0.140347 0.194466 -0.019960 0.068691
0.138305 -0.143000 0.010719 0.007562 0.104341 -0.170341 -0.010251 -0.025237 0.030840 -0.128712 -0.327988 0.239538 -0.008681 -0.208283 -0.012670 0.040076 -0.035891 -0.054222 -0.172253 -0.106997 -0.027789 0.102088 -0.056430 0.097404
0.225444 -0.046345 0.099205 -0.091172 -0.002772 -0.031246 -0.088480 -0.014979 -0.053736 -0.077417 -0.124213 0.047087 -0.187536 -0.043526 -0.034388 0.108085 0.015088 0.049726 -0.060939 -0.228810 0.051731 0.110503 0.027460 0.062734
0.352699 0.066536 -0.083236 -0.011830 0.145867 -0.049849 0.032395 -0.007137 0.005001 0.057470 0.048443 -0.006071 -0.159657 -0.042262 -0.285322 0.163283 0.037751 -0.011812 -0.033969 -0.235590 0.010640 -0.014803 -0.111107 0.052383
0.329389 -0.023065 -0.138988 0.037028 0.106283 0.057707 -0.010682 0.019506 0.212389 -0.241447 -0.164974 -0.113245 -0.053845 -0.189361 -0.150955 -0.049439 -0.054449 -0.062597 0.015618 -0.182662 0.208844 0.019087 -0.486654 0.090386
0.062335 -0.036909 0.000326 -0.078246 0.034911 0.029070 -0.055122 -0.073596 0.045183 -0.107926 0.053941 0.093289 0.135146 0.043805 0.069866 -0.171204 0.070489 0.015712 0.072101 -0.127583 0.037113 0.039930 -0.332813 -0.137089
-0.126856 0.054660 0.022711 0.078969 0.027390 0.104074 -0.067698 -0.082811 0.322756 0.129946 -0.043017 0.204969 -0.043796 -0.161248 -0.059842 -0.075443 0.273245 0.106037 0.026779 -0.162254 -0.009358 0.155174 -0.109286 -0.234227
-0.284487 0.110157 0.016071 0.147868 -0.039695 0.206747 -0.026285 -0.068873 0.255014 -0.004659 0.107509 0.026583 0.068623 -0.205173 -0.002035 -0.173709 0.184302 0.060039 -0.047546 0.170016 0.101250 0.256829 0.016789 -0.174247
-0.293847 0.061077 -0.023242 0.135312 -0.092300 -0.002680 -0.194380 0.062652 0.329811 0.013853 -0.135650 -0.380343 -0.020510 -0.267113 0.007675 0.034409 0.036922 0.121890 -0.129209 0.216147 0.120928 0.005829 -0.067270 -0.159710
-0.050425 0.020731 0.010359 0.179751 0.001364 0.151491 -0.197678 -0.063507 0.325728 -0.041421 -0.246674 -0.085481 -0.049380 -0.118826 -0.027004 0.060741 -0.244481 -0.134413 -0.315817 -0.027400 0.047289 0.017071 0.142250 -0.160413
0.285698 0.064644 0.095188 0.020512 0.096002 0.004184 0.149215 -0.057780 0.377568 -0.176194 -0.231738 -0.040092 -0.411988 -0.016865 0.073836 0.158573 -0.194655 -0.178464 -0.354085 0.043766 -0.208696 0.259394 0.240721 -0.104154
0.375490 0.165518 0.084343 0.119792 0.041562 0.180285 0.148137 0.049905 0.375387 -0.156152 -0.350181 -0.202092 -0.497034 0.218291 0.133279 -0.050055 -0.265182 -0.059759 -0.699417 -0.100149 -0.075971 0.515651 -0.168141 -0.124336
-0.085241 -0.094927 0.270705 0.152613 0.234674 0.193180 0.282812 -0.179023 0.088467 -0.051678 0.695126 -0.147544 -0.120902 -0.347199 -0.148545 -0.345243 -0.580239 -0.510131 0.159015 -0.417348 -0.077487 -0.103584 0.315029 -0.203714
0.044758 -0.031466 0.190491 0.020118 0.103875 -0.018495 0.297823 -0.178919 0.131184 -0.204978 0.386616 -0.213133 0.147125 -0.387769 -0.405811 -0.303008 -0.162385 -0.480071 0.199142 -0.122318 0.024166 -0.054259 0.009227 -0.184978
0.106784 -0.135198 -0.010609 -0.048878 0.047309 -0.055130 -0.141328 -0.043890 0.187913 -0.090590 0.288480 -0.145286 0.281354 -0.027526 -0.232043 -0.286064 -0.280837 -0.422688 -0.076484 -0.256033 -0.009603 -0.186528 -0.048260 -0.341976
0.268785 -0.025067 -0.173125 -0.279967 0.022748 0.135175 -0.190446 -0.015748 -0.100918 -0.208567 0.020949 -0.140465 0.200821 0.110443 0.154034 -0.004297 -0.062668 -0.305271 -0.142000 -0.206567 -0.270623 0.188845 0.111643 -0.198342
0.084563 -0.186429 -0.139576 -0.222972 -0.065395 -0.023580 -0.151614 -0.139453 -0.028121 -0.222372 0.016541 -0.070200 0.073309 0.068322 0.208579 -0.052621 -0.155435 -0.356073 -0.038259 -0.019887 -0.052395 0.294425 0.061996 0.129053
-0.064044 -0.070910 -0.200268 -0.291984 -0.130534 0.062122 -0.055343 0.048369 -0.066948 -0.261637 0.063581 -0.087972 0.155611 0.104338 0.126609 0.135320 0.063157 -0.178469 -0.068172 -0.087102 0.043604 0.130204 -0.086583 0.205144
-0.096756 -0.265022 -0.102317 -0.314318 -0.066645 0.282237 -0.076139 0.139985 -0.158372 -0.066232 0.224980 -0.218844 -0.238759 0.031664 0.136886 -0.090451 0.088044 -0.233328 -0.129482 -0.198873 -0.076474 -0.073285 -0.237633 -0.151872
-0.035491 -0.078949 -0.048497 -0.179196 -0.109764 0.110880 -0.017817 -0.000235 -0.107970 -0.294903 -0.013965 -0.364735 0.040105 0.021359 -0.039108 0.091133 0.030218 -0.156666 -0.253776 0.076347 0.118744 0.026269 -0.206279 0.076674
-0.086596 -0.237940 -0.203961 0.000381 -0.061171 0.121796 0.008703 0.000332 -0.154336 -0.068765 0.108572 -0.177591 -0.042480 -0.334782 -0.158720 -0.031215 0.130043 -0.096785 -0.075501 -0.110947 0.116869 0.062272 -0.178667 -0.077730
-0.104651 0.087336 0.004590 0.021821 0.048833 0.082205 -0.029701 -0.127275 0.249952 -0.088741 -0.068479 -0.207323 0.058110 -0.315275 -0.143609 0.003578 0.170986 -0.047817 0.016951 -0.259227 -0.022690 0.073786 -0.171632 -0.009088
-0.053195 -0.092009 0.051441 0.148373 0.081579 -0.088171 0.088703 -0.295343 0.212827 -0.199210 -0.095220 -0.149278 0.127354 -0.252547 -0.134221 0.188160 0.225806 0.128829 -0.027621 -0.060133 -0.051216 0.030079 -0.058398 -0.057495
-0.113674 0.076636 0.034282 -0.015587 0.101198 0.020063 -0.032115 -0.082499 0.043191 -0.046648 -0.084043 0.081976 0.203402 0.044801 -0.057181 0.080535 0.051460 0.081520 0.023001 -0.068497 -0.071956 -0.009062 -0.119560 0.034992
0.008450 0.152809 0.052343 -0.046962 0.228679 -0.043535 -0.038639 -0.246772 0.007864 -0.033358 -0.228265 0.176511 0.027226 0.055795 -0.190274 0.038915 -0.244266 0.121663 -0.017721 -0.083487 0.051286 -0.040881 -0.185181 -0.064031
0.102170 0.092764 0.133490 -0.082247 -0.014069 -0.147501 -0.039865 -0.098951 -0.019216 0.027302 -0.080169 0.000424 0.047013 0.026022 0.052533 0.231810 -0.326486 0.015154 0.032181 -0.108063 0.009794 -0.074268 -0.099933 -0.012787
0.071938 0.258606 0.209740 -0.088748 -0.080187 -0.189271 0.049806 -0.151515 -0.087278 0.174475 -0.067351 -0.069333 -0.112750 -0.101110 0.119652 0.211103 -0.233283 0.004665 0.198365 -0.216833 -0.037553 -0.082652 0.064011 0.125679
0.338397 0.219602 0.169925 -0.085417 0.002262 -0.258617 0.126801 -0.066775 0.015468 0.118548 -0.120420 -0.002259 -0.090462 -0.140108 -0.029326 0.082400 -0.184255 -0.065782 0.054013 -0.194589 -0.061105 -0.058409 -0.146417 -0.021884
0.154840 0.069590 0.189073 -0.022378 -0.018134 -0.082640 -0.093241 -0.184808 -0.093249 -0.007924 -0.073299 -0.092253 0.046043 0.004990 -0.062723 -0.021235 -0.068040 0.037304 0.094314 -0.003556 0.047329 0.111981 -0.073060 0.053392
0.177047 -0.029593 0.097269 -0.125665 -0.045031 0.100624 -0.078080 -0.059918 0.052636 0.061976 0.160259 -0.055016 0.082161 0.014793 -0.024873 -0.183458 0.006585 -0.073997 0.052897 -0.111276 -0.086366 0.128107 0.050503 -0.079940
0.064028 0.115870 0.055723 -0.011912 -0.188504 0.133864 -0.264417 0.080174 0.105166 0.016376 0.245767 -0.008449 0.258578 -0.058687 0.158676 -0.138027 -0.172490 -0.006591 0.020850 0.033133 0.076966 -0.098802 0.044520 -0.054026
-0.046651 0.122230 -0.012996 0.040070 -0.186750 -0.066498 -0.178919 0.235395 0.047695 -0.014454 0.170500 -0.105442 0.134886 -0.046970 0.140357 -0.129059 -0.204227 -0.087066 0.058418 0.065927 0.138155 -0.032644 -0.114086 -0.001759
0.111737 0.143142 -0.027689 0.099635 -0.064126 0.043689 -0.434338 0.223827 0.198163 0.052562 0.005843 -0.139785 -0.047375 0.111218 0.140006 0.042496 -0.410966 -0.060590 -0.062649 -0.051860 -0.043389 -0.143163 -0.148760 -0.047277
0.175005 0.024566 -0.025124 0.011590 0.161821 0.102246 -0.122087 0.198656 0.077136 -0.155194 -0.051643 -0.177883 -0.401718 0.270991 0.103338 -0.219997 -0.714791 -0.248832 -0.284211 -0.058597 -0.060359 0.037570 0.009313 0.156152
0.262858 0.150986 -0.056414 0.082651 0.107360 -0.150181 0.159917 0.088736 0.076342 -0.234427 0.088859 -0.256996 -0.703507 0.184674 0.170649 -0.115259 -0.522084 -0.019966 -0.304491 0.018295 -0.096147 0.275267 -0.024670 0.170451
0.207057 -0.027137 -0.058013 0.208607 0.153939 -0.549793 -0.016643 0.094392 0.066652 -0.612971 -0.020830 -0.232169 -0.511415 0.264801 -0.008930 -0.369378 -0.344111 0.398123 -0.368177 -0.049842 0.126803 0.438603 -0.423516 0.091006
0.172700 0.143579 0.014104 0.027337 -0.006417 0.023578 -0.006550 0.268320 0.137424 -0.521584 0.456419 -0.140019 0.271437 -0.634613 -0.346757 -0.435151 -0.227760 -0.079159 -0.037601 0.160432 0.092550 -0.762423 -0.336978 -0.053150
0.172780 0.152735 -0.037971 0.223501 0.089590 -0.134536 0.049796 0.248223 0.094644 -0.565675 -0.148731 -0.368533 0.211481 -0.434063 -0.284152 -0.185581 -0.221519 -0.023615 -0.316315 0.238030 0.183289 -0.287082 -0.304232 0.253959
0.073629 0.077386 -0.014638 -0.122758 0.143669 -0.067081 -0.154950 0.130965 -0.084026 -0.392656 -0.208272 0.054452 -0.108407 -0.079169 0.084436 -0.288136 -0.334187 -0.032769 -0.046242 -0.044461 0.039686 -0.408448 0.034338 -0.077105
0.006726 -0.231891 0.009892 -0.089555 0.052744 0.001012 0.162074 -0.209238 -0.065834 -0.349056 -0.484053 -0.240601 -0.368755 -0.198164 -0.007722 -0.041487 -0.218401 0.045727 0.020278 -0.112366 0.050189 -0.201595 -0.054440 0.226189
-0.078806 -0.362779 0.096979 -0.184012 0.032308 -0.018566 0.033947 -0.143606 0.170000 -0.227637 -0.272692 -0.116062 -0.551701 -0.279696 -0.013196 -0.152429 -0.209820 -0.211221 0.119527 0.064679 0.027777 -0.093860 -0.058092 0.098249
0.127103 -0.306405 -0.073507 -0.271726 0.066788 0.035306 0.034553 -0.157642 -0.169540 0.003609 -0.188039 -0.174255 -0.288840 0.020833 -0.051011 -0.024962 -0.097075 0.020604 -0.111198 -0.098870 -0.069975 -0.232166 -0.053483 -0.177640
0.271866 -0.244709 -0.249826 -0.314089 0.054049 -0.055269 -0.055893 -0.136399 -0.104297 0.152632 -0.238340 -0.340745 -0.391975 -0.067751 -0.207537 -0.032915 -0.052549 -0.064774 -0.307648 -0.135510 -0.012780 0.188115 0.095670 -0.386770
0.230312 -0.189124 -0.036827 -0.015254 -0.138764 0.109828 -0.095989 -0.200739 0.066122 -0.051898 -0.334811 -0.224901 -0.072937 -0.057818 -0.107497 0.031730 -0.162764 -0.049082 -0.303901 0.118657 -0.098514 0.099942 0.242017 -0.112999
0.020804 -0.255199 0.021866 -0.051848 -0.110580 0.262985 0.083408 -0.235306 -0.071384 -0.140428 -0.216975 -0.295980 -0.366763 -0.048495 -0.244940 0.098531 -0.100562 0.113905 -0.222776 -0.029867 -0.010665 0.078032 -0.021559 -0.146388
-0.167156 -0.162991 0.105144 0.055310 -0.121521 0.142844 0.108323 -0.168773 0.040500 -0.266553 -0.260617 -0.286894 -0.232245 0.049457 -0.194772 -0.041350 0.080033 0.126139 -0.146724 0.085423 -0.149487 0.037543 -0.380910 -0.201192
-0.214781 -0.278657 -0.015899 0.250101 -0.155480 0.131765 0.159927 -0.053859 -0.275458 -0.177790 -0.232300 -0.046180 -0.144401 0.139055 0.062559 0.094841 0.200062 0.189905 -0.146244 0.108841 -0.028846 0.095770 -0.687032 -0.145921
-0.276832 -0.075743 -0.192249 0.079595 -0.125418 0.153144 -0.011713 0.129909 -0.346667 -0.050912 -0.311008 0.034617 -0.163796 0.128745 -0.026126 0.296092 0.005817 0.072353 0.017072 0.145415 0.162584 0.003778 -0.637377 -0.095335
-0.287026 0.051698 -0.097701 -0.071118 -0.057776 -0.071872 0.089128 0.027037 -0.365497 0.084830 -0.218920 0.000413 -0.092117 -0.115815 0.045052 0.352767 0.086629 0.061248 0.064855 0.052525 0.073975 -0.055077 -0.393706 0.000859
-0.381345 0.034812 0.129815 -0.143541 -0.156534 -0.326524 0.023620 0.165937 -0.483932 0.063576 -0.080679 -0.033470 -0.046274 -0.107318 0.069249 0.281927 -0.070819 0.119090 0.105740 0.013721 0.107787 -0.135558 -0.074926 0.137488
-0.139689 0.022459 0.338312 -0.188345 -0.112377 -0.209034 0.035010 0.019602 -0.262170 0.140901 -0.090954 0.083046 -0.140849 -0.163023 -0.091188 0.163964 -0.129169 0.077688 0.127209 -0.002850 0.028779 -0.211341 0.000131 0.006452
-0.038304 -0.012636 0.179335 -0.250843 0.173569 -0.016712 0.041285 -0.100051 -0.222201 -0.047512 -0.156389 0.024431 0.060083 -0.134241 -0.047270 -0.122897 -0.101796 -0.047762 0.196172 -0.009543 0.086033 -0.004947 -0.133836 -0.127013
-0.082198 -0.131687 0.096722 -0.067117 0.258138 -0.104221 -0.148481 -0.086048 -0.431921 -0.095960 0.029245 0.132907 0.251162 0.091483 -0.108771 -0.204435 -0.145387 -0.021967 0.060443 0.170010 0.071536 -0.116240 -0.142781 -0.023695
-0.011915 0.006533 0.023158 -0.101315 0.039259 -0.268720 0.022166 0.113136 -0.175700 -0.118638 0.052065 0.204040 0.206049 -0.131377 0.171533 -0.054955 -0.233550 -0.182510 0.030109 0.132426 0.122973 0.014601 0.048706 -0.080368
-0.092363 0.101783 -0.028098 0.038868 0.091949 -0.237019 0.045604 0.175268 -0.136054 -0.003826 0.311837 0.203688 -0.055306 -0.197525 0.077390 -0.019859 -0.537764 -0.167202 0.146153 -0.088023 0.142482 0.127924 -0.082209 -0.094467
-0.150264 0.192365 -0.065397 0.073159 0.166440 -0.504907 -0.024494 0.224590 -0.191389 -0.046056 0.340262 0.080290 -0.380809 -0.148324 0.056765 -0.206962 -0.847450 -0.230025 0.287412 -0.090395 0.153095 0.245347 -0.148582 0.027298
-0.060873 0.327100 -0.053003 0.025162 0.098941 -0.298977 -0.064405 0.085755 -0.111947 0.006887 0.234164 0.066147 -0.683853 -0.003287 0.041126 -0.349715 -0.844953 -0.115735 0.258215 -0.147773 0.041954 0.066182 0.104107 0.149164
0.005530 0.223652 0.074371 0.176732 0.019495 -0.247781 0.032923 0.124700 -0.017594 -0.092040 0.366503 0.039779 -0.756333 -0.127439 0.039960 -0.203451 -0.880627 0.083833 0.212131 -0.073056 0.006576 0.129229 0.071141 0.231260
-0.003944 0.251119 -0.025249 0.223679 0.049131 -0.515980 -0.142559 0.265044 0.020357 -0.247467 0.432245 -0.226683 -0.325142 -0.065087 0.231101 -0.234279 -0.567860 0.493228 0.106966 -0.072519 -0.040027 0.223799 -0.016357 0.147469
0.189147 0.178269 -0.121798 -0.164046 0.170076 -0.528213 -0.334891 0.201443 -0.066025 -0.492150 0.372171 -0.303121 -0.216072 0.046137 -0.081426 -0.338062 -0.755804 0.698158 0.216493 -0.070477 0.132451 0.078257 -0.254961 0.050702
0.100821 -0.511330 -0.011135 0.168674 0.047618 0.037667 -0.519645 0.347958 -0.262331 0.115167 0.286283 -0.394595 -0.066090 0.379898 -0.339881 -0.021942 -0.071966 0.569445 -0.151705 0.072039 0.000269 -0.332578 -0.075505 0.168869
-0.148027 -0.557856 -0.117803 0.100549 -0.000123 -0.007830 -0.288111 0.079385 -0.121314 -0.065656 0.005747 -0.364440 -0.130229 0.391661 -0.374735 -0.087673 -0.004890 0.359902 -0.232370 -0.021117 -0.014429 -0.048618 -0.053380 0.090268
-0.170599 -0.502083 -0.105998 0.017474 0.145319 0.210577 -0.281350 -0.109934 -0.396700 -0.202485 -0.202945 -0.168959 -0.303575 0.461289 -0.352349 -0.135892 0.036004 0.293808 -0.119244 0.065986 0.192471 -0.088470 -0.289090 0.268743
-0.048217 -0.334030 -0.303923 0.023808 0.261639 0.160416 0.033281 -0.139534 -0.145642 -0.145350 -0.112209 0.033874 -0.318491 0.348668 -0.257208 -0.300662 -0.040199 0.216847 -0.131866 -0.225204 -0.081345 -0.091923 -0.178198 0.484863
-0.025597 -0.178251 -0.284193 -0.158436 0.212743 -0.061734 0.497892 -0.206728 -0.268643 -0.044628 -0.200803 0.260888 -0.325180 0.149101 -0.041365 -0.137954 0.084151 0.105629 -0.101863 -0.236971 -0.098127 -0.218683 -0.224548 0.461086
0.101262 -0.093648 -0.264854 -0.095226 0.095629 -0.081937 0.640347 -0.106514 -0.282270 -0.064859 0.151461 0.167685 -0.413101 0.112421 0.025027 -0.081687 -0.063381 -0.033187 -0.162421 -0.149027 -0.103317 -0.146263 -0.299537 0.464418
0.201166 -0.165839 -0.320871 -0.294155 -0.065991 -0.105154 0.573682 0.010153 -0.365602 0.036221 0.135989 -0.073107 -0.094421 0.159588 -0.090540 0.175775 -0.017507 -0.010484 -0.139786 0.021127 -0.173768 -0.321621 -0.185016 0.262603
0.219199 -0.007412 -0.333416 -0.364023 -0.116570 -0.133216 0.176438 0.127651 -0.255218 -0.016300 0.165186 -0.119562 -0.164893 0.206963 0.078997 0.297363 0.096097 0.098777 -0.201226 0.022275 -0.137316 -0.366747 -0.216470 -0.153652
0.237906 -0.090489 -0.276380 -0.344196 -0.125958 -0.141052 0.150004 0.031845 -0.209726 0.008729 0.103172 -0.172314 -0.237061 0.184250 -0.032356 0.268539 -0.047367 0.114431 -0.295344 0.059065 -0.136747 -0.512184 -0.281904 -0.012375
0.051393 0.181755 -0.191904 -0.417923 -0.099351 -0.226269 0.102578 -0.074774 -0.166935 0.056002 0.065964 -0.060468 -0.019471 0.154128 -0.050383 0.110140 -0.073266 0.168607 -0.297924 -0.053762 -0.247578 -0.317674 -0.176313 0.120019
0.013856 0.115711 -0.198263 -0.149467 -0.307097 -0.110029 0.328167 0.015905 -0.159727 0.215968 0.088158 0.082476 -0.103698 0.098347 -0.059204 0.118094 -0.149161 0.063776 -0.192270 -0.061298 -0.113373 -0.299797 -0.176570 -0.126757
0.034502 0.122268 -0.215873 -0.072716 -0.212963 -0.145201 0.340482 -0.073901 -0.074253 0.099690 -0.124277 0.018268 0.094271 0.085281 -0.187717 0.292825 0.083137 -0.012792 -0.208941 -0.100340 -0.138928 -0.216706 -0.187870 -0.076950
0.031834 0.094439 -0.097605 0.093490 -0.289782 -0.109873 0.343277 0.017523 -0.162784 0.166617 -0.008937 0.019451 0.004179 0.217302 0.010437 0.334599 -0.077383 -0.031525 -0.156315 -0.054783 -0.133318 -0.413837 -0.170076 -0.055526
0.042321 -0.014864 -0.026763 0.041415 -0.054825 -0.086169 0.130598 -0.088923 0.020408 0.189262 0.115851 0.095073 0.061679 0.195035 -0.113125 0.267714 0.041858 0.185141 -0.276040 -0.091087 -0.284642 -0.260178 0.095894 0.078789
-0.020065 0.026384 -0.060711 0.242278 -0.112055 0.044299 -0.097501 -0.024497 0.063635 0.109452 0.062487 0.032137 0.045639 0.257321 -0.200467 0.329428 0.012945 0.162760 -0.161701 -0.054357 -0.251969 -0.097318 0.067716 -0.100618
0.030777 -0.009125 -0.120888 0.134168 -0.093462 -0.131361 -0.196101 0.046220 0.165106 0.137476 -0.025487 0.057846 -0.032031 0.172635 -0.066261 0.143323 0.073069 0.163187 -0.174705 0.028782 -0.267772 -0.319157 0.053341 -0.035169
0.057923 0.103273 -0.046846 0.219610 0.127074 -0.039516 -0.175122 0.034354 -0.004006 -0.004553 0.005931 -0.048893 0.003076 0.125079 -0.036941 0.199543 -0.056528 0.051915 -0.212911 0.077951 -0.233468 -0.224702 0.017075 0.048796
0.104477 0.075007 -0.053024 0.068494 0.086678 0.016564 -0.259086 -0.039282 -0.105821 0.162236 -0.068189 -0.031663 0.125161 0.222964 0.005460 0.285026 0.127528 0.075150 -0.319377 0.027895 -0.111138 -0.040144 -0.006833 0.135637
0.024038 0.014541 -0.066835 0.106442 0.262613 -0.094343 -0.245459 0.027180 0.042563 0.174360 0.021553 0.075326 0.224338 0.197724 0.154630 0.243522 0.053714 -0.013726 -0.350713 -0.075756 -0.046204 -0.014032 -0.033644 -0.002269
-0.035257 0.097627 -0.036812 0.081901 0.230788 0.030611 -0.240932 0.139911 0.173655 0.321837 0.059323 -0.046678 0.219275 0.299256 0.205058 0.336823 0.152571 -0.045860 -0.213195 -0.086186 -0.183036 0.153752 0.032150 -0.037435
-0.074703 -0.079891 0.019466 0.093388 0.086634 -0.271895 -0.183762 0.235717 0.191041 0.285121 0.033294 -0.021512 0.331309 -0.006088 0.052856 0.045908 0.273921 0.127229 -0.166878 -0.050901 -0.156027 -0.041781 -0.042203 0.193079
-0.055562 -0.110415 0.287910 0.231107 0.076412 -0.265805 0.021849 0.108418 0.219883 0.249805 0.163463 -0.013862 0.128955 -0.081628 -0.027553 -0.116900 0.263624 0.110154 -0.075455 -0.112624 -0.438587 0.131039 -0.260429 0.034407
0.034176 0.077566 0.178457 0.102082 -0.136030 -0.283177 0.152724 -0.022939 0.297525 0.480357 -0.154613 -0.047598 0.084856 0.033921 -0.266965 -0.164256 0.179336 0.215095 0.024665 -0.074836 -0.275862 0.177260 -0.333982 0.122606
0.056134 0.165395 0.039974 0.189178 -0.199310 -0.196509 0.253529 0.032985 0.090879 0.790349 -0.177460 -0.018847 0.133262 -0.176324 -0.335860 -0.162143 -0.157192 0.069869 -0.071611 0.091566 -0.143884 -0.033270 -0.537099 -0.057988
-0.084251 0.064736 -0.347468 0.305597 0.118260 0.302491 -0.042728 -0.218487 -0.062295 -0.107480 0.097948 -0.075194 0.489454 0.062121 0.544780 0.030729 -0.302229 0.196046 0.209197 0.350484 0.078832 -0.438827 -0.156081 -0.345965
-0.268697 -0.025019 -0.092098 0.430294 0.139023 0.225892 -0.074979 -0.181659 -0.248584 -0.280320 -0.252473 -0.069855 0.377202 0.090882 0.363672 0.229096 -0.193635 0.379542 0.145436 0.292993 -0.076466 -0.315641 -0.249069 -0.117462
-0.230328 -0.072975 -0.243421 0.207556 0.348977 0.371504 -0.005872 -0.126850 -0.290949 -0.095338 -0.132521 -0.198806 0.202719 0.149694 0.123704 0.040854 0.015207 0.505979 -0.071992 0.124082 -0.022968 -0.217079 -0.197683 0.042837
-0.154946 -0.133572 -0.157813 0.130458 0.255571 0.034947 0.155002 -0.207497 -0.247750 -0.234698 -0.307377 -0.148888 0.166951 0.006663 -0.014127 0.168365 0.141035 0.499322 -0.117672 -0.007625 -0.029849 -0.042904 -0.139870 0.341979
-0.086392 -0.276606 -0.114796 0.045795 -0.010661 0.027509 0.178889 -0.068677 -0.338560 -0.263061 -0.388789 -0.143053 -0.087919 0.059049 -0.130296 0.119143 0.046682 0.407337 -0.129566 0.009272 -0.273742 -0.106364 -0.148372 0.187542
0.030316 -0.309533 0.095327 -0.105925 -0.181588 0.018743 0.098007 -0.150616 -0.204036 -0.203237 -0.218659 -0.223551 -0.153576 0.059600 -0.082060 0.113974 -0.170779 0.483280 -0.024508 -0.119115 -0.195684 -0.088017 -0.118718 0.230009
0.015130 -0.467225 -0.161286 -0.305545 -0.219856 0.057152 -0.023909 -0.226511 -0.153202 -0.149782 -0.230017 -0.054930 -0.071838 0.168647 -0.296006 0.107873 -0.203937 0.504820 -0.016087 -0.172698 -0.184485 -0.237528 -0.096764 0.128314
0.130058 -0.187476 0.026251 -0.128858 -0.052132 0.053103 -0.217996 -0.181269 0.022733 -0.280340 -0.174700 -0.128587 -0.221411 0.023110 -0.334563 0.022490 -0.325351 0.522999 0.099627 -0.118317 -0.130930 -0.040526 -0.248343 0.084242
-0.003983 -0.141892 0.124050 -0.012651 0.152552 -0.039638 -0.005164 -0.277997 0.169109 -0.140275 -0.060380 -0.119121 0.101370 0.060342 -0.266247 0.069558 -0.415924 0.394659 0.167007 0.006317 -0.039566 -0.176303 -0.104992 -0.028842
0.099345 0.048938 0.131136 -0.066984 0.033898 0.048975 0.316388 -0.080554 0.076720 -0.097094 -0.158840 -0.202628 -0.161381 0.118652 -0.180246 -0.059955 -0.355548 0.395656 0.187973 -0.020341 -0.073149 0.131882 -0.120720 0.049848
-0.012863 0.187632 0.198806 0.150468 0.044286 0.181641 0.460279 -0.092916 0.048550 0.005489 -0.076387 0.069578 -0.159244 -0.129904 -0.048699 -0.037485 -0.174174 0.380554 0.274447 -0.126564 -0.043060 0.117845 -0.005493 0.090680
0.126590 0.159257 0.175365 0.107503 0.064322 0.161470 0.491516 0.156668 -0.045142 -0.055449 0.084722 0.132260 -0.214493 0.069636 -0.017649 0.128909 -0.247439 0.317952 0.175937 -0.085952 0.032376 -0.089328 -0.018360 0.190852
-0.113296 0.097482 0.152695 -0.070861 -0.059297 0.153252 0.203452 0.077933 -0.162122 -0.022164 0.011100 0.228492 -0.215290 0.063230 -0.153982 0.029903 -0.166649 0.570242 0.297545 -0.223300 0.024577 -0.144304 -0.129852 0.229134
-0.206362 -0.143556 0.087365 0.068147 0.131381 0.185473 0.185142 0.024465 0.076679 -0.150028 0.102653 0.056618 0.048857 -0.011770 -0.040461 0.073952 0.027640 0.505535 0.140732 -0.160204 0.064777 -0.016198 0.097886 0.027212
-0.227884 0.156151 0.235408 0.285293 0.099372 0.036203 0.139472 -0.098375 -0.054239 0.055132 0.125053 -0.054070 0.051554 -0.030334 0.076238 0.119851 -0.043083 0.272158 0.351699 -0.117830 -0.016024 0.007688 -0.017460 0.027510
-0.113008 0.027702 0.142765 0.275669 -0.017785 -0.093023 -0.018529 -0.272726 -0.212713 -0.142502 0.121957 -0.047791 0.059736 0.013912 0.187133 0.028181 0.139443 0.277909 0.324867 -0.148632 0.017441 0.041629 -0.001128 -0.154247
0.033452 0.091338 0.101655 0.196939 -0.131178 -0.014954 -0.163214 0.043868 0.030649 -0.066466 0.042083 -0.021214 0.160865 0.090557 0.122739 0.023668 0.120023 0.219275 0.297939 0.029182 -0.046520 -0.126496 -0.159365 -0.025025
0.084345 0.046109 0.196933 0.157254 -0.096256 0.040603 0.055115 -0.143590 -0.108348 -0.017048 0.109708 0.062400 0.086020 -0.093478 0.181568 -0.159794 0.207726 0.289282 0.105981 -0.006854 0.255959 -0.087668 -0.182228 0.013271
-0.107027 0.156573 -0.009550 -0.008694 -0.076536 0.038182 -0.262518 0.057853 -0.021195 -0.041062 0.072987 0.033670 -0.007620 0.086484 0.180391 -0.150211 0.159162 0.294442 0.133463 0.201351 0.227972 -0.037168 -0.071385 -0.085807
0.074746 0.147876 -0.068767 0.046300 0.136392 0.079702 -0.309409 0.007619 0.055089 0.007626 -0.054523 -0.140930 0.053997 0.061446 0.316233 0.117145 0.142962 0.225908 0.074393 0.026711 0.183255 -0.135900 -0.152871 -0.077294
0.025272 -0.010888 -0.182711 -0.007025 -0.021637 -0.045037 -0.105669 0.240538 -0.006750 0.128846 0.145917 -0.192861 0.140226 -0.115159 0.239880 -0.019376 0.178549 0.128849 0.123490 0.007773 0.182988 0.018016 0.108799 0.102378
0.156303 -0.055900 0.074393 -0.029849 0.025882 0.038607 0.173434 0.225509 -0.013308 0.321144 0.113828 -0.153178 0.100622 0.133483 0.200959 0.252709 0.030508 0.079038 0.218107 -0.011958 -0.030524 0.083367 0.293650 0.096130
-0.036653 0.064231 0.073717 -0.037031 -0.054212 -0.008289 0.360472 0.054565 -0.004042 0.362507 -0.296296 -0.069373 -0.187236 -0.132235 -0.179743 0.357710 0.238069 0.457537 0.149313 -0.047441 -0.057962 0.021911 -0.022014 0.396663
0.130906 0.297269 0.066672 -0.104481 -0.156054 0.093628 0.206102 -0.113883 -0.117040 0.502543 -0.253262 0.237028 0.011352 -0.201183 -0.226606 0.494963 -0.289133 0.289912 0.264014 -0.043100 -0.256184 0.306546 -0.269859 0.148736
-0.239823 -0.119717 0.012222 0.408701 -0.029399 0.027864 0.072903 -0.253195 -0.190985 -0.455458 -0.203710 0.124790 0.327927 -0.184555 0.222750 -0.060836 -0.310024 0.359513 0.646690 0.135738 0.106656 -0.371185 -0.173960 0.300865
-0.124756 0.161164 0.025620 0.515870 0.058373 0.278929 -0.111755 -0.270441 -0.072427 -0.402029 -0.239354 -0.023714 0.413805 0.036183 0.303650 0.040276 -0.390128 0.299576 0.246575 0.042041 -0.026736 -0.196172 0.153984 0.279303
-0.124871 0.065584 -0.057557 0.509197 0.232980 0.096194 -0.091968 -0.003906 -0.120746 -0.355862 -0.264990 -0.077881 0.602445 -0.158078 0.206068 -0.055414 -0.189749 0.140483 0.059836 0.225452 0.070518 -0.089854 0.180898 0.550012
-0.032938 -0.110325 -0.070183 0.354422 -0.041804 -0.124827 -0.249537 0.094628 0.016508 -0.256784 -0.226736 0.043830 0.419066 -0.117433 0.200165 0.029376 -0.172845 0.345117 0.029968 0.105761 0.116210 -0.087070 0.071302 0.425727
0.053642 -0.212222 -0.002423 0.317576 -0.026010 -0.124812 -0.172115 0.153258 -0.152868 -0.104910 -0.082019 -0.258934 0.341631 -0.096448 0.217477 -0.126478 -0.105968 0.351162 0.008408 0.317111 -0.101709 -0.006417 -0.019835 0.384411
0.194535 -0.276248 0.074880 0.040698 -0.105734 -0.049402 -0.256617 -0.035929 -0.140888 -0.139252 -0.057447 0.094248 0.255758 -0.060925 0.136811 0.000092 -0.365948 0.385335 0.014872 0.000232 -0.009734 0.027684 -0.072885 0.230807
0.075186 -0.281635 0.004349 -0.051808 0.049279 0.330352 -0.036921 -0.172810 -0.112062 -0.103802 -0.134567 0.099242 0.236716 -0.073707 -0.035420 -0.100867 -0.403893 0.421328 0.108662 -0.005328 0.127844 -0.016534 -0.216850 0.150506
0.053539 -0.131834 -0.143501 0.026411 0.113778 0.104163 0.152633 -0.240020 0.075031 -0.080698 -0.058471 0.074771 0.312181 0.034732 -0.008705 -0.101480 -0.424601 0.460023 -0.036419 -0.150621 -0.088364 -0.006390 -0.230976 0.056244
-0.084773 -0.127578 0.121232 0.221622 0.127502 0.128733 0.263515 -0.154425 0.144746 -0.138958 -0.257126 0.185912 0.326299 0.104566 -0.052535 0.072952 -0.308872 0.401486 0.074815 0.011155 0.015175 -0.047646 -0.192433 0.033617
0.030357 -0.066492 0.021962 0.280299 -0.001389 -0.072363 0.290651 0.073453 0.055229 -0.106578 -0.167499 -0.086334 0.065264 0.008679 0.056040 0.132525 -0.332189 0.469168 0.072162 -0.083263 0.036666 -0.008794 -0.160411 0.045059
0.047355 -0.112346 0.002551 0.233038 -0.149915 -0.185391 0.102297 0.131357 0.054937 -0.055393 -0.061647 -0.030160 0.177684 -0.033830 0.146433 0.096265 -0.270165 0.458281 -0.018029 0.183736 0.010000 -0.160127 0.162538 0.064238
0.045555 0.023881 0.122390 0.109285 -0.158248 -0.153408 -0.019128 0.130282 0.006115 0.054367 -0.085787 -0.003595 -0.049262 -0.102814 0.070563 0.115942 -0.245004 0.657384 0.092905 0.016149 -0.003993 -0.022738 0.265747 0.216599
0.028042 -0.041192 0.006655 0.151876 0.099289 0.020014 -0.223146 -0.079805 0.052733 -0.109374 -0.043052 0.187429 -0.069608 -0.051633 0.006596 0.209058 0.098729 0.590183 -0.028765 -0.032075 -0.053244 -0.128710 0.093718 0.178481
-0.063120 0.301653 -0.090479 0.313308 0.007492 -0.048127 0.033338 -0.039854 0.077670 0.060964 -0.064358 0.136084 0.129631 0.219334 0.055916 0.104690 0.002125 0.494607 0.126539 0.071032 0.212621 0.052843 0.111352 0.116550
0.008006 -0.007409 0.122916 0.227037 0.143688 -0.064599 0.088197 -0.155952 -0.008890 0.025289 -0.132698 -0.149275 0.275991 -0.060146 0.089990 0.115670 0.038299 0.216876 0.164216 0.074576 0.123700 0.110458 0.096777 0.119288
-0.007870 0.181946 -0.026942 0.014944 0.123627 0.028926 -0.009695 0.006744 -0.010844 0.097534 -0.101923 -0.085178 0.407722 -0.060647 0.176955 0.175286 0.068662 0.220157 0.237259 -0.055281 0.088076 -0.005312 0.045007 0.049524
-0.082482 0.027556 0.139944 0.066962 -0.084276 -0.064055 0.183776 0.006445 -0.096160 0.087220 -0.068331 -0.013996 0.343125 -0.088687 0.035372 0.026693 0.113297 -0.068800 0.065342 -0.112542 0.043185 -0.102300 0.125077 0.067743
-0.042524 0.095686 -0.000580 0.195816 -0.134932 -0.061157 0.070412 -0.023556 0.060995 0.014134 -0.041162 0.143968 0.123028 -0.076894 0.036635 -0.106049 0.069409 0.244135 -0.088346 0.038855 0.076556 -0.096179 0.024539 0.128953
-0.090307 0.213155 0.012634 0.082489 -0.118195 -0.054608 -0.071627 0.038969 0.214051 -0.108949 -0.118446 0.129415 -0.207659 0.083416 0.149287 -0.198612 0.065229 0.225233 0.066585 -0.031131 0.134293 0.000273 0.101469 -0.049377
0.037884 0.145931 -0.288929 0.248228 0.015033 0.003921 -0.253963 0.094128 0.026083 0.086932 0.051457 -0.059938 -0.164610 -0.224132 0.239666 0.010111 0.148999 0.360815 0.149900 -0.035638 0.170503 -0.139750 -0.034669 -0.133949
0.103398 0.174956 -0.117842 0.059845 -0.153100 0.018066 -0.168148 0.012811 -0.061947 0.136836 0.074080 -0.161112 -0.163612 -0.000283 0.123179 0.149201 0.070648 0.140418 0.136449 0.087483 0.153351 0.074825 0.222856 0.012838
0.191472 0.066666 -0.041593 0.126350 -0.111413 0.260612 0.303336 -0.065501 -0.085461 0.199191 -0.097736 -0.174209 -0.215984 0.042389 0.051284 0.326596 0.063862 -0.245707 0.263280 0.065104 0.122430 0.147485 0.298986 0.056473
-0.031435 -0.029339 -0.025557 -0.033315 0.053779 -0.089531 0.364174 -0.189491 -0.089813 0.238149 -0.203648 -0.031614 -0.257239 -0.165716 -0.004098 0.341420 0.099250 -0.115049 0.278972 0.043244 -0.104787 0.198740 0.321168 0.270019
-0.312497 -0.153106 0.128847 -0.074155 0.317168 0.086161 0.116739 -0.269316 -0.078381 -0.131191 0.038144 -0.043459 -0.164713 0.077633 0.013515 0.284952 0.314366 0.342427 0.419723 0.119891 -0.049768 0.462282 0.006858 0.206393
-0.240456 -0.077174 0.091436 0.316192 0.104569 0.204602 -0.028693 -0.196485 -0.019551 -0.225963 0.106074 -0.090595 0.331030 -0.063683 -0.090204 -0.292783 -0.244788 0.159493 0.077096 0.008124 0.136711 0.045770 0.103158 0.523044
-0.123831 0.088790 -0.056813 0.348722 0.044829 0.145566 0.046239 -0.105867 0.168266 -0.350594 -0.044618 0.018058 0.664028 -0.031606 0.105995 -0.392886 -0.270477 -0.035746 0.004772 0.152212 0.183324 0.146816 0.295498 0.608909
0.010463 -0.026803 -0.148526 0.283260 0.203918 -0.104567 -0.090766 0.143254 0.135001 -0.092599 0.069077 -0.025394 0.632450 0.099907 0.002052 -0.230033 -0.233800 -0.084793 0.121797 0.213635 0.295945 -0.015772 0.113090 0.574249
0.167870 -0.009631 -0.190297 0.162277 0.158057 -0.258569 -0.259669 0.286276 0.100271 -0.083994 -0.110013 -0.134052 0.855079 0.268247 0.193999 -0.318001 -0.265991 0.190762 -0.024718 0.248506 0.104050 0.019660 -0.039069 0.497200
-0.059369 0.061506 -0.092941 0.269345 0.038999 -0.362707 -0.120937 0.139059 -0.027632 -0.109622 0.051439 -0.124640 0.777070 0.250763 0.145344 -0.284404 -0.187434 0.355787 0.119769 0.219011 -0.008705 0.195040 -0.013086 0.498628
-0.052053 -0.020442 -0.069102 0.075589 -0.040947 -0.055283 0.004576 -0.207729 -0.185703 -0.203576 0.013579 -0.082360 0.606057 0.168393 -0.053205 -0.092980 -0.151175 0.417502 -0.021840 0.115981 0.066935 0.272839 -0.277726 0.402613
-0.057613 -0.156625 -0.111251 0.189535 0.074135 0.148931 0.032181 -0.034402 -0.154645 -0.251061 0.148074 -0.162679 0.509061 0.002219 0.038183 -0.360909 -0.047972 0.764235 -0.242979 0.173149 -0.036756 0.142029 -0.060431 0.218341
0.021671 -0.144337 -0.165420 0.095956 0.026059 0.123058 0.059329 -0.200498 -0.126314 -0.093497 0.059275 0.131907 0.189691 0.165590 -0.142883 -0.243622 -0.166908 0.726917 0.001196 -0.010710 0.067595 0.101445 -0.217020 0.064768
0.163943 -0.140711 -0.140820 0.172816 0.119100 0.076819 0.119936 -0.054212 -0.120068 -0.002921 0.061092 0.055385 0.184444 -0.003686 0.181502 -0.078954 -0.253829 0.734633 0.136172 0.085533 0.016664 0.220865 -0.121013 -0.030070
0.222947 0.026822 -0.080724 0.083911 0.010532 0.045669 -0.031445 0.093888 -0.117531 -0.043861 -0.131470 -0.070356 0.212243 -0.098003 -0.003334 -0.106090 -0.115490 0.615139 0.147345 0.031013 0.156247 0.143782 -0.005539 -0.078213
0.134684 0.083357 0.058648 0.007332 -0.037624 -0.025647 -0.091251 0.032988 -0.091783 -0.126016 -0.052577 -0.107593 -0.016636 -0.068212 -0.139156 -0.028973 -0.107366 0.496212 0.092970 0.194355 0.193896 0.104029 0.202840 0.073752
0.368025 -0.003414 -0.006354 -0.011954 -0.113616 0.151641 -0.039617 0.027551 0.099232 -0.078009 -0.049178 -0.009903 0.099291 0.014764 -0.136268 -0.179489 -0.105907 0.416933 0.172303 0.250151 0.071069 -0.029813 0.220634 -0.020325
0.033986 -0.034219 0.102265 0.222126 0.069217 -0.071640 0.094548 -0.183774 0.091122 -0.094582 -0.100970 -0.021432 0.023689 -0.124464 -0.098600 -0.212172 -0.081363 0.253632 0.063553 0.321829 -0.082801 0.190915 0.249678 0.009429
-0.056781 -0.020858 0.004640 0.158942 -0.000352 0.192670 0.108701 -0.203016 -0.065731 0.057522 -0.052234 -0.034598 0.175249 0.122708 -0.067748 -0.016988 -0.100700 0.271378 0.275363 0.300492 -0.016459 0.194145 0.196100 -0.059596
-0.061529 0.022942 0.003628 0.205264 -0.061975 0.188557 -0.116344 -0.072187 0.009243 0.022569 0.013339 -0.111813 0.348768 -0.047283 -0.089948 0.106263 -0.076530 0.223014 0.166160 0.103105 0.083321 0.063033 -0.018570 0.040642
0.010412 0.055943 0.039448 -0.076258 -0.046543 0.200323 0.004293 -0.060509 -0.040843 -0.014131 -0.137985 0.013964 0.128925 -0.017214 -0.058305 0.258313 -0.185944 0.116990 0.238843 0.123146 0.041853 -0.116109 0.112593 0.118253
-0.198341 -0.174129 0.059013 -0.047765 -0.161611 0.116305 0.071505 0.173389 -0.067178 -0.004654 0.100393 -0.017023 0.189397 0.130531 -0.159906 0.160537 -0.084383 0.224762 0.198567 0.034484 0.063871 -0.084321 0.181766 0.183946
-0.103834 -0.059996 -0.098640 -0.184313 -0.122655 -0.143255 -0.191614 0.051399 0.136419 0.070881 0.048586 -0.028373 0.110805 0.235330 -0.120966 0.080366 0.143860 0.228881 0.031217 0.082916 0.022739 0.069345 0.111938 0.061747
0.051752 -0.018240 -0.225656 0.048232 -0.123033 0.007338 -0.034944 0.163182 -0.059540 -0.146852 0.055438 0.040960 -0.328029 -0.023890 0.011677 -0.103266 0.109622 0.208090 0.447730 0.138144 0.160961 -0.007679 -0.127873 -0.039739
0.118317 0.034751 -0.118878 0.131094 -0.059616 -0.067663 -0.134106 0.238615 -0.108177 0.254183 0.094835 0.126791 -0.293382 -0.170916 0.266685 -0.243783 0.107906 0.141770 0.341083 0.293940 0.187539 0.043239 0.210552 -0.093992
0.210525 0.148346 -0.174902 0.075191 -0.114057 0.020448 0.053930 -0.047557 -0.164913 -0.055196 0.046088 -0.006561 -0.358152 0.035490 0.159817 0.006811 -0.087446 -0.001517 0.378314 0.044840 0.268952 0.316180 0.199627 0.078304
0.063484 0.000316 -0.281391 0.111142 -0.050681 0.156984 0.085244 -0.118151 -0.200379 -0.051347 -0.061347 0.033205 -0.082078 -0.089793 0.059887 -0.131063 -0.118251 -0.340522 0.466619 0.221723 0.347256 0.398343 0.225364 0.027787
0.017822 -0.218017 -0.238471 0.160097 -0.063139 -0.166174 0.085295 -0.235361 0.121200 -0.056075 0.153817 -0.063641 -0.172101 -0.066751 -0.155202 -0.018394 -0.088819 -0.064076 0.581452 0.087414 0.030494 0.617274 0.227163 0.254998
-0.398870 -0.472629 0.135380 0.100696 0.082003 -0.303326 0.089405 -0.308199 0.106258 -0.090256 0.270559 -0.165448 0.286868 0.213277 -0.097196 0.132026 0.609879 0.127005 0.572338 0.318345 -0.135185 0.380336 0.133885 0.087408
-0.186852 0.348997 -0.108345 -0.022575 0.080550 0.282220 -0.029479 -0.017952 0.668543 0.066432 0.267743 -0.145088 0.431061 -0.410305 0.308107 -0.206836 0.222160 -0.033608 -0.208034 -0.178832 -0.034038 0.607969 0.188891 0.054778
-0.109802 0.082136 -0.255829 -0.142012 -0.081514 0.127106 0.080088 0.009819 0.488827 -0.049325 -0.107697 -0.085649 0.657681 -0.148140 0.364896 -0.334698 0.161526 0.222863 -0.115087 -0.170453 -0.165123 0.200030 0.110722 0.213214
0.150352 0.081325 -0.248441 -0.232175 0.010039 -0.213311 0.003397 -0.019487 0.395960 0.115361 -0.018095 -0.089221 0.862992 0.216068 0.408613 -0.372065 0.170084 0.255140 -0.060859 -0.078000 -0.153040 0.112623 -0.162427 0.073239
0.229813 -0.016260 -0.122182 -0.106510 -0.073342 -0.225695 0.076323 -0.066191 0.116593 0.037253 -0.051907 -0.291589 0.901199 0.303710 0.222311 -0.142954 0.161549 0.355770 0.079871 0.185137 -0.111196 0.145991 -0.210152 0.199169
0.100306 -0.172785 -0.218693 -0.157301 0.038899 -0.142932 -0.107877 0.051469 0.004120 0.077346 -0.098962 -0.153085 0.701120 0.324518 0.050906 0.103167 0.208253 0.528114 0.066351 0.119994 -0.001617 -0.113927 -0.396549 0.246598
-0.010690 -0.101144 -0.048205 0.042493 0.064869 -0.016504 -0.119315 -0.015538 -0.080361 -0.016864 -0.159151 -0.220904 0.542181 0.194667 0.018101 -0.045390 0.073497 0.427837 -0.132227 0.116682 -0.121838 0.026589 -0.055351 -0.025956
-0.285804 0.041771 0.006135 0.050440 0.266725 -0.114638 -0.076431 -0.128224 0.149440 -0.190718 -0.072810 0.055579 0.139689 -0.067081 -0.042390 0.065349 0.085183 0.515940 0.145777 0.016421 -0.214610 0.063502 0.054795 0.078991
-0.168117 -0.093522 -0.039585 0.107917 0.146120 -0.075436 0.020452 0.030397 -0.007241 -0.148450 -0.172957 0.164455 -0.020255 -0.185544 0.069885 -0.050623 0.058206 0.475536 0.120690 0.122576 -0.106607 0.118430 0.045298 -0.140890
-0.127555 -0.104371 0.021155 -0.012121 0.105750 0.024162 -0.011005 -0.152747 -0.004500 -0.298425 0.012597 0.115139 -0.030982 -0.016912 0.082979 -0.082880 0.160938 0.570609 0.401149 0.049949 0.020483 0.246831 0.050469 -0.143859
-0.003676 0.094720 0.084066 0.034205 0.102582 0.055744 0.136787 -0.031873 -0.049210 -0.266635 -0.079503 0.084590 -0.062113 -0.021812 -0.032658 -0.021705 0.141311 0.347466 0.281732 0.109443 0.140726 0.224305 0.153585 -0.074903
0.138588 -0.113534 0.350709 -0.068078 0.208021 0.188228 0.211374 -0.350728 -0.038845 -0.219335 0.120221 0.064322 -0.046509 -0.052225 -0.017847 -0.196256 0.275350 0.348505 0.121780 0.302636 0.166154 0.316447 0.215446 0.056874
-0.012002 -0.202917 0.165051 -0.062900 0.184273 0.313086 0.359297 -0.217000 0.032669 -0.162286 0.026285 -0.052208 0.032170 -0.053045 -0.034867 -0.186072 0.056920 0.312741 0.182782 0.220094 0.161541 0.218320 0.093042 0.074909
-0.202646 -0.136382 0.293497 0.140766 0.311014 0.142209 0.354522 -0.167385 0.186226 -0.243374 -0.065730 -0.144130 0.053715 -0.023260 -0.076091 -0.410621 0.101120 -0.196310 0.224594 0.326113 0.001420 0.312426 0.139385 0.142104
0.017831 -0.116451 0.038135 0.093330 0.106155 0.250718 0.132587 -0.145179 0.139344 -0.135761 0.015111 -0.103797 0.181703 -0.015224 0.303652 -0.239770 0.160991 0.000929 0.243723 0.365547 0.012344 0.052023 -0.026259 0.077718
-0.100249 -0.128417 -0.036245 -0.052474 0.021110 0.045430 -0.069457 0.030562 0.222112 -0.174379 -0.117353 0.123386 -0.018966 0.016114 -0.036515 -0.121326 -0.024155 -0.137181 0.200687 0.257847 -0.001910 0.150148 -0.150249 0.116624
-0.083217 0.067837 0.026615 0.067311 -0.146343 0.016081 0.216467 0.053879 -0.083560 -0.194982 0.071728 0.188481 -0.033713 -0.011684 -0.177925 0.162009 -0.053768 0.109017 0.166849 0.280052 0.059184 -0.021394 -0.083555 -0.006844
-0.081341 0.191454 -0.005095 0.034949 -0.300900 -0.081717 0.012506 -0.040124 0.011660 -0.027956 0.113247 0.072165 -0.049279 0.022543 -0.409412 0.046486 -0.110881 0.296900 0.326282 0.154345 0.037909 0.135566 -0.008309 -0.005479
0.141397 0.297322 -0.127602 -0.115942 -0.092892 -0.040279 0.216564 -0.041410 -0.052964 0.106070 -0.037696 -0.043163 -0.089650 -0.092283 -0.239606 -0.049092 0.091430 -0.001466 0.266983 0.203835 -0.061363 0.112005 0.152721 0.030934
0.277581 0.030975 -0.101092 -0.048700 0.133106 -0.012803 0.102094 0.178304 -0.022997 0.062059 -0.004481 -0.203802 -0.105841 -0.116099 -0.047707 -0.238154 0.204109 0.072907 0.300444 0.190672 -0.133173 0.041399 -0.030908 -0.170466
0.292560 -0.024139 -0.077907 -0.236270 0.174193 -0.096968 0.205887 -0.091483 0.154746 0.069323 -0.134359 0.024014 -0.178115 -0.120502 0.130900 -0.217655 0.217559 -0.002308 0.253327 0.063861 0.140568 0.048443 0.273960 0.050063
0.099991 0.150267 -0.008790 -0.043808 0.050443 0.041877 0.263818 -0.147277 0.021033 -0.048016 -0.089685 -0.014183 -0.081119 -0.254863 0.271235 -0.276678 0.025427 -0.072685 0.685942 0.159834 0.527034 0.214317 0.389795 -0.112543
0.295607 0.011137 -0.087040 -0.345313 -0.045639 0.236209 -0.176355 -0.119610 -0.008016 0.042821 -0.054947 -0.034611 -0.047921 -0.061639 0.132626 -0.250938 -0.222645 -0.187112 0.712711 -0.105526 0.442176 0.340544 0.358120 0.106948
0.166781 -0.234373 -0.222145 -0.149691 0.017805 -0.047102 -0.268338 -0.010249 0.093295 -0.280318 0.287351 -0.327010 0.100405 -0.104871 -0.066661 0.013039 0.053624 0.154970 0.592102 0.075132 0.490863 0.341561 0.293398 0.252711
0.205406 -0.306322 0.085369 -0.222059 0.169356 -0.272015 -0.149769 0.057240 -0.105149 -0.275341 0.469341 -0.147491 0.267731 0.092962 -0.085230 0.147106 0.261056 -0.197565 0.450674 0.221032 0.269864 0.179444 0.475859 0.111188
-0.255579 0.196606 -0.204077 -0.716051 0.028274 -0.131295 -0.121762 0.267671 0.795703 -0.004381 -0.108081 -0.095102 -0.010368 -0.146515 0.222079 -0.167909 0.645833 0.178985 0.214101 -0.511455 -0.352459 0.453439 -0.141739 -0.205138
-0.106284 -0.056025 -0.006595 -0.663543 0.077567 -0.198363 -0.025301 -0.141571 0.401442 -0.096581 -0.075610 -0.272304 0.135965 -0.214251 0.367456 -0.024927 0.808236 0.386143 0.080795 -0.355045 -0.451242 0.441428 -0.078572 -0.312747
0.203443 -0.116922 -0.056774 -0.495435 -0.026813 -0.237563 0.113856 0.075191 0.242319 -0.087022 -0.132424 -0.151441 0.008200 -0.077334 0.454950 0.078847 0.442219 0.548698 0.052009 -0.190583 -0.203486 0.290434 -0.041728 -0.393739
0.027902 -0.202429 0.036001 -0.234540 -0.061303 -0.034788 0.071730 0.066591 0.043935 -0.296528 -0.028923 -0.168358 0.206001 0.112366 0.245261 0.066404 0.348634 0.666290 0.134177 -0.054807 -0.011788 0.136884 0.050076 -0.333360
0.018785 -0.130534 0.193985 -0.033435 0.003684 0.330462 -0.197523 0.155954 0.229139 0.019458 0.143410 -0.122569 0.291691 0.216209 0.277072 0.120816 0.298512 0.555762 -0.011465 0.002389 0.096220 -0.106042 0.069168 -0.394611
0.045658 0.037761 0.102740 -0.032961 0.206422 0.088920 -0.456269 0.121094 0.228502 -0.046898 0.029487 -0.037452 0.080260 0.066798 0.302947 0.158936 0.319227 0.404640 -0.073122 -0.107305 0.146153 0.062270 0.240736 -0.443680
-0.101959 0.035661 -0.041521 0.030627 0.233111 -0.190423 -0.199340 0.150310 0.268626 0.013291 -0.132833 0.161900 -0.102437 0.130646 0.229790 0.041052 0.500857 0.011987 0.065411 0.083418 0.106481 0.019489 -0.051731 -0.342111
-0.203010 -0.022209 0.119445 0.122338 0.177935 -0.400902 -0.089563 -0.018273 0.182934 -0.098270 -0.111172 0.211228 -0.059431 -0.012302 0.197728 0.093503 0.271404 -0.053310 0.181635 0.249942 -0.118027 0.306573 0.025867 -0.288895
-0.330916 -0.130194 0.075801 0.123184 0.007166 -0.213440 -0.047901 0.055741 0.152529 -0.241040 -0.088627 0.214922 -0.106606 0.014204 -0.003166 0.083061 0.272534 0.012007 0.223322 0.267212 0.226828 0.188841 0.232960 -0.135608
-0.202101 -0.066507 0.133909 0.089155 0.044333 0.011997 0.223668 -0.121634 0.133896 -0.210105 -0.053567 0.366191 -0.002547 0.075678 -0.007466 0.295901 0.181763 -0.068923 0.197510 0.405189 0.095970 0.157750 -0.010790 -0.232762
-0.404442 -0.022584 0.287625 0.036592 0.074791 -0.063576 0.048471 -0.101083 0.009513 -0.221015 0.038549 0.261461 0.051025 -0.039930 -0.017689 -0.002365 0.253912 0.066053 0.069196 0.572439 0.080371 0.013075 -0.064420 -0.259159
-0.532818 -0.165546 0.130708 0.110619 0.128651 0.026444 -0.064897 -0.044649 -0.002776 -0.006591 -0.170776 0.201490 0.070729 0.059789 0.332771 -0.037897 0.098088 -0.115023 0.257530 0.479776 0.036117 0.043710 0.037247 -0.016797
-0.286058 0.002499 0.039830 0.057184 0.240868 -0.050749 -0.149150 0.012637 -0.100007 0.044556 -0.204307 0.120809 0.007533 -0.103008 0.275331 -0.165919 0.113956 -0.015290 0.092003 0.451821 -0.011892 0.106018 0.180759 -0.075937
-0.130256 0.073420 -0.329966 -0.062535 0.266498 -0.133368 -0.028593 0.087081 0.060616 -0.000704 -0.334797 0.048231 0.003707 -0.208718 0.411852 0.033847 0.177299 -0.159403 0.224606 0.221666 0.056732 -0.032447 -0.075913 0.148435
-0.133740 0.093192 -0.208578 0.130607 -0.078320 -0.098513 0.244369 0.163967 0.116273 -0.244182 -0.433604 0.021507 0.008885 -0.228605 0.296369 -0.017350 0.035487 -0.294411 -0.150340 0.284580 0.063493 -0.008574 -0.018051 -0.052557
0.113668 -0.009596 -0.225102 -0.010545 -0.062045 -0.086648 -0.028713 0.055483 -0.126827 -0.139344 -0.230266 -0.065286 0.091958 0.064635 -0.195201 0.029893 -0.051746 0.017176 -0.089509 0.248740 0.239830 0.052240 -0.037712 -0.102032
0.010685 0.189478 -0.002540 -0.075712 -0.194700 -0.025603 0.114460 -0.300067 0.016631 -0.011502 -0.495550 0.145506 0.066026 -0.067006 -0.179206 0.167996 -0.151048 0.017233 -0.017579 0.166389 0.164354 0.383863 -0.019408 -0.161234
0.118970 -0.003858 -0.160830 -0.051159 -0.141498 -0.001294 -0.113699 -0.157376 -0.133005 0.012284 -0.445768 -0.119078 -0.014515 0.042043 -0.092768 -0.131090 -0.074079 -0.148596 -0.098813 -0.017281 0.297724 0.039795 -0.136618 -0.178268
0.117520 -0.046274 0.061808 -0.184002 -0.020559 0.070048 -0.244688 -0.347097 -0.059278 0.250286 -0.232947 -0.240033 -0.194716 -0.029704 0.162022 0.036731 0.060521 -0.186400 0.153256 -0.064615 0.176278 -0.080753 -0.150679 -0.104793
0.248017 -0.223979 0.042700 -0.241047 -0.071159 0.013348 -0.011552 -0.181598 -0.179694 -0.046372 -0.316205 -0.071896 -0.125135 0.090289 0.268500 0.104181 0.213540 -0.407399 0.205175 0.075422 0.267203 0.004994 -0.079767 -0.053547
0.169846 0.074747 0.187796 -0.270601 -0.024103 0.016673 -0.034847 -0.048908 -0.315723 0.343844 -0.237762 -0.126623 0.041894 0.270661 0.103644 0.054290 0.010668 -0.145756 0.364326 0.150673 0.369292 -0.058943 0.022108 -0.153445
0.123501 -0.029863 0.261179 -0.398502 0.030826 -0.051895 -0.048462 -0.296288 -0.197471 0.027135 -0.207321 -0.116154 0.089496 0.215787 0.148446 0.132405 -0.030052 0.092581 0.317721 -0.116904 0.446344 0.116900 0.017502 0.016608
-0.079632 0.031777 0.208259 -0.106312 0.175912 -0.197382 -0.283106 0.189229 -0.270704 -0.248398 -0.056517 -0.330881 -0.066930 0.169828 0.261856 0.186495 0.118321 0.407345 0.057095 0.153977 0.615390 0.157154 0.188645 0.124350
-0.065993 -0.084892 0.438289 -0.153832 0.184467 -0.440696 -0.054780 0.023085 -0.460458 -0.076585 -0.065381 -0.144339 -0.284865 0.154013 0.090293 0.368924 0.074772 -0.015442 -0.011962 0.030896 0.089728 0.185520 0.188775 0.409319
0.114967 -0.327498 -0.323830 -0.503320 0.506476 -0.328960 -0.179539 0.385684 0.116258 -0.016687 -0.208092 -0.305433 -0.434351 0.178644 -0.062584 0.060844 0.354129 0.062532 -0.041322 -0.259197 -0.237720 0.310717 -0.278303 0.161816
0.069848 -0.332439 -0.063986 -0.315610 0.376991 -0.332858 0.059443 0.117485 0.080097 0.030010 -0.001415 -0.287809 -0.662890 0.017387 -0.009887 0.332426 0.549031 0.214426 -0.107934 -0.069869 -0.185569 0.239887 -0.045995 0.016082
0.217162 -0.088913 0.084157 -0.263543 0.136483 -0.116193 0.306695 0.335638 -0.064953 0.002900 0.126803 -0.122170 -0.641043 -0.151627 0.211793 0.176703 0.285562 0.358570 -0.085860 -0.012412 0.091988 0.146311 -0.055345 -0.099231
0.070488 0.007797 0.153605 -0.205465 -0.002185 0.092403 0.085438 0.326172 -0.057593 0.094555 0.198738 -0.169919 -0.056253 0.018486 0.254824 0.407124 0.501814 0.444603 -0.223675 0.171307 -0.060002 0.168649 0.222825 -0.428167
0.102827 0.147876 0.250192 0.081496 0.104718 0.189833 -0.160272 0.189548 0.439119 -0.066062 0.103983 0.042231 0.186693 -0.006249 0.197785 0.269650 0.497028 0.412483 -0.065308 0.124558 0.002292 0.112686 0.318883 -0.447682
0.240008 0.188372 0.125977 -0.161338 0.166193 -0.034245 -0.153038 -0.033795 0.407142 0.013128 0.013263 -0.120037 0.434449 0.109575 0.288738 0.311513 0.699018 0.359026 -0.148182 0.200755 0.008066 0.283347 0.618828 -0.595384
0.070716 -0.180590 0.007544 -0.128588 0.002292 -0.199696 -0.143580 0.177964 0.344458 -0.170352 -0.207899 -0.226787 0.112111 0.239007 0.161233 0.125920 0.494301 0.095503 0.125169 0.296779 0.074961 0.309605 0.303086 -0.443834
0.168226 -0.002953 -0.064120 0.169783 0.111150 -0.124799 0.002769 0.075837 0.276482 -0.326758 -0.061449 -0.060990 0.069491 0.080055 0.169041 0.053282 0.001728 0.027790 0.278214 0.344568 -0.032689 0.483325 0.254994 -0.341498
0.146809 0.034945 -0.084504 0.390891 0.048260 -0.129800 0.277933 0.001112 0.156092 -0.355487 -0.166666 0.085649 -0.078977 -0.034689 0.004498 0.098134 0.145438 -0.292392 0.133595 0.563924 0.042094 0.167747 0.150773 -0.311566
0.080615 0.121270 0.219214 0.229575 -0.076410 -0.256886 0.168527 0.133626 0.014898 -0.262941 -0.133594 0.370771 -0.061467 -0.077560 0.065554 0.065970 -0.091586 -0.321991 0.175085 0.450709 -0.057755 0.131512 0.171879 -0.394385
-0.039462 0.214271 0.151214 0.182678 -0.017495 -0.396000 -0.042637 0.216662 -0.013708 -0.194652 -0.316269 0.499006 0.030182 0.017010 0.104755 0.058144 -0.225896 -0.430108 0.092133 0.325982 0.013400 -0.085660 0.094893 -0.180186
0.120969 0.207341 0.105340 0.293802 0.214343 -0.435468 -0.037735 0.106016 0.133474 -0.149018 -0.238697 0.309143 -0.177220 -0.042982 0.210973 -0.040526 -0.264131 -0.506909 0.158658 0.138302 0.039579 -0.009590 0.138151 -0.161968
0.142374 0.271750 -0.248341 0.042276 -0.067344 -0.242528 -0.105808 0.173022 -0.102793 -0.056598 -0.194999 0.004708 -0.242316 0.072822 0.287166 -0.193862 -0.056201 -0.237992 -0.040105 0.058421 0.165520 -0.120639 0.407510 0.043351
0.192561 0.287145 -0.354313 0.095756 0.150526 -0.335053 0.069555 -0.157870 0.073189 0.028083 -0.366502 -0.123738 -0.296179 0.086237 0.064560 0.032217 -0.160299 -0.205733 -0.094954 0.006930 0.073417 -0.038032 0.204629 0.111742
0.171114 0.158360 -0.221482 -0.012375 -0.202398 -0.227939 0.087217 -0.194074 -0.162579 0.078618 -0.071628 -0.158102 -0.417248 -0.067227 -0.066078 0.006571 0.036030 -0.070165 -0.006606 0.091986 0.101486 0.106500 0.148613 -0.076667
0.126575 -0.064928 -0.070220 -0.097087 0.068960 -0.236442 0.021082 -0.288200 -0.148978 0.231289 -0.122159 0.288531 0.136823 0.051479 0.079246 -0.042649 0.009764 -0.181614 0.135791 -0.050106 0.121016 -0.031959 0.016526 -0.095867
-0.097156 -0.103996 -0.234645 -0.165695 -0.371239 -0.029100 -0.005035 -0.125291 -0.160806 -0.007091 -0.182279 0.081629 0.147331 0.073567 0.217723 0.003940 -0.082096 -0.010783 0.134889 0.193507 0.245452 0.153817 -0.210995 -0.129480
0.074869 -0.062089 0.039226 -0.084205 -0.246057 -0.181548 -0.070691 -0.175018 -0.237741 0.160074 -0.131606 -0.027593 -0.023137 0.233577 0.121098 -0.098087 -0.106261 0.123763 0.239849 -0.037118 0.377871 0.130031 -0.235345 -0.043966
0.009836 0.067868 -0.077987 -0.038339 -0.279282 -0.123739 0.008825 -0.092732 -0.276003 0.224697 -0.157910 0.016069 -0.021024 0.036410 0.167173 0.058640 0.040049 -0.311690 0.242312 0.154218 0.193861 0.238378 -0.488470 -0.051734
0.095672 0.040952 -0.153382 -0.161722 -0.069299 -0.042962 0.072693 0.043091 -0.313871 0.080033 -0.005992 0.013827 0.088390 0.024129 -0.052133 0.015139 -0.022565 -0.394038 0.321356 0.192460 0.230566 0.076577 -0.548559 -0.134383
0.205657 0.440491 0.189182 0.086767 -0.209538 0.072429 0.052998 0.218687 -0.432071 0.295473 -0.079583 0.027483 -0.036739 -0.031415 0.122003 -0.131587 -0.179417 -0.258289 0.256017 0.283555 0.145294 0.154457 -0.599428 -0.244857
0.022288 0.276387 0.067094 -0.026345 0.271489 -0.025065 0.020211 0.433806 -0.215847 0.097737 -0.064265 0.135064 -0.240285 0.008087 0.098803 -0.085696 -0.008846 -0.249310 -0.033142 -0.036954 0.429287 0.045354 -0.575441 -0.183662
-0.241787 0.572908 0.073134 0.296733 0.117308 -0.053336 0.102635 0.634233 -0.189758 0.180702 -0.132397 0.037533 -0.397149 -0.001380 0.272995 0.090717 -0.045986 -0.049130 -0.474716 0.194931 0.011949 -0.240198 -0.025047 -0.008990
0.251924 0.295872 0.085992 0.043603 -0.024683 -0.352078 0.513904 0.498313 -0.570028 0.065904 0.003262 -0.025910 -0.595780 0.165739 0.212418 0.358124 -0.213931 -0.113983 -0.149738 -0.284706 -0.303491 0.164542 -0.099949 0.278566
0.111023 -0.224843 -0.042840 0.342996 0.664961 -0.135434 0.397361 0.058969 -0.022472 0.679353 -0.215697 -0.417946 -0.496763 0.507567 -0.302804 0.460486 0.113806 0.181730 -0.002655 -0.213434 -0.030625 0.184059 -0.039693 0.009530
0.090641 -0.095977 0.044135 0.171576 0.432214 -0.040648 0.378836 0.166636 0.093887 0.312441 0.102328 -0.409128 -0.594156 0.078063 0.083139 0.483034 -0.141612 0.080731 -0.125018 -0.041473 -0.144362 0.066622 0.113750 0.043386
0.046455 0.048287 0.251714 0.157683 0.092326 0.297421 0.278100 0.175038 -0.028279 0.307215 0.308885 -0.367830 -0.321086 0.139221 0.024920 0.716730 0.029976 -0.061935 0.036791 0.069146 0.188539 0.206012 0.143624 -0.136773
0.191251 0.189073 0.066528 0.066782 0.176402 0.105802 0.113551 0.231528 0.113976 0.001331 0.151632 -0.228720 -0.075697 -0.186197 0.144434 0.871649 0.537873 -0.073263 -0.020283 0.091039 0.079458 0.099641 0.184119 -0.454725
0.454819 0.135625 0.032445 -0.032597 0.313366 0.202086 -0.052342 0.273187 0.154995 0.124147 0.084378 -0.178802 0.352421 0.054434 0.108191 0.591613 0.336395 -0.054956 0.391027 0.008596 0.046154 0.161661 0.207396 -0.395678
0.304301 0.057637 0.057203 -0.253806 0.291582 -0.025783 -0.303064 0.170670 0.215992 -0.150300 -0.222175 -0.272523 0.005916 0.090875 0.077990 0.548950 0.418783 -0.239333 0.276370 0.424904 -0.034737 0.198648 0.229266 -0.617122
0.281105 -0.021337 0.053083 0.002760 0.441920 -0.150726 -0.186061 0.065349 0.105973 -0.205573 -0.143571 0.057598 -0.142729 -0.151280 0.043658 0.327802 0.078053 -0.244811 0.338436 0.289557 -0.025039 0.324157 0.320781 -0.486698
0.453978 -0.147563 0.031052 0.106175 0.342901 -0.089802 0.024342 0.026546 0.168191 -0.251536 0.048471 -0.059507 -0.248471 -0.110213 -0.032205 0.120198 -0.090747 -0.085251 0.241429 0.499067 -0.025371 0.091784 0.362432 -0.379515
0.436542 -0.021071 0.027404 0.133771 0.346277 0.022352 0.045678 0.235270 -0.045816 -0.312533 -0.009973 0.146245 -0.421847 -0.453268 0.085605 0.051897 0.049907 -0.353249 0.277799 0.465797 -0.172452 -0.109453 0.065156 -0.319304
0.355292 0.099258 0.198916 0.355742 0.265494 0.051082 -0.234935 0.304820 -0.041761 -0.195404 -0.051665 -0.005111 -0.370260 -0.319610 0.199395 -0.078732 -0.190689 -0.331636 0.054719 0.251032 0.059745 -0.028307 0.380593 -0.077039
0.356252 0.009549 0.145023 0.239127 0.375744 -0.276190 -0.118250 0.188368 -0.074462 -0.355286 -0.080489 -0.003059 -0.390748 -0.034951 -0.015136 -0.108232 -0.037913 -0.483577 0.180066 0.016276 0.120805 -0.095621 0.198021 0.016303
0.357208 0.062986 -0.202916 0.128034 -0.073433 -0.227463 -0.038762 0.073873 0.149169 -0.454649 -0.026910 0.055414 -0.251874 0.029287 0.229490 0.041829 -0.032372 -0.204757 0.243375 -0.016280 0.222133 -0.006044 0.126945 0.180350
0.401168 0.264269 -0.404039 0.031870 -0.190675 -0.347280 0.168490 -0.314855 0.309469 -0.509853 0.083749 0.006746 -0.512860 0.207462 0.195330 -0.196939 -0.058362 -0.254143 0.061893 -0.145006 0.166650 -0.098164 0.163662 0.217135
0.225760 0.076873 -0.238733 -0.093360 -0.241352 -0.435477 0.098720 -0.454391 0.152083 -0.231673 0.011447 -0.033367 -0.428571 0.178065 0.134231 -0.019013 -0.188824 0.003948 0.136825 0.143363 0.073410 0.104761 0.001589 0.132570
0.043283 -0.098184 -0.052739 -0.130494 -0.205017 -0.313524 0.187686 -0.507075 -0.138767 -0.039560 0.384714 0.091454 -0.356962 -0.087778 -0.038067 -0.131536 -0.079419 -0.061036 0.380531 0.107511 0.180378 0.161308 0.163802 -0.070182
-0.197147 -0.210606 -0.076829 -0.086205 -0.146675 -0.225264 0.162473 -0.242741 -0.034220 0.146451 0.095307 0.137540 -0.045814 -0.162748 0.271799 -0.098929 -0.040267 -0.033995 0.239099 0.086517 0.280708 0.068437 -0.143366 0.065209
0.030828 -0.028768 0.059900 -0.197916 -0.303810 -0.077319 0.228251 -0.174160 0.002686 0.117954 0.270726 0.138258 0.320470 -0.107147 0.111565 0.014660 0.008826 0.017791 0.480618 -0.099466 0.302517 0.062805 -0.059508 -0.049709
-0.089794 -0.296496 0.012319 -0.218342 -0.068630 -0.006962 0.238562 0.042496 0.266563 0.204830 0.238185 -0.107073 0.273215 -0.123848 0.021213 -0.178256 -0.126513 0.094642 0.486440 0.038581 0.213590 -0.132617 -0.283788 -0.002999
-0.061393 -0.027027 -0.061573 -0.158796 0.024624 0.114982 0.112327 0.250085 0.120611 -0.039797 0.008919 -0.018575 0.088226 0.067138 -0.191052 0.122113 -0.021658 -0.117376 0.429361 0.171834 0.102370 0.175283 -0.567994 -0.098779
0.131980 0.165225 -0.054246 -0.082118 0.072690 0.264917 0.131956 0.134377 -0.028767 -0.319821 0.111726 0.056412 0.089030 -0.142822 -0.099477 -0.103662 0.089482 -0.364113 0.448759 0.321190 0.021296 0.079793 -0.393589 -0.243013
0.254587 0.262285 0.125975 -0.138194 0.183448 0.321416 -0.264767 0.406253 -0.212095 0.028304 -0.005840 0.334407 -0.041630 -0.350386 0.056549 -0.152102 0.051400 -0.613999 0.518216 0.173562 -0.108574 0.131572 -0.356066 -0.259295
-0.131686 0.051042 0.311868 -0.036833 0.306268 0.168247 0.118561 0.671603 -0.013892 -0.323072 -0.292945 0.066927 -0.435587 -0.238159 0.277937 0.068045 0.137097 -0.365155 -0.203058 0.092856 0.198714 0.211203 -0.102004 -0.195876
-0.063009 0.362784 0.068185 0.218785 -0.064116 0.165669 0.147304 0.979912 -0.072681 -0.351864 -0.097635 0.028085 -0.260217 -0.043330 0.421699 0.054746 0.012081 -0.183956 -0.632344 0.268251 -0.352955 -0.011215 0.263573 0.075159
0.070006 0.267185 -0.010145 0.338944 0.043432 0.457953 0.446424 0.985975 0.242102 0.149982 0.006148 0.025434 -0.112391 0.246055 0.215174 0.007215 0.085129 -0.301852 -0.272010 -0.119150 -0.567244 0.287650 0.123057 0.287869
-0.033089 0.465058 0.499868 0.594797 0.121748 0.360590 0.586940 -0.185290 0.267846 0.757538 -0.184893 -0.352443 -0.304287 0.441269 -0.139960 0.481927 -0.052675 -0.450369 0.236525 -0.391955 -0.421121 0.342199 0.385522 -0.241001
-0.167136 0.388653 0.414463 0.268024 -0.152039 0.359490 0.274720 -0.144033 0.149136 0.316730 0.056654 -0.347680 -0.651565 0.067299 0.115601 0.764929 -0.175257 -0.596395 0.205396 -0.242106 -0.319564 0.349083 0.497023 -0.139256
0.110934 0.220462 0.136885 0.179698 -0.311268 0.267790 0.131401 -0.063887 -0.149527 0.130312 0.169039 -0.579949 -0.382689 -0.098321 0.068088 0.678713 0.006381 -0.844760 0.256289 -0.011468 0.157967 0.335205 0.257181 -0.424481
0.129531 -0.027168 0.209594 0.163432 -0.017417 0.217433 0.098100 0.006776 0.228723 0.156925 0.122548 -0.375720 -0.514937 -0.233433 0.126369 0.680522 -0.192721 -1.016253 0.138877 0.135781 -0.031223 0.281501 0.116891 -0.508716
0.050573 -0.168316 0.239828 -0.207377 0.026575 0.126793 -0.060818 0.085090 0.216556 -0.089892 0.128923 -0.462783 -0.348997 0.156155 0.255387 0.533612 -0.164951 -1.181248 0.220826 0.154415 0.150713 0.177086 0.145325 -0.538905
-0.086084 -0.150647 0.082668 -0.260111 0.209864 0.130368 0.016852 0.079480 0.399214 0.035053 0.071835 -0.170080 -0.783456 -0.199327 0.112315 0.492281 -0.143507 -0.915114 0.003725 0.453174 -0.026604 0.230081 -0.046287 -0.565989
-0.084270 -0.342823 0.270373 -0.057390 0.236017 0.039884 0.085515 -0.009131 0.379349 0.014510 0.087209 -0.074345 -0.497144 -0.241552 -0.109845 0.294198 -0.273082 -0.710549 -0.088009 0.504437 -0.105207 0.109061 -0.093112 -0.311427
-0.058625 -0.402081 0.430042 0.105704 0.146845 0.222692 -0.031684 0.086991 0.376880 -0.271369 0.079188 -0.059017 -0.548584 -0.313255 -0.012978 0.044980 -0.084833 -0.463662 -0.095662 0.666075 -0.005188 0.001926 -0.092099 -0.162676
-0.040304 -0.505533 0.350842 0.241197 0.553238 0.169428 -0.088926 0.001452 0.196207 -0.235115 -0.005474 -0.327409 -0.396193 -0.377222 0.158612 -0.040974 0.048891 -0.296946 0.051109 0.434556 0.209804 -0.051302 -0.205676 -0.055072
0.050187 -0.473520 0.080645 0.148383 0.569384 0.153234 -0.274919 -0.072569 0.214275 -0.363785 0.064636 -0.379108 -0.248410 -0.177174 0.065845 -0.033341 0.006751 -0.327463 0.002245 0.075366 0.103348 -0.171228 0.203728 0.285154
-0.024091 -0.481185 -0.295155 -0.050910 0.531566 0.043975 -0.305665 0.014125 0.044889 -0.321630 0.408553 -0.500531 -0.389495 -0.129724 0.433127 -0.057812 0.207487 -0.281855 0.372271 -0.052458 0.296525 -0.095560 0.134385 0.281077
-0.009702 -0.380338 -0.384146 -0.176298 0.281117 0.185999 -0.067309 -0.156635 0.216831 -0.488445 0.517671 -0.258288 -0.386601 -0.097638 0.395865 -0.001694 0.055029 -0.114105 0.341078 -0.136998 0.361698 -0.133219 0.132896 0.259956
-0.059136 -0.050820 -0.301719 -0.146044 0.227516 -0.105949 0.045028 -0.391261 0.296611 -0.422420 0.451775 -0.049293 -0.254954 -0.049007 0.386117 -0.010952 0.087938 -0.050959 0.362015 -0.075619 0.269781 0.001465 -0.087331 0.036618
-0.052965 -0.088265 -0.213642 -0.280414 -0.205133 -0.075807 -0.079806 -0.372649 0.068386 -0.271628 0.550983 -0.135449 -0.172923 -0.085762 0.335941 -0.100359 -0.129354 -0.264213 0.405152 -0.191717 0.220632 -0.086144 -0.010973 0.064889
-0.184005 -0.194505 -0.091287 -0.177675 -0.072013 -0.262323 -0.014015 -0.131191 -0.058670 -0.202728 0.527302 -0.164940 -0.068181 -0.272584 0.205103 -0.254815 0.067169 -0.319612 0.359479 0.013071 0.227303 0.086225 -0.061391 0.110740
0.003351 -0.179125 -0.110944 -0.294886 -0.116272 -0.088811 0.018327 0.193744 -0.100063 -0.271428 0.506969 -0.198114 0.027260 -0.382663 0.078748 -0.183077 -0.037776 0.102396 0.254055 -0.044761 0.423225 -0.072886 0.057927 -0.067441
0.036329 -0.064011 -0.028911 -0.221030 -0.042296 -0.279411 0.220047 0.330458 -0.205906 -0.085485 0.431618 -0.207871 0.031359 -0.412840 0.027631 -0.122432 0.126768 0.009394 0.404838 -0.125312 0.360646 -0.123362 0.049530 -0.117462
-0.208230 -0.226016 0.106347 -0.402618 0.125535 -0.252748 0.142918 0.307641 -0.281573 -0.142617 0.225514 -0.151825 -0.023224 -0.247547 -0.141009 -0.056682 0.193178 0.239935 0.327017 0.277871 0.098800 0.025938 -0.084969 0.063227
-0.101882 0.074822 -0.086596 -0.066893 0.291399 -0.183613 0.204796 0.375429 -0.081134 -0.368362 0.236519 -0.245081 0.009936 -0.270478 -0.186946 0.163760 0.158831 0.112594 0.230091 0.254712 0.065932 0.167289 -0.155324 -0.131637
0.058816 0.204542 0.131990 -0.166480 0.374609 0.087620 -0.011465 0.564332 -0.153142 -0.205332 0.000205 -0.187741 -0.009129 -0.309900 -0.073904 0.040596 -0.043167 0.244751 0.174162 0.345781 -0.135198 -0.010131 0.092585 -0.091603
0.061173 0.185746 0.262714 -0.136129 0.209007 0.098843 -0.026957 0.542865 -0.096758 -0.178574 -0.131117 -0.232609 0.049511 -0.137937 0.270322 0.234748 0.096344 -0.105595 -0.055206 -0.029380 -0.109983 -0.130060 0.090143 0.077994
-0.075510 0.270257 0.357216 -0.113966 -0.047552 0.107922 0.057629 0.700389 0.113888 -0.540624 -0.257613 -0.417910 -0.094465 -0.207495 0.456936 0.212334 0.232490 0.108420 -0.313203 0.238661 0.067591 0.256566 0.341128 0.203879
-0.230324 0.138565 0.472406 0.152502 0.082625 -0.045057 -0.548775 0.790539 -0.158640 -0.100173 -0.249378 -0.089157 0.135502 0.091989 0.466440 -0.025382 0.011599 0.101979 -0.489642 0.132274 -0.453491 -0.034291 0.250314 0.419291
-0.512005 0.437943 0.217294 0.636640 0.148542 0.128909 -0.031265 0.609456 0.219179 0.383893 -0.643660 -0.280653 0.263600 0.127392 0.104497 0.068792 0.215634 0.146968 -0.365473 -0.009951 -0.746652 0.215054 0.107056 0.330286
0.068845 0.645138 0.403520 0.565650 -0.710250 0.247643 0.255831 0.082019 0.103180 0.598995 -0.246293 -0.298537 -0.293512 0.230553 -0.174895 0.494753 -0.066745 -0.771019 0.293541 -0.291964 -0.428559 0.225739 0.377614 0.027741
-0.072830 0.331620 0.392301 0.187264 -0.731287 0.235950 0.112925 -0.117529 -0.089585 0.254089 0.054169 -0.288221 -0.449837 -0.016337 -0.079876 0.498345 -0.354270 -1.220590 0.336179 0.005766 -0.019469 0.502315 0.352317 -0.195210
-0.027319 0.105881 0.451981 0.048127 -0.191381 0.050073 0.093471 -0.096527 0.008258 0.221231 -0.023632 -0.318240 -0.608130 -0.195910 -0.252059 0.392770 -0.231078 -1.277348 0.273417 0.268759 -0.056910 0.532917 0.160610 -0.464962
-0.257270 -0.148334 0.208579 -0.132238 -0.030811 0.114920 0.081587 -0.119444 0.071527 0.136562 -0.117256 -0.439687 -0.657461 -0.116457 -0.022044 0.390838 -0.402664 -1.262588 0.284454 0.338882 -0.185966 0.426587 0.033322 -0.443706
-0.230391 -0.367423 0.326398 -0.084261 0.074043 0.038472 0.263310 0.099167 0.200999 0.371709 0.171479 -0.506982 -0.897753 -0.336658 -0.179760 0.314832 -0.308615 -1.096866 0.044780 0.371242 -0.111971 0.319116 0.024462 -0.301373
-0.536993 -0.353771 0.330651 -0.116351 0.036631 0.076788 0.342940 0.044470 0.179717 0.354830 0.168497 -0.435026 -0.879666 -0.343709 -0.254713 0.376802 -0.313815 -0.896790 -0.021261 0.349305 -0.211517 0.030373 -0.285993 -0.235776
-0.291945 -0.365486 0.282320 -0.057582 -0.226562 0.238684 0.122634 0.161962 0.236459 0.269303 0.320081 -0.438948 -0.381421 -0.014819 -0.214780 0.040450 -0.209274 -0.786594 -0.038689 0.245795 -0.090855 -0.089402 -0.438084 0.070387
-0.390302 -0.389187 0.392404 -0.030999 0.038081 0.255790 -0.103494 -0.024955 0.170633 0.211167 0.221458 -0.525545 -0.273103 0.017039 -0.052141 0.033111 -0.194745 -0.546085 0.222967 0.106744 -0.036899 -0.118476 -0.502520 0.163135
-0.377483 -0.279088 0.294532 0.184980 0.276210 0.107113 -0.058055 -0.012813 0.241586 0.281846 0.145405 -0.682573 -0.025205 0.161514 -0.227753 -0.184481 -0.105898 -0.359478 0.255101 -0.116560 0.074729 -0.073532 -0.297659 0.280759
-0.177475 -0.372993 -0.046245 -0.034437 0.346670 0.156524 -0.249568 -0.123356 0.221300 0.306678 0.413468 -0.643661 -0.270098 0.104612 -0.058949 -0.127247 -0.119160 -0.226030 0.322300 -0.183552 0.288762 0.011839 -0.090907 0.292485
-0.448462 -0.550198 -0.390745 -0.142297 0.446336 0.104233 -0.273251 -0.078072 0.201786 0.302651 0.348163 -0.611824 -0.237024 -0.307204 0.044968 -0.047343 0.032648 -0.246713 0.307788 -0.317658 0.270626 0.157613 -0.197025 0.391072
-0.280998 -0.281920 -0.296776 -0.021697 0.498825 0.061845 -0.205439 -0.001448 0.138103 0.090568 0.316249 -0.614587 -0.173277 -0.325651 0.002533 -0.233522 0.212396 -0.089201 0.217276 -0.072689 0.305770 0.075620 -0.105517 0.068156
-0.247355 -0.239204 -0.205287 -0.183491 0.278019 0.201355 -0.174938 0.045206 -0.061040 0.025094 0.315170 -0.580716 0.012578 -0.368836 0.020501 -0.253184 0.117491 -0.290046 0.496056 -0.251974 0.324413 0.009837 -0.309855 -0.019531
-0.147479 -0.181645 -0.107366 0.005633 0.112637 0.125392 -0.145882 0.231607 -0.197615 -0.074808 0.191256 -0.739166 0.035606 -0.355750 0.016124 -0.151293 0.168183 -0.317452 0.398070 -0.105079 0.449407 0.066919 -0.207671 0.071458
0.338049 0.194217 -0.233524 -0.140810 0.052233 0.043073 -0.203565 0.482945 -0.168201 0.134922 0.154832 -0.560948 0.014986 -0.303011 0.029329 -0.195991 0.085243 -0.237124 0.288123 -0.312789 0.283435 -0.066216 -0.180141 0.011958
0.490956 0.181218 -0.008051 -0.362839 -0.009976 0.012850 0.169275 0.536800 -0.486410 0.061212 0.457789 -0.413792 -0.246774 -0.227095 -0.111856 -0.205992 -0.023505 -0.195038 0.405673 -0.457222 0.424443 0.079632 -0.076423 -0.018496
0.167466 0.219789 0.276518 -0.377640 -0.143057 -0.153539 0.201075 0.463419 -0.502046 0.205693 0.296628 -0.389696 -0.289862 -0.060517 0.214567 -0.187029 0.055176 0.037399 0.238223 -0.100944 0.258659 0.091947 0.177521 -0.126037
0.080279 0.370444 0.096631 -0.235007 0.282604 -0.150453 0.227161 0.445298 -0.407779 0.282355 0.287316 -0.351593 -0.381462 -0.112484 0.059974 0.067924 0.157075 0.004113 0.069973 -0.070849 -0.090180 0.134796 0.093227 -0.091504
0.097185 0.680732 0.017100 0.112629 0.252867 -0.108865 0.320585 0.515613 -0.212705 0.157879 0.274922 -0.399113 0.049273 -0.206046 0.379927 0.134809 0.138849 -0.118799 0.054843 -0.015632 -0.258795 0.190927 0.267236 -0.186669
0.179027 0.768552 0.173229 -0.059853 0.063947 0.002333 0.212825 0.404744 -0.106199 0.306025 0.156597 -0.248722 0.030221 -0.052776 0.131341 0.186119 -0.105839 0.364536 -0.301248 -0.018398 -0.307669 0.059782 0.246673 -0.018905
0.026033 0.572392 -0.054044 0.061921 -0.081209 0.073081 0.026747 0.324936 0.364120 0.279898 0.253981 -0.531875 0.067371 0.069761 0.464950 0.308464 -0.183675 0.292719 -0.693958 -0.162322 -0.130023 -0.291568 0.377102 -0.057454
-0.112319 0.549869 0.036923 -0.019027 -0.117569 0.278697 -0.456156 0.260007 0.051836 0.294848 0.338365 -0.305128 0.086458 0.108086 0.399669 -0.096991 -0.279420 0.475809 -0.482720 0.172894 -0.194457 -0.248378 0.446558 0.152910
-0.269355 0.615349 0.269839 0.109577 0.281266 -0.214830 -0.352094 -0.142906 0.258503 0.402656 0.096453 -0.215576 -0.019178 0.022724 0.095297 -0.222231 -0.252495 0.012755 -0.499179 -0.257683 -0.345201 -0.007117 0.450413 -0.050530
-0.473907 0.668119 -0.147670 0.609072 0.028946 -0.542018 -0.046875 -0.198503 0.048496 0.311973 -0.303210 -0.298580 0.159237 -0.360596 -0.162944 -0.065904 0.263368 0.331749 -0.104339 -0.035329 -0.042717 0.131830 0.160439 0.231060
-0.016741 0.686652 0.300598 0.267884 -0.247521 0.390293 0.324925 -0.164288 -0.147394 0.441970 0.022207 -0.277086 0.128463 -0.086549 0.104917 0.340606 -0.492167 -0.559744 0.081105 0.143187 -0.158162 0.410771 0.248548 0.054905
0.045420 0.527520 0.254026 -0.033934 -0.065956 0.230709 0.054374 -0.033932 -0.109952 0.438411 0.158793 -0.157719 -0.008272 -0.216480 -0.075743 0.262472 -0.581191 -0.933519 0.088984 0.175595 0.059220 0.491207 0.110456 -0.158350
-0.293500 0.133589 0.501591 -0.303882 0.028037 0.256709 0.031094 -0.092037 -0.251191 0.525846 -0.193017 -0.110250 -0.172839 -0.141419 -0.228676 0.200966 -0.771831 -0.788327 -0.024259 0.510470 0.083350 0.525260 0.078676 -0.276759
-0.236601 -0.051250 0.448213 -0.326001 -0.119670 0.088752 0.096360 -0.250549 -0.204170 0.728019 -0.131531 -0.214476 -0.386653 -0.203793 -0.282421 0.189697 -0.505031 -0.688569 0.182919 0.196477 -0.100162 0.424432 -0.034539 -0.212248
-0.250850 -0.062485 0.449379 -0.085458 -0.013069 0.173252 0.012788 -0.005718 -0.286319 0.772101 -0.316246 -0.383610 -0.619017 -0.164943 -0.297134 0.162724 -0.418402 -0.473398 0.024563 0.464312 -0.092755 0.024272 -0.108577 -0.233527
-0.392656 -0.167462 0.628389 -0.154663 -0.371755 0.224250 -0.038810 -0.246763 -0.329861 0.573109 -0.108036 -0.490332 -0.391193 -0.058810 -0.272106 0.056813 -0.362852 -0.367286 0.120629 0.277104 -0.011738 -0.206596 -0.000022 0.092193
-0.155902 -0.079147 0.482654 -0.178973 -0.521106 0.213434 -0.149500 -0.284280 -0.281532 0.623684 0.105117 -0.296571 -0.170106 -0.054609 -0.292387 0.075305 -0.204163 -0.361625 0.281740 0.049944 0.140439 -0.466532 -0.168721 0.224354
-0.354899 0.237730 0.388372 -0.023627 -0.239768 0.228500 -0.309290 -0.360530 -0.307084 0.646327 0.073350 -0.272266 0.042376 0.091136 -0.422750 -0.044045 0.016741 -0.211741 0.506598 -0.080882 0.199142 -0.432056 -0.180212 0.251159
-0.242146 0.315106 0.274647 -0.074870 -0.221028 0.232299 -0.334164 -0.351918 -0.074579 0.725299 0.246163 -0.298266 0.049308 0.022919 -0.510605 -0.272610 -0.065239 -0.145763 0.311669 -0.316547 0.165156 -0.041353 -0.189560 0.490951
-0.435178 0.114413 -0.100548 0.011191 0.135395 0.385676 -0.332019 -0.020298 -0.119094 0.797634 0.237064 -0.161885 -0.184375 -0.162960 -0.461971 -0.194622 -0.128836 -0.041708 0.146307 -0.440611 0.290645 0.054234 -0.160587 0.298071
-0.267274 0.058697 -0.098441 0.037570 0.219556 0.337619 -0.185267 0.108792 -0.013707 0.820942 -0.067832 -0.399039 -0.145257 -0.589958 -0.307152 -0.398340 0.004403 -0.015665 0.173128 -0.392301 0.220170 0.270564 -0.258183 0.231172
-0.132191 0.016094 0.055627 -0.164222 0.304003 0.431321 -0.084872 0.259629 -0.243728 0.543288 -0.049965 -0.242373 0.081021 -0.390198 -0.180649 -0.443947 -0.073959 -0.038102 0.138892 -0.237764 0.234457 0.055273 -0.424537 -0.047256
-0.017548 -0.128144 0.136284 -0.305054 0.038046 0.502395 -0.312224 0.358538 -0.244221 0.274674 -0.259887 -0.319892 0.233357 -0.250471 -0.061702 -0.424732 -0.021914 -0.129669 0.287404 -0.061826 0.202264 -0.075221 -0.288864 -0.125216
0.328654 0.223332 0.122804 -0.185839 -0.047610 0.462363 -0.366991 0.529249 -0.085300 0.228020 -0.296618 -0.401033 0.093731 -0.187045 -0.060946 -0.321556 0.038216 0.068015 0.326226 -0.131050 0.299290 0.128817 -0.364092 -0.003403
0.414001 0.030674 0.064292 -0.205747 -0.080644 0.412312 -0.057417 0.517228 -0.077995 0.170225 -0.192118 -0.206027 -0.006683 -0.180732 0.032907 -0.223600 0.011505 -0.101420 0.309194 -0.248624 0.343589 0.149027 -0.244655 -0.111270
0.388790 0.040486 0.177355 -0.404360 -0.239999 0.400773 0.036168 0.467302 -0.283787 0.194943 -0.151135 -0.276196 -0.137015 -0.016371 0.109227 -0.240929 -0.050960 0.061235 0.036430 -0.249645 0.236483 0.181189 -0.024180 -0.036521
0.273993 0.137815 0.205402 -0.517827 -0.190674 0.228489 0.079948 0.479824 -0.276413 0.258364 -0.037704 -0.317688 -0.102820 0.022023 0.323773 -0.115042 0.141413 -0.021343 -0.280503 -0.174434 0.027886 -0.034764 0.078753 -0.053357
0.168549 0.297104 0.241551 -0.224569 0.063006 0.183846 0.393261 0.361096 -0.035158 0.187693 0.136586 -0.202470 -0.050952 -0.068022 0.259690 -0.107336 0.101460 -0.261059 -0.173218 -0.238258 -0.177374 0.100687 0.148166 -0.111879
0.130262 0.516595 0.115331 0.129612 -0.290230 0.308939 0.259779 0.240110 -0.075204 0.158334 0.251937 -0.319007 -0.029326 0.043652 0.185288 0.000642 0.076510 -0.083885 -0.353676 0.034940 -0.296323 -0.200911 0.328226 -0.143458
-0.031927 0.481567 0.261303 0.181483 -0.105615 0.189207 0.146155 0.033663 -0.053245 0.409443 0.234854 -0.145428 -0.054112 -0.009299 0.116934 0.045166 -0.005742 -0.056648 -0.421538 -0.176249 -0.523698 -0.014130 0.075742 0.084416
0.189244 0.271148 0.017605 0.390659 -0.153595 0.366395 -0.065225 -0.261871 0.061106 0.225110 0.358529 -0.192046 0.170264 0.020088 0.210597 0.218914 -0.375005 0.236086 -0.521938 0.048812 -0.313703 -0.234454 0.257964 0.221959
-0.152587 0.087196 0.133869 0.249483 0.185490 0.225240 -0.403376 -0.599447 -0.118373 -0.181978 0.390716 0.069257 0.237228 -0.003086 -0.058100 -0.022367 -0.321228 0.475405 -0.703108 0.128121 -0.276226 0.081112 0.243051 0.178173
-0.224403 0.294454 -0.161502 0.275629 0.150159 -0.182799 0.050726 -0.669316 0.227591 -0.273947 0.351215 0.000023 0.130802 -0.317481 -0.180939 -0.052513 -0.188876 0.219753 -0.908986 -0.152550 -0.008928 0.225427 0.393133 0.125058
-0.470505 -0.050336 -0.392658 0.012629 -0.183119 -0.277928 0.076333 -0.380562 0.109490 -0.016147 0.854773 -0.239656 0.069271 -0.363802 -0.275879 -0.252522 0.248203 0.283149 -0.352455 -0.178014 0.160953 0.186387 0.545923 -0.000155
0.146027 0.794676 0.395324 -0.500790 0.030199 0.380843 0.309343 -0.158100 -0.075990 0.282383 0.064805 -0.011953 -0.227861 -0.373456 0.570407 0.167961 -0.704061 -0.340301 -0.227438 0.400208 0.219293 0.630387 0.228450 -0.219489
0.218353 0.752296 0.345788 -0.508983 0.040824 0.260682 0.240272 -0.254504 -0.178907 0.462636 0.082299 0.168391 -0.316762 -0.316787 0.321127 0.106799 -0.615766 -0.426235 -0.034376 0.545697 0.342591 0.473652 0.020626 -0.395331
-0.081338 0.431001 0.192617 -0.454820 -0.258409 0.145885 0.076518 -0.186439 -0.482205 0.529731 -0.047575 0.210830 -0.083357 -0.193632 0.096506 -0.165485 -0.784291 -0.358160 -0.205945 0.460778 0.288670 0.200711 -0.166470 -0.239164
0.061928 0.430598 0.363563 -0.129377 -0.295228 0.085453 0.002551 -0.241074 -0.359922 0.558704 -0.092327 0.134641 -0.248979 -0.173593 -0.073860 -0.286671 -0.539506 -0.430049 -0.105828 0.231530 0.132862 0.030661 -0.263228 -0.159749
-0.060471 0.493500 0.470035 -0.050003 -0.498180 0.194969 -0.293445 -0.252355 -0.355708 0.705877 -0.110523 -0.032380 -0.278261 0.020309 0.013471 -0.318667 -0.673616 -0.156010 -0.040003 0.310968 0.274442 -0.085248 -0.037448 -0.058890
-0.149027 0.374226 0.286228 -0.008089 -0.670897 0.286724 -0.387361 -0.402696 -0.358914 0.508342 -0.062284 0.033885 -0.029288 -0.024773 -0.220756 -0.127247 -0.309025 -0.452262 -0.023420 0.098514 0.043634 -0.494593 0.180730 0.190668
-0.042344 0.403039 0.267767 -0.164249 -0.421778 0.307883 -0.351691 -0.427709 -0.250879 0.483638 -0.104651 -0.016661 0.104209 -0.156988 -0.195181 -0.017089 -0.170465 -0.535047 0.251225 -0.069536 0.306489 -0.493074 0.248201 0.314849
-0.077264 0.398541 0.219432 -0.058497 -0.419078 0.522704 -0.396642 -0.146741 -0.213424 0.464008 0.000999 0.302889 0.096695 -0.009805 -0.194665 -0.201279 0.018074 -0.288697 0.430985 -0.067872 0.400736 -0.259749 0.270630 0.466863
0.021335 0.406134 -0.159008 -0.030547 -0.305397 0.489048 -0.371855 0.114469 -0.095459 0.475256 0.147426 0.195104 0.052410 -0.153881 -0.266064 -0.095924 0.304307 -0.159550 0.107373 -0.308247 0.347345 0.015012 0.058525 0.544213
-0.120737 0.282603 -0.185450 0.117066 0.020327 0.744299 -0.222873 0.325805 0.005360 0.602025 0.112160 0.115326 0.166128 -0.132402 -0.268001 -0.227337 0.219065 0.032426 0.075834 -0.230480 0.276136 0.189749 -0.253664 0.267108
-0.197037 0.461864 0.118100 -0.078710 0.134896 0.814886 -0.005972 0.571688 -0.240947 0.548471 0.056248 0.063273 0.188424 -0.158028 -0.194658 -0.025741 0.026780 0.232435 0.078113 -0.323418 0.189242 0.224432 -0.349145 0.043368
-0.354411 0.300785 0.234219 -0.367751 0.282568 0.650461 0.161164 0.712205 -0.047980 0.407470 -0.136710 -0.038116 0.299652 -0.047573 -0.026318 -0.168300 0.061268 0.002104 0.296252 -0.255499 0.020282 0.036389 -0.314106 -0.279588
-0.317351 0.109253 0.277039 -0.423701 0.080742 0.631620 -0.073465 0.634922 0.017742 0.131549 -0.198166 -0.292930 0.298723 -0.088389 0.211976 -0.259143 0.041506 -0.077482 0.401630 -0.167796 0.075383 0.073090 -0.241917 -0.165283
-0.156987 0.181535 -0.006920 -0.427545 -0.166579 0.557688 -0.195495 0.476175 -0.069687 0.305034 0.067678 -0.150170 0.127638 -0.079705 0.147290 -0.278644 0.163916 -0.138834 0.113575 -0.290529 -0.025566 -0.035945 -0.142550 -0.078699
-0.331903 -0.043130 -0.029863 -0.193394 -0.326861 0.553653 0.057036 0.351063 -0.235647 -0.073034 -0.021882 -0.274993 0.050582 -0.059604 -0.033831 -0.186993 0.199991 -0.110061 0.291684 -0.225510 0.073848 0.140578 -0.112862 0.018350
-0.277497 -0.152181 0.027920 -0.033223 -0.375110 0.504274 -0.152892 0.262899 -0.029932 -0.070439 -0.007178 -0.053792 -0.107658 -0.070148 0.306162 -0.447147 0.094028 -0.111979 -0.247915 -0.224554 -0.153502 0.090359 0.114977 0.053409
-0.438726 0.007274 0.192210 -0.083847 -0.413914 0.426807 -0.092531 0.009660 -0.165284 -0.073953 0.182536 -0.037205 -0.099971 -0.278621 0.105362 -0.570127 0.077432 -0.035841 -0.345496 -0.226897 -0.213757 0.111182 0.131272 -0.043408
-0.390693 -0.065480 0.200670 0.078316 -0.386658 0.398551 -0.082615 -0.156297 0.131518 -0.179602 0.159393 -0.046525 -0.150403 -0.077018 0.003556 -0.406028 -0.032194 0.135805 -0.305820 -0.215206 -0.314259 -0.084761 0.138207 0.118941
-0.033851 -0.095361 0.353567 0.094235 -0.272959 0.545142 -0.249201 -0.008858 0.056304 -0.211392 0.216604 0.109246 -0.212073 -0.184589 0.051796 -0.222530 -0.052564 -0.030276 -0.292504 -0.007624 -0.379335 -0.479022 -0.195119 -0.125728
0.081608 -0.227546 0.306079 0.044550 0.032628 0.502130 -0.117771 -0.031809 0.018048 0.013677 0.067854 0.038382 -0.197052 -0.148564 0.230357 -0.012895 -0.263406 -0.029785 -0.299890 -0.276592 -0.422102 -0.152051 0.044549 0.162918
0.035261 -0.452625 -0.021011 -0.012363 -0.128668 0.643433 -0.189932 -0.240709 0.023903 0.100948 0.143192 0.128243 0.173525 0.118820 0.131034 0.131297 -0.421209 0.247602 -0.408457 -0.172021 -0.543774 -0.132059 -0.021163 0.096124
-0.262123 -0.134207 -0.092078 -0.067050 0.222021 0.465414 -0.153533 -0.401770 -0.130343 -0.231030 0.121172 0.354028 0.340446 0.004018 -0.039599 0.078810 -0.288370 0.143754 -0.611091 0.040361 -0.193413 0.179625 -0.014403 -0.073846
-0.473972 0.102647 -0.365107 -0.405894 -0.170317 0.250832 0.077067 -0.425135 -0.304509 -0.165870 0.292459 0.284602 0.579504 -0.032246 0.008947 0.250358 -0.051041 0.346245 -0.716145 0.207784 -0.135572 0.095639 0.337949 -0.161746
-0.499956 0.342327 -0.282656 -0.087055 -0.175798 0.412627 0.301386 0.121087 -0.168417 0.035392 0.594477 0.063534 -0.109532 -0.510652 0.404848 -0.014489 0.436510 0.121696 -0.546578 0.110248 0.254978 0.116721 0.235021 -0.073434
0.370769 0.788520 0.284968 -0.475176 -0.088792 0.073377 -0.062392 -0.174888 -0.239488 0.122451 0.518281 0.270371 -0.955258 -0.379295 0.355457 0.233647 -0.386537 -0.322451 0.474930 0.661195 0.529431 0.127180 0.148266 -0.082226
0.496371 0.866543 0.277414 -0.377802 -0.152856 -0.104200 -0.005502 -0.261332 -0.320287 0.079312 0.184236 0.724366 -0.767297 -0.495162 0.074439 -0.066091 -0.495684 -0.241308 0.309755 0.541992 0.470836 0.003978 0.042602 -0.077130
0.259250 0.663070 0.243151 -0.180723 -0.218200 -0.074356 0.205781 -0.173613 -0.478150 0.068318 0.201185 0.457812 -0.482790 -0.424212 -0.058480 -0.550965 -0.543228 -0.338214 0.256282 0.227705 0.270349 -0.064060 -0.104780 0.188799
0.257975 0.728699 0.329081 0.039876 0.121380 0.043026 0.215500 -0.131675 -0.501839 -0.016360 0.040636 0.330978 -0.081197 -0.248393 -0.188551 -0.630944 -0.358250 -0.248151 0.007196 0.009321 0.291000 -0.121270 -0.000506 -0.073961
0.197990 0.644971 0.173933 -0.171426 0.121963 0.228936 -0.121642 -0.062023 -0.524755 0.102739 0.176842 0.239527 -0.044589 -0.070660 -0.061324 -0.501934 -0.297753 -0.183759 -0.030021 -0.007422 0.317663 -0.133795 0.111514 0.089633
0.097177 0.758191 0.130395 -0.074192 0.215484 0.350542 -0.196851 -0.007739 -0.399240 0.053412 0.099724 0.198240 0.285735 0.033271 0.027521 -0.231772 -0.118015 -0.340982 0.013065 -0.117402 0.298983 -0.366051 0.174032 -0.012438
-0.065203 0.620241 -0.117659 0.029845 0.145598 0.265963 -0.180101 0.112329 -0.247162 -0.108311 -0.154567 0.240002 0.070500 0.039174 0.114212 -0.290773 -0.102198 -0.263951 0.222615 -0.210515 0.382011 -0.142300 0.273057 0.129617
-0.032021 0.501037 0.089343 0.131254 -0.017638 0.410234 -0.191167 0.283249 -0.175888 0.169584 -0.076218 0.389273 0.034684 -0.022019 0.128120 -0.381433 0.175434 -0.012954 -0.089436 -0.382563 0.343399 -0.143929 0.353222 0.302685
0.070116 0.364979 -0.038893 0.304954 0.115397 0.498907 -0.039100 0.479068 -0.039653 0.034458 -0.006566 0.196635 0.133249 0.055659 0.148093 -0.281630 0.310461 -0.177883 -0.122744 -0.309539 0.267835 0.285802 0.177403 0.227196
0.051817 0.353215 0.126160 0.202041 0.136291 0.655546 0.015837 0.553530 -0.114233 0.221018 -0.054559 0.055123 0.364131 0.081063 0.058025 -0.431357 0.299142 -0.018423 0.005190 -0.127511 -0.029450 0.234368 -0.207978 -0.014955
-0.269407 0.291891 0.326834 -0.009870 -0.025078 0.480008 0.117125 0.556121 -0.146428 -0.032992 0.025817 0.099333 0.344166 0.344052 0.244307 -0.017094 0.161080 -0.114773 -0.129995 -0.180337 0.078793 0.278460 -0.117594 0.070030
-0.371975 0.397418 0.261351 -0.163869 0.212153 0.263081 0.022952 0.530770 -0.042195 0.058266 0.182523 -0.014997 0.375316 0.282001 0.312230 -0.123465 0.100503 -0.122934 0.195419 -0.156948 -0.127722 0.176021 -0.082538 -0.231664
-0.700298 0.261648 0.038472 -0.430456 -0.050319 0.415107 0.069724 0.487659 -0.115447 0.184247 0.168552 0.027314 0.233665 0.199717 0.391153 -0.096789 0.126826 -0.260747 0.183591 -0.141478 -0.059894 -0.026957 -0.044575 -0.028665
-0.504106 0.134182 -0.002690 -0.172881 0.010681 0.142047 -0.085347 0.154627 -0.393424 0.165778 0.302407 -0.087002 0.213228 -0.013596 0.036443 0.017270 0.239088 -0.344250 0.006831 -0.338492 -0.196183 0.021246 -0.183688 -0.036955
-0.263430 -0.206757 -0.116908 -0.193332 -0.033380 0.325447 -0.044834 0.070648 -0.196504 -0.018448 0.318875 -0.014116 0.355866 0.254037 0.247497 0.008308 0.043507 -0.358543 -0.089580 -0.275423 -0.100986 0.020073 -0.323498 0.221404
-0.416759 -0.027565 0.064814 -0.006905 -0.181049 0.222993 -0.257231 -0.091708 -0.186589 0.077310 0.161374 0.079714 0.069627 -0.035806 -0.004353 -0.243574 0.050894 -0.305135 -0.341967 -0.302969 -0.464527 -0.056261 -0.158857 0.167125
-0.352947 0.026014 -0.049485 0.249468 -0.292019 0.270517 -0.191140 -0.634706 -0.010385 -0.098810 0.124131 0.017878 0.082946 0.077600 -0.185362 -0.113083 -0.195399 0.073318 -0.052594 -0.153673 -0.282125 0.090231 0.110322 -0.016212
-0.058837 -0.162775 0.032439 0.230708 -0.125393 0.406687 -0.381919 -0.324825 0.152306 -0.167668 0.118791 -0.085645 -0.030498 0.093901 -0.073866 -0.052389 -0.213296 -0.089115 -0.137548 -0.104533 -0.030178 0.086376 -0.120418 -0.074013
-0.070937 -0.306740 0.218338 0.207907 -0.029457 0.738310 -0.332294 -0.216116 0.098600 -0.117407 -0.042709 -0.240265 -0.166959 0.200694 -0.035494 -0.080679 -0.272142 -0.015578 -0.192580 -0.141891 0.012173 -0.341327 -0.178051 0.041808
-0.150008 -0.863212 0.197696 0.026164 -0.069617 0.388677 -0.227930 -0.406507 0.435009 -0.312588 -0.418222 -0.043207 -0.428550 0.097378 0.161325 -0.065222 -0.176412 -0.137371 -0.372867 -0.191997 -0.064758 -0.122054 0.104171 0.280333
0.007779 -0.743741 -0.095151 -0.300874 0.040146 0.668590 -0.128342 -0.349606 0.255042 -0.127278 -0.183656 0.196941 -0.186418 -0.031548 0.211224 -0.129265 -0.076085 -0.198101 -0.423754 -0.230872 -0.301226 -0.104395 0.012291 -0.151895
-0.220484 -0.614828 -0.239557 -0.572322 -0.052876 0.705567 -0.182311 -0.376882 0.267061 -0.016559 -0.163266 0.031758 -0.117101 -0.067265 0.154782 -0.221981 -0.056114 -0.003291 0.035548 -0.369779 -0.177987 -0.011261 -0.041013 -0.300096
-0.198455 -0.103199 -0.423748 -0.713567 -0.072059 0.515214 0.137199 -0.480666 0.259226 0.008140 -0.190928 0.218345 0.214750 -0.086622 0.066381 -0.121223 -0.002757 0.002415 -0.140281 -0.047216 -0.036213 -0.435529 0.017623 -0.470353
0.002566 0.316905 0.038738 -0.145342 0.113145 0.570369 0.086673 0.160483 0.204634 0.025044 -0.423651 -0.181456 -0.278991 -0.681899 0.194796 0.181380 0.236592 -0.103073 -0.214913 0.282556 0.291939 0.049037 -0.275948 0.237336
0.482555 0.260776 -0.071455 -0.449849 -0.342894 -0.093830 -0.522553 -0.162130 -0.719528 -0.036820 0.814217 0.509650 -0.965816 -0.000050 -0.305850 -0.205611 -0.306385 -0.210218 0.028595 0.591473 0.678238 -0.554329 0.009327 0.164343
0.517626 0.349645 0.106244 -0.397603 -0.448737 -0.063973 -0.215001 0.036147 -0.611200 -0.109355 0.591509 0.795143 -0.578823 -0.195247 -0.237850 -0.484026 -0.321077 -0.148581 0.016717 0.223322 0.604731 -0.513525 0.074086 0.249883
0.058575 0.259985 0.308049 -0.350233 -0.089216 -0.330828 0.117206 0.011022 -0.759944 -0.328185 0.310882 0.498238 -0.032676 -0.199661 -0.303468 -0.608476 -0.092607 -0.127658 -0.002002 -0.024978 0.290362 -0.475467 0.088310 0.280427
0.071272 0.496734 -0.116231 -0.052101 0.253520 -0.017716 0.087767 0.184312 -0.339264 -0.277183 0.212728 0.541089 0.148171 -0.034731 -0.021700 -0.542380 0.088720 -0.116814 -0.206997 -0.320938 0.152747 -0.320841 0.360296 0.093188
0.145027 0.373663 -0.060124 -0.306990 0.384205 0.377020 0.002093 0.238350 -0.179521 -0.207894 0.192736 0.234291 0.487541 0.212603 -0.098812 -0.238027 0.209738 -0.105638 -0.100989 -0.262663 0.058973 -0.241444 0.195890 0.092133
0.004252 0.427021 -0.200887 0.025922 0.193436 0.179582 -0.016439 0.467896 -0.424353 -0.522746 -0.018101 0.141013 0.422827 0.176627 0.134313 0.036717 0.275686 -0.042026 -0.262368 -0.425462 0.257175 -0.126190 0.253055 -0.080986
-0.185487 0.369737 -0.081110 0.215382 0.292726 0.196363 -0.163042 0.624772 -0.173797 -0.155808 0.011453 0.041535 0.116484 0.446465 0.218129 -0.141441 0.303068 0.013620 -0.210279 -0.455267 0.367862 0.056394 0.430163 -0.027417
-0.170033 0.161105 -0.276177 0.417084 0.090398 0.134757 -0.032959 0.830813 -0.113397 -0.166627 0.156798 -0.002938 0.221081 0.301419 0.309817 -0.219729 0.379557 -0.124926 -0.282507 -0.441504 0.224003 0.065173 0.306949 0.003258
-0.115868 0.162334 -0.011068 0.201549 0.069455 0.150637 0.034599 0.744950 -0.007964 -0.111614 0.228210 0.010605 0.125443 0.449768 0.214234 -0.407479 0.132187 0.126877 -0.425567 -0.593744 0.296163 0.016451 0.349687 0.074046
0.027472 0.182774 0.186454 0.030066 0.006489 0.119752 0.006808 0.544089 0.022210 -0.166812 0.295867 0.179303 0.136841 0.472267 0.143506 -0.360032 0.068865 0.083603 -0.242342 -0.405078 0.100645 0.034243 0.112544 0.037644
-0.200678 0.220009 0.261894 -0.029114 -0.005994 0.142650 -0.035363 0.415167 0.328301 -0.192883 0.338613 0.073420 0.195286 0.608284 0.157666 -0.043820 -0.007979 -0.118354 -0.199837 -0.250507 0.047548 0.132826 0.095745 0.004942
-0.399898 -0.067598 0.227989 -0.089346 -0.045881 0.183489 -0.206802 0.030271 0.138870 -0.087070 0.421805 0.201400 0.345659 0.425641 0.200318 -0.080848 -0.077043 -0.120664 -0.059132 -0.142507 -0.045069 0.071776 0.105215 0.174378
-0.385068 -0.081142 0.090502 -0.023865 -0.429366 0.157390 -0.041155 -0.112278 0.033140 -0.140138 0.202022 0.109015 0.228364 0.379301 0.219953 -0.012614 -0.060959 0.039142 -0.165255 -0.160103 -0.217947 0.122975 -0.051837 0.074785
-0.027116 -0.107665 0.111049 -0.086182 0.022246 -0.095052 0.220899 -0.226910 -0.152054 -0.025169 0.374062 0.000666 0.273005 0.435340 0.148484 -0.048857 -0.026197 -0.236571 0.050041 -0.051436 0.041747 0.206985 0.024556 0.205816
0.226988 -0.150541 0.115359 -0.097052 0.056039 0.130543 0.044990 -0.162875 -0.038302 -0.069220 0.272805 0.130775 0.303447 0.347559 0.193441 -0.100118 -0.004030 -0.340160 0.025727 -0.157111 -0.012679 0.067536 -0.063287 0.195723
0.041941 0.013192 0.169617 -0.120502 -0.223336 0.013512 -0.257586 -0.380809 -0.210330 0.143849 0.206211 0.052384 0.221092 0.246471 -0.216225 -0.050310 -0.083935 -0.216243 0.010728 -0.061421 -0.165959 0.167102 0.122931 0.188976
0.075512 -0.028688 0.160981 0.068744 -0.091959 0.219251 -0.242163 -0.473701 -0.015791 -0.057663 0.102655 -0.089016 0.132521 0.457970 -0.274128 0.071457 0.039759 -0.340763 0.070845 -0.089702 -0.018778 0.107317 0.042026 -0.037533
0.025455 0.090155 0.098435 0.297813 0.075362 0.185024 -0.300300 -0.187780 0.122223 0.032257 0.001851 -0.003793 -0.126355 0.387265 0.069982 0.142701 0.065883 -0.303339 -0.050200 -0.180710 -0.061960 0.051760 -0.143605 -0.209219
-0.026367 -0.234943 0.195157 0.053689 0.200537 0.456798 -0.164833 -0.505087 0.099757 -0.075973 -0.344445 -0.120959 -0.302925 0.429478 0.140253 0.208048 -0.029181 0.139389 -0.456842 -0.139537 0.089032 -0.235270 -0.086251 0.128147
-0.215939 -0.740730 -0.136763 0.079790 0.136200 0.130962 -0.200710 -0.293901 0.317249 -0.120154 -0.603358 -0.078811 -0.256875 0.346087 0.286264 -0.075380 0.194706 -0.228850 -0.304615 -0.056432 -0.006657 0.037026 -0.175680 0.083242
-0.194346 -0.611324 -0.063417 0.084393 -0.193909 0.259284 -0.165462 -0.300374 0.450627 -0.234582 -0.490740 -0.152107 -0.378194 0.269116 0.146822 -0.270619 0.009654 -0.153404 -0.093475 -0.123456 -0.094408 0.107635 -0.112892 0.087738
-0.179006 -0.873842 -0.266858 -0.394584 -0.262381 0.152624 -0.000316 -0.417469 0.184930 -0.139042 -0.461384 0.022238 -0.138826 0.302053 -0.027359 -0.190845 -0.201349 -0.016493 0.023517 -0.081962 -0.067043 0.130626 -0.046754 -0.098227
-0.227751 -0.450065 -0.037506 -0.191818 -0.255052 0.492045 0.110380 -0.420802 0.451196 -0.033634 -0.380590 -0.042906 -0.077671 -0.055754 -0.164334 0.200501 -0.111589 -0.003600 0.105543 0.068015 -0.226751 -0.150988 0.026990 -0.134957
-0.170463 -0.311799 -0.241998 -0.087872 0.069498 1.394179 0.061673 0.146097 0.443373 0.296325 -0.062254 -0.238183 0.053533 -0.125289 -0.077902 0.393609 -0.467108 -0.076605 0.088116 0.278436 0.137096 0.270152 0.017098 0.097301
0.371049 -0.502291 -0.219574 -0.527796 -0.284205 0.129232 -0.398157 0.136696 -0.790531 -0.174699 0.593697 0.649988 -0.131255 0.216552 -0.295587 -0.473299 -0.264735 -0.118241 -0.549241 0.249087 0.452784 -0.598777 -0.435005 0.119514
0.245136 -0.574793 -0.178881 -0.777165 -0.262295 -0.253498 -0.072005 0.278113 -0.815412 -0.099926 0.542714 0.402055 0.161846 0.157101 -0.259818 -0.461861 -0.166696 -0.058919 -0.458302 0.148269 0.325693 -0.565037 0.042305 0.219471
-0.044706 -0.499928 -0.238970 -0.219882 0.120440 -0.210563 0.298928 0.395592 -0.419045 -0.234676 0.188888 0.393817 0.391526 -0.079685 -0.236751 -0.365988 0.226259 -0.310854 -0.373586 -0.079961 0.047251 -0.607515 -0.124143 -0.029335
0.255439 0.002196 -0.416104 -0.181346 0.054664 0.140389 -0.017665 0.616642 0.039731 -0.006196 0.281336 0.416433 0.663706 0.206163 -0.025708 -0.178459 0.226196 -0.120859 -0.216725 -0.320902 0.156695 -0.311977 0.380907 -0.146839
0.004169 -0.050215 -0.446299 0.000336 0.097843 0.040934 0.003121 0.617852 -0.024110 -0.160239 0.001318 0.098678 0.868609 0.348859 -0.071339 -0.123477 0.613626 -0.201150 -0.087716 -0.098987 -0.187382 -0.080159 0.098052 0.056309
-0.119187 -0.151851 -0.385659 0.114657 -0.106503 -0.311990 -0.202617 0.531020 0.012321 -0.130586 0.055081 0.069695 0.506694 0.343089 0.045149 0.122311 0.240111 -0.102220 -0.224043 -0.169735 0.145656 -0.112542 0.273771 0.122810
-0.047761 -0.312651 -0.076909 0.346006 -0.241716 -0.529000 -0.057395 0.492551 0.106367 -0.006083 0.020434 0.026013 0.327653 0.166819 -0.122256 0.074234 0.456155 -0.068713 -0.170222 0.048548 0.021895 0.093763 0.235406 0.119503
0.011533 -0.275094 -0.281418 0.219498 -0.231646 -0.341294 -0.143568 0.577281 0.010343 0.095979 0.344724 -0.093497 0.197508 0.423884 -0.043117 -0.009968 0.388853 -0.177801 -0.111218 -0.172896 -0.100546 0.149477 0.167252 0.068372
0.110731 -0.176376 -0.040882 -0.047894 0.066938 -0.275096 0.085271 0.425384 0.041577 0.018566 0.276120 0.016436 0.043492 0.214312 -0.154450 -0.042145 0.209902 0.169742 0.029154 -0.107805 -0.137324 -0.003314 0.254756 -0.043447
0.153561 -0.020416 0.119553 0.010552 -0.054733 -0.465792 0.114419 0.161947 0.280610 -0.019778 0.312802 0.098662 0.104043 0.309441 -0.271401 -0.077964 0.138179 0.141886 0.191829 -0.272094 -0.035833 -0.085797 0.259574 0.023761
-0.017775 0.034054 0.254730 -0.170165 0.021027 -0.446923 -0.054372 -0.066264 0.195088 0.051420 0.298600 0.242323 0.069549 0.233849 -0.219006 0.053758 -0.040411 0.085208 0.194953 -0.166210 -0.099874 -0.103678 0.320146 0.142509
0.042252 -0.166964 0.199067 0.092665 -0.136457 0.039149 0.015394 -0.167823 0.227687 0.007797 0.323456 0.276716 0.251293 0.273643 -0.102737 0.160058 -0.137611 0.047399 0.110641 -0.102335 -0.233238 -0.183347 0.427958 -0.109172
0.171235 -0.222425 -0.063783 0.164625 -0.240303 0.004141 0.130716 -0.432976 0.204967 0.066407 0.330790 -0.018253 0.428773 0.283252 -0.060459 -0.137519 -0.023928 0.022082 -0.195940 0.126545 -0.084926 0.047355 0.289105 0.020894
0.385130 -0.098130 -0.051313 0.102785 0.018443 -0.054669 0.177812 -0.100596 0.177160 0.018385 0.059767 -0.104063 0.299873 0.366842 -0.093269 -0.046883 -0.225597 -0.025057 0.002812 0.129062 0.186826 0.128592 0.255444 -0.009532
0.411399 -0.054623 0.164487 -0.110378 -0.023966 -0.105246 -0.084500 -0.178537 0.204302 -0.094599 0.059966 -0.069226 0.182468 0.434341 -0.076089 -0.106608 -0.062994 0.079511 0.040507 0.106672 0.288064 -0.143169 0.298932 -0.081279
0.175103 -0.041633 -0.003810 0.084724 -0.017015 -0.029017 -0.079038 -0.389210 0.159781 -0.106170 0.087011 0.022262 0.062791 0.469879 -0.096635 -0.056307 -0.066785 0.075020 0.291720 -0.125641 0.152574 -0.037843 0.255491 -0.021528
0.186180 0.074933 0.040615 0.252701 0.008320 -0.001093 -0.063520 -0.252789 0.140941 -0.149449 0.057834 -0.056009 0.121149 0.327239 0.003800 -0.000979 0.240177 -0.327026 0.169706 -0.345452 0.108127 0.020901 0.066119 -0.092137
0.105693 0.250689 0.194038 0.285307 -0.053531 0.071996 -0.146092 -0.335022 -0.068520 -0.104188 0.045451 0.109788 0.023025 0.131344 0.101809 0.213150 0.088086 -0.043453 -0.165712 -0.310639 -0.269015 -0.097325 0.015473 0.155373
0.130499 -0.072144 0.055959 0.068674 0.166446 -0.024312 -0.152053 -0.444685 0.099034 -0.173195 -0.035956 0.075014 -0.025667 0.401323 0.208311 0.031920 -0.142093 -0.108696 -0.367784 -0.186884 -0.278268 -0.187462 0.053531 -0.042907
-0.082406 -0.108149 -0.210812 0.166201 0.222509 -0.043158 -0.177877 -0.124260 0.068679 0.223430 -0.096191 -0.064973 -0.117889 0.228786 0.221001 0.007379 0.037022 -0.080843 -0.119443 -0.167465 -0.226705 -0.147126 -0.175280 -0.004438
-0.044169 -0.277761 -0.273139 -0.118397 -0.033131 -0.036486 -0.193426 -0.247753 -0.078038 -0.091947 -0.127900 0.060576 0.093046 0.281423 0.094637 -0.045083 -0.116708 0.050261 -0.052263 -0.175238 -0.088470 0.005953 0.110720 0.010088
-0.189363 -0.250375 -0.243871 -0.336826 -0.014079 0.011119 -0.089691 -0.193504 -0.058333 0.042059 -0.343477 0.361210 0.230227 0.040466 -0.099256 -0.173097 -0.287592 -0.110688 -0.133818 -0.230615 0.018232 -0.109922 -0.390993 -0.253143
-0.489844 -0.163785 -0.014838 -0.156116 -0.040259 0.291445 -0.085769 0.076368 0.002110 0.184793 -0.378288 0.324347 0.024110 -0.349439 -0.032362 0.203976 -0.298517 -0.119468 -0.005679 -0.189224 -0.247168 0.208422 -0.131604 0.032098
-0.294218 -0.700181 -0.208901 0.222464 -0.298675 0.840721 0.226893 -0.095728 0.053047 0.344978 -0.295139 0.120552 0.330042 -0.215671 0.128693 0.547454 -0.124869 0.314154 0.017093 0.110852 -0.227802 0.122920 0.235246 0.444820
0.119950 -1.021430 -0.243416 -0.384308 -0.270742 -0.478748 -0.037358 0.079052 -0.814286 -0.535940 0.199420 0.363297 0.658343 0.109986 -0.651654 -0.305672 0.088271 -0.079334 -0.389273 0.168749 0.269714 -0.466554 -0.683880 0.058605
0.029300 -1.076734 -0.156562 -0.179711 -0.177231 -0.446106 -0.049645 0.286465 -0.541650 -0.406220 0.292728 0.333572 0.398762 -0.148583 -0.428188 -0.050520 0.226098 -0.405908 -0.294396 0.257561 -0.003344 -0.621503 -0.392236 -0.108458
-0.005332 -0.701651 -0.403360 -0.026173 -0.027999 -0.291203 -0.051370 0.326847 -0.043345 -0.168141 0.156895 0.428158 0.404778 0.006248 -0.264565 -0.089305 0.311239 -0.385042 -0.074567 0.115552 0.078049 -0.523605 -0.222363 -0.165410
0.032763 -0.310627 -0.467600 -0.033992 0.157736 -0.343969 0.096326 0.470998 -0.041744 -0.033115 0.163142 0.276502 0.325194 -0.103623 -0.047139 0.038083 0.281013 -0.142094 -0.096457 -0.022236 0.167297 -0.260753 0.043842 -0.098958
0.060187 -0.100715 -0.586446 0.284108 0.148422 -0.496120 -0.139384 0.304667 0.236409 -0.110767 0.008112 0.279551 0.129963 -0.027736 -0.008491 -0.179873 0.311546 -0.247013 -0.073479 0.004629 -0.076247 -0.237297 0.053399 0.039941
0.376038 -0.130213 -0.474869 0.200273 -0.029278 -0.542423 0.071255 0.347281 0.125202 0.114386 0.044893 0.390062 0.140264 0.156386 0.059729 -0.081601 0.064296 -0.171891 -0.173666 -0.152867 0.078508 -0.180674 0.052125 -0.030793
0.104725 -0.117300 -0.239218 0.470384 -0.081862 -0.519829 0.281726 0.091817 0.052495 0.053336 0.200376 0.071706 0.156056 -0.057350 -0.037485 -0.180693 0.358382 -0.205930 -0.066751 0.219993 0.002508 0.081029 -0.087056 -0.011220
0.420751 -0.098202 -0.250619 0.106824 -0.054969 -0.427508 0.194207 -0.251157 0.095988 0.149564 0.230579 0.147963 0.187445 -0.095586 0.104347 0.024152 0.201459 -0.261471 -0.177117 -0.067520 -0.104594 0.015822 0.029857 -0.220192
0.366940 -0.007535 -0.043450 -0.024170 -0.035110 -0.339516 0.265789 -0.122984 0.112575 -0.108949 0.202676 -0.068938 -0.014642 -0.459275 0.032053 -0.063018 0.121277 -0.144638 0.004934 0.088846 0.083723 0.332283 0.201807 -0.126366
0.517843 -0.082068 -0.031576 -0.101293 -0.184199 -0.443667 0.088164 -0.119807 -0.077430 0.049957 0.222260 0.080908 0.152591 -0.237658 -0.148699 -0.028803 0.036504 -0.074422 0.145784 -0.012665 -0.042733 -0.105169 0.228238 -0.005149
0.247854 -0.168736 0.134478 -0.111803 0.165975 -0.354818 0.026766 -0.333596 -0.089591 -0.011376 0.193281 0.225676 0.090113 -0.337940 -0.089085 0.178945 0.092501 0.231899 -0.027975 -0.066594 -0.185207 -0.202804 0.339047 0.052343
0.325371 -0.191469 0.048120 0.132395 -0.104382 -0.238760 -0.091802 -0.211893 0.011536 0.055897 0.202763 0.271159 0.094939 -0.150552 -0.071681 0.040331 -0.064676 0.206236 -0.106076 -0.153866 -0.292989 -0.218248 0.280885 -0.014950
0.511404 -0.174769 0.099348 0.093409 0.031473 -0.102588 0.183795 -0.296109 -0.127354 0.089877 0.277512 0.296361 -0.044674 -0.082333 0.060457 -0.007403 -0.239598 0.025867 -0.238471 -0.086364 -0.243497 -0.200643 0.218196 0.021643
0.426258 -0.022724 0.129245 0.105045 0.058603 -0.060482 0.161299 0.018770 -0.065933 0.095219 -0.059834 0.209682 -0.003668 0.041585 -0.010241 0.103625 -0.202584 0.113738 -0.014009 -0.045111 -0.008136 -0.193881 0.021600 -0.177841
0.238514 -0.032711 0.109941 0.018060 -0.086571 0.043166 0.054577 0.021784 -0.054629 -0.078326 0.087532 0.189161 -0.153429 0.082249 0.137805 0.091027 -0.113316 0.232397 0.077185 -0.155818 0.137788 -0.303781 0.239407 -0.133602
0.007717 -0.132602 -0.050521 0.039603 -0.139534 -0.053257 0.032852 -0.019909 -0.032446 -0.150374 -0.205791 0.182423 -0.165788 0.094685 -0.115911 0.056228 0.223128 0.135652 0.186765 -0.227656 0.219560 -0.130860 -0.031040 -0.021673
-0.019596 0.029925 -0.150581 0.151600 0.051185 0.008451 -0.074999 0.053645 -0.108533 -0.404044 -0.106337 0.173984 0.110796 0.098801 0.029488 0.237977 0.124929 0.214920 0.125847 -0.356781 0.086681 -0.021635 -0.160989 0.122331
-0.030932 0.295771 0.039693 0.139523 -0.057973 0.176745 -0.088950 -0.354725 0.075807 -0.314951 -0.093915 0.192166 0.250619 0.092758 0.186831 0.117581 -0.096905 0.319976 -0.239363 -0.333502 -0.264384 0.137945 0.028677 0.244317
0.004096 0.408053 -0.119888 0.081703 0.162073 -0.113902 -0.112536 -0.027519 0.020004 -0.309841 0.148326 0.061257 0.246472 -0.176569 0.092143 0.126663 -0.139890 -0.049173 -0.095728 -0.331308 -0.173481 0.206714 -0.073330 0.044142
-0.041105 0.326484 -0.169235 0.079628 0.085292 -0.094545 -0.226176 -0.069566 0.071404 0.044495 0.100447 -0.079514 0.352410 -0.222604 -0.064165 0.138149 -0.004401 -0.011250 -0.152536 -0.229558 -0.311544 0.046220 0.136236 0.070210
0.023357 0.131008 -0.172276 -0.178064 -0.047144 -0.050455 -0.332612 -0.065907 -0.156116 -0.026416 -0.213045 0.321254 0.230350 -0.040228 -0.069787 -0.093346 -0.122828 0.127468 -0.198353 -0.110755 0.108609 -0.292544 0.172830 -0.016864
-0.144763 0.176671 -0.303096 -0.445693 0.062690 0.135709 -0.130140 -0.036886 -0.241195 0.061683 -0.186988 0.433766 0.210658 -0.313295 -0.431017 -0.100765 -0.101204 -0.011190 -0.429286 -0.133290 0.008210 -0.621972 -0.322195 -0.050333
-0.048257 0.091506 -0.031753 -0.341420 0.120965 0.068571 -0.029490 0.062145 -0.034510 0.060348 0.046220 0.408696 -0.205568 -0.286048 0.081185 0.128924 -0.197897 -0.218041 -0.297950 -0.207162 -0.038350 -0.492202 -0.128835 0.160751
0.231619 -0.244469 0.032202 0.085563 -0.036030 0.056856 0.401759 0.037713 0.176255 0.216516 0.144182 -0.092098 -0.249877 -0.497654 -0.033923 0.131699 -0.133359 -0.129301 -0.120763 -0.803605 -0.130050 -0.345464 -0.255038 0.150475
0.078100 -0.919305 0.016431 -0.032318 0.106424 -0.657665 -0.176111 0.054387 -0.597527 -0.633815 -0.237674 0.479583 0.417971 0.013215 -0.349901 -0.164366 0.054134 -0.751424 0.134361 -0.056369 0.184280 -0.668648 -0.550664 -0.375905
-0.071619 -0.770558 -0.079896 0.244287 0.011352 -0.348691 -0.121497 0.131066 -0.019008 -0.555793 -0.017455 0.254882 0.257471 -0.061122 -0.306854 -0.039926 0.238687 -0.600888 -0.047171 0.144237 -0.014079 -0.720740 -0.319110 -0.510961
-0.072093 -0.615621 -0.316129 0.097530 0.165465 -0.254614 -0.218089 0.185073 0.107575 -0.229455 -0.004059 0.431159 0.061407 0.058057 -0.072495 -0.242043 0.046322 -0.387567 -0.152061 0.060034 0.065418 -0.478654 -0.053123 -0.391798
-0.218758 -0.336295 -0.361770 0.309012 0.190085 -0.450276 -0.161405 -0.086138 0.166435 -0.335065 0.125388 0.248697 0.045581 -0.128690 -0.121550 -0.255545 -0.064043 0.035888 -0.133729 0.077685 -0.148513 -0.286530 -0.032673 -0.227472
-0.158977 -0.141125 -0.439613 0.064732 -0.026537 -0.284888 0.034942 -0.117255 0.288129 -0.175787 0.084580 0.205653 -0.089683 -0.055634 -0.110363 -0.270181 -0.044511 0.098760 -0.268347 0.049512 -0.042462 -0.219398 -0.099261 -0.000020
-0.048295 0.116191 -0.212435 0.308666 0.018545 -0.235548 0.207168 -0.082583 0.125487 0.065107 0.068639 0.343107 -0.084305 -0.346448 0.188991 -0.087686 0.260503 -0.091810 0.050244 -0.070532 -0.236887 -0.127555 -0.044110 0.036085
-0.108322 -0.008314 -0.197159 0.194224 0.047808 0.068260 0.126191 -0.181252 0.278633 0.089099 0.072733 0.088922 -0.186853 -0.271911 0.199365 0.053474 0.193278 -0.072073 -0.011878 -0.079329 -0.084541 -0.001893 0.166957 -0.204701
0.373841 -0.136830 -0.182684 0.160091 -0.157996 0.023134 0.354065 -0.282911 0.263148 0.082753 -0.077621 0.008170 -0.007873 -0.269165 0.420260 0.132098 -0.000983 -0.237900 0.059751 -0.062699 0.036041 -0.194506 0.387870 0.093431
0.137087 -0.162585 -0.036063 0.065342 -0.305685 -0.178844 0.382041 -0.157508 0.178159 -0.218738 -0.208562 0.120059 0.033860 -0.369598 0.327603 0.016883 0.052289 -0.248848 0.015504 0.103310 0.026290 0.004871 0.166915 0.046431
0.206172 -0.151284 0.045958 -0.022731 -0.130418 -0.328533 0.012667 -0.103283 -0.039140 0.006370 -0.112414 0.177299 -0.105401 -0.253158 0.207736 0.105547 0.015617 -0.292461 -0.124339 0.120674 -0.004846 -0.264466 0.228433 0.045271
-0.025057 -0.239632 -0.030872 0.122518 0.198915 -0.320938 -0.192714 -0.001415 -0.060389 -0.010417 -0.064106 0.180234 0.020511 -0.430396 0.242055 0.028396 -0.001833 0.037271 -0.069446 0.013152 -0.288852 -0.108114 -0.052070 0.051346
0.020523 -0.142297 0.050717 0.051586 -0.020267 -0.274645 -0.080383 -0.220148 -0.117765 0.074136 0.068524 0.201487 0.090265 -0.356524 0.575361 -0.072984 0.045619 0.118876 -0.318909 -0.063590 -0.283445 -0.204303 0.017351 0.064274
0.085421 -0.004432 0.209287 -0.027879 0.205745 -0.170848 -0.002019 -0.258630 -0.218416 0.078277 -0.105007 0.074935 -0.276509 -0.409393 0.507998 0.061936 -0.015169 -0.025809 -0.380425 0.010949 -0.191016 0.084351 0.051624 0.088276
-0.068722 -0.220423 0.148903 0.013519 -0.096861 0.071079 0.141300 -0.195608 -0.179038 0.119541 0.008696 0.137134 -0.151581 -0.145792 0.570589 0.171506 -0.271694 0.070319 -0.138151 0.037450 -0.204385 -0.076897 0.138133 -0.019424
0.050067 -0.251166 0.036293 0.111730 -0.185914 0.169285 0.233292 -0.165108 -0.108659 0.022939 0.054423 0.055401 -0.234000 -0.137330 0.494153 -0.006294 -0.106358 0.088730 -0.108301 -0.230915 -0.125216 -0.142746 0.146655 0.092898
-0.111902 -0.202618 -0.020953 -0.132956 -0.270920 0.099059 0.215184 -0.078186 -0.266763 -0.170525 -0.021035 0.123265 -0.342825 -0.088805 0.255441 0.346667 0.081511 -0.081735 -0.045510 -0.181698 -0.111191 -0.128630 0.008168 0.052330
-0.088963 -0.075752 -0.057334 -0.110331 -0.018697 0.084023 0.054457 0.074412 0.046913 -0.235126 -0.094077 0.183988 0.129473 0.073548 0.248818 0.020337 -0.039394 0.061683 0.012943 -0.152749 -0.165276 0.007647 0.023333 0.012338
-0.241531 -0.074251 -0.063294 -0.005694 0.210765 -0.043979 0.075706 0.129130 0.072585 -0.336119 0.110016 0.165137 -0.085174 -0.076855 0.206935 0.075620 -0.157058 -0.254865 -0.144093 -0.109471 -0.131737 0.031156 -0.099770 -0.179861
-0.262119 -0.006476 -0.093494 0.099230 0.196291 -0.096156 -0.027870 0.195077 0.140382 -0.241262 0.000473 0.027920 -0.011494 -0.264950 0.019741 0.031146 -0.137897 -0.285403 -0.031662 -0.230430 0.024499 0.183906 0.238617 -0.302239
-0.097974 0.022497 -0.084688 0.227933 0.100275 0.021501 -0.067023 0.044588 0.079713 -0.143739 0.108185 0.150372 0.272059 -0.273510 0.003554 0.001506 0.061196 -0.233689 0.008444 -0.239442 -0.056480 -0.091815 0.290880 -0.044357
-0.072941 0.028617 0.001829 0.141226 -0.070236 -0.353883 -0.165298 0.138883 -0.025678 -0.110042 0.012390 0.323416 0.358811 -0.117247 -0.313874 -0.155494 0.172363 -0.187090 -0.131933 -0.137796 0.117361 -0.371798 0.058245 -0.010113
-0.063974 0.045370 0.060615 -0.039423 -0.148322 -0.237406 0.026779 -0.134313 -0.024141 0.035917 -0.024150 0.071710 0.452318 -0.067501 -0.323871 -0.065028 0.031708 -0.157479 -0.175338 0.119667 -0.304167 -0.286411 -0.214666 -0.132287
0.262565 0.196482 -0.108591 0.053491 0.290780 -0.139618 0.133711 0.021583 0.057558 -0.233602 0.209612 0.090226 0.190340 0.007466 -0.055792 0.020799 -0.073137 -0.594516 0.118852 -0.211103 -0.020531 -0.111527 -0.426180 -0.095330
0.367697 0.514144 0.214525 0.034485 0.440295 0.003402 0.445387 -0.323927 0.140401 -0.157589 0.080133 -0.060470 0.140125 -0.001545 -0.199292 -0.168895 -0.160550 -0.558392 0.406931 -0.666527 -0.420516 -0.060294 -0.463041 -0.179864
-0.402929 -0.454781 -0.088807 -0.150717 0.213936 -0.279631 0.023291 0.180419 -0.010338 -0.282046 -0.104915 0.403339 0.346093 -0.174279 0.420301 0.245505 -0.093953 -0.377826 0.252693 -0.299915 -0.021209 -0.630914 -0.688523 -0.502901
-0.433529 -0.495192 -0.195067 -0.045161 0.060026 -0.329863 0.140376 -0.079933 0.175264 -0.416943 -0.344524 0.212068 0.271356 -0.173606 0.164114 -0.043026 0.052216 0.173828 0.025957 0.040063 0.024630 -0.475470 -0.501979 -0.258778
-0.218539 -0.352348 -0.317171 0.036423 0.127466 -0.362423 0.128543 -0.273190 0.199071 -0.346750 -0.269034 0.089508 -0.124619 -0.241748 -0.063905 -0.176761 -0.028039 0.150809 -0.102520 0.089183 -0.088744 -0.235561 -0.310222 -0.183976
-0.127022 -0.418866 -0.386522 0.143415 -0.086035 -0.350381 0.142319 -0.300891 0.288594 -0.131118 -0.095375 -0.030758 0.096507 -0.150951 -0.318449 -0.188012 -0.036626 0.441419 -0.164974 0.048499 -0.245830 -0.055831 -0.141129 -0.023797
-0.111755 -0.131809 -0.434456 0.130556 -0.260964 -0.383565 0.269390 -0.230610 0.108377 -0.053831 -0.168932 0.011653 0.154221 -0.234069 -0.124862 -0.048738 -0.114917 0.421794 -0.369872 -0.037275 -0.138613 0.011884 -0.214487 -0.077416
-0.327833 -0.015606 -0.127035 0.191794 0.006345 -0.095036 0.085521 -0.090660 0.186006 0.036573 -0.011790 0.266593 -0.051393 -0.268406 -0.296856 -0.033188 0.094794 0.121904 -0.154618 0.000222 -0.275704 -0.048912 -0.012062 -0.205138
-0.365481 0.100606 -0.111007 0.223131 -0.116640 -0.118111 0.123719 -0.170474 0.293932 0.120238 -0.104190 0.235591 0.008695 -0.141114 -0.054733 0.037333 0.079049 0.159682 -0.085165 -0.035749 -0.296780 -0.028619 0.116751 0.032665
-0.333158 0.203885 0.123885 0.278602 0.107917 0.061506 0.119127 0.127511 0.382919 0.191576 -0.226375 0.140696 -0.164735 -0.393489 0.182159 0.147758 0.020985 -0.138351 0.089161 0.020462 -0.035625 0.214182 0.145499 0.022977
-0.515210 -0.035534 -0.047044 0.079636 -0.241926 -0.190471 0.039449 -0.148178 0.098681 0.036128 -0.263035 -0.023945 -0.026392 0.044914 -0.033131 -0.009804 0.008626 -0.136726 0.005869 0.078756 -0.141295 -0.109549 0.029452 0.041462
-0.579863 0.050115 0.036416 -0.077485 0.099818 -0.142470 -0.187976 -0.111670 0.089613 0.142313 -0.166429 -0.000363 0.062009 -0.024523 0.195254 0.061325 -0.005223 -0.180474 -0.111655 0.017568 -0.191465 -0.239512 -0.114285 -0.089895
-0.540943 -0.078105 0.071281 -0.018660 0.110053 -0.214498 -0.121016 0.006173 0.030803 0.119286 -0.090562 0.052213 0.144993 0.065655 0.075827 0.233360 -0.075669 -0.127043 -0.136391 -0.041611 -0.263812 -0.109837 -0.361425 -0.105944
-0.314339 0.173139 0.085126 -0.108204 0.111744 -0.242491 0.033988 -0.276443 0.088704 0.038534 -0.278169 0.125917 0.173149 0.047186 0.208583 -0.030330 -0.178973 -0.070305 -0.222588 0.051879 -0.374735 -0.039496 -0.187346 -0.027638
-0.287374 0.123111 0.096168 -0.031121 0.210286 -0.217477 0.070138 -0.042029 0.016712 0.019676 -0.281299 0.045278 0.190891 0.091379 0.328246 0.285864 -0.115974 0.042013 -0.051330 -0.025821 -0.022354 0.027177 -0.050511 -0.036303
-0.190116 0.068710 0.060119 0.009676 0.114487 -0.165892 0.013253 -0.022557 -0.106508 0.037006 -0.391361 -0.066484 0.176109 -0.088133 0.215471 0.187953 -0.202116 0.056841 -0.093383 0.088719 -0.137111 -0.181619 0.177380 0.030282
-0.038991 0.003296 0.169335 -0.042005 -0.067115 -0.040796 0.273959 0.080741 -0.010843 -0.053710 0.032205 -0.180149 0.011953 -0.042214 0.218748 0.350520 -0.138082 0.110820 -0.022685 -0.198041 -0.161466 -0.292796 0.164167 -0.033066
-0.068143 -0.170157 -0.085455 -0.090275 -0.027232 -0.008573 0.110960 -0.218800 -0.029125 -0.360696 -0.042261 -0.067914 0.225328 0.169266 0.209068 0.386082 -0.143332 -0.115934 -0.119273 -0.133726 -0.200086 -0.324811 0.162986 -0.080759
-0.094016 -0.308075 -0.128963 -0.114494 0.022148 -0.356700 0.033756 0.010092 0.109942 -0.380158 -0.093715 -0.015790 0.194012 -0.058512 -0.052329 0.098438 -0.129810 -0.171577 -0.312413 -0.281125 0.046795 -0.134172 0.043326 -0.141000
-0.252091 -0.262265 0.040325 -0.196425 0.017410 -0.265499 -0.038611 0.174316 0.171983 -0.278229 0.017900 0.124648 0.037574 0.174899 -0.016055 -0.067468 -0.275173 -0.254312 0.041177 -0.129174 -0.011662 0.040120 0.010833 -0.256714
-0.272288 -0.147417 -0.210053 0.209709 0.101233 -0.222030 0.000572 0.193156 0.206786 -0.115489 -0.259809 0.161827 0.134970 0.197391 -0.014781 -0.350991 0.157423 -0.255700 0.044205 -0.288871 -0.025614 0.082334 0.274223 -0.397573
0.083814 -0.243937 -0.077799 0.054456 -0.086876 -0.395724 -0.068013 -0.104345 0.028745 -0.057039 -0.085814 0.205386 0.157949 0.139687 0.065578 -0.202214 0.216539 -0.207102 -0.023674 -0.107893 0.099859 -0.322817 -0.054106 -0.163017
0.117909 -0.167934 0.039869 0.008461 -0.148468 -0.392656 -0.212248 -0.243785 0.041988 -0.217672 -0.070136 0.076106 0.460149 0.199991 -0.101276 -0.402133 0.018491 -0.211767 -0.138540 0.055774 0.010290 -0.452986 -0.044923 -0.190690
0.184829 -0.159463 0.174821 -0.142693 -0.066061 -0.611047 -0.446693 -0.161764 -0.188300 -0.173190 0.144624 0.209245 0.363060 0.514434 0.114201 -0.211122 -0.029812 -0.089757 -0.034174 0.102717 -0.042041 -0.224090 -0.200920 -0.055998
0.214139 0.161195 -0.033168 -0.081112 0.056681 -0.698414 -0.109068 -0.193524 -0.001555 -0.252106 -0.082767 0.127622 0.540361 0.320838 0.487151 -0.063926 -0.024512 -0.536305 0.264487 -0.172897 0.007082 0.113156 -0.542051 -0.191105
-0.030790 0.395448 0.262811 -0.240032 0.311076 -0.380803 -0.132562 -0.306694 -0.198767 -0.257783 -0.466782 0.013957 0.372153 0.275895 0.350749 -0.240218 -0.118647 -0.055863 0.339733 -0.132677 -0.245627 0.629608 -0.387992 -0.048547
-0.293889 -0.202101 -0.260750 -0.174011 -0.231539 -0.030270 0.348418 0.167144 0.329959 -0.269100 -0.325943 0.350474 0.333490 -0.100582 0.600543 0.224677 0.189955 -0.087313 -0.081808 0.087312 0.038391 -0.793287 -0.703624 0.001134
-0.353083 -0.088148 -0.234592 -0.083478 -0.022809 -0.228585 0.311687 -0.074744 0.341558 -0.230743 -0.441316 0.206762 0.073022 -0.116655 0.314743 0.136820 0.146591 -0.011635 -0.171899 -0.108031 0.087445 -0.436153 -0.597034 -0.024951
-0.071741 0.013803 -0.303131 -0.124871 -0.188899 -0.223443 0.266216 -0.366451 0.337245 -0.094563 -0.183215 0.141738 0.079925 -0.011244 0.009273 0.009542 0.189115 0.122171 -0.340867 -0.237366 -0.012638 -0.187885 -0.421372 -0.045132
-0.226012 -0.010138 -0.229001 -0.021728 -0.156646 -0.152583 0.152433 -0.401253 0.021912 -0.064541 -0.290518 -0.020653 -0.075524 0.010907 -0.163958 -0.179091 0.072304 0.316161 -0.362497 -0.373123 0.017491 -0.058064 -0.455096 0.096647
-0.118159 0.210231 -0.157561 0.095997 -0.036709 -0.188902 0.121104 -0.120399 0.226106 0.243138 -0.173299 0.228409 -0.028796 -0.107217 -0.402455 0.030324 0.189787 -0.092561 -0.309405 -0.494390 -0.085545 -0.021502 -0.381180 -0.116182
-0.229252 0.207123 -0.246522 0.260713 -0.050057 0.080459 -0.134691 -0.034044 0.296383 0.017822 0.100646 0.213987 0.022814 0.170347 -0.399993 0.008499 0.218770 0.071290 -0.428590 -0.190726 -0.030893 -0.049352 0.036175 -0.029408
-0.276987 0.339046 -0.026346 0.139692 0.051729 -0.095574 0.292045 0.016759 0.323429 0.012267 -0.089857 0.251620 0.072941 0.174227 -0.018855 -0.012925 0.050707 -0.053930 -0.188099 -0.203789 0.038332 0.056895 -0.001406 -0.081412
-0.500522 0.310616 0.006020 -0.005592 0.308599 0.137444 0.015792 0.159404 0.291793 -0.140712 -0.074922 0.300026 0.019197 0.049987 -0.060854 -0.037199 0.156792 -0.074019 0.124479 -0.048827 -0.092806 0.179148 -0.155147 0.044434
-0.515194 -0.084889 0.082805 -0.066759 -0.126315 0.042731 0.135515 -0.090576 0.173728 -0.161992 -0.048275 0.077370 0.324052 -0.030808 0.067700 -0.073894 -0.057001 -0.153395 -0.236577 -0.220909 -0.123946 -0.018269 -0.246169 0.112767
-0.594965 0.022611 0.163129 -0.071517 0.098753 -0.000873 -0.126864 -0.071352 0.019354 -0.059067 -0.070075 -0.031002 0.246796 -0.138245 0.085215 -0.151964 0.177802 -0.030467 0.006233 -0.166401 -0.168804 -0.023429 -0.487315 -0.023187
-0.528840 -0.040253 0.164473 -0.130572 0.006623 -0.129295 -0.218854 -0.360934 -0.116889 -0.163018 -0.018078 0.157285 0.003709 0.104172 -0.018366 -0.069774 -0.052482 -0.046682 -0.265798 -0.078639 -0.045580 0.005101 -0.286963 0.037665
-0.370720 -0.103768 -0.046026 0.047514 0.295018 -0.170344 -0.256249 -0.224044 0.120969 -0.091029 -0.182012 0.362081 0.222137 0.059729 -0.020373 -0.108442 -0.155285 0.021404 -0.032950 -0.027656 0.031428 -0.082880 -0.275208 0.024096
-0.320480 0.025139 0.025904 0.138260 0.319882 -0.024750 -0.109904 0.070052 -0.075538 -0.083820 -0.216514 0.202893 0.181321 0.086905 -0.210233 0.218513 -0.329834 0.046724 0.056847 0.027014 0.040129 -0.032824 -0.016678 0.005849
-0.121151 0.157908 0.012438 0.055233 0.106995 -0.163203 0.005757 0.029602 -0.095038 -0.102272 -0.028251 0.161546 0.273332 -0.022939 -0.266831 0.044224 -0.253281 0.175054 0.044463 -0.125664 -0.118267 -0.101874 -0.028712 0.045614
0.069325 -0.065600 0.044693 -0.125178 -0.056242 -0.092959 -0.134328 -0.018059 -0.030276 -0.121901 0.101631 0.130159 0.066608 0.175797 -0.494843 0.121781 -0.210724 -0.121571 0.064158 -0.353855 -0.073172 -0.311076 0.069827 -0.056042
0.068842 -0.222662 0.184878 -0.045013 -0.019451 -0.112546 -0.214087 -0.410504 0.070698 -0.329203 0.105923 -0.099792 0.374000 0.050920 -0.221062 -0.173309 -0.108310 0.019523 0.080523 -0.219408 -0.094013 -0.316388 -0.068647 -0.008067
-0.066255 -0.248876 0.069916 -0.258378 -0.057806 -0.180169 -0.124926 -0.366166 0.072323 -0.306946 -0.109589 0.000718 0.105824 -0.033744 -0.393493 -0.036084 -0.136073 -0.060592 -0.025492 -0.149350 0.037665 -0.086118 -0.090481 -0.051533
-0.080653 -0.225557 -0.134491 -0.134737 0.026217 0.020361 -0.094317 -0.368489 0.209095 -0.005485 -0.194575 0.067848 0.199825 0.071315 -0.292627 -0.059145 -0.162686 -0.098140 0.030079 -0.229169 0.222512 -0.057181 -0.041841 -0.335556
-0.067022 -0.203795 -0.028345 0.200415 0.131960 -0.163327 0.183645 -0.228665 0.209182 0.098990 -0.477652 0.116664 0.192630 0.039812 -0.352786 -0.050919 0.134708 -0.147773 0.081776 -0.078858 0.027621 0.027157 -0.028394 -0.474447
-0.112480 -0.100973 -0.024119 0.097135 0.217285 -0.208063 0.036653 -0.240948 0.357114 -0.042380 -0.137296 -0.050837 0.080198 0.155362 -0.133712 0.192071 -0.041419 -0.190118 -0.048441 0.043216 -0.101421 -0.256501 -0.083757 -0.312103
0.090758 -0.041473 -0.098766 -0.002903 0.203084 -0.178662 -0.083293 -0.081021 0.094868 -0.247318 0.120502 -0.039550 0.339147 0.308097 0.052343 -0.041790 -0.127511 -0.139679 -0.014221 0.039433 0.063687 -0.564158 -0.295144 -0.132504
0.219723 -0.197305 0.009595 -0.249467 0.182563 -0.354631 -0.264683 -0.087957 0.119656 -0.373402 0.291902 0.374329 0.208026 0.435526 0.196112 -0.168803 -0.131857 -0.096065 0.009158 0.015734 -0.230493 -0.383504 -0.083202 -0.048709
0.034952 0.006828 -0.085702 -0.049733 -0.259219 -0.668124 -0.125047 -0.036520 0.059641 -0.212011 -0.052408 0.267632 0.140975 0.176975 0.434704 -0.263584 0.004886 -0.186662 -0.168589 0.068613 -0.055830 0.067404 -0.009850 -0.054458
-0.039487 -0.035735 0.213447 -0.053238 -0.050920 -0.476629 0.080517 -0.156437 0.032325 0.142482 -0.014150 0.164725 -0.029029 -0.161236 0.339042 -0.575960 -0.141859 0.159386 -0.046064 -0.129636 -0.154455 0.582254 0.065024 0.026978
0.035071 0.038065 -0.031477 0.175000 -0.324606 -0.049234 -0.119847 -0.046017 0.188470 -0.154071 -0.436100 0.330329 0.037591 -0.007147 0.372609 -0.211815 0.510978 0.200988 -0.265677 0.113034 -0.276587 -0.587975 -0.205312 -0.090570
0.167745 -0.015566 -0.138939 -0.082295 -0.053102 -0.088347 -0.056497 -0.137105 0.326620 -0.043815 -0.284657 0.380595 -0.099447 0.071578 0.138414 -0.421777 0.238989 0.017048 -0.384302 0.039971 -0.310784 -0.414677 -0.327499 -0.275840
0.164358 0.162155 -0.108746 0.048134 -0.087556 0.121271 -0.108364 -0.365024 0.323131 -0.032041 -0.109266 0.161988 -0.153201 0.240248 0.079169 -0.428762 0.157193 -0.154958 -0.251587 -0.354499 -0.326395 -0.237462 -0.100887 -0.030612
-0.108027 0.320031 -0.112265 0.168466 -0.041516 -0.070977 -0.156865 -0.290030 0.178838 0.082699 -0.157407 0.164137 -0.310055 -0.041337 -0.116846 -0.182839 0.111980 -0.180582 -0.446806 -0.462304 -0.102165 -0.154156 -0.216311 -0.196387
0.007879 0.161350 -0.237109 0.141097 -0.059603 -0.024201 -0.052539 -0.144390 0.209457 -0.067801 -0.256143 0.169929 -0.275363 0.140107 -0.394640 -0.157972 0.063760 -0.231566 -0.324122 -0.451381 -0.171310 -0.207412 -0.128314 -0.114025
-0.035931 0.250953 -0.189741 0.018088 -0.156199 -0.096377 0.062553 -0.205640 0.209012 -0.096997 -0.064099 0.008901 -0.135612 0.124782 -0.325062 0.019152 0.204229 -0.164514 -0.312480 -0.346552 -0.108922 0.032933 -0.040559 0.136649
0.228106 0.189965 -0.272473 -0.085118 0.013595 0.110972 0.145303 -0.100937 0.157351 -0.059591 -0.161481 0.207567 -0.119882 0.047874 -0.392651 0.075603 0.041586 -0.325209 -0.061155 -0.150886 -0.063479 -0.007540 0.024244 -0.018312
-0.076888 -0.102177 -0.054957 -0.212500 -0.049158 0.227720 0.171602 -0.090557 0.031898 -0.272215 -0.158920 0.078207 0.222575 0.165366 -0.254720 0.242626 0.093080 -0.117241 -0.278513 0.017005 -0.201317 0.007578 0.028800 0.071257
-0.048631 -0.105156 0.067429 -0.185364 -0.192689 0.140830 -0.090825 -0.071984 0.073468 -0.075954 -0.032635 0.033966 0.212788 -0.170882 0.122801 0.180289 -0.046957 -0.079751 -0.152460 -0.136442 -0.263316 0.092567 -0.380953 -0.069648
-0.102849 0.029191 0.173474 -0.100294 -0.144017 0.028099 -0.393505 -0.050371 0.046085 -0.013856 0.019703 -0.090369 0.106266 -0.021927 -0.205949 0.079618 -0.019355 0.010726 -0.355110 -0.022001 -0.246496 0.118666 -0.114642 -0.207827
0.112194 -0.064287 -0.032541 -0.183382 -0.048691 0.142571 -0.509968 -0.324846 0.244206 -0.091797 -0.141212 0.136896 0.164754 -0.004015 -0.157641 0.005411 -0.085605 -0.023398 -0.288393 -0.065535 -0.116024 -0.042085 -0.147049 -0.036518
-0.058541 -0.080063 -0.076870 0.164751 0.274767 -0.015050 -0.341406 -0.117977 0.165548 -0.086324 -0.182307 0.114950 -0.015076 -0.102874 -0.315850 0.273428 -0.061338 -0.161144 -0.130764 -0.072896 -0.022881 0.272255 -0.106938 -0.038382
-0.116272 -0.058800 -0.173144 -0.007407 -0.078532 0.167458 -0.292641 -0.073130 -0.065178 -0.099383 -0.031723 0.295819 -0.094458 0.028654 -0.417603 0.162580 -0.039248 -0.177482 -0.034273 0.121082 -0.057209 0.271916 -0.107442 0.025616
-0.076299 0.029358 -0.104760 -0.014017 -0.055344 0.178503 -0.084339 -0.258841 0.052749 -0.124080 -0.125099 0.000997 -0.092155 0.012755 -0.352183 0.035137 -0.115019 -0.167252 0.039013 -0.081311 -0.058091 0.147674 -0.024607 0.115293
0.041292 -0.029102 -0.204489 0.079939 -0.290590 0.030009 -0.002344 -0.291576 -0.063136 -0.292796 -0.052295 -0.015440 -0.297844 0.025621 -0.356143 -0.203164 -0.006577 -0.009230 -0.010532 -0.038117 -0.160729 0.100600 -0.089413 0.156631
-0.087568 -0.046827 -0.023865 0.038782 -0.185993 -0.128415 0.042893 -0.285106 -0.004526 -0.365173 -0.101471 -0.131744 -0.127913 -0.114693 -0.075005 -0.258182 -0.053961 0.051226 -0.008395 -0.076780 -0.171409 0.155424 -0.252729 0.019407
0.060728 -0.124468 -0.112321 -0.004806 -0.010997 -0.006445 -0.074411 -0.210437 -0.001171 -0.132267 -0.215729 0.224234 -0.112266 0.106661 -0.324208 -0.083726 -0.225763 0.069725 -0.092029 -0.192261 0.113092 -0.175785 -0.172639 -0.065314
-0.013102 -0.183120 -0.188591 -0.027690 -0.031409 -0.082397 0.007779 -0.052930 0.003048 0.171443 -0.286341 0.173908 0.087892 -0.000893 -0.334330 -0.049613 -0.005907 -0.023763 -0.031703 0.072217 0.166241 -0.197593 -0.150363 -0.120165
0.128711 -0.278933 -0.089736 0.032761 0.376153 -0.020526 0.027974 -0.076253 0.129695 0.225398 -0.246952 0.240502 -0.066431 -0.149366 -0.306235 0.065909 -0.100145 -0.216164 0.060328 -0.052829 0.067676 -0.363070 -0.221987 -0.321538
0.013402 -0.254816 -0.225276 0.210126 0.377696 0.025357 0.078757 -0.048512 0.307272 0.009311 0.029879 0.201461 -0.096347 -0.158593 -0.454100 0.075525 -0.171462 -0.213109 0.180175 -0.196846 0.022745 -0.579236 -0.234012 -0.238283
0.119360 -0.325607 -0.178276 -0.013587 0.448489 -0.143300 -0.009549 0.148220 0.069115 -0.139662 0.114994 0.168085 0.029961 0.024787 -0.062078 0.005964 -0.083031 0.070960 0.288467 -0.083638 -0.124235 -0.324004 -0.487577 -0.256979
-0.198044 -0.330216 -0.305185 0.127211 0.033270 -0.191902 -0.056851 0.169019 -0.024031 -0.231285 -0.015797 0.176158 0.150690 0.025738 0.000680 -0.106536 -0.058832 0.034809 0.114914 0.146799 -0.116648 0.000543 -0.249496 -0.131656
0.056361 -0.300701 -0.191687 0.035857 -0.440678 -0.320148 0.220019 0.020786 -0.047779 -0.157544 -0.206446 -0.011421 -0.012136 -0.078284 0.259340 -0.427226 0.120346 -0.056518 -0.269859 0.320569 -0.082639 0.385084 -0.028234 -0.173471
0.601912 -0.284303 0.188129 -0.349562 -0.457463 0.061871 0.327685 0.141240 0.158175 0.512019 0.324249 0.135355 -0.111782 0.223016 0.230559 -0.704909 -0.330155 -0.050601 -0.380855 -0.058508 -0.533182 0.387999 0.172923 -0.628944
0.239804 0.023490 -0.093754 0.217294 -0.051220 -0.125155 -0.106831 -0.187497 0.213294 -0.101584 -0.224193 -0.039489 -0.401307 -0.508140 0.131319 -0.200056 0.509538 0.616654 0.116036 -0.003939 -0.365351 -0.023754 0.204852 -0.044980
0.320724 0.005104 0.001533 0.217716 0.015654 0.019930 -0.337339 -0.175804 0.205108 -0.069139 -0.230509 -0.009072 -0.402007 -0.208510 -0.217608 -0.390305 0.206832 0.353085 -0.056500 0.059192 -0.443407 0.024665 0.037345 0.042280
0.127934 -0.078891 -0.121092 0.121746 0.148401 0.003337 -0.198897 -0.162583 0.222779 -0.069943 -0.047655 -0.011085 -0.414906 -0.130335 0.074110 -0.255596 0.110888 0.148588 -0.073907 -0.330512 -0.291853 -0.107012 -0.119975 0.087939
0.209331 -0.054041 -0.318458 0.150678 0.076426 -0.164022 -0.227020 -0.079303 0.382911 -0.036638 -0.031913 0.187543 -0.142575 -0.089080 -0.051945 -0.224938 0.007904 0.066254 -0.103221 -0.191519 -0.086010 -0.185434 -0.166032 -0.022512
0.029256 0.029243 -0.312169 0.115278 -0.047094 -0.165431 -0.277281 -0.249232 0.258267 -0.361882 -0.189596 -0.085936 -0.210692 0.088381 -0.090298 -0.130187 0.014212 0.046930 -0.117804 -0.058638 -0.145586 -0.199089 -0.022048 0.129733
0.076926 0.026015 -0.284075 0.015231 -0.031141 -0.175180 -0.186070 -0.368148 0.257467 -0.162188 -0.059766 -0.096119 -0.284067 0.035692 -0.328189 0.200071 0.134792 -0.125817 0.092210 -0.189257 -0.186211 0.025674 -0.077497 -0.052445
0.269511 -0.100868 -0.258641 -0.271401 -0.264731 -0.103547 -0.025064 -0.188338 0.156670 -0.151501 -0.127582 -0.130171 -0.353719 0.157615 -0.285778 0.251033 0.212527 -0.176960 0.238818 -0.001360 -0.054437 0.026425 0.223161 0.007910
0.193719 -0.050214 0.055998 -0.103990 -0.361111 -0.113370 0.087518 -0.224371 -0.097489 0.112599 -0.157185 0.003993 -0.264474 0.049816 -0.484733 0.223551 0.098262 0.066999 0.110137 -0.073382 -0.177813 0.219155 0.150158 0.099184
0.063528 0.020727 0.225552 -0.239512 -0.344374 -0.038599 -0.204956 0.003926 -0.042370 0.025627 -0.073218 -0.069053 -0.012040 0.030569 -0.393003 0.019464 -0.024871 0.218446 -0.124786 0.027882 -0.139853 -0.029808 0.101979 -0.089991
0.258187 0.000747 0.151031 -0.275409 -0.184135 0.094833 -0.487436 0.109422 -0.006432 -0.040417 -0.117499 -0.085509 -0.201610 0.135646 -0.413066 -0.031531 -0.216551 0.269477 -0.159089 0.002165 0.025350 0.058864 -0.010244 -0.033386
0.271454 0.150602 -0.048922 -0.158046 0.068381 0.050088 -0.577928 0.196163 0.024345 -0.029857 -0.045637 -0.043200 0.120530 0.114187 -0.387830 -0.048331 -0.183171 0.014301 -0.181606 -0.193930 0.003147 0.097419 0.086029 -0.159167
0.074043 0.183398 -0.085353 0.054872 0.080885 0.016889 -0.280592 0.140308 0.056719 -0.032894 -0.195474 -0.102323 0.025260 -0.039117 -0.363226 0.184102 -0.135858 0.001610 -0.134922 -0.109086 -0.072668 0.094301 -0.114017 0.088784
0.127356 0.089264 -0.084793 -0.246874 0.023028 0.108650 -0.231737 -0.034877 -0.029393 -0.139362 -0.121679 0.015586 0.049814 0.207065 -0.304676 0.206158 -0.103376 -0.003271 0.005655 -0.103799 -0.226790 0.287292 0.033064 0.043723
0.124600 0.085752 -0.182781 -0.035498 0.050833 -0.061970 0.047990 -0.263340 0.094012 -0.172351 -0.159659 -0.084718 -0.193459 0.001291 -0.274378 -0.160845 -0.163874 -0.055903 0.105930 -0.036445 -0.250852 0.246217 -0.042730 0.121710
0.088141 0.158372 -0.112306 0.115204 -0.149948 0.005127 -0.098086 -0.175632 0.084499 -0.242866 0.099547 -0.200301 -0.067956 0.126944 -0.188767 -0.301981 -0.188570 0.092019 -0.019537 0.230707 -0.051314 0.040732 -0.143923 -0.032963
0.073499 0.165045 0.046940 0.133292 -0.093508 -0.034620 0.048767 -0.038340 0.181491 -0.065011 -0.079166 -0.037097 -0.312133 0.073696 -0.174015 -0.217515 -0.039206 0.164705 -0.121714 0.077119 0.003076 0.098092 -0.165388 0.022267
0.312167 0.068759 0.070228 -0.000732 0.097204 -0.148289 -0.058451 -0.066710 0.085499 -0.057484 -0.278565 0.145591 -0.192761 0.093086 -0.386127 0.012553 -0.187886 0.147082 -0.322725 0.117981 -0.066861 -0.136762 0.013201 -0.022771
0.057767 0.045323 0.245697 -0.050192 0.055187 -0.311874 -0.065926 -0.171945 0.021004 -0.038077 -0.156326 0.163807 -0.145660 0.053732 -0.310734 0.118104 0.009113 0.074199 -0.356847 0.130377 0.097945 -0.030852 0.027399 0.052465
0.233204 -0.174686 0.030220 -0.031890 -0.002574 -0.203155 -0.071369 -0.137470 0.125107 -0.068620 0.002773 0.146120 0.041602 0.002849 -0.351462 0.162586 -0.143741 -0.148056 -0.205016 -0.142907 0.119694 -0.284019 0.059930 0.118258
0.003521 -0.259197 -0.300635 0.048882 0.151414 -0.161692 -0.064340 -0.108587 0.114701 -0.116081 0.101695 0.079072 -0.138258 -0.044580 -0.396641 -0.102310 -0.024600 -0.091211 0.039931 -0.001127 0.003836 -0.409783 -0.114390 0.066655
-0.244795 -0.246910 -0.154928 -0.034208 0.176486 -0.266565 -0.108545 0.105815 0.047256 -0.105939 0.132217 -0.084626 0.230852 0.041305 -0.002611 0.042816 0.256926 0.244711 0.007559 0.086133 -0.009544 -0.099362 0.023783 -0.232029
-0.121479 -0.262540 -0.242515 0.080734 0.000504 0.055347 -0.089723 0.394880 -0.085802 -0.124650 -0.123738 0.213965 0.276327 0.183984 0.005430 -0.013953 0.297127 -0.226227 0.008117 0.319892 0.106752 -0.039982 -0.092213 -0.275225
0.361753 -0.253377 0.234620 -0.258643 -0.116186 -0.084961 0.199795 0.253728 -0.144003 -0.308367 -0.411555 0.111471 0.457378 0.198545 0.026469 0.082585 0.205341 -0.113977 -0.234713 0.388731 -0.023546 0.297469 -0.020437 -0.304279
0.526868 0.065594 0.550460 -0.731187 0.227417 0.417121 -0.050516 0.260982 0.016237 -0.214766 -0.087559 0.142855 0.377062 0.679281 0.403527 0.153061 -0.097371 -0.333318 -0.289789 -0.063398 -0.162953 0.309546 -0.069469 -0.136135
-0.106964 0.048850 -0.049671 0.365689 0.197831 -0.124955 -0.095214 -0.469384 0.219696 -0.104311 0.024115 0.172572 -0.316345 -0.550419 -0.347884 0.146820 0.283803 0.180862 0.215339 -0.107532 -0.151172 0.196345 0.144204 0.162787
0.171265 0.047457 -0.052286 0.257169 0.285000 -0.088569 -0.075607 -0.456997 0.220727 -0.231747 -0.154569 0.130737 -0.044966 -0.349452 -0.109036 0.103155 0.176937 0.205639 -0.047138 -0.218868 -0.201416 0.166693 0.159329 0.120069
-0.084092 -0.083000 -0.316010 0.177381 0.116858 -0.039626 0.081235 -0.027866 0.279855 -0.210248 -0.038639 0.207096 0.100918 -0.128113 -0.147421 -0.302078 0.131144 0.268915 -0.054764 -0.176330 -0.163964 -0.096746 0.117438 0.059013
0.071374 -0.040087 0.041553 0.175553 -0.120356 -0.086138 0.003086 -0.151468 0.284555 -0.206414 -0.201963 0.161439 0.201361 0.092138 0.055818 -0.306278 0.212454 0.190443 -0.130154 -0.135743 -0.281269 -0.231815 -0.031329 0.129199
-0.158822 0.134363 -0.128332 0.089012 -0.073674 -0.013922 -0.060807 -0.249234 0.226568 -0.193807 -0.008312 0.048464 -0.065865 0.026145 0.109421 0.031773 0.130526 0.169788 0.029590 -0.119694 -0.257848 0.054191 0.171350 -0.025283
-0.083383 0.073018 -0.060205 0.045125 -0.170781 0.047196 0.011969 -0.321749 0.209298 -0.057718 -0.005478 0.029941 -0.194794 0.055462 0.143483 0.139905 0.331100 0.053887 -0.033084 -0.086136 -0.163196 0.081794 0.346145 0.127019
-0.033894 -0.116587 -0.249820 -0.180292 -0.231118 -0.003561 0.011895 -0.113870 -0.060024 0.030465 -0.058232 -0.188344 -0.589422 -0.054723 0.012739 0.134011 -0.024984 -0.065178 -0.030866 0.075031 -0.159373 0.101036 0.361174 0.072933
0.065496 0.079345 0.082020 -0.160923 -0.121789 -0.210454 0.028440 -0.124380 -0.079739 0.074220 -0.031832 0.096884 -0.528362 0.071933 -0.079408 0.171146 -0.049109 -0.128962 -0.028705 -0.047877 -0.063020 0.110873 0.173505 -0.045191
0.072810 -0.263648 0.005698 -0.235909 -0.129099 -0.265002 0.072662 -0.045712 -0.157352 -0.064228 0.054548 -0.112150 -0.365672 0.180552 -0.158504 0.288378 -0.117474 0.121594 -0.109644 -0.114890 0.048742 0.044164 0.186108 -0.048927
-0.030926 -0.293467 0.154093 -0.144848 0.078766 -0.409146 -0.346771 -0.116709 -0.088928 -0.258971 -0.024540 -0.084024 -0.171213 0.006694 -0.268468 0.316559 -0.107746 0.179597 -0.093301 -0.172871 0.082682 0.031965 0.078458 -0.131383
0.090747 -0.267724 0.099449 -0.127969 0.120682 -0.257817 -0.390668 -0.028426 -0.017842 -0.146713 0.005661 -0.079284 0.004687 0.008125 0.003652 0.048549 -0.126277 -0.097716 -0.210894 -0.266507 0.157109 -0.061929 -0.031199 0.064511
0.069442 -0.195946 0.101764 -0.216977 0.013707 -0.127971 -0.430290 0.090342 -0.133638 -0.257403 -0.043087 -0.004697 -0.025562 -0.105731 -0.240361 0.068334 -0.085645 -0.008493 -0.178318 -0.301332 0.047027 -0.013368 0.025611 0.096481
0.072687 -0.044288 0.145764 -0.042044 -0.099439 -0.209306 -0.166121 -0.046868 0.077806 -0.125930 -0.246665 0.116269 -0.083960 0.048001 -0.122591 -0.078776 -0.052112 -0.028725 0.030924 -0.169366 -0.001400 0.104073 0.087891 0.105635
0.177557 -0.150538 -0.065657 0.084377 -0.162842 -0.132403 0.036427 -0.036930 0.112076 -0.192800 -0.021922 -0.029648 -0.159605 0.118831 0.075712 -0.170246 0.100657 0.089060 -0.005564 -0.066312 -0.122503 0.126526 -0.020125 -0.018837
0.175735 -0.036910 0.186024 0.149783 0.020625 -0.184967 -0.116068 -0.241453 0.136922 -0.059102 -0.022826 0.105606 -0.273116 0.091998 -0.062693 -0.181399 -0.119498 0.129874 0.032344 0.015969 -0.069703 0.131814 -0.134384 0.077704
0.010842 0.007366 0.099873 -0.048136 0.030646 -0.141991 -0.019946 -0.154854 0.114392 -0.127477 -0.097569 0.189182 -0.175250 0.130049 -0.209559 -0.000082 -0.055901 -0.000342 -0.101499 -0.028012 0.010764 -0.146488 -0.064196 0.080378
0.118099 0.004232 0.085508 0.055884 -0.031125 -0.146012 -0.044076 -0.361182 0.110236 -0.095560 -0.291024 0.171586 -0.385226 0.018165 -0.327266 0.086450 -0.177804 -0.086375 -0.174716 0.069159 -0.140721 -0.218835 0.197125 0.110862
0.034954 0.095567 0.147330 0.137767 -0.008146 -0.044830 -0.043164 -0.431123 0.128680 -0.262630 -0.076917 0.041717 -0.393703 0.007696 -0.500683 0.149435 0.078248 -0.173188 0.056967 0.028647 0.013747 -0.091914 -0.063779 0.049700
0.208136 0.114978 -0.082597 0.118561 0.056786 -0.055266 0.003845 -0.390705 0.096592 -0.212318 0.173691 0.021615 -0.379600 -0.028503 -0.356878 0.182630 0.070118 -0.151130 0.060746 -0.105135 0.071023 -0.172348 -0.022994 0.150422
-0.137881 0.171648 -0.103875 0.063157 -0.076924 -0.184299 -0.122438 -0.355713 0.032538 -0.329797 0.027697 -0.050694 -0.095958 -0.011039 -0.374143 0.065338 0.276158 0.247542 0.038161 0.024700 0.005848 -0.217504 -0.050201 0.115078
-0.193018 0.089456 -0.337451 0.147932 0.136042 -0.125672 -0.114898 -0.176423 0.157085 -0.239278 -0.027155 0.070598 0.185532 0.178482 -0.157282 0.082569 0.185448 0.212254 0.155391 0.289965 -0.001305 -0.308974 -0.030152 -0.253299
-0.018404 0.028518 0.051808 0.002787 0.133577 0.121142 0.030351 -0.003952 -0.008494 -0.103435 -0.129604 0.304128 0.107911 0.361752 -0.073814 -0.112629 -0.141778 -0.242557 -0.118863 0.373648 -0.069256 -0.192638 -0.068320 -0.355922
0.078153 -0.000208 0.305757 0.066444 0.184972 -0.069530 0.224470 0.032284 0.123776 -0.252624 -0.156658 0.172495 0.421526 0.201626 0.121865 0.109763 0.102391 -0.379474 -0.164904 0.173419 -0.100973 -0.131376 0.016739 -0.116415
0.507709 -0.142039 0.639703 -0.131275 0.199955 0.266347 0.266554 0.186236 0.078753 -0.298065 0.187940 0.219154 0.046921 0.020850 0.371285 0.579695 0.432669 -0.586567 0.156027 -0.204179 0.110046 -0.060031 -0.187766 0.175039
-0.118902 0.300394 -0.110066 0.199463 0.038497 -0.327688 -0.190511 -0.441116 0.277208 -0.212353 -0.009135 0.253348 0.281451 -0.076802 -0.566921 0.393290 -0.201216 0.141654 -0.168014 0.021415 -0.069251 0.319173 0.273699 -0.158607
0.000328 0.047569 -0.069943 0.127537 0.065086 -0.257955 -0.218806 -0.063549 0.218592 -0.279180 0.121399 0.242764 0.630618 -0.001510 -0.321337 -0.042177 -0.112949 0.000408 -0.100307 -0.104125 0.091436 0.123084 0.018240 -0.143123
-0.070266 0.186479 0.021612 0.129498 -0.125030 -0.094781 -0.455116 -0.043003 0.042046 -0.125641 -0.131092 0.235546 0.448689 0.061796 -0.274306 -0.354629 0.095990 0.229261 -0.127151 -0.112455 -0.004283 -0.047123 -0.054177 -0.175044
-0.130301 -0.056967 0.093620 0.052764 -0.290706 0.083669 -0.404141 0.010217 0.150080 -0.085041 -0.060967 0.027436 0.203100 -0.076950 -0.062043 -0.364148 0.032527 0.176578 -0.097175 -0.128338 0.134834 -0.201948 -0.022939 -0.089536
-0.079774 0.015121 -0.038497 0.114804 -0.175115 0.161007 -0.226101 -0.047930 0.023820 -0.235952 0.153973 -0.076494 -0.194970 -0.159989 -0.028462 -0.202577 0.336960 0.105798 -0.182685 -0.211323 -0.006166 -0.205717 0.050049 0.101349
-0.024887 0.121064 -0.097873 -0.027913 -0.195670 0.088186 -0.195116 -0.118575 -0.059932 -0.093482 0.023018 -0.085924 -0.500609 -0.021115 0.009542 -0.124591 0.144281 0.003154 -0.399658 -0.215985 0.022027 -0.120695 0.285470 0.131769
-0.072998 0.094007 -0.176447 -0.103329 -0.307797 0.053190 -0.025501 -0.139863 0.092046 -0.077940 0.108977 0.193797 -0.577409 0.029807 -0.021362 0.021272 0.003055 -0.001967 -0.333250 -0.217666 -0.157370 0.043251 0.178410 0.105494
-0.025887 -0.185733 -0.151119 -0.159444 -0.061282 -0.080544 0.089431 0.058346 0.008452 -0.184683 -0.022804 0.138137 -0.335423 0.070553 0.042973 0.022472 -0.058164 -0.010673 -0.155796 -0.266333 -0.078959 0.145484 0.025826 0.032808
-0.055816 -0.176297 -0.073591 -0.296494 -0.027077 -0.204654 -0.015941 0.077436 -0.027660 -0.139472 0.065260 -0.007587 -0.303941 0.123891 -0.162700 0.133196 -0.025350 0.045853 -0.214404 -0.185996 -0.099392 0.131328 0.060242 0.017363
-0.180485 -0.213550 -0.028985 -0.277329 0.092854 -0.141039 -0.192624 -0.004046 0.128715 -0.193298 0.039708 0.040546 -0.191582 0.003891 -0.026471 0.237156 -0.103423 0.049939 -0.140061 -0.076370 -0.112623 0.022105 0.055075 -0.019563
-0.067882 -0.385177 -0.049010 -0.252427 -0.023442 -0.094853 -0.242505 -0.114001 0.115427 -0.044166 -0.121642 0.090361 -0.124004 -0.032102 -0.099190 0.160606 -0.138629 0.131271 -0.202086 -0.090426 0.064887 -0.002212 -0.001935 -0.085359
0.071928 -0.369409 -0.014319 -0.352443 -0.012944 -0.179001 -0.319339 -0.078750 0.022806 0.038513 -0.164641 0.122516 -0.270297 -0.044869 0.023831 0.107951 -0.005021 0.130977 -0.183810 0.072663 0.021549 -0.020716 -0.084089 0.035178
0.070062 -0.379717 -0.016741 0.071843 -0.142870 -0.063634 -0.395029 -0.083272 0.160584 -0.076644 -0.053846 0.099175 -0.084651 0.006284 0.125271 -0.199022 -0.030815 0.165467 -0.085170 -0.052494 -0.046543 0.120151 -0.098740 0.050071
0.091060 -0.285611 -0.038428 0.102842 -0.259845 0.149759 -0.300060 -0.043630 0.188134 -0.130062 0.000546 0.019866 -0.080321 0.140329 0.040884 -0.082322 0.059393 -0.009624 -0.065719 -0.033648 -0.028131 0.161100 0.026281 -0.051431
-0.076812 -0.400416 0.024815 0.059241 -0.184448 -0.105293 -0.193297 -0.199069 0.038845 -0.310654 -0.122559 0.117088 -0.180970 0.094899 -0.050724 0.216544 0.207098 0.036414 -0.088466 0.088253 -0.030275 0.245344 0.060631 0.173997
-0.076052 -0.321171 -0.052012 0.126506 -0.094730 0.119213 -0.032640 -0.080555 -0.031345 -0.072198 -0.053058 0.194842 -0.247838 0.027687 -0.178037 0.184150 0.175937 -0.253346 -0.211669 -0.005053 -0.138397 -0.011791 0.148495 0.159787
-0.140428 -0.488730 -0.129352 0.105121 -0.224790 -0.097639 0.162342 -0.028390 -0.072214 -0.097740 -0.169997 0.129921 -0.368057 0.001197 -0.033180 0.091893 -0.036477 -0.138581 0.015080 0.054399 -0.054905 0.008322 0.183501 0.119366
0.136175 -0.329229 -0.281772 0.186352 -0.307957 0.117419 0.162412 0.113775 -0.012187 -0.123240 -0.045725 0.046149 -0.218461 0.008381 -0.273158 0.163587 -0.063104 -0.250371 0.059183 0.087333 -0.057672 -0.233348 0.029637 -0.273690
0.127180 -0.287904 -0.269705 0.361033 -0.161862 -0.067254 0.195463 0.212838 0.142070 -0.239343 0.051195 -0.166985 -0.293656 -0.029526 -0.391737 0.180232 -0.134880 -0.091423 0.129407 0.071122 -0.082982 -0.290026 -0.193495 -0.136813
0.068763 -0.160310 -0.239509 0.366062 -0.030392 -0.092776 0.110410 -0.071434 0.004808 -0.295844 0.142786 -0.197919 -0.157328 -0.047298 -0.359359 0.122954 -0.034683 0.206020 0.020355 0.215086 0.203474 -0.100846 -0.279973 -0.168353
0.023581 -0.160576 -0.328291 0.145465 -0.065161 -0.153020 -0.063266 -0.086979 0.030646 -0.017601 -0.177116 0.097869 -0.373763 0.061910 -0.274452 -0.034859 -0.394272 0.271038 -0.012556 0.209777 0.226443 -0.094267 -0.064123 -0.058891
-0.014919 -0.000403 -0.251277 0.216917 -0.223366 -0.015592 0.090756 -0.163032 0.163898 0.141962 -0.112918 0.151163 -0.218425 -0.057914 -0.249327 -0.214587 -0.362508 -0.104872 -0.102520 0.108074 0.070729 -0.229604 0.068115 -0.042652
0.188181 -0.424675 -0.357920 0.151034 -0.223136 -0.038813 -0.039856 0.041882 0.228755 0.549055 0.107493 0.189884 -0.341127 -0.171939 -0.436463 -0.362382 0.063172 -0.260769 -0.000514 -0.062058 0.181038 -0.366259 -0.444596 -0.037497
0.508030 -0.261793 -0.194727 0.053164 -0.259534 -0.080475 0.040174 0.210045 -0.199664 0.542515 -0.045966 0.070917 -0.865230 -0.376518 -0.624556 -0.029312 0.050156 -0.028076 0.269553 -0.153378 0.480210 -0.406944 -0.384549 0.241496
-0.175141 -0.031157 -0.132192 0.347226 0.169850 -0.495429 -0.575016 -0.444770 0.026237 -0.125006 -0.213375 -0.276869 0.480022 -0.023656 -0.508929 0.195151 -0.200894 0.030038 -0.184245 0.381775 0.277218 0.589391 0.280057 -0.215105
0.046543 -0.021464 -0.107552 0.138592 -0.114943 -0.370836 -0.871019 -0.097650 -0.017530 0.009837 -0.245969 -0.168485 0.353730 -0.167898 -0.380798 -0.224120 -0.079722 0.043158 -0.004822 0.113434 0.246464 0.236168 -0.145539 -0.212368
0.217822 0.031278 0.065750 0.169906 -0.155837 -0.296993 -1.066904 0.073781 0.026963 0.155975 -0.215043 -0.125249 0.238152 -0.133945 -0.112806 -0.355717 -0.194163 -0.157695 -0.144156 -0.041048 0.153519 -0.214170 -0.347330 -0.322623
0.212119 0.000469 -0.071065 0.173287 -0.197609 -0.094422 -0.817570 -0.111303 0.220912 -0.045209 -0.067043 -0.099385 -0.016586 -0.029631 0.021446 -0.347202 -0.047508 -0.028365 -0.041195 -0.155898 0.038271 -0.311631 -0.261824 0.035716
0.303669 -0.115691 -0.066541 0.180368 -0.129510 -0.023585 -0.746269 -0.221588 0.142139 -0.228947 -0.104756 -0.303549 -0.316043 -0.096615 -0.017721 -0.193105 0.098022 -0.105488 -0.022574 -0.207686 0.045772 -0.255739 -0.070192 0.131762
0.233515 -0.395847 -0.368944 -0.042243 -0.266218 0.060896 -0.432450 -0.108217 0.145512 -0.301396 -0.037515 -0.144225 -0.436879 0.055475 -0.207789 -0.271253 -0.200215 -0.100989 -0.084676 -0.153242 -0.030439 -0.230111 -0.146867 0.206900
0.119371 -0.256098 0.001337 -0.094314 -0.122221 0.082650 -0.119803 -0.116471 -0.001791 -0.272273 -0.283774 -0.049628 -0.115065 0.076489 -0.286164 -0.144322 -0.096010 -0.002276 0.021814 -0.170681 -0.138035 0.073062 0.133748 0.270527
0.000613 -0.179188 0.007975 -0.207074 -0.142334 0.099497 -0.090311 0.178999 -0.123186 -0.261324 -0.199348 -0.194800 -0.054789 0.074133 -0.120123 -0.136030 -0.370079 0.032584 -0.005174 0.005510 -0.092671 0.158743 0.084990 0.110729
-0.117360 0.018044 0.063796 -0.157234 -0.076125 0.087959 -0.154535 0.184730 -0.235861 -0.046915 -0.151232 -0.111651 0.146357 0.041586 -0.135386 -0.088038 -0.272636 -0.105967 -0.025809 0.051298 -0.162487 0.291574 -0.055940 0.048688
-0.056468 -0.049315 0.081899 -0.288481 0.000119 0.264726 -0.171380 0.124291 -0.039818 -0.070440 -0.218859 -0.073913 -0.054234 -0.091515 -0.194268 -0.127357 -0.513388 -0.097400 -0.007989 0.062183 -0.057381 0.267417 0.186990 0.113514
0.068730 -0.338122 0.078558 -0.322914 -0.059841 0.161563 -0.185566 -0.002955 -0.120601 0.078893 -0.281090 0.075143 -0.151263 0.027617 -0.244323 0.006709 -0.648699 -0.026173 -0.179709 0.159466 -0.088471 0.209761 -0.013304 0.023567
0.110562 -0.230266 0.133578 -0.181382 -0.082647 -0.023289 -0.059937 -0.166241 -0.030033 -0.085408 -0.142036 0.118132 -0.213501 0.142133 -0.118791 -0.162026 -0.198309 0.027928 -0.125153 0.157605 -0.022616 0.256688 0.173654 -0.100638
0.059413 -0.159182 0.207581 -0.098246 -0.064406 0.084047 -0.169920 -0.040990 -0.109409 -0.233637 -0.022809 0.194945 -0.131153 0.109236 -0.178267 -0.049582 -0.262518 -0.020674 0.120066 0.122335 0.043405 0.297891 -0.097252 -0.144964
0.077378 -0.437840 0.209335 0.038792 0.080785 0.191179 -0.262914 -0.173434 -0.178336 -0.532341 0.012877 0.048789 0.006250 0.021097 -0.288731 0.170834 -0.065691 -0.029876 0.101854 0.109280 0.096062 0.327813 -0.111022 -0.129070
-0.179772 -0.498215 -0.016677 -0.039768 0.029811 -0.097970 -0.286088 -0.145131 -0.220411 -0.474384 -0.014797 0.065360 0.071362 0.006914 -0.142492 0.166551 -0.197802 -0.007895 -0.135140 0.124734 0.058075 0.144755 -0.064376 -0.065836
-0.134929 -0.445493 -0.009429 -0.049068 0.066435 -0.198653 -0.071181 -0.140038 -0.300360 -0.292285 -0.051451 0.021507 -0.050995 -0.159487 -0.275757 -0.022454 -0.179827 -0.272622 -0.177835 0.140928 -0.166085 -0.017339 0.151714 -0.079094
-0.082616 -0.720172 -0.306828 0.082394 0.028699 -0.337472 0.138359 0.122060 -0.171737 -0.319362 -0.098849 0.238371 0.116331 -0.014494 -0.287840 -0.096923 -0.175686 -0.222242 -0.158651 0.197352 -0.020959 -0.228729 -0.069187 -0.195163
0.066874 -0.887801 -0.516660 0.022635 -0.041555 -0.485119 0.109299 0.409136 -0.046215 -0.373226 -0.045795 0.126272 0.282218 0.368868 -0.405117 -0.004001 -0.096312 -0.112372 -0.039104 0.221006 -0.019141 -0.311875 -0.379216 -0.244357
-0.179157 -0.784216 -0.607708 0.206675 -0.329482 -0.532845 0.083391 0.231190 -0.171990 -0.530719 -0.227039 -0.083695 0.161992 0.082371 -0.506914 0.147650 -0.032609 0.379057 -0.162554 0.435701 0.205339 -0.303079 -0.299209 -0.122513
-0.064074 -0.614765 -0.497154 -0.074924 -0.048447 -0.463721 -0.120435 0.221811 -0.040831 -0.341480 -0.309089 0.279813 0.143854 0.031879 -0.400797 -0.121640 -0.429486 0.219570 -0.194405 0.046103 0.318915 -0.262888 -0.208111 -0.259293
-0.250963 -0.451483 -0.665378 0.223835 -0.158691 -0.346599 -0.353873 -0.216526 -0.142323 0.072084 -0.291500 0.300045 -0.095905 -0.238401 -0.384561 -0.095751 -0.345559 0.116582 -0.198326 0.322935 0.397568 -0.077028 0.133181 0.128066
-0.281416 -0.275139 -1.047863 0.271369 -0.426383 -0.212985 -0.293081 -0.196536 -0.211181 0.147161 -0.445692 0.083533 -0.189680 -0.693904 -0.796339 -0.401874 0.021585 -0.296068 -0.371219 0.184348 0.559308 -0.537880 -0.195123 0.109060
-0.218856 -0.214802 -0.996117 0.100086 -0.634100 0.122683 -0.448933 0.182111 -0.395920 0.651000 -0.369966 0.208040 -0.465790 -0.456213 -1.151734 -0.306337 0.074786 -0.155097 -0.193662 0.152386 0.494557 -0.292911 -0.485857 -0.029317
-0.296572 -0.211298 -1.176763 0.080044 -0.658995 -0.398113 -0.577125 -0.028386 -0.175172 0.464892 -0.464745 0.173359 -0.261434 -0.425005 -1.185374 -0.172848 0.169508 0.070827 -0.043920 0.219462 0.277836 -0.153020 -0.348982 0.049661
-0.241443 0.007434 0.179881 -0.590236 0.225303 0.037755 -0.096375 0.191698 -0.084608 0.386069 -0.340722 0.011184 -0.453757 0.326209 0.124165 0.436058 0.159330 -0.061512 -0.003058 -0.282488 0.107490 0.548289 0.234731 0.165521
0.171927 0.101022 0.327472 0.164533 0.118186 -0.420184 0.470940 -0.189808 -0.193888 -0.258596 0.179819 -0.206224 -0.366122 0.829084 0.681800 -0.294516 0.286110 -0.450753 0.522540 -0.060720 0.143178 0.836648 -0.041279 -0.010971
0.248270 -0.024481 0.156920 0.539474 0.012249 -0.123228 0.244711 -0.285830 0.028488 -0.349514 0.164562 -0.086677 0.070485 0.162750 0.346108 -0.243158 0.026526 -0.280160 0.421720 -0.458123 -0.355965 0.089231 -0.081686 -0.128517
0.120232 0.194928 -0.279387 0.257332 -0.345473 0.432914 0.045558 0.029832 0.051228 -0.225391 -0.004167 0.135979 0.284008 -0.262920 0.361556 0.211230 0.002447 0.374742 0.216613 -0.440981 -0.648059 -0.053662 -0.172364 -0.217322
0.142079 -0.082164 -0.278030 -0.026653 0.200536 0.214124 0.157646 0.273558 -0.247105 -0.184455 0.058117 0.027509 0.083689 -0.091848 -0.008066 -0.058432 -0.356317 0.490770 0.039775 0.303943 -0.100927 -0.064000 -0.108218 0.036574
0.225545 0.172960 -0.034870 -0.059295 0.322062 0.093576 0.000795 0.092331 0.099275 0.074307 0.269885 0.265064 -0.039891 0.370109 -0.035902 -0.356514 -0.474802 -0.044020 -0.165377 0.338312 -0.653053 -0.397361 0.563927 -0.093181
0.164425 0.043490 -0.130753 0.125500 -0.232148 0.463894 -0.054038 0.172213 0.015020 -0.143274 0.349307 0.057698 0.026307 0.222181 -0.192044 -0.252442 0.112344 -0.324673 -0.170879 0.458113 -0.068450 -0.557504 -0.006685 0.037578
0.331066 -0.303976 -0.243449 -0.051136 -0.508604 0.211676 -0.072826 0.096132 0.087562 0.163407 0.213204 0.069876 -0.032983 0.275876 -0.588030 -0.095414 0.214669 -0.076000 -0.455238 0.118203 0.512508 0.033061 -0.616634 0.288657
0.126492 -0.176569 0.236317 0.139522 0.078313 -0.061392 -0.027414 -0.246170 0.222878 0.122459 0.172365 -0.008687 -0.242977 -0.132576 -0.663263 -0.373701 -0.243536 -0.084290 -0.505866 0.148738 0.442793 0.082317 -0.142449 0.099738
-0.187327 0.186542 0.376015 -0.028827 0.244081 0.123521 -0.045549 0.023716 -0.012964 0.009008 0.045484 -0.477932 0.154324 -0.429390 -0.192715 -0.235390 -0.039205 -0.492141 -0.228607 0.216940 0.192144 -0.006317 0.145214 -0.222473
-0.054524 0.301258 0.055181 -0.139227 -0.088966 -0.079033 0.041515 0.503805 -0.003619 0.052486 -0.004846 -0.259920 0.098660 -0.194384 -0.013921 -0.099876 -0.171132 -0.494055 0.384510 0.015694 0.101291 -0.561070 -0.190511 -0.230445
-0.092634 0.136423 0.130163 -0.299008 0.201698 -0.020243 0.421954 0.248981 0.039954 0.248463 -0.159571 -0.116877 -0.106537 -0.355588 0.410574 0.049471 0.138854 0.124509 0.777498 0.134214 0.330542 -0.429738 -0.086792 0.113338
0.233514 -0.304920 0.254252 -0.273161 0.464993 -0.258246 0.210916 -0.197263 0.404285 0.271203 -0.063726 -0.207681 -0.255251 -0.164739 0.781766 -0.111694 -0.145965 0.618334 0.717892 0.072511 0.638257 0.276439 0.429572 0.165571
0.181879 -0.366679 0.166218 0.149162 0.796401 0.125397 0.184401 -0.414461 0.307190 0.176884 0.106383 -0.051232 -0.175123 0.098598 0.511792 0.047174 -0.260181 0.103438 0.538377 -0.231910 0.500079 0.301983 0.368769 -0.202412
-0.054581 -0.409940 0.031512 0.512299 0.224151 0.304538 0.559465 -0.181829 -0.043299 0.187670 -0.035438 -0.177507 -0.030913 0.175047 0.241394 0.059740 -0.119988 0.049573 0.317729 -0.549353 0.479408 0.257452 -0.103860 0.085871
-0.160060 -0.791378 -0.027259 0.621081 -0.246183 0.282349 0.542978 0.059533 -0.250854 0.059500 0.253507 0.097252 0.098488 -0.113519 0.293677 -0.057690 0.200893 0.103329 0.111733 -0.282651 0.075244 0.362444 -0.252071 0.206550
0.028175 -0.267765 0.240988 0.197017 -0.329805 0.235827 0.327489 0.025246 0.020182 0.052386 0.484032 -0.069703 0.199401 -0.283056 -0.031091 0.207201 0.129009 0.028286 -0.122275 -0.259040 -0.150868 0.269023 -0.040520 -0.022744
0.173708 0.786355 0.451374 -0.190323 -0.298771 0.092128 -0.046361 0.126096 0.111580 0.428717 0.234125 -0.014936 0.318246 -0.240583 -0.149998 0.702705 0.128129 0.048780 -0.042146 -0.090236 -0.013755 -0.157233 0.093937 0.062189
0.075268 1.249658 0.005599 -0.261479 -0.454530 0.073996 0.041850 -0.065187 0.302795 0.358757 -0.065032 0.192006 0.420690 0.005619 -0.093375 0.644051 0.268323 0.141790 0.412062 0.176660 0.068548 -0.071490 0.331946 0.003386
-0.224942 0.639065 -0.034062 0.174913 -0.153739 0.032343 0.323524 0.043898 0.172128 0.280839 -0.223014 0.124245 -0.007289 0.166215 0.187579 0.060461 -0.180642 0.146516 0.256925 0.456132 -0.257702 0.165721 0.460628 -0.115043
-0.372696 -0.233500 -0.026120 0.116234 0.223116 0.159405 -0.334196 0.056275 -0.159236 -0.063126 -0.410149 -0.238659 -0.327252 0.200169 0.293115 0.005691 -0.351629 0.219444 0.076344 0.510818 -0.492165 -0.065271 0.016191 -0.051933
-0.269881 -0.682998 -0.275709 -0.413930 0.221843 0.335671 -0.350209 0.029556 0.190110 -0.208561 -0.271495 -0.075684 -0.131714 0.129708 1.046590 0.035981 0.164164 0.207472 0.076159 0.296615 -0.307967 -0.556307 0.069278 0.162949
0.011964 -0.547618 -0.074820 -0.301546 0.044780 0.127331 -0.076435 -0.497954 -0.134644 -0.806648 -0.325506 0.217647 0.070532 -0.173603 0.724657 0.117305 0.722109 0.299233 0.039219 -0.008256 0.158762 -0.602604 -0.030309 0.067246
-0.038214 -0.543421 -0.104231 0.303174 -0.352527 0.125835 -0.503363 -0.469167 -0.735415 -0.879844 -0.062247 -0.029717 0.532455 -0.186887 -0.220548 0.382594 0.675105 0.220173 -0.262465 -0.013502 0.529183 -0.729738 -0.036465 0.150632
-0.062639 0.026206 -0.230807 0.117175 0.007221 0.278807 0.466501 0.202563 -0.193373 0.237477 0.035029 -0.022507 -0.222347 0.465938 0.035967 0.516021 0.520112 -0.146489 0.136071 -0.300888 0.085794 0.664116 -0.036267 0.075219
0.126800 0.376968 0.212940 0.248024 -0.136513 -0.068350 0.216671 -0.110249 -0.262739 -0.554462 0.310869 -0.086049 -0.169239 0.358863 0.471372 -0.164666 0.260085 -0.011168 0.552791 -0.016116 0.182777 0.660288 -0.244141 0.078578
0.350323 0.056033 0.070868 0.194965 0.074109 -0.102660 -0.230648 -0.156938 0.173661 -0.393726 0.461665 0.027699 0.403949 -0.079612 0.032997 -0.285831 -0.168449 -0.006435 0.326267 -0.213433 -0.440995 -0.293693 0.002786 0.009873
0.102436 0.251217 -0.545225 -0.055729 -0.041272 0.273882 0.179681 0.379581 0.151363 0.030029 -0.049901 0.183941 0.146953 -0.074670 -0.102368 -0.129114 -0.310567 0.037539 0.210263 -0.140200 -0.627909 -0.271108 -0.239742 -0.012295
-0.207655 0.041462 -0.390133 -0.082831 0.249563 -0.028119 0.306545 0.371103 -0.131932 0.103889 -0.252466 0.167606 -0.211004 0.089261 -0.084074 -0.107416 -0.045795 -0.035933 -0.107582 0.375602 -0.090782 -0.075900 0.140952 0.288768
0.267899 -0.054662 0.048459 -0.131762 0.153609 -0.001124 0.072545 0.037436 0.057826 0.072683 -0.158433 0.192281 -0.260725 0.293109 -0.016395 -0.319793 0.058842 -0.360386 -0.152281 0.469151 -0.281121 -0.195829 0.380188 -0.315759
0.310589 -0.167877 0.012741 0.103347 -0.192058 0.286278 0.076298 0.133874 0.392803 0.214024 0.093447 0.085626 0.103609 0.227806 -0.023545 -0.316617 0.036388 -0.273265 -0.130139 0.160023 0.194211 -0.141309 -0.132515 -0.332919
0.080958 -0.307626 0.047997 -0.077333 -0.417240 0.169144 -0.261935 0.168698 0.297465 0.321866 0.330139 -0.251954 -0.134032 -0.158929 -0.214584 -0.276844 -0.258945 0.091673 -0.381524 -0.171200 0.489900 0.113799 -0.251613 0.205928
-0.118545 -0.358282 0.580273 -0.071223 -0.216370 0.087464 -0.081817 -0.269846 0.188628 0.227139 0.059177 -0.433205 -0.044666 -0.213560 -0.206906 -0.296265 -0.351529 0.205384 -0.433785 -0.008541 0.131959 -0.053697 0.257359 0.063314
-0.188810 0.191852 0.256159 0.004757 0.044628 0.135860 -0.063255 -0.191916 -0.026859 -0.113738 0.036125 -0.434187 0.139163 -0.179281 0.194096 -0.193181 0.170579 0.109270 0.054610 -0.029346 0.183613 -0.349007 0.230956 -0.208492
-0.152807 0.185947 -0.071858 0.130813 -0.094246 -0.054666 0.215384 -0.012271 0.043161 -0.236696 0.060733 -0.055361 -0.271322 -0.169623 0.040411 0.234429 -0.035364 -0.112757 0.516972 -0.219558 0.196199 -0.407054 -0.017829 0.062995
-0.158145 -0.212360 0.273921 0.054923 0.308858 0.123093 0.294867 -0.302002 0.019327 -0.191925 -0.027894 0.067219 -0.401815 -0.111097 0.191397 0.369785 -0.002867 0.425662 0.361305 -0.143266 0.143988 0.020880 -0.001829 0.162936
0.003082 -0.570526 0.037539 -0.125258 0.564822 -0.094556 0.050324 -0.198037 0.250887 0.106555 -0.053665 0.089031 -0.080943 0.162915 0.160537 0.187289 -0.260980 0.253177 0.191859 0.005480 0.299179 0.310955 0.342984 0.210143
-0.162179 -0.293374 -0.225698 0.066107 0.377042 0.211570 0.108303 -0.362750 -0.075098 -0.150174 0.297147 0.120762 0.037891 0.064715 -0.151311 0.253188 -0.032200 0.055384 0.028505 -0.048281 0.321107 0.060294 -0.069953 0.045094
-0.257401 0.167252 -0.103070 0.257459 -0.298584 0.324215 0.515089 0.048316 -0.554194 -0.159959 0.034761 0.018990 0.259296 -0.076286 -0.083460 0.149194 0.221810 -0.087772 -0.152560 -0.052640 0.137258 0.069941 -0.344206 0.022105
0.000802 0.260980 -0.122627 0.294991 -0.532035 0.115108 0.414300 0.229760 -0.263984 -0.222265 0.003899 0.065046 0.150941 -0.072890 -0.212232 -0.041080 0.207896 -0.038513 -0.040153 -0.042764 0.101891 0.210946 -0.212137 0.021268
0.247283 0.719224 0.124899 0.423025 -0.214301 0.156122 0.272694 0.006688 -0.296701 0.035980 0.508609 -0.129856 -0.023517 -0.060675 -0.172910 0.170204 0.009368 -0.481734 0.131824 -0.045539 -0.192700 0.070896 -0.206478 0.110295
0.406566 1.096528 0.278914 -0.095004 -0.130470 0.167973 0.100820 -0.008331 0.190662 0.154769 0.446117 -0.077462 -0.180416 -0.008938 0.004836 0.103031 0.049656 -0.288065 0.189557 0.094854 -0.194568 -0.292108 -0.099925 0.139248
0.231624 0.358191 0.074402 0.104542 -0.103628 -0.111195 -0.131873 0.026032 0.272471 0.447217 -0.020285 0.038487 -0.126375 -0.203533 0.335572 -0.056637 0.294423 -0.233424 0.275744 0.233877 -0.013975 -0.179582 0.255664 0.066832
0.085065 -0.146278 -0.020525 0.060447 0.232528 -0.171257 -0.051735 -0.050233 0.149789 0.330663 -0.043377 0.050766 0.050565 -0.030559 0.544152 -0.245887 -0.112045 0.169523 0.007890 0.380821 0.036122 0.071440 0.574381 -0.045078
0.316578 -0.344202 0.138992 0.012427 0.224768 -0.144447 -0.028524 -0.153296 -0.029943 -0.370714 -0.095752 -0.329372 -0.017999 0.064756 0.255711 0.022152 -0.012257 -0.025495 0.096208 0.014326 -0.138426 0.187314 -0.064052 -0.142904
-0.013567 -0.417436 -0.134304 -0.246370 0.011948 -0.167574 0.124081 -0.096885 0.092813 -0.403167 -0.048353 -0.121712 -0.045537 -0.039717 0.167539 0.112678 0.349446 -0.026890 -0.018697 0.149413 0.136561 -0.237022 -0.398771 0.255303
-0.186694 -0.177950 -0.111052 -0.278220 -0.292864 -0.154409 0.106266 -0.229421 -0.372524 -0.649821 -0.122467 0.470213 0.217503 0.108375 -0.213496 0.180377 0.443498 0.422513 -0.177079 0.085755 0.547100 -0.279330 -0.171512 0.145850
-0.012716 0.413851 -0.075414 0.514079 -0.391409 0.031397 -0.127200 -0.027903 -0.272620 -0.700713 -0.172543 0.154352 0.687816 0.152519 -0.628280 0.198592 0.251477 0.305652 -0.411668 -0.142941 0.289435 0.106659 -0.133499 -0.251222
0.203441 -0.005717 -0.250124 0.179835 -0.056929 0.306998 0.354404 0.188973 -0.469581 0.028719 0.539216 0.128866 -0.273465 0.371981 0.173368 0.265191 0.216601 -0.117708 0.371146 -0.168649 0.027416 0.364692 -0.336235 -0.296205
0.157089 0.442400 0.277889 0.245307 -0.280029 -0.239307 0.068380 -0.139613 -0.053589 -0.197302 0.130476 0.160131 0.175577 -0.151620 0.405569 -0.198308 0.355160 -0.038960 0.735255 -0.095892 -0.007597 0.454396 -0.412894 -0.177683
-0.191069 -0.144129 -0.062853 0.154486 -0.317167 0.054425 -0.251511 0.113242 0.411436 -0.137402 -0.165506 -0.210269 0.135970 -0.188678 -0.146352 -0.329468 -0.047298 -0.066872 0.026100 0.221572 -0.119321 -0.077930 0.050025 0.314796
-0.373337 -0.034134 -0.456119 -0.095470 -0.099708 0.257361 0.102192 0.353452 0.080952 -0.021714 -0.146430 -0.030940 0.047106 -0.075352 -0.451996 -0.093106 -0.235497 -0.012870 -0.160416 0.082105 -0.207693 -0.090335 -0.322633 0.247185
-0.252833 0.014666 -0.254852 -0.419584 0.069613 0.040572 0.205214 -0.095175 -0.050671 0.157158 -0.307516 -0.018022 -0.131076 0.013959 0.074879 0.058538 -0.111817 -0.041790 -0.143408 0.008508 0.016646 -0.108728 0.171750 0.261068
-0.014667 -0.154027 -0.026654 -0.157876 0.107638 -0.150911 0.114510 -0.316124 0.265874 0.353421 -0.102065 0.079927 -0.228311 0.064940 0.122976 -0.014429 0.043520 -0.214505 -0.086630 0.303818 -0.159940 -0.159176 0.047477 -0.284675
0.443245 -0.393344 -0.110523 0.098244 0.060663 -0.156788 0.162953 0.040714 0.370540 0.443681 0.080462 -0.068635 -0.019960 0.197877 0.136205 -0.099878 -0.018358 0.036297 -0.248142 -0.068550 -0.077429 0.138966 -0.219531 -0.370069
0.269504 -0.194720 0.257945 -0.039627 0.032535 -0.043229 -0.106140 0.001214 -0.085135 0.265317 0.084052 -0.051229 0.041915 -0.043608 -0.167256 -0.179503 -0.019641 0.058190 -0.330462 -0.117873 0.316466 0.086430 -0.210176 0.179172
-0.108556 -0.042902 0.293667 -0.200071 0.108357 0.090419 0.160432 0.134876 -0.071116 -0.122103 -0.055879 -0.234686 0.119224 -0.153942 -0.066266 -0.181160 0.096230 -0.018326 -0.262639 -0.001156 0.283134 -0.082370 -0.026558 -0.196382
-0.125352 0.285287 0.041736 -0.076642 0.005763 0.135792 0.234378 0.000716 0.088063 -0.062877 0.198825 -0.150860 -0.099810 0.021710 0.208696 -0.113754 0.059039 -0.031239 0.291871 -0.133770 0.274886 -0.235158 0.260413 -0.143452
-0.148686 0.237739 0.062393 0.305586 0.006905 -0.145346 0.132232 -0.121299 -0.151689 -0.083442 0.021610 0.198412 -0.181876 -0.058899 0.102820 0.075075 -0.076878 0.029503 0.600978 -0.361770 0.075473 -0.268686 0.173467 0.183873
-0.161756 -0.279989 0.167344 0.156518 0.128986 0.173155 0.105705 -0.212092 -0.134322 -0.133958 -0.045644 0.156017 0.175410 0.198672 0.041852 0.252196 -0.171916 0.175148 0.095262 -0.094945 -0.139439 0.169437 0.213444 0.116221
-0.031504 -0.297845 0.173263 0.031801 0.435915 0.229877 -0.043398 -0.155591 -0.108276 -0.134389 0.148482 0.045163 0.011569 0.237774 -0.085230 0.127632 -0.140548 -0.064449 -0.053794 -0.003177 -0.047175 0.599140 0.145715 0.126957
-0.238117 0.123610 -0.061724 0.161676 0.170854 0.196873 0.023438 -0.019417 -0.070753 -0.222234 0.376484 0.036817 -0.136016 0.020705 -0.389051 0.129721 0.129434 -0.226363 0.039590 0.237476 -0.215811 0.365772 -0.173550 0.055579
-0.136085 0.467435 -0.290517 0.268609 -0.240678 0.147022 0.195312 0.239515 -0.122783 -0.092059 0.090544 -0.083576 0.222905 -0.049777 -0.290837 0.036758 0.175253 -0.075838 -0.129638 0.126913 -0.159659 0.119416 -0.354539 -0.001689
-0.052721 0.514192 -0.184477 0.355813 -0.538008 -0.255267 0.164707 0.168992 -0.130311 0.187737 -0.080621 -0.216522 -0.019322 0.118259 -0.414561 0.084512 -0.057037 -0.034355 -0.184435 0.209426 -0.387432 0.228380 -0.309157 0.282525
0.124920 0.964412 0.055564 0.072446 -0.108725 -0.095670 0.418263 -0.055341 -0.255912 0.116740 0.368737 -0.157701 -0.073573 0.132300 -0.273957 0.081456 -0.049189 -0.394672 0.016368 0.170750 -0.087234 -0.169536 -0.007056 0.059325
0.393117 0.728050 0.207857 -0.066860 0.078224 -0.069271 0.419392 -0.109624 -0.005176 0.355209 0.165842 -0.009435 -0.305975 -0.206905 0.162539 -0.111404 0.268666 -0.424173 0.179369 0.316297 -0.080672 -0.424722 -0.202790 0.133649
0.067301 -0.491611 -0.072050 -0.005529 0.092459 -0.016930 -0.039828 0.164285 0.252915 0.174684 -0.193714 -0.037926 0.131895 -0.427302 0.355251 -0.064966 0.570152 0.242794 0.047903 0.377214 -0.014412 -0.131398 -0.065330 0.102446
0.041664 -0.711328 -0.318828 0.075496 0.240958 0.249392 -0.251479 -0.021463 0.065408 -0.031049 -0.198789 0.019108 0.468638 -0.109672 0.418748 0.016355 -0.017532 0.228531 -0.150300 0.091254 -0.048444 0.009513 0.288362 -0.038929
0.253504 -0.178832 -0.060833 0.252850 0.515649 -0.038915 -0.135479 -0.026177 -0.049773 -0.259043 -0.073436 -0.096723 -0.023921 0.089798 0.378583 -0.021722 0.106398 -0.177244 0.183441 -0.289786 0.155676 0.236840 -0.244600 -0.123840
-0.242733 0.109723 -0.053852 0.237770 -0.007346 -0.096415 0.142999 0.107720 0.200247 -0.147537 0.123942 0.138135 -0.213321 0.201654 0.054477 -0.101972 0.105954 -0.253424 -0.183172 0.034621 0.117424 0.107165 -0.284559 0.048097
-0.143944 0.168000 0.057404 -0.074513 -0.151476 0.146363 -0.085924 0.286855 -0.201696 -0.051016 0.265882 0.364642 0.014917 0.340264 -0.339336 -0.343952 0.371591 0.326711 -0.116697 -0.322464 0.095649 -0.077295 -0.094987 0.006435
0.447874 0.408228 0.215655 0.277193 -0.015947 0.199900 -0.099264 0.147444 -0.208085 -0.276218 0.194042 -0.024506 0.403185 0.349443 -0.633523 -0.423652 0.198248 -0.032205 -0.039945 -0.949907 -0.051521 0.393667 -0.301455 -0.385603
-0.022645 0.328171 -0.412101 0.319209 -0.240831 0.241921 0.391965 -0.048660 -0.100130 0.276727 0.632678 -0.028827 0.189829 0.372652 0.180500 0.221308 -0.196492 0.067704 0.423522 -0.357838 -0.294423 -0.112057 -0.528266 -0.393240
-0.353834 0.437491 0.366965 0.149803 -0.056926 -0.303543 0.313657 0.098222 0.048201 -0.001717 -0.366277 -0.068912 0.015905 -0.143026 0.130204 -0.058594 0.230473 -0.387958 0.455022 -0.039640 -0.024931 0.179049 -0.481373 -0.112391
-0.429610 0.030338 0.041630 0.026649 0.209739 -0.080705 0.110021 0.255497 0.316168 -0.291680 -0.341056 -0.208756 -0.282795 -0.267767 -0.085205 -0.341785 0.111790 -0.364029 0.026574 0.273553 0.131170 0.035743 0.082123 0.219666
-0.377296 -0.225106 -0.351179 -0.239097 0.009198 0.021420 0.127536 0.115468 -0.062676 -0.155147 -0.039554 0.087887 -0.127745 -0.297166 -0.101116 -0.064054 -0.051295 -0.171667 -0.080586 0.037868 0.082400 0.193890 -0.346472 0.068170
-0.011550 -0.107379 0.195981 -0.302792 -0.176898 -0.079621 0.251343 -0.340505 -0.001696 0.075328 0.013422 -0.058441 0.165305 -0.372777 0.166309 0.110067 -0.062908 0.043097 -0.075482 -0.247138 -0.156449 -0.097775 -0.009170 0.300225
0.128746 0.031861 0.247393 -0.030762 -0.023386 -0.109344 0.004690 -0.244837 0.325604 0.251402 -0.032340 0.043696 -0.167610 0.089066 0.004493 -0.040360 0.234252 0.121963 0.058947 -0.090918 -0.166389 0.006171 0.076713 -0.096060
0.247262 -0.002818 0.082132 0.209723 0.062815 -0.117404 -0.011885 0.191773 0.286152 0.121784 0.102811 -0.184338 0.094226 0.403214 -0.031502 -0.156841 0.192684 -0.097389 -0.062085 -0.089961 -0.152535 0.125625 0.047478 -0.287264
0.160139 -0.027389 0.115538 -0.040584 0.226965 -0.026873 -0.157958 0.017884 -0.109757 0.088237 -0.002609 -0.085928 0.285218 0.198221 -0.088225 -0.172063 0.167015 -0.137628 -0.342862 0.162881 0.270037 -0.053038 0.058346 0.125318
0.046683 0.105320 -0.050681 -0.112523 0.191979 0.199377 -0.021620 0.243344 -0.225634 -0.231252 -0.012405 0.036104 -0.093841 0.064438 -0.195720 -0.038782 0.137498 -0.220510 -0.101125 0.159041 0.276623 -0.136245 -0.175205 -0.060684
0.119741 0.339542 0.095845 0.057725 0.087205 0.030878 0.137753 0.106473 0.092106 -0.146406 0.107965 0.161248 -0.305853 0.138419 -0.023915 -0.013429 -0.223259 -0.105146 0.277421 -0.029976 0.008138 -0.021499 -0.018528 -0.058076
-0.193859 0.126248 -0.134065 0.182346 -0.081074 0.047096 0.076001 0.090991 -0.068953 0.283422 -0.103478 0.181287 0.006579 -0.012145 0.132028 0.086872 -0.089718 0.169994 0.447089 -0.163448 0.019042 -0.122943 0.137145 0.079844
-0.038977 -0.231577 -0.008372 0.223671 0.198360 0.186855 -0.001495 0.162458 -0.228412 0.189651 -0.181946 0.111632 0.318258 0.054444 0.066362 0.158549 -0.033282 0.079491 0.023799 -0.213717 -0.106183 0.125262 -0.071436 -0.153842
-0.036796 -0.231578 0.183331 -0.033173 0.367887 0.150266 -0.041052 -0.137280 -0.086895 0.017683 0.074776 -0.004015 0.137413 0.231646 -0.084150 0.132310 -0.131541 -0.075993 -0.312095 -0.108410 -0.032110 0.552371 -0.264683 0.158778
-0.175171 0.024954 0.039282 -0.094318 -0.162609 0.201966 -0.052342 -0.053433 0.108026 -0.167676 0.262066 -0.179355 0.251292 0.063250 0.246174 0.264892 0.051147 -0.074463 -0.094786 0.204391 -0.184599 0.533929 0.195059 0.220524
-0.106432 0.241085 0.030594 0.295062 -0.072438 0.105137 -0.020751 0.122744 -0.048275 0.071323 -0.115188 0.000498 -0.147896 -0.067228 -0.200182 -0.069160 0.010698 0.113320 -0.164528 0.140999 -0.281915 0.416513 -0.141172 -0.081628
0.029362 0.122436 0.062618 0.483545 -0.275794 -0.155142 -0.014343 0.155449 -0.104525 0.006100 0.087607 -0.009562 -0.089215 0.109151 -0.376852 -0.311400 0.006749 -0.007984 -0.120832 -0.015799 -0.286128 0.066606 -0.267896 0.086804
-0.034225 0.295544 0.023442 -0.051608 -0.175289 -0.025497 0.232786 -0.186613 0.197031 0.203144 0.300792 -0.114856 0.125996 0.046677 -0.144753 -0.006995 0.215184 -0.015060 0.012250 0.248990 -0.128819 -0.272372 -0.154294 -0.065778
0.260434 -0.011522 -0.027985 -0.411094 -0.011478 0.030921 -0.046279 0.075211 0.145810 0.206411 -0.165966 -0.028109 0.022138 0.006015 0.061267 0.160901 0.463247 0.020115 0.092141 0.221257 -0.117527 -0.306612 0.009489 0.196742
-0.018834 -0.239496 -0.072189 -0.105621 -0.004169 0.060585 -0.060668 0.341431 -0.021681 0.053874 -0.242837 0.059602 0.293735 -0.048988 0.135796 0.024362 0.302621 0.100502 0.173443 -0.015826 -0.159483 0.038124 -0.044477 0.161013
-0.281416 -0.077920 -0.347247 0.229091 0.228595 0.095703 -0.094201 0.164679 0.186922 -0.009993 -0.024230 0.015838 0.467524 -0.159837 0.134455 0.121100 -0.124527 0.198976 -0.000053 -0.064038 -0.165667 0.137775 0.010078 0.142650
-0.220151 0.169653 -0.223379 0.160280 0.359556 0.161195 -0.095607 0.069813 0.121491 -0.027403 -0.223929 -0.093860 -0.301567 0.087233 -0.023373 -0.001599 -0.011720 -0.111597 0.102016 0.124445 0.016091 -0.098645 -0.023740 -0.078223
-0.528056 0.200419 0.050804 0.205917 -0.045974 -0.094737 0.046735 0.075609 0.095653 0.015564 0.019204 0.063728 -0.630975 0.150479 -0.184145 -0.255593 0.041576 -0.217936 -0.062129 0.295264 -0.036338 -0.004362 -0.074751 0.295233
-0.346501 -0.057716 0.175279 0.175977 0.146911 0.106298 -0.123655 0.002625 -0.231019 -0.212028 0.078307 0.015096 -0.294602 0.308690 -0.250880 -0.279297 0.412364 0.268493 0.070970 -0.375987 -0.343483 0.048342 -0.001386 0.036403
0.368085 -0.071192 0.241997 0.196078 0.277519 0.187203 0.128339 0.006205 -0.231167 -0.074642 0.237826 -0.375855 0.229925 0.150550 -0.089578 -0.390785 0.406964 -0.198036 0.274188 -1.138376 -0.268223 0.377887 -0.283194 -0.529461
-0.291935 0.072050 -0.653657 0.125828 -0.042328 -0.191358 0.041471 0.030680 0.138047 0.368880 0.201924 -0.195705 0.084589 0.285242 -0.110207 0.145665 -0.299375 -0.177629 0.267995 0.007973 -0.050674 -0.067469 -0.522492 0.132116
-0.353114 0.290258 0.332756 0.127208 0.101317 -0.059806 0.555066 0.029442 0.246664 -0.289491 -0.538462 -0.119080 -0.102970 -0.295994 -0.067219 -0.037329 0.535042 -0.358467 -0.096105 0.166732 -0.129451 0.343985 -0.285230 0.227841
-0.139256 -0.027997 0.023609 -0.154140 0.291600 -0.222800 0.433459 0.090902 0.143352 -0.175796 -0.161888 0.225356 -0.361391 -0.294027 0.304128 -0.328247 0.447404 -0.243456 0.035635 0.037851 -0.151622 0.148686 -0.086903 -0.218834
0.207654 -0.287943 -0.110650 -0.331338 0.001880 -0.005825 0.093886 0.183951 -0.065027 0.003033 0.236785 0.259381 0.132774 -0.129582 0.038549 -0.022119 -0.058248 -0.350261 0.132779 -0.059154 -0.146390 -0.016012 -0.036329 -0.158093
0.220498 -0.318115 0.320251 -0.043980 -0.162683 0.043102 0.123781 -0.081032 -0.071058 0.329376 0.130634 0.025526 -0.005644 -0.086823 -0.031639 0.031582 -0.094756 -0.139160 -0.142709 -0.144572 -0.062025 -0.228848 0.122376 0.215018
0.083120 0.209416 0.252517 0.108959 -0.080220 -0.042925 0.060235 -0.041500 0.209791 -0.046681 -0.165816 -0.002569 -0.175786 0.201698 -0.069680 -0.127115 0.190963 -0.115723 -0.135411 -0.039962 -0.183235 0.117915 0.006026 0.037617
0.280002 0.236243 -0.006017 0.252115 0.145161 0.173292 -0.002842 0.242659 0.166219 -0.017621 -0.055777 -0.093971 0.064469 0.212584 0.001930 -0.059430 -0.018095 -0.129564 -0.045257 0.092831 -0.112526 -0.086855 0.021121 0.009767
-0.077366 0.191996 0.030992 0.296466 0.203718 0.036223 0.089685 -0.000661 0.036794 0.021097 -0.107434 -0.149797 0.270079 -0.070244 -0.036621 0.030063 0.082409 -0.051118 -0.333747 -0.114962 0.146381 -0.240184 -0.017188 -0.027137
-0.020711 0.100784 0.063608 0.045766 -0.095661 0.244127 -0.007590 0.156651 -0.016628 -0.089756 0.153462 -0.148703 -0.114285 -0.054543 -0.263025 0.200357 0.066644 -0.100650 -0.328169 0.174470 0.104123 -0.049388 -0.297160 -0.111247
0.054131 0.090015 0.218105 0.007565 -0.179081 0.065574 -0.045718 0.004045 -0.040565 0.174554 0.053920 0.021695 -0.065405 0.048649 -0.099867 0.201750 -0.017627 0.110579 0.154483 0.066407 -0.165459 -0.083563 0.009152 -0.093238
-0.123243 -0.087111 -0.324174 0.104846 0.028284 0.100711 -0.179997 0.030474 -0.116626 0.436383 -0.203626 0.269676 0.113645 -0.136559 0.248067 0.273896 -0.121290 0.215541 0.337163 -0.057027 0.028053 -0.139395 0.250343 -0.083948
-0.040588 -0.359571 -0.091377 0.226301 0.323031 0.172180 0.046286 -0.004066 -0.170236 0.045678 0.045032 -0.063958 -0.004518 0.353335 0.070289 0.198723 -0.152279 0.031353 0.000820 -0.075955 -0.054791 0.042650 0.075733 0.116608
-0.111839 -0.168069 0.292300 -0.079556 0.209518 -0.260001 0.025692 -0.054941 -0.018900 -0.091510 0.197726 -0.022286 0.110190 0.457993 -0.061468 0.093946 0.065712 -0.173315 -0.102131 0.033627 -0.236079 0.704366 0.058629 0.111872
-0.012294 0.139970 0.082035 -0.188474 -0.008855 0.081725 -0.168545 0.127879 0.271506 0.159266 0.331901 -0.072481 0.210852 0.062025 0.308669 0.125251 0.100857 -0.038338 -0.086907 0.082797 -0.230902 0.590519 0.396101 0.055808
0.077404 0.186379 0.130508 0.147616 -0.368189 0.221972 -0.169729 0.105322 -0.008968 0.055036 0.133759 -0.207923 0.030058 -0.027921 -0.038589 -0.138898 -0.024237 0.448609 -0.195217 0.271330 -0.191877 -0.014668 -0.045415 -0.116552
0.050933 0.073355 0.194954 0.333687 -0.271119 0.133432 0.161371 0.053700 -0.302684 0.049904 0.061827 0.016925 -0.165883 -0.074604 -0.254508 -0.421471 0.062395 0.399972 -0.089404 -0.098295 -0.133812 -0.348831 -0.172275 0.000271
0.081663 0.051846 -0.009859 0.217619 -0.067010 0.169356 0.168387 0.080232 0.243071 0.083311 0.050349 -0.334802 -0.207162 0.021708 0.049346 -0.073039 0.202668 0.019569 0.024622 -0.018328 -0.015069 -0.285152 -0.088761 0.084200
0.193131 -0.071080 -0.067534 -0.037227 0.014128 0.034164 -0.565011 0.208725 0.027333 0.126510 -0.105121 -0.254877 -0.059549 0.083216 -0.033098 0.195287 0.134342 -0.090026 0.091379 0.013118 -0.098229 -0.057267 0.115164 0.190316
0.026309 -0.099573 -0.465171 0.059654 0.100483 0.074109 -0.463629 0.138152 0.066614 0.046498 -0.130837 -0.118553 0.043002 0.099648 -0.011495 -0.120653 0.134643 -0.113154 0.003987 -0.080556 -0.126817 0.053489 0.091092 0.172067
-0.246990 0.191850 -0.353742 -0.058543 0.372394 -0.091096 -0.291487 -0.055250 0.037647 -0.258429 -0.068335 -0.078114 0.109229 -0.035310 -0.044834 -0.028254 -0.148671 0.242578 -0.235906 0.009409 -0.167567 0.029004 -0.067270 0.072969
-0.374562 0.359916 -0.037511 -0.164485 0.047718 -0.127736 -0.137378 -0.157429 -0.017827 -0.128731 -0.099772 -0.014394 -0.293988 0.060484 -0.424976 0.223122 -0.268461 -0.052293 -0.144276 0.404466 -0.135533 0.166234 0.277274 0.119612
-0.620306 0.029756 -0.011605 0.143716 0.106720 -0.040731 0.043501 -0.250688 -0.094314 -0.259331 0.232586 -0.138719 -0.436033 0.073050 -0.478260 0.059877 0.086681 -0.177371 0.041681 0.633159 -0.356827 0.072498 0.023905 0.460791
-0.584794 -0.310846 -0.000034 0.368032 0.357387 -0.041695 0.203530 -0.047990 -0.326592 -0.312951 0.102903 -0.125683 0.147652 0.141856 -0.090639 -0.059641 0.514405 0.308555 -0.062066 -0.310951 -0.382256 0.147056 -0.129392 0.207269
0.279591 -0.234597 0.136434 0.256205 0.152424 0.038240 0.169305 -0.002811 -0.092569 -0.132519 -0.109806 -0.536974 0.380792 -0.020664 0.319833 0.075292 0.009082 -0.040671 0.032549 -0.757721 0.030784 0.137030 0.089773 -0.685172
0.013093 0.158991 0.073338 -0.090229 0.293815 0.145454 0.063785 0.232972 0.051176 -0.155513 -0.042973 -0.142831 -0.119690 0.028313 -0.146872 -0.368075 -0.168622 -0.457807 0.213088 0.148258 0.060506 -0.014338 -0.248724 -0.028419
-0.313052 0.061769 0.553010 0.074602 0.171136 0.274718 0.289191 -0.121488 0.137458 -0.324028 -0.345756 -0.110777 -0.023929 -0.059017 0.315706 0.160363 0.576743 -0.355768 -0.259346 -0.095314 -0.188594 0.244113 -0.058435 -0.140576
0.092764 -0.201812 -0.132304 -0.028208 0.133032 0.196372 0.273954 0.016522 0.049035 0.102933 -0.013516 -0.001058 -0.066688 -0.128011 0.122778 -0.082607 0.399688 -0.178467 -0.045476 -0.247415 -0.200062 0.140203 -0.006499 -0.327090
0.095740 -0.344662 -0.176768 0.219068 -0.114318 0.058845 -0.004927 0.286596 0.088832 0.145080 0.098870 0.060109 0.113624 -0.116859 -0.157224 0.034725 0.041459 -0.243486 0.101047 0.039792 -0.304356 0.123716 -0.082541 0.064851
0.022222 -0.176590 0.130615 0.116788 -0.227207 0.006293 -0.140093 0.261081 -0.087666 0.136988 0.018225 0.144541 -0.013509 0.167657 -0.163062 0.042913 -0.035035 0.148759 -0.045582 -0.102564 0.176444 -0.103934 -0.038933 0.312239
0.078310 0.494838 0.169198 0.150144 -0.071621 -0.086322 0.138986 0.107722 -0.023237 -0.297686 -0.068018 0.096159 -0.218991 -0.027582 0.017815 0.024190 -0.015079 0.241696 -0.090163 0.025645 0.037955 0.021998 0.056035 0.037290
0.256836 0.323217 0.103949 0.081555 0.069225 0.115094 0.303871 -0.052889 -0.037505 -0.002914 0.040827 -0.032890 0.140191 0.009169 -0.005278 0.078897 -0.235536 0.126612 -0.170628 -0.028304 -0.045631 -0.156550 0.122689 0.073673
-0.087903 -0.010189 0.099798 0.170625 0.029373 0.024824 0.204133 -0.201219 0.068340 0.310131 0.213802 -0.216360 -0.007774 -0.133097 0.053073 0.118304 -0.102997 0.105047 -0.337674 -0.146266 0.081046 -0.083820 -0.025555 0.016087
-0.181929 0.071048 0.130001 -0.194627 -0.178091 -0.024399 -0.026480 0.005338 0.123311 0.054612 0.228378 -0.081257 -0.225745 -0.197557 -0.189317 0.163887 0.070167 0.028828 -0.251334 -0.200059 0.224398 0.088655 -0.131236 0.014437
0.101946 0.050021 0.044431 -0.075346 0.098637 0.034861 0.083371 -0.118350 -0.108336 0.048521 0.163810 0.022681 -0.214017 -0.087108 0.188792 -0.055178 0.080837 -0.082855 0.365236 -0.032353 -0.011554 -0.020376 0.230799 -0.106095
-0.112194 -0.174349 -0.125539 0.181026 0.149592 0.002297 -0.240668 -0.096237 -0.232768 0.255817 0.136604 0.122103 0.061985 0.002902 0.403922 0.217411 -0.217794 -0.034038 0.412058 -0.117139 -0.084150 -0.234409 0.507308 -0.051778
-0.176158 -0.374241 0.130975 0.120650 0.063874 -0.239710 -0.121348 0.027822 0.070496 -0.029648 0.088085 0.182244 0.136778 0.355194 0.179850 0.048013 -0.199859 -0.165817 -0.249575 -0.059811 -0.042993 0.079842 0.424319 0.196788
-0.136812 -0.046588 0.154102 -0.180714 -0.014711 -0.335155 -0.021728 0.135105 -0.013160 -0.131246 0.123917 0.029198 0.330842 0.219584 -0.043656 0.111103 0.339050 -0.185093 -0.117278 -0.102552 -0.054508 0.461913 0.305931 0.160536
-0.038539 0.172988 0.054088 -0.073746 -0.069948 0.102774 0.060217 0.297972 -0.151978 0.084950 0.149062 -0.054718 0.093135 0.042976 0.082063 0.296932 0.204806 -0.026127 -0.175847 0.013542 -0.197949 0.275209 0.054855 0.059555
0.105712 0.152390 -0.065794 0.181148 -0.308820 0.301096 0.035675 -0.005827 -0.198057 -0.140332 0.268024 -0.028600 0.121369 -0.034270 -0.111509 0.070324 -0.124494 0.341827 -0.282673 0.197487 -0.078065 -0.275590 -0.287529 -0.143640
0.052195 0.140041 -0.092779 0.176442 -0.329735 -0.047880 0.202341 0.216898 -0.135757 0.048036 0.051023 -0.030094 -0.275929 0.005770 -0.014989 -0.203773 0.044269 0.171867 -0.083882 -0.068005 -0.023896 -0.404397 -0.277161 -0.165247
0.135344 0.051342 -0.082352 0.252126 -0.155298 0.059439 -0.062886 0.035871 0.145137 0.252170 0.032262 -0.335535 -0.426257 0.174822 0.179313 -0.060906 0.105030 -0.121133 -0.007090 0.076669 -0.088063 -0.065880 -0.038815 0.255471
0.289026 -0.098170 -0.207182 -0.178414 0.183509 -0.085565 -0.366768 -0.076399 -0.033366 -0.006322 0.056310 -0.203396 -0.084284 0.217525 0.060114 0.171157 0.023752 -0.250455 -0.024492 0.061143 -0.156014 0.058745 -0.027598 0.034137
-0.004770 -0.090211 -0.567294 -0.419761 0.149838 -0.095145 -0.239358 -0.074009 -0.116015 -0.307983 0.087994 -0.016214 0.076090 -0.169999 0.290644 -0.131504 0.289507 -0.234643 -0.124668 0.021979 -0.207866 0.020498 0.079676 -0.078469
-0.277850 -0.048653 -0.097020 -0.131161 0.213738 -0.085025 -0.007837 -0.078851 0.045471 -0.238665 -0.115823 -0.176299 0.181612 -0.280635 -0.033191 -0.061073 0.037204 0.199478 -0.286462 0.301017 -0.115071 0.080056 -0.031119 0.022858
-0.271295 0.180647 0.119651 -0.014153 0.084676 0.001458 -0.191063 -0.172604 -0.040606 -0.146879 -0.155941 0.021442 0.039104 -0.112684 -0.576380 0.102332 -0.201131 0.094834 -0.096100 0.518904 -0.094798 0.233582 0.165833 0.168089
-0.659011 -0.180105 0.102948 0.334918 0.043045 0.113058 -0.241447 -0.117058 -0.097958 -0.370708 0.096358 0.045430 -0.156505 0.216117 -0.348361 -0.023277 0.079512 -0.131911 -0.017121 0.300477 -0.091937 0.414464 -0.080077 0.350776
-0.342098 -0.235971 0.191731 0.398766 0.153615 0.225120 -0.198339 0.017003 -0.018890 -0.436544 -0.145334 -0.157082 0.147147 0.309236 0.292240 -0.035410 0.264714 0.020940 -0.217959 -0.639494 0.001389 0.283640 -0.084841 0.009038
0.258213 -0.194664 0.078348 0.035580 -0.071957 0.127420 -0.103446 -0.052578 0.160598 -0.001529 -0.224211 -0.208024 0.198098 0.057908 0.290806 -0.007182 -0.499629 -0.496825 -0.359348 -0.671898 0.268743 -0.048116 0.142867 -0.881974
0.215960 0.432079 0.513210 -0.136686 0.385301 0.411878 0.108455 0.137699 -0.052823 -0.157739 -0.111330 -0.242774 -0.045947 0.043588 0.346672 -0.175290 0.377340 -0.179444 0.076897 0.210349 -0.085137 -0.070197 0.053584 -0.156865
-0.001861 -0.222193 0.590282 -0.003171 0.022986 0.364632 0.038283 0.061321 -0.286797 -0.257535 0.097011 -0.135962 0.146596 0.169092 -0.015573 0.188721 0.398855 -0.168836 -0.213678 -0.121415 -0.015795 -0.082167 0.153055 0.005632
-0.075572 -0.468175 -0.276439 0.086202 0.161148 0.011482 0.117642 -0.017800 -0.122723 0.055880 0.064984 0.062496 -0.079572 0.120269 -0.170585 0.146619 0.409630 -0.173543 -0.277337 -0.332563 0.074056 0.259324 -0.243201 -0.097919
-0.066993 -0.214651 -0.325144 0.313494 0.160676 -0.140098 0.033803 0.136552 0.139824 0.088166 -0.112216 -0.032898 0.161848 -0.280900 -0.192115 0.029609 0.322599 0.017567 0.103677 -0.267819 0.091937 0.060192 -0.218669 0.206038
-0.131053 0.184750 0.000209 0.168776 -0.218294 0.176039 -0.198285 0.083733 0.097232 -0.055392 0.085047 -0.010419 0.306560 0.051607 -0.018692 0.050871 -0.082809 0.275832 -0.049245 -0.276850 -0.068350 -0.178295 0.016921 0.105663
0.092434 0.530850 0.098491 0.103241 -0.132081 0.002898 0.311147 -0.213198 0.270050 -0.033332 0.022439 -0.076724 0.030172 -0.000189 -0.073907 -0.010545 -0.236643 0.242154 -0.078402 0.019691 -0.274575 -0.078406 0.160625 0.032515
-0.024046 0.102536 0.063062 0.048146 -0.174710 -0.015942 0.485697 -0.160365 0.176781 0.154914 0.080828 -0.001223 -0.015131 -0.114902 0.044555 0.103671 -0.245268 -0.058624 -0.384376 0.112878 -0.203753 -0.116369 0.034057 0.029575
-0.051901 -0.236703 0.065869 -0.150379 -0.070701 -0.125575 0.012780 -0.046099 -0.032407 0.080450 0.157851 -0.002463 -0.224333 0.142629 0.046174 -0.108246 -0.093160 -0.092587 -0.430166 -0.053643 0.157107 -0.027862 0.065970 -0.005129
-0.008229 -0.083582 0.025774 -0.175281 0.199465 -0.272669 -0.067708 0.237460 -0.016300 -0.053930 0.127415 0.199115 -0.227324 0.016970 0.003396 -0.095039 -0.042149 -0.354334 0.153472 -0.118277 0.347256 0.290385 0.031416 0.110586
0.088988 -0.105268 0.005904 0.038573 0.008050 -0.088523 -0.132846 0.034295 -0.247695 -0.033587 0.296872 0.074875 -0.070982 0.025275 0.031199 -0.111517 0.066630 -0.246344 0.533606 0.129024 -0.060151 -0.151524 0.055381 0.114166
-0.102382 -0.287015 0.213851 0.256102 0.269983 -0.094299 -0.252436 0.089866 -0.101248 0.080194 0.410600 0.236536 -0.185910 -0.144085 0.084467 -0.236931 -0.199370 -0.119628 0.342646 -0.067998 -0.142170 -0.276736 0.276265 0.109763
-0.414312 -0.052321 0.145296 0.106367 0.046499 -0.124424 -0.191314 -0.008322 0.201624 -0.137687 0.151350 0.149969 0.147719 -0.090414 0.044730 0.143330 -0.034458 -0.074059 -0.381453 -0.079990 -0.094840 0.317691 0.343180 0.130569
-0.253342 0.073866 0.095214 -0.136946 -0.113695 0.121020 -0.027400 -0.109863 -0.186722 -0.231496 -0.080209 0.197701 0.361667 0.078873 -0.214183 0.368045 0.200855 -0.020433 -0.255482 -0.086438 0.144208 0.499584 0.143096 -0.019661
0.104998 0.173558 -0.079069 0.024854 -0.215912 0.345063 0.014741 -0.030827 -0.271486 0.006318 0.044808 -0.051049 0.164168 0.014513 -0.144893 0.526612 0.010175 0.162363 -0.108413 0.164894 0.202226 0.246789 0.030950 0.174973
0.144718 0.048060 -0.187995 0.080213 -0.204136 0.168249 0.207049 0.057561 -0.056718 -0.296899 0.114913 -0.033256 0.038570 -0.010124 0.006754 0.377429 -0.171204 0.266546 -0.147893 0.393389 0.196864 -0.277632 -0.274113 -0.003033
0.114883 -0.039597 -0.270494 0.110556 0.071706 -0.096194 -0.073880 -0.069107 0.014487 -0.126576 0.023741 -0.041886 -0.279913 -0.118606 -0.047270 0.046150 0.126209 -0.062169 -0.022549 0.065613 0.018830 -0.184183 -0.255076 -0.144012
0.306264 0.064459 -0.206567 -0.139975 0.046274 0.052240 -0.340328 0.074343 0.049791 0.033318 -0.034071 0.177707 -0.480629 0.183349 0.262249 -0.022846 0.078469 -0.572686 -0.104239 -0.109077 -0.027139 -0.306923 0.174188 -0.123774
0.225852 -0.117542 -0.452620 -0.619180 -0.053398 0.034345 -0.260055 -0.221041 -0.142362 -0.104098 0.065599 -0.142600 0.211593 0.289058 0.073900 0.312367 -0.024677 -0.317881 -0.211969 0.101895 -0.077187 -0.167474 0.055160 -0.110867
-0.204336 -0.258927 -0.320680 -0.192125 0.058911 -0.132505 0.065315 0.069619 -0.115215 -0.344448 -0.195737 -0.237725 0.401556 -0.003597 0.195886 0.123307 0.220550 -0.021663 -0.151765 0.141742 -0.038911 -0.105488 0.083701 -0.204166
-0.495205 -0.069286 0.061395 0.100377 0.208899 -0.093094 -0.047665 0.108006 0.144228 -0.144888 -0.195548 -0.118121 0.374843 -0.181244 0.143122 0.000528 -0.101648 0.200148 0.051001 0.272477 -0.165538 0.010130 0.126714 0.002550
-0.538797 0.135692 0.292582 0.326423 0.170595 0.037132 -0.139952 -0.028172 0.445492 0.178845 -0.071524 0.069396 0.062968 0.058820 -0.108693 0.111474 -0.264702 0.267460 0.011698 0.358887 0.083082 0.215305 0.006509 0.070038
-0.711680 -0.145692 0.320134 0.249397 0.089988 0.019985 -0.193382 -0.004540 0.115573 -0.165463 -0.093801 0.345128 -0.538288 0.208404 -0.060612 -0.075118 0.116117 -0.260415 -0.049591 -0.012548 0.438512 0.278497 -0.179960 0.197961
-0.309891 -0.172953 0.524760 0.243758 0.197317 0.065671 0.212596 0.049772 0.072095 -0.474836 -0.431332 0.042222 -0.331840 0.170462 0.378772 -0.033062 0.195605 -0.204516 -0.216774 -0.439775 0.098583 0.242323 -0.094281 -0.373568
0.206692 -0.006547 -0.035018 -0.290107 -0.137100 -0.068699 0.081543 0.020652 0.140714 -0.090324 -0.360139 -0.088959 0.056548 -0.277658 -0.010591 -0.129074 -0.515213 -0.334937 -0.364779 -0.204946 0.037735 -0.335384 0.144408 -0.694562
0.128324 0.341484 0.233448 0.225388 0.339791 0.301453 -0.155698 -0.055685 -0.237067 -0.190064 -0.147330 -0.344109 -0.201336 -0.017831 0.473896 0.154181 0.248807 0.297708 0.110821 -0.083470 -0.186539 -0.152941 0.267316 -0.032396
-0.008040 -0.349598 0.331738 -0.185404 -0.136181 -0.059729 -0.189427 -0.016019 -0.391711 -0.011923 0.178234 -0.000364 0.080553 0.058373 -0.154202 0.163658 0.012595 0.095197 -0.090868 -0.196839 0.165708 0.070191 0.138980 -0.103723
0.005491 -0.254539 -0.336489 -0.142932 0.213379 -0.039202 0.215349 0.028952 -0.176310 0.206152 0.180766 0.082643 -0.155303 0.013867 -0.176787 -0.216716 0.396227 -0.062228 0.006169 -0.295626 0.119384 0.599076 -0.278117 -0.004364
-0.095751 0.158445 -0.094346 0.016895 0.040998 -0.013782 0.221895 -0.104625 0.045035 -0.005978 -0.090040 0.242320 -0.106964 -0.201247 -0.068624 -0.048019 0.170038 0.102642 -0.125878 -0.045331 0.140245 0.007452 -0.170897 0.290649
0.072804 0.209175 0.124583 -0.205269 -0.291573 0.035453 -0.141575 -0.206111 0.127447 -0.069481 0.081636 0.171072 0.353612 -0.003438 -0.247277 0.127996 -0.321228 0.370395 -0.072013 -0.003168 0.038508 -0.528011 0.043320 -0.077866
0.180740 0.081217 -0.220805 0.089617 -0.245205 0.057450 0.136981 -0.175325 0.175999 0.176071 0.352985 -0.119908 -0.013235 0.056458 0.016052 -0.196014 -0.340080 -0.027582 -0.103329 0.095839 -0.094589 -0.167738 0.135810 -0.046319
-0.070268 -0.026549 -0.062210 -0.036631 0.003401 -0.143729 0.204703 -0.105447 -0.004497 0.242522 0.079901 -0.030188 0.002525 -0.000578 0.102189 -0.021663 -0.114014 -0.341532 -0.251239 -0.045646 -0.027527 0.119475 -0.105952 -0.072708
-0.052827 -0.030282 -0.052707 -0.031008 -0.009775 -0.340682 0.023828 -0.023387 -0.200221 0.024772 -0.173367 0.162642 -0.101376 0.270909 0.077437 0.119465 -0.149981 -0.341889 -0.240400 -0.093043 0.465199 0.378104 0.081339 -0.170960
-0.095710 -0.098953 0.292084 0.100221 -0.028562 -0.088697 0.085477 0.284180 0.196326 -0.052789 0.063805 0.192467 0.004557 -0.039073 -0.321645 -0.123901 -0.103096 -0.318184 0.400646 0.149094 0.081142 0.105941 0.168594 0.214979
-0.254251 -0.193051 0.242643 0.298105 0.124874 0.017229 0.033321 0.266267 0.067492 -0.102665 0.206436 0.109427 0.086476 -0.296296 -0.169572 0.127750 0.119087 -0.275492 0.230182 0.246005 -0.514796 -0.231815 -0.002807 0.190179
-0.146345 -0.183708 0.060347 0.095573 0.318696 0.138307 -0.119352 0.294105 0.177221 0.054908 0.183537 0.286860 -0.276675 -0.481846 0.071619 -0.087472 -0.100353 0.181268 0.063408 0.072617 -0.039543 0.075464 -0.017709 -0.004692
-0.211765 -0.085253 -0.058635 -0.081266 -0.030371 0.194536 -0.243535 0.104179 0.288142 -0.172722 0.175858 0.215789 0.135515 -0.110926 0.117648 0.151119 -0.166852 0.214699 -0.113248 -0.031652 0.223442 0.400590 0.110295 -0.114161
0.054279 0.244075 -0.021372 0.021572 -0.040587 0.063528 0.061591 -0.145450 -0.146915 -0.035276 0.117714 0.067501 0.230039 0.157790 -0.111229 0.278444 0.099029 0.019012 -0.050533 -0.108185 0.139083 0.543061 0.149684 0.002284
0.219865 0.314339 -0.202853 -0.029358 -0.116094 0.018399 0.375490 0.024072 -0.162694 -0.067790 -0.035871 0.107584 -0.048147 0.228815 -0.005920 0.158104 0.027044 0.091821 -0.012991 0.005850 0.043220 0.313539 0.072730 0.086776
0.156506 -0.058591 -0.187672 -0.363375 -0.234248 -0.005450 0.370783 -0.002222 -0.019907 -0.301628 -0.044493 -0.113928 0.146721 0.222572 0.143766 0.174129 0.004250 0.316690 -0.142235 0.494649 -0.029307 -0.442578 0.215530 0.011066
0.196942 -0.062778 -0.345861 -0.206716 -0.163378 0.052478 -0.167813 0.104414 -0.091837 -0.100581 -0.043109 -0.078992 0.031690 0.007266 -0.089766 -0.079453 0.190812 0.096813 -0.197900 0.135118 -0.027089 -0.388077 0.042374 -0.067140
0.239892 0.174116 -0.301604 -0.276532 -0.051524 -0.047196 -0.128664 0.068394 0.062802 -0.059481 -0.116962 0.109360 0.012566 0.152129 -0.127156 -0.093515 0.267034 -0.275198 -0.091128 -0.066024 -0.107295 -0.311027 0.069282 -0.056449
0.096317 -0.116140 -0.414570 -0.365735 0.110675 -0.170818 -0.226953 0.039820 -0.033950 -0.143116 -0.139300 -0.038799 0.277886 -0.078551 -0.025501 0.122259 0.036666 -0.289434 -0.185848 -0.103666 0.092105 0.109996 0.205458 -0.274107
-0.083563 -0.380185 -0.010687 -0.044952 0.050380 -0.198952 -0.126271 0.214428 -0.041023 -0.305695 -0.135697 0.032059 0.290733 -0.332486 0.083104 -0.196957 -0.083645 0.047011 -0.162064 0.151704 0.233187 -0.041002 -0.016333 -0.087057
-0.178322 -0.101814 0.226581 0.204053 -0.005023 0.056721 -0.128929 0.298607 0.347202 -0.062265 -0.180458 0.126139 0.301933 0.080909 0.209097 0.114693 -0.147334 0.345704 0.082603 0.180197 0.119088 -0.268695 0.025190 0.256333
-0.504088 0.042422 0.485211 0.202873 -0.196852 -0.145191 0.074495 0.061048 0.434092 0.015730 -0.147784 0.050790 -0.028224 0.151139 -0.096368 0.147072 0.060459 0.285697 0.110489 -0.065707 0.257006 0.158099 0.032630 0.183638
-0.834752 -0.149112 0.360396 0.147691 -0.138687 -0.155300 0.032318 -0.001916 0.151790 -0.134354 0.095925 0.307974 -0.456127 0.081765 0.150641 -0.165569 0.113770 -0.188671 0.049400 -0.370921 0.258380 0.276134 0.190655 0.140907
-0.467682 -0.119531 0.035599 0.189311 0.083360 -0.067332 0.432149 -0.077748 0.129507 -0.157506 -0.149951 0.036001 -0.054941 -0.131334 0.200492 -0.000247 0.005151 -0.300993 -0.161014 -0.268930 -0.174630 -0.116433 0.137084 -0.280382
0.298595 0.030005 -0.242252 -0.143323 -0.190663 -0.324628 0.315888 -0.154056 -0.300116 0.064177 -0.149684 0.322673 -0.017355 -0.417158 -0.308361 -0.024672 -0.511739 -0.095571 -0.252238 -0.220552 -0.029426 -0.564712 -0.126324 -0.468469
-0.007583 0.074421 0.116398 0.107432 0.026360 0.116387 -0.099338 -0.045879 -0.174721 -0.433610 -0.234152 -0.580429 0.082316 0.186619 0.381954 0.374525 0.208639 0.378968 -0.240768 0.138483 0.075899 -0.082639 0.326600 0.302502
-0.103024 -0.436162 0.102778 -0.294041 -0.276162 0.086228 0.130732 0.110038 -0.049816 0.229022 0.255828 0.213857 0.212498 0.090002 -0.052672 0.189567 -0.105512 0.048897 -0.063394 0.025176 0.119356 0.274832 -0.053193 0.005513
0.001897 -0.131550 -0.195735 -0.026689 -0.007052 0.043155 0.208774 -0.066825 0.135756 0.173167 0.212063 0.305234 0.028348 -0.040821 -0.060958 -0.377455 0.319384 -0.132888 0.152229 -0.113451 -0.073400 0.366712 -0.194775 -0.035338
0.048387 0.449715 0.149588 0.011720 0.137739 0.062750 0.218752 -0.066187 0.068562 0.009865 0.123807 0.241611 -0.269159 -0.193565 -0.237320 -0.210504 -0.074127 -0.075794 0.036704 -0.113819 0.108978 0.024282 -0.008569 0.099376
0.182561 0.192646 0.199408 -0.097688 -0.107218 -0.024297 -0.022107 -0.163009 -0.068817 0.063972 0.008671 0.162224 -0.012429 0.131582 -0.356403 -0.006448 -0.414801 0.235447 0.097141 0.085659 0.064395 -0.348082 0.063884 -0.163507
0.088320 -0.198720 -0.131118 0.068140 -0.086097 -0.138332 -0.014226 -0.026022 -0.031720 0.298608 0.221507 0.083486 -0.037144 -0.040450 -0.000149 -0.063742 -0.202273 0.047178 -0.262569 0.083598 -0.195891 -0.031039 -0.065478 -0.137843
-0.180650 0.113792 -0.060542 0.173988 -0.017088 -0.060654 -0.024011 0.067585 -0.010270 0.317357 0.039800 -0.034179 -0.250279 -0.023111 0.195015 -0.137868 -0.162052 -0.341131 -0.507974 -0.038479 -0.052709 0.266772 -0.007072 0.230566
-0.036784 -0.032458 -0.088866 -0.037245 -0.117933 -0.071787 0.051411 0.006776 -0.011883 0.014270 -0.200359 -0.005439 0.082514 0.167400 0.045805 0.189836 0.022986 -0.354303 -0.185407 -0.126736 0.217937 0.185406 0.234704 -0.088538
0.044657 -0.075642 0.283634 0.007240 -0.088797 0.087039 0.146790 0.259488 0.214762 -0.155767 0.039687 0.020214 0.330187 -0.061105 -0.130241 -0.122241 -0.044742 -0.317806 0.208613 0.001146 -0.044641 -0.150551 -0.061460 0.162955
-0.261615 0.094760 0.202449 0.143971 0.235336 0.049626 0.104106 0.203952 0.133904 -0.054757 0.127052 0.051184 -0.123640 -0.224238 -0.054256 -0.084924 0.314448 -0.175164 0.171102 0.144581 -0.115696 -0.161834 -0.053435 0.073648
-0.189343 -0.149725 -0.057210 0.043893 0.253241 -0.047043 0.034606 0.008102 0.244368 0.073866 -0.002869 0.305675 -0.401670 -0.326101 0.087063 0.042095 -0.072079 0.229376 -0.079533 0.023900 0.034010 0.139222 0.077308 -0.308147
-0.015251 -0.158975 -0.065744 0.351716 0.024294 0.127886 -0.047113 -0.232874 0.289399 0.015420 0.145366 0.013312 -0.055001 0.025048 0.080009 0.240889 -0.151743 0.108753 -0.099818 -0.111253 0.251992 0.407640 0.330876 -0.084694
0.334416 0.374329 -0.059192 0.129303 -0.186548 -0.094540 0.004166 -0.083158 0.253015 0.163215 0.275051 0.018850 0.352537 0.143196 -0.045410 0.101969 0.005777 -0.080640 0.045005 -0.170608 -0.101395 0.396928 0.464049 0.007814
0.454913 0.370920 -0.206488 -0.055960 0.013048 -0.243315 0.363974 0.306639 -0.041088 0.088952 0.045862 -0.030092 0.313317 0.014443 0.006616 -0.275670 0.214530 0.048832 0.009147 0.128141 -0.038302 0.162550 0.142910 0.207619
0.072701 -0.155667 -0.329556 -0.150084 -0.033419 0.098994 0.280203 0.089930 -0.052897 -0.146840 -0.289382 -0.112528 0.038080 0.083422 0.074407 0.051966 0.172868 0.370815 -0.036859 0.352472 -0.256495 -0.298382 -0.119055 0.075793
0.074180 -0.137944 -0.134452 -0.195989 -0.242701 0.287552 -0.172543 0.023841 0.042948 0.020524 0.135348 -0.145176 0.103166 -0.209240 0.034718 -0.026377 -0.032067 0.237968 -0.058789 -0.027099 -0.176675 -0.343815 -0.112744 -0.134686
0.029645 0.029818 -0.198917 -0.260524 -0.141293 -0.106723 -0.115630 0.018888 0.248202 0.290611 -0.094644 -0.169193 0.133420 -0.000293 -0.142022 -0.049134 0.152982 -0.037752 -0.109177 -0.048816 0.077535 -0.266377 0.232239 -0.019745
-0.099915 -0.131361 -0.011589 -0.137885 0.203136 -0.245287 -0.311338 -0.106449 0.168949 -0.000264 0.046885 -0.004908 -0.148930 -0.195385 0.074109 -0.165156 0.297019 -0.051882 -0.044839 0.011810 0.120487 0.178278 0.151591 -0.047071
-0.121113 -0.179556 0.144994 0.379332 0.006433 -0.045135 -0.154464 0.131321 0.279718 -0.086724 -0.077434 -0.081211 0.062251 -0.151511 0.352380 -0.174850 -0.058152 0.202563 0.037341 0.151650 0.119657 -0.053400 0.054768 0.197517
0.039717 -0.031931 0.383609 0.450313 -0.212027 -0.253501 0.149263 0.288613 0.220171 0.107268 -0.142440 0.037000 0.255921 -0.007943 -0.043118 -0.193876 -0.189250 0.368980 0.055583 0.253537 0.313178 -0.168526 -0.127764 0.372812
-0.270687 0.056670 0.484637 0.226487 -0.098480 -0.294423 0.155327 -0.056982 0.136169 0.143097 0.094359 0.137481 0.039612 0.004788 -0.216866 0.175090 0.098226 0.311218 0.050914 0.044115 0.060650 0.272369 0.053568 0.191742
-0.676395 -0.018585 0.181744 -0.123504 -0.219447 -0.245304 -0.019220 0.094397 -0.089189 -0.210949 0.199148 0.179898 -0.059391 -0.100795 -0.216019 0.130768 0.008918 -0.163196 -0.028763 -0.178279 0.183968 0.196030 0.142534 0.049163
-0.478476 -0.232969 -0.416957 0.045043 -0.132770 -0.282165 0.200698 0.007946 -0.103639 -0.008221 0.050363 0.055114 0.171899 -0.475001 -0.244394 0.095139 0.005761 -0.305255 -0.210945 -0.248914 -0.042639 -0.272157 0.059338 -0.412989
0.354130 -0.189930 -0.337666 -0.283037 -0.278140 -0.282594 0.249955 -0.274096 -0.170410 0.209571 -0.060081 0.238841 -0.115651 -0.281647 -0.354597 -0.000969 -0.456243 -0.034413 -0.206697 -0.343629 -0.398383 -0.674703 -0.075444 -0.575620
0.004269 -0.038477 0.464345 -0.031458 0.065733 -0.032969 0.002844 -0.024829 0.027727 -0.345245 -0.159596 -0.384292 0.038916 0.146044 0.206908 0.154081 0.035456 0.392686 -0.305045 0.213054 0.035308 0.114340 0.245102 0.240096
-0.194479 -0.344159 0.101945 -0.271178 -0.107986 0.426388 0.116229 0.251393 0.101081 0.107380 0.295570 0.309738 0.174426 0.031945 -0.123298 0.012757 0.259347 -0.087228 -0.050958 -0.016891 -0.037285 0.292044 -0.336336 0.239445
-0.045329 -0.142701 -0.119324 0.022898 -0.069456 -0.068944 0.114697 0.053626 0.080855 0.195143 0.137729 0.564016 -0.099004 -0.147583 -0.312735 -0.353870 0.462353 -0.195213 0.037694 -0.218530 0.083405 0.044848 -0.388266 0.156325
0.072542 0.403259 -0.094253 0.133633 0.119933 -0.180171 0.083966 0.009979 0.014364 0.094993 -0.098471 0.058429 -0.132021 -0.391422 -0.327511 -0.129613 0.143509 -0.254309 -0.011440 0.153080 0.204925 -0.113947 0.038590 0.140074
0.075744 0.171120 0.214963 0.009243 0.050508 0.169267 -0.192831 -0.163748 0.084602 0.208986 -0.121298 -0.063041 -0.183428 0.078511 -0.050493 0.125608 -0.515306 -0.045614 0.290975 0.047117 -0.033184 -0.062937 0.196401 -0.120463
-0.149069 -0.064138 0.109869 -0.038496 -0.117918 -0.014130 -0.030067 -0.058541 0.007333 0.064213 0.258759 0.216326 -0.141510 -0.031070 0.159144 0.021497 -0.245639 0.305727 -0.192188 0.070793 -0.369525 0.091620 0.035821 0.063000
0.093640 0.167875 0.191572 0.064260 -0.142292 0.045255 0.068718 0.102506 -0.109699 -0.108083 0.282391 0.020935 -0.166662 -0.124365 0.158810 0.158410 -0.112065 -0.105961 -0.326391 -0.147174 -0.204664 0.394822 0.100337 0.029961
0.097100 -0.071766 -0.008749 0.040766 0.070755 -0.013692 -0.001806 0.028456 0.054011 -0.080795 0.033594 -0.032688 0.005786 0.125366 0.079798 0.090743 -0.015403 -0.220800 -0.006669 -0.005234 0.132686 -0.157125 0.369460 -0.047507
0.119771 -0.018497 -0.160180 -0.206996 0.149449 0.161153 -0.097050 0.182652 -0.003296 0.058673 0.087230 0.085526 0.282947 -0.067964 0.055972 -0.079300 -0.040876 -0.021998 0.170135 0.136828 -0.028233 -0.235951 0.093196 0.146406
-0.175707 -0.031904 -0.104495 0.067635 0.139867 -0.117966 0.078749 0.054084 0.134537 0.102195 0.208212 0.006880 0.046716 -0.204249 0.043496 -0.031555 0.278260 0.139309 -0.015420 0.166666 -0.007555 0.162750 0.087884 -0.010487
-0.402794 -0.252865 0.000840 0.226807 -0.166967 0.049545 0.141522 -0.183960 0.207344 0.300539 0.150528 -0.052295 -0.126252 -0.259242 0.007213 -0.004696 0.176333 0.244876 -0.136177 -0.056380 0.117892 -0.009864 0.137310 -0.092742
-0.101493 0.020126 0.187111 0.173857 0.038588 -0.197359 0.219801 -0.186805 0.166703 -0.085048 0.077242 -0.341224 0.182782 0.110134 0.032252 0.185099 0.258212 0.064713 0.174220 -0.161413 0.298451 0.130147 0.103998 -0.022675
0.164881 0.334509 -0.007490 0.288744 0.054351 -0.106328 0.261834 0.080591 0.106257 -0.038849 0.079563 -0.392186 0.471404 0.123695 -0.066047 0.074332 0.222481 -0.127107 0.245868 -0.061100 0.077129 0.400088 0.429690 0.014581
0.271602 0.409520 -0.074452 0.129873 0.102980 -0.011937 0.400203 0.285699 -0.026997 0.130921 -0.204246 -0.061930 0.159412 0.086349 -0.033847 -0.049085 0.291672 0.156900 0.096408 0.203499 -0.073345 0.246395 -0.100258 0.143593
0.048279 -0.161583 -0.208893 -0.065769 0.177902 0.062138 0.143070 0.254304 0.043356 -0.261658 -0.336505 -0.240422 -0.082744 -0.110635 -0.083186 -0.082268 0.143142 0.494185 0.019670 0.139255 0.038525 -0.041047 -0.379471 0.291955
-0.093579 -0.200097 0.184239 -0.347051 -0.021488 0.013677 -0.294855 0.088227 0.031945 -0.079264 -0.117156 -0.198529 -0.016857 -0.224650 -0.136277 0.099041 -0.168026 0.151898 -0.067102 0.138368 0.095072 -0.242002 -0.324774 -0.017806
-0.115751 0.315532 0.223781 -0.143423 -0.135196 -0.328371 -0.250835 0.021027 0.181685 0.552087 0.136281 0.026316 -0.012199 0.113627 0.034207 -0.196947 0.157476 -0.203556 -0.231378 0.078184 -0.066370 -0.047872 0.098144 -0.009407
-0.184487 0.020929 0.100213 0.125734 -0.153592 0.084262 -0.250838 -0.265008 0.055268 0.378101 0.296127 -0.100613 -0.254404 0.241267 0.033689 -0.285533 0.106183 -0.054683 0.089524 0.072897 -0.128794 0.121813 0.092337 -0.000589
-0.038023 -0.238556 0.394082 0.404605 -0.155845 0.050041 -0.043961 0.050831 0.205934 0.203885 0.087966 -0.411510 0.216783 0.040554 0.295041 0.030216 -0.142251 0.285545 0.049005 0.055310 -0.022341 0.005983 0.135877 0.158563
-0.012176 0.103129 0.116474 0.465442 0.151424 -0.144579 0.249748 -0.057923 0.106457 0.284060 -0.146081 -0.075327 0.327520 -0.250792 0.005795 0.055149 -0.022774 0.392920 0.226945 0.067359 -0.022796 0.221110 0.197834 0.267086
-0.418727 0.086190 0.382792 0.357202 -0.147680 -0.308956 -0.005560 -0.362389 0.020411 0.036815 0.067070 0.189292 0.232569 -0.129332 -0.066495 0.235931 0.010206 -0.126096 0.147334 -0.057155 -0.272828 0.519350 0.362724 0.068094
-0.655344 0.040134 0.339182 0.113873 -0.220171 -0.330894 -0.267902 -0.075654 -0.204084 -0.128164 0.053558 0.263140 0.119456 -0.421785 -0.233998 0.416132 0.027488 -0.369920 -0.113756 -0.366754 -0.081810 0.179119 0.249190 -0.207874
-0.319199 -0.263588 -0.365361 0.086186 0.033968 -0.269766 0.213444 0.002184 0.119283 0.155700 -0.258803 0.107362 0.168723 -0.425156 -0.447913 0.509287 -0.115542 -0.083660 -0.319285 -0.361167 -0.056893 -0.207387 -0.085885 -0.560609
0.411009 -0.162094 -0.363955 -0.419978 -0.250035 -0.008165 0.361055 -0.270860 0.108297 0.058293 -0.198565 -0.107182 0.010218 -0.037152 -0.064896 0.030133 -0.361206 0.004021 -0.674127 -0.293890 -0.104230 -0.655738 -0.237581 -0.509594
0.165922 -0.025668 0.601374 0.277448 0.431282 -0.067199 0.059919 -0.028343 0.288251 -0.186000 0.101392 -0.529594 -0.047199 -0.066790 0.331768 0.205668 -0.121629 0.294124 -0.191034 0.069305 -0.644155 0.106806 0.163663 -0.166723
-0.015081 0.040411 -0.056075 -0.217373 0.158991 0.263621 0.136392 0.035963 0.164164 0.070074 -0.008039 0.129103 -0.275347 0.170726 -0.020631 0.004204 0.025936 -0.251629 -0.127168 -0.335756 -0.181031 0.480142 -0.218700 -0.000980
-0.036400 -0.109951 -0.271538 -0.093315 -0.212267 -0.047977 0.035131 -0.106046 -0.035856 0.117257 -0.119200 0.588732 -0.344180 0.183768 -0.491146 -0.366083 0.214047 -0.277323 -0.112635 -0.262670 0.226492 0.106570 0.015818 -0.046231
0.024302 -0.152920 -0.023828 -0.176361 -0.175995 -0.371805 0.090488 0.238544 0.065564 0.305997 -0.201879 0.291976 -0.143156 -0.187351 -0.153272 -0.084308 0.388129 -0.423124 0.112233 0.010023 0.175299 -0.082646 0.134309 0.190311
-0.284047 -0.020028 0.180768 0.003168 0.043496 0.232385 -0.134237 -0.018354 0.071951 0.236172 -0.107929 -0.006656 -0.053092 -0.141938 0.226612 0.228270 -0.328480 -0.000211 0.176659 0.183191 -0.176721 0.143026 0.100863 -0.140537
0.024993 -0.002118 0.136764 0.069482 -0.202924 0.126065 -0.167112 -0.251937 -0.081880 -0.164167 0.146751 0.025708 -0.028129 0.047763 0.075001 0.337691 -0.398674 0.360417 -0.405640 0.280624 -0.341503 -0.022993 -0.069807 -0.038657
0.149235 0.162111 0.172022 0.065965 -0.248066 0.240099 -0.028994 0.043853 -0.021612 -0.364618 0.168827 -0.212496 -0.102505 -0.144357 0.202613 0.030540 0.064559 0.264217 -0.236189 0.014501 0.074522 -0.051015 0.144129 0.298066
0.241775 0.039632 0.020312 0.063246 0.144638 -0.026642 0.135904 -0.112062 0.178845 -0.193853 -0.061556 -0.027760 0.020888 -0.092326 0.225775 0.023640 0.220359 -0.148606 -0.041389 0.031017 0.471344 -0.276361 0.213651 -0.008511
0.045729 -0.178907 -0.294265 0.170218 0.046018 -0.112950 0.105659 -0.030765 0.146639 0.118787 0.280066 -0.020507 0.311799 0.093805 0.063019 -0.026569 0.171550 0.057637 0.270718 0.151722 0.057919 -0.176089 0.033520 0.154692
-0.252765 -0.206011 -0.061770 0.157395 -0.241157 -0.179297 -0.065408 -0.345585 0.202546 0.117159 0.161725 -0.176035 0.096269 -0.130168 -0.110757 -0.129471 -0.065771 0.167199 0.127410 0.380079 0.096835 0.213737 -0.033502 0.063242
-0.287492 -0.102991 -0.123613 0.213194 -0.139201 0.010098 -0.016039 0.045345 0.285943 0.371559 0.189730 -0.385629 -0.077019 -0.128640 0.198980 -0.359022 0.148448 0.275344 -0.025276 0.120742 0.194401 0.061496 0.093431 -0.169659
-0.182627 0.367523 -0.132135 0.185554 -0.026483 -0.163196 0.196685 0.216483 -0.079826 0.114606 -0.116765 -0.426879 0.331789 -0.070563 0.212746 -0.164547 0.230096 0.199782 0.338215 -0.223697 0.429950 0.162570 0.343792 -0.094183
0.090934 0.313249 0.002308 0.236111 0.066479 -0.081721 0.312013 0.191184 -0.086675 -0.130567 -0.009968 -0.264867 0.399666 0.127062 -0.041406 0.268825 0.212960 0.040708 0.066354 -0.048873 0.234312 0.262958 0.120364 0.120025
0.341920 0.118144 0.007920 -0.121570 0.185120 0.116386 0.399816 -0.063335 -0.103284 -0.224049 -0.164214 -0.032005 0.181823 0.248681 -0.080744 0.102412 0.142010 0.019971 -0.116249 0.230904 -0.010327 -0.030431 -0.207680 0.177216
-0.037070 -0.137924 0.036849 -0.210083 -0.013579 0.151514 0.079017 0.210933 -0.058182 -0.254502 -0.113536 -0.271956 -0.147886 -0.031686 0.042684 0.171064 -0.266507 0.068416 0.061001 0.034255 0.037406 -0.034881 -0.239636 0.138742
-0.314082 0.083851 0.222485 -0.221544 0.189667 -0.151461 -0.066394 0.137758 0.100777 0.106626 -0.148294 -0.043928 -0.133768 -0.142272 0.088406 0.015601 -0.136854 0.014327 -0.046414 -0.064653 -0.025055 0.166977 -0.302078 -0.169426
-0.045452 0.098684 0.157642 0.185460 0.111231 -0.299368 -0.243894 -0.070809 0.002131 0.528172 0.014462 0.156696 -0.304043 0.325459 0.185191 0.073871 0.091342 -0.165079 0.178408 0.111479 -0.130341 0.196617 -0.166635 -0.201053
0.343829 -0.299397 0.160144 0.455846 -0.126338 0.117949 -0.088823 -0.217156 0.030386 0.466352 0.018030 0.109904 -0.295104 0.246604 0.141994 -0.064511 0.118808 -0.023182 0.077707 0.110424 0.028779 0.177669 -0.001519 -0.087071
0.233326 -0.115203 0.411042 0.348898 -0.107787 0.080583 0.070954 -0.068498 0.031146 -0.072910 -0.026951 -0.107962 0.157159 -0.164167 0.045978 0.190483 -0.209870 0.040949 0.192269 -0.068321 0.049403 0.136500 0.292020 0.039905
-0.080919 0.177143 0.134365 0.202072 0.062790 -0.051682 -0.025787 -0.076732 0.133479 -0.188086 -0.371588 -0.199693 0.321911 -0.348265 0.142522 0.128906 -0.141650 0.146670 0.222693 -0.042489 -0.083659 0.114581 0.299956 0.088648
-0.430625 0.223076 0.223836 0.032358 -0.131065 -0.048579 -0.194407 -0.225453 -0.065513 -0.123825 -0.155166 0.064621 0.212271 -0.099034 -0.028665 0.238349 0.009320 -0.017093 -0.026508 -0.210357 -0.290916 0.294583 0.165936 0.082861
-0.344665 0.099153 0.221104 -0.187918 -0.037150 -0.255732 -0.063463 -0.009135 0.206654 0.121704 -0.008102 0.533462 0.080039 -0.321584 -0.242870 0.280668 -0.073665 -0.246596 -0.357762 -0.425630 -0.019579 0.168055 0.164561 -0.453476
-0.149751 -0.181890 -0.321531 0.068383 0.394742 -0.055375 0.345173 -0.054634 0.234369 0.087624 -0.260432 0.272265 -0.199024 -0.284551 -0.239575 0.285857 -0.083272 0.034095 -0.270844 -0.355155 0.100471 -0.021671 -0.191329 -0.634770
0.425336 -0.234038 -0.421887 -0.188491 -0.272748 0.493197 0.394057 -0.191594 -0.088209 0.008825 -0.255890 -0.244508 -0.041064 0.313762 0.211366 -0.090958 -0.246984 -0.099070 -0.460268 -0.036512 0.086910 -0.290827 -0.264367 -0.359525
-0.204020 0.152308 0.331871 0.292026 0.128289 0.132934 -0.023207 -0.077955 0.332398 -0.013016 0.176988 -1.037900 0.155636 -0.087391 0.071974 0.008197 -0.079945 0.303742 -0.263770 0.031175 -0.386170 -0.187840 -0.008697 0.152360
-0.092406 -0.143944 -0.180154 0.045895 -0.048846 -0.052097 0.041670 -0.113712 0.073100 0.203046 -0.357957 -0.138483 -0.142071 0.115247 -0.283775 0.035629 -0.310377 -0.065904 -0.318087 0.053078 0.090049 0.427642 -0.053754 0.117753
0.007020 -0.294650 -0.340149 -0.077546 -0.217273 -0.189944 -0.142209 -0.031193 -0.029431 0.384398 -0.000568 0.395220 -0.258099 0.108677 -0.431731 -0.179983 -0.128255 -0.187490 -0.153027 0.053753 0.205724 0.060338 0.367915 -0.126937
-0.188362 -0.162978 0.058532 -0.108376 -0.196879 0.086173 0.057505 0.025039 0.107284 0.374944 0.109531 0.172730 -0.053835 -0.021057 0.014318 -0.048952 0.232836 -0.131106 0.172695 0.306775 -0.052105 -0.119544 0.250143 0.200162
-0.147884 -0.036215 0.064877 -0.035370 0.071424 0.137280 -0.006633 0.209393 -0.085044 0.091322 0.051852 0.025006 0.342903 -0.208096 0.492848 0.203700 -0.248756 0.239863 0.162136 0.302178 -0.224585 0.319992 -0.207945 0.217625
0.241561 0.208219 -0.099401 0.096161 0.084909 0.118913 -0.075979 -0.009620 -0.206459 -0.102592 -0.002284 0.094892 -0.080273 -0.289371 0.134767 0.313102 -0.160447 0.437029 0.036115 -0.045114 -0.080899 0.022064 -0.234850 -0.009756
0.194173 0.054503 0.070799 0.061867 0.152955 0.375679 -0.002222 -0.255470 0.008474 -0.019569 0.109948 -0.174510 -0.246943 -0.333219 0.222513 0.198297 0.323734 0.284220 -0.092564 -0.228306 0.140451 -0.059828 0.181736 0.163410
-0.037222 -0.086540 -0.024601 0.170026 0.020976 -0.113122 0.210474 -0.236477 0.184270 0.022645 0.218584 -0.121658 0.176151 0.072234 0.050308 -0.006663 0.484023 -0.056384 -0.066512 -0.123435 0.413618 -0.003295 0.143358 0.241411
-0.045290 -0.274747 -0.048239 0.289393 0.012580 -0.514251 0.055178 -0.109558 0.220948 -0.062599 0.344693 0.208672 0.051904 0.348393 -0.256606 -0.189684 -0.045365 -0.312585 -0.174852 0.076286 0.165813 0.133849 -0.049989 0.085032
-0.183164 -0.065600 0.172118 0.082434 -0.085466 -0.194291 -0.167008 -0.005632 0.323893 -0.173418 0.108562 -0.293974 -0.269115 -0.086862 -0.150050 -0.382730 -0.049885 -0.290295 0.328288 0.373472 0.304198 0.242908 -0.236576 -0.269725
0.046601 0.023905 -0.074497 0.024220 -0.100107 0.029280 0.110676 0.202522 0.148751 0.015346 0.016057 -0.512112 -0.325370 -0.089032 -0.081600 -0.195976 0.143134 -0.198310 0.128671 0.164537 -0.025464 -0.183679 0.056493 -0.338630
0.011919 0.556129 -0.128003 0.199388 0.158401 0.025733 0.061396 0.215979 -0.136112 0.181502 -0.135687 -0.188861 0.255644 0.091865 0.082202 0.252139 -0.003690 0.110226 0.145542 -0.169288 0.010563 -0.275755 0.410844 -0.105654
0.285101 0.469819 -0.037843 -0.144781 0.176999 0.032764 0.093789 0.240430 -0.103056 -0.182794 -0.160316 0.097897 0.496858 0.272309 0.197140 0.427282 0.072915 0.022786 -0.085326 -0.066619 -0.159827 0.094924 0.090623 -0.223979
0.054551 -0.118226 -0.112584 -0.282473 0.138497 -0.014862 0.110904 -0.092234 -0.186791 -0.106738 0.084844 -0.113938 0.285771 0.241217 -0.140218 0.167687 -0.116941 0.120921 0.055738 0.133484 0.201692 -0.117790 -0.215915 -0.074412
-0.169300 -0.182354 0.201386 -0.308253 -0.091937 0.019549 0.154978 -0.110307 -0.015374 -0.260552 -0.001395 -0.234526 0.063740 -0.059271 0.030439 -0.131461 -0.306192 0.145353 -0.015274 -0.077619 0.083032 -0.204684 -0.187226 -0.054791
0.004068 -0.097881 0.277433 -0.401926 -0.109285 0.130980 -0.354074 -0.346909 -0.199336 -0.042858 -0.044316 0.034680 -0.105399 0.013335 -0.035075 0.147623 -0.199541 -0.149385 -0.168001 0.035099 -0.275491 0.065671 -0.159459 0.054341
0.077913 -0.078818 0.067075 0.111263 -0.026591 0.171846 -0.264170 -0.206799 -0.302903 0.477235 -0.154571 0.195466 -0.128003 0.294833 0.038245 0.337259 0.312732 -0.133141 0.044447 0.176557 0.133333 0.324138 -0.511582 -0.032027
0.358661 -0.137762 0.222333 0.563336 0.089843 0.150895 -0.177766 -0.050308 0.202784 0.211787 -0.172765 -0.029519 -0.089057 -0.022913 0.170116 0.185601 0.130798 -0.192604 0.135863 0.025014 0.339464 0.123454 0.040595 -0.070582
0.282885 0.002939 0.271144 0.310301 0.139973 -0.183536 0.027271 0.240886 0.294181 -0.374753 -0.206201 -0.049635 -0.201983 -0.419406 0.159482 0.065398 -0.059641 -0.339710 0.228049 -0.297116 0.236464 0.047433 0.187806 0.049172
-0.142294 0.101070 0.043185 0.206172 0.102130 -0.239800 0.194907 0.152782 -0.021025 -0.042932 -0.318846 0.015155 -0.011916 -0.370625 0.109190 0.083400 -0.276922 0.087207 0.360196 -0.270216 -0.209275 0.151963 0.148183 0.069034
-0.301127 0.164230 0.077682 0.089284 -0.004651 0.019503 0.329413 -0.099664 0.116366 -0.134737 -0.359353 0.061657 -0.024140 0.136725 -0.038998 0.263479 -0.233912 0.226508 -0.064297 -0.043328 -0.261981 0.019242 0.051098 -0.149219
-0.121728 0.353728 -0.129919 -0.359136 -0.035582 -0.040149 -0.001813 0.112729 0.313870 -0.056316 -0.066998 0.321083 0.053853 -0.277261 -0.223140 0.075277 -0.004256 -0.050255 -0.173911 -0.077612 -0.050333 -0.137410 0.048761 -0.442694
0.065527 0.090905 -0.466379 -0.261821 0.148704 0.149399 0.309209 0.245566 -0.170049 -0.038290 -0.456727 0.104196 -0.080983 -0.286144 -0.156939 0.081541 0.063022 -0.161988 0.104603 -0.070049 0.188534 0.198494 -0.450854 -0.433933
0.391662 -0.223832 -0.575463 -0.052707 -0.394893 0.382523 0.235528 -0.097180 -0.229759 0.253068 -0.288626 -0.328459 0.057613 0.382490 0.249886 -0.260884 0.022579 -0.002392 -0.187357 -0.019636 -0.057939 -0.173610 0.000101 -0.088121
-0.133263 -0.227812 -0.029780 0.105004 -0.013891 -0.092815 -0.192680 0.025408 0.242561 -0.134358 -0.326956 -0.712660 0.210196 0.273055 -0.276201 -0.117224 -0.357805 0.269605 0.028614 -0.089419 0.095470 -0.435964 0.153733 0.340492
-0.051584 -0.515265 -0.263093 0.295667 -0.042396 -0.076324 -0.211210 -0.133590 0.139689 0.050713 -0.247274 0.080639 -0.141432 0.045639 -0.381463 -0.096791 -0.263240 0.044816 -0.352669 0.087673 0.271907 0.290607 0.044444 0.161899
0.018053 -0.334822 -0.464621 0.149240 -0.249948 0.388778 -0.181420 -0.016438 0.074013 0.283786 0.036753 0.299072 -0.120697 0.032491 -0.310085 -0.151907 0.285576 -0.301808 -0.332697 0.066124 -0.164425 -0.036038 0.067141 -0.100668
-0.051473 0.174267 0.213036 0.074278 -0.122812 0.489293 0.158513 0.118934 0.027611 0.214191 0.057521 -0.060773 0.060012 -0.108300 0.354730 -0.252952 0.289088 -0.252797 0.047185 0.118821 -0.137306 -0.029105 -0.247044 0.053006
0.091399 0.018706 0.007330 0.064258 0.311701 0.265124 0.054926 0.076704 -0.130778 0.093376 0.113183 -0.201588 0.247578 -0.261359 0.405009 0.148135 -0.298489 0.212550 -0.007513 0.065586 -0.187514 0.420876 -0.278614 0.246147
0.118552 -0.037779 -0.231110 -0.014835 0.246127 -0.025701 0.247605 -0.211957 0.000866 0.014252 0.314296 0.076361 0.030749 -0.199084 0.017694 0.474263 -0.205755 0.533088 0.051298 -0.071535 0.003833 0.217671 -0.191037 -0.170264
0.007560 -0.173383 -0.057901 0.072022 0.169140 0.066212 0.218065 -0.282953 0.253648 0.175844 0.439733 0.160261 0.125043 -0.335564 0.024151 0.162173 0.186283 0.133229 0.210379 -0.303264 0.092226 0.095546 0.030927 0.027519
-0.183222 -0.230175 -0.022101 0.084660 -0.155385 -0.379083 0.254886 -0.173459 0.236321 -0.131241 0.492392 0.032997 0.078447 0.131028 -0.052192 -0.091014 0.354502 -0.397963 0.157330 -0.142351 0.188380 0.127585 0.003287 0.244396
-0.142946 0.002736 0.262717 0.162680 -0.252796 -0.308636 0.250762 0.146668 0.223397 -0.220731 0.306937 -0.178889 -0.126539 0.286963 -0.104631 -0.084343 -0.017436 -0.619138 -0.125002 -0.009189 -0.054458 0.153237 0.116002 -0.054003
-0.062651 0.122414 0.083629 0.155342 -0.153637 -0.024597 0.045775 0.288668 0.232722 -0.227107 -0.230063 -0.388026 -0.154695 -0.204703 -0.128718 -0.136446 -0.097221 -0.186929 -0.100029 0.238652 0.050617 0.241354 0.066281 -0.367607
0.152405 0.130598 -0.255516 -0.032639 0.125530 0.243618 0.042911 0.066900 -0.119115 0.128587 -0.348304 -0.266468 -0.253660 -0.066227 -0.193257 -0.027631 0.062462 0.026574 0.030460 -0.086166 -0.092061 -0.108115 0.187716 0.106942
0.046722 0.420978 0.120623 -0.006844 0.243997 0.422874 0.077562 0.153684 -0.401654 0.065263 -0.403105 0.018977 -0.170335 0.177354 -0.087992 0.082815 0.121632 0.003071 0.239889 -0.038443 -0.142184 -0.310314 0.047382 0.039659
0.088373 0.464781 0.169318 -0.108853 0.242859 -0.021705 0.250649 0.434596 -0.149142 -0.252384 -0.320610 0.243607 0.272801 0.231137 0.210854 0.347194 0.186016 -0.108373 0.308543 -0.008667 0.102010 -0.100564 -0.075089 -0.228500
0.057220 -0.048353 0.015953 -0.374275 0.215802 -0.178295 0.275770 0.152221 -0.280846 -0.058734 -0.092515 -0.056889 0.317645 0.273616 0.057098 -0.073845 -0.305045 0.049373 0.101846 -0.013798 0.089308 -0.047222 -0.261079 -0.127801
-0.101255 -0.055943 0.232868 -0.491669 -0.017189 -0.130266 0.066741 -0.419847 -0.264316 -0.250245 -0.245754 -0.143857 0.156235 -0.279901 -0.006503 -0.275116 -0.263058 0.240225 -0.266606 0.041739 0.033072 -0.292529 -0.233040 0.031426
0.042048 -0.402847 0.083273 -0.388502 -0.181673 0.350692 -0.309827 -0.574133 -0.016160 -0.019402 -0.045886 0.197007 0.085439 -0.262528 -0.204085 -0.050137 0.173795 -0.090675 -0.280093 0.118331 -0.154286 -0.073052 -0.296419 0.236968
0.019572 -0.154536 0.187886 0.061267 0.000441 -0.014434 -0.223093 -0.236082 -0.041437 0.400537 0.115907 0.070821 -0.026701 -0.114924 0.033115 0.168266 0.077175 -0.307545 0.028840 0.119293 0.327277 0.089410 -0.392380 0.122351
0.313375 -0.029500 0.232235 0.266758 -0.068382 -0.123135 0.160727 0.256498 0.331936 -0.005196 -0.053271 -0.197496 -0.134698 -0.191785 0.065172 -0.138191 0.007812 -0.076032 0.015018 0.033777 0.465872 -0.296284 0.260650 0.331360
0.159432 -0.132472 -0.088827 -0.016568 -0.251864 0.042338 0.031322 0.299612 0.080487 -0.336507 0.099256 0.007948 -0.202963 -0.393248 -0.052914 0.100426 0.199548 0.090621 0.226495 -0.242068 -0.082559 -0.285381 0.264799 0.268385
-0.243290 0.102997 -0.249299 -0.003231 0.213462 -0.003763 0.247152 -0.135651 -0.200076 0.084619 0.026633 0.030225 -0.467375 -0.011786 -0.010205 0.041574 -0.280768 0.328280 0.444299 -0.126022 -0.335718 0.027788 -0.094919 -0.260533
-0.181805 0.249565 -0.347438 0.038695 0.237140 0.072067 0.604238 0.016520 0.197913 -0.062180 -0.007116 0.159170 -0.160079 0.079165 0.037547 0.255965 -0.077746 0.103560 0.040098 -0.109936 -0.354184 -0.091206 -0.064409 -0.428477
0.014628 0.499786 -0.113294 -0.400760 0.135394 0.001586 0.289775 0.250730 0.213187 -0.060879 0.019080 0.120194 0.043742 -0.280684 0.003992 0.323427 0.059607 -0.068192 0.006628 -0.093528 0.141863 0.198382 -0.113714 -0.284514
-0.068284 0.156751 -0.093259 -0.281455 0.037140 -0.264632 0.061750 -0.027260 -0.248425 0.081909 -0.274833 -0.050078 -0.071105 -0.354051 -0.062452 0.166244 -0.062151 -0.308381 0.027192 -0.159922 0.247012 0.134697 -0.253348 -0.301476
-0.085692 -0.254484 0.034758 -0.095190 -0.344997 -0.068803 -0.146924 -0.388068 -0.118508 0.100675 -0.054956 -0.136873 0.155241 0.144365 0.089149 -0.034475 -0.083339 -0.026700 -0.499178 -0.031361 -0.051885 -0.305762 0.288807 0.014674
0.227687 0.180768 -0.294083 -0.000794 -0.062087 -0.305875 -0.011535 0.291803 0.225671 0.100225 -0.439366 -0.290674 -0.055140 0.543402 -0.480504 -0.137007 -0.442961 0.055652 0.101789 -0.146438 0.290854 0.048668 0.076577 0.266096
-0.208033 -0.298617 -0.132575 0.240573 0.065195 0.097684 -0.055620 0.003373 0.398959 0.178399 -0.203743 0.028153 -0.094776 0.356957 -0.284796 0.054491 -0.271318 -0.088420 -0.143631 0.065506 -0.195534 0.336673 0.236670 -0.195642
-0.075515 -0.127309 -0.044548 0.123133 0.120949 0.836302 -0.005381 -0.087631 -0.043756 0.191707 0.257128 0.150441 -0.313488 0.045245 0.228840 0.047122 0.378290 -0.066218 -0.290488 -0.193609 -0.164521 0.179428 0.220369 -0.252808
-0.042415 -0.094511 -0.001930 0.128273 0.014902 0.787036 0.089456 0.021378 -0.247557 0.176489 0.187210 -0.152751 0.091158 -0.341635 0.615649 -0.140725 0.226399 -0.343401 0.087032 -0.007066 -0.038207 0.097189 -0.367793 0.073360
0.149779 -0.341971 -0.282157 -0.096958 0.158640 0.366200 -0.170302 -0.253979 0.222721 0.042226 0.511198 0.006350 0.616579 -0.237710 0.248434 0.253500 -0.251312 -0.049747 0.012491 0.059380 -0.133488 0.224532 -0.413599 0.039957
-0.037503 -0.301262 -0.078891 -0.112646 0.024459 -0.241740 0.230685 -0.445339 0.389786 0.140794 0.786442 0.083435 0.605241 -0.124236 -0.128556 0.393020 -0.186987 0.373362 0.085925 -0.023408 -0.357640 0.062590 0.004318 -0.360727
-0.034158 0.114898 0.048137 -0.251133 -0.020360 -0.409958 0.158901 -0.213720 0.291094 0.046507 0.510957 0.174403 0.141706 -0.131352 -0.180178 0.216573 0.136333 0.100897 0.190965 -0.074712 -0.022874 -0.078179 -0.071540 0.013062
-0.099043 0.327891 0.055052 0.018333 -0.040062 -0.756676 0.271401 0.239026 0.031288 -0.313207 0.251729 -0.091702 -0.214390 0.255607 0.054173 0.015480 0.339683 -0.201247 0.456432 -0.238427 0.183090 -0.005637 -0.040638 0.075135
-0.178921 0.076727 -0.025335 0.434548 -0.134270 -0.296577 0.084601 0.678588 0.119066 0.008388 -0.193601 -0.142320 -0.152417 0.161091 -0.165440 -0.094640 0.037837 -0.149737 0.109418 0.021779 0.003630 0.005398 0.125773 -0.072045
0.074657 -0.206055 -0.107268 0.552046 -0.136953 0.128170 -0.001589 0.507718 0.044956 0.173257 -0.444855 -0.436804 -0.130015 -0.390025 -0.206580 -0.101228 -0.074809 0.021216 -0.063426 0.097764 0.059953 -0.025923 0.443890 0.109857
0.069752 0.053919 -0.010717 0.049041 0.169814 0.355901 0.441104 0.233941 -0.268156 0.260387 -0.327767 -0.150093 -0.198466 -0.115767 0.150330 -0.225040 -0.128004 0.160481 -0.079878 -0.253124 0.188249 0.093638 0.163461 0.159437
-0.184818 0.135690 0.207373 -0.192651 0.267964 0.250619 0.221969 0.354290 -0.317575 -0.150612 -0.360463 0.178618 0.016341 0.258620 0.180759 0.064145 0.165150 0.166269 0.076772 0.043928 0.107850 0.036253 -0.205609 -0.039775
0.132239 0.256582 0.194349 -0.298581 0.085162 0.059507 -0.047162 0.192524 -0.147142 -0.609170 -0.183978 0.173829 0.214247 0.084694 0.009118 0.183401 0.003598 0.103203 0.060159 0.090865 -0.004266 -0.247368 -0.053054 -0.006222
0.429800 -0.327902 -0.018701 -0.384974 0.203829 0.139073 -0.115341 -0.330544 -0.306653 -0.437591 0.002499 -0.137397 0.186131 0.169005 -0.171827 0.060186 -0.267989 -0.032367 0.143018 -0.155698 0.022685 -0.142222 -0.271646 -0.004278
0.102874 -0.188997 -0.261671 -0.500170 -0.242389 0.243623 -0.084529 -0.677493 -0.158135 -0.211270 -0.116869 -0.039482 -0.060574 -0.013721 -0.262752 -0.068353 0.007983 0.074718 0.058178 0.054717 0.092500 -0.186865 -0.437148 -0.078011
0.038282 -0.147492 -0.124050 -0.084919 -0.303657 0.047151 -0.231011 -0.340660 0.328517 0.150594 0.035005 0.370080 -0.073266 -0.059168 -0.272875 -0.205706 0.281389 -0.186346 0.199213 0.032224 -0.002879 -0.141485 -0.186682 -0.041128
0.100796 -0.009704 0.074094 -0.019996 -0.000062 -0.119906 -0.125005 0.096574 0.230922 0.070298 0.021599 0.104099 -0.135993 -0.117854 0.043991 0.151753 0.037637 -0.091142 0.054116 -0.158329 0.269091 -0.090959 0.109322 0.242181
0.209065 0.089460 0.115087 0.062938 0.069618 0.169700 0.194605 0.308648 0.008709 -0.288682 0.016197 -0.230728 -0.293203 0.037664 0.081430 -0.003518 -0.041852 0.295004 -0.109845 -0.029553 0.140712 -0.174019 0.294753 0.427833
-0.035793 -0.026554 -0.186604 0.254834 -0.228936 0.367889 0.172497 -0.001009 -0.008538 -0.129297 0.176983 -0.123987 -0.171255 0.070154 0.180620 0.067428 0.004658 0.323531 0.117227 -0.051794 -0.361700 -0.197752 -0.034912 0.158589
-0.183529 0.033478 -0.249135 0.018929 0.243366 0.254168 0.037153 -0.231750 -0.057527 0.021472 0.004553 -0.078932 -0.152519 0.044726 0.209840 -0.062930 -0.208743 0.110405 0.162230 -0.035633 -0.165944 0.122479 -0.054673 -0.189594
0.087634 0.464175 -0.273483 -0.187750 0.306740 0.147738 0.206859 -0.028910 0.142498 -0.123978 0.076954 0.073103 -0.115491 0.037082 0.044782 -0.012180 -0.214822 0.057500 -0.039681 0.011347 0.001246 0.251018 -0.057363 -0.102777
0.143196 0.453615 0.162197 -0.350329 0.074739 -0.373617 -0.093335 0.203050 -0.179522 -0.048779 0.133080 0.333340 0.029907 -0.094131 0.064912 0.289662 -0.051057 -0.104500 -0.044743 -0.265605 0.243479 0.125312 -0.110757 -0.321139
-0.287968 0.259182 0.335411 -0.312040 0.253535 -0.498169 -0.111756 0.030030 -0.055680 0.023132 0.231232 0.225604 -0.138984 -0.271528 -0.040597 -0.138484 -0.380303 -0.377372 -0.047281 -0.395831 0.143263 0.183630 -0.096694 -0.149743
-0.303431 -0.313773 0.107351 -0.101795 -0.128401 -0.109879 -0.053747 -0.342742 0.084029 -0.098585 0.119715 -0.026624 -0.091311 0.068969 0.144120 -0.255156 -0.274283 -0.075605 -0.065219 -0.210559 0.000965 -0.319845 -0.235169 0.223475
0.236656 0.271046 -0.241634 -0.113344 0.100297 0.069389 -0.123176 0.338134 0.235320 0.265829 -0.454756 -0.417791 -0.091384 0.391646 0.025597 -0.245358 -0.269209 -0.061862 -0.091250 -0.290821 -0.214671 0.317107 -0.264964 -0.083379
-0.042622 0.005065 0.011482 0.010118 0.146050 0.957048 -0.158946 -0.019100 0.197124 0.256394 0.065933 -0.113181 -0.082824 0.434665 0.246571 0.129504 -0.165908 0.135163 -0.340699 0.023281 -0.178878 0.006227 0.203573 -0.273330
-0.242550 -0.083977 0.158713 0.163343 0.111470 0.823328 0.112037 -0.213748 -0.009961 0.166808 0.133095 -0.029739 -0.227491 0.045578 0.272441 0.167911 0.391704 0.029917 0.064540 -0.036287 0.399147 0.142536 0.133024 -0.308179
-0.134025 -0.299909 -0.139085 0.095125 -0.082329 0.352807 0.087485 -0.185014 0.028176 -0.040422 0.520919 0.016976 0.206011 -0.294098 0.103048 -0.065513 0.120309 -0.305343 0.154659 0.236327 0.051923 0.089753 -0.334570 0.112167
-0.100623 -0.439137 -0.355052 -0.232519 -0.118633 0.061519 -0.141287 -0.013498 0.256714 -0.149311 1.099461 0.166819 0.627316 -0.293327 0.020562 0.259297 -0.234597 0.002759 0.117162 -0.127731 -0.029358 -0.117659 -0.373106 0.280748
-0.144498 -0.279964 0.113447 -0.009315 -0.191369 -0.515880 0.253586 -0.345169 0.321309 -0.067020 0.727063 0.324302 0.575242 -0.170963 -0.061590 0.260349 -0.162923 0.183052 0.112968 -0.154381 -0.230226 0.107022 -0.117964 0.034419
0.015130 0.395000 0.003593 -0.046912 -0.153298 -0.726457 0.076099 -0.142859 0.161495 -0.221277 0.156702 -0.103869 0.350764 0.031746 0.004667 0.087658 -0.058386 0.082245 -0.186021 -0.055973 0.095202 -0.136804 0.163415 0.020113
0.149010 0.439087 -0.130392 0.081236 -0.029801 -0.558982 0.105428 0.214738 0.168189 -0.076151 -0.170426 -0.257823 -0.040705 0.431342 0.088317 0.166408 0.107965 -0.092922 0.162654 -0.284853 -0.000115 0.073167 0.314558 0.203330
-0.053649 0.062155 -0.027100 0.324956 -0.162887 -0.117876 -0.162316 0.618054 0.030148 0.098262 -0.484482 -0.293959 -0.270447 0.253515 -0.248741 -0.172910 0.034837 0.136897 0.062057 0.104613 -0.133146 -0.050364 0.547026 0.178636
0.000379 0.012881 -0.189535 0.228675 0.101234 0.140846 -0.037450 0.817138 -0.126345 0.300661 -0.521736 -0.211697 -0.095672 -0.507739 0.020569 -0.478106 -0.184216 -0.091087 -0.040465 -0.042967 0.129587 -0.013772 0.297066 0.001758
0.109830 -0.154504 0.094181 -0.079312 0.506740 0.526236 0.505117 0.438797 -0.448873 -0.361516 -0.401152 -0.002461 -0.198911 0.058479 0.412354 -0.213214 -0.290093 0.049141 0.098806 0.028158 0.175770 0.101667 -0.028065 0.124038
0.032752 -0.100026 0.111042 -0.256800 0.105230 0.186733 0.333711 -0.035388 -0.157933 -0.588362 -0.267988 0.012813 -0.060394 0.374613 0.138074 0.229945 -0.136028 0.232006 -0.008173 0.115194 -0.139761 -0.125127 -0.133080 -0.048754
0.307265 0.303251 0.129480 -0.245126 0.104337 0.131333 -0.267752 -0.350614 -0.015797 -0.721597 0.250977 0.172662 -0.117450 -0.043970 -0.168113 -0.103741 -0.353863 -0.046946 -0.166858 -0.194941 0.029026 -0.056741 0.136658 0.266673
0.414579 -0.061846 -0.161448 -0.239002 -0.098464 0.267162 -0.325136 -0.417471 -0.125429 -0.339692 0.289876 0.177416 0.020989 0.153627 -0.422173 -0.104010 0.029694 -0.239137 0.053394 -0.096351 0.080605 -0.082492 0.015197 -0.112791
0.224876 -0.339196 -0.307362 -0.306015 -0.385728 0.269810 -0.229797 -0.431340 0.044828 0.055978 0.195250 0.139675 -0.186256 0.178048 -0.319342 -0.062389 0.429963 0.100994 -0.038930 0.150101 -0.070651 -0.051629 -0.240680 -0.107457
-0.080989 -0.078443 0.107295 -0.139243 -0.462701 0.341210 -0.174267 -0.028760 0.325311 0.283907 -0.085863 -0.010221 -0.302350 0.085890 -0.237761 0.008454 0.256585 0.151254 -0.004050 0.136555 -0.081896 -0.034679 0.012490 0.058424
0.149849 0.222292 0.182548 -0.095971 0.070554 0.305078 -0.148909 0.323562 0.249102 0.154679 0.078991 0.144850 -0.359345 0.345831 0.013576 0.205134 0.007370 0.171003 0.116112 -0.078448 0.019990 -0.059818 0.265040 0.256454
0.156387 0.209003 -0.181790 0.134424 0.183913 0.364126 0.144065 0.421577 0.085165 0.033765 -0.118113 -0.084487 -0.006094 0.232107 0.231660 0.245440 -0.136198 0.243009 0.047181 -0.012753 -0.229777 -0.156633 -0.055878 0.234112
-0.290843 -0.024832 -0.274126 0.443767 -0.147867 -0.059623 0.366556 -0.359558 0.252952 0.232250 0.051998 -0.102253 -0.202714 0.062092 0.238098 0.174001 -0.106124 0.066787 0.155944 0.007100 -0.371310 0.149274 -0.122042 -0.251101
0.011998 -0.001446 -0.247721 -0.072421 -0.308508 -0.062664 0.004706 -0.504140 -0.035475 -0.215858 0.128099 0.034168 -0.039401 -0.018308 0.124781 -0.206368 -0.282329 -0.049548 -0.079213 0.090034 -0.009945 0.087794 0.094034 -0.272623
0.218499 0.265951 -0.113267 -0.085717 0.012341 -0.032756 0.034899 -0.171826 0.081988 -0.172690 -0.081580 0.244096 -0.029847 -0.015583 -0.093186 0.108486 -0.169431 0.154263 -0.168386 0.035538 0.046473 0.029512 0.102194 -0.081689
-0.018303 0.413909 0.209063 -0.072313 -0.020982 -0.299915 -0.015059 0.001137 -0.068116 0.035857 0.115776 0.219899 -0.228343 -0.097461 -0.086412 0.026488 -0.150215 -0.261811 -0.122405 -0.163587 0.097995 0.136730 -0.182934 -0.023633
-0.444878 0.342263 0.208982 -0.304166 -0.024083 -0.180581 -0.090295 -0.061203 -0.168979 -0.328434 0.249848 0.203729 -0.093508 -0.253580 0.209098 -0.386200 -0.275009 -0.484748 -0.060130 -0.131791 -0.100647 0.096784 -0.260951 0.039351
-0.176947 -0.220124 -0.135290 -0.120801 -0.210966 0.158985 0.133744 -0.457809 -0.060675 -0.174281 -0.078130 -0.078254 0.097574 0.108421 -0.008523 -0.397877 -0.005107 -0.007798 0.336555 0.121388 0.026186 -0.321562 -0.624545 0.119519
0.015846 -0.013640 -0.031347 -0.188905 -0.013654 0.744385 -0.119952 -0.062318 -0.007900 0.024564 -0.262791 -0.429670 0.080014 0.598129 -0.030363 -0.206045 -0.164484 -0.170907 -0.147729 -0.308006 -0.401496 -0.095655 -0.138957 -0.316324
-0.048419 0.190852 0.002499 0.077678 -0.040781 1.426272 -0.077878 0.036850 0.179555 0.035801 0.245577 -0.011289 0.077314 0.493573 0.404031 -0.104254 -0.244272 0.288255 -0.151079 -0.173459 -0.079411 -0.091616 -0.106706 -0.159693
-0.192807 0.010490 -0.133190 0.266234 -0.204390 0.640646 -0.102938 0.246259 0.138616 0.123051 0.382319 -0.070965 -0.169848 0.039660 0.269119 -0.064720 0.136174 0.288022 -0.004700 -0.027861 0.370684 0.003283 -0.100927 0.035574
0.024045 -0.265406 0.188157 0.175786 -0.204719 -0.093948 0.142519 -0.027180 0.222646 0.040797 0.814623 -0.070840 0.032179 -0.147179 0.000000 -0.040404 0.130551 0.116786 0.079392 0.116380 0.083596 0.055369 -0.237259 -0.044298
-0.010983 -0.074132 0.079411 -0.243884 -0.023840 -0.196844 0.155258 0.047780 0.256051 -0.040695 0.784774 0.260415 0.365979 -0.215529 0.223242 -0.018516 -0.194764 0.070415 0.226268 -0.185973 -0.001852 0.175423 -0.165349 0.025901
0.057268 0.162429 -0.124491 0.027912 0.109282 -0.407845 0.137625 0.054185 0.211989 -0.047631 0.249388 0.086501 0.263556 -0.280441 -0.099984 -0.098937 -0.106459 0.067803 0.367413 -0.061406 0.077735 0.026661 0.332242 -0.066513
0.176792 0.198308 0.009564 0.191367 -0.009924 -0.525134 0.029889 -0.141856 0.392066 -0.095717 -0.101093 -0.402522 0.274551 0.119968 0.027863 0.264323 -0.068466 -0.166268 -0.175391 -0.152095 0.049214 0.074650 0.260938 -0.018191
0.270532 0.081605 -0.069736 0.242851 0.222180 -0.473581 -0.053395 0.198684 -0.062862 -0.017376 -0.449463 -0.250686 -0.169899 0.579565 -0.009557 0.293418 0.033642 -0.242989 0.067102 -0.140509 -0.008998 0.104170 0.210255 0.108501
0.242647 -0.092008 0.104558 0.200603 -0.028853 -0.067007 -0.101225 0.614218 -0.027508 0.034334 -0.537055 -0.264533 -0.248043 0.366424 -0.085952 -0.185013 -0.324179 -0.174733 -0.076778 0.083499 -0.041499 -0.070852 0.227656 0.131307
0.252373 0.035968 -0.009354 -0.096205 0.149890 0.335362 0.011440 0.613594 -0.213553 0.022628 -0.349965 -0.249639 0.073848 -0.461557 0.109332 -0.173376 -0.285989 -0.222604 -0.587279 -0.068479 0.177580 -0.052480 0.011757 -0.244411
0.162066 0.016093 -0.150084 -0.264155 0.211165 0.502944 0.203261 0.107515 -0.515894 -0.700435 -0.275570 0.052169 -0.108959 -0.016606 0.182295 -0.116358 -0.360464 -0.142781 -0.030034 -0.000923 0.158796 0.177984 0.139474 -0.046974
0.187307 0.280326 0.037029 -0.459217 0.305848 0.208213 -0.040234 -0.396214 -0.417182 -0.923090 0.078691 0.309961 -0.192241 0.445736 0.069822 0.283539 -0.105667 0.064866 0.244365 0.129433 -0.052772 -0.034046 0.018168 0.149537
0.236422 0.590854 0.098208 -0.112815 -0.032028 0.103994 -0.217765 -0.318423 0.072914 -0.459787 0.472113 0.125265 -0.273440 -0.049041 -0.183477 -0.032711 -0.032236 -0.191320 -0.034638 -0.187168 -0.050996 -0.103375 0.452165 0.204231
0.222730 -0.230866 -0.082452 -0.040141 -0.377257 0.037484 -0.360188 -0.234307 0.051268 0.081016 0.276620 -0.042296 -0.134676 0.297624 -0.442148 0.190048 0.481274 0.047632 -0.062547 0.158033 0.175445 -0.002411 0.021947 -0.035664
-0.034045 -0.265404 -0.134844 -0.099475 -0.330301 -0.045347 -0.102218 -0.072814 -0.004845 0.416256 0.124951 0.148877 -0.279540 0.270197 -0.274416 0.048378 0.542787 0.113859 -0.178207 -0.125247 -0.064432 0.092601 -0.181077 0.211176
0.091964 -0.217555 0.189464 -0.093895 -0.047926 0.242300 -0.086192 0.133341 -0.063690 0.432904 -0.099385 -0.080990 -0.255991 0.191512 -0.159040 0.200944 -0.040999 0.229114 -0.079942 -0.078809 -0.259448 0.059235 -0.087155 0.387607
-0.074069 0.066749 -0.184503 -0.037429 0.167848 0.200322 -0.058690 0.257826 0.131857 0.185901 -0.192531 0.040177 -0.080373 0.234932 0.006070 0.321782 -0.249536 0.062433 -0.080361 -0.051037 -0.223215 -0.099915 0.192729 0.105095
-0.172586 0.307433 -0.430539 0.293660 0.013177 0.140491 0.204563 0.167585 0.138013 0.088431 -0.171968 0.082252 0.047701 0.102188 0.207032 0.141641 -0.049577 -0.144372 -0.114327 0.028194 -0.285215 -0.093103 0.009405 -0.189882
-0.213283 0.153629 -0.327172 0.232701 -0.167078 -0.365696 0.210203 -0.455670 0.262356 0.014020 -0.011415 0.126692 -0.058597 -0.205532 0.019364 0.126726 0.107502 -0.071317 0.119005 0.094515 -0.287559 0.093424 -0.056778 -0.387469
0.186288 -0.092479 -0.190787 -0.239915 -0.224262 -0.158582 -0.141310 -0.243703 0.010226 -0.121232 -0.027413 0.166114 -0.233307 -0.053408 -0.139407 -0.103689 -0.147991 -0.098442 0.097669 -0.132311 0.083070 0.102509 0.032109 -0.185682
-0.119442 0.050080 -0.035070 -0.101545 0.002067 -0.092931 0.029610 0.080555 0.145131 0.063270 -0.201330 -0.063820 -0.180144 -0.029453 -0.113440 0.037127 0.058543 -0.033271 0.003377 0.009731 -0.120364 -0.062781 0.076059 -0.101009
-0.313881 0.213902 0.099509 -0.218407 0.034970 -0.106728 -0.021956 -0.066858 0.077160 -0.205582 -0.062411 -0.189845 -0.210165 -0.335845 0.092866 -0.248554 -0.014664 -0.336428 0.048009 -0.116411 0.021842 0.139250 -0.222713 -0.057732
-0.286043 0.061567 0.067634 -0.443489 -0.187011 -0.235274 0.028958 -0.091938 -0.131260 -0.782059 -0.005965 -0.102206 0.074062 -0.142918 0.135223 -0.411793 0.045009 -0.298322 0.024837 0.108523 0.232773 0.060257 -0.278358 0.101477
-0.228066 -0.648212 -0.195335 -0.147907 -0.273300 -0.255992 0.264945 -0.203629 0.012397 -0.124370 -0.184389 -0.173225 0.065269 0.030545 -0.156519 -0.416999 0.399028 -0.145430 0.272580 0.383995 0.101015 -0.261423 -0.515770 0.220480
-0.141701 0.199465 -0.134651 -0.022795 -0.383788 0.994442 -0.004604 -0.055900 0.058728 0.124339 0.179024 -0.080755 0.337658 0.263596 0.286866 -0.060409 -0.146711 -0.380909 0.150271 -0.631234 -0.254764 -0.286582 -0.179797 -0.581568
-0.175579 -0.027607 -0.051636 0.157793 0.055414 0.635035 -0.143679 -0.062431 0.389394 -0.172899 0.189925 0.097691 0.020016 0.209766 0.508451 -0.019873 0.158140 0.377752 0.097483 -0.009698 -0.103518 -0.148791 -0.270747 -0.176582
-0.048302 -0.185989 0.127712 0.218651 -0.000508 -0.131593 0.120893 -0.062840 0.550257 0.032408 0.399324 -0.050570 -0.343588 -0.219540 0.082773 0.061763 0.148392 0.466342 0.104375 0.022338 -0.001328 -0.084399 0.026021 0.224407
-0.014295 -0.140876 0.156562 0.162779 -0.166605 -0.361598 0.157867 0.069028 0.598109 -0.016181 0.418913 -0.217525 -0.030602 -0.017025 0.029728 -0.097642 -0.065345 0.367818 0.092207 0.285058 0.132747 0.020934 0.079506 0.076330
0.076102 0.050855 -0.010319 0.164920 -0.193259 0.007512 -0.111912 0.008867 0.082393 -0.121947 0.206905 -0.084793 0.503323 -0.091413 0.094141 -0.031748 -0.194130 0.246550 0.110029 0.269798 0.047420 0.127048 0.252431 -0.037611
0.135582 -0.005860 -0.285888 -0.113190 -0.063814 -0.141404 -0.051899 0.191977 0.030851 -0.127846 -0.032120 -0.213902 0.215289 -0.085315 -0.186653 0.096161 -0.154416 0.039215 -0.056357 0.229845 0.043727 0.217554 0.496540 -0.054550
0.490396 0.079850 -0.007852 -0.011182 0.263446 -0.545976 -0.073678 0.198518 0.126524 -0.056009 -0.170874 -0.203669 0.215977 0.125374 -0.136123 0.348127 0.105240 -0.131366 -0.099086 0.144341 0.004211 -0.009259 0.187334 -0.174489
0.314325 -0.112075 0.062600 0.066030 0.336398 -0.458973 -0.175010 0.280192 -0.318741 0.191006 -0.607491 0.176247 -0.107347 0.549440 -0.131616 0.265694 0.190699 -0.095251 -0.019552 0.010315 0.013140 -0.240734 0.099343 0.048538
0.190447 0.176914 0.144567 0.093704 0.237873 0.102637 -0.191867 0.372744 -0.266457 0.116467 -0.524916 0.041867 -0.287940 0.270017 0.123733 -0.045836 -0.267867 0.078717 0.009933 -0.041786 0.192997 -0.196549 0.122535 -0.231736
0.212687 0.150821 -0.019680 0.079672 0.146990 0.495056 0.111590 0.197229 -0.428109 -0.294600 -0.240942 -0.363614 0.042596 -0.233274 0.226657 0.080527 -0.261670 -0.079733 -0.335215 -0.056155 0.297047 0.108942 -0.180017 0.065160
0.030188 0.157239 0.034269 0.011976 0.054635 0.208092 0.035096 -0.309986 -0.239970 -0.614525 0.095573 -0.051520 -0.035506 -0.005953 0.236908 -0.055375 0.161198 -0.337516 -0.033965 -0.087519 0.073307 0.309361 0.025792 0.279700
0.074402 0.489439 0.076996 -0.233358 -0.093041 0.061886 -0.367091 -0.352046 0.058806 -0.444997 0.352448 0.331809 -0.255474 0.402777 -0.057761 0.154286 0.107798 0.060316 -0.019524 -0.059790 -0.338923 0.007710 0.176806 0.111621
-0.047738 0.127435 0.203382 -0.031175 -0.373210 0.090616 -0.098240 -0.223490 0.208102 0.131757 0.315651 0.196447 -0.157059 0.258864 -0.182006 0.230632 0.158469 0.078262 0.185144 -0.159751 -0.041027 0.064778 0.066415 0.071134
0.114009 -0.435337 0.140688 0.052085 -0.274068 0.038381 -0.231004 -0.285947 -0.079412 0.338422 -0.081218 0.005974 -0.034247 0.403554 -0.309010 0.109477 0.442202 0.261084 0.127733 0.095826 0.151543 -0.000020 0.086767 0.148332
0.090540 -0.048484 0.062662 0.006341 0.056783 -0.001305 0.134658 0.042574 -0.117365 0.606323 -0.083155 0.116461 -0.079633 0.163188 -0.137673 0.030656 0.565228 0.245808 -0.206933 -0.262254 -0.007375 0.221638 -0.026706 0.377187
-0.043678 -0.052826 0.084813 0.063844 0.261481 -0.045285 0.189197 0.174161 0.150657 0.489045 0.081868 0.165509 -0.270679 -0.032705 0.045906 -0.071926 -0.153276 0.116817 -0.100481 -0.225807 -0.332473 0.081737 -0.104532 0.189278
0.040920 -0.019778 -0.084694 0.142116 0.002022 -0.162804 0.092984 0.065661 -0.114507 0.167297 0.078212 0.142329 0.001720 0.076478 0.028501 -0.103168 -0.152810 -0.070975 -0.090999 -0.248446 -0.288289 -0.102187 -0.095682 -0.141328
-0.308927 0.033660 -0.332475 -0.098571 -0.199292 -0.017574 0.078328 0.046263 -0.139861 0.013428 -0.217161 0.108070 -0.145378 -0.095312 0.238224 -0.159574 0.154452 -0.314382 -0.031579 -0.125467 -0.162933 0.121505 -0.185970 -0.233087
-0.129978 -0.026629 -0.400693 -0.015563 -0.040782 -0.124536 0.052063 -0.391861 0.019531 -0.087370 -0.074238 -0.049300 -0.169921 -0.008740 0.010791 -0.199756 0.037485 -0.089296 -0.021653 -0.020413 0.055547 0.190861 -0.109328 -0.267141
-0.003727 -0.038869 -0.067938 -0.057341 0.020499 -0.060737 -0.079535 -0.044991 -0.203889 0.050706 -0.265289 0.125022 -0.307156 0.011262 -0.197028 -0.196724 -0.044023 -0.001024 -0.035146 -0.163198 0.172720 -0.079519 -0.075867 -0.230732
-0.227262 -0.008676 -0.102982 0.031767 -0.084432 0.140893 -0.074650 0.132151 -0.013467 0.013043 -0.120509 -0.095660 -0.106106 -0.010568 0.018397 -0.218763 -0.148282 -0.223517 -0.080845 -0.197355 -0.023668 -0.067046 -0.012410 -0.187878
-0.201507 -0.030650 -0.045959 -0.216985 0.071910 -0.103072 -0.053402 -0.005130 -0.058521 -0.477359 0.044603 -0.436447 -0.032906 -0.178582 -0.019569 -0.260022 -0.280106 -0.304593 0.156084 -0.016383 0.156905 0.023681 -0.133744 -0.080384
0.001923 -0.234161 -0.010430 -0.546274 -0.264770 -0.531127 -0.044253 -0.070037 0.285893 -0.301110 0.176306 -0.209690 -0.050413 -0.179085 0.002702 -0.444053 0.206760 -0.483117 0.088566 0.076570 0.211427 -0.072359 -0.248961 0.132830
0.025461 -0.795716 -0.098271 0.058415 -0.395099 -0.474895 -0.042220 0.050769 0.182168 0.289119 -0.279919 0.268668 -0.029098 -0.015591 -0.299914 -0.270206 0.615254 -0.264288 0.227600 0.067970 0.144563 -0.355181 -0.595069 0.179143
-0.277830 0.281676 0.133575 0.023432 -0.497066 0.311158 0.024021 -0.054396 -0.153028 -0.036017 0.634303 -0.052374 0.026051 0.081224 0.008843 -0.443777 0.197914 -0.277763 0.014504 -0.613127 -0.019143 0.116782 -0.639640 -0.435305
-0.470584 -0.085583 0.129791 0.097816 0.095057 -0.096939 -0.050570 -0.212413 0.228535 -0.517605 0.320001 0.107320 0.079653 0.249044 0.547122 0.009807 0.079040 0.386489 0.063336 -0.096758 -0.118118 -0.063121 -0.224485 -0.129768
-0.162376 -0.423386 0.074204 0.174393 0.307068 -0.198069 -0.002979 -0.034684 0.549302 -0.102823 0.278728 0.045272 -0.315284 0.008646 0.305254 0.095866 0.061406 0.366043 0.120419 0.524350 -0.023287 -0.271949 0.305574 0.107309
-0.009424 -0.117309 -0.099400 0.244247 -0.027163 -0.132618 -0.027140 -0.098491 0.404461 -0.149432 -0.214657 -0.405643 0.111328 -0.377474 0.084162 0.294001 0.343733 0.459480 -0.073168 0.321618 0.161501 0.014937 0.159533 -0.087851
0.203697 0.003826 -0.114240 0.245815 0.191600 0.014901 -0.012712 -0.203512 0.023784 -0.272576 0.003032 -0.085447 0.450899 -0.363464 0.055532 0.221835 0.162355 0.270307 -0.011214 0.050065 -0.073209 0.123523 0.119034 -0.217460
0.478285 0.111069 -0.050666 0.027907 0.195230 -0.117504 0.000735 0.433346 -0.104888 0.036255 -0.252897 0.059929 0.225732 0.132207 -0.348445 -0.036410 0.138198 0.102701 -0.115687 0.056894 -0.062817 0.175322 0.449199 -0.006494
0.428221 0.131072 0.131514 -0.113089 0.241276 -0.277743 0.029933 0.401103 0.164800 0.326298 -0.379372 0.077687 0.174092 0.386434 -0.091504 0.059903 0.108023 0.022773 -0.078496 0.013485 0.085856 -0.077977 0.201962 0.170637
0.376538 0.233684 0.084458 -0.155694 -0.150503 -0.115259 0.026748 0.227929 -0.243859 0.180533 -0.406230 0.114869 -0.176678 0.555482 0.012082 0.191266 0.184171 0.142784 0.027285 0.092218 0.009778 -0.160530 0.240150 0.300524
0.057618 0.205033 0.049728 -0.157282 -0.405655 0.434298 -0.181361 0.095579 -0.477280 -0.018472 -0.195451 -0.219843 -0.510660 0.077391 0.077791 0.245732 -0.074885 0.107522 0.011796 -0.109568 -0.016364 0.092437 0.176714 -0.123372
-0.101084 0.011954 -0.042720 -0.277303 -0.172674 0.329897 -0.192109 -0.081532 -0.206827 -0.191851 0.113966 -0.273977 0.045594 -0.260188 0.280446 0.133393 0.060349 -0.039249 -0.041644 -0.109628 0.257543 0.072872 -0.147801 0.107445
-0.220812 0.014815 0.101556 -0.051334 -0.047313 0.016576 -0.276694 -0.484885 -0.037802 -0.111866 0.222662 0.092587 0.094120 -0.066218 0.464813 -0.131956 0.254461 0.032571 0.129160 -0.148945 0.053076 0.150395 -0.314197 0.344641
-0.008876 0.174638 0.014844 0.175530 -0.084106 0.055971 -0.232609 -0.389388 0.199044 -0.144174 0.060367 0.043525 -0.062164 0.354933 0.243057 0.049428 0.428541 0.250204 -0.136823 -0.014299 -0.208431 -0.016093 -0.247254 0.305694
-0.225596 -0.149806 0.160164 0.060889 -0.343487 0.218426 -0.133599 -0.212371 0.153706 0.235813 -0.032331 0.103749 0.103857 0.188409 -0.210751 0.191198 0.256948 0.350079 0.274264 0.016350 0.052419 -0.069019 -0.227423 0.212465
0.094792 -0.292684 0.054494 0.024496 -0.076297 0.073514 -0.141332 -0.017357 0.128573 0.662145 -0.108707 0.184613 0.285924 -0.009900 0.018437 0.000283 0.273294 -0.088510 -0.114508 -0.076422 0.042562 0.041241 -0.036580 0.246508
0.230891 -0.040329 -0.127781 -0.163931 0.243191 0.112600 0.075279 0.130743 0.007063 0.459296 -0.218785 0.316284 0.220757 -0.001641 -0.017439 -0.113927 0.444780 -0.075366 -0.198890 -0.251519 0.094761 0.178364 -0.094046 0.156159
-0.022726 -0.072437 0.050694 0.047443 0.237099 -0.204313 0.197961 0.194998 -0.031684 0.304440 0.132266 0.113252 -0.158583 0.077091 0.136136 -0.421618 -0.338625 -0.168824 -0.031364 -0.093211 0.030254 0.032239 -0.171697 -0.204782
-0.265148 -0.078966 -0.005693 0.145483 -0.038306 0.010471 -0.169581 0.001549 -0.178831 0.117109 0.105923 0.313203 -0.165026 0.007352 0.182397 -0.248137 0.133936 -0.074712 0.005787 -0.123461 -0.150954 -0.186705 -0.150518 -0.387178
-0.188662 -0.065053 -0.274033 -0.072282 0.001264 0.008072 -0.175036 0.013731 -0.096712 -0.002420 -0.142761 -0.039123 -0.113230 -0.272036 0.188414 -0.335910 0.113108 -0.143608 0.001456 -0.140977 0.096065 0.049668 -0.160465 -0.253985
-0.122245 -0.091411 -0.296760 -0.118785 0.178663 -0.138639 -0.056857 -0.402669 -0.139214 -0.115698 -0.155088 -0.100576 -0.278941 -0.225505 0.023278 -0.184962 -0.353100 -0.232811 -0.040138 -0.021683 -0.029264 0.066026 0.035228 -0.218909
-0.028345 -0.185930 -0.058314 0.094188 0.148896 0.037206 -0.155741 0.019908 -0.194348 0.072681 -0.086081 -0.013764 -0.261177 -0.022981 0.087653 -0.048295 0.009580 -0.254906 -0.033560 -0.147363 0.154819 0.106976 -0.042247 -0.267558
-0.010236 -0.069990 -0.164155 0.150005 -0.164983 -0.138747 0.008875 0.255324 -0.171743 -0.122641 0.026074 -0.229543 -0.161230 -0.053062 0.123497 0.053268 0.111915 -0.159760 0.208990 -0.251437 0.064424 0.214459 -0.160470 0.039291
0.008888 -0.126854 -0.026330 -0.443186 0.101820 -0.201593 -0.157824 0.048913 -0.095556 -0.263873 -0.010822 -0.185720 0.028254 0.105054 -0.092123 -0.065375 -0.282006 0.000260 0.165445 -0.169527 0.148209 0.190400 -0.063669 -0.024307
0.010246 0.057889 -0.055147 -0.191551 -0.163050 -0.034998 -0.495925 0.035243 0.261627 0.167810 0.164188 0.220825 0.196497 0.070540 -0.060071 -0.301293 0.203475 -0.259696 -0.011409 -0.032578 -0.005438 0.084975 -0.158949 -0.037793
-0.199199 -0.392340 -0.229849 0.212884 -0.413264 0.114922 -0.576195 0.358566 0.317031 0.503641 -0.142843 0.356167 0.127162 -0.079514 -0.360624 -0.419834 0.434580 -0.229732 -0.044706 -0.053316 0.075498 -0.433270 -0.160600 -0.016132
-0.448487 -0.246160 0.232085 0.202978 -0.514673 -0.245181 -0.079382 -0.266084 -0.051933 -0.365939 0.600786 -0.424760 0.159264 -0.099950 -0.313326 -0.622441 0.310970 -0.191943 -0.317648 -0.315977 -0.302965 0.077349 -0.657009 -0.014050
-0.517435 0.026562 -0.010502 0.343779 0.293676 -0.267352 -0.075331 -0.153260 0.335843 -0.690092 0.085072 -0.078589 0.012512 0.367588 0.312397 -0.277658 -0.085567 0.260411 -0.059789 -0.031947 -0.004265 0.102198 0.031555 -0.124621
-0.168037 -0.146509 -0.011877 0.002394 0.164339 0.062628 -0.288896 0.151312 0.122251 -0.048545 -0.207849 0.166609 -0.333994 0.267983 0.472946 -0.036240 -0.113256 0.350606 0.177225 0.498794 0.254434 0.037678 0.385211 -0.312268
0.211098 -0.229122 -0.197949 0.031021 0.061270 0.010545 -0.057394 -0.115959 0.133484 0.041457 -0.043597 -0.062887 0.052763 -0.283210 0.293697 0.429935 0.253426 0.296520 0.066738 0.261330 0.210117 -0.032317 0.250388 -0.102864
0.447936 -0.115446 -0.041158 0.169256 0.286966 0.019958 0.046640 -0.095295 -0.016228 0.152399 -0.073477 0.246146 0.457880 -0.087028 0.082286 0.510438 0.267598 0.192089 0.007029 0.011202 -0.198411 0.007196 0.171629 -0.107190
0.337735 0.093532 0.084883 -0.025036 0.312272 -0.288931 -0.034688 0.533852 -0.085322 0.380282 -0.260876 0.385475 0.374188 0.025462 -0.042099 0.245070 0.135063 0.028032 0.078185 -0.034448 -0.316804 -0.200059 -0.004221 -0.020382
-0.001287 0.126258 0.199645 -0.225659 0.168453 -0.043756 -0.042806 0.322933 0.000051 0.228269 -0.234615 0.084572 0.224829 0.212603 0.074701 -0.075984 0.020097 0.003357 0.288462 -0.211331 -0.151864 -0.251654 -0.024795 0.099380
0.396052 0.406326 -0.005869 -0.339406 -0.140052 0.082396 0.193531 -0.045746 -0.358676 -0.111903 -0.245198 -0.061134 -0.219914 0.486760 -0.102704 0.151056 -0.001936 0.192846 0.279791 -0.306854 0.049859 0.120638 0.290154 0.185518
0.086856 0.218799 0.286298 -0.261631 -0.038107 0.095107 -0.269378 -0.177421 -0.257922 -0.185680 -0.133923 -0.100469 -0.469212 0.130041 -0.084202 0.044884 -0.220638 0.032083 0.035634 -0.363358 0.140023 0.084633 0.433349 -0.016812
0.202699 0.039050 0.238522 0.036923 -0.124226 0.243391 -0.741095 -0.107152 0.133183 -0.292838 0.080714 -0.074193 0.159186 -0.225111 0.040922 -0.350049 -0.189074 0.192880 -0.131299 0.048851 0.191055 0.117421 0.087439 0.103786
-0.286431 0.276514 0.011704 -0.009686 0.054873 -0.021331 -0.405871 -0.368368 0.137551 -0.215446 -0.075230 0.255576 -0.024865 -0.009599 0.181565 -0.154101 0.309636 0.346781 -0.074230 0.308484 0.036183 0.116398 -0.163077 0.141634
-0.144886 0.138948 -0.060875 0.115977 -0.118722 -0.061283 -0.037896 -0.213264 0.140280 -0.041121 0.003919 -0.032386 -0.059405 0.116581 0.208950 0.002651 0.422499 0.280107 -0.157512 0.224881 -0.137637 0.121077 -0.079365 0.102415
-0.463636 -0.209094 -0.045369 -0.070964 -0.335789 0.010689 -0.003768 0.006493 0.069437 0.362603 -0.123598 -0.038088 0.231163 0.072057 0.103267 0.124565 0.288668 0.049054 0.195800 0.096525 0.162201 0.128670 -0.118092 0.069489
-0.197032 -0.208875 -0.144061 -0.235280 -0.013786 0.147072 0.019511 -0.086171 0.243578 0.493597 -0.048430 0.072716 0.546974 -0.072220 0.060318 0.051291 0.247570 -0.054686 -0.198487 0.012803 -0.019730 0.095870 -0.081356 0.128526
-0.115404 -0.175341 -0.311276 -0.216546 0.143552 -0.066849 0.091999 -0.084545 -0.032450 0.154603 -0.201800 0.068525 0.342831 0.160414 0.067840 -0.127453 0.462709 0.057042 -0.217376 -0.099964 0.155911 0.084791 -0.393800 0.013374
-0.117685 -0.243496 0.157957 0.013859 0.044309 -0.150780 -0.092198 0.038443 -0.315661 0.060660 -0.054059 -0.050599 -0.211159 0.110203 0.035019 -0.256533 0.078831 0.049441 0.159072 0.073240 0.146558 -0.049197 -0.296875 -0.401675
-0.319310 -0.141961 0.191779 0.172898 -0.008968 0.132596 -0.278770 0.010367 -0.219606 -0.095813 -0.192578 -0.066930 0.037580 -0.285934 0.029257 0.080981 0.148049 -0.006834 0.088798 0.143614 0.050752 -0.174453 -0.051698 -0.294661
-0.071083 0.178663 -0.232513 0.032526 0.205049 0.178869 -0.253541 0.006759 0.077877 0.094681 -0.286691 -0.147595 0.160061 -0.260324 0.115666 -0.053976 -0.275363 -0.023266 0.143597 -0.142579 0.094166 0.269161 -0.063766 -0.177920
-0.038320 0.255663 -0.034827 0.013652 0.106209 -0.175481 0.060245 -0.220047 0.152599 0.005550 0.023508 -0.012643 -0.183946 -0.125091 0.116118 -0.106336 -0.545672 -0.303797 -0.042213 -0.010205 0.065442 -0.086264 0.126578 -0.031589
0.077949 -0.198657 -0.007283 0.142145 -0.196798 -0.113231 -0.078806 -0.080214 -0.248978 -0.025029 0.061490 0.057308 -0.039861 -0.112950 0.343305 0.160837 0.159730 -0.284627 -0.077370 -0.110192 -0.028148 -0.215807 0.074470 0.103197
-0.047240 -0.324282 -0.113901 0.042154 -0.097314 -0.156865 0.017173 0.211106 -0.125794 -0.040421 -0.079744 0.016592 0.057193 -0.104182 0.257164 0.158856 0.075190 0.002965 0.369926 -0.145235 0.151252 0.226324 0.065051 0.051227
-0.039520 -0.018536 0.044609 -0.295522 0.070842 -0.121706 -0.335371 -0.056061 -0.186379 0.059332 -0.146055 0.029254 0.108670 0.098831 -0.005276 -0.147368 -0.122379 0.237125 0.134230 0.081016 0.225712 0.219899 0.070317 -0.201297
-0.158905 0.179583 0.201585 -0.119446 0.177916 0.191843 -0.357388 -0.020168 0.195588 0.164686 -0.155975 0.312375 0.244705 0.090599 -0.276340 -0.300478 -0.000328 -0.164306 -0.251730 0.062282 0.067210 0.090906 0.129830 -0.075732
-0.273687 -0.190999 -0.199998 0.166893 -0.010191 0.055983 -0.414316 0.249508 0.155216 -0.028460 -0.385935 0.437402 0.170775 -0.171936 -0.389423 -0.079824 0.142570 -0.045521 -0.041085 0.098153 -0.052024 -0.612803 0.151880 0.110226
-0.088945 -0.171860 0.034560 0.092012 -0.109466 -0.294655 -0.213174 -0.179214 -0.064695 -0.339779 0.305205 -0.036214 0.186442 0.024878 -0.294730 -0.661845 0.174675 -0.062682 -0.266391 -0.856849 -0.212236 -0.169679 -0.578680 -0.059282
-0.410339 0.206848 -0.372902 0.331966 -0.007668 -0.128833 -0.045717 0.019648 0.038006 -0.359040 -0.090615 -0.227066 -0.198356 -0.001916 0.150224 -0.186078 0.144326 0.074201 0.080139 -0.149047 -0.008497 -0.008575 0.087163 -0.129926
-0.267110 -0.009458 -0.253021 0.160481 -0.045921 -0.072685 0.042331 0.127503 -0.132983 0.073361 -0.401189 -0.102599 -0.476127 0.105474 0.224196 0.411576 0.224549 0.597666 0.088130 0.421482 0.130655 0.104230 0.411003 -0.275672
0.054699 0.000398 -0.218710 -0.020822 0.302290 0.127501 0.214396 0.077191 0.158088 0.082945 -0.198430 0.171929 -0.008044 -0.095256 0.239633 0.379662 0.069217 0.245578 0.138663 0.196585 0.006124 0.055914 0.217813 -0.057074
0.201903 0.079090 0.050063 -0.228870 0.220767 -0.030630 0.089113 0.423003 -0.044652 0.261627 -0.108663 0.420957 0.396349 -0.020243 0.012447 0.192639 -0.081555 0.022843 0.075145 0.257640 0.238864 -0.075410 0.421422 0.234803
-0.126622 0.045468 0.289934 -0.216493 0.050550 -0.325260 -0.056223 0.400666 -0.031810 0.234483 0.185541 0.237576 0.365464 -0.044704 0.240371 0.350497 -0.071771 -0.226788 0.108754 0.237549 -0.101069 -0.106780 -0.049128 0.110238
-0.015615 -0.147061 0.158521 -0.187187 0.041024 -0.130632 -0.353139 -0.222685 -0.055243 -0.218020 0.249717 0.072960 0.201731 0.083093 0.074414 -0.130955 -0.188130 -0.079491 0.222368 -0.070610 -0.172599 -0.039253 -0.336168 -0.031058
0.029431 0.157395 0.010965 -0.081707 0.190864 0.050356 -0.099594 -0.517665 -0.058328 -0.317761 -0.378656 -0.158773 -0.162621 0.212087 -0.281666 -0.120311 0.173816 -0.072205 0.276217 -0.430832 0.274034 -0.009504 0.054759 0.335451
-0.026851 0.188765 0.029965 0.170178 0.335949 -0.056293 -0.387426 -0.448563 0.086093 -0.089456 -0.238563 -0.125279 -0.190989 -0.013688 0.009585 -0.180858 0.019089 -0.025087 0.121869 -0.230371 0.204182 -0.140349 0.382785 0.166592
0.047803 0.430175 0.105478 0.028205 0.353107 0.243858 -0.515156 -0.092733 0.277750 -0.113523 -0.268478 0.029877 0.201246 -0.288482 0.174704 -0.316349 0.089230 0.124406 0.068161 0.002751 0.202812 0.060445 0.102507 -0.190170
-0.139407 0.285301 0.096463 0.064995 -0.123908 0.109276 -0.007466 -0.046415 0.164207 -0.015354 -0.083575 0.084902 0.285458 0.058881 0.136212 -0.120876 0.413076 0.234224 -0.215594 0.213815 0.039023 0.079517 0.092971 -0.055460
-0.174530 -0.105568 -0.002530 0.098594 -0.247484 0.017130 0.138139 0.085846 0.104017 0.321954 -0.157956 -0.180445 -0.010299 0.007757 -0.036511 -0.340438 0.401611 -0.122693 -0.199877 0.197931 0.063722 -0.068655 0.245139 0.041362
-0.026494 -0.466131 0.151967 -0.151004 -0.017142 0.147465 0.028354 -0.257998 0.051436 0.403841 -0.005872 -0.023573 0.102565 0.314957 -0.021193 -0.137022 0.026773 -0.165562 0.047072 0.327088 -0.152973 0.189202 0.057245 -0.245594
-0.014179 -0.193287 0.191551 -0.361017 0.020474 0.021933 0.027425 -0.187402 -0.030414 0.099572 -0.058227 -0.078039 0.501268 0.225817 0.001338 -0.025817 0.070577 0.366580 -0.093587 0.171190 -0.136946 0.339055 0.055790 -0.091423
-0.094890 -0.080817 -0.216475 -0.056198 0.083402 0.030536 0.134541 0.151736 -0.211643 -0.088794 -0.077003 -0.097451 0.087371 0.168928 -0.072202 -0.010216 0.260034 0.374270 0.012906 0.009069 0.096653 0.035992 -0.163219 -0.098397
-0.236905 0.088590 0.133122 0.137550 0.085136 0.119093 0.080268 0.010207 -0.220514 0.033156 0.065081 -0.266091 -0.122063 0.020068 0.011924 0.007376 -0.005323 0.129143 0.150291 0.112536 0.049317 -0.332494 -0.157092 -0.296578
-0.103465 -0.005691 0.098099 0.023458 -0.019822 0.043982 -0.256908 -0.279085 -0.064818 0.008085 -0.019198 -0.096100 0.057871 -0.147620 0.011089 0.156719 -0.217374 -0.020891 0.161182 0.055236 -0.074694 -0.151551 -0.021164 -0.185649
-0.053621 0.206721 -0.241886 -0.015218 0.201554 0.025996 -0.341247 -0.064996 0.201841 0.078362 -0.058151 -0.237769 0.424310 -0.234366 0.011361 0.055192 -0.386508 -0.036506 0.100477 -0.034367 0.025207 0.147774 -0.000407 -0.077252
-0.096291 0.143748 -0.059001 0.122003 -0.145090 -0.084650 -0.113706 -0.037548 0.265470 0.189518 0.002791 0.040558 0.217837 -0.257885 0.389039 0.012253 -0.281551 0.006968 0.005379 0.045844 -0.022321 -0.152013 0.001529 0.008935
-0.059993 -0.294734 0.000853 0.219700 -0.207883 -0.036422 -0.052791 0.115498 -0.221347 0.043107 0.083513 0.211099 -0.018464 -0.201505 0.343996 0.284871 0.008980 -0.204752 -0.131047 0.153688 -0.018943 -0.094735 0.096091 0.023850
0.052989 -0.256173 0.237171 0.148273 -0.025449 -0.068591 -0.017725 0.075049 -0.293807 0.149668 0.042271 0.036850 0.052884 -0.103334 0.108394 0.065017 -0.111871 -0.127813 -0.107774 0.168993 0.122367 0.050162 0.300254 0.099687
0.032188 0.088781 0.154397 -0.095502 0.104435 -0.108277 -0.199361 -0.255188 -0.022950 0.168235 0.049058 -0.095152 0.279934 0.114610 0.035133 -0.050681 -0.138583 0.178322 -0.303992 0.085240 0.028915 -0.080523 0.071807 -0.017999
-0.147446 0.189125 0.074136 -0.010686 0.016895 0.144555 -0.381896 -0.137436 0.159105 0.045518 -0.161907 0.120279 0.149577 0.009473 0.073481 -0.149897 0.096504 -0.054555 -0.221605 0.156441 0.017968 -0.470754 -0.018008 0.036466
-0.267678 -0.339343 -0.301355 -0.092211 0.159955 -0.059609 0.024609 0.135781 -0.127989 -0.251129 -0.504666 0.340468 0.097912 -0.219269 -0.136440 0.180232 0.290563 0.007371 0.250998 -0.031370 -0.009727 -0.889168 -0.024234 0.171929
-0.300555 0.239771 -0.091361 -0.168369 0.175299 -0.026011 -0.202061 -0.404687 0.318670 0.166078 0.361444 0.174018 -0.230082 0.078183 -0.315767 -0.185362 0.143658 0.426477 -0.248765 -0.645120 -0.072952 -0.026561 -0.300019 -0.258137
-0.212550 0.102100 -0.183427 0.183599 -0.008992 -0.077870 0.191984 0.300859 -0.176980 0.300163 -0.183485 0.076112 -0.139839 0.139537 0.036156 0.208439 0.086608 0.001336 0.189133 -0.036891 -0.096001 0.013332 0.074152 0.021085
0.207626 -0.260073 -0.383340 0.224901 -0.213596 0.090749 0.273390 0.326090 -0.149656 -0.040804 -0.521661 -0.070941 -0.075409 0.080639 0.109394 0.352660 0.250450 0.261319 0.133896 0.322996 -0.183510 0.027462 0.366902 0.150532
0.347326 0.257766 -0.299295 -0.140814 0.281910 0.262963 0.082126 0.192859 -0.106343 -0.251840 -0.226695 0.270556 0.186308 -0.191416 0.077304 0.086727 -0.186585 0.071763 0.117604 0.168821 -0.197182 -0.022741 0.116686 0.291204
0.043309 0.453841 0.012403 -0.188092 0.349332 0.016904 0.115949 0.052225 -0.092755 -0.001925 0.028957 0.123719 0.457028 -0.112129 0.174601 0.109235 -0.130195 -0.121458 0.030713 0.356810 0.248344 -0.062655 0.293977 0.088194
-0.320016 0.287058 0.125702 -0.080224 0.285333 -0.491008 -0.209464 0.063560 -0.213237 0.030869 0.348314 0.216294 0.306681 0.014992 0.257077 0.059432 -0.067161 -0.100374 0.205770 -0.074597 0.230605 0.137814 -0.173075 -0.125292
-0.280353 0.054398 -0.174582 -0.174429 0.265289 -0.272365 -0.483079 -0.433178 -0.248792 -0.264885 0.179652 -0.027376 -0.210133 0.168506 0.185149 -0.364220 -0.108588 -0.085837 0.035121 -0.235364 0.064069 0.205782 -0.145988 0.052578
-0.159741 0.113961 -0.161572 0.048567 0.366148 0.104366 -0.238421 -0.317940 -0.016379 -0.071491 -0.477583 -0.115562 -0.268290 0.259135 -0.114928 -0.023877 0.135994 -0.330455 -0.114709 -0.358171 0.217851 -0.037185 0.105831 0.314427
-0.072680 0.000158 -0.092909 0.299236 0.162636 0.101928 -0.060831 -0.084750 0.318225 -0.096777 -0.371565 -0.163958 -0.044115 -0.110348 0.132676 0.140185 0.132721 -0.025105 -0.056774 -0.326457 0.067474 -0.076108 0.233975 0.107997
0.003186 0.177200 -0.029681 -0.133222 0.114549 0.180593 -0.049142 0.213714 0.298224 0.249264 -0.153548 0.115131 0.015456 -0.061656 0.120587 0.041164 0.095233 0.059075 0.289431 0.036442 0.172334 -0.085340 -0.154937 -0.383292
0.007559 0.078816 0.134440 -0.055986 -0.285279 0.062695 0.234091 0.219351 0.217903 0.485557 -0.085838 -0.238444 0.104588 0.248735 -0.218125 -0.213341 0.216016 -0.075713 0.054699 -0.015610 0.086062 -0.392401 0.113585 -0.039522
-0.150958 -0.147617 -0.002473 -0.148061 -0.318081 0.107442 0.188829 0.235509 0.158334 0.521482 -0.082004 -0.215340 -0.141596 0.155390 -0.189947 -0.602778 0.149714 -0.114989 -0.023556 0.005433 0.149333 -0.222803 -0.014505 -0.022677
-0.101443 -0.062053 0.195535 -0.163134 -0.058548 0.416308 0.015279 -0.076985 0.232338 0.341812 0.122062 -0.250703 -0.052029 0.514258 -0.020398 -0.138247 0.088396 0.001693 0.073883 0.175219 -0.141187 0.089213 -0.043794 -0.390400
0.000422 0.050038 0.103222 -0.110504 -0.117235 0.369032 0.297999 -0.046837 0.013486 -0.161347 0.082490 -0.115262 0.098699 0.107522 -0.080226 0.046884 0.004226 0.197808 -0.038396 0.116732 -0.014429 0.286697 0.135355 -0.313384
0.126593 0.114095 -0.165930 -0.009517 0.063360 0.124533 0.262847 0.238103 0.065807 -0.129888 0.091724 -0.167455 0.024456 -0.197970 -0.026328 0.077440 0.039076 0.346191 -0.039557 -0.004724 -0.195306 -0.051267 0.045887 -0.096906
0.134075 0.080065 0.162383 0.031486 0.018073 0.123570 0.087940 -0.122098 -0.008629 0.211438 0.151672 -0.226885 -0.055809 0.045783 -0.030318 0.136545 -0.133160 -0.079468 -0.124854 -0.146982 -0.316572 -0.422248 -0.109447 -0.221896
0.050411 0.019308 0.219054 0.013323 0.018470 -0.087332 -0.206076 -0.529966 0.195342 0.323784 0.115293 -0.198529 0.106568 0.226461 -0.072827 0.065345 -0.123437 0.012454 -0.104426 0.061572 0.025353 -0.062908 0.036838 -0.165679
-0.144417 0.197604 -0.164073 0.064108 -0.049256 0.011763 -0.122021 0.008512 0.115677 0.141752 -0.049377 -0.065244 0.283035 -0.086984 0.265034 -0.044988 -0.202215 0.085963 0.007150 0.161843 -0.097457 0.082362 -0.018284 0.132202
-0.253513 0.196245 -0.154580 0.109541 -0.103850 -0.048840 0.006925 -0.098696 0.083571 0.090887 0.131615 0.221195 0.100117 -0.324446 0.486932 0.056549 -0.180413 0.063217 0.088022 0.108213 -0.220819 -0.099464 -0.154674 -0.068546
0.256916 -0.216179 -0.056732 -0.112353 0.139177 -0.178787 -0.085756 0.082507 -0.246308 0.051622 0.377159 0.210257 -0.153560 -0.222228 0.314139 0.432363 -0.265641 -0.014115 0.015484 0.187965 -0.036990 0.152782 0.140748 -0.143727
0.384805 -0.274643 0.166699 -0.101570 -0.163666 -0.203773 -0.203703 0.105159 -0.272599 0.050593 0.168415 -0.111115 -0.060535 -0.032731 -0.169212 0.110309 -0.150825 0.166023 -0.035253 0.098479 0.041952 -0.020370 0.145938 -0.087203
0.111539 0.263196 0.160026 -0.192239 -0.239935 -0.068355 -0.061549 -0.133327 -0.068123 0.059751 0.049375 -0.195811 0.069930 0.039323 -0.150548 -0.150190 0.095126 0.051980 0.139123 0.138134 0.098939 -0.066654 0.012673 0.153577
-0.014543 0.183999 -0.006230 -0.220127 -0.069928 -0.128491 -0.292288 -0.007838 -0.041471 -0.137253 0.083614 0.139258 0.073769 -0.235570 0.196230 0.013368 0.091894 0.000022 0.198492 -0.005887 0.015501 -0.512488 -0.044607 0.063761
-0.074675 -0.143833 -0.279549 -0.032939 0.140913 -0.215166 -0.084099 0.121965 -0.079649 -0.089132 0.022508 0.152658 -0.027846 -0.523134 0.023244 -0.041106 0.047477 0.045249 0.342990 -0.075039 -0.143983 -0.841073 -0.112146 -0.005497
-0.594871 0.275669 -0.372804 -0.089267 0.132851 -0.095314 0.133736 -0.196724 0.728489 0.464023 0.258659 -0.402311 0.150000 0.292465 -0.115527 0.131660 0.123680 -0.075141 -0.424445 0.087167 -0.289473 -0.373908 0.046126 -0.300846
-0.107601 0.195883 -0.065058 0.192607 0.344405 0.050942 0.215514 0.323627 -0.031809 0.107346 -0.432230 -0.110639 0.053276 0.333043 0.311034 0.388969 -0.173033 0.279011 -0.093521 0.337251 -0.187512 0.040375 0.125354 0.061902
0.429744 -0.047117 -0.100334 0.095726 0.487991 0.178968 0.066025 0.717593 0.158998 -0.089446 -0.211806 0.253561 -0.136233 -0.029537 0.507889 0.250432 0.018361 0.187881 0.187305 0.427353 0.084399 0.028854 0.692849 0.233757
0.420400 0.268638 -0.035184 -0.324350 0.409159 0.309714 -0.242072 0.359567 -0.072253 0.020881 0.199131 0.247831 -0.189756 -0.245900 -0.041449 0.148239 0.035707 -0.091135 0.345922 -0.055151 0.445935 0.076816 0.206076 0.060916
0.198657 0.374884 0.248282 0.033770 0.004255 0.047063 -0.209638 -0.330303 -0.221292 0.015125 0.338671 0.020932 0.402942 -0.086517 0.157982 0.135426 -0.242606 -0.299829 -0.075889 -0.077692 0.112629 -0.219541 -0.277618 0.119474
-0.090838 0.070651 -0.093474 0.164046 -0.032913 -0.336110 -0.226946 -0.104965 -0.233847 -0.067890 0.124066 -0.015164 0.430262 0.060755 0.004256 0.253722 -0.145592 0.008873 -0.068763 -0.349637 -0.072610 0.122020 -0.545108 -0.228717
-0.001622 -0.154381 -0.218136 -0.266207 0.389536 -0.181748 -0.116891 -0.166409 -0.099112 0.257317 -0.056404 0.226220 -0.156119 0.203871 -0.142013 -0.446662 0.094975 -0.194466 0.109812 -0.642519 0.101231 0.223641 -0.355542 0.160968
-0.144200 0.204072 -0.113654 -0.429708 -0.108683 0.195016 -0.023226 -0.138427 -0.148763 0.204031 -0.316149 0.345703 -0.402829 0.267470 -0.145657 -0.486714 0.063959 -0.302883 0.058492 -0.577898 0.013030 0.020568 0.051906 0.231101
-0.099810 0.111569 -0.033108 0.014650 -0.035589 0.087652 -0.053372 -0.019006 0.175701 0.113639 -0.119638 -0.104342 -0.111063 0.163154 0.183263 -0.225621 0.068855 -0.183596 -0.076846 -0.098734 -0.105346 -0.073090 0.110911 0.074588
0.030747 -0.041824 0.173708 -0.071224 -0.236589 0.071509 -0.156131 -0.076723 0.133253 0.323441 -0.015523 -0.180246 -0.153219 0.020988 -0.047804 -0.100705 0.022608 0.019835 0.101172 0.189001 -0.009868 -0.070382 -0.077985 -0.086843
-0.036670 0.001868 0.214680 -0.040514 -0.447678 0.222926 0.089267 0.101087 -0.080767 0.240811 -0.127112 -0.255494 -0.355960 -0.227083 -0.001383 -0.368810 -0.105067 -0.091511 0.004213 0.175285 -0.036859 -0.109994 -0.180893 -0.072296
-0.175946 0.001463 -0.038214 0.090663 -0.288464 0.288422 0.082044 0.401187 -0.011425 0.009366 -0.105068 -0.131426 -0.306833 -0.248358 0.352196 -0.471699 -0.079507 -0.033185 0.052782 0.047191 -0.164286 -0.223725 -0.325645 -0.182566
-0.202847 -0.125926 -0.013243 0.072478 0.004063 0.443071 0.232173 0.180619 0.224540 0.088248 0.412910 -0.174692 -0.088282 0.138979 0.143542 -0.031010 -0.026721 0.044629 -0.058370 0.333676 -0.071791 -0.011636 -0.115374 -0.393835
0.066826 -0.077032 -0.010408 0.064142 0.175073 0.344823 0.313194 0.160030 0.078777 0.121220 0.285135 0.019747 0.033934 -0.090472 -0.078124 -0.093404 -0.196828 -0.074079 0.050806 0.058282 -0.150262 0.194154 0.134002 -0.344809
0.268726 -0.108195 -0.116588 0.084865 0.304702 0.166572 0.237437 0.150746 0.000646 0.113246 0.181269 0.109878 -0.024504 0.051615 -0.236897 -0.135974 -0.351254 -0.049244 -0.100876 0.030065 -0.276093 0.005807 -0.050160 -0.128829
0.155948 0.195440 0.107882 -0.040569 0.192649 -0.068495 0.019429 -0.361762 0.029249 0.354633 -0.123904 -0.117499 -0.231923 0.022930 -0.347017 -0.001152 -0.090916 0.044261 -0.059129 0.112345 -0.254262 0.007411 -0.188614 -0.150739
-0.037356 0.180614 -0.103148 0.001100 0.193070 0.065587 -0.085206 -0.496979 0.186468 0.269884 -0.063762 -0.105896 -0.096684 -0.049241 -0.036789 -0.150012 -0.120371 0.005209 0.010739 0.236492 0.144373 0.132465 -0.140267 -0.356683
0.035511 0.181251 -0.147153 -0.079733 0.045910 0.042073 0.011933 -0.026946 0.084397 0.086414 0.139325 0.172828 0.090234 -0.150026 0.231712 -0.208449 -0.323168 -0.198452 -0.007350 0.088976 -0.027296 -0.048903 -0.325134 -0.121662
0.035624 0.185610 -0.050799 -0.014512 0.168949 -0.291345 0.125480 -0.012708 0.083330 0.062442 -0.014922 0.002589 -0.120743 -0.280223 0.271886 0.175891 -0.302160 -0.275058 0.135347 -0.255148 -0.167034 0.027646 -0.130279 -0.162858
0.392023 -0.248146 -0.039723 -0.154276 0.145159 -0.356857 -0.080738 0.021770 -0.116484 -0.298898 0.071048 0.103012 -0.214521 0.011895 0.068972 0.474517 -0.194689 0.030114 0.107351 -0.104464 -0.010762 -0.007180 -0.075547 -0.038193
0.049448 -0.159242 -0.155889 -0.226372 -0.430829 -0.146361 -0.252516 0.086251 -0.219809 -0.305909 -0.086949 -0.088657 0.128785 0.066398 -0.257126 0.194598 0.131489 0.286026 0.149293 0.080698 0.334384 -0.206477 -0.170392 0.141995
-0.369516 -0.098735 0.194054 -0.127609 -0.073295 -0.195033 -0.187169 0.037460 -0.135533 -0.297708 -0.004798 -0.039362 0.111001 0.019152 -0.106874 0.035483 0.406895 0.388742 0.288550 0.137728 0.173751 0.068233 -0.087234 0.083997
0.080199 -0.045153 0.106863 0.030355 0.217120 -0.323049 -0.499859 0.093435 -0.017793 -0.349611 0.029264 0.269741 0.153859 -0.168052 -0.066411 0.000734 0.043279 0.237265 0.366207 0.103785 -0.052099 -0.156723 -0.048130 -0.315860
0.243943 -0.076203 0.087514 0.061409 -0.008404 -0.397662 -0.431466 0.182495 0.151230 -0.109806 0.158843 0.150499 0.112873 -0.423018 -0.301933 -0.172974 -0.359878 0.040277 0.052218 -0.111030 -0.391178 -0.419746 -0.059500 0.100233
-0.104375 0.659738 -0.082414 -0.073762 0.276403 0.045698 0.059829 0.414365 0.011867 0.365242 -0.121225 0.093701 -0.122634 0.139434 0.261588 0.014898 0.012367 0.193255 -0.098444 -0.296507 0.030952 -0.225575 -0.126863 0.237586
0.269588 0.076073 -0.046276 -0.059913 0.366864 0.266274 -0.071580 0.335865 -0.429463 -0.496439 -0.220566 0.229340 0.087104 0.273615 0.414239 -0.226384 0.133140 0.253353 0.080200 0.336765 -0.073785 -0.032157 0.159436 0.094065
0.082694 -0.239422 -0.321884 -0.051677 0.431602 0.366650 -0.249513 0.046263 0.353507 -0.270768 0.023114 0.006821 -0.154108 0.035143 0.525654 0.011863 0.199970 -0.206484 -0.163981 0.346934 0.496629 0.141508 0.732012 -0.066661
0.005640 0.111951 -0.066809 -0.256859 0.254818 -0.046755 -0.269970 -0.030885 0.082448 0.398601 0.228587 -0.031348 -0.332823 0.049570 -0.093894 0.367341 -0.090384 -0.081692 0.243003 0.102322 0.815137 0.048577 0.296236 0.056067
0.036181 0.178889 0.192667 0.150636 -0.007482 0.008408 -0.187646 -0.013320 0.044991 0.240628 -0.009106 -0.056348 0.054957 -0.268817 0.103919 0.577545 -0.173283 0.048340 0.081144 -0.156088 0.011107 -0.140465 -0.403755 0.098044
0.215305 -0.135314 0.144010 0.193805 -0.063795 -0.127842 -0.096999 0.056552 0.109925 -0.005298 -0.176449 -0.132039 0.250080 -0.155969 -0.182138 0.259057 0.119351 0.105452 0.166492 -0.248214 -0.325760 -0.072468 -0.639530 0.047420
0.439316 -0.021441 0.181731 -0.209330 -0.059574 0.066880 0.077185 0.107260 0.003741 0.355721 0.000456 -0.118990 -0.042663 0.023059 -0.464707 -0.170209 0.234584 -0.028677 0.408647 -0.282237 -0.193674 -0.220841 -0.363761 0.115671
0.073092 0.159012 -0.191834 -0.133444 -0.301914 0.138134 0.216206 0.185232 -0.013222 0.414164 -0.004783 -0.101430 -0.417098 0.000115 -0.392170 -0.635735 0.088161 -0.294941 0.305836 -0.144465 -0.393856 -0.160336 -0.246901 0.293022
-0.036261 0.393862 -0.140435 -0.060813 -0.237267 0.099646 0.068093 0.116367 0.043564 0.104498 -0.066663 -0.113383 -0.439509 -0.141223 0.086385 -0.482943 0.114777 -0.577887 0.040312 -0.025765 -0.041560 0.034170 -0.125138 -0.004963
0.005567 0.115484 0.191339 -0.116386 -0.254646 0.009466 -0.009472 -0.176229 -0.007808 0.253769 -0.041225 0.105449 -0.286626 -0.368922 -0.157679 -0.465571 -0.038386 -0.234722 -0.052020 0.158430 -0.021962 0.203014 -0.158345 -0.454714
-0.048121 -0.115954 0.322644 -0.182593 -0.331528 0.169287 0.275229 -0.064830 -0.385637 0.041454 0.106406 0.311670 -0.328739 -0.510074 0.157528 -0.335828 -0.206333 0.014713 -0.151665 0.239374 -0.286843 0.210467 -0.264209 -0.557060
-0.358742 -0.232202 0.042457 0.117561 -0.085906 -0.016147 0.203469 0.091497 -0.443002 -0.413787 0.220907 0.138981 -0.003097 -0.309677 0.155349 0.129573 0.004282 -0.099932 -0.521217 0.291712 -0.335194 0.036219 -0.347167 -0.230173
-0.275839 -0.307371 -0.012820 0.180321 0.323542 -0.034486 0.226863 0.175370 -0.171998 -0.275232 0.333796 0.196757 -0.002894 -0.174953 -0.308950 -0.134973 -0.198369 -0.022508 -0.242547 0.260720 -0.270716 -0.009145 -0.387778 -0.101220
0.085969 -0.260173 0.120827 -0.041857 0.255606 0.084083 0.192862 0.002546 -0.266778 -0.187649 0.081375 0.135576 -0.019849 0.036963 -0.379535 0.144264 -0.472967 -0.028762 -0.002964 0.117173 -0.078377 0.139758 -0.121475 0.023891
-0.159155 -0.074528 -0.063669 -0.204180 0.121596 0.205957 0.084113 -0.155106 -0.269934 -0.161950 -0.068739 0.220216 0.094220 0.170530 -0.362519 -0.018040 -0.410281 -0.041131 -0.133089 -0.172675 0.185607 0.123227 -0.131910 -0.076903
-0.291906 0.002355 -0.004267 -0.112851 0.177396 -0.032394 -0.202693 -0.079199 -0.012383 -0.041213 -0.350780 0.063670 -0.080963 -0.001164 -0.298626 0.039863 -0.190553 -0.095863 0.033746 -0.098437 0.362963 -0.223410 -0.389929 -0.239218
-0.101888 -0.063136 -0.014399 -0.174981 0.089472 0.132478 -0.502184 -0.161663 -0.113380 -0.140510 -0.274415 0.046716 0.007987 -0.300482 0.007269 0.055245 -0.302728 -0.239545 0.089292 -0.010093 0.233759 -0.236239 -0.205900 -0.248340
0.131800 -0.161228 -0.012385 -0.263216 -0.017399 -0.146798 -0.612598 0.274854 -0.183830 -0.079002 -0.023790 0.174135 0.026755 -0.436337 0.095526 0.148580 -0.438838 -0.222712 0.000492 -0.141044 -0.104704 -0.236261 -0.049077 -0.089490
0.001064 -0.134932 -0.287699 -0.193912 -0.000433 -0.585892 -0.345903 0.322535 -0.006663 0.075677 -0.264308 0.071145 -0.176308 -0.370948 0.070134 0.494543 -0.044364 -0.158930 0.221976 -0.364197 -0.151856 0.013980 -0.097384 0.048254
0.104406 -0.135809 -0.447233 -0.258161 0.031522 -0.414175 -0.213389 0.215516 0.181527 -0.091926 -0.093365 0.107219 -0.145479 0.025270 0.146416 0.142695 -0.070762 -0.016576 0.180199 -0.196174 -0.120941 -0.031509 0.143866 -0.029933
-0.014588 -0.048284 -0.205335 0.040951 -0.195831 -0.242020 -0.045466 0.149479 0.212204 -0.254789 -0.167033 -0.082986 0.022957 0.040230 -0.048375 -0.164954 0.011511 0.058924 0.022675 0.106799 -0.008876 -0.026592 0.199492 -0.120245
-0.251841 -0.029490 0.331709 0.110019 0.143557 -0.397573 -0.226946 -0.001735 0.200177 0.030600 -0.150057 -0.016891 0.135724 -0.121583 -0.081182 -0.227055 0.177004 0.202751 0.205470 0.056371 -0.133085 0.100974 0.163553 -0.187207
0.087626 -0.251608 0.136371 0.047209 0.075007 -0.414571 -0.631485 0.168847 0.271852 -0.190563 -0.224886 0.266616 0.015887 -0.117165 -0.373273 -0.049642 -0.094168 0.214838 0.186619 -0.045895 0.009950 -0.255364 -0.218626 -0.021963
0.358200 -0.488733 0.243964 -0.067104 -0.289625 -0.318217 -0.804743 0.162399 0.102695 -0.230910 -0.271169 0.231809 -0.081095 -0.104536 -0.814885 -0.382050 -0.444214 0.227599 -0.356395 -0.301374 0.124444 -0.359193 -0.434442 0.491166
0.274583 0.714617 -0.200143 -0.075433 0.601554 0.158754 -0.159627 0.842488 -0.623785 0.202734 -0.366058 0.471721 -0.398060 0.133425 0.477335 -0.221919 0.025146 0.276466 0.339384 -0.338412 -0.018860 -0.204135 -0.557191 0.507467
0.190166 0.127619 -0.369148 0.036912 0.088099 0.134457 -0.064482 0.485420 -0.508152 -0.148277 -0.195995 0.129048 -0.082062 0.011936 0.482344 0.055294 0.245559 -0.046346 0.481220 -0.158454 -0.159847 -0.012272 0.166686 -0.023733
-0.343908 -0.040860 -0.335030 -0.005025 -0.371073 0.082342 -0.192204 -0.129960 0.074133 0.037838 -0.044789 -0.328650 0.178837 -0.128540 0.220056 0.308836 0.237091 -0.248358 0.378357 -0.152097 0.161063 0.222999 0.365902 -0.048341
-0.183315 0.236697 0.225868 -0.232118 -0.096920 -0.244072 -0.276907 -0.405287 -0.075623 -0.033614 -0.075258 -0.127212 0.355434 0.079546 0.030260 0.645983 -0.098784 0.225191 0.102962 -0.103867 0.002962 -0.068645 -0.069431 -0.151171
-0.067413 -0.095228 0.466327 -0.114169 0.165767 -0.144440 -0.191077 -0.536470 0.298329 0.091217 -0.197630 -0.012530 0.815336 0.113059 0.342266 0.424277 -0.120201 0.615404 -0.114798 0.090255 -0.463184 -0.093078 -0.576960 -0.150403
0.209377 -0.448649 0.305526 -0.154575 0.267474 -0.275316 0.166926 -0.232390 0.500627 0.357419 0.075723 -0.002924 0.322041 0.125007 -0.100530 -0.026214 0.268170 0.378281 -0.018417 -0.038203 -0.136946 0.007317 -0.220183 -0.177532
0.138870 -0.312311 0.215711 -0.045037 -0.194369 -0.053321 0.080693 -0.094431 0.374435 0.463440 0.167572 -0.203437 -0.223194 0.011819 -0.560302 -0.276065 0.213607 -0.183700 -0.065251 -0.065929 -0.119073 0.035373 -0.003635 -0.017324
0.249398 -0.111446 0.051881 0.189199 -0.436631 0.171618 0.037655 0.004553 -0.053428 0.203534 -0.109379 -0.339308 -0.471134 -0.082235 -0.394012 -0.548332 -0.084801 -0.516591 -0.303520 -0.073074 -0.322328 0.167442 0.016455 0.094917
0.299507 -0.027183 -0.036252 0.326444 -0.437355 0.137895 0.266068 0.097612 -0.158086 0.042472 0.016965 -0.087180 -0.339190 -0.448920 -0.538126 -0.341558 -0.398119 -0.431584 -0.266661 -0.007846 0.065519 0.423644 0.011529 -0.078154
0.274363 -0.215582 0.103144 0.013681 -0.447638 -0.094631 0.477066 0.166002 -0.395434 -0.027595 0.221187 0.311455 -0.182398 -0.549729 -0.282226 -0.083782 -0.518440 -0.016402 -0.199068 0.149224 0.040085 0.256443 -0.105064 -0.341728
-0.031550 -0.119312 -0.151056 -0.279145 -0.168887 0.101867 0.463119 0.245462 -0.755404 -0.344790 0.509872 0.272536 -0.088657 -0.441229 0.046967 0.061635 -0.364913 -0.089569 -0.285040 0.269460 -0.094321 0.091604 -0.412656 -0.118978
-0.503480 -0.062472 -0.301890 0.039791 0.101177 -0.108933 0.498323 0.136695 -0.461727 -0.537336 0.484435 0.153654 -0.196718 -0.133053 -0.129332 0.020112 -0.038136 -0.167251 -0.280785 0.160857 -0.063284 0.090692 -0.523602 -0.153599
-0.394286 -0.084439 -0.165364 0.149045 0.305846 0.024470 0.363357 -0.033098 -0.229441 -0.516335 0.274749 0.131930 -0.176862 0.140518 -0.270493 -0.003669 -0.263847 -0.402422 -0.115485 0.213368 0.112296 0.258532 -0.262999 0.083066
-0.205272 -0.114347 0.042217 0.028127 0.043353 0.164580 0.183223 -0.267897 -0.467667 -0.573418 -0.006814 0.297345 -0.159079 0.141006 -0.249859 -0.074942 -0.583612 -0.266784 -0.124295 -0.098028 0.049809 0.278648 -0.215043 0.085747
-0.222992 0.032389 -0.078811 -0.038554 -0.067284 -0.055843 -0.317982 -0.241827 -0.378979 -0.499753 -0.259692 0.210836 0.174150 -0.076151 -0.198956 0.060557 -0.324613 -0.257053 -0.096535 -0.296373 0.199014 -0.467251 -0.170500 0.073629
-0.117707 -0.124655 -0.022752 -0.189979 0.075859 -0.024043 -0.806639 -0.071034 -0.407134 -0.385908 -0.345520 0.163342 0.057496 -0.368400 -0.139650 0.026869 -0.230728 -0.466993 -0.132765 -0.035589 0.198007 -1.057342 -0.209352 0.074972
-0.068503 -0.238734 0.271274 -0.171498 -0.037525 -0.308380 -1.060130 0.067998 -0.266781 -0.189087 -0.125059 0.162280 -0.118442 -0.446781 -0.128549 0.015275 -0.338185 -0.453297 -0.033560 -0.249234 0.124690 -0.967309 -0.109243 0.216821
0.115723 -0.304228 0.009089 -0.114205 -0.166800 -0.652647 -1.064077 0.450269 -0.081224 0.018307 0.194527 0.361900 -0.166319 -0.582158 0.117244 0.082349 -0.318437 -0.288823 0.036978 -0.348509 -0.149689 -0.421225 0.005865 0.078687
-0.078533 -0.264566 -0.501568 -0.100069 0.052836 -0.653400 -0.495195 0.420774 0.126410 0.018835 0.098613 0.454164 -0.288084 -0.432640 0.204763 0.231554 -0.125457 -0.072030 0.170833 -0.239937 -0.241464 -0.158915 0.081681 -0.049538
-0.200834 -0.405583 -0.416285 -0.152220 -0.001523 -0.355164 -0.255091 0.283370 0.144006 -0.184733 0.159466 0.393595 -0.201858 -0.081419 0.151480 -0.136688 -0.315866 0.286784 -0.022818 0.182063 -0.192289 -0.059419 0.377791 -0.108787
-0.155640 -0.236983 0.219893 -0.142703 -0.168154 -0.344371 -0.290594 0.023747 0.131729 -0.185229 0.143132 0.172872 0.000560 0.171222 -0.156456 -0.260068 -0.293131 0.464240 -0.187925 0.204310 -0.243284 -0.164403 0.376071 -0.093045
-0.075328 -0.268488 0.403139 -0.026912 -0.203471 -0.565751 -0.503338 0.092327 0.090345 -0.092310 0.045425 0.200197 -0.044238 0.140396 -0.228979 -0.307987 -0.035326 0.031332 -0.069803 -0.062563 -0.123520 -0.202181 0.080278 0.059253
0.178149 -0.280845 0.230024 -0.114605 -0.509850 -0.459689 -0.632981 0.189625 -0.071248 -0.304451 -0.182993 0.446580 -0.181093 0.211282 -0.810957 -0.429209 -0.405611 0.148526 -0.265179 -0.197490 -0.096201 -0.385752 -0.004354 0.426376
0.446454 -0.285055 0.086242 -0.099099 -0.341478 -0.334030 -0.677663 0.053299 -0.194333 -0.379789 -0.598451 0.603847 -0.315243 -0.053727 -0.863311 -0.612173 -0.599965 0.116109 -0.331109 -0.176556 0.012074 -0.142005 -0.453886 0.648577
-0.042756 0.288673 0.780162 -0.456650 0.010270 0.062502 0.135809 -0.933834 0.416303 0.038759 -0.566519 0.188570 -0.144752 -0.099662 -0.013627 -0.069039 -0.088124 -0.495070 -0.291355 0.219311 -0.394193 -0.086808 -0.155622 -0.109791
-0.293014 0.278345 0.821196 -0.057013 0.316973 -0.288300 0.121624 -0.640507 -0.069623 -0.220484 -0.460922 -0.187380 -0.069078 -0.479943 -0.037468 0.047305 0.208280 -0.388592 -0.217603 0.393856 -0.098423 -0.536023 -0.020312 -0.237714
-0.317127 0.240681 0.236878 -0.141804 -0.080485 -0.056302 -0.230274 -0.088669 -0.055908 -0.139921 0.111586 -0.352977 -0.049570 -0.077428 -0.176936 -0.017464 0.207917 -0.679239 -0.141690 0.315523 -0.345807 -0.343970 0.003387 -0.191288
-0.448820 0.109659 -0.181688 0.022286 -0.239529 -0.433911 -0.154652 -0.520407 -0.340014 -0.300778 -0.290591 -0.370283 -0.060213 0.305443 -0.626601 -0.119906 0.587173 -0.454423 -0.634186 0.532724 -0.282856 -0.603182 -0.084630 0.012562
-0.086897 0.421265 -0.470485 0.232724 -0.551954 -0.319944 0.087138 -0.320924 -0.202222 -0.245601 -0.247945 -0.264123 0.051459 0.346713 -0.089339 -0.256484 0.572016 -0.395246 -0.268008 0.268942 -0.162865 -0.698623 0.125594 -0.122658
0.145779 0.341773 -0.129691 -0.142370 -0.780163 -0.145873 -0.162823 0.026375 -0.679722 -0.269435 -0.173283 -0.068028 0.101050 0.079923 0.351048 -0.342214 0.495154 -0.153713 -0.080114 0.258067 0.088307 -0.572470 -0.186100 -0.182638
-0.009948 -0.311001 -0.405858 -0.346240 -0.733350 0.289558 -0.206810 -0.228419 -0.483803 -0.077656 -0.317071 0.297658 -0.031061 0.547036 -0.044421 -0.405636 0.310209 -0.348706 -0.124735 0.303911 0.014541 -0.163647 -0.106885 -0.405720
0.161356 -0.017342 -0.461888 -0.220483 -0.390582 0.309844 -0.442656 -0.035701 0.185503 0.092807 -0.038911 0.158067 0.189362 0.185265 -0.002639 -0.050572 0.536833 -0.443001 -0.073560 0.175923 0.039333 0.108758 0.087434 -0.424510
-0.018450 0.114395 -0.513103 0.015300 0.062107 -0.042972 -0.525224 0.060210 -0.199632 -0.020669 -0.163202 0.213696 0.136958 0.328236 -0.167169 0.708386 0.292824 -0.009121 -0.307688 0.061890 0.152307 -0.302087 -0.017106 -0.047268
-0.150223 0.023603 -0.558248 -0.203938 0.139981 -0.108553 -0.531132 -0.412080 -0.234235 -0.051491 -0.076110 0.196676 -0.025744 0.168290 -0.030191 0.340636 0.241197 -0.045829 -0.236020 -0.107369 0.278265 -0.273531 -0.323375 -0.089460
-0.201291 -0.026207 -0.483428 0.094430 -0.146771 -0.069739 -0.403933 -0.054539 0.281526 -0.008554 -0.099165 -0.016541 -0.065147 -0.046387 -0.300410 0.399539 0.140618 0.078107 -0.004282 0.196987 0.090236 -0.099827 -0.277077 -0.035002
-0.058830 -0.023232 -0.237965 -0.139239 0.024763 -0.310987 -0.494744 -0.189875 -0.070350 0.271140 -0.224710 0.109840 -0.146720 -0.154977 -0.452956 0.417606 0.280079 0.266819 -0.005838 0.331251 0.234996 0.144264 -0.425032 -0.025680
0.085538 -0.283453 -0.036153 -0.626308 0.143801 -0.328139 0.046688 -0.214341 -0.108711 0.233255 -0.204178 0.339980 0.068301 -0.200534 0.014955 0.274082 -0.055036 0.261504 0.058592 0.054952 0.328079 -0.294138 -0.478100 0.211505
0.075631 -0.174563 -0.111711 -0.421061 0.113263 -0.098556 0.326972 -0.103364 -0.097568 0.331664 -0.357548 0.182177 -0.154601 -0.355567 -0.076871 0.047516 0.068409 0.189976 0.056201 0.260472 0.024236 -0.476846 -0.462367 0.119577
-0.131596 0.176444 -0.288532 0.046564 0.015920 -0.525584 0.170355 0.137259 0.149819 0.319478 -0.435623 0.054111 0.051693 -0.422958 -0.168008 -0.089432 0.246585 0.100525 0.288030 -0.060307 0.171609 -0.008667 -0.495392 0.086450
0.192455 0.160680 -0.004307 -0.032537 -0.157931 -0.476444 0.106721 -0.024651 0.003290 0.004386 -0.295056 0.279721 0.105363 -0.093617 -0.325932 -0.217907 -0.158222 0.043662 0.136726 0.047037 0.101390 -0.148004 -0.297546 0.039081
0.067455 0.328100 -0.126202 0.207300 -0.306443 -0.545854 0.422125 -0.082285 -0.110535 -0.133808 -0.346214 0.070960 -0.089128 0.037256 -0.162399 0.113518 0.132831 0.137377 0.257295 0.018564 0.302698 -0.335662 -0.628309 -0.118563
0.065806 -0.021297 -0.293360 0.202744 -0.017771 -0.275134 0.297497 -0.068227 -0.009994 0.119596 -0.252512 0.017585 -0.153617 0.062286 0.085238 0.095735 0.266245 -0.070585 0.002641 0.063879 0.201720 -0.429918 -0.725465 0.208616
0.270895 -0.016236 0.360793 0.515655 0.319832 -0.226961 0.152499 -0.284752 -0.206480 -0.067919 -0.577600 0.171099 0.004896 -0.100402 0.291765 0.285437 0.362897 -0.294755 0.390075 0.003548 0.086872 -0.249409 -0.819075 -0.155311
0.294012 -0.136211 0.143150 0.223420 0.176928 -0.195995 0.024631 0.003201 -0.421769 0.057562 -0.166460 0.362278 0.018883 0.012015 0.273587 0.316098 -0.081388 -0.181951 0.199399 0.015564 0.008332 -0.290091 -0.567338 0.055017
-0.110619 -0.321818 -0.049211 0.247066 -0.088866 -0.117293 -0.130260 0.199138 -0.651238 -0.037237 -0.174784 0.064556 -0.076423 -0.044476 0.001471 0.294668 0.179115 0.223537 0.191440 -0.020301 0.601042 -0.295292 -0.201802 0.097080
-0.172559 -0.221800 0.365687 0.371627 -0.184271 -0.070381 -0.367912 0.427508 -0.910755 -0.059465 -0.334471 -0.173540 -0.160569 -0.195287 -0.156048 0.256999 0.308812 0.367992 0.132807 -0.095642 0.512189 -0.217848 0.060321 0.274787
-0.209947 0.065080 -0.072406 0.121976 -0.027568 -0.227283 -0.194360 0.454172 -0.438762 0.599637 0.163627 0.324383 0.045090 -0.027350 0.175366 0.684567 0.209576 0.267124 0.265720 -0.004006 0.536769 0.105526 0.150231 -0.117338
-0.012337 0.708183 0.218524 0.196867 0.127234 -0.102028 0.098707 0.732428 -0.304906 0.395082 -0.013440 0.019779 -0.034316 -0.140294 0.217221 -0.418592 -0.472900 -0.179279 0.088192 -0.115797 0.336533 0.275171 -0.062641 0.129561
-0.508821 0.095787 0.546459 -0.441737 -0.282038 -0.064830 -0.098823 -0.788163 0.301563 0.230309 -0.904844 0.272496 0.017605 0.035621 -0.287711 -0.199811 0.009544 -0.268870 0.051228 -0.196541 -0.414713 0.338602 0.347098 0.109226
-0.260806 0.221465 0.634828 -0.175503 0.180041 -0.314842 0.126926 -0.626403 -0.206324 -0.019125 -0.331254 0.000453 -0.055937 -0.284329 -0.182614 -0.207780 -0.128933 -0.623742 -0.456460 0.154933 0.041276 -0.197055 0.094273 0.263744
-0.680819 0.217098 0.410794 -0.010883 0.067886 -0.153110 -0.212035 -0.290747 -0.120657 -0.284754 -0.229397 -0.236586 -0.207956 0.066181 -0.309610 -0.159152 0.286821 -0.609908 -0.297899 0.351365 -0.341758 -0.368136 -0.024041 -0.161478
-0.337385 0.329216 0.214505 -0.050481 -0.488042 -0.359752 -0.229200 -0.429883 -0.191736 -0.040230 -0.100965 -0.019716 -0.015207 0.243795 -0.509927 -0.137633 0.214869 -0.463896 -0.500550 0.636007 -0.439813 -0.356941 -0.087839 -0.142708
-0.225083 0.419575 -0.213939 -0.094213 -0.934025 -0.433919 0.015480 -0.663534 -0.387003 -0.145117 -0.181953 0.092318 -0.035678 0.617975 -0.241389 -0.436126 0.280268 -0.650294 -0.289410 0.160955 -0.393195 -0.570933 0.001330 -0.091086
-0.061625 0.391887 -0.470759 -0.241210 -0.911624 -0.466390 0.011660 -0.072507 -0.566598 -0.205375 -0.321278 0.035432 0.054100 0.474406 0.117689 -0.255554 0.485187 -0.352765 -0.211668 0.270648 -0.031497 -0.726948 -0.099826 -0.226251
-0.193453 -0.018267 -0.297910 -0.317670 -0.906235 -0.138353 -0.092028 -0.057611 -0.679131 -0.168690 -0.263210 0.013984 -0.005459 0.394099 -0.083451 -0.422037 0.334552 -0.467513 -0.058016 0.259304 0.198629 -0.295947 -0.048756 -0.262317
-0.011394 -0.006176 -0.467708 -0.164927 -0.473868 0.159603 -0.273207 -0.387004 -0.293909 -0.013944 -0.251148 0.111634 0.268094 0.320690 -0.227296 -0.068774 0.405848 -0.057370 -0.272349 0.214033 0.114076 0.053118 -0.074874 -0.360244
-0.085493 0.128046 -0.378433 0.008980 -0.077538 0.109330 -0.470045 -0.263856 -0.116568 0.030861 -0.269854 0.252162 0.106902 0.044047 -0.160047 0.346265 0.480208 -0.200133 -0.383365 0.086986 0.216207 -0.310940 0.008212 -0.091138
-0.188060 0.056509 -0.415183 -0.172339 -0.208498 -0.165384 -0.509360 -0.148002 -0.270819 0.036753 0.022548 -0.005824 0.029471 0.382866 -0.146564 0.484941 0.350622 -0.339766 -0.306433 -0.019916 0.148666 -0.206655 -0.263812 0.062596
-0.184744 -0.048550 -0.611912 0.240707 -0.105493 -0.567800 -0.511172 -0.249236 -0.030834 0.141053 -0.192426 0.194970 0.107444 -0.042551 -0.228270 0.352259 0.097061 -0.172488 -0.251199 0.195277 0.260974 -0.242265 -0.375265 -0.078836
-0.112138 -0.142690 -0.169307 -0.066137 -0.083330 -0.381442 -0.467559 -0.184134 -0.057022 0.305103 -0.142209 0.120102 0.055411 -0.132358 -0.241485 0.341131 0.023390 0.031078 -0.139998 0.258223 0.138601 -0.038525 -0.251536 0.050333
0.097149 -0.126479 0.001210 -0.337666 0.078637 -0.281309 -0.116755 -0.210813 -0.143322 0.236325 -0.172289 0.156512 -0.132943 -0.208181 -0.163635 0.268182 0.089592 0.382238 0.062205 0.086214 0.096485 -0.173965 -0.078554 0.203239
0.133657 -0.203686 0.286121 -0.299919 -0.003945 -0.109139 0.128268 -0.217728 -0.135851 0.145473 -0.256966 0.340402 -0.079590 -0.100063 -0.168059 0.197216 -0.031146 0.362455 0.096447 -0.078151 0.215236 -0.432360 -0.308490 0.059070
0.109117 -0.020445 0.255161 -0.135062 -0.011535 -0.289939 0.131797 -0.093261 0.159404 0.407137 -0.265811 0.160875 -0.060445 -0.100067 -0.240384 0.175698 -0.093006 0.211990 0.152816 -0.226765 0.022022 -0.314687 -0.080191 -0.123280
-0.048231 0.223505 0.021017 -0.178618 -0.188428 -0.448997 -0.006692 -0.054047 0.044627 0.113118 -0.250683 0.213013 -0.013047 -0.041553 -0.267757 -0.239016 -0.084663 0.127794 0.071936 -0.259622 0.062274 -0.094223 -0.127384 -0.042028
0.008393 0.133056 0.033749 -0.057760 -0.204164 -0.511204 0.216926 -0.289409 -0.070346 -0.004365 -0.284206 0.216254 -0.168926 0.024333 -0.274980 -0.128772 -0.076489 0.181908 0.083639 -0.275038 0.102507 -0.175320 -0.527508 -0.191993
0.367189 0.050684 -0.116244 0.087949 0.069923 -0.288791 0.171071 -0.111415 -0.148075 0.180378 -0.163527 0.206651 -0.143422 0.006710 -0.121407 0.174284 0.161039 -0.032914 0.014534 -0.174972 0.169570 -0.351932 -0.844378 0.093853
0.528953 -0.123336 0.046659 0.258236 0.060959 -0.248478 0.165029 -0.115489 -0.141976 -0.014523 -0.184147 0.050644 -0.078247 -0.039677 0.180845 0.067565 0.180280 0.051237 0.019580 -0.091406 0.109724 -0.235569 -0.679129 0.051435
0.290493 -0.280134 0.003064 0.420651 0.088604 -0.309497 0.052298 -0.044248 -0.672486 -0.156970 -0.274624 0.233779 -0.066094 -0.031079 0.141644 0.166379 0.182689 0.088654 0.181385 -0.223579 0.116644 -0.158129 -0.644541 0.040042
0.119233 -0.331708 0.040520 0.498480 0.021151 -0.672690 -0.236209 -0.011652 -0.843614 0.001645 -0.245693 0.124366 0.024098 0.002926 -0.137773 0.146617 -0.146744 0.114644 0.205080 -0.072839 0.364321 -0.200194 -0.332716 0.056331
-0.023220 -0.133730 0.200857 0.198872 0.042023 -0.376256 -0.372308 0.367599 -1.072341 0.040483 -0.033562 -0.066038 -0.308434 -0.059976 -0.111322 0.040635 -0.050064 0.039911 0.167036 -0.086882 0.526791 -0.256783 -0.123132 0.157670
-0.190370 -0.060091 0.406299 0.162401 -0.181328 -0.113255 -0.420938 0.380291 -0.908057 0.106726 0.022756 0.282221 -0.217007 -0.102734 -0.185694 0.181811 -0.076544 0.112644 0.209590 0.031646 0.518186 -0.061983 0.085701 0.271220
-0.404896 0.234127 -0.279997 -0.129220 0.093683 -1.022537 0.241037 0.441723 -0.536061 0.771868 0.392300 0.553329 -0.063343 -0.045142 -0.203960 0.312645 0.142529 0.370510 0.045760 0.191880 0.279848 0.013528 -0.131540 -0.081829
-0.313649 -0.393376 0.467857 -0.586412 -0.009336 -0.253753 -0.388692 -0.594220 0.166200 -0.008811 -0.712957 0.371152 -0.007871 0.072119 -0.296472 0.300944 0.107319 -0.199130 0.161005 -0.468017 -0.150620 0.319867 0.121550 -0.266054
-0.347242 -0.109851 0.512382 -0.423675 -0.071853 -0.172101 -0.024407 -0.530024 -0.040665 0.146267 -0.478051 0.019134 -0.069767 -0.149941 -0.430899 -0.341348 -0.140643 -0.467165 -0.063360 -0.004762 -0.098561 0.037643 0.279106 0.071971
-0.489249 0.114959 0.385856 -0.094382 -0.007141 -0.204484 -0.075139 -0.622128 -0.165940 -0.162265 -0.189202 -0.109189 -0.198998 0.107014 -0.377961 -0.153892 0.031707 -0.503467 -0.295076 0.321462 -0.373017 -0.293521 0.068525 0.069272
-0.488139 0.387903 -0.027916 -0.020293 -0.405746 -0.176134 -0.245650 -0.332344 -0.191737 -0.127467 -0.097959 -0.132910 0.000760 0.294921 -0.234726 -0.199932 0.162999 -0.649215 -0.357010 0.351591 -0.511567 -0.129084 -0.014428 -0.075503
-0.209650 0.484094 -0.020794 -0.019909 -0.593729 -0.484987 -0.076045 -0.347262 -0.283926 -0.002436 -0.245641 0.065517 -0.012595 0.413864 -0.235237 -0.328650 0.234902 -1.061692 -0.182864 0.243472 -0.557096 -0.338491 0.028804 -0.157402
-0.370426 0.146583 -0.444213 -0.190103 -0.634510 -0.595731 0.051335 -0.296203 -0.517427 -0.185942 -0.384843 0.185725 0.013655 0.373553 -0.074269 -0.358829 0.215391 -0.695863 -0.238824 0.350516 -0.024407 -0.576572 -0.310944 -0.088877
-0.127336 0.096890 -0.338497 -0.063193 -0.595855 -0.653297 0.089541 0.011525 -0.359207 -0.029434 -0.337525 0.206827 -0.194022 0.142025 -0.178784 -0.385713 0.235369 -0.524213 0.038438 0.095751 -0.179361 -0.275150 -0.289434 -0.257912
-0.100651 -0.038358 -0.357442 0.305996 -0.488939 -0.335466 -0.092561 -0.491825 -0.493940 0.042201 -0.237223 -0.008222 -0.042858 0.175144 -0.232705 -0.291555 0.350796 -0.277380 -0.424374 0.183091 0.040998 -0.015213 0.126014 -0.156140
-0.298239 0.082551 -0.279283 0.027634 -0.216683 -0.118276 -0.335513 -0.297988 -0.368321 0.168162 -0.303787 0.252565 0.241417 0.073261 -0.179657 -0.048558 0.357200 -0.520712 -0.507811 0.145470 0.364675 -0.249485 -0.035477 -0.219148
-0.370357 0.040580 -0.257167 -0.000751 -0.242288 -0.269631 -0.589216 -0.339945 -0.324087 0.089487 -0.129148 0.175500 0.052028 0.168993 -0.109493 0.200468 0.344876 -0.404265 -0.302978 0.130944 0.066360 -0.106073 -0.142049 -0.097167
-0.158243 -0.066899 -0.432075 0.014627 -0.171668 -0.060728 -0.454718 -0.210993 -0.320148 0.126144 -0.185209 0.044688 0.056801 0.085386 -0.042185 0.295418 0.256566 -0.326289 -0.137093 0.153451 0.085471 -0.111687 -0.157132 -0.077734
0.016319 -0.178709 -0.252751 0.097868 -0.150721 -0.275306 -0.366365 -0.087083 -0.300325 0.438533 -0.134719 0.195173 0.089821 0.036043 -0.205306 0.194750 0.125718 -0.046498 -0.092954 0.289236 0.075431 -0.090345 -0.241961 0.148488
0.171632 -0.090197 0.084369 -0.256868 -0.171002 -0.363242 -0.305092 -0.154597 -0.207066 0.143624 -0.336943 0.108222 -0.327069 0.075898 -0.152502 0.218687 0.080158 0.262395 -0.327678 0.173748 -0.128695 -0.149844 0.026444 0.105332
0.005792 -0.060904 0.134175 -0.297580 -0.016641 -0.498341 0.000747 -0.041058 -0.074763 0.079772 -0.218095 0.349432 -0.354269 -0.183594 -0.224346 0.247182 -0.005767 0.144806 -0.010748 -0.027058 0.060482 -0.303391 -0.204716 0.020394
-0.110336 0.027632 0.232653 -0.347290 -0.141664 -0.419986 0.007382 -0.040280 0.088912 0.093053 -0.282298 0.194357 -0.196832 -0.089498 -0.295294 0.019916 0.063919 0.144784 0.087936 -0.355174 0.047630 -0.321503 -0.444885 -0.084897
-0.048711 0.133022 0.209900 -0.116478 -0.190134 -0.684517 0.154198 -0.100281 -0.002521 0.028434 -0.238660 0.163662 -0.091844 -0.013296 -0.232547 0.077713 -0.040406 0.288453 0.140863 -0.516084 -0.093306 -0.195650 -0.493066 0.084448
-0.039393 0.043633 0.029303 -0.063490 -0.217489 -0.563053 0.266097 -0.279170 -0.139276 -0.018444 -0.402432 0.076791 -0.127922 0.059913 -0.337749 -0.047085 0.028469 0.255970 0.072308 -0.349927 -0.058283 -0.069175 -0.432503 -0.048785
0.132375 -0.147769 0.046096 0.057400 -0.049491 -0.594017 0.144864 -0.191812 -0.109193 -0.007573 -0.402770 0.179779 -0.156340 -0.047768 0.020696 -0.000080 -0.013183 0.112828 0.044864 -0.331651 -0.005765 -0.527378 -0.673356 -0.033159
0.365736 -0.195152 0.006228 0.155886 0.053046 -0.542380 0.010028 -0.179190 -0.223633 -0.014721 -0.181426 0.259894 0.016605 -0.063827 0.027722 0.163297 0.034067 0.147923 0.026617 -0.321176 -0.007559 -0.413853 -0.724281 0.083285
0.423525 -0.398958 0.124306 0.141711 -0.129542 -0.477768 -0.040286 -0.094570 -0.585822 -0.127701 -0.208487 0.265472 -0.041214 0.015873 0.071023 0.049370 0.062199 0.090336 0.097321 -0.288752 0.192324 -0.357680 -0.517700 0.125246
0.253829 -0.350647 0.103740 0.376050 -0.076486 -0.863708 0.030534 0.009834 -0.902568 0.134351 -0.224158 0.189192 -0.029872 0.130492 -0.135093 -0.012561 0.005469 0.141396 0.121007 -0.063415 0.110717 -0.081251 -0.284806 0.220788
-0.061742 -0.395455 0.071028 0.149031 -0.019058 -0.988778 -0.170899 0.214462 -0.983024 0.027826 -0.138305 -0.118435 0.133903 0.230905 -0.139503 0.216612 -0.115820 0.189990 0.010241 0.024896 0.211937 -0.108336 -0.150362 0.162851
-0.407946 -0.204880 0.439671 -0.142352 -0.020774 -0.301468 -0.328802 0.415133 -0.894891 -0.076392 -0.246560 0.111620 -0.167562 -0.046240 -0.260589 0.370248 0.080629 0.067097 0.063838 0.053661 0.360010 -0.122204 -0.123328 0.295705
-0.487307 0.267677 0.463008 -0.012156 0.009185 -0.238126 -0.012794 0.580638 -0.640829 0.274598 -0.218894 0.605088 -0.083155 -0.362886 -0.272513 0.067118 0.029685 -0.079702 0.287001 0.104470 0.135425 0.159420 0.211129 0.183497
-0.228398 -0.495585 0.484191 -0.129868 0.014791 -0.289766 -0.188368 -0.577616 0.045878 -0.275585 -0.372552 -0.033423 0.097128 0.202130 -0.142169 0.226683 -0.077649 -0.100171 0.039126 -0.890286 -0.633556 0.399866 0.323737 -0.296484
-0.578511 -0.330948 0.352086 -0.243408 -0.056854 -0.170525 -0.315742 -0.315458 -0.077119 0.055462 -0.472629 0.190116 0.040578 -0.000999 -0.491921 -0.060785 0.116250 -0.297811 0.008643 -0.201977 -0.220777 0.136473 0.352021 -0.013013
-0.441935 0.179797 0.271626 -0.190577 -0.133917 -0.266121 -0.110085 -0.382007 -0.317802 -0.032566 -0.295086 -0.026759 -0.239879 0.056339 -0.502378 -0.417224 -0.100978 -0.428601 -0.405591 0.064585 -0.197615 -0.323615 0.326274 -0.012991
-0.485255 0.405132 -0.193631 -0.112832 -0.435962 -0.266622 -0.028259 -0.118411 -0.128167 0.266499 -0.073034 0.036468 0.038338 0.330633 -0.209030 -0.415362 -0.022852 -0.487236 -0.368432 0.247940 -0.732566 -0.229266 -0.019591 -0.263054
-0.334343 0.496664 -0.194216 -0.047572 -0.688559 -0.384260 -0.177718 -0.147972 -0.080109 0.190066 -0.316339 0.115439 0.126851 0.241287 -0.121031 -0.402709 0.065313 -0.832412 -0.208530 0.303687 -0.415983 -0.037927 -0.021678 -0.187178
-0.285398 0.072120 -0.273789 -0.177635 -0.709137 -0.766798 0.043003 -0.196649 -0.366537 0.076807 -0.585439 0.035054 -0.001248 0.208096 -0.113506 -0.274686 0.173031 -0.447280 -0.306935 0.270848 -0.071967 -0.357956 -0.029794 -0.104458
-0.271691 0.101595 -0.549411 -0.212915 -0.735401 -0.703099 0.118021 -0.034433 -0.514803 -0.009095 -0.319578 0.274585 -0.074184 0.110697 -0.160690 -0.430712 0.195170 -0.541494 -0.139233 0.015409 -0.133304 -0.176751 -0.209579 -0.059958
-0.069706 0.195422 -0.485584 0.042021 -0.385758 -0.607154 0.007318 -0.112770 -0.512797 0.003084 -0.228669 0.253430 -0.117882 -0.011110 -0.137285 -0.470398 0.234514 -0.732287 -0.106217 -0.033141 -0.122363 -0.012769 -0.090631 -0.112353
-0.155064 0.177834 -0.388275 0.168296 -0.344415 -0.289954 -0.553327 -0.208212 -0.458186 0.040100 -0.182339 0.193192 -0.050544 0.037210 -0.050794 -0.265318 0.374159 -0.580588 -0.239669 0.237640 0.024893 -0.169213 -0.061582 -0.107652
-0.474242 0.034796 -0.227594 0.086163 -0.235376 -0.312727 -0.593697 -0.462421 -0.479863 0.204394 -0.139889 0.107400 -0.068783 -0.011425 -0.134965 0.070998 0.325378 -0.332714 -0.418878 0.070743 0.078620 -0.211661 -0.177747 0.001763
-0.258018 -0.118923 -0.234510 -0.022198 -0.110510 -0.395401 -0.660879 -0.272829 -0.557166 0.094490 -0.378793 0.235156 -0.030452 0.031960 -0.081780 0.282700 0.176089 -0.294700 -0.233188 0.147461 0.046632 0.033130 -0.114485 -0.042194
-0.171479 -0.157757 -0.343199 0.038440 -0.115243 -0.356858 -0.497452 -0.235144 -0.417183 0.299468 -0.277610 0.188423 0.172228 0.042124 -0.130379 0.304696 0.206262 -0.332455 -0.116097 0.187857 0.023761 -0.033271 -0.147599 -0.041368
-0.059875 -0.183013 -0.108203 -0.030235 -0.096595 -0.401576 -0.317192 -0.232532 -0.392243 0.028754 -0.274252 0.191177 -0.166138 0.040003 -0.210397 0.212300 0.155208 0.144532 -0.299393 0.075930 0.013289 -0.196680 -0.075541 0.088260
-0.033738 0.060339 0.046673 -0.158482 -0.126564 -0.629907 -0.162511 -0.173398 -0.180088 0.024585 -0.435999 0.196077 -0.204341 0.163349 -0.289572 0.260627 0.082409 0.380090 -0.126925 -0.146784 -0.184297 -0.120456 -0.025550 0.148565
-0.211767 0.126287 0.313224 -0.194323 -0.020192 -0.472496 -0.244162 -0.096065 -0.179491 -0.093571 -0.430350 0.161109 -0.225772 -0.036196 -0.244102 0.327494 0.051243 0.265782 -0.134802 -0.404545 -0.050971 -0.211831 -0.226507 -0.112693
0.203113 0.152610 0.330117 -0.197814 -0.211725 -0.325049 -0.052159 -0.123004 -0.095520 0.062879 -0.318591 0.173238 -0.018441 0.007358 -0.372358 0.112715 -0.009267 0.174790 0.033494 -0.620297 -0.019400 -0.247993 -0.307129 -0.152630
0.036879 -0.125898 0.072940 -0.112344 -0.004267 -0.594349 0.314923 -0.148800 -0.112305 -0.034480 -0.351860 0.004703 -0.128639 0.053111 -0.039133 0.037688 -0.089965 0.125303 0.027926 -0.478326 -0.139896 -0.262956 -0.383355 0.010117
0.094872 -0.241485 0.063663 -0.045471 -0.056299 -0.575576 0.097820 -0.217327 -0.320244 0.111206 -0.426484 0.255838 -0.089560 0.004355 -0.036729 -0.167402 -0.092569 0.148414 -0.014176 -0.312401 -0.031555 -0.354345 -0.547926 0.061836
0.157686 -0.384710 0.087895 0.097027 0.034974 -0.580132 0.099685 -0.196994 -0.413525 0.038427 -0.220790 0.258503 -0.120722 -0.139283 0.051971 0.084647 0.071285 0.008769 0.141571 -0.382044 -0.005373 -0.158022 -0.572532 0.061430
0.145804 -0.352565 -0.063794 0.031069 -0.155763 -0.512233 0.048852 -0.071937 -0.475279 -0.053724 -0.027990 0.165386 -0.035025 -0.057525 0.025153 0.014281 0.103441 -0.025495 0.225085 -0.450578 0.167265 -0.167004 -0.495183 0.210689
0.181153 -0.249569 0.014986 -0.061679 -0.180445 -0.872890 0.065598 -0.077404 -1.015915 0.105601 -0.133625 0.278041 -0.048290 0.059212 -0.225163 0.003792 0.021470 0.027342 -0.004726 -0.372098 0.204618 -0.114032 -0.219989 0.357901
0.002628 -0.243278 0.223099 0.211886 0.061740 -1.036921 -0.077507 -0.014492 -1.175684 0.284561 -0.115156 0.114151 -0.037889 0.128671 -0.196797 -0.047151 -0.202839 0.091359 0.171080 0.032705 -0.004088 0.025913 -0.278862 0.394654
-0.145675 -0.159345 0.301371 -0.015602 0.026133 -0.858394 0.005547 0.299928 -0.888735 0.166199 -0.141077 0.296522 -0.166170 0.265334 -0.112016 0.180700 -0.151162 0.087938 0.113717 0.061600 0.037110 0.056235 -0.076128 0.044672
-0.147693 -0.017441 0.471413 -0.222480 -0.075421 -0.192966 0.082881 0.493638 -1.041397 -0.082765 -0.320293 0.601879 -0.101890 0.077185 -0.358559 0.169262 -0.167963 -0.340277 0.289422 -0.040765 0.278424 0.084972 -0.229766 -0.129887
0.137299 -0.613374 0.199719 0.183146 0.017488 -0.049941 0.089244 -0.362455 -0.163311 -0.465726 -0.179199 -0.140270 0.126992 0.304868 -0.307570 -0.188120 -0.167726 -0.139456 0.115328 -0.875646 -0.493330 0.361900 0.241248 -0.270274
-0.460404 -0.405293 0.027321 -0.093624 0.073882 -0.190461 -0.338275 -0.342549 -0.065807 0.096917 -0.467681 0.043516 0.101361 -0.109025 -0.442981 -0.237960 0.019243 -0.242727 0.015650 -0.631381 -0.319106 0.059458 0.085657 -0.005211
-0.612828 0.008606 0.206924 -0.110196 -0.044439 -0.146565 -0.188000 -0.195559 -0.217371 0.044904 -0.395496 0.182586 -0.001953 0.067231 -0.434465 -0.149996 -0.170745 -0.506719 -0.093608 -0.102391 -0.128047 -0.155266 -0.026454 -0.042096
-0.360957 0.292746 -0.151440 -0.034553 -0.316444 -0.113753 0.125781 -0.067281 -0.227551 0.094096 -0.183181 0.055358 0.092823 0.253019 -0.083046 -0.229721 -0.108615 -0.502749 -0.206106 0.229457 -0.637851 -0.261051 0.195431 -0.203596
-0.361176 0.291577 -0.425167 -0.132448 -0.567286 -0.462969 -0.067598 0.046995 -0.008409 0.183398 -0.260213 0.239185 -0.025480 0.139272 -0.359234 -0.381914 0.112270 -0.443787 -0.411362 0.258928 -0.486201 -0.062243 0.077525 -0.091632
-0.220565 0.015869 -0.019572 -0.006231 -0.410920 -0.720477 -0.203022 -0.109232 -0.153134 -0.030064 -0.561223 0.174376 0.018396 0.075146 -0.174249 -0.209186 0.123285 -0.366384 -0.311334 0.111865 -0.194634 0.093449 -0.126575 -0.169069
-0.246065 -0.089785 -0.177582 0.051740 -0.487982 -0.654305 0.019309 -0.133894 -0.534481 0.096220 -0.336608 0.089078 -0.256041 0.180904 -0.241395 -0.233461 -0.088902 -0.329326 -0.229829 0.195936 -0.083609 -0.117997 -0.012104 -0.248029
-0.149397 0.175193 -0.349213 0.011599 -0.531014 -0.490950 0.150197 -0.103268 -0.607699 0.043889 -0.313064 0.274523 -0.153658 0.072431 -0.107410 -0.347222 0.150893 -0.579600 -0.195996 -0.061056 -0.012555 0.042029 -0.122716 -0.133848
-0.387736 0.096026 -0.382240 0.168079 -0.545415 -0.491096 -0.473470 -0.302613 -0.470721 0.083125 -0.368718 0.038638 -0.047393 0.186150 -0.295305 -0.252656 0.256389 -0.407465 -0.281032 0.053313 -0.015013 -0.042618 -0.013433 -0.086172
-0.398467 -0.101992 -0.149154 0.000673 -0.246956 -0.547058 -0.775996 -0.308289 -0.409951 0.002404 -0.369850 0.366086 -0.052332 0.127889 -0.156470 -0.007993 0.262257 -0.346457 -0.369733 0.250672 -0.093037 -0.246946 -0.087592 -0.008118
-0.367962 -0.212269 -0.097482 0.112881 -0.163287 -0.452943 -0.605359 -0.393983 -0.685989 -0.032974 -0.467841 0.289835 -0.004126 -0.027255 -0.304421 0.034622 0.286954 -0.295738 -0.265688 -0.049362 -0.015918 -0.185062 -0.192819 -0.036922
-0.191147 -0.163806 -0.158592 -0.065556 -0.172883 -0.477163 -0.558096 -0.202741 -0.623481 -0.041243 -0.470906 0.257111 0.050578 0.006851 -0.097730 0.217708 0.333452 -0.187982 -0.141521 0.034215 -0.074820 -0.150996 0.023993 -0.191954
-0.172134 -0.086027 -0.212542 0.021776 -0.110040 -0.366703 -0.607822 -0.206510 -0.500512 0.039129 -0.457998 0.299754 0.124225 0.203314 -0.087708 0.315859 0.290168 0.064171 -0.068853 0.064728 0.027410 -0.056944 -0.058449 -0.074987
-0.119302 0.053464 -0.102172 -0.004173 0.052145 -0.626737 -0.176175 -0.144121 -0.260761 -0.006288 -0.231430 0.047796 -0.243716 0.237975 -0.318728 0.116654 0.206876 0.204215 -0.172055 -0.127147 -0.019098 -0.026576 -0.083545 -0.014941
-0.156494 0.103730 0.169570 -0.169650 -0.028440 -0.568392 -0.121850 -0.175676 -0.312584 -0.053345 -0.401227 0.145211 -0.131856 0.075877 -0.325822 0.462491 0.099298 0.228360 -0.022482 -0.357746 -0.103412 -0.137359 -0.038869 0.099562
0.018602 0.013218 0.201845 -0.177491 -0.016248 -0.279028 -0.203530 -0.018434 -0.208733 -0.097388 -0.436506 0.225249 -0.109083 0.029321 -0.336976 0.327736 -0.117909 0.173128 0.000465 -0.634392 -0.051806 -0.327740 -0.277823 0.049298
-0.031303 -0.034749 0.092631 -0.107218 -0.006941 -0.473394 0.220395 -0.026202 -0.226110 0.051815 -0.352632 -0.024513 -0.192474 -0.125825 -0.067458 0.102874 -0.172768 0.146738 0.062256 -0.425054 -0.119749 -0.265660 -0.278608 0.157900
-0.036019 -0.239627 0.109083 -0.034596 -0.053250 -0.460948 0.098301 -0.217966 -0.466456 -0.021095 -0.407328 0.089077 -0.213627 -0.222463 -0.071331 0.054945 0.043880 0.294436 0.077437 -0.268749 -0.045294 -0.155237 -0.472861 0.101025
-0.075233 -0.253961 0.131704 -0.078623 -0.219587 -0.384512 -0.089743 -0.405313 -0.420135 0.020599 -0.349497 0.040971 -0.167494 -0.028676 -0.296921 -0.087716 0.004844 0.203465 0.197760 -0.262079 -0.085710 -0.040917 -0.384012 0.132396
-0.039402 -0.121443 0.050257 0.118846 -0.070202 -0.383004 0.193515 -0.244569 -0.810327 0.053472 -0.112871 0.297940 -0.135223 0.010427 -0.229340 -0.027085 0.103238 -0.025654 0.152602 -0.519714 0.121394 -0.005637 -0.340820 0.278382
-0.213272 -0.108722 0.045832 -0.066616 -0.185914 -0.751019 0.270372 -0.106408 -1.095081 0.287934 -0.165739 0.291519 -0.077717 0.123084 -0.130419 -0.121418 0.056468 -0.092832 0.118348 -0.496598 0.109226 -0.158092 -0.312051 0.285183
-0.003840 -0.189526 0.180922 0.043745 -0.206995 -1.104410 0.012905 -0.098399 -1.016836 0.228577 -0.394553 0.322441 -0.117273 0.039179 -0.275351 -0.138546 0.012823 0.171029 0.194439 -0.170843 -0.100411 -0.011941 -0.049537 0.350849
-0.150951 -0.243080 0.223968 0.016045 -0.033444 -0.891290 -0.107926 0.018856 -0.868204 0.282066 -0.426198 0.150917 -0.182691 0.171822 -0.225920 0.011635 -0.131350 0.262060 0.064965 0.281599 -0.173261 0.096205 -0.041020 0.287562
-0.247452 0.278563 0.459071 0.121848 0.112626 -0.378766 0.205898 0.375913 -0.886083 -0.041363 -0.444172 0.391844 -0.007285 0.044203 -0.369128 0.220378 -0.066413 0.087290 -0.022553 -0.043565 0.036236 0.086998 -0.208470 0.111800
0.470698 -0.627780 0.066074 0.204663 -0.199543 -0.157460 0.047594 -0.309898 -0.334405 -0.325061 -0.041423 -0.343722 0.119061 0.525004 -0.485229 0.316532 -0.190782 -0.381322 0.084847 -0.227323 -0.368525 0.528536 0.280989 -0.428575
-0.058710 -0.241893 -0.123747 -0.097467 0.012450 0.048206 -0.262362 -0.078557 0.133717 0.027609 -0.255228 -0.025858 0.026793 0.100727 -0.248597 -0.153114 -0.130391 -0.299618 0.205000 -0.390920 -0.504713 0.084927 0.226110 -0.265196
-0.425416 -0.028486 0.055530 0.009704 0.207840 -0.187786 -0.079975 -0.104787 -0.068151 -0.044845 -0.241957 0.031873 0.009974 0.203094 -0.522348 -0.102740 -0.082065 -0.304269 0.043572 -0.162041 -0.388466 -0.206565 0.253712 -0.136198
-0.459296 0.210216 -0.084123 0.012617 -0.184379 -0.147925 0.094023 -0.014380 -0.284562 0.099990 -0.364040 -0.047041 -0.002020 0.132015 -0.284809 -0.067209 -0.212219 -0.562028 -0.215331 0.040454 -0.358336 -0.387009 0.170092 -0.206874
-0.414566 0.024700 -0.262210 -0.118168 -0.367966 -0.197885 0.133063 0.198335 -0.207616 0.261134 -0.404847 0.064995 0.053649 0.172687 -0.185448 -0.411934 -0.239961 -0.313023 -0.169494 0.161273 -0.419496 -0.134234 0.067668 -0.244818
-0.196185 0.110559 -0.246110 -0.121134 -0.371971 -0.596850 -0.104393 -0.003740 -0.203224 0.118426 -0.564749 0.108866 -0.021848 -0.016473 -0.211632 -0.236190 -0.011648 -0.102287 -0.331741 0.099132 -0.030645 -0.052354 -0.226742 -0.111983
-0.116141 -0.116428 -0.051896 -0.054383 -0.187516 -0.249570 0.001599 -0.050133 -0.492956 -0.025867 -0.227102 0.142526 -0.197307 0.058050 -0.054240 0.012927 0.096041 -0.216162 -0.158880 0.059724 -0.153254 0.072719 0.082467 -0.175086
-0.280035 0.137805 -0.369599 -0.038923 -0.368758 -0.410138 -0.062847 -0.010458 -0.743714 0.103799 -0.236290 0.260993 -0.203048 0.096778 -0.023786 -0.222406 0.010732 -0.368320 -0.182806 0.075314 -0.134827 0.259245 -0.091823 -0.121680
-0.340462 0.183108 -0.459589 0.100043 -0.558615 -0.449825 -0.610495 -0.021519 -0.638082 0.121398 -0.227830 0.322435 0.017963 0.244310 -0.087159 -0.130750 0.058212 -0.345140 -0.341046 -0.100331 -0.012516 -0.093189 -0.122424 -0.103600
-0.464719 -0.123364 -0.249066 -0.249414 -0.244614 -0.388422 -0.932510 -0.170054 -0.553752 0.042130 -0.310267 0.240129 -0.177728 0.124754 -0.254933 -0.116780 0.183198 -0.194626 -0.326853 0.001936 0.059571 -0.165988 0.011990 -0.081440
-0.394341 -0.037761 -0.336304 -0.148762 -0.065508 -0.596031 -0.764751 -0.209646 -0.362696 -0.111578 -0.220376 0.322164 -0.210035 -0.002893 -0.352502 0.015858 0.290824 -0.344049 -0.170208 -0.117524 -0.072941 -0.223009 -0.153508 -0.154753
-0.182465 -0.035002 -0.090461 -0.064687 -0.036708 -0.484603 -0.528423 -0.221049 -0.525584 -0.099268 -0.337314 0.248241 -0.023788 0.076800 -0.263446 0.070856 0.374136 -0.226038 -0.269183 -0.246270 -0.006882 -0.126553 -0.048571 -0.079251
-0.225882 -0.093322 -0.078464 -0.185350 -0.163813 -0.377183 -0.842941 -0.263458 -0.579929 0.019580 -0.401384 0.297030 0.005035 0.222826 -0.264116 0.141929 0.285171 -0.035147 -0.051304 0.027180 0.138268 -0.103283 -0.086153 -0.164659
-0.199121 0.204998 -0.050081 -0.010306 0.089822 -0.463238 -0.504998 -0.314997 -0.204986 -0.017451 -0.269495 0.167573 -0.170680 0.075137 -0.247911 0.051725 0.216619 0.094158 0.149022 -0.061979 -0.029526 0.021581 -0.198904 -0.137824
-0.138201 0.091152 -0.007300 0.037330 0.121118 -0.361325 -0.165722 -0.173549 -0.206040 0.021456 -0.332436 0.149484 -0.133444 0.156406 -0.151492 0.295371 0.082354 0.107085 0.102656 -0.433884 -0.106607 -0.081427 -0.042606 -0.094862
-0.050432 0.009812 0.081996 -0.017717 -0.004176 -0.061662 0.011277 -0.079029 -0.310390 0.006991 -0.435276 0.158423 -0.113335 0.104784 -0.324802 0.308421 0.013367 0.026514 -0.011716 -0.248805 -0.105941 -0.106514 -0.114823 0.082558
-0.126443 -0.101161 0.227016 -0.084107 0.028868 -0.166148 0.239336 0.070362 -0.297026 -0.043788 -0.090915 0.150247 -0.082512 -0.153940 -0.260544 0.204413 0.036220 0.108538 0.019041 -0.164714 0.029191 -0.171209 -0.286008 0.242591
-0.061276 -0.202209 0.060359 0.018889 0.032875 -0.261227 0.192169 -0.012402 -0.604159 0.002767 -0.294444 -0.048176 -0.133083 -0.162990 -0.293462 0.063090 0.000971 0.141678 0.220691 0.081765 -0.097757 -0.161245 -0.274888 0.076653
-0.195486 -0.227125 0.149576 0.156276 -0.124802 -0.303936 -0.044390 -0.186198 -0.852387 0.018781 -0.196201 0.158971 -0.149666 -0.064867 -0.447652 0.116387 -0.142281 -0.026975 0.254630 -0.177738 -0.122988 -0.114570 -0.212636 0.174368
-0.205976 -0.132475 0.088600 0.010791 -0.090280 -0.159294 0.043673 -0.148582 -0.805908 -0.024155 -0.167934 0.227106 -0.101100 -0.064220 -0.284945 -0.041890 -0.023789 -0.140674 0.231516 -0.291118 -0.122475 0.229782 -0.223557 0.222920
-0.460448 -0.116874 0.203362 -0.198930 -0.055533 -0.553025 0.244596 -0.071538 -0.923833 0.307064 -0.180107 0.280060 0.065530 0.205003 -0.215452 -0.087661 -0.010540 -0.109877 0.257468 -0.246488 0.064463 0.103554 -0.229038 0.172941
-0.151967 -0.275929 0.182060 0.050818 -0.142658 -0.832581 0.079780 -0.121458 -0.782210 0.289636 -0.499024 0.198920 -0.183000 0.063679 -0.468055 -0.254891 -0.009210 0.232530 0.166493 -0.178468 -0.034049 -0.012052 -0.275098 0.231264
0.294572 -0.261545 -0.062913 -0.016683 -0.170617 -0.995362 0.005986 0.095782 -0.669142 -0.054735 -0.475467 0.512923 -0.177721 0.214258 -0.365374 -0.036657 0.019916 0.342917 0.047695 -0.073522 -0.244548 0.061357 -0.080054 0.195430
-0.017271 -0.076845 -0.035739 -0.329441 -0.278495 -0.063968 0.067847 0.522570 -0.361984 0.013748 -0.163925 0.361634 0.014411 0.491612 -0.024588 -0.070722 -0.414641 -0.023837 -0.155388 0.138367 -0.093645 0.067429 -0.002474 0.199598
0.422743 -0.424178 -0.007699 0.276691 -0.537035 -0.125015 -0.184553 0.121219 -0.306568 -0.247681 -0.219431 -0.259835 0.088428 0.238635 -0.755453 0.092917 -0.138533 -0.326426 0.097132 0.020087 -0.354563 0.295071 0.067232 -0.141099
0.117906 -0.055513 -0.135144 0.080842 -0.038873 0.063241 -0.136415 0.123475 0.010131 -0.201202 -0.247741 -0.145792 0.026425 0.096920 -0.021842 -0.060284 -0.047687 -0.467882 0.183237 -0.096167 -0.326000 -0.026652 0.060829 -0.101372
-0.202472 0.146302 -0.022654 -0.040686 0.124622 -0.077468 -0.073519 0.049452 0.052926 0.046526 -0.269399 -0.198677 0.113644 0.163464 0.075480 -0.151500 -0.143052 -0.194705 0.067719 0.077952 -0.567290 -0.241856 0.230415 -0.097323
-0.623297 -0.067224 -0.163643 -0.170755 -0.208170 0.042961 -0.041784 0.281410 -0.196753 0.127438 -0.092971 -0.208850 0.036812 0.023023 -0.247415 -0.220237 -0.245533 -0.445472 -0.263226 0.097661 -0.212570 -0.337101 0.184313 -0.231525
-0.266337 -0.083014 -0.316488 -0.184794 -0.229266 -0.157022 0.130877 0.253816 -0.195749 0.100793 -0.321517 -0.051461 0.124674 0.057302 -0.085939 -0.306422 -0.150874 -0.586096 -0.087207 0.239427 -0.333806 -0.224466 -0.238050 -0.336734
-0.173991 -0.269680 -0.095578 -0.077295 -0.033066 -0.174723 -0.047718 0.150780 -0.321599 0.304130 -0.609243 0.070610 0.046196 -0.084071 -0.282583 -0.228318 -0.038046 -0.327243 -0.008469 0.223060 -0.206458 -0.121889 -0.142644 -0.248569
-0.086523 -0.114298 -0.080930 -0.059213 0.029338 -0.124366 0.045325 0.220165 -0.509939 0.209313 -0.247826 0.013303 -0.175481 0.086739 -0.049090 0.088531 -0.060887 -0.075764 -0.167142 -0.157583 -0.206845 -0.004347 -0.096983 -0.117390
-0.056913 0.011276 -0.249946 -0.143706 -0.253041 0.050927 -0.025124 0.172998 -0.533889 -0.054375 -0.101709 0.101182 -0.128015 0.239319 -0.069531 0.011503 -0.008691 -0.160773 -0.136439 0.068047 -0.159036 0.251443 -0.025787 -0.160689
-0.339677 0.135048 -0.353685 -0.063387 -0.448536 -0.336947 -0.618799 0.110630 -0.265547 -0.132910 -0.166130 0.231267 0.117345 0.264345 -0.034639 -0.138971 -0.020765 -0.272601 -0.131251 -0.156188 0.047249 -0.038095 -0.066810 -0.390485
-0.391916 0.008407 -0.233835 -0.240470 -0.327394 -0.161513 -0.923530 -0.052995 -0.253483 0.022890 -0.258724 0.288741 -0.289602 0.305535 -0.098205 -0.128531 0.059878 -0.033584 -0.368258 0.051549 0.138467 -0.260566 0.084415 -0.251874
-0.175077 -0.106073 -0.091494 -0.254634 0.021589 -0.228876 -0.840161 -0.098269 -0.103145 0.083876 -0.176568 0.305674 -0.191622 0.168295 -0.215359 -0.221841 0.149570 -0.287013 -0.292742 -0.235269 -0.167595 -0.097515 -0.136179 -0.167757
-0.102211 0.103693 -0.056799 -0.233054 0.052965 -0.387798 -0.568081 -0.003787 -0.391812 -0.197617 -0.264106 0.315079 -0.047378 0.228952 -0.206369 -0.196405 0.258461 -0.189179 0.022126 -0.340464 0.061955 -0.214627 -0.145344 -0.191565
-0.052212 0.314734 -0.084304 -0.248175 0.004207 -0.358610 -0.796783 0.060795 -0.307245 0.012737 -0.195541 0.283415 0.058496 0.201202 -0.193661 0.108661 0.156263 -0.159127 0.020637 -0.308881 0.146651 -0.091910 -0.030689 -0.319012
-0.254440 0.156494 -0.118713 -0.214821 0.069795 -0.339826 -0.698207 0.057148 -0.163559 0.179770 -0.228167 0.141042 0.032494 0.223407 -0.073157 0.004392 0.136146 -0.119005 0.174162 -0.055928 0.036856 -0.097154 -0.018741 -0.265949
-0.059509 0.106010 -0.080262 0.106415 0.040316 -0.538729 -0.239252 -0.023009 -0.285001 0.114526 -0.063060 0.307198 0.015119 0.055012 -0.207014 0.059774 0.176831 0.026285 0.238029 -0.303784 -0.068643 -0.113166 -0.189427 -0.131281
-0.056094 -0.052841 0.080701 -0.031831 0.145699 -0.115753 -0.022085 -0.004407 -0.224399 0.213863 -0.395190 0.377923 0.041842 0.005230 -0.239227 0.185457 -0.072998 -0.053679 0.136291 -0.317798 0.048061 -0.164477 -0.160422 0.058455
-0.194070 -0.102447 0.061942 -0.139456 0.072131 0.184099 0.195245 0.060467 -0.321366 0.125270 -0.299870 0.071652 -0.233381 0.001285 -0.452253 0.131296 -0.015018 -0.022260 0.247672 -0.224223 0.036954 -0.014023 -0.199494 0.144501
-0.154190 -0.061774 -0.021815 -0.139623 0.024171 -0.204803 0.223794 0.072785 -0.555689 -0.071208 -0.018875 0.108187 0.112323 -0.049887 -0.645015 0.165420 0.012302 0.000231 0.184934 -0.432383 -0.069400 0.023706 -0.238717 0.118038
-0.241111 -0.105688 0.041651 0.153749 -0.095357 0.027243 0.039713 -0.011083 -0.727562 -0.026593 -0.259602 0.093074 -0.101100 -0.171037 -0.459008 0.187787 -0.026801 0.073408 0.123055 -0.154777 0.009301 -0.059381 -0.061767 0.097793
-0.213475 -0.117345 0.150802 -0.080928 -0.214603 0.069258 0.025457 -0.222379 -0.667434 0.029387 -0.255782 0.117618 -0.158670 -0.052973 -0.416400 0.156624 -0.118102 0.091366 0.063870 -0.033564 -0.060612 0.256726 -0.247759 0.352038
-0.314859 -0.040423 0.122766 -0.106349 -0.101563 -0.236299 0.165697 -0.051622 -0.324531 0.397428 -0.331772 0.228180 -0.081010 -0.002629 -0.268060 -0.008559 -0.095645 -0.034847 0.171444 -0.143304 -0.135127 0.383803 -0.417476 0.409905
-0.476726 -0.015664 0.132822 -0.187530 -0.053949 -0.697965 0.260981 -0.068814 -0.485506 0.414872 -0.658587 0.140150 -0.043989 0.111093 -0.276178 0.192594 0.089532 0.156602 0.074354 -0.142837 -0.105576 0.185395 -0.144883 0.123800
0.210056 -0.221733 -0.089212 0.159033 -0.374768 -0.616521 0.130926 -0.019630 -0.479502 -0.043682 -0.546724 0.205179 -0.110374 -0.120482 -0.309538 -0.069096 0.068664 0.468047 0.086460 -0.120406 -0.054959 0.290152 -0.103248 0.224838
0.679781 0.099429 -0.114829 -0.070411 0.118771 -0.689667 0.227660 0.520102 -0.449827 -0.228831 -0.467164 0.568223 0.105552 0.125283 -0.118989 -0.160453 -0.069249 -0.036886 0.234061 0.135175 -0.307824 -0.039945 0.029754 -0.110599
0.249352 -0.121794 -0.140895 0.503634 -0.418942 -0.467400 -0.209531 0.147910 -0.005811 -0.016254 -0.348087 -0.257848 -0.076700 -0.056388 -0.467646 0.047502 0.085035 -0.220763 -0.015641 -0.007584 -0.295951 0.484163 -0.117788 -0.094199
0.293738 0.036795 -0.302236 0.018807 -0.056401 0.102563 0.025694 0.185356 0.160309 0.005591 -0.138996 -0.196658 0.128395 0.087983 -0.132703 -0.068630 0.064653 -0.308094 0.141469 0.016846 -0.229434 0.099315 -0.050875 -0.045967
0.164134 0.020528 0.086213 -0.075715 0.101956 -0.001036 -0.017430 0.102649 -0.003245 0.076566 -0.217390 -0.057024 0.090762 -0.094282 -0.104120 -0.163890 0.004559 -0.193699 0.120959 0.116842 -0.371716 -0.139051 0.089384 -0.103497
-0.347317 -0.121110 0.226934 -0.038721 -0.163109 0.121841 0.051214 0.331333 -0.093374 0.194321 -0.203851 -0.354795 0.038696 0.000366 -0.192050 -0.390265 0.018483 -0.436995 -0.062672 0.131239 -0.080308 -0.256299 0.146933 -0.286102
-0.251179 -0.128815 -0.070096 -0.112706 -0.011751 0.165422 -0.029357 0.299294 -0.225231 0.105834 -0.052398 -0.362111 0.099136 0.103164 -0.051085 -0.093922 -0.061306 -0.800501 -0.161583 0.149393 -0.188085 -0.225121 0.057870 -0.235101
0.059908 -0.344437 0.014450 -0.144149 -0.091970 0.062502 -0.007129 0.252092 -0.291995 0.131302 -0.456491 -0.167098 0.141713 -0.004443 -0.187094 -0.085659 0.039410 -0.607059 0.049451 0.129100 -0.284300 -0.409978 -0.071081 -0.153160
-0.006990 -0.261174 0.051113 -0.107297 0.103007 0.151227 -0.099604 0.154152 -0.491031 0.053212 -0.354510 -0.013946 -0.054553 0.201316 -0.188790 -0.033264 -0.056200 -0.207176 -0.110916 0.015012 -0.155263 -0.233609 -0.071774 0.005840
0.001237 0.072439 -0.100870 -0.014093 -0.040211 0.157505 0.039605 0.341251 -0.649124 0.070907 -0.064635 -0.055076 -0.030539 0.233762 0.000539 0.160885 -0.107587 -0.084661 -0.145537 -0.187624 -0.097295 -0.029451 -0.082178 -0.143610
-0.200627 0.116615 -0.246801 -0.084777 -0.135661 0.020548 -0.396450 0.228185 -0.119654 -0.054620 -0.054658 0.093769 0.061620 0.198430 0.068830 -0.117615 -0.172216 -0.173027 -0.062305 0.006299 0.046047 -0.084387 -0.072319 -0.064297
-0.088565 0.019339 -0.325118 -0.276042 -0.140142 -0.091416 -0.802707 0.162335 -0.091225 -0.016731 0.020816 0.240872 -0.067934 0.288330 -0.159878 -0.208238 -0.059443 -0.239885 -0.277534 -0.029668 0.147067 -0.127637 0.022152 -0.488584
0.013353 0.080058 -0.203668 -0.217745 0.111117 0.041017 -0.550100 0.089234 -0.379331 0.092348 -0.070155 0.236029 -0.204198 0.204217 -0.161397 -0.097869 0.200861 -0.128264 -0.463609 0.036252 0.009988 -0.038735 0.040666 -0.335749
0.193460 0.109189 -0.253217 -0.186542 -0.055050 -0.121577 -0.288690 0.051046 -0.172592 0.177458 -0.025937 0.164441 -0.077943 0.352813 -0.130197 -0.238611 0.129196 -0.149805 -0.177880 -0.381192 0.094065 -0.151334 -0.067581 -0.184698
-0.035874 0.015213 -0.218324 -0.238208 0.093574 -0.141126 -0.321083 0.053846 -0.028266 0.078610 0.024362 0.205984 -0.118653 0.251740 -0.128067 -0.034666 0.130588 -0.134241 -0.078621 -0.402522 0.094922 -0.220863 -0.168122 -0.125757
-0.247815 0.174124 -0.105035 -0.059102 0.057326 -0.116320 -0.676589 0.073640 -0.207118 0.007437 -0.179167 0.114450 -0.005790 0.388418 -0.239346 0.205257 0.195406 -0.040636 0.075370 -0.299520 0.203137 0.021754 -0.174594 -0.158216
-0.114291 0.125083 -0.115324 -0.158161 0.089211 -0.120899 -0.345200 -0.000031 0.150873 0.127697 -0.130275 0.102419 -0.155336 0.233121 -0.094610 0.047017 0.070706 -0.076094 0.329975 -0.062272 -0.042535 -0.057525 -0.025365 -0.050301
0.002629 -0.134756 0.001630 0.074431 0.051118 -0.001669 -0.176879 -0.003299 -0.225771 0.284604 -0.112477 0.280701 -0.165983 0.194839 -0.235289 0.032972 0.197697 -0.125143 0.231457 -0.129997 -0.041786 -0.248720 0.065831 0.140582
0.022314 -0.128026 0.088691 -0.037300 0.199855 0.105249 0.179778 0.011391 -0.359123 0.068524 0.110977 0.412554 -0.017770 0.144759 -0.448291 -0.158406 0.044395 -0.285597 0.177498 0.006262 -0.060502 0.056710 -0.055420 -0.055262
-0.185194 -0.104832 0.109084 -0.097695 -0.010497 0.059232 0.136518 0.127072 -0.422215 0.042897 0.220331 0.175922 -0.207752 0.221173 -0.712133 0.081590 -0.009919 -0.009176 0.195248 -0.155006 -0.199078 0.122998 -0.085400 0.127297
-0.212955 -0.193579 -0.007958 0.058464 -0.025292 -0.085133 0.089816 0.165926 -0.454464 0.133656 0.087422 0.187630 -0.238781 0.076835 -0.588867 0.154465 -0.056754 -0.235150 0.133300 -0.279687 -0.105253 0.049478 -0.136473 0.005920
-0.196645 -0.105393 0.317808 0.106235 -0.133380 0.168649 0.069067 -0.024362 -0.201376 0.184715 0.005640 -0.017382 -0.097795 -0.004712 -0.478242 0.139443 -0.095609 -0.110422 0.052308 0.098021 -0.199545 0.043977 -0.196283 0.160627
-0.093460 -0.024284 0.275567 -0.189596 -0.111950 0.066808 0.196730 -0.032357 -0.076934 0.344387 -0.347636 0.270948 -0.046790 0.016801 -0.092211 -0.000028 -0.046017 0.007014 0.110559 0.080605 -0.490721 0.317200 -0.305706 0.095248
-0.124504 0.181164 -0.063843 -0.162342 -0.158279 -0.063238 0.253313 0.009670 -0.481746 0.399142 -0.315368 0.241312 -0.085756 0.128445 -0.227796 0.256154 -0.102669 0.207465 0.153833 -0.225309 -0.270238 0.319897 -0.102834 -0.054349
-0.049348 0.056745 -0.078305 0.058808 -0.109871 -0.124806 0.208344 0.184761 -0.109358 0.192803 -0.160102 0.099916 -0.071755 -0.053663 -0.074367 0.182237 0.126559 0.248512 -0.020280 -0.188373 -0.212759 0.305351 0.063351 0.150146
0.785848 0.187046 -0.344188 0.224053 0.011162 0.232354 0.132627 0.498399 -0.385254 -0.351136 0.012380 0.258382 -0.161038 0.186676 0.002636 -0.168329 -0.193705 0.039702 -0.064757 -0.227795 -0.228977 0.154092 0.211693 0.306357
0.193765 0.147685 0.302243 0.536002 -0.394680 -0.370359 -0.000878 0.152942 -0.007779 -0.174050 -0.218474 -0.350177 -0.056429 -0.448035 -0.349264 -0.366274 0.333370 0.030248 -0.074748 0.033448 -0.279664 0.601393 -0.031358 -0.161398
0.186333 0.162698 -0.110302 0.162670 0.227221 -0.140792 0.206823 0.297911 0.070095 -0.068975 -0.005297 -0.245478 0.146127 -0.132383 -0.169071 -0.623259 0.070176 -0.266686 -0.010157 0.263235 0.097590 0.183524 -0.290992 -0.052323
0.327002 0.143219 0.217199 -0.180588 -0.003491 0.204166 0.025622 0.191197 -0.037076 0.089536 0.019237 -0.268759 -0.034751 -0.058204 -0.096570 -0.183326 0.065357 0.067530 0.017167 -0.082046 -0.068671 -0.313487 -0.097050 0.108909
0.010721 -0.136667 0.335076 -0.099473 0.107232 0.025543 -0.071866 0.262044 -0.093400 0.008273 -0.092151 -0.306378 0.079460 -0.011231 -0.038511 -0.366011 -0.012110 -0.203750 0.035310 0.017633 -0.201195 -0.255319 -0.021425 -0.180606
-0.152960 -0.331910 0.247355 -0.043413 0.083610 0.321647 0.075074 0.261374 -0.146300 0.119467 -0.162571 -0.538317 0.100782 0.235938 -0.052576 -0.045995 -0.036934 -0.562238 -0.051676 0.268742 -0.084484 -0.110423 -0.040426 -0.201879
-0.006504 -0.320426 0.015228 -0.191533 0.017394 0.338175 -0.034863 0.284942 -0.008074 0.193951 -0.138130 -0.424526 0.086307 0.031475 0.109282 -0.016100 -0.020356 -0.811444 0.020865 0.275075 -0.101483 -0.194288 -0.088699 -0.077519
-0.040314 -0.123868 -0.006122 -0.036507 0.003878 0.407192 -0.050474 0.340979 -0.035280 0.206373 -0.217168 -0.445711 -0.029315 0.077505 -0.048507 -0.054210 -0.166593 -0.553769 -0.172787 0.105070 -0.014113 -0.342857 -0.147820 0.107466
0.059395 0.051118 -0.195117 -0.206611 0.104506 0.300561 -0.192281 0.224133 -0.244755 0.107859 -0.128576 -0.196661 0.031429 0.154148 -0.084699 0.091406 -0.288430 -0.397575 -0.197525 -0.111170 -0.022999 -0.133648 -0.440313 -0.115409
0.026322 0.147784 -0.080667 -0.147515 0.069164 0.163135 -0.291642 0.275978 -0.106861 -0.025726 0.005821 -0.209240 -0.123610 0.244567 0.032963 -0.081233 -0.115678 -0.304124 -0.067014 -0.040548 0.029091 -0.183074 -0.130966 -0.175803
-0.008975 -0.075894 -0.269208 -0.269010 -0.020963 0.045346 -0.556350 0.192380 0.044538 0.098517 0.058016 -0.110470 -0.200100 0.232738 0.030497 -0.151635 -0.043023 -0.432824 -0.089540 0.199167 0.195174 -0.248565 0.087726 -0.352152
0.213203 0.061805 -0.265517 -0.276708 0.126557 -0.009652 -0.192595 -0.001778 -0.072881 0.112320 0.066067 -0.030208 -0.163147 0.180435 -0.035721 -0.065616 -0.105687 -0.263008 -0.221386 0.125814 0.095343 0.000586 0.056553 -0.446290
0.364285 0.201060 0.009000 -0.150743 0.037680 0.171684 -0.362499 0.180742 0.136279 0.337077 0.217943 0.172997 -0.179622 0.174923 0.009130 -0.127843 -0.048456 -0.136647 -0.216024 -0.141593 0.087183 0.014122 0.011484 -0.399249
0.213634 0.255496 -0.100830 -0.085521 0.130681 -0.021755 0.019658 0.271510 0.101658 0.275982 0.317918 0.082066 -0.116345 0.259004 -0.003486 -0.098125 0.049522 -0.112020 -0.344847 -0.199725 0.190431 -0.043379 0.000294 -0.037227
0.028240 0.153330 -0.209571 -0.023567 0.044674 0.000852 -0.403411 0.348597 0.093947 0.103148 0.246115 -0.033454 0.056565 0.076386 -0.075233 0.003574 0.177660 -0.066670 -0.098967 -0.070000 0.105313 0.010362 -0.073367 -0.059443
0.094984 -0.015878 -0.151188 -0.134700 0.078271 -0.176378 -0.344729 0.181155 0.198456 -0.040384 0.038616 0.103150 0.165114 0.104265 -0.025029 -0.129424 0.253297 -0.132244 0.299925 0.017211 0.111510 -0.022152 -0.117632 0.002573
0.073552 -0.142986 -0.195641 0.070236 0.017859 0.181317 -0.154166 0.121303 -0.083312 0.231912 0.087214 0.061509 -0.053652 0.190891 -0.150831 -0.225290 0.234262 0.009118 0.207727 0.087327 -0.029535 -0.184415 -0.157694 0.025813
0.102043 -0.217798 0.069776 -0.038642 -0.030104 0.032520 0.113588 0.138684 -0.297780 0.138014 0.049417 0.303845 -0.145282 0.145889 -0.358452 -0.030271 0.154093 -0.182580 0.295619 0.112794 -0.105839 0.049419 -0.000196 -0.076156
-0.166394 0.057391 0.104665 -0.219001 0.019083 -0.032423 0.165953 0.066082 -0.386601 0.040621 0.117743 0.290375 0.030235 0.289858 -0.571163 -0.018130 0.018081 -0.193441 0.056255 -0.158649 -0.192754 0.007205 -0.073162 0.101612
-0.015179 -0.058302 0.182237 -0.042075 -0.243009 -0.163974 0.183290 0.001555 -0.345216 0.087051 0.073332 0.179537 -0.129987 0.083396 -0.620391 0.195760 0.001052 0.121863 0.180181 -0.316390 -0.152692 0.108183 -0.181770 0.037475
0.015924 -0.238188 0.238711 -0.099423 -0.123478 0.135203 0.094267 0.035085 0.098130 0.245899 0.164271 0.028306 -0.265357 -0.147341 -0.313031 0.176302 -0.013534 -0.035855 0.266234 -0.047715 -0.177673 0.104742 -0.232598 -0.023372
0.098084 -0.220500 0.158864 -0.316153 -0.193316 0.199446 0.066234 -0.129800 0.026656 0.324375 -0.030754 -0.015536 -0.075477 -0.013946 -0.113026 0.114987 -0.097377 -0.062821 0.006923 0.241014 -0.407897 0.368485 -0.330761 0.077849
0.221696 -0.190963 -0.013530 -0.243185 -0.272280 0.127107 0.192645 -0.267668 -0.116389 0.202065 -0.110530 0.077141 -0.062140 0.245397 -0.102941 0.335497 -0.050301 0.262856 0.081624 -0.046845 -0.328876 0.408201 -0.186904 0.124555
0.187122 0.057225 -0.233876 -0.357808 -0.281209 0.191677 0.270455 -0.035053 0.052969 0.090090 0.038632 0.194021 -0.201947 0.225078 0.126085 0.446991 0.112730 0.214324 -0.127353 -0.298783 0.016023 0.309548 0.051366 -0.006777
0.314112 0.427628 -0.225529 0.156299 0.128748 0.562678 0.219957 0.769673 0.234474 -0.101387 0.497924 0.265406 0.128311 -0.031885 0.608594 -0.153105 -0.389454 -0.215519 0.056116 -0.157902 -0.182810 0.429143 0.405543 0.247005
0.105070 0.400121 0.483726 0.327779 -0.140134 -0.074247 0.008823 0.294994 0.021619 -0.191401 0.131473 -0.262007 -0.146242 -0.528312 -0.181471 -0.482041 0.210949 0.158609 -0.091075 -0.178855 -0.095998 0.527544 -0.338552 0.015906
0.009820 0.157401 0.136071 0.270374 0.298959 -0.118231 0.193888 0.189896 0.131552 -0.032438 -0.121031 -0.263951 0.046711 -0.311174 0.108915 -0.602134 0.114350 0.117802 0.025422 0.142285 0.157410 0.220071 -0.297090 -0.010371
-0.058989 0.236579 0.041130 -0.111108 0.129491 0.107719 0.004796 0.132071 0.078193 0.210803 0.063087 -0.249647 0.172250 -0.065119 0.056366 -0.467965 0.052010 -0.003567 0.013700 0.023575 0.162938 -0.180595 -0.124783 -0.120816
0.217309 0.139612 0.283916 -0.218525 0.232939 0.164682 0.003886 0.222419 -0.087897 0.143562 0.125376 -0.262326 0.128827 -0.025599 -0.085555 -0.595845 0.023950 -0.050670 -0.098017 0.044993 -0.222642 -0.169502 -0.188975 -0.000974
0.055204 -0.150998 0.342153 0.018444 0.207227 0.173872 0.049723 0.128062 -0.129570 -0.068651 -0.086299 -0.316316 0.047462 0.131675 -0.025794 -0.186995 0.128286 -0.266267 -0.057114 0.246278 -0.143047 -0.135990 -0.133476 -0.286657
0.297189 -0.216623 0.292748 -0.060998 0.200018 0.315153 -0.059498 0.171749 -0.194278 -0.024374 -0.009425 -0.532690 -0.031469 0.117530 0.120841 -0.142971 -0.020970 -0.558375 -0.187353 0.315526 0.013526 -0.223124 -0.241025 -0.219067
0.157855 -0.061793 0.125857 0.006968 0.067902 0.516816 -0.038057 0.178568 -0.159622 0.126144 0.042716 -0.698887 -0.082019 0.075847 0.077518 -0.020054 -0.182654 -0.633721 -0.134109 0.327373 -0.027993 -0.324285 -0.158308 -0.039713
0.090742 0.157834 -0.109040 -0.150028 0.162377 0.314994 0.098433 0.365957 -0.059065 0.038644 0.006395 -0.361010 -0.001425 0.122912 -0.059854 -0.081732 -0.198293 -0.815162 0.018362 -0.028671 0.180198 -0.344391 -0.345249 -0.268860
0.217135 0.119379 -0.298812 -0.083133 0.206453 0.131040 -0.243970 0.246921 0.055647 -0.000134 0.152414 -0.389217 0.128227 0.164849 -0.059916 -0.109825 -0.095041 -0.598289 0.016390 -0.119348 0.128990 -0.544174 -0.263726 -0.310700
0.302256 -0.115795 -0.269242 0.063873 0.060989 0.076649 -0.187666 0.076336 0.156343 0.034258 -0.015266 -0.245195 0.005232 0.414510 -0.073502 -0.032776 -0.169933 -0.318119 0.015115 -0.052285 0.008421 -0.403985 0.083934 -0.388891
0.199636 -0.195837 -0.199286 -0.141198 0.104159 -0.030553 0.018853 0.231955 0.024803 0.152642 0.095582 -0.113389 -0.132500 0.070763 -0.001983 -0.044856 -0.085192 -0.248864 -0.160459 0.235757 0.100244 -0.133238 -0.035656 -0.303616
0.352059 0.082641 -0.251443 -0.000718 -0.120947 -0.008349 0.116877 0.227449 0.155204 0.231676 0.290056 -0.004941 -0.112400 0.022775 0.104840 -0.210412 0.039460 -0.146953 -0.270665 0.064908 0.147293 0.024149 0.193297 -0.065992
0.182640 0.064625 -0.130524 -0.104340 -0.061387 0.075193 0.013161 0.176630 0.224780 0.345815 0.319527 0.010856 -0.041196 0.207938 -0.102361 -0.266648 0.095903 -0.111718 -0.330588 -0.066612 0.231087 -0.118086 0.063318 0.072433
0.086483 -0.008192 -0.341205 -0.033552 0.026713 0.070747 -0.021639 0.298739 0.248617 0.201519 0.368353 0.119474 -0.025686 0.263572 -0.020952 -0.150128 0.199045 0.018168 -0.164974 -0.167306 0.194522 0.080088 -0.015737 0.190349
0.059693 -0.085884 -0.337701 -0.031252 0.159286 -0.061282 -0.350414 0.040343 0.067692 0.048744 0.103455 0.064351 0.145262 0.125508 -0.072839 -0.164823 0.268395 -0.011376 0.039188 -0.043963 0.130239 -0.133231 -0.048127 0.000982
-0.061805 0.000196 -0.265876 -0.076160 -0.054950 0.082436 -0.231681 -0.027652 0.069692 0.027289 0.036755 -0.059987 0.030317 0.212572 0.040838 -0.155082 0.248094 0.103328 0.271570 0.202292 0.034360 -0.089846 0.183224 0.048081
-0.036498 -0.208532 0.032428 -0.090745 -0.086224 0.099878 0.089644 0.048429 0.061746 0.115709 0.220011 0.053700 0.074445 0.112825 -0.198519 -0.076522 0.152151 0.006109 0.212114 0.191305 -0.143662 -0.060053 -0.033852 -0.100943
0.190331 -0.170361 0.059825 -0.114989 -0.092953 -0.093861 0.090125 -0.103501 -0.102481 0.047876 0.231591 0.075156 -0.065980 0.062825 -0.271357 0.064844 0.149331 -0.033281 0.085509 0.074073 -0.357811 0.014176 0.009275 -0.039561
-0.028389 -0.267298 0.199549 -0.225262 -0.129645 -0.304356 0.249440 -0.055476 -0.062891 0.142753 0.127249 0.174752 -0.142734 0.195915 -0.387022 0.251485 -0.052198 0.135435 0.034081 -0.390370 -0.339440 0.187690 -0.150488 0.016541
0.145904 -0.244797 0.306831 -0.268168 -0.179073 -0.087189 0.079759 -0.017035 0.297673 0.143404 0.022483 -0.047758 -0.204839 0.066353 -0.004320 0.319297 0.116527 -0.024958 0.217152 -0.068174 -0.184518 0.106075 -0.268185 -0.244698
0.246657 -0.272311 0.224542 -0.465497 -0.039023 0.201052 0.107409 -0.174021 0.111424 0.236365 0.140336 -0.152164 -0.068416 -0.003545 0.056012 0.171176 -0.112102 -0.325275 0.105638 0.017247 -0.458276 0.370987 -0.335416 -0.214388
0.324618 -0.012237 0.110864 -0.375399 -0.111812 0.227205 0.365840 -0.251233 -0.010904 0.115858 0.225861 -0.120891 -0.070326 0.241588 0.078020 0.247191 -0.099603 0.069155 -0.066212 0.008668 -0.429092 0.503525 -0.045293 -0.021212
0.611483 -0.059960 -0.234827 -0.385462 -0.273710 0.475349 0.131547 -0.198852 0.087820 -0.367020 0.075226 0.084217 -0.113671 0.209150 0.167606 0.540037 -0.013291 0.125337 -0.011272 -0.226499 -0.140295 0.204737 -0.021484 0.000592
0.314035 0.484353 -0.442899 -0.648137 0.140405 0.669846 0.073538 0.641440 0.643542 0.036027 0.539588 0.393798 0.053682 -0.070035 0.825014 0.142083 -0.201448 -0.290284 0.067458 -0.327481 -0.223276 0.031612 0.084268 -0.025891
0.202379 0.656744 0.368207 0.241270 0.501468 -0.096950 -0.055427 0.230329 -0.068988 -0.149151 0.225392 0.212349 -0.181945 -0.557348 -0.018514 -0.513924 0.108847 -0.401225 0.067971 0.025353 0.282945 0.696102 -0.615511 -0.219414
-0.133388 0.381921 0.242965 -0.030952 0.426855 0.052270 0.136542 0.095459 0.116538 -0.068879 -0.058167 -0.032657 0.002996 -0.359100 0.192639 -0.405447 0.133537 0.199977 -0.081864 -0.054619 0.321104 0.171875 -0.277929 -0.026704
-0.149360 0.086420 0.430515 -0.045707 0.251655 0.155875 -0.015625 -0.016049 0.093067 0.044481 0.199521 -0.140985 0.195186 -0.240540 0.075176 -0.758960 0.221398 0.232567 -0.012679 0.206607 0.303070 -0.235755 -0.409826 0.016954
0.053140 0.217600 0.367693 -0.104754 -0.015169 0.223746 0.116435 0.046558 -0.034697 0.204198 0.127096 -0.160371 0.068710 -0.143318 -0.023860 -0.771773 0.188336 0.051331 -0.106978 0.116046 0.096648 -0.094175 -0.237018 0.032317
0.228662 0.004699 0.196943 -0.048468 0.237461 0.172079 0.065587 0.159252 0.011024 0.046226 0.137984 -0.042205 0.096774 -0.045184 -0.063662 -0.381410 -0.054804 -0.087885 -0.249671 0.007875 -0.164523 -0.369235 -0.192992 -0.144995
0.165554 -0.092664 0.167702 -0.065497 0.174335 0.143328 -0.062779 0.084393 -0.149825 -0.076117 -0.007325 -0.270277 -0.072015 0.152368 0.030063 -0.073904 -0.058660 -0.255306 -0.231646 0.079193 -0.065788 -0.369172 -0.265473 -0.172676
0.236011 -0.093852 0.308766 -0.062471 0.083797 0.292207 -0.098370 0.116369 -0.128674 0.037763 -0.041011 -0.644312 0.012042 0.025409 -0.012709 -0.051427 -0.082859 -0.484227 -0.180244 0.205362 -0.060477 -0.354105 -0.123469 -0.105853
0.008616 0.059955 0.096603 -0.025505 0.061844 0.213388 -0.048831 0.175874 0.053857 0.098977 0.087640 -0.628034 -0.022019 0.193583 0.093467 -0.046328 -0.146182 -0.794718 -0.042492 0.071717 -0.010242 -0.387663 -0.375582 -0.272083
0.059389 -0.085834 -0.095877 -0.142597 0.140266 0.053082 -0.007996 0.190671 0.011056 0.034203 0.062909 -0.400742 -0.045802 0.015233 0.021649 -0.065647 0.077566 -0.439852 0.070152 0.022000 0.215508 -0.603265 -0.277901 -0.574171
0.114065 -0.123521 -0.223751 -0.011985 0.004826 0.136608 -0.251318 -0.014707 0.025001 -0.103930 -0.015141 -0.384863 -0.085058 0.197009 0.032318 -0.100544 0.024355 -0.165093 -0.002599 -0.070692 0.026196 -0.488927 -0.015246 -0.386840
0.438827 -0.079106 -0.100566 0.174700 -0.081187 0.170354 -0.043075 0.103524 0.001787 0.175552 0.021011 -0.244219 -0.179691 0.040446 0.078720 -0.032649 -0.074690 -0.104525 -0.199971 -0.025869 0.062573 -0.147156 0.093486 -0.306668
0.317157 -0.024477 -0.187457 0.013029 -0.328963 -0.218855 0.072714 0.221646 0.143796 0.126209 0.231688 -0.144238 -0.073706 -0.036341 0.093805 -0.123780 0.097811 0.006740 -0.382782 -0.001716 0.149958 0.131730 0.174726 -0.011450
0.144852 0.005155 -0.183208 0.104601 -0.355673 -0.074084 0.104379 0.112148 0.342963 0.213160 0.301997 -0.150225 -0.099235 0.044673 0.024618 0.001303 0.037985 0.066918 -0.390126 0.023228 0.221921 -0.085661 0.130080 0.080719
0.081812 0.053281 -0.120939 0.040786 0.018618 -0.098140 -0.030040 0.104639 0.380548 0.114061 0.410357 0.013363 -0.133495 0.072082 0.108231 -0.087079 0.153353 -0.018881 -0.245160 -0.088945 0.251076 0.084975 0.076067 0.256509
0.007179 -0.144658 -0.384700 -0.029644 0.041077 0.028357 -0.260770 0.125615 0.311034 0.354420 0.297230 -0.052322 0.007091 0.132814 -0.071428 -0.159865 0.163616 0.089008 0.060663 -0.005212 0.053690 0.143443 -0.037566 0.171770
-0.005598 -0.076272 -0.443940 0.117773 0.040973 0.051277 -0.115662 0.045145 0.150237 0.119957 0.223758 -0.102374 -0.030896 0.055817 -0.167789 -0.029567 0.283408 0.201786 0.338681 0.184747 -0.137760 -0.238904 -0.012220 0.164405
0.043229 -0.121752 -0.241413 -0.118575 -0.087461 -0.070055 0.038416 -0.061034 0.171534 0.153572 -0.010615 -0.160032 0.105422 0.069532 -0.073482 0.044238 0.279580 -0.070819 0.284544 0.194696 -0.120950 0.040308 0.195144 -0.023889
0.221072 -0.298263 -0.036754 -0.186754 -0.082337 -0.376140 0.051028 -0.032836 0.049601 0.059572 0.136754 -0.035037 0.084022 0.062752 -0.163854 0.034176 0.222091 -0.030708 0.220500 0.129368 -0.096293 0.150073 0.090983 -0.021773
0.140795 -0.252101 0.009762 -0.236715 -0.135178 -0.407004 0.264406 0.023375 -0.025346 0.185774 0.045862 -0.250127 -0.039780 0.226463 -0.206148 0.152387 0.016954 0.133816 -0.002400 -0.017508 -0.233135 0.073643 0.050024 -0.100761
0.297370 -0.480092 0.167316 -0.245036 -0.044797 -0.090250 0.206674 -0.021378 0.259127 0.111231 0.041192 -0.098872 -0.292472 0.257667 0.071231 0.280553 0.022050 0.148014 0.048160 -0.306311 -0.198776 0.279981 -0.207238 -0.044104
0.289390 -0.088054 0.119463 -0.418901 -0.226679 0.148673 0.193425 -0.036486 0.158203 0.075452 0.111003 -0.200444 -0.068900 0.108643 0.420810 0.181847 -0.105966 0.065264 0.018904 -0.235689 -0.111890 0.274383 -0.175626 -0.153501
0.299653 -0.101300 0.102924 -0.510521 0.082412 0.432245 0.326211 -0.179343 -0.121517 0.182032 0.231913 -0.278471 0.099222 0.112260 0.097187 0.145562 -0.225737 -0.137634 0.147724 -0.114576 -0.337009 0.433911 0.078196 -0.008775
0.495254 -0.433322 0.018770 -0.530555 -0.057470 0.510541 0.292832 -0.352795 0.096704 -0.276854 0.432676 -0.261904 -0.088063 0.240096 0.137695 0.381030 -0.004138 0.083261 0.133865 -0.048569 -0.114473 0.326383 0.083049 0.092080
0.589328 -0.038186 -0.229275 -0.292893 0.007944 0.695360 -0.074868 0.215314 0.499555 -0.421465 0.516962 0.048863 -0.083967 -0.152601 0.344483 0.401686 0.180298 -0.058741 0.290246 -0.062965 -0.062717 0.015567 -0.045054 -0.075220
0.085429 0.417097 -0.065399 0.192989 0.466739 0.067493 0.119174 0.428824 -0.325525 0.041102 0.034160 0.280134 -0.193335 -0.137921 -0.139785 -0.385675 0.252754 -0.047379 0.078842 0.016212 0.313780 0.279288 -0.557095 -0.273456
-0.156590 0.472686 0.148087 -0.029198 0.468848 0.143997 0.235366 -0.022788 0.234447 -0.048613 -0.026082 0.137524 0.083957 -0.393942 0.049071 0.024582 0.097801 0.094376 -0.026501 0.000339 0.246774 0.177844 -0.309609 0.094573
-0.206915 0.058120 0.195761 -0.335346 0.299237 0.200727 0.199421 0.133091 0.161660 0.043246 0.234105 0.067098 0.045853 -0.196068 0.118148 -0.672525 0.228364 0.303343 -0.272353 -0.175754 0.255804 -0.181970 -0.356032 -0.001307
-0.012538 0.118194 0.072660 -0.058436 0.158120 0.305689 0.076168 -0.139076 0.001217 0.031782 0.334512 -0.083305 0.036907 -0.240984 -0.044476 -0.774035 0.277702 0.050714 -0.210134 -0.034825 0.153076 -0.086772 -0.212303 0.028719
0.031396 0.178603 -0.022740 0.019550 0.109535 0.135417 0.083284 -0.015513 -0.037315 0.218247 0.086110 0.108258 -0.000644 -0.232344 0.050059 -0.369918 0.144184 0.015384 -0.172359 0.012681 0.056076 -0.131761 -0.247256 0.028385
-0.124557 0.107141 0.229966 0.052667 0.211720 -0.042289 0.084919 -0.154458 0.145360 0.071763 -0.167067 -0.031239 -0.083891 -0.329260 0.051972 -0.172570 -0.014013 -0.225391 -0.284738 0.083579 -0.115493 -0.338742 -0.156866 -0.182944
0.109279 -0.068296 0.246980 -0.024543 0.140077 0.011131 0.045737 -0.004801 0.235710 0.001038 0.045846 -0.485748 -0.040619 0.110933 0.091901 0.121803 -0.095663 -0.304642 -0.246163 0.259675 -0.010767 -0.166114 -0.153819 -0.164594
-0.004672 -0.152936 -0.000683 -0.017931 0.108823 0.139856 0.048798 -0.026809 -0.062880 0.096626 0.030002 -0.718051 0.099302 0.103388 0.033248 -0.163419 -0.033256 -0.459972 0.003685 -0.074093 0.104690 -0.285757 -0.245072 -0.427782
0.030402 -0.156454 0.031731 0.023905 0.076562 0.068254 0.195084 -0.048412 0.082135 -0.073032 0.017425 -0.672293 -0.140507 0.097752 -0.004802 -0.145025 0.055584 -0.332821 0.200303 -0.044252 0.126740 -0.438911 -0.144606 -0.650430
0.033754 -0.086877 -0.103450 0.076194 0.021620 0.059484 -0.189260 -0.146221 0.068606 -0.014395 0.104492 -0.316776 -0.033409 0.084379 -0.004484 0.013165 0.116590 -0.027002 0.014333 -0.060784 0.103550 -0.485124 0.017016 -0.588510
0.203965 -0.099248 -0.171809 0.051028 -0.070110 0.013565 -0.195299 0.196664 0.187454 0.083500 0.252467 -0.373888 0.010577 0.014650 0.081671 0.088431 -0.017013 0.078852 -0.099455 0.068860 0.050656 -0.026119 0.241819 -0.072051
0.235740 -0.026825 -0.094536 0.146141 -0.241445 -0.209331 0.045022 0.014551 0.071989 0.127032 0.233867 -0.168671 -0.023611 -0.036448 0.188892 -0.086830 -0.030499 0.137794 -0.044511 -0.071787 0.272137 0.021176 0.262013 0.070255
0.279148 -0.103213 -0.181318 0.188269 -0.275831 -0.210112 0.147179 -0.095163 0.186887 0.086299 0.255579 -0.218072 -0.102358 -0.108480 0.108498 -0.004282 0.044759 0.135354 -0.206702 -0.203706 0.374765 -0.109786 0.021943 0.155857
0.146753 0.065826 -0.304920 0.124302 -0.111900 -0.219170 -0.225614 0.011703 0.296713 0.106496 0.429997 -0.165112 -0.242273 -0.076273 0.069142 -0.138023 0.041371 -0.081525 -0.356481 -0.157597 0.043496 -0.107801 0.062656 0.169421
0.176252 -0.106972 -0.425041 0.095156 -0.149836 -0.050204 -0.314838 0.069086 0.208083 0.184294 0.220509 -0.258116 0.015994 -0.096533 -0.129472 -0.199764 0.284987 0.148306 -0.033460 -0.037360 0.026412 0.185939 -0.016872 0.204865
0.026761 -0.057897 -0.336682 0.019913 0.016889 0.093494 -0.257399 -0.041534 0.040941 0.127955 0.255000 -0.132638 -0.026278 -0.010969 0.084182 -0.096454 0.285118 0.274895 0.217247 0.059090 -0.116999 -0.037892 -0.063212 0.066955
0.154852 -0.002392 -0.176260 0.045880 -0.237782 -0.086740 -0.157149 -0.086464 0.261694 0.010652 0.235809 -0.358726 0.047361 -0.027998 0.197769 0.027137 0.239149 0.279125 0.172622 0.087644 0.057376 -0.004781 0.274754 0.069350
0.196398 -0.350223 -0.082733 -0.352858 -0.224053 -0.421903 0.171606 0.015141 0.127693 0.139680 0.156249 -0.371158 0.177431 -0.035223 0.015176 0.133877 0.187415 0.115941 0.191895 -0.009370 0.021569 0.106464 0.218402 -0.069639
0.301336 -0.291222 -0.097775 -0.421387 -0.024907 -0.406379 0.216971 0.079725 0.199420 0.173844 0.072639 -0.323877 0.063959 0.062074 0.206714 0.081762 0.249252 0.200198 -0.046698 -0.079666 0.072727 0.070968 0.073256 0.173328
0.263683 -0.321582 -0.067294 -0.232426 -0.146732 -0.192521 0.332196 -0.085310 0.134338 0.112930 0.121546 -0.302290 -0.096346 0.037864 0.264115 0.165887 0.139512 0.239595 0.139199 -0.378563 -0.072452 0.094400 -0.081866 0.074312
0.388419 -0.134908 0.053260 -0.355646 -0.043675 0.164465 0.106291 0.099140 0.118722 0.135674 0.164588 -0.117053 -0.117399 0.081389 0.265559 0.189307 -0.069712 0.036532 0.021743 -0.498357 -0.249283 0.192740 -0.213067 -0.131717
0.235146 0.059829 0.129142 -0.407363 0.019860 0.342342 0.136799 -0.016792 -0.094045 -0.029140 0.011411 -0.336678 -0.090986 0.138880 0.049087 0.067226 0.051497 -0.118273 -0.100478 -0.351112 -0.155935 0.204198 0.096499 0.069298
0.478089 -0.480690 0.060122 -0.615127 0.167186 0.639890 0.246611 -0.476034 0.156930 -0.345512 0.261288 -0.167875 0.105155 0.220344 -0.068260 0.112388 -0.185083 -0.104167 0.254162 -0.090617 -0.005471 0.229655 0.134816 0.273472
0.393703 -0.411441 0.135556 -0.705989 -0.094883 0.654808 0.030212 -0.245717 0.668688 -0.629929 0.625076 0.044193 0.056077 0.047001 0.334550 0.273092 -0.068782 0.127982 0.269979 0.013529 -0.227645 -0.043380 0.246364 0.330544
-0.075804 0.124455 -0.181327 0.151820 0.413519 0.197644 0.043191 0.421235 -0.316009 -0.065325 -0.120728 0.070511 -0.165067 -0.060820 0.057104 -0.131460 0.295733 0.342926 0.115143 -0.264722 0.086980 0.067778 -0.320621 -0.055995
-0.163675 0.302322 -0.060785 0.004514 0.461249 0.277509 0.306775 0.008044 0.096594 0.243397 -0.173939 -0.086627 0.036935 -0.272754 0.069242 0.193000 0.326145 0.007183 -0.148481 0.085720 0.178679 -0.060490 -0.433974 0.008594
-0.194623 0.245087 0.023463 -0.202127 0.445652 0.184702 0.007210 0.108887 0.203795 0.225630 0.032661 0.053002 0.121594 -0.106359 0.142438 -0.480992 0.124018 -0.126214 -0.077478 -0.151118 0.180464 -0.282383 -0.255749 0.045241
0.149062 0.083162 -0.002458 -0.083005 0.318004 0.338845 0.025736 0.040946 -0.054203 0.229857 0.214081 0.010658 0.072964 -0.441169 0.226172 -0.618745 0.081588 -0.029921 -0.037281 -0.135287 0.096751 -0.212637 -0.170649 -0.019650
0.010478 0.277579 -0.014849 0.006464 0.274417 0.283884 0.042946 -0.097334 0.120149 0.217002 -0.313323 0.170490 -0.046123 -0.276285 0.156815 -0.453050 0.220053 0.008737 -0.043527 0.113994 -0.048392 -0.233577 -0.285802 -0.153700
-0.005623 0.129142 -0.005722 0.026528 0.071567 0.175142 -0.004165 -0.073802 0.075408 0.078246 -0.253474 -0.051883 -0.044141 -0.275196 0.074550 -0.048572 0.198438 -0.123108 -0.000210 0.035880 0.055445 -0.176311 -0.234953 -0.136694
-0.030177 -0.036408 0.217878 -0.057043 0.117212 0.037964 0.058335 -0.004426 0.307102 0.186872 -0.181323 -0.315193 -0.079451 -0.083685 -0.053263 0.114434 0.047045 -0.366281 0.126954 0.025845 -0.106229 -0.073225 -0.211959 -0.065874
0.008898 -0.083772 0.134938 0.028670 0.130964 -0.066412 0.063007 -0.034059 0.049245 0.157281 0.090241 -0.568346 0.052623 0.099712 0.059151 0.076326 -0.012593 -0.120214 0.020008 -0.131400 -0.095054 -0.019267 -0.335673 -0.387465
0.071774 -0.223348 0.068666 0.191697 -0.002543 -0.065521 -0.068902 -0.146982 -0.058912 -0.129738 -0.065811 -0.579505 -0.348942 0.043567 0.006024 0.093777 0.033880 0.054210 -0.044562 -0.007956 0.152158 -0.276581 -0.244293 -0.564602
-0.075202 -0.108808 0.034076 0.187787 0.071384 -0.145945 -0.232057 0.041795 0.014045 -0.043536 0.146859 -0.498251 -0.236605 -0.064976 0.102391 -0.118799 0.337172 0.186080 0.140916 -0.180420 0.131199 -0.177690 -0.059429 -0.290031
0.069072 0.087916 -0.120485 0.236932 -0.097216 -0.146069 -0.288590 0.008704 0.263017 0.127621 0.205390 -0.433433 0.053277 -0.179103 0.212881 -0.028441 0.113779 0.164542 -0.003212 -0.036879 0.067897 -0.035525 0.065168 0.157604
0.399012 0.012864 -0.088118 0.034221 -0.071200 -0.133007 -0.143481 -0.013314 0.041121 0.114820 0.207531 -0.290034 0.118191 -0.168093 0.099834 -0.066058 0.000860 0.168640 -0.118585 -0.295148 0.309212 0.075593 0.113773 0.204715
0.179779 0.023965 -0.076591 0.285815 -0.079709 -0.341518 -0.144957 -0.204997 0.088161 -0.052988 0.180999 -0.264649 0.135159 -0.135981 0.099118 -0.127141 -0.036625 0.070898 -0.014446 -0.360098 0.320652 -0.104670 0.346005 0.169701
0.207107 0.071034 -0.360723 0.010141 -0.083394 -0.165912 -0.269968 0.025861 0.222477 0.068041 0.474150 -0.026581 -0.222286 -0.024832 0.170672 -0.002662 -0.036707 0.027967 -0.304493 -0.254919 0.007363 -0.074587 0.313273 0.267015
0.047616 -0.035307 -0.466148 0.130812 0.036649 -0.171972 -0.478085 -0.124910 0.180714 0.157318 0.283060 -0.240126 -0.095398 -0.053610 0.377422 0.033537 0.092475 0.166163 -0.200296 0.005726 -0.293968 0.008327 0.080777 0.158243
0.090150 0.046925 -0.435922 -0.035281 -0.079943 -0.088538 -0.255382 -0.063453 -0.084214 0.177398 0.163719 -0.205527 -0.009100 -0.034381 0.152513 0.097182 0.316666 0.165669 0.018372 0.024833 -0.324280 0.143614 0.063601 0.075186
0.185978 0.119104 -0.188306 -0.029307 -0.216742 -0.273469 0.061288 -0.032929 0.195250 0.088247 0.213194 -0.388972 -0.115627 -0.090926 0.248070 0.059494 0.341933 0.051572 0.198108 -0.098829 -0.283589 -0.085500 0.134648 0.038736
0.122794 -0.089112 0.010822 -0.180651 -0.081341 -0.380992 0.065605 -0.139131 0.221696 0.164472 0.130637 -0.480518 0.045038 -0.127007 0.221639 0.136119 0.145069 0.052286 0.145381 -0.097709 0.069025 0.025753 0.081015 0.160291
0.316835 -0.390498 -0.175120 -0.309458 0.045017 -0.336545 0.065158 -0.004181 0.379415 0.233113 0.094150 -0.516205 0.096190 -0.056728 0.319564 0.031877 0.074877 0.130024 0.016739 -0.010848 0.124306 0.085166 0.152700 0.027738
0.192530 -0.208867 -0.120292 -0.399604 -0.095253 -0.170223 0.196402 0.099548 0.161717 0.132120 -0.026022 -0.325755 0.076216 0.034181 0.465757 0.019568 0.249921 0.192601 0.089098 -0.253601 0.009505 0.018328 0.110162 0.024304
0.142202 0.023000 -0.179690 -0.231970 0.133843 0.007180 0.129718 0.253095 0.170196 0.004650 -0.119847 -0.322303 -0.202451 0.068060 0.274868 0.105306 0.309166 0.124266 0.024988 -0.531085 0.013496 0.277815 0.091435 0.122254
-0.012007 0.069857 -0.060536 -0.575219 0.334865 0.428365 0.130643 0.221615 0.073855 -0.069527 -0.262899 -0.209004 -0.182896 0.032537 0.131069 -0.091708 0.007810 -0.046436 -0.092138 -0.560256 0.126159 0.106118 -0.000525 0.289731
0.020254 -0.245256 -0.031721 -0.271265 0.236880 0.476860 0.159316 -0.352968 0.097678 -0.248932 -0.300315 -0.117162 0.122566 0.007499 -0.125140 -0.037341 0.034161 -0.036276 0.193590 -0.430774 0.245531 0.143992 0.188391 0.527078
0.273108 -0.881648 0.191807 -0.509961 0.151588 0.503895 0.048159 -0.540094 0.149427 -0.574364 0.026831 -0.047481 0.169143 -0.132113 -0.073362 0.201307 -0.051476 0.006486 0.396051 -0.039864 0.218564 0.116607 0.262888 0.408584
-0.333944 0.213186 -0.125069 0.205599 0.323526 0.211247 0.141682 0.241660 -0.076315 0.053025 -0.088065 -0.197832 -0.088299 -0.069693 0.179555 0.067870 0.167991 0.337285 -0.006774 0.187374 -0.314627 -0.260771 0.045459 -0.006559
0.058068 0.294420 0.023109 0.026572 0.355491 0.339243 0.141061 0.145356 -0.140641 -0.030039 -0.228700 -0.027203 0.079114 0.113236 0.062467 0.013180 0.304190 -0.098332 -0.119923 -0.130589 0.066152 -0.308975 -0.236216 -0.097546
-0.160838 0.095675 0.064287 0.057456 0.349293 0.044571 0.154067 -0.128475 0.119918 0.281281 -0.193219 -0.221022 0.090566 -0.147970 -0.050688 0.002062 0.202329 -0.060481 -0.247061 -0.292023 -0.068013 -0.179756 -0.116041 0.025739
0.063024 0.092482 -0.058753 -0.127439 0.333576 0.284836 0.002406 -0.073741 -0.006137 0.206136 -0.066627 0.013806 0.017573 -0.126468 0.092043 -0.072408 0.232986 0.166473 -0.148337 -0.129189 -0.166041 -0.158046 -0.133699 -0.030975
0.141309 0.271348 -0.029562 0.145189 0.450539 0.329892 0.109126 0.029234 0.090248 0.092099 -0.077668 0.179559 -0.027299 -0.313816 0.154945 -0.123939 0.098968 0.040203 -0.047187 -0.011274 -0.330951 -0.315179 -0.162743 -0.102132
-0.048735 0.310238 -0.045128 0.086159 0.008011 0.342253 -0.019585 -0.052381 0.281600 0.268738 -0.142704 0.020784 -0.178127 -0.429910 0.140537 -0.042113 0.197712 -0.261050 0.008576 0.144621 -0.211970 -0.239012 -0.262094 -0.203080
-0.378028 0.096722 0.128846 0.031846 0.081125 0.025083 0.087981 -0.117508 0.178776 0.130915 -0.109659 -0.382361 -0.026880 -0.298919 -0.004040 0.222269 0.338303 -0.393587 0.068568 -0.025314 -0.123219 0.115124 -0.263673 -0.083819
-0.189555 0.045359 0.304911 -0.004433 0.098571 0.099625 -0.060742 -0.079117 0.229451 0.229820 -0.022672 -0.334298 0.046985 -0.102295 -0.049375 0.189347 0.076261 0.020060 0.065671 -0.060638 -0.069416 0.074549 -0.095166 -0.464505
-0.024605 -0.181335 0.196593 0.014279 -0.054118 0.040510 -0.142773 -0.081218 0.043866 -0.044184 0.165168 -0.520953 -0.127757 0.012736 -0.142828 -0.006292 0.143016 0.163289 -0.167115 -0.047099 0.007248 -0.035946 0.028050 -0.422955
0.126555 -0.134378 0.054000 -0.021718 0.066973 -0.108010 -0.359873 0.171846 -0.026190 -0.069675 0.227041 -0.436398 -0.310056 -0.066501 -0.024813 -0.166795 0.045152 0.296388 -0.021430 0.030389 0.060177 -0.328306 0.041681 -0.090395
0.168430 0.162712 0.035667 0.188764 0.025619 -0.174532 -0.292876 0.040827 0.128140 0.127975 0.268809 -0.361023 0.012537 -0.183456 0.289336 -0.080118 0.182293 0.281621 0.075232 -0.182878 -0.008932 -0.156046 0.256107 0.128069
0.276856 0.103497 0.142286 0.072884 0.001128 -0.249949 -0.185959 -0.108125 0.196314 0.087943 0.361524 -0.443062 -0.002491 -0.181627 0.231606 0.027294 0.168548 0.257020 0.029215 -0.140830 0.022500 -0.074922 0.176173 0.195224
0.395961 0.094577 -0.058709 0.145881 0.124340 -0.349954 -0.044314 -0.189171 0.106203 0.083006 0.093460 -0.313141 0.007921 -0.064957 0.339043 0.028568 -0.028952 0.070073 0.097919 -0.160913 0.122173 0.009507 0.082633 0.287427
0.188555 -0.033498 -0.287420 0.111694 -0.001557 -0.169068 -0.209593 -0.047689 0.253448 0.031878 0.207548 -0.282030 -0.133530 -0.056013 0.056664 -0.026998 0.002131 -0.019853 -0.294782 -0.222589 -0.066859 0.005822 0.137678 0.385122
0.178589 0.060745 -0.632322 0.031744 0.022730 -0.106250 -0.443212 -0.047334 0.054290 0.174008 0.145096 -0.230648 0.049438 -0.137370 0.274777 0.034581 0.003874 0.248598 -0.170673 -0.179102 -0.277112 -0.014336 0.086897 -0.004414
0.209440 0.046271 -0.611936 0.017398 -0.139571 -0.077079 -0.263810 0.014437 0.038286 0.097072 -0.055457 -0.352445 0.028267 -0.069021 0.167011 0.177279 0.104939 0.188963 -0.023578 -0.032485 -0.365215 -0.056821 -0.067542 0.179577
0.226327 -0.086528 -0.084074 -0.204728 -0.083343 -0.221465 0.020815 -0.082124 -0.109444 -0.047853 0.018528 -0.431427 -0.077859 -0.000126 0.336697 0.003342 0.160851 0.096973 0.222408 -0.247885 -0.266708 0.096404 0.089096 0.176151
0.272444 0.026007 0.135796 -0.237950 0.051658 -0.328296 -0.007606 -0.039385 0.097140 0.041739 0.116343 -0.403355 -0.184713 0.046854 0.276045 -0.040444 0.097280 0.076993 -0.005427 -0.325494 0.251899 -0.087056 0.178209 0.312944
0.299857 -0.311296 -0.115016 -0.205623 -0.097041 -0.144808 0.139438 0.010770 0.375788 0.004352 -0.102037 -0.320394 0.050116 -0.043372 0.251619 -0.070681 -0.087780 0.201599 0.036329 -0.269221 0.182943 -0.056465 0.175327 0.195234
0.217638 -0.332591 -0.153731 -0.378544 -0.028059 -0.233273 0.042074 0.226153 0.334795 -0.023285 0.013343 -0.248389 0.084288 0.084848 0.524948 -0.090086 -0.027444 0.088634 0.065050 -0.188380 0.018307 0.063517 0.106681 0.066715
0.082650 -0.100389 -0.159211 -0.193039 0.049503 0.093411 -0.070895 0.247760 0.081444 -0.174124 -0.133866 -0.345661 0.109657 -0.016337 0.395714 0.018884 0.094564 0.264949 -0.003642 -0.519829 0.101726 0.094610 0.230715 0.181899
0.087209 -0.086715 -0.250636 -0.304772 0.310768 0.219307 0.133660 0.025478 0.143306 0.013328 -0.013244 -0.260974 -0.125379 -0.030075 -0.031896 -0.120403 0.295591 0.068291 0.048846 -0.613428 0.123911 0.051192 0.211388 0.245786
0.044911 -0.017630 -0.025141 -0.466506 0.298590 0.738261 0.204830 -0.256984 0.085785 -0.187096 -0.071333 -0.186403 -0.127675 -0.089581 -0.125188 -0.118217 0.051305 -0.013160 0.251159 -0.312816 0.269545 0.152385 0.225157 0.472270
0.117772 -0.840442 0.183524 -0.093937 0.213915 0.798594 -0.050129 -0.630392 0.174696 -0.597872 -0.056455 -0.007415 0.201751 -0.191732 -0.154343 0.077869 -0.085569 0.107456 0.272783 -0.050046 -0.049904 0.270167 0.423209 0.515017
-0.003081 0.265791 -0.003820 0.310736 0.472055 0.550801 -0.101377 -0.066214 -0.145993 0.126569 0.024081 -0.028652 -0.130268 -0.210856 0.101190 0.016069 -0.119389 0.312827 -0.122969 0.185231 -0.650132 -0.494749 0.130187 -0.002414
-0.044826 0.218015 0.049665 0.118682 0.203448 0.463035 0.051275 0.205327 -0.051233 -0.090561 -0.179955 -0.100593 0.091824 0.014017 0.224206 -0.040331 0.248858 -0.173162 -0.091143 -0.119302 -0.324355 -0.644914 -0.044445 -0.218998
-0.073120 0.229079 -0.095120 0.292065 0.440300 0.283018 0.155255 -0.190300 -0.109456 0.134494 -0.248735 -0.143953 0.210489 -0.105278 0.151205 -0.041269 0.156399 -0.206290 -0.158647 -0.214841 0.005530 -0.295862 0.013808 -0.218180
0.100098 0.123423 -0.024022 0.044852 0.462479 0.122730 0.012542 0.022919 -0.053474 0.123989 -0.093128 -0.012470 -0.049246 -0.143178 0.072638 -0.172534 0.147813 0.021508 0.036748 -0.086537 -0.119347 -0.067466 -0.135469 -0.236619
0.040826 0.256326 -0.073839 0.108570 0.346697 0.230226 0.096994 0.234832 0.126690 0.383899 -0.209517 0.190759 -0.034051 -0.121056 0.151241 -0.003939 -0.088311 -0.014334 0.166423 -0.038995 -0.132461 -0.194559 -0.296714 -0.350294
-0.064132 0.234978 -0.058920 -0.034482 0.225876 0.370155 0.049034 0.225726 0.194940 0.236694 -0.221878 0.082318 -0.148436 -0.079380 0.301133 -0.031428 0.085575 -0.327986 0.031113 0.153838 -0.261338 -0.171197 -0.210975 -0.084997
-0.105692 0.120430 0.239563 -0.179248 -0.029146 0.248008 0.114566 0.019288 0.160966 0.331226 -0.013729 -0.103857 -0.083196 -0.207957 0.005155 -0.007467 0.304275 -0.229971 0.048726 0.048057 -0.115532 0.024895 -0.201734 -0.108920
-0.330084 -0.015900 0.405478 0.040131 0.096735 0.133681 -0.068331 0.019187 0.082685 0.206576 0.044995 -0.152337 -0.009766 -0.039916 -0.052248 0.130582 0.220142 -0.008638 0.160319 0.051569 -0.000143 -0.074567 0.095818 -0.390844
-0.085602 -0.200974 0.415758 0.018763 0.107490 0.140998 -0.203882 0.128795 0.165423 0.041050 0.216338 -0.274619 0.023412 -0.054050 -0.129823 -0.024841 0.156914 0.116884 0.115680 -0.028967 0.103281 -0.101365 -0.052221 -0.547802
0.131965 0.044097 0.055398 -0.109771 -0.077850 0.062080 -0.275716 0.105984 0.092321 0.136220 0.252984 -0.355096 -0.241963 -0.187726 0.055212 0.039831 0.043627 0.295226 0.176222 -0.110982 0.049412 -0.263208 0.009949 -0.023520
0.080964 0.071573 0.064867 -0.011695 0.000465 -0.140039 -0.307978 0.071251 -0.056412 0.125854 0.096822 -0.240217 -0.000329 -0.189364 0.207319 -0.123392 0.068852 0.323820 0.090389 -0.237727 -0.046242 -0.221680 0.095495 0.257752
0.347525 0.073217 0.128054 0.076109 0.081040 -0.185143 -0.251650 0.013841 -0.068589 0.215543 0.342631 -0.192236 0.034942 -0.159001 0.208270 -0.166152 0.095668 0.232394 0.036184 -0.132063 0.063517 -0.215949 0.124661 0.210007
0.195012 0.080393 0.047744 0.079196 0.114702 -0.091815 -0.321766 -0.033816 0.041615 0.081834 0.328711 -0.371256 -0.050369 -0.043648 0.192440 0.091368 0.087701 0.159886 0.107759 -0.068584 -0.124291 -0.093611 0.269132 0.287681
0.312801 0.115869 -0.552804 -0.036709 0.001884 -0.021872 -0.404051 0.045232 0.356561 0.126551 0.282111 -0.214837 -0.265294 -0.007398 0.253216 0.019426 -0.129654 -0.039976 0.016265 -0.016905 -0.222674 0.034200 0.078751 0.102367
0.264275 0.178379 -0.740712 0.008692 -0.063244 0.204942 -0.370322 -0.098776 0.118630 0.106446 0.164436 -0.217321 -0.166224 -0.153825 0.174997 0.008314 -0.016099 0.042277 -0.110101 -0.287645 -0.193144 0.127205 -0.004545 0.173047
0.331957 0.091777 -0.546619 -0.028786 0.029220 0.108447 -0.294618 -0.097871 -0.124652 -0.031050 -0.269614 -0.254529 -0.059371 -0.101910 0.166388 0.072398 0.085523 -0.030278 -0.058876 -0.301580 -0.241787 0.110058 0.146647 0.136417
0.193337 0.053623 -0.208200 -0.165667 -0.066991 -0.084195 0.244098 -0.027207 0.044508 -0.044590 -0.134365 -0.363176 -0.100761 -0.069886 0.198106 0.091446 0.207930 0.086775 -0.020146 -0.195985 -0.100732 0.150645 0.082535 0.206923
0.318797 -0.043083 -0.113062 -0.272468 -0.050777 -0.152419 0.100658 0.096697 0.042241 -0.155534 0.064964 -0.075453 -0.186385 0.074144 0.242435 -0.043071 0.088305 -0.017487 0.148196 -0.368703 0.149870 0.023868 0.149757 0.183919
0.233478 -0.150812 -0.212845 -0.179092 -0.046796 -0.019763 0.094994 0.024022 0.443187 -0.120135 -0.008320 -0.278061 -0.168941 0.004092 0.387466 -0.105090 -0.042043 0.002617 -0.004091 -0.167801 0.218127 -0.038204 0.168582 0.138798
0.213066 -0.280334 -0.129946 -0.211760 -0.199014 -0.074286 0.245608 0.249186 0.313000 -0.070412 0.136402 -0.188349 -0.014923 0.102102 0.206036 0.018965 -0.034243 0.063411 0.127611 -0.052875 -0.054177 -0.048268 0.099930 -0.016245
0.023213 -0.186985 -0.169041 -0.004400 -0.032227 -0.060479 -0.046327 0.175742 0.092432 -0.145274 -0.144566 -0.267989 -0.053723 0.080302 0.330739 -0.118828 0.239998 0.107667 0.062358 -0.329135 -0.062568 0.025040 0.163584 0.098952
0.029526 -0.082661 -0.322699 -0.237605 0.209042 0.180485 -0.023967 0.213123 0.107490 -0.196724 -0.087309 -0.202804 -0.115926 -0.004413 -0.016359 -0.135094 0.205686 0.083879 0.046077 -0.408429 0.149434 -0.068751 0.413298 0.146892
0.128958 0.093689 -0.207632 -0.499121 0.279383 0.589942 0.161896 -0.076310 0.331981 -0.045399 0.006318 -0.163016 -0.111797 -0.031999 0.085174 -0.080633 0.119462 -0.229900 0.235149 -0.303883 0.187609 0.182803 0.525136 0.184909
0.108136 -0.228276 0.168295 -0.135184 0.177914 0.751496 -0.126981 -0.623981 0.119896 -0.456715 -0.054327 -0.137685 0.004348 -0.275711 -0.265708 -0.064959 -0.091282 0.255966 -0.014302 -0.181201 0.195734 0.140954 0.559004 0.764740
0.049746 0.196528 0.002513 0.362171 0.482220 0.372077 0.305572 -0.176314 0.160111 -0.082459 -0.111417 0.054916 -0.078626 -0.029341 0.045731 0.082969 -0.075561 -0.191697 0.090764 0.069596 -0.465169 -0.435334 -0.087652 -0.124740
0.000898 0.217100 -0.022434 0.155875 0.240188 0.456008 0.063065 -0.129879 -0.173842 -0.413031 -0.286813 -0.097442 -0.130350 -0.009358 0.163456 -0.043639 -0.062545 -0.172762 -0.009707 0.005210 -0.425851 -0.472067 0.140779 -0.164109
0.125487 0.247509 -0.084585 0.316732 0.145132 0.365526 0.021337 -0.099475 -0.192404 -0.174450 -0.234730 -0.136187 0.100297 -0.013188 0.130040 0.001856 0.001331 -0.211247 -0.226282 -0.078070 -0.196855 -0.401509 0.256185 -0.243874
0.084689 0.269577 0.043982 0.427346 0.273260 0.232854 0.015024 0.038052 0.103422 0.016185 -0.069779 -0.003739 0.124461 0.020055 0.178663 -0.103744 -0.060512 -0.090157 0.038604 -0.092525 -0.071915 -0.126260 0.167027 -0.397831
0.002870 0.183072 0.006062 0.050494 0.163790 0.214317 -0.021184 0.081847 0.110262 0.015933 -0.116784 -0.204566 0.006652 0.140270 0.158661 -0.095644 0.000588 0.252762 -0.023303 -0.041259 -0.196095 -0.041780 -0.076441 -0.161226
-0.073246 0.199832 0.001987 -0.113503 0.306116 0.379176 0.172243 0.283383 -0.001526 0.234018 -0.247647 0.091845 -0.141389 0.027779 0.120110 0.007601 -0.019316 -0.101642 0.147268 0.071107 -0.270258 0.133358 -0.175122 -0.166845
-0.132805 0.272747 0.109026 -0.171354 0.005378 0.391830 -0.093502 0.291047 0.156881 0.187758 -0.087227 0.216043 -0.076263 -0.059200 0.085465 -0.109376 0.137342 -0.257299 0.198195 -0.010694 -0.428850 -0.067652 -0.082640 -0.105971
-0.069805 0.120740 0.248392 -0.076211 -0.056261 0.115646 -0.055782 0.186699 0.158438 0.297165 0.217564 0.138939 -0.213759 -0.243571 -0.228783 -0.066476 0.075394 -0.137676 0.052958 -0.064252 -0.190231 0.065924 0.025230 -0.213136
-0.059993 -0.014444 0.298992 0.097198 -0.000284 0.115628 -0.204687 0.120009 0.153544 0.217766 0.222674 -0.097719 0.102516 -0.278609 -0.275422 -0.041261 0.048526 0.163770 -0.034249 -0.037033 -0.020615 -0.026502 0.157567 -0.462359
0.072776 0.122447 0.332732 -0.182522 0.066924 0.153342 -0.146542 0.224848 0.051018 0.330535 0.038086 -0.048164 -0.035165 -0.080039 -0.132336 -0.084052 -0.042769 0.149329 0.004284 0.050459 0.115265 -0.328342 0.099776 -0.162075
0.113135 0.292675 0.138213 -0.036985 0.085431 0.016315 -0.294234 0.304224 0.082269 0.175267 0.238183 -0.022423 -0.110616 -0.108821 0.166136 -0.114138 0.053407 0.293333 0.037567 -0.033768 0.041524 -0.491223 0.099735 0.225468
0.151211 0.216539 0.090312 0.008996 0.226006 0.101374 -0.211602 0.094502 -0.239967 0.121760 0.286092 -0.087976 0.078234 -0.091306 0.147215 -0.082997 -0.036774 0.185174 -0.059598 -0.058549 -0.131823 -0.210512 0.221738 0.314676
0.225196 0.027560 -0.115810 -0.163069 0.126576 0.073450 -0.018839 0.021460 -0.274910 0.177101 0.189776 -0.279706 0.140397 -0.006073 -0.029983 -0.029429 0.054901 0.096611 0.076008 -0.101444 -0.151179 -0.074038 0.189261 0.340216
0.333211 -0.083078 -0.489658 0.213734 0.213085 0.116254 -0.138231 -0.060335 -0.082352 0.064691 0.244468 -0.210532 -0.169895 0.062231 0.270826 0.114370 -0.069953 -0.075361 -0.014375 -0.189735 -0.245133 0.114143 0.005712 0.045515
0.210630 -0.033643 -0.742039 0.272342 -0.015832 0.179003 -0.389351 -0.010697 -0.056138 0.141236 0.130257 -0.187171 -0.074652 0.021710 0.085373 0.064438 0.095700 -0.127592 -0.106377 -0.269220 -0.065860 0.084362 -0.058316 0.142436
0.162519 0.068444 -0.817563 -0.024608 0.043299 0.334249 -0.049115 -0.035089 0.040477 0.031929 -0.224595 -0.092359 0.150594 -0.062067 0.230086 0.094947 0.002291 -0.056684 0.026395 -0.324466 0.025981 0.105642 -0.099878 0.112029
0.167591 0.107484 -0.379859 -0.055186 0.111063 0.077984 0.118318 0.114470 0.074041 -0.064520 -0.137480 -0.187168 -0.004321 0.090038 0.110949 -0.055306 0.189861 -0.031933 -0.039341 -0.182739 -0.214612 0.183889 0.091556 0.038014
0.131124 -0.125597 -0.090154 -0.194106 0.115589 -0.019916 0.268760 0.120425 0.269302 -0.186952 0.082891 -0.028764 -0.310421 -0.013370 0.292378 -0.108794 0.036687 -0.021953 -0.045017 -0.354818 -0.101582 0.154482 0.089945 -0.027916
-0.031276 -0.140977 -0.119706 -0.163788 -0.022271 0.087145 0.118298 0.232167 0.296291 -0.229896 -0.012205 -0.024608 -0.239617 0.042759 0.288160 -0.204639 -0.101369 -0.110811 0.033730 -0.245664 0.015586 -0.037216 0.062664 0.097699
0.162870 -0.313276 -0.128666 -0.019599 -0.153858 0.005458 0.287197 0.005276 0.274055 -0.265662 0.016148 -0.149881 -0.051699 0.006130 0.282368 0.008926 -0.049993 0.105889 0.190131 0.038280 0.096731 -0.011735 0.135349 0.111877
0.060253 -0.397757 -0.056249 0.109530 -0.046002 -0.157255 0.160682 -0.060662 0.206974 -0.256944 0.115913 -0.135405 0.090675 -0.028827 0.163075 -0.022629 0.195013 0.160439 0.267103 -0.132690 -0.074434 0.073195 0.127746 -0.061926
0.093365 -0.317941 -0.250540 -0.217375 0.131660 0.004635 -0.052229 -0.122664 0.063796 -0.219008 -0.014873 -0.072055 0.063312 0.048404 -0.027129 -0.125766 0.111248 0.032159 0.065954 -0.074009 -0.058651 0.028455 0.206276 0.000897
0.365431 -0.519405 -0.220677 -0.359428 0.185757 0.450807 0.108967 -0.158532 0.126630 -0.225801 0.163474 0.005645 0.055392 0.013213 -0.303930 -0.189335 0.128014 -0.344983 0.274749 -0.002117 0.174818 0.004944 0.551025 0.089093
0.196897 0.225122 0.039416 -0.190599 0.148738 0.881389 0.250421 -0.196996 0.622351 -0.202294 0.387606 -0.235276 -0.109420 -0.047651 0.174734 0.144522 -0.164726 -0.218353 0.474894 -0.077416 0.383463 0.407007 0.914519 0.275373
0.340197 0.024557 0.074192 0.211324 0.264567 0.397071 0.189187 -0.603030 0.115847 -0.625439 -0.419812 0.289803 -0.051949 0.202717 -0.197905 0.434846 -0.008369 -0.118066 -0.156461 0.100552 -0.216356 -0.253965 0.225124 -0.246223
0.041300 0.089377 0.138324 0.228590 0.069826 0.459582 -0.088421 -0.456684 -0.060497 -0.676851 -0.846694 -0.002595 -0.124137 -0.037420 -0.052822 -0.080241 0.103332 -0.115868 -0.121547 0.329726 -0.293458 -0.355890 0.144300 -0.137156
0.175469 -0.076894 -0.066415 0.147957 0.136556 0.224533 0.001546 -0.192956 -0.077265 -0.516514 -0.354529 -0.028750 -0.009971 0.105986 0.168892 0.061627 -0.070997 -0.092274 -0.135814 0.160988 -0.300649 -0.312694 0.145167 -0.121127
0.178880 0.423950 -0.042174 0.352580 0.130953 0.217779 -0.022328 0.008528 -0.097995 -0.430914 -0.093988 -0.013882 0.103589 0.004292 0.245783 0.089756 -0.266286 -0.228623 -0.028864 -0.043586 -0.286991 -0.193694 0.200544 -0.397781
-0.194468 0.201447 -0.056128 0.172914 0.245216 0.158004 0.055349 0.118459 -0.003102 -0.326831 -0.306430 -0.056480 0.080668 0.136359 0.273447 -0.135316 -0.088794 -0.072822 -0.164519 -0.188552 -0.027833 0.034524 0.191492 -0.236403
-0.192415 0.310711 0.105349 -0.164843 0.072672 0.017713 0.228604 0.056759 -0.068905 0.021811 -0.202893 -0.082686 -0.113721 0.187613 0.161593 -0.044030 -0.050596 0.003635 0.015494 -0.030487 -0.317978 0.212048 0.032539 -0.441595
-0.051856 0.228214 0.228481 0.000732 0.071767 0.209129 0.192505 0.094198 -0.103661 -0.021515 -0.010054 0.292639 -0.142671 0.006255 -0.027665 -0.149744 0.067961 -0.117031 0.048519 0.020014 -0.282417 0.322483 0.009571 -0.342140
-0.108720 0.187207 0.294101 -0.098266 -0.079272 0.225202 -0.252337 0.279290 0.030524 0.099968 0.224382 0.135859 0.016535 -0.058080 -0.090698 -0.122365 -0.130032 -0.207535 -0.085209 -0.181682 -0.115572 0.173364 0.165754 -0.333823
-0.040794 0.046968 0.254371 -0.090998 0.055206 0.157862 -0.159426 0.264707 0.108193 0.282357 0.364667 0.148657 -0.017759 -0.115147 -0.147524 -0.038325 -0.250658 0.181563 -0.199136 0.031100 0.081968 -0.013587 0.339729 -0.335303
0.046201 0.196650 0.321363 -0.132328 0.010568 0.238510 -0.143431 0.240068 0.016609 0.188901 0.113207 0.004647 0.106772 -0.107340 -0.139771 -0.019335 -0.017806 0.100808 -0.147024 0.125888 0.087489 -0.196097 0.169975 -0.010566
0.117172 0.315121 0.169799 0.034300 -0.033520 0.053924 -0.064323 0.187270 -0.032996 0.144317 0.354749 0.190339 -0.032341 0.029464 -0.008435 -0.068047 -0.037641 -0.048266 -0.038173 0.036846 -0.092603 -0.335096 0.175348 0.128854
-0.093210 0.214411 -0.066545 0.076091 0.163516 0.133105 -0.119419 0.221919 -0.268167 0.116418 0.217603 -0.022891 0.009559 -0.018040 0.059429 0.019158 -0.177996 -0.068760 -0.018733 0.092691 -0.120279 -0.253660 0.137531 0.204531
0.119732 -0.028300 -0.212121 0.023152 0.052080 0.130781 -0.265510 -0.092159 -0.289590 0.081261 0.124363 0.041710 0.087811 -0.086651 -0.034372 -0.213971 -0.052836 0.078474 -0.094570 0.156206 -0.151045 -0.053926 0.000089 0.266411
0.363462 0.016749 -0.383074 0.100968 0.091650 0.255805 -0.040899 0.010054 -0.088067 -0.069254 0.094986 -0.147887 -0.125993 0.066312 -0.157160 -0.018605 -0.112993 -0.149783 -0.123494 -0.289065 -0.171426 0.245882 0.059559 0.177592
0.230649 0.016481 -0.691087 0.162517 0.152526 0.223753 -0.177438 -0.133909 -0.117271 -0.048477 -0.115395 0.136898 -0.237481 -0.043077 0.036271 0.073658 0.020332 -0.072231 -0.014883 -0.416896 -0.144551 0.108792 -0.120315 0.139553
0.034570 0.145424 -0.693202 0.075407 0.061021 0.198516 -0.101281 -0.023961 -0.169596 -0.008426 -0.155117 0.085589 0.089080 0.065774 0.023683 0.005712 -0.000140 -0.184309 0.132649 -0.356582 0.190759 0.097236 -0.211838 0.228556
0.077944 0.024323 -0.468055 -0.044812 0.163820 0.167328 0.047607 0.086243 -0.010771 -0.190724 -0.105876 0.151028 -0.016547 0.033275 0.096022 -0.095028 0.135316 -0.031963 -0.104547 -0.289489 -0.101073 0.187028 -0.013048 0.107013
-0.043912 -0.083737 -0.204322 -0.082426 0.085383 0.294970 0.195306 0.120568 0.164685 -0.194456 -0.159992 0.015719 -0.101040 0.009210 0.119497 -0.095527 -0.048242 -0.038811 -0.061592 -0.212973 -0.279613 0.438832 -0.026349 0.041284
0.021461 -0.193856 -0.169944 -0.108245 -0.059773 0.169387 0.199697 0.039105 0.084914 -0.383762 -0.195374 0.072706 -0.279750 -0.002242 0.040599 -0.096336 -0.135620 -0.190199 0.182093 -0.177660 -0.026392 -0.016927 -0.003509 0.025931
-0.082549 -0.232749 -0.112200 -0.026721 -0.082294 0.008360 0.125349 -0.057199 0.182755 -0.292498 -0.059253 -0.068757 -0.204505 -0.077652 0.128865 -0.146670 -0.013527 -0.016336 0.155213 0.059619 0.076146 0.007738 0.061165 0.113273
0.103945 -0.358006 -0.143726 -0.053791 0.042945 0.077816 0.109727 -0.011352 0.205631 -0.274831 0.049311 0.094009 0.064999 0.087372 0.027707 -0.148926 -0.029926 0.073176 0.067093 0.113940 -0.054296 0.024258 0.358550 0.076042
0.161565 -0.401100 -0.218182 -0.100025 0.207183 -0.020496 0.157957 -0.134828 0.094753 -0.326363 0.150245 -0.069549 0.106522 -0.004462 -0.085933 0.156652 0.209127 0.111209 0.337051 0.278231 -0.051343 -0.058494 0.114037 -0.125783
0.268411 -0.414684 -0.143107 -0.065862 0.062729 -0.037056 0.125001 -0.094881 -0.102803 -0.175855 0.285379 0.146409 0.091400 0.006662 -0.237512 -0.215724 0.187081 -0.315000 0.012355 0.280774 -0.254817 -0.078391 0.093014 -0.085663
0.270515 -0.214104 0.027518 -0.287004 0.043284 0.505870 0.127315 -0.061431 0.423876 -0.111924 0.332714 -0.037340 -0.141044 0.079371 -0.155101 -0.267913 -0.001367 -0.467209 0.267159 0.131549 0.119663 0.075273 0.808414 0.099459
0.458410 -0.592901 0.418731 0.587134 0.043026 0.151636 0.021638 -0.985280 -0.095222 -1.063263 -0.448819 0.068151 -0.137997 -0.077044 -0.089428 0.544967 0.037643 -0.067609 -0.507065 0.150601 0.225556 -0.390937 0.633636 0.017514
0.177439 -0.399440 0.186640 0.204099 0.157657 0.233101 -0.173725 -0.361493 -0.006279 -1.086203 -1.164658 0.243275 -0.157916 -0.113272 -0.235645 0.195852 0.142930 -0.033339 -0.366241 0.058252 0.038046 -0.467268 0.086209 -0.239902
0.143854 -0.259225 0.012602 0.267851 0.159302 0.192355 -0.048379 -0.096559 -0.131923 -0.700427 -0.618380 -0.029893 -0.250653 -0.037343 0.024275 -0.077491 -0.000336 -0.006369 -0.354392 0.060298 -0.154028 -0.156667 0.145008 -0.164995
0.117784 0.111885 -0.094317 0.301445 0.028349 0.104438 0.083422 -0.044686 -0.117991 -0.586574 -0.114180 0.103574 0.063896 0.061970 0.225186 0.258023 -0.154179 0.099498 -0.350356 -0.032156 -0.380269 -0.083195 0.132187 -0.327124
-0.017442 0.203064 0.023062 0.247152 -0.004343 0.159702 0.173175 0.048907 -0.035157 -0.697697 -0.312863 0.239090 0.055301 0.089988 0.155237 0.067165 -0.215695 -0.099282 -0.129506 -0.094165 -0.060315 -0.048921 0.312752 -0.457410
-0.318900 0.238295 0.151655 0.072424 0.063963 0.182725 -0.050207 0.092524 0.039269 -0.213527 -0.151184 0.136532 0.058484 0.048641 0.224505 -0.373512 -0.185401 -0.257703 -0.152511 -0.017988 -0.229490 0.027606 0.296574 -0.093730
-0.227312 0.067519 0.366674 0.111687 0.149947 0.108510 0.131227 0.005855 -0.198888 -0.336432 -0.130606 0.198483 -0.126822 -0.120496 0.064224 -0.223327 -0.117576 0.181413 -0.112568 0.045887 -0.190352 0.316097 0.085377 -0.236392
-0.323527 0.104503 0.202626 -0.022304 -0.029289 0.152692 -0.226191 0.249460 0.035527 -0.072568 0.125785 0.113382 -0.007251 -0.005125 -0.162834 -0.213741 0.106332 0.076929 -0.129828 0.014304 -0.016666 0.424759 0.172564 -0.331150
-0.107884 0.351181 0.139855 -0.177348 -0.005893 -0.055722 -0.189882 0.221161 0.181393 0.090384 0.288183 0.193351 -0.033942 0.074946 -0.058889 -0.096674 -0.001636 -0.065823 -0.113562 0.040806 -0.027256 0.135296 0.248910 -0.393009
-0.055081 0.305151 0.385596 -0.215745 0.104058 0.011582 -0.162932 0.056077 0.020450 0.197859 0.236797 0.110790 -0.081988 -0.015385 -0.107760 -0.072258 -0.209745 0.026961 -0.002534 0.121410 0.015054 -0.100320 0.118558 0.057486
-0.050928 0.127548 0.257105 -0.128931 0.093386 -0.141414 -0.186417 0.059469 -0.304298 0.027044 0.114593 0.215982 -0.050814 -0.017377 -0.096126 0.067969 -0.145138 -0.012346 0.129903 0.268406 0.091993 -0.388673 0.131252 0.132136
-0.119148 0.199966 -0.229231 0.131489 0.117346 0.117562 -0.127989 0.049925 -0.286467 -0.031748 0.224524 0.252579 0.024007 0.017668 0.075353 0.038294 -0.151861 -0.108679 0.010076 0.183731 -0.083295 -0.136628 0.310336 0.063522
-0.171923 0.036178 -0.330890 0.186985 0.148651 0.087614 0.080089 -0.006985 -0.425490 -0.186940 -0.086593 0.127343 0.013180 -0.045847 0.082802 -0.012845 -0.073892 0.022388 -0.021599 0.152968 0.030909 -0.040765 -0.056095 -0.031018
0.044190 0.034278 -0.583193 0.182722 0.006235 0.057327 -0.117722 0.020637 -0.308938 -0.061928 -0.073027 0.088148 -0.033652 0.006812 -0.152034 -0.037050 -0.010259 -0.144967 0.049353 -0.258827 0.134707 0.187732 0.045304 -0.065432
0.002819 -0.054135 -0.677351 0.269151 0.122439 -0.014726 -0.176593 -0.292093 -0.235836 -0.172657 -0.065984 0.006425 -0.204734 -0.082037 -0.114583 -0.001938 -0.042271 0.077261 0.129737 -0.518263 0.026741 -0.044633 -0.073160 0.217850
0.063947 -0.063189 -0.708861 0.144914 0.147095 -0.056588 -0.017411 -0.043722 -0.154608 -0.151782 -0.058785 0.218695 -0.141841 -0.118118 -0.153769 0.136221 0.011683 -0.060417 0.063180 -0.247557 0.243130 0.110301 -0.281958 0.166200
-0.081046 -0.061937 -0.534026 0.134597 0.056756 0.111123 -0.058362 0.034104 0.056280 -0.279853 0.019650 0.289546 -0.255774 -0.105329 -0.143840 0.037682 0.005794 -0.120799 0.041523 -0.085323 0.020838 0.210568 -0.093982 0.097913
-0.242962 -0.252641 -0.219149 0.008716 0.125251 0.127930 0.016271 0.031169 0.050404 -0.446754 0.032779 0.178698 -0.110168 -0.022006 -0.194078 -0.110252 0.062076 0.077942 0.025988 0.109996 -0.215309 0.319511 -0.134339 0.135771
-0.105043 -0.367570 -0.053600 0.187697 0.128797 0.172348 0.036856 0.049931 -0.068069 -0.239016 -0.049342 0.078266 -0.141580 0.006242 -0.081220 -0.122322 -0.001198 -0.155683 0.135104 -0.163065 -0.147918 0.318718 -0.200599 -0.037941
-0.097640 -0.243231 -0.179024 0.227317 -0.002825 0.130327 0.156069 -0.255870 -0.157843 -0.293052 -0.139316 0.100501 -0.176378 -0.172645 -0.065213 -0.024092 0.058363 -0.221891 0.307712 -0.002363 0.055987 -0.140754 -0.059359 -0.042142
-0.078162 -0.234322 -0.075464 0.065239 -0.022623 0.094444 0.158943 -0.117441 0.005851 -0.266787 0.012938 0.137455 -0.033693 -0.028868 0.091947 -0.123810 0.057694 -0.022185 0.180437 0.278525 0.069547 0.020012 0.240275 0.004840
0.022322 -0.513505 -0.125724 -0.072453 0.068718 -0.051797 0.235566 0.132684 0.176400 -0.366301 0.104516 0.158608 -0.005385 -0.016797 0.034326 -0.154562 0.074684 0.113437 0.271344 0.323915 -0.121915 0.127065 0.175402 -0.002060
0.113791 -0.260950 -0.176893 0.064238 0.018004 -0.257034 0.074833 -0.222280 -0.129579 -0.341649 0.110209 -0.044124 0.098365 -0.284210 -0.319030 0.025354 0.195470 -0.172884 0.221336 0.420665 -0.332422 0.017869 0.341947 -0.142320
0.356398 -0.543250 0.197081 0.195270 -0.080906 0.032920 0.106355 -0.249771 -0.288100 -0.246388 0.227516 -0.117302 0.108248 -0.297366 -0.717309 -0.355694 0.160351 -0.542342 -0.080286 0.177255 -0.166207 0.133347 0.367873 0.109801
0.319276 -0.524288 0.368507 0.574801 -0.026225 -0.218132 -0.157983 -0.812807 -0.163394 -0.849338 -0.305493 -0.194912 -0.051416 -0.041860 -0.235387 0.311100 0.162727 -0.144694 -0.312096 -0.077624 0.131361 -0.421130 0.473019 0.160030
0.234045 -0.823571 0.240547 0.071946 0.163226 0.251340 -0.093652 -0.322590 0.072348 -0.946806 -0.709447 0.187041 -0.019967 -0.033439 -0.077445 0.229580 -0.082240 0.001663 -0.455447 0.102556 0.030518 -0.414374 0.267477 -0.396256
0.165247 -0.646880 -0.113486 0.120763 0.040576 0.163507 -0.042590 -0.033883 0.041210 -0.674489 -0.659657 0.074520 -0.224472 0.032784 -0.188806 0.070692 -0.171241 0.135646 -0.399007 -0.005702 -0.218510 -0.038845 -0.004094 -0.314913
-0.033865 -0.170560 0.045273 0.271043 -0.183379 0.030081 -0.085227 0.070068 0.069339 -0.726602 -0.196021 0.148099 -0.012352 0.120612 0.044821 0.189343 -0.129034 0.280339 -0.351999 0.131216 -0.148857 0.069742 0.199010 -0.100068
-0.172244 0.109833 0.072670 0.162238 -0.131130 0.203717 -0.014552 -0.001560 -0.206573 -0.564380 -0.105243 0.194828 0.039779 0.037029 0.193387 0.116429 -0.091694 0.102834 -0.384988 -0.083949 -0.130022 0.087303 0.169333 -0.244090
-0.249111 -0.092474 0.073388 0.104850 0.004133 0.013625 0.031495 -0.143489 -0.021954 -0.553739 -0.187208 0.011792 0.140236 0.112957 0.257164 -0.154628 -0.240925 -0.164321 -0.254435 0.172897 -0.161025 -0.087605 0.330179 -0.163729
-0.285368 -0.041811 0.154793 0.048573 -0.018627 -0.013624 -0.100588 0.015449 -0.256529 -0.539578 -0.017606 0.088058 -0.121376 0.043412 -0.011876 -0.024243 -0.086600 0.124638 -0.248025 0.096504 -0.095609 0.253488 0.223689 -0.388732
-0.555914 0.018171 0.228234 0.058397 -0.139693 -0.062588 -0.102102 0.153871 0.058703 -0.340894 0.039990 0.092494 -0.113403 0.007890 -0.107895 -0.105088 0.097623 0.180570 -0.263539 -0.038437 -0.140489 0.610157 0.253454 -0.269871
-0.541867 0.293855 0.072392 -0.090656 -0.034234 -0.131574 -0.189578 0.169644 0.037303 -0.243760 0.168769 0.010284 0.025213 0.101081 -0.043478 -0.015258 -0.001337 -0.116622 -0.084745 -0.057230 0.012003 0.389581 0.277297 -0.205508
-0.262319 0.350606 0.436931 -0.212807 0.050115 -0.101147 -0.252197 -0.164923 -0.021251 -0.216078 0.207722 0.135938 -0.061715 0.148909 0.131462 0.022251 -0.033219 -0.066340 0.007819 -0.008113 0.074829 0.117199 0.257642 -0.186476
-0.350733 0.218221 0.397637 0.000921 0.070993 -0.153329 -0.129205 0.005685 0.019294 -0.152670 0.251004 0.158252 -0.154649 0.012097 -0.187595 -0.037160 -0.097898 0.062451 -0.030409 0.333641 0.158636 -0.350821 0.132896 0.127383
-0.247369 -0.016217 -0.054950 -0.014895 0.030764 -0.040280 -0.047533 -0.035738 -0.258083 -0.210594 0.156609 0.065701 0.012706 -0.178676 0.015413 0.044832 -0.239761 -0.010733 0.118193 0.452852 -0.004734 -0.082727 0.116362 0.066832
-0.132606 0.025511 -0.362028 0.273461 0.134155 0.117914 -0.046267 -0.051087 -0.300266 -0.255904 0.064482 0.102445 0.063137 -0.100480 0.104285 0.183977 -0.104611 -0.036230 -0.069829 0.161898 -0.130364 0.003608 -0.072779 0.112597
-0.000078 0.061716 -0.371962 0.221115 -0.039266 0.075260 -0.159270 0.027552 -0.089727 -0.268640 -0.255500 0.131967 -0.037549 0.012511 -0.038840 0.028263 -0.090483 -0.042903 -0.168138 -0.218430 0.105447 0.349456 -0.223708 0.108863
-0.018136 0.067858 -0.633445 0.154023 -0.079042 0.043799 -0.321110 -0.145746 0.027208 -0.140337 -0.097280 0.064009 -0.022856 0.019537 -0.174483 0.034433 -0.101844 0.012303 -0.002398 -0.361138 0.214963 0.165252 -0.046860 0.076530
-0.067976 -0.011881 -0.581859 -0.029215 0.015155 0.110770 -0.047981 -0.111639 -0.051612 -0.280850 -0.118041 0.052493 -0.324609 -0.188337 -0.176882 -0.039132 -0.213846 -0.005106 0.050392 -0.248475 0.035283 0.152207 -0.158053 0.197633
-0.105370 -0.168335 -0.301470 -0.142087 -0.011320 0.147560 -0.022854 0.007654 -0.015300 -0.238929 -0.058227 0.172579 -0.114740 -0.083961 -0.220706 -0.183432 -0.095852 -0.011108 0.149833 -0.015906 0.106059 0.118818 0.075303 0.094981
-0.188445 -0.236495 -0.152705 -0.085229 0.027397 0.120967 0.017281 0.089445 0.163712 -0.252728 -0.114515 0.170757 -0.051514 -0.159694 -0.267044 -0.187374 -0.037646 -0.055668 -0.027242 0.000982 -0.094427 0.293684 0.026446 -0.046469
-0.271950 -0.382047 -0.025049 0.080158 0.081500 0.185505 -0.016523 -0.056740 -0.141620 -0.161180 -0.107893 0.032922 -0.058421 -0.105989 -0.212478 -0.171091 -0.299908 -0.136712 -0.098035 0.141386 -0.257118 0.388898 -0.012062 0.110255
0.075599 -0.371416 -0.139056 -0.034229 0.014469 0.220993 0.175216 -0.172782 -0.266875 -0.139367 -0.122698 0.018042 -0.077988 -0.213861 -0.313346 -0.018538 -0.017543 -0.321769 0.194521 -0.105333 0.116166 -0.065308 0.043669 0.129544
-0.028203 -0.282782 -0.212657 -0.144763 -0.096455 0.058131 0.057072 -0.436083 -0.211820 -0.268450 -0.095337 0.096282 -0.007529 0.114923 -0.046406 -0.037320 0.018651 0.069927 0.163443 0.021637 0.243857 -0.120088 0.148640 0.019870
-0.269700 -0.384162 0.007308 -0.237498 -0.025592 0.097773 0.132873 -0.234973 -0.066133 -0.395273 -0.020542 0.328428 0.065631 0.040091 -0.083411 -0.317277 0.080875 -0.021044 0.237108 0.359601 -0.019264 -0.040836 0.241891 0.147847
-0.113184 -0.315515 0.087659 -0.141656 -0.040659 -0.356830 0.269638 0.114887 -0.290469 -0.237898 0.052073 0.128958 0.060486 -0.151166 0.110371 -0.117432 0.227218 -0.016963 0.302729 0.318842 -0.418888 -0.179464 0.181564 -0.039481
0.049502 -0.340041 0.659895 0.658220 0.076161 -0.322494 0.047942 -0.346005 -0.447897 0.133526 0.059946 -0.447574 0.093564 -0.407053 -0.521487 -0.068592 0.505360 -0.447332 -0.200875 0.513438 -0.408505 0.112545 0.321196 0.268275
0.203504 -0.320984 0.212985 0.410016 0.094332 -0.322542 -0.115868 -0.519594 0.048303 -0.428721 0.153956 -0.331841 -0.049340 -0.213630 0.003511 0.259203 -0.018287 0.043435 0.021318 -0.406104 0.006894 -0.079642 0.255355 -0.067072
0.148991 -1.030940 0.256049 -0.039734 -0.035888 0.255558 -0.281179 -0.065839 0.313695 -0.512931 -0.327548 -0.009493 -0.073876 -0.122079 0.029641 0.217351 -0.085327 -0.119201 -0.113319 -0.049801 0.053281 -0.499806 0.207085 -0.427390
-0.164440 -0.851134 0.092208 0.055846 0.034190 0.121111 -0.083242 0.017029 0.145363 -0.605893 -0.512000 0.024533 -0.113315 -0.014015 -0.193168 0.219962 -0.131464 0.072611 -0.464769 -0.011783 0.098740 -0.242670 0.164681 -0.274060
-0.076827 -0.478807 -0.112465 0.315326 -0.131892 -0.088492 -0.057656 0.120972 -0.164629 -0.383104 -0.000506 0.177344 -0.187888 0.055781 -0.046776 0.212093 -0.073563 0.208642 -0.544252 0.043389 0.003852 -0.111123 0.186450 -0.318857
-0.157893 0.160487 0.143178 0.253565 -0.119500 0.113733 -0.066857 -0.047982 -0.009063 -0.494305 -0.090378 0.035618 0.005968 0.058586 0.297829 0.137651 -0.171497 0.149074 -0.408980 0.144789 -0.120316 -0.071025 0.343890 -0.156868
-0.297538 -0.104369 0.281349 0.181829 0.025679 0.076762 0.090387 -0.092231 -0.018430 -0.656785 -0.064924 0.046312 0.143418 -0.085327 0.174572 -0.006004 -0.207262 -0.029912 -0.304011 0.166489 -0.068879 -0.009168 0.262547 -0.346893
-0.261367 -0.096765 0.125778 0.241215 0.009599 -0.079830 -0.148378 0.039683 -0.001285 -0.633741 0.103979 -0.090517 0.002855 0.007653 -0.063298 -0.205966 -0.198407 0.188850 -0.229687 0.085043 -0.084399 0.140747 0.237048 -0.263400
-0.536428 0.030347 0.303192 0.165758 -0.020459 -0.093673 -0.087795 0.053147 0.098163 -0.336353 0.039919 0.088723 -0.049838 -0.112450 -0.006973 -0.125996 -0.179324 0.169874 -0.116782 0.099743 -0.079110 0.550351 0.245348 -0.125451
-0.808438 0.195531 0.123449 0.108409 0.102506 -0.360059 -0.046082 0.201886 0.072265 -0.272220 0.032840 0.062723 -0.170266 0.000128 0.107192 -0.035900 0.068024 0.040437 0.028368 0.127646 -0.022903 0.495589 0.332562 -0.084382
-0.496437 0.253572 0.300721 -0.048987 0.075812 -0.303964 -0.079086 -0.077124 0.039265 -0.444884 -0.022203 -0.017181 -0.029220 0.175991 0.131827 0.087627 0.090853 -0.060050 -0.144801 0.087848 0.067320 0.162184 0.276498 -0.076444
-0.394152 0.064589 0.264107 -0.028059 -0.054518 -0.344826 -0.139755 -0.081658 -0.189879 -0.467550 0.023491 0.053527 -0.185617 0.139478 -0.025389 0.067919 -0.049576 -0.053713 -0.072797 0.280420 0.070034 -0.143358 0.300999 0.145041
-0.147908 0.047337 0.131652 0.129049 0.075016 -0.236406 -0.046963 0.000714 -0.206290 -0.524221 0.013056 0.046260 -0.324874 -0.220847 0.118590 -0.009844 -0.054142 -0.057989 0.007348 0.226867 0.023592 0.028777 0.190531 -0.050190
-0.077902 0.050010 -0.428494 0.040775 -0.124967 -0.079541 0.029895 -0.227705 -0.142791 -0.252641 0.004964 0.025761 -0.105729 -0.068292 0.160121 0.015252 -0.160921 -0.059781 0.115692 0.099152 -0.123253 0.043753 0.065878 0.170537
-0.178346 0.048677 -0.381005 0.131516 -0.057163 0.149953 -0.246126 -0.077203 0.031487 -0.422289 -0.080633 0.127449 0.074355 -0.127967 0.015879 -0.041606 -0.049990 -0.040701 -0.075504 -0.170711 0.097088 0.048369 -0.198781 0.197557
0.112263 0.062439 -0.506418 0.276936 0.081185 -0.039052 -0.222372 -0.042496 0.267442 -0.168261 0.025416 0.022936 0.017609 -0.053121 -0.126518 -0.084204 0.153219 -0.028844 0.065564 -0.331266 0.087728 0.296913 -0.119711 0.126780
0.179887 0.027153 -0.528364 0.035602 0.015050 -0.222093 -0.293975 -0.162237 -0.020104 -0.344622 0.074749 -0.047739 -0.165785 -0.064078 -0.193648 -0.022781 -0.064117 0.083356 0.072907 -0.206112 -0.181445 0.147503 -0.158687 0.170387
-0.077042 0.009673 -0.205322 -0.085417 -0.126080 -0.099767 -0.208139 -0.130367 -0.094841 -0.273813 -0.007007 0.057459 -0.016135 -0.173230 -0.139882 -0.046963 -0.103131 0.037520 0.083788 -0.041285 -0.034233 0.091878 0.032119 -0.053327
-0.215059 -0.362860 0.064365 0.041275 -0.011403 -0.212093 -0.018462 0.019408 -0.158747 -0.200860 -0.112734 0.159480 -0.112199 -0.231204 -0.332182 0.027627 0.033315 0.071981 0.058310 -0.086723 -0.035169 0.137826 0.128042 0.164863
-0.251355 -0.354534 -0.055726 0.062765 0.010415 -0.127378 -0.009064 -0.077167 -0.224707 -0.274721 -0.102809 -0.022258 -0.116817 -0.279800 -0.108894 0.044177 -0.058184 -0.047523 -0.062551 -0.148670 -0.025857 0.271582 -0.140812 0.154749
-0.056345 -0.387784 -0.032163 -0.127405 -0.098172 0.119129 -0.068900 -0.167000 -0.331597 -0.003107 -0.043135 0.130338 -0.031551 -0.045082 -0.201425 -0.157878 -0.189214 -0.252641 0.020116 -0.122686 -0.054107 0.251274 -0.109509 0.087710
-0.216441 -0.512883 -0.142722 -0.258944 -0.004618 -0.008404 0.067751 -0.338048 -0.311973 -0.237889 0.036943 0.042407 0.076244 -0.048219 -0.155776 0.044336 0.085719 0.145798 0.115700 -0.074052 0.121722 -0.050589 0.138590 0.154252
-0.298511 -0.459578 0.163517 -0.338590 0.047520 0.143697 0.149017 -0.157277 -0.296885 -0.198620 0.216757 0.232176 -0.015343 0.007054 -0.004459 -0.292389 -0.102743 0.027337 0.193175 0.092705 0.020323 -0.090151 -0.017054 -0.004281
-0.170392 -0.362379 0.192934 -0.155962 0.380510 -0.344812 0.390196 0.302285 -0.263144 -0.216049 -0.091166 0.278935 -0.025538 -0.220175 0.058547 -0.162845 -0.014767 -0.402958 0.361665 0.111377 -0.100225 -0.370364 -0.041111 0.042753
-0.369646 -0.207026 0.251321 0.400170 0.122704 -0.662230 0.352939 0.062676 -0.300395 0.150817 -0.324422 -0.381064 -0.030305 -0.400275 0.009663 -0.145585 0.259875 -0.150481 0.063846 0.291923 -0.676624 -0.065599 0.450579 0.304098
-0.159684 -0.342237 -0.273936 -0.015735 0.121908 -0.409224 0.173877 -0.181581 0.345119 -0.192170 0.436983 -0.175707 0.040863 0.014981 0.122260 0.035912 -0.390072 -0.191808 0.128629 -0.048720 -0.164327 0.126131 0.514016 -0.329601
0.053365 -0.455649 0.093954 0.081217 -0.057315 0.425106 -0.050397 0.000185 0.372000 -0.131573 0.014826 -0.061164 -0.184562 0.075733 0.247782 0.197459 -0.167986 -0.245352 0.017303 -0.116914 -0.213840 -0.101400 0.268104 -0.374410
-0.025511 -0.589676 0.212862 0.168337 0.001936 0.133035 -0.160208 0.077368 0.167720 -0.324698 -0.299385 -0.068570 -0.042647 0.193960 0.115910 0.250869 -0.121283 -0.029770 -0.516931 0.058443 0.042100 -0.043218 0.410842 -0.486107
-0.205839 -0.423198 0.014878 0.037324 0.071138 -0.017857 -0.229319 0.120682 0.031988 -0.091836 0.213619 -0.047173 -0.155506 0.183708 0.010103 0.364346 -0.007186 0.327872 -0.392253 0.224113 0.012966 0.037031 0.207909 -0.252110
-0.139296 -0.292509 0.118352 0.202599 -0.066018 0.005021 -0.038639 -0.021196 0.167516 -0.180992 0.113486 -0.018913 -0.111200 0.027394 0.013722 0.216838 -0.138043 0.108926 -0.285077 0.196014 -0.025694 -0.164089 0.221395 -0.200869
0.040280 -0.075918 0.400318 0.172248 -0.085620 0.182662 -0.043092 0.004222 0.071079 -0.369147 0.044466 -0.173584 0.048211 0.011498 0.087063 0.259270 -0.141878 0.150839 -0.205535 0.187567 -0.028904 -0.182873 0.327567 -0.086343
-0.047274 -0.140872 0.280447 0.013668 0.167055 0.223958 -0.065256 -0.038693 0.144604 -0.545316 0.132577 0.002984 0.012496 0.015733 0.106496 -0.115971 -0.066511 0.150116 -0.235904 0.082389 0.116318 0.003697 0.110344 -0.181695
-0.419231 0.013840 0.222859 0.061461 -0.105043 0.127683 -0.050909 0.049139 0.125660 -0.471476 0.192597 -0.045838 0.106683 -0.029580 -0.119340 0.180107 -0.096375 0.238411 -0.238949 0.149271 -0.002525 0.364334 0.337943 -0.024716
-0.539932 0.253269 0.326099 0.097871 0.000391 0.006749 0.000941 0.160687 0.072498 -0.333038 0.011458 -0.165689 -0.006014 0.080073 -0.111834 0.133749 -0.060260 0.188655 -0.176021 0.186975 -0.065912 0.427933 0.382815 -0.066858
-0.699838 0.142456 0.300315 0.281351 -0.018057 -0.376945 0.067765 0.125758 0.053257 -0.511155 -0.204039 -0.142071 -0.099736 0.005765 0.170097 0.056589 0.126101 -0.029596 0.075477 0.228377 0.035773 0.369542 0.257904 0.026520
-0.255771 0.192474 0.240712 0.168576 0.144693 -0.157758 0.122239 -0.049916 0.088174 -0.378815 -0.034679 -0.121051 -0.071889 -0.029329 0.122887 -0.183028 0.060607 -0.115531 0.253165 0.047287 0.073090 0.167358 0.179222 0.082637
-0.139935 -0.079720 -0.153448 0.090368 0.047278 -0.028405 -0.062493 -0.219572 -0.120853 -0.436072 0.025186 -0.008181 -0.301674 -0.012405 0.089855 0.046351 -0.025213 0.024483 0.053729 0.117033 0.029784 0.218400 0.089475 -0.006557
-0.119800 0.063744 -0.295888 -0.034634 -0.078225 -0.062779 -0.057698 -0.151569 -0.010142 -0.420754 -0.147476 -0.089051 -0.211373 -0.273155 0.023888 -0.067270 0.039496 -0.052103 0.177774 0.208905 0.022065 0.142256 -0.100691 0.013608
0.058725 -0.083772 -0.386217 -0.073596 -0.311149 0.084594 -0.197912 -0.160031 0.204795 -0.381192 0.204903 -0.201765 -0.034977 0.101084 0.036964 -0.012892 -0.033528 0.013538 0.088457 0.002809 0.017880 -0.000606 -0.080378 0.175020
0.060682 -0.083229 -0.362233 0.130697 -0.018924 -0.030383 -0.216932 -0.021948 0.284428 -0.245096 0.064702 -0.004530 0.016864 -0.032958 -0.207452 -0.104910 0.002332 -0.017133 0.192687 -0.163026 0.018717 0.162159 -0.040518 0.166713
0.248710 0.177460 -0.359375 0.109489 0.046797 -0.106600 -0.368609 -0.031443 0.063853 -0.321746 0.273650 -0.080179 -0.024472 -0.180255 -0.099283 -0.125648 -0.135790 -0.075607 0.126429 -0.097047 -0.200285 0.195022 0.060626 0.197834
0.094207 -0.276640 -0.395597 -0.022276 -0.062421 -0.158880 -0.160929 -0.114497 -0.006237 -0.281357 0.079089 0.021986 0.049557 -0.085224 -0.108696 -0.236688 -0.007843 0.174200 0.024436 -0.214336 -0.175538 0.115302 0.133833 0.160564
-0.035459 -0.440500 -0.059603 0.070718 0.033599 -0.084490 -0.158122 -0.146031 -0.087811 -0.280639 0.001081 0.182820 -0.088748 -0.093834 -0.280876 -0.067058 -0.014078 0.158026 -0.045398 -0.097467 0.059338 0.209404 -0.010179 0.131461
-0.100778 -0.292341 -0.176431 0.039000 -0.136822 -0.122766 0.002107 -0.121059 -0.389915 -0.115638 0.086860 0.210635 0.033363 -0.169059 -0.472276 -0.091097 -0.067360 0.068564 -0.068917 -0.132697 -0.036495 0.297027 -0.145000 0.181087
0.016245 -0.291871 -0.014498 -0.141748 -0.252884 -0.112130 -0.212061 -0.072508 -0.628775 0.001675 0.160610 0.219668 0.006463 -0.146515 -0.380657 0.036273 -0.232027 -0.327077 -0.022534 -0.070519 0.185352 0.166204 -0.045989 0.133081
-0.251208 -0.604384 -0.002125 -0.173675 -0.077275 0.031738 -0.168013 -0.024998 -0.386607 -0.108227 0.251786 0.081024 -0.015827 -0.081397 -0.235296 -0.198234 -0.084626 -0.032958 -0.044502 -0.074906 0.174956 0.009415 0.135335 0.201550
-0.136832 -0.625681 0.242349 -0.341113 -0.032183 -0.026281 0.238354 0.046452 -0.360165 -0.200905 0.260487 -0.161340 -0.026587 0.017543 0.123203 -0.259820 -0.020339 0.095300 -0.044718 -0.155832 0.125674 -0.126182 -0.004213 0.422782
-0.220701 -0.411926 0.503873 -0.197393 0.298322 -0.354725 0.449345 0.054121 -0.438062 -0.006038 -0.129059 0.190062 -0.038255 -0.152204 0.119462 -0.377169 -0.172832 -0.521104 0.495636 -0.070202 -0.157055 -0.581891 -0.200789 0.179965
-0.318339 -0.259032 0.455698 0.519680 0.285308 -1.033807 0.072533 0.061926 -0.509160 0.248142 -0.435283 0.345594 -0.118519 -0.444186 0.215996 -0.224527 0.367502 -0.570828 0.068734 -0.282342 -0.422091 -0.772882 0.001945 0.046107
-0.637356 -0.339835 -0.243100 -0.188225 -0.108746 -0.250737 0.173421 0.416816 0.679668 -0.141596 0.434991 -0.041955 0.110070 0.082399 0.251621 -0.104849 -0.178701 -0.363662 0.053030 0.167343 -0.422868 0.197487 0.816247 -0.088228
-0.366366 -0.081267 -0.146023 0.016781 0.087839 0.256420 0.084246 -0.045843 0.198294 -0.187588 0.116768 -0.006239 -0.020859 0.123325 0.109766 0.118344 -0.239941 -0.107311 0.152867 0.071955 -0.178852 0.173797 0.286047 -0.428803
-0.170718 -0.327258 -0.083783 0.080545 -0.141346 0.280407 -0.148975 0.102630 0.146603 0.008070 -0.227681 -0.057996 -0.109678 0.132866 0.095785 0.047671 -0.083212 0.092570 -0.199257 -0.089940 -0.050149 0.148383 0.282928 -0.566059
-0.392234 -0.140431 -0.060062 0.360585 0.189835 0.247419 -0.111064 0.137307 0.271801 -0.046215 0.068494 -0.114052 -0.072926 0.125675 0.188557 0.157534 -0.130511 0.105524 -0.446441 0.226468 -0.043522 0.105362 0.434717 -0.207910
-0.470083 -0.439140 0.144926 0.236568 0.051470 0.240124 -0.068702 0.178758 0.022993 0.036135 0.152834 -0.034514 -0.203039 -0.063504 0.041257 0.164413 -0.036233 0.224827 -0.225007 0.339930 0.010428 -0.112848 0.133829 -0.073195
-0.314443 -0.122118 0.201501 0.157683 0.133950 0.078311 -0.000073 0.171072 0.170956 -0.078729 -0.058963 -0.027739 0.051848 -0.050940 0.168505 0.074411 -0.073704 0.018992 0.024900 0.253454 0.037897 -0.381070 0.047864 -0.155785
-0.185187 0.061028 0.160527 0.065653 0.118725 0.298703 -0.032884 0.153969 0.295849 -0.494043 0.074871 -0.017608 0.031689 -0.105513 0.101572 0.129282 -0.017981 -0.006655 -0.041567 0.172791 -0.012526 -0.274573 0.018252 -0.061188
-0.616851 0.151742 0.022589 0.204579 0.015716 0.178174 0.131856 0.024505 0.286270 -0.362230 0.055794 0.047804 0.031803 0.006964 0.024718 -0.042215 -0.151965 0.173436 -0.120081 0.165057 0.221211 0.187479 0.317447 0.077197
-0.467445 0.252100 0.289994 0.027336 -0.081481 0.241690 0.122740 0.121123 0.210529 -0.520502 0.088635 -0.110259 0.044363 -0.028511 -0.071157 0.090164 -0.079726 0.138018 -0.095595 0.080761 0.002238 0.272999 0.264712 -0.057878
-0.378994 0.107241 0.356673 0.105270 -0.031219 0.011058 0.090117 0.315100 0.083889 -0.381892 0.070808 0.021756 -0.015743 -0.000160 0.034252 -0.200416 -0.187761 0.003227 -0.081623 0.051330 -0.042733 0.280971 0.278492 0.038245
-0.246633 0.103366 0.262200 0.058861 0.038175 0.050954 0.247065 0.121963 0.302577 -0.389946 -0.090577 -0.052520 -0.215326 -0.002550 -0.003483 -0.211591 -0.011564 -0.320445 0.286721 -0.172667 0.147256 0.320833 0.102626 0.098801
-0.096966 0.090656 -0.099237 -0.019032 0.129060 0.054605 0.025556 -0.008133 0.168954 -0.421526 -0.105354 0.142158 -0.116306 -0.143408 0.019268 -0.182785 -0.104479 0.040726 0.086498 -0.142879 -0.102526 0.144787 0.114849 0.049525
0.020662 0.193989 -0.350521 0.060207 -0.072131 0.052143 -0.022800 -0.154774 -0.140653 -0.312494 -0.167123 -0.036922 -0.359875 -0.125770 0.131313 -0.059247 0.007730 0.074381 0.047740 0.070783 -0.020254 -0.007972 0.064515 0.193287
0.111326 0.100804 -0.413437 0.063200 -0.008787 -0.033405 0.071106 -0.060284 0.216206 -0.422320 -0.042980 -0.088035 -0.123615 -0.168037 0.019269 -0.259257 0.020292 0.125187 0.179005 -0.086853 -0.014526 0.047959 -0.106664 0.132735
-0.040675 -0.121476 -0.440371 0.103775 -0.064339 0.022591 -0.165975 -0.111498 0.204973 -0.320394 0.332245 -0.213847 0.044515 -0.041379 -0.202176 -0.025159 0.063430 0.128147 0.176655 -0.161771 -0.107682 0.300530 0.042186 0.103221
0.071534 0.012694 -0.507256 0.241024 -0.035402 -0.060828 -0.294052 0.091626 0.148246 -0.340386 0.311000 -0.111401 -0.024842 -0.182475 -0.160736 -0.078793 0.159665 0.178191 0.294188 -0.131369 -0.202317 0.339272 0.105419 0.039602
0.083677 -0.164142 -0.271348 0.143979 -0.020316 -0.088980 -0.170744 -0.013515 0.248924 -0.266849 0.291884 0.023711 0.006099 -0.137008 -0.098992 -0.149320 -0.120102 -0.050614 0.096487 -0.238818 -0.255858 0.285826 0.098842 0.017324
-0.070649 -0.371095 0.083212 0.116960 -0.049467 -0.089726 -0.412494 -0.171405 -0.150963 -0.300624 0.062034 0.038566 0.060681 -0.136651 -0.225510 -0.067190 -0.132883 0.033054 0.019597 -0.125209 -0.078010 0.227868 0.189805 0.270368
-0.008968 -0.370991 0.023567 0.084715 -0.134404 -0.190563 -0.142410 -0.000047 -0.218904 -0.244949 0.043181 0.308121 0.088549 -0.237166 -0.365338 -0.073983 0.007205 -0.046434 -0.199399 0.016034 0.193771 0.241514 -0.002959 0.331194
-0.028249 -0.198053 -0.012021 -0.003429 -0.075258 -0.235507 -0.239900 -0.064711 -0.563273 -0.004495 0.040162 0.077734 0.019350 -0.230200 -0.406950 -0.001123 -0.193366 -0.195276 -0.003841 -0.122601 -0.014954 0.252759 -0.240060 0.246469
-0.179724 -0.383146 0.097376 -0.158973 -0.021425 0.119990 -0.205664 -0.046140 -0.624398 -0.050782 0.028600 0.144503 -0.012677 -0.173327 -0.037925 -0.085149 -0.061363 0.062888 0.137870 -0.038109 0.081064 0.257123 -0.068749 0.137866
-0.216938 -0.699287 0.290330 -0.241665 0.112871 0.038310 0.146329 0.253234 -0.330957 -0.106613 0.364054 -0.266709 -0.020132 -0.167990 0.283107 -0.259289 0.086334 0.303188 -0.017449 -0.234221 -0.217967 -0.097550 0.219563 0.439872
-0.236836 -0.595050 0.683309 -0.235332 0.240967 -0.007434 0.349539 0.228289 -0.315222 -0.199598 0.215313 -0.099397 -0.003872 -0.152796 0.244201 -0.349510 -0.411686 -0.513053 0.314694 -0.401429 -0.507679 -0.466027 -0.182004 0.397113
-0.169043 -0.346979 0.516352 0.125950 0.746009 -0.789490 0.286093 0.191399 -0.139064 0.271544 -0.158467 0.325325 -0.104331 -0.204517 0.513396 -0.527719 -0.593523 -0.823890 0.548301 -0.327788 -0.370375 -0.687346 -0.175598 0.116493
-0.492449 -0.310262 0.140995 -0.114703 -0.411791 -0.273255 0.012919 0.159125 0.769772 -0.314649 0.231410 -0.281546 0.138172 0.390725 0.404772 -0.161437 0.111003 -0.103653 0.036545 0.315321 -0.450038 0.342710 1.007020 -0.000303
-0.439291 -0.053253 -0.143779 0.072645 -0.084733 0.209342 0.141192 0.154275 0.153989 -0.085872 -0.109596 0.072526 -0.003231 0.085504 0.045081 0.125580 -0.117266 0.027502 0.024949 0.525948 -0.048341 -0.240009 0.545601 -0.556183
-0.313782 -0.135674 0.003272 -0.035362 -0.053284 0.514325 0.047941 0.083082 -0.049032 -0.087456 0.119414 -0.130423 -0.142526 -0.024927 0.049156 0.039426 -0.131473 0.261630 -0.026144 0.083447 -0.072662 0.199017 0.623030 -0.241698
-0.292593 0.180518 0.104946 0.106408 -0.039141 0.496501 -0.067173 0.068022 0.353326 -0.133269 0.005015 -0.050763 -0.044588 0.155956 0.324977 0.041959 -0.145625 0.171603 -0.053112 0.174442 0.016426 0.203763 0.370267 -0.255839
-0.555837 -0.105175 0.145598 0.205969 0.274541 0.403964 -0.155362 0.070477 0.169516 0.090762 0.073120 0.082105 -0.135308 0.112879 0.232692 0.223789 -0.237854 0.010083 -0.107705 0.399830 0.117888 0.117153 0.165279 -0.220843
-0.348634 -0.422083 0.141558 0.421850 0.275296 0.325590 -0.100282 0.109421 0.405317 0.167641 0.000738 -0.051758 -0.141560 0.086017 0.003472 0.094808 0.044909 -0.096429 -0.063024 0.413914 0.041126 -0.135138 0.058917 -0.107028
-0.152610 0.011132 0.156008 0.162406 0.286919 0.409489 0.255637 -0.121010 0.297382 -0.177642 0.038045 -0.134667 -0.017719 0.024855 0.042142 0.048879 0.172201 0.049818 0.152853 0.353570 0.020398 -0.354459 -0.030235 -0.056211
-0.413305 0.295287 0.131408 0.075038 0.024764 0.512539 0.301318 0.053735 0.470329 -0.334069 0.130402 -0.093792 -0.200017 -0.189512 0.180420 -0.054430 0.095787 -0.014708 0.075023 0.212390 0.137110 -0.178859 0.055225 0.121123
-0.333228 0.325097 0.235777 0.092775 -0.119099 0.493411 0.384978 0.061265 0.292855 -0.476297 0.025851 -0.280929 -0.042701 -0.068700 0.040686 0.118165 0.119027 0.150166 -0.036149 0.161492 0.256551 0.103924 0.190993 0.081904
0.130500 -0.103066 0.414879 0.090850 -0.128975 0.419081 0.301879 0.165521 0.052415 -0.420584 0.227981 -0.187429 0.101901 -0.102301 0.082224 0.020411 0.138110 0.153489 0.211272 0.170159 0.001753 0.268174 0.230411 0.079752
-0.041298 0.016404 0.322325 0.236156 -0.014173 0.136691 0.183924 0.152299 0.197620 -0.420531 0.099070 -0.120132 0.047151 -0.212228 -0.043710 -0.123376 0.070234 -0.154535 0.245530 -0.150689 0.113080 0.098764 0.437393 0.191233
-0.008729 0.152143 -0.194516 0.001510 0.058892 -0.191284 0.308011 0.133183 0.192216 -0.286664 0.023884 0.213968 -0.173949 -0.162597 -0.049832 -0.373774 -0.036014 -0.119909 0.105293 -0.149432 -0.040246 0.203487 0.154293 0.237663
-0.187073 0.163332 -0.181304 0.198305 -0.060542 -0.259822 0.274892 -0.195509 0.070781 -0.302883 -0.028504 0.030473 -0.283773 -0.216176 -0.123539 -0.219066 -0.006234 0.251454 -0.071829 -0.036636 0.023992 0.062899 0.010288 0.178610
-0.095760 0.128848 -0.260082 0.173768 -0.050494 -0.026821 0.314550 -0.124491 0.056194 -0.555671 -0.052025 -0.194955 -0.081909 -0.128994 -0.125674 -0.158043 0.166466 0.158035 0.080673 0.164878 0.063746 0.158818 0.114209 0.143608
0.102422 -0.088674 -0.525268 0.371691 -0.022658 0.078415 0.121925 -0.125243 0.425408 -0.387401 0.235124 -0.052291 0.080598 -0.099386 0.017887 -0.032854 0.021991 0.115411 0.465974 -0.153671 -0.063071 0.265616 0.093146 0.152689
0.079649 -0.256178 -0.471480 0.319859 -0.079476 0.090112 -0.128330 0.023351 0.302043 -0.420009 0.119057 -0.173807 0.010205 -0.252148 -0.038686 -0.143828 0.094361 0.175659 0.496723 -0.465831 -0.284317 0.218107 0.033389 -0.035992
0.141909 -0.061556 -0.424382 0.333076 0.029481 -0.145389 -0.365058 0.039934 0.040578 -0.413860 0.110426 -0.012330 -0.053020 -0.095320 -0.195699 -0.021086 0.030235 -0.052243 0.268574 -0.282191 -0.170736 0.345776 0.071579 0.037565
0.056738 -0.328983 -0.152074 0.209714 -0.004196 -0.112225 -0.267282 -0.266296 -0.143263 -0.336887 0.160907 0.133717 0.071103 -0.028091 -0.357849 0.016521 0.047865 -0.067568 0.108733 -0.236493 -0.179548 0.538109 0.072858 0.075592
-0.063025 -0.326717 -0.008827 0.265097 -0.109440 -0.333919 -0.104938 -0.131382 -0.415570 -0.412002 0.007077 0.141077 0.196700 -0.284296 -0.134098 0.165334 -0.102655 -0.073844 -0.052136 -0.141774 0.061665 0.223495 -0.005840 0.393549
-0.027519 -0.241723 -0.056828 0.193013 0.077613 -0.237920 -0.317449 0.116492 -0.361326 -0.171083 0.211187 0.242379 0.217707 -0.299554 -0.072300 0.011128 -0.227517 -0.177111 -0.013998 0.046993 0.111901 0.072080 -0.098438 0.325880
-0.146891 -0.296383 0.238140 0.092775 0.199653 -0.140190 -0.071283 -0.072852 -0.776197 -0.168410 0.196141 0.120941 0.102107 -0.278421 -0.116866 0.054514 -0.016542 0.063028 0.335253 -0.127230 0.152025 0.261621 -0.192678 0.205284
-0.393507 -0.501045 0.432923 -0.125893 0.263357 0.015582 0.270954 -0.021199 -0.730350 -0.127207 0.202203 -0.139693 -0.023706 -0.203176 0.188111 0.124494 0.098806 0.363670 0.039463 -0.090849 -0.052389 0.110905 -0.117518 0.391453
-0.381015 -0.451847 0.682221 0.005032 0.118887 -0.154169 0.225752 -0.095629 -0.527033 -0.079540 0.390174 -0.361338 -0.015720 -0.084653 0.197980 -0.026887 -0.218932 -0.195306 -0.118417 -0.307190 -0.532305 -0.711895 -0.233697 0.338284
-0.236488 -0.326522 0.810077 0.310246 0.352633 -0.455376 0.265686 -0.096952 0.008145 -0.099480 -0.092061 -0.418815 -0.178825 -0.014958 0.365405 -0.867918 -0.657076 -0.965031 0.404568 -0.223263 -0.755640 -0.920664 -0.053024 0.411964
-0.871838 0.145715 0.592897 -0.141397 -0.121310 -0.478439 -0.343315 0.042042 0.495700 -0.190930 -0.184373 -0.731583 0.089713 0.233746 0.334201 -0.001085 0.437961 0.428790 -0.242656 0.143290 0.283082 0.677784 0.753326 0.392610
-0.581932 -0.004794 0.422964 0.299180 -0.355638 -0.250550 0.225272 -0.031337 0.080570 -0.183992 -0.325113 -0.179881 0.127501 0.052810 0.043866 0.272607 0.289159 0.037140 -0.077561 0.506687 -0.260241 0.246046 0.656361 -0.797830
-0.518777 -0.087065 -0.166893 0.292840 -0.187465 0.321228 0.126501 0.205192 -0.037296 0.161087 -0.160465 0.054355 -0.118334 -0.227313 -0.163566 0.048170 0.062268 0.146663 -0.135729 0.617679 -0.093558 0.223176 0.906678 -0.267041
-0.580442 -0.102461 -0.034079 -0.059535 -0.267423 0.369858 0.166708 0.276263 -0.065068 -0.026894 -0.170104 -0.255808 -0.009713 -0.009120 0.279604 0.080424 0.053207 0.605993 0.012019 0.408060 0.140672 0.335002 0.509531 -0.143668
-0.718787 0.096361 0.009911 0.181592 -0.018710 0.491871 0.077160 0.216802 0.378815 0.144841 -0.209004 -0.037950 -0.108359 0.144016 0.464910 0.175104 -0.009783 0.161294 0.306186 0.195592 -0.064067 0.248260 0.171740 -0.267356
-1.004709 -0.081811 -0.120737 0.349484 0.195812 0.445151 0.084889 0.216790 0.485123 0.290151 -0.309199 -0.001671 -0.020645 -0.000285 0.150822 0.249772 0.326453 -0.092145 0.230084 0.320666 0.219457 -0.020953 0.121320 0.010954
-0.784060 -0.108860 -0.027956 0.481250 0.293297 0.124648 0.270232 0.065039 0.548604 0.034839 -0.196648 -0.176299 -0.005827 0.119432 0.227317 0.252298 0.539791 0.060059 0.075284 0.362412 0.148978 -0.173866 0.238166 0.061463
-0.924306 0.207675 -0.208909 0.346311 0.209765 0.308955 0.735568 -0.019531 0.659476 -0.210827 -0.074641 -0.091624 -0.217399 -0.165785 0.352966 -0.080316 0.249201 -0.072318 0.104368 0.261868 0.031389 -0.168393 -0.012969 0.031952
-0.609132 0.464153 -0.064444 0.184979 0.178261 0.302902 0.661588 0.189084 0.659438 -0.360547 -0.064213 -0.131269 -0.112610 -0.230213 0.276159 -0.112250 0.256848 -0.100050 0.341171 -0.086037 0.174459 -0.010427 -0.172305 -0.052838
0.108580 0.441173 0.353463 0.110961 0.140487 0.105294 0.673805 0.181327 0.348388 -0.141394 0.254709 -0.070962 0.086201 -0.226439 0.345603 0.168942 0.138740 0.008003 0.496378 -0.209077 0.054138 0.330541 0.031006 -0.156884
-0.203660 0.353855 0.286440 0.049792 0.078960 0.311902 0.452438 0.190365 0.190168 -0.182812 0.146416 0.008170 0.193600 -0.510291 0.188647 0.119353 0.063447 0.000177 0.612019 -0.074559 0.120486 0.385316 0.254368 0.059659
-0.356554 0.274643 -0.224451 0.160499 0.150047 0.080728 0.343086 0.244050 0.124545 -0.067669 0.094456 0.054180 -0.105629 -0.430820 0.033583 -0.081144 -0.037522 -0.052187 0.374138 -0.192013 0.019662 0.164969 0.145085 0.153642
-0.049108 0.142931 -0.547386 0.018120 0.138354 -0.155287 0.334078 0.065151 0.138012 -0.181107 -0.220613 0.171324 -0.173596 -0.207213 -0.245476 -0.082094 0.158601 0.002242 0.188507 -0.115062 -0.051812 0.062307 0.097099 0.057354
-0.116906 0.406669 -0.193159 0.186472 0.207595 0.077693 0.331202 0.015170 0.315569 -0.364777 -0.349700 0.132822 -0.225877 -0.196752 0.013170 -0.222327 0.147273 0.070846 0.520682 0.078964 0.024249 0.224582 0.003912 -0.106507
0.055694 0.402543 -0.584660 0.376158 0.354585 0.309593 0.136776 0.110700 0.472583 -0.497553 -0.078684 0.062088 0.099691 -0.084298 -0.160452 -0.030808 -0.049434 0.070462 0.557019 -0.124149 -0.049716 0.390900 -0.062525 -0.075780
-0.145792 0.018122 -0.595536 0.377963 -0.195761 0.590149 -0.093764 -0.193047 0.363876 -0.435410 0.163019 0.041080 0.198389 -0.276871 0.185119 0.130553 0.390498 0.448024 0.572200 -0.523541 -0.355316 0.685394 0.058440 -0.071042
-0.292653 -0.212493 -0.401764 0.365567 -0.049985 0.160951 -0.279373 -0.170692 0.219658 -0.480028 -0.141591 -0.119044 -0.050943 -0.387497 0.203080 0.189635 0.461187 0.442682 0.450399 -0.373450 -0.247682 0.557002 0.111860 -0.135409
-0.176493 -0.301107 -0.133897 0.525120 0.240266 -0.036310 -0.244273 -0.124840 0.092356 -0.509149 -0.053731 0.010535 -0.025162 -0.175542 0.096197 0.243266 0.115238 -0.036085 0.386728 -0.156211 -0.207353 0.433198 0.057098 -0.143403
-0.084068 -0.359881 -0.040108 0.452172 0.095592 -0.200783 -0.112098 -0.112269 -0.416435 -0.537252 -0.037705 0.147313 0.115260 -0.106958 -0.035616 0.254171 -0.014213 -0.175894 0.141419 -0.109516 -0.094597 0.605865 0.146471 0.155269
-0.231163 -0.233541 0.072007 0.432682 -0.080666 0.021785 -0.202971 0.214627 -0.345333 -0.556218 0.092596 0.223988 0.186937 -0.616050 0.104193 0.165747 -0.169226 -0.144297 -0.157913 0.169291 0.053224 0.052755 0.065414 0.489608
-0.268737 -0.182469 0.395786 0.621757 0.197370 -0.276095 -0.273535 0.098579 -0.329864 -0.421335 0.269661 0.066042 0.080279 -0.346550 -0.061452 0.030954 0.019083 0.100495 -0.024015 0.048337 -0.063839 -0.211751 -0.120541 0.433027
-0.171662 -0.269760 0.444920 0.542920 0.411933 -0.237613 0.358560 0.063708 -0.571395 -0.290002 -0.005691 -0.220852 -0.053214 -0.249427 0.050102 0.188121 0.329159 0.311262 0.096400 0.063103 -0.254452 0.159916 -0.113693 0.419387
-0.049523 -0.170057 0.469459 0.193471 0.316434 -0.032546 0.605328 0.008525 -0.559810 -0.220988 0.249008 -0.240493 0.010011 -0.133187 0.245439 0.316250 0.045149 -0.221655 -0.297939 -0.150718 -0.709840 -0.350898 -0.231434 0.082007
-0.061604 0.000759 0.686198 0.257080 0.237887 -0.003526 0.113632 -0.324658 0.160235 -0.087634 0.279077 -0.250239 0.049239 0.172289 0.077640 -0.202621 -0.975347 -1.038561 -0.320544 -0.217605 -1.101515 -0.920129 0.015667 0.210468
-0.135529 -0.270158 -0.392407 -0.140254 -0.198863 0.795814 0.141964 -0.002085 -0.523668 0.048430 0.332142 0.389740 -0.005687 0.194580 0.446554 -0.529506 -0.399120 0.406019 0.280774 -0.314116 -0.699965 -0.184900 0.157478 0.029340
0.151986 -0.519706 -0.165595 -0.466001 -0.452267 0.199998 -0.142126 0.188919 -0.447146 -0.255154 -0.145902 0.273729 -0.044097 0.515902 -0.267771 -0.116217 -0.132465 0.326505 0.934242 -0.213996 -0.352109 -0.521750 -0.014234 0.015775
-0.210983 -0.150113 0.304025 0.120917 0.213371 0.360205 0.113750 -0.203532 0.110172 -0.270545 -0.424579 0.175846 -0.791594 0.197377 -0.316651 -0.172835 -0.019729 0.073186 0.686603 0.304077 -0.605265 -0.101648 0.399962 -0.256687
0.146782 -0.133341 0.170858 0.230366 0.019742 0.478400 -0.085072 -0.606279 0.173041 -0.064765 0.157285 0.406625 -0.173744 0.472386 -0.238778 -0.205939 -0.216939 -0.024916 -0.003268 0.099872 -0.870647 -0.118151 0.201357 -0.044082
-0.234028 0.299240 -0.145491 0.324605 -0.097894 0.467690 0.035019 -0.140125 0.258280 0.193308 0.141845 0.476753 0.283538 0.475579 0.294203 0.038434 -0.042315 0.415482 0.079829 0.334261 -0.515840 -0.030456 0.238973 0.155592
-0.202281 -0.154850 0.061239 -0.143969 0.012882 0.114820 -0.069321 -0.221980 0.020982 0.087194 -0.385781 0.308874 0.187457 0.276701 0.344934 0.476370 0.103326 0.166493 -0.138773 0.448201 -0.192826 -0.087262 0.198957 0.314592
-0.067033 -0.747276 -0.377575 -0.096560 0.141898 -0.084840 0.397748 0.078532 0.087918 0.127328 -0.195118 0.117773 0.078550 0.025998 0.131405 0.229632 0.010069 -0.173413 -0.368957 0.486647 0.074441 -0.437331 0.419598 0.168229
0.129180 -0.611772 -0.343748 -0.282384 -0.170416 -0.130402 0.580564 -0.216551 0.082544 0.272963 -0.058191 0.036233 0.190344 0.011277 0.044756 0.134655 -0.021088 0.241239 -0.461784 0.227356 -0.058503 -0.330405 1.078557 -0.181604
0.471076 -0.460396 -0.018818 -0.445732 -0.089458 -0.112176 0.365525 0.071816 -0.152954 0.295246 0.042027 0.194782 -0.234776 -0.071507 0.170351 0.232746 -0.646138 0.126902 -0.282113 -0.051912 0.151847 -0.270513 1.474526 -0.352238
0.358178 0.187793 0.287789 -0.269776 -0.236015 -0.480140 0.338118 0.110722 -0.016838 0.354752 0.085260 0.108957 -0.031148 -0.461323 0.085262 0.619799 -0.554784 -0.090381 -0.104585 -0.462171 0.400661 0.124663 1.039387 -0.383994
0.483544 0.189249 0.016223 -0.343254 -0.534399 -0.418832 0.091289 -0.152859 0.111055 0.143678 0.203928 -0.041843 -0.032464 -0.291202 0.041733 0.399913 -0.308943 0.174726 -0.009545 -0.315112 0.048876 -0.096159 0.565205 -0.349083
0.707123 0.207546 0.317111 -0.447835 -0.349109 -0.328161 -0.049518 -0.439816 -0.171072 0.321004 0.225751 -0.299474 -0.311758 -0.294936 0.194764 0.120254 -0.682290 -0.195785 0.137573 -0.446336 0.024750 0.312892 0.525956 -0.273019
0.672759 -0.010531 0.166721 -0.325108 -0.141069 -0.187428 0.213177 -0.153148 -0.420435 0.299481 0.231092 -0.536868 -0.349984 -0.166796 0.505256 -0.069620 -0.446904 -0.116472 0.086310 -0.482508 0.045640 0.102094 0.158422 -0.460874
0.532966 -0.387584 -0.033575 -0.408877 0.010162 0.048771 0.489887 -0.027115 -0.394105 0.118450 0.118498 -0.626623 -0.136148 0.087701 0.174133 0.146483 -0.303457 0.182603 0.223240 -0.647567 -0.265861 0.122186 -0.095806 -0.526532
0.449382 -0.362962 -0.195752 -0.529963 -0.081954 0.190527 0.426858 0.078276 -0.115645 0.211404 0.145405 -0.480333 -0.239569 0.105112 -0.028222 0.501073 -0.184469 0.288978 0.096702 -0.172045 -0.061920 0.400500 -0.177672 -0.651208
0.259283 -0.113935 -0.073414 -0.357456 -0.341888 0.171957 0.187281 -0.012487 0.148812 0.577577 0.206875 -0.176658 -0.100617 0.046297 -0.136130 0.706476 -0.195667 -0.076803 0.105483 0.127890 -0.120088 0.614249 -0.290352 -0.467303
0.025933 -0.215677 -0.025867 -0.446999 -0.335911 0.257363 0.192179 0.084668 0.131015 0.324465 0.115093 0.637699 0.161275 0.140074 -0.124765 0.458322 -0.078348 -0.100520 -0.122860 0.164048 -0.167039 0.516339 -0.255584 -0.218528
-0.070594 0.067179 -0.123704 -0.113512 -0.210399 0.191322 0.345821 0.256367 0.313075 0.594275 0.085824 1.624203 -0.060925 0.037942 0.179827 0.462016 -0.216985 -0.121332 -0.179353 0.148257 -0.342463 0.314523 -0.677563 -0.204416
-0.269274 -0.016149 -0.179316 -0.129873 -0.229515 0.294908 0.258380 0.417750 0.163282 0.222284 0.111700 1.466659 -0.158809 -0.110817 -0.050353 0.258823 -0.287256 -0.205747 -0.403520 0.215537 -0.240656 0.005162 -0.539006 0.026817
-0.041426 0.089642 0.111846 -0.106284 0.024218 0.110893 0.115040 0.204575 -0.002193 0.283952 -0.077172 0.823006 -0.504530 -0.046008 0.030941 -0.116310 -0.176483 -0.289035 -0.136146 0.220691 -0.302067 -0.035100 -0.370662 0.237073
0.144260 0.318611 0.276130 -0.092524 0.186006 -0.045602 0.008718 0.257146 -0.102066 0.235160 -0.012851 0.387244 -0.631517 0.105017 -0.019137 0.220828 -0.337896 -0.039234 -0.076036 0.333217 -0.494054 -0.185754 -0.286843 0.085050
0.022923 0.311788 0.051360 -0.097685 0.123185 -0.145682 0.275818 0.078754 -0.288444 0.245806 -0.208366 0.420636 -0.422190 -0.269670 0.291956 0.143993 -0.284606 -0.092508 -0.156131 0.435076 -0.242747 0.054060 -0.397603 0.439040
0.029892 0.108163 0.010547 -0.142053 -0.119291 -0.006419 0.210929 0.020459 -0.303429 0.289236 -0.526885 0.468029 -0.238622 0.186387 0.326234 0.106321 -0.176893 0.200953 0.128918 0.289405 0.108144 0.211294 -0.345489 0.423045
0.014368 0.294030 -0.205967 0.016322 -0.448550 0.132244 -0.260873 0.193199 0.399757 0.021676 -0.218788 0.141991 -0.307717 0.158796 0.249707 -0.264979 -0.320844 0.279277 -0.110876 0.208897 -0.261354 0.023320 -0.416661 -0.206741
-0.301502 -0.517203 -0.182596 0.005954 -0.284367 0.706976 0.193592 -0.226149 -0.572329 -0.041301 -0.337964 -0.455725 -0.181288 0.093567 0.088006 0.347997 0.186601 0.039520 0.309578 -0.163089 -0.450668 -0.269544 0.050314 -0.048432
0.116971 -0.284554 -0.096968 -0.082487 -0.419461 0.273448 -0.435740 -0.087375 0.323651 -0.121628 -0.283354 -0.512267 -0.397738 0.151874 -0.137802 -0.129234 0.022631 0.024730 0.449062 0.016511 -0.606511 -0.249246 0.071126 -0.159659
0.156453 -0.158375 0.223994 0.136669 -0.039379 0.098096 -0.244974 -0.404872 0.271529 -0.179908 -0.000439 -0.189919 -0.694872 0.467680 -0.364559 -0.410104 0.036829 -0.084139 0.497870 0.195991 -0.443564 -0.043011 0.184834 -0.141254
-0.076955 0.374117 0.393330 0.305496 -0.036854 0.431078 -0.148165 -0.396921 0.278468 0.121947 0.359553 -0.122987 -0.179357 0.312522 -0.091286 -0.088697 -0.152969 -0.363630 0.055370 0.168449 -0.584410 0.049558 0.304716 0.196999
0.221462 0.290283 0.038579 -0.011177 -0.004539 0.505476 -0.347120 -0.311673 -0.089582 0.336817 0.156807 0.179199 -0.081660 0.414396 0.257791 0.106731 -0.176031 -0.336809 0.180988 0.138945 -0.278116 0.022215 0.291360 0.325624
-0.276093 0.269439 -0.043748 -0.158458 0.221087 0.113858 -0.043826 -0.137370 -0.134198 0.365480 -0.227136 0.153042 -0.122925 0.003050 0.336196 0.348191 -0.018545 -0.230417 0.193551 0.092971 0.036930 -0.018737 0.440055 0.118265
-0.044451 -0.309478 -0.013100 -0.280152 -0.023078 0.028414 0.284105 -0.092579 -0.139838 0.293070 -0.182218 -0.002102 -0.204424 0.066598 0.060552 0.739370 -0.122358 0.013233 0.001147 0.016232 0.000857 -0.127747 0.676181 0.070592
0.107302 -0.373691 -0.033406 -0.231164 -0.123925 0.614421 0.396113 0.094412 -0.140920 0.176541 0.070884 0.023048 -0.137429 -0.327335 0.241217 0.483142 -0.357452 -0.068450 -0.178769 -0.247414 0.079196 -0.198090 1.139015 -0.011976
0.166389 -0.234631 0.021181 -0.268321 -0.246753 0.356345 0.302207 0.025422 -0.232572 0.054203 -0.106019 0.015488 0.013004 -0.266800 0.105668 0.562934 -0.149951 0.136356 -0.164361 -0.089987 0.024165 -0.044644 1.085297 -0.166258
-0.001920 0.299317 0.083984 -0.289644 -0.192480 0.148425 0.180578 0.066282 -0.116073 0.128008 -0.104404 0.250464 0.006400 -0.318494 0.220808 0.598237 -0.390133 -0.081967 -0.043801 -0.134016 0.382711 0.114425 0.913926 -0.120628
0.283553 0.446311 0.110081 -0.380805 -0.282476 -0.374119 0.133044 -0.059135 0.063345 0.287719 -0.210843 0.122879 0.132174 -0.384399 -0.052622 0.584561 -0.185117 -0.126476 -0.065645 -0.154568 0.305025 0.056707 0.364150 -0.028154
0.483793 0.207147 0.015394 -0.391840 -0.292124 -0.232894 0.031021 -0.079050 -0.165995 0.098681 0.067433 -0.192800 0.067692 -0.362414 0.013186 0.145350 -0.407760 0.115181 0.028244 -0.142506 0.220394 -0.242740 0.338836 0.054194
0.707296 0.120845 0.009090 -0.198800 -0.188593 -0.061660 0.332506 -0.072585 -0.487638 0.221727 -0.016727 -0.398342 -0.019223 -0.319485 0.025991 0.184486 -0.327232 0.135358 0.032377 -0.168174 0.160462 -0.064974 0.280891 -0.165286
0.876291 -0.036767 -0.012665 -0.262928 -0.035719 -0.036918 0.431291 0.076601 -0.541205 0.153980 0.159911 -0.405006 -0.039708 -0.157231 0.050153 0.495005 -0.258558 0.280428 0.057925 -0.244608 0.364182 0.109145 0.112526 -0.283250
0.636770 -0.123216 0.041308 -0.271621 -0.034623 -0.157671 0.471375 -0.352882 -0.203520 0.255955 0.176874 -0.128668 -0.014167 -0.105765 0.045955 0.821640 -0.152022 0.201797 0.061737 -0.118685 0.050644 0.339303 -0.119282 -0.202193
0.498428 -0.134467 0.065912 -0.132762 -0.101284 -0.111121 0.240837 -0.037125 -0.151099 0.383929 0.263775 0.246415 0.143149 -0.117463 -0.167766 0.851639 -0.090132 0.024739 -0.030381 0.139800 -0.021612 0.383559 -0.103554 -0.081118
0.241164 0.021596 0.088067 -0.258591 -0.267547 -0.039037 0.308324 -0.061903 -0.154995 0.425957 0.284826 1.244183 -0.089913 0.024858 -0.190858 0.534165 -0.045946 0.052275 -0.116169 0.100165 -0.062668 0.258793 -0.327137 -0.143465
-0.235484 -0.052070 0.069280 -0.053993 -0.281816 -0.013763 0.150972 -0.004642 -0.064536 0.413158 0.161375 1.682055 -0.016232 0.135577 -0.114077 0.589751 -0.107616 0.123531 -0.013399 0.123806 -0.052425 0.151945 -0.273208 0.150185
-0.424287 0.057384 0.086001 0.054136 -0.024273 -0.011429 0.102482 0.172468 -0.062038 0.357820 0.076756 1.529482 -0.123954 -0.105226 -0.181740 0.382466 -0.075412 0.245804 0.013498 0.093184 -0.223271 0.030216 -0.366730 0.092981
-0.354024 0.142286 0.164786 0.155035 0.067107 -0.062528 0.108910 0.194331 -0.044503 0.077756 0.003787 0.612417 -0.280097 -0.261296 -0.228970 0.197521 -0.173225 0.097140 0.073393 0.139152 -0.062360 -0.218478 -0.083209 0.186689
-0.161287 0.066022 0.053635 0.021469 0.106369 0.057485 0.017290 0.152036 -0.058262 0.359049 -0.128575 0.178242 -0.440380 0.095800 -0.325267 0.003976 -0.319896 0.115951 0.168798 0.302546 -0.027802 0.080363 -0.375182 0.250318
-0.150136 0.075966 0.107606 -0.026126 -0.066043 -0.094094 -0.011093 0.230094 -0.071983 0.218025 -0.201800 0.212416 -0.062701 0.076766 -0.040760 -0.015921 -0.235953 0.207794 -0.214398 0.368915 -0.214911 0.134649 -0.375768 0.189742
-0.276108 -0.076087 0.035110 0.048596 -0.269190 -0.107718 -0.092762 -0.113021 -0.034681 0.019815 -0.185792 0.012336 -0.009615 0.304549 -0.011056 -0.154518 -0.075253 0.251706 -0.161808 0.334231 -0.091757 0.158793 -0.099780 0.429207
0.014696 0.025787 -0.017949 -0.095995 -0.481118 0.085751 -0.134407 0.305094 0.067415 0.312818 -0.053167 -0.155621 -0.235278 0.503484 0.179638 0.049944 -0.344342 0.306501 0.114793 0.186666 -0.152565 0.094248 -0.237305 0.038829
0.364602 0.059191 -0.281600 0.036248 -0.204900 0.687026 -0.288977 0.095737 0.157659 0.101681 -0.009858 -0.104236 -0.771525 0.145700 0.367542 0.018399 -0.457221 -0.338339 0.263991 0.099754 -0.625883 -0.299174 0.291573 0.163729
-0.024287 0.269242 0.144436 0.575109 -0.028353 0.197055 -0.146043 -0.188103 0.314801 0.030615 -0.342438 -0.423052 -0.395890 0.007200 -0.050800 -0.007132 -0.035997 -0.285570 0.142551 0.103366 -0.714006 0.047073 0.364230 0.270607
0.070733 0.322512 0.378874 -0.057160 -0.246595 -0.124523 -0.522615 -0.125395 0.131198 0.020050 0.023244 -0.167398 -0.166000 0.418672 -0.172690 -0.254419 -0.085201 0.005715 -0.026686 0.148695 -0.457917 0.036741 0.304385 0.084262
0.013692 0.109772 0.331214 0.026990 -0.159392 -0.022074 -0.439679 -0.410724 -0.013041 0.263265 0.145909 -0.151847 -0.253655 0.294513 -0.020073 0.018728 -0.150776 0.127666 -0.039327 0.276639 -0.331191 0.199262 0.398662 0.280874
0.013146 0.054186 0.140783 -0.178838 -0.031036 0.226748 -0.459919 -0.193782 -0.005289 0.414377 -0.115382 -0.188766 -0.093088 0.252975 0.240481 0.284717 -0.029633 -0.257375 -0.025243 0.092534 -0.344058 0.219695 0.372468 0.211993
-0.093910 0.061343 0.112661 -0.351627 0.028212 0.295872 -0.224539 -0.099823 0.021040 0.499101 -0.138791 -0.073354 -0.212745 0.038498 0.183724 0.477976 -0.070583 -0.301046 0.278768 -0.107859 -0.107089 0.099993 0.274850 0.006532
-0.022181 0.201674 0.219162 -0.516898 0.031310 0.380898 -0.012288 -0.214944 -0.166103 0.063195 -0.186747 0.002065 0.006375 -0.064104 0.262890 0.605000 -0.137681 -0.053238 0.284523 -0.363914 0.007881 -0.019749 0.265794 0.085287
0.181926 0.088935 -0.039855 -0.328944 -0.161400 0.564951 0.245749 0.007948 -0.144192 0.246140 -0.032304 -0.068023 0.119426 -0.295216 0.122069 0.371466 -0.218803 -0.091141 0.052729 -0.236679 0.071974 -0.085395 0.737754 -0.045678
-0.140321 0.102107 0.178269 -0.081889 -0.129432 0.799963 0.295600 0.130556 -0.239783 0.076339 -0.158963 0.086136 0.043885 -0.260339 0.058619 0.498973 -0.239270 0.063187 0.014787 -0.114233 0.238884 0.115749 0.734350 0.042125
-0.156278 -0.021428 0.092288 -0.034741 -0.161379 0.574442 0.121458 0.277587 0.026764 0.103165 -0.238461 0.176443 -0.024899 -0.096375 -0.051134 0.558929 -0.324517 -0.006572 -0.154134 -0.019261 0.097300 0.139680 0.398201 -0.213553
-0.042360 0.217823 -0.006782 -0.328016 -0.188974 0.216887 0.077524 0.006968 0.001059 0.142447 -0.269300 0.212413 0.150416 -0.104553 -0.089255 0.385410 -0.181354 -0.191953 -0.134120 -0.019134 0.082040 0.028305 0.349191 -0.103696
0.322827 0.118597 0.029834 -0.152119 -0.175391 -0.195729 0.103280 0.094389 -0.125767 0.388361 -0.261938 -0.031907 -0.038729 -0.157513 -0.083652 0.287249 -0.200230 0.139252 -0.013497 -0.124105 -0.107592 0.059299 0.195667 -0.051238
0.613221 0.124584 0.082452 -0.211525 -0.056037 -0.036013 0.168574 0.110504 -0.218292 0.176038 -0.177931 -0.194898 0.088048 -0.156016 0.127059 0.468210 -0.259084 0.038088 0.049666 -0.221531 0.189679 -0.066790 0.009138 -0.091345
0.743758 0.101954 0.059314 -0.056734 -0.093277 0.029011 0.241801 0.059945 -0.217470 0.249900 0.121317 -0.097649 0.102987 -0.209018 0.120125 0.793037 -0.158133 0.186574 -0.083757 -0.169366 0.149044 -0.008586 -0.033250 -0.179370
0.765369 0.011732 0.104015 0.042572 -0.238605 0.014123 0.273714 -0.081652 -0.414674 0.455481 0.133702 0.031204 0.318182 -0.079598 0.023360 0.880471 -0.066692 0.180497 -0.013836 -0.140103 0.065663 0.082873 -0.051720 0.050003
0.514440 0.024646 0.090281 0.063935 -0.251295 -0.233718 0.158438 -0.166011 -0.430029 0.496744 0.165404 0.525700 0.317679 0.084636 -0.132608 0.683813 0.006377 0.164984 -0.154744 -0.153699 0.075666 0.142801 -0.073483 0.022612
0.377636 -0.013139 0.152556 0.147455 -0.192060 -0.163875 0.058607 -0.291535 -0.164226 0.408084 0.346661 1.184062 0.188845 0.012931 -0.105138 0.605309 -0.028763 0.078827 -0.149962 -0.132568 -0.012134 0.078559 0.025724 -0.061844
-0.161151 0.174638 0.013778 0.082700 -0.198326 -0.230373 0.089970 -0.022544 -0.075315 0.356305 0.141274 1.977976 0.115116 0.041947 -0.139693 0.449413 -0.069645 0.156391 0.071385 -0.201810 -0.064761 0.065995 -0.185546 -0.134541
-0.409121 0.202934 0.099467 0.028851 -0.083999 -0.086233 -0.103591 -0.171455 -0.067515 0.480641 0.069146 1.296083 0.049238 -0.116284 -0.131119 0.347789 -0.192962 0.234976 0.202920 -0.141115 0.029545 -0.161032 -0.227835 -0.112658
-0.470882 0.080742 -0.055242 0.099085 0.081051 -0.060114 0.014642 0.050828 -0.075732 0.357918 -0.078682 0.425424 -0.233645 0.027815 -0.271098 0.566351 -0.201289 0.225879 0.082418 0.128344 -0.166990 -0.184244 -0.290628 0.103994
-0.273121 0.009189 0.222262 -0.043146 0.112588 -0.160044 0.074237 -0.117313 -0.243797 0.230285 -0.139879 0.155255 -0.183829 -0.100513 -0.144825 0.213914 -0.237167 0.453323 0.133060 -0.001122 -0.112273 0.201411 -0.411123 0.248857
-0.320963 -0.208905 0.165795 -0.016523 -0.019221 -0.058695 -0.059470 0.100351 -0.099561 0.358427 -0.362623 -0.166972 -0.245955 0.259583 -0.029247 -0.161604 -0.110123 0.273989 0.181513 0.233917 0.041084 0.312871 -0.160662 0.600295
-0.181469 -0.095210 -0.086010 -0.017770 -0.172463 0.031662 0.051148 0.064288 0.221532 0.229940 0.011302 -0.189058 -0.024248 0.590873 0.123163 -0.343968 -0.097402 0.233411 -0.048807 0.347596 -0.312711 0.139218 -0.245663 0.452675
-0.145904 -0.054529 0.021309 0.035608 -0.162032 0.074977 -0.087893 0.059980 0.085542 -0.078095 0.028507 -0.243928 -0.060319 0.953779 0.068281 -0.070418 -0.379855 0.134222 -0.115242 0.381975 -0.172759 0.128028 0.041922 0.481087
0.056927 0.517391 -0.484001 0.285579 -0.500304 0.159392 -0.447028 0.176982 0.133316 -0.349278 0.246391 0.156740 -0.307636 -0.159057 0.337126 -0.443016 0.053448 0.001091 -0.166866 0.073759 -0.417468 0.004776 0.152003 0.332294
-0.004674 0.556513 0.030324 0.226406 0.077604 -0.239104 -0.300518 -0.000580 0.400331 -0.269643 0.041202 0.667151 -0.499661 0.061266 -0.284533 -0.482114 -0.306712 -0.011900 0.012785 0.065887 -0.427253 -0.139586 0.424005 0.334180
-0.013783 0.504169 0.301908 -0.005363 -0.274767 -0.548266 -0.451628 -0.229901 0.053314 0.007973 -0.239816 0.422828 -0.171295 0.018289 -0.182368 -0.009218 0.022143 0.010964 -0.082494 0.196922 -0.427770 0.220359 0.526441 0.325753
0.131767 0.306172 0.099423 -0.143921 -0.107629 -0.238089 -0.585567 0.002356 0.020408 0.312531 0.010323 0.386744 -0.129795 0.054534 0.191806 0.187275 -0.107442 0.124211 -0.036342 0.032307 -0.240205 0.151869 0.256639 0.255470
-0.124590 0.248298 0.003160 -0.103060 0.064984 0.089495 -0.399869 -0.156762 0.147389 0.517492 -0.221350 0.014378 -0.089754 0.117938 0.082246 0.233363 -0.014498 0.227925 -0.076027 -0.149926 -0.194168 0.119335 0.405063 0.165957
-0.076678 0.318961 0.160591 -0.242244 -0.087932 0.270610 -0.387550 -0.269284 0.053301 0.251024 -0.237011 -0.131028 -0.043709 -0.004293 0.355231 0.404389 -0.129981 -0.075889 0.211025 -0.093415 -0.225510 0.019305 0.194609 0.059575
-0.141947 0.487208 0.082330 -0.329509 -0.127685 0.392252 -0.062341 -0.130499 0.070127 0.064748 -0.216367 0.050876 0.097488 0.147787 0.176922 0.482168 0.036890 0.046956 0.190864 -0.255333 0.102598 0.005807 0.291003 0.174396
-0.132460 0.527127 0.162055 -0.266774 -0.146363 0.341331 0.195577 -0.223012 -0.098791 0.026725 -0.196428 0.049017 0.139485 0.026070 0.354248 0.152678 -0.184537 0.119962 0.098948 -0.083155 0.007277 -0.106819 0.440373 0.143997
-0.009147 0.328631 0.003207 -0.182386 -0.048221 0.581519 0.144570 -0.205217 0.031035 0.061485 -0.232126 0.101749 0.030816 0.084399 0.101397 0.357333 -0.255471 -0.040504 -0.143042 0.000379 0.048051 0.175763 0.544705 0.024708
-0.174547 0.043956 0.103975 -0.110277 -0.175592 0.290826 0.008996 -0.177196 -0.145909 0.059611 -0.189858 0.163888 -0.013809 0.062064 -0.042994 0.319790 -0.186075 0.094677 -0.083860 -0.012526 -0.010504 0.025800 0.407880 0.031834
0.117766 0.101071 0.026872 -0.156496 -0.174352 0.030600 0.078258 0.011763 -0.153293 0.120257 -0.101369 0.102010 -0.062579 0.054584 -0.199789 0.402423 -0.236406 -0.087172 0.027698 -0.111769 0.125323 -0.099303 0.161567 -0.034419
0.248440 0.081538 0.038865 -0.111433 -0.182270 0.005636 0.138908 0.012001 -0.240742 0.148140 -0.259858 -0.080534 -0.060377 0.027848 0.125197 0.506604 -0.355145 -0.053198 -0.139846 -0.270710 0.065409 0.018119 0.078961 -0.206999
0.463803 0.098892 0.184212 0.220737 0.022840 -0.096431 0.254372 0.133843 -0.011206 0.342721 -0.196653 -0.288062 -0.093003 -0.125990 0.201787 0.806966 -0.191225 -0.052043 -0.153170 -0.295865 -0.012358 0.250508 -0.118216 -0.082823
0.811918 -0.077108 0.193980 0.066406 -0.134285 0.063041 0.144710 0.048513 -0.068679 0.302525 0.041730 -0.006739 0.290279 -0.224808 0.297839 1.172041 -0.034807 0.119134 -0.055461 -0.248201 0.073786 0.158410 -0.096668 -0.172941
0.777366 -0.042247 0.172353 0.176495 -0.270366 0.084166 0.144065 0.199096 -0.148717 0.485116 0.154865 0.224598 0.363694 -0.064364 -0.001981 0.825751 0.028131 0.124944 -0.032917 0.034107 0.059678 0.093619 0.031262 0.057284
0.602310 -0.036377 0.200789 0.200913 -0.300980 -0.209718 0.072915 -0.193224 -0.162779 0.271542 0.117835 0.546789 0.340133 0.130613 -0.108951 0.435004 0.090354 0.242011 0.062377 -0.053042 -0.112866 0.203572 0.032871 -0.019249
-0.067688 -0.001542 0.090233 -0.057857 -0.200141 -0.148107 0.116285 -0.139076 -0.222251 0.252961 0.295558 1.211325 0.154991 0.121874 -0.077202 0.584196 0.006672 0.278044 -0.024884 -0.362079 -0.076739 0.258800 0.130853 -0.108871
-0.344655 0.021823 0.056720 0.030246 -0.136162 -0.146526 -0.082239 -0.149522 -0.154496 0.173647 -0.009397 1.208534 0.298358 -0.028097 -0.027794 0.439273 -0.139102 0.271063 0.070478 -0.235711 -0.151647 0.115715 0.053760 -0.165924
-0.556292 0.123445 0.020716 0.084820 -0.178643 -0.055308 0.042782 -0.232492 -0.036497 0.124965 0.042258 0.634719 0.185970 0.106263 -0.060151 0.914382 -0.114490 0.094720 -0.110973 -0.125969 0.012102 0.081039 -0.010557 -0.041571
-0.238467 0.184993 -0.047563 -0.076002 -0.137852 0.267760 0.196041 0.022464 -0.237953 0.202154 -0.070410 0.215965 -0.151623 0.050781 -0.013001 0.526228 -0.268167 0.056174 -0.051915 0.021293 0.009510 0.057359 -0.100730 -0.072983
-0.267527 -0.057076 -0.096114 -0.173188 -0.070890 0.039117 0.237277 -0.013565 -0.233464 0.144200 -0.206803 0.104641 -0.213621 0.170297 -0.080022 0.287175 -0.252187 0.224453 -0.049097 -0.000223 -0.211033 0.082431 -0.426211 0.263619
-0.238822 -0.344233 -0.139058 0.023686 -0.133998 -0.303499 0.084310 -0.128739 -0.098133 0.217332 -0.136088 -0.090602 -0.072574 0.226847 0.229781 0.137291 -0.089560 0.240750 -0.206248 -0.064131 -0.145329 0.270408 -0.192386 0.403218
-0.207204 -0.053865 -0.000107 -0.055068 -0.034267 0.144177 -0.093648 0.190946 0.042328 0.262059 -0.089710 -0.289547 -0.334491 0.731979 0.336086 0.078925 -0.237604 0.127284 0.072778 0.460733 -0.195776 0.132820 -0.074046 0.717145
-0.160526 -0.017657 -0.069450 -0.095632 -0.080045 0.265438 -0.074287 0.360375 -0.021235 -0.134178 0.117854 -0.227538 -0.014087 0.962574 -0.041779 -0.096323 -0.434715 0.016359 -0.130232 0.332838 -0.336378 0.075408 0.097224 0.750935
-0.234424 0.641690 -0.162786 0.208459 0.297051 -0.284470 0.108729 0.397267 0.152130 -0.298559 0.104257 0.760966 -0.386616 -0.121321 0.212944 -0.074770 -0.316096 -0.067312 0.001418 -0.129561 -0.239373 -0.613411 0.401503 0.315495
-0.258452 0.391738 -0.008131 -0.281299 -0.089931 -0.557156 -0.208739 0.219137 -0.010557 -0.216823 0.093946 1.163728 -0.292603 0.087975 -0.539032 -0.257360 0.093822 0.239933 -0.138143 -0.070089 0.200754 -0.180626 0.117421 0.508199
-0.016947 0.233781 0.007301 -0.203181 -0.198830 -0.774009 -0.110948 -0.025257 -0.040922 0.024779 0.133472 1.140681 -0.365002 -0.094233 -0.401932 0.214815 -0.084933 0.334404 -0.037147 -0.126904 -0.044011 -0.026766 0.120199 0.285558
-0.084120 0.307877 -0.069990 -0.175487 -0.201038 -0.247492 -0.268691 -0.116700 0.101994 0.446825 0.002920 0.587265 -0.111726 0.004415 0.209269 0.281140 0.033113 0.225534 -0.196172 0.064309 -0.084157 0.013574 0.349398 0.089937
-0.067310 0.375723 -0.068981 -0.230048 -0.036533 0.172766 -0.015233 -0.164188 0.093049 0.396613 -0.017898 0.302158 -0.116088 -0.005234 0.145836 0.072531 -0.131447 0.025065 -0.088339 -0.176181 -0.053737 0.154450 0.364277 0.207873
-0.282440 0.630428 0.116837 -0.341387 0.038514 0.211460 -0.158329 -0.351184 -0.030620 0.203318 -0.221438 0.259434 -0.078981 0.072477 0.150536 0.162777 -0.124002 0.202828 0.049505 -0.015048 -0.062936 0.105749 0.316809 0.281017
-0.045991 0.477977 0.049480 -0.338459 -0.004886 0.158619 0.069611 -0.327678 -0.089605 0.096780 0.013600 0.112523 -0.086338 0.087166 0.296682 0.194023 -0.218369 0.019182 0.072586 -0.273375 0.032058 -0.103563 0.403218 0.190145
-0.179593 0.258805 -0.002599 -0.064454 0.010953 0.141629 0.033147 -0.167102 0.024709 0.089634 -0.270905 0.047311 0.006346 0.087445 0.269520 0.204238 -0.096055 0.042231 0.081585 -0.142022 0.108424 -0.230533 0.472924 0.031656
-0.099948 0.016027 0.030819 0.082860 -0.133050 0.171180 0.045707 -0.154813 -0.112585 0.021465 -0.079956 0.044557 -0.201474 0.151064 0.333143 0.196214 -0.234857 -0.021849 0.067533 -0.182694 -0.029308 0.005911 0.445091 -0.016740
-0.038599 -0.115345 -0.134814 -0.029283 -0.303092 0.376100 -0.101173 -0.154359 -0.332009 0.177055 -0.018063 0.001180 -0.055908 0.168574 0.010432 0.351688 -0.199613 -0.029911 -0.018601 0.004563 0.185203 -0.005586 0.236658 -0.186531
0.058991 -0.114806 0.020609 -0.113797 -0.416889 0.070896 -0.133946 -0.053808 -0.324269 0.088990 -0.031006 0.103018 -0.007964 0.159212 -0.047655 0.507668 -0.278599 -0.024654 0.075617 0.092474 0.006461 -0.019384 0.112841 -0.045874
0.413367 -0.122431 0.103962 -0.128396 -0.335525 0.116558 -0.011133 -0.060943 -0.245763 0.156169 -0.161496 -0.315249 -0.172936 0.113929 0.079336 0.887843 -0.167800 -0.113814 -0.034800 0.021168 0.147514 0.163613 0.014160 -0.149684
0.622650 -0.197562 0.230200 -0.120133 -0.285703 -0.048046 0.026311 0.050950 -0.209576 0.330826 -0.086651 -0.115864 -0.223292 -0.084379 0.502332 1.252836 -0.268879 0.016982 -0.060833 -0.071632 0.118139 0.228354 -0.217888 -0.031870
0.552607 -0.177510 0.200314 0.046135 -0.275215 0.142958 0.180504 -0.124282 -0.128201 0.316546 -0.137494 -0.214292 0.000626 -0.183104 0.248703 1.117374 -0.137074 0.159476 0.108746 -0.085720 -0.007768 0.258466 0.024045 0.289699
0.607560 -0.359798 0.099507 0.052404 -0.308606 0.009075 -0.044575 0.154689 -0.012173 0.385459 0.112053 0.128055 0.178163 -0.103644 0.047415 0.383838 -0.131324 0.048456 0.108431 0.064646 0.022939 0.201422 0.100819 0.202137
0.342983 -0.182530 0.216070 0.111773 -0.293209 -0.024258 0.040238 0.170250 0.127335 0.201057 0.257256 0.487743 0.028832 -0.046364 -0.191698 0.305277 0.022557 0.174548 0.097150 0.034270 0.038183 0.334357 0.223899 0.005053
0.106928 -0.130689 0.339930 -0.015482 -0.167969 -0.193095 -0.096602 -0.154443 -0.019544 0.019617 0.255212 1.425606 0.060576 0.190149 -0.051471 0.585534 -0.090888 0.179169 0.087312 -0.196326 -0.162027 0.238331 0.061282 0.079088
-0.551125 0.088610 0.045158 -0.080821 -0.080052 -0.034373 -0.086481 -0.184886 -0.254856 -0.075788 0.052992 1.118036 0.134471 0.324163 0.110931 0.619180 -0.116301 0.203178 -0.124232 -0.209178 -0.085946 0.220938 0.104975 -0.013975
-0.509790 0.057946 -0.024735 0.064656 -0.134346 0.240914 0.055447 -0.259345 -0.230923 0.004194 0.006204 0.310090 -0.112300 0.231802 -0.070057 0.574321 -0.133749 0.052889 -0.275744 -0.064655 0.001485 0.084225 0.018609 -0.040890
-0.322332 -0.103538 0.039550 0.071642 -0.303147 0.164231 0.149836 -0.145708 -0.291830 0.033507 -0.023996 0.215041 -0.070908 0.119506 -0.234470 0.473579 -0.161286 -0.060063 -0.182864 -0.268876 0.093476 0.105452 -0.279662 0.040115
-0.113569 -0.009460 -0.049510 -0.170712 -0.282325 -0.011462 0.015318 -0.054470 -0.236419 0.124164 -0.014291 -0.025109 -0.211996 0.118136 -0.059664 0.559968 -0.244000 -0.037778 -0.191842 -0.216511 0.029874 -0.037322 -0.374234 0.165597
-0.171589 -0.002275 -0.051128 -0.184607 -0.225332 0.012044 0.185517 0.147030 -0.124353 -0.008055 -0.039649 -0.240002 -0.233887 0.418987 0.106465 0.544189 -0.203936 0.054029 -0.191374 -0.071955 -0.035476 0.174386 -0.370866 0.322717
-0.223596 -0.041715 0.044336 -0.016668 -0.144679 0.212536 0.345055 0.036295 -0.059862 -0.101475 -0.078982 -0.225216 -0.224472 0.536015 0.040162 0.706515 -0.124072 0.076464 -0.414023 0.382239 -0.152100 0.409629 -0.106363 0.702343
0.202743 0.132038 -0.023674 -0.158139 -0.004789 0.331613 0.193841 0.554875 -0.111959 -0.056288 0.042733 -0.359540 -0.300732 0.494946 0.107347 0.317827 -0.373332 0.149270 -0.181164 0.264751 -0.226855 0.093187 -0.058061 0.797406
0.009693 0.176575 0.149324 0.066812 0.401103 0.063584 -0.077388 0.169928 0.437829 -0.426402 0.339850 0.217070 -0.159206 -0.142655 -0.241995 -0.205510 -0.259724 0.177270 -0.274254 -0.210164 0.237069 -0.491719 0.376736 0.189940
0.006555 0.070183 -0.108877 -0.301004 0.080603 -0.569123 -0.094281 0.345907 0.065470 -0.150876 0.209730 0.805254 -0.105745 -0.072697 -0.087646 0.153063 0.085069 -0.094324 0.042018 -0.039942 0.146458 -0.260645 -0.035295 0.308455
-0.045274 -0.103621 -0.052278 -0.191465 -0.043104 -0.761576 0.025722 0.413681 0.107518 0.220377 0.302906 0.648489 -0.153463 -0.231551 -0.231363 0.321607 0.243910 0.089602 0.067219 -0.222414 0.255564 0.106911 0.001738 0.272851
-0.032071 0.019345 -0.060288 -0.126495 -0.158827 -0.258773 0.041486 0.226919 -0.090131 0.625972 0.355859 0.438451 -0.031829 -0.135901 0.077671 0.291056 0.015325 0.030012 -0.042828 -0.095329 0.009742 -0.015059 0.137970 0.135978
-0.039531 0.239422 0.171105 -0.048730 -0.128404 0.251482 0.136503 -0.339614 -0.079734 0.340085 0.089472 0.152276 0.033765 -0.001928 -0.036547 0.143887 -0.256315 -0.052162 -0.272645 0.197577 -0.043969 0.242054 0.536067 0.191554
-0.166673 0.356618 0.166346 -0.083283 -0.022689 0.322498 0.074940 -0.307766 0.018214 0.270438 0.131724 0.213361 -0.110622 0.112016 -0.113574 0.074922 -0.357811 -0.019150 0.008320 0.013954 0.142502 0.069431 0.448950 0.262448
-0.308166 0.300990 -0.043036 -0.120938 0.053709 0.101209 0.036472 -0.263731 -0.157899 0.105751 0.072205 0.195929 0.005417 0.193740 0.084801 0.219456 -0.379170 0.166635 0.025692 -0.136338 0.184882 -0.165303 0.329443 0.034303
-0.075469 -0.055814 0.092990 -0.126378 0.072919 0.064731 0.110301 -0.132493 -0.255038 0.083606 0.229057 0.086893 -0.287655 0.293989 0.343990 0.123303 -0.240260 0.135747 -0.049388 -0.113062 -0.065382 -0.073365 0.228684 0.198675
-0.172279 -0.117739 0.153008 0.130226 -0.253056 0.089850 -0.094136 0.126249 -0.301997 -0.117464 -0.044760 -0.034125 -0.133213 -0.039683 0.301431 0.165859 -0.380252 0.131051 0.156715 -0.012276 0.068853 -0.094418 0.222167 0.000666
-0.114817 0.026843 0.075166 -0.057313 -0.337556 0.220524 -0.158507 -0.062077 -0.344566 -0.101849 -0.107099 -0.036808 -0.131195 -0.069532 0.190795 0.409381 -0.363169 -0.114651 0.078833 0.055069 0.099469 -0.062098 0.210504 -0.217059
-0.016749 -0.033551 -0.021280 -0.179784 -0.589698 0.192376 -0.182306 -0.140877 -0.219418 0.030539 -0.059378 -0.084722 -0.051880 0.043027 0.307465 0.361750 -0.246060 0.029654 0.036775 0.202902 0.043566 0.049782 -0.009115 -0.166976
0.358890 -0.284950 0.241622 -0.149980 -0.499492 -0.029008 -0.019800 -0.199247 -0.125920 0.020616 -0.114901 -0.016532 -0.155712 0.115523 0.344364 0.632832 -0.290524 -0.191660 0.111593 0.176525 0.089051 0.175595 -0.078993 -0.189382
0.593645 -0.331599 0.143101 -0.183417 -0.379718 0.101210 -0.031462 -0.135354 -0.139537 0.096521 -0.127485 -0.099040 -0.011137 0.157665 0.604152 0.847715 -0.210549 -0.048559 0.168505 0.134714 0.194083 0.123113 -0.102777 -0.072430
0.801061 -0.421835 0.198553 -0.069786 -0.393739 -0.006561 0.021716 -0.099390 -0.101516 0.205478 0.099255 -0.111788 0.073235 -0.034097 0.314223 0.544629 -0.196832 0.160391 0.313343 0.262467 -0.007070 0.210415 -0.160982 -0.072211
0.648559 -0.432469 0.067693 -0.102569 -0.199974 0.118719 -0.070511 0.032935 -0.092030 0.143968 0.037318 0.075883 0.077509 -0.086978 -0.112664 0.375347 -0.094433 0.120469 0.252767 0.196020 -0.009423 0.183007 -0.030729 0.191609
0.429957 -0.248091 0.033967 -0.031952 -0.165883 0.204243 0.133679 0.206501 -0.104995 0.063930 0.208472 0.799575 -0.070476 -0.055855 -0.023409 0.387587 -0.180078 0.056173 0.004603 -0.103317 0.011119 0.070042 0.069655 0.039278
-0.180158 -0.062367 0.271979 -0.008830 -0.079569 -0.061090 0.068230 -0.029716 -0.351612 -0.196272 0.014217 1.375055 -0.117791 0.072934 -0.042788 0.460333 -0.141011 0.048978 -0.108332 -0.039418 -0.022619 0.219481 0.015897 -0.031200
-0.446347 -0.021471 -0.000283 -0.017478 -0.281861 -0.076736 -0.085319 -0.101310 -0.361084 -0.171027 -0.002917 0.898791 -0.115211 0.447544 0.042401 0.613830 -0.235394 -0.072225 -0.296109 -0.130378 -0.023291 -0.147735 -0.064494 -0.069826
-0.407125 0.109921 -0.129643 0.046035 -0.079354 0.220369 0.023753 -0.102789 -0.391321 -0.140971 0.152677 0.310152 -0.176397 0.501377 0.006944 0.333900 -0.219026 -0.209532 -0.114522 -0.130255 -0.034342 0.099304 -0.088948 0.078426
-0.196413 -0.041332 -0.071382 -0.105646 -0.003645 0.079964 -0.039326 -0.269595 -0.365617 -0.135229 0.119000 0.034797 -0.213266 0.114553 -0.204698 0.468553 -0.254109 -0.019110 -0.102417 -0.252156 0.226460 0.083173 -0.244851 0.200655
-0.185439 -0.156949 -0.117550 -0.095988 -0.197075 -0.047116 0.130178 -0.075992 -0.130801 -0.132813 0.034149 -0.098067 -0.127469 0.058499 0.078230 0.652517 -0.103705 0.086366 -0.177823 -0.267358 0.088752 -0.151328 -0.594701 0.228976
-0.095225 -0.157976 -0.040635 -0.121851 -0.238041 0.187674 0.137980 0.196200 -0.094271 -0.131349 0.015829 -0.473745 -0.338967 0.296046 -0.036175 0.940858 -0.040062 0.208986 -0.284940 0.063148 0.035911 0.003588 -0.333898 0.317864
-0.032007 0.094783 0.197701 -0.160640 -0.207951 0.502423 0.189994 0.340546 -0.175294 -0.105934 0.190234 -0.366602 -0.343716 0.201091 -0.016351 0.201488 -0.335900 0.244507 -0.373900 0.028981 -0.098525 0.119177 -0.155772 0.457825
0.315535 0.061740 -0.013009 0.060330 0.174116 0.111874 0.251131 0.343916 0.022341 -0.591362 0.124598 -0.076373 -0.450318 0.453148 -0.014847 0.387919 -0.269497 -0.017236 -0.476487 0.060594 -0.214868 0.173200 -0.374965 0.530883
-0.088940 -0.612745 -0.027503 -0.424015 -0.326337 -0.180130 -0.232463 0.394908 0.262957 -0.465934 0.160578 0.618695 0.477669 -0.173309 0.083050 -0.379511 0.086007 0.075965 -0.501428 0.283964 0.179918 -0.369400 -0.311214 0.252508
0.159544 -0.518111 -0.064075 -0.357231 0.080811 -0.472804 0.026831 0.262941 0.153884 0.124187 0.350982 0.643564 0.160029 -0.011213 0.023684 0.179226 0.287827 0.350731 -0.206158 -0.205617 0.043527 0.072511 -0.186093 0.360758
0.031968 -0.250240 -0.086557 -0.159289 -0.016770 -0.487944 0.145288 0.348141 0.103491 0.394737 0.294902 0.324602 -0.008884 -0.090152 0.080705 0.258030 0.083537 0.161819 -0.182927 -0.200362 -0.130893 0.023007 -0.063563 0.147023
0.007874 -0.051697 0.238966 -0.007647 -0.061777 -0.213021 0.166703 0.195922 0.127227 0.578764 0.198009 0.064722 0.007093 -0.171316 -0.040242 -0.125728 -0.232663 -0.049238 -0.122190 -0.235826 -0.109339 0.233061 0.176881 -0.063321
-0.094356 0.063987 0.057370 -0.022273 -0.044377 0.175012 0.070110 -0.135078 -0.202958 0.275034 0.194744 0.273193 -0.128105 -0.115728 -0.177620 -0.012361 -0.325555 -0.032494 -0.112388 -0.150182 0.003236 0.054434 0.303806 0.053258
-0.136696 0.129644 0.139264 -0.042728 -0.131079 0.313843 0.037983 -0.216656 -0.088932 0.003924 0.162869 0.030217 -0.003084 0.040860 -0.021413 0.144872 -0.288428 -0.067726 -0.055568 0.048004 0.022740 0.051575 0.306727 -0.119577
-0.276218 0.154350 -0.158927 0.040780 -0.012779 0.090144 0.142928 0.043331 -0.051098 -0.184199 0.137742 -0.071093 -0.241525 0.076255 0.011590 0.177560 -0.169480 0.048830 0.052304 -0.250410 0.118479 0.039508 0.305375 0.010090
-0.314823 -0.024936 0.156877 0.017139 -0.280126 -0.176955 -0.074101 -0.113151 -0.118569 -0.207718 -0.010073 -0.114416 -0.030199 0.047515 0.044744 0.018614 -0.193918 0.230428 -0.058735 -0.085461 0.122747 -0.069328 0.243200 -0.029502
-0.252468 0.006247 0.120757 0.046751 -0.377128 0.071888 -0.172043 -0.099885 -0.228585 -0.156081 0.090099 -0.025859 -0.115112 -0.035584 0.221928 0.064899 -0.430668 0.193041 -0.002538 0.040863 -0.001235 -0.073855 0.274824 -0.032054
-0.138165 0.066927 0.123875 -0.072855 -0.367230 0.454130 -0.156735 0.131525 -0.258445 -0.304907 -0.086863 0.049300 -0.068758 0.017802 0.411009 -0.072364 -0.544241 0.064717 0.009318 0.363089 0.023574 -0.023646 0.113997 -0.102911
-0.097503 0.065421 0.061196 0.077327 -0.476301 0.456360 -0.135230 -0.096407 -0.093390 -0.220015 -0.080640 -0.095384 0.001868 0.196762 0.319420 0.059187 -0.114667 0.008877 0.274887 0.282658 0.075801 0.153962 0.129547 -0.109875
0.325061 -0.227396 0.130965 -0.028085 -0.254488 0.086350 0.037084 -0.378476 -0.207528 -0.232908 -0.067490 -0.052152 -0.122329 0.134379 0.671537 0.088584 -0.109604 0.093859 0.115075 0.295244 -0.045798 0.039789 -0.181442 -0.150169
0.621544 -0.261619 0.092683 0.185022 -0.156740 -0.005719 -0.017742 -0.364859 -0.098178 -0.125821 -0.056266 -0.145732 0.039413 -0.057823 0.534728 0.069019 -0.062364 0.172833 0.087197 0.147410 -0.007539 -0.005283 -0.237557 -0.090486
0.605249 -0.299755 -0.029340 -0.112176 -0.282524 0.084624 -0.193965 -0.027564 -0.106557 -0.271173 0.192094 0.054430 0.088028 -0.026475 0.070793 0.317610 -0.001523 0.218241 0.020118 0.135523 0.033216 -0.018127 -0.136410 0.008490
0.724711 -0.407207 -0.106472 -0.059213 -0.169837 0.124433 -0.086699 -0.000380 -0.322843 -0.327233 0.353210 0.289799 0.004015 -0.042813 -0.044138 0.301340 -0.085936 0.182564 -0.025608 0.286212 0.159134 -0.029553 -0.105995 -0.083752
0.239250 -0.209992 0.082196 0.014584 -0.067435 0.172404 0.010900 -0.029285 -0.175174 -0.302907 0.161833 1.681948 -0.096692 0.128078 -0.131272 0.524158 -0.204809 0.043005 -0.292020 0.030980 0.076708 0.136080 -0.201622 -0.205428
-0.186910 0.079811 0.001724 0.013963 -0.023381 -0.071547 0.160732 0.027307 -0.267212 -0.313166 0.153313 1.433504 -0.205526 0.323461 -0.054559 0.564386 -0.209866 -0.044489 -0.094628 -0.016472 -0.081810 -0.006692 -0.129109 -0.083769
-0.429752 0.014860 -0.069711 0.207939 -0.175322 -0.207166 -0.083891 -0.061154 -0.180803 -0.259877 -0.057648 0.560437 -0.073640 0.425625 0.005762 0.648325 -0.108915 -0.092273 -0.062998 -0.059332 -0.027623 -0.058375 -0.218609 -0.098656
-0.337610 -0.035920 -0.159220 0.053627 -0.205287 -0.204101 -0.200735 -0.071652 -0.309958 -0.213485 0.153154 -0.182203 -0.151077 0.495650 -0.242259 0.546650 -0.307580 -0.256512 0.069578 -0.092483 -0.078881 -0.177987 -0.217021 0.118367
-0.246727 -0.074278 -0.115082 -0.186804 -0.140024 -0.173414 -0.225445 0.003793 -0.339668 -0.053177 0.175167 -0.197354 -0.178167 0.215613 -0.160166 0.523813 -0.301300 -0.168970 0.018313 -0.183545 0.153204 -0.154713 -0.220204 0.170267
-0.042485 -0.191732 -0.084488 -0.248949 -0.227740 -0.163446 -0.098741 -0.044433 -0.288980 0.004336 0.209912 -0.185650 -0.170107 0.516020 -0.054678 0.742311 -0.222032 0.020732 0.075175 -0.127409 -0.015868 -0.351707 -0.466433 0.204206
-0.111521 -0.072198 0.004725 0.035847 -0.229092 -0.017163 0.170331 0.237602 -0.129249 -0.043923 0.154117 -0.297497 -0.380615 0.350714 0.123949 0.981603 -0.101669 0.015756 -0.166238 -0.159201 0.066184 -0.228528 -0.442510 0.142703
0.040453 0.142927 0.082268 -0.045791 -0.002891 0.190865 0.279367 0.314093 -0.199923 -0.105899 0.240214 -0.087781 -0.427555 0.206068 -0.087321 0.534491 -0.221373 0.327362 -0.216127 -0.158784 -0.155143 0.021921 -0.485426 0.244734
0.842822 -0.049739 0.132258 -0.062647 0.081009 0.201499 -0.010723 0.125480 -0.228717 -0.295101 0.196615 -0.015850 -0.277289 0.256283 0.145237 0.116326 -0.439202 0.113534 -0.669683 -0.128574 -0.126588 -0.191112 -0.337728 0.190625
-0.171749 -0.465938 -0.111039 -0.302191 -0.401309 -0.142952 -0.122536 0.110926 -0.013148 -0.414009 0.222397 0.944820 0.141619 0.132363 0.147487 -0.446380 0.272202 0.432007 -0.271389 -0.011906 -0.253144 0.201285 0.303298 0.358481
0.012178 -0.729740 -0.113390 -0.444034 -0.041010 -0.548764 -0.103637 0.205463 0.048797 0.045862 0.218227 0.808984 0.040421 0.225395 0.140901 -0.134381 0.199471 0.501797 -0.476362 -0.309030 -0.086989 0.121249 0.021655 0.239779
0.006314 -0.307463 -0.119214 -0.408347 -0.131707 -0.502986 0.068260 0.011790 0.121414 0.320754 0.115270 0.562757 -0.076571 0.445080 0.176380 -0.035793 -0.013080 0.387963 -0.379130 -0.292642 -0.195686 0.083833 0.037815 0.007021
0.014308 0.107621 0.180468 -0.234385 -0.144358 -0.071883 0.027196 -0.094189 0.048983 0.412942 0.080560 0.355708 -0.118143 0.251643 0.009166 -0.248406 -0.214177 0.247248 -0.342690 -0.045113 -0.202875 0.284602 0.258924 0.065114
0.082058 0.223798 0.001763 -0.015270 -0.045903 0.335161 0.113223 0.086635 -0.103818 -0.063451 0.157668 0.212223 -0.048661 -0.045687 -0.069328 -0.285636 -0.272741 0.247320 -0.007364 -0.070371 0.041826 -0.024732 0.235108 0.041286
-0.017719 0.120733 0.034904 0.099092 -0.094825 0.250019 -0.117128 0.173603 -0.190754 -0.137676 0.085707 0.315916 -0.338399 0.194654 0.106321 0.010214 -0.262938 0.028988 0.135759 0.027349 0.129703 0.103381 0.250861 -0.293415
-0.362919 -0.057941 0.136138 -0.047143 -0.062630 0.143386 -0.041804 0.141856 -0.037930 -0.146542 0.165971 -0.049273 -0.023491 0.278863 0.256476 0.103856 -0.206308 -0.103581 -0.059142 -0.089485 -0.115937 0.109984 0.070673 -0.194693
-0.317652 -0.107867 0.091845 -0.018980 -0.183673 0.028568 -0.132245 0.118439 -0.151340 -0.503612 0.110816 -0.119481 0.034826 0.031439 0.184541 -0.107344 -0.217990 0.070911 -0.111590 -0.076407 0.013733 -0.101450 0.110724 0.008067
-0.307403 0.219833 0.120782 -0.029146 -0.253039 0.228324 -0.208497 0.083098 -0.081209 -0.380818 -0.086208 0.018611 0.090152 0.359890 -0.146874 -0.092301 -0.319115 0.127743 -0.123209 -0.023135 -0.056626 -0.175567 0.087135 -0.033849
0.011709 0.163046 0.115869 -0.119427 -0.039998 0.533070 -0.066540 0.032697 -0.068216 -0.302920 -0.056955 -0.033472 0.033994 0.227256 0.201100 -0.203779 -0.390996 -0.019072 -0.064190 0.166010 -0.063557 0.082376 0.099501 -0.122805
0.148833 0.085523 0.105077 -0.044763 -0.184062 0.532670 0.042930 -0.222542 -0.216647 -0.396163 -0.069527 -0.038484 -0.053409 0.272339 0.450620 -0.255957 -0.224307 0.012524 -0.059062 0.067359 -0.104097 0.113807 0.092161 -0.164525
0.557745 -0.219536 -0.135461 0.067660 0.070330 0.189689 0.181231 -0.248317 -0.165211 -0.183964 0.074572 0.136963 -0.092295 0.039096 0.175111 -0.051824 0.041238 0.003643 -0.086556 0.021615 0.023576 -0.047592 -0.285337 -0.049596
0.621079 -0.283655 -0.112088 -0.014644 0.169279 0.077118 -0.066360 -0.485153 -0.198657 -0.162470 0.040676 0.118594 0.012368 -0.058792 0.154702 0.019179 0.021003 0.280917 0.029599 0.092854 0.004162 -0.084092 -0.320010 -0.016055
0.734687 -0.284251 -0.066812 -0.100131 0.126623 0.111803 -0.201833 -0.365809 -0.200628 -0.363536 0.079605 0.164497 0.102418 -0.073345 0.072418 0.103124 -0.004845 0.355166 0.065851 0.053550 0.161179 -0.035755 -0.264482 -0.115239
0.413463 -0.299502 0.014229 0.107938 0.136291 0.017072 -0.139230 -0.147063 -0.088737 -0.323354 0.252114 0.707370 -0.227031 -0.041974 -0.112663 0.451232 -0.099581 0.043657 -0.128209 -0.080819 0.291452 -0.006355 -0.185538 0.142049
0.153186 -0.061977 -0.007272 0.038181 0.155021 -0.007926 -0.132825 -0.001332 -0.115043 -0.383219 0.165889 1.363979 -0.108574 0.099646 -0.051840 0.721865 -0.180538 0.089511 -0.077261 -0.003175 0.246890 0.179257 0.135683 -0.005499
-0.423914 0.291715 -0.074775 0.219540 0.082215 -0.191887 -0.125209 0.045344 0.036295 -0.455113 0.038542 1.013415 -0.158786 0.292176 -0.122148 0.706694 -0.149016 -0.003283 -0.074620 -0.081396 0.160417 -0.173187 -0.301601 -0.082082
-0.253132 0.148380 -0.162133 0.280802 -0.096783 -0.330684 -0.171694 -0.210560 -0.186129 -0.311766 0.185474 -0.008793 -0.120878 0.203447 -0.226573 0.560761 -0.095066 -0.010230 -0.062221 0.058820 0.005792 -0.268262 -0.127487 -0.038217
-0.227230 0.083345 -0.213416 0.291902 -0.060825 -0.409287 -0.163240 -0.193436 0.040590 0.043738 0.218307 -0.312475 0.017871 0.108526 -0.206043 0.606459 -0.305435 -0.062657 0.103829 0.003882 -0.202166 -0.173232 -0.118608 0.037728
-0.106322 -0.289987 -0.088173 0.109853 -0.057673 -0.414360 -0.199690 -0.117112 -0.221975 -0.078399 0.213106 -0.450442 -0.178610 0.345341 -0.296125 0.692150 -0.229410 -0.075160 0.041586 0.016339 0.031913 -0.167316 -0.283192 0.145324
0.059627 -0.268567 -0.051492 -0.083116 -0.156222 -0.226578 -0.143871 0.029764 -0.098478 0.024471 0.520892 -0.381219 -0.318717 0.910465 0.033844 0.638061 -0.252785 0.109138 -0.099647 -0.110884 0.098208 -0.325041 -0.310827 0.291207
0.223559 -0.065385 0.052791 0.008266 -0.191962 -0.281745 0.084198 0.101751 -0.451445 0.039906 0.149091 -0.213549 -0.572302 0.646394 0.139577 0.865899 -0.254315 0.108503 -0.172366 -0.369012 0.080953 -0.293415 -0.492451 0.114229
0.370378 0.107019 0.116430 0.020687 -0.185758 -0.164943 0.157498 0.254543 -0.189981 0.084050 0.258135 0.017556 -0.337884 0.731372 0.324207 0.615432 -0.143118 -0.090258 0.183437 -0.350303 -0.012373 -0.096510 -0.589293 -0.116926
0.694219 0.059809 0.131821 0.036718 0.174413 -0.007947 -0.021201 -0.011352 -0.230159 -0.188001 0.319135 0.125678 -0.001475 0.561060 0.269984 0.233485 -0.313248 0.282677 -0.508198 -0.233763 -0.240263 -0.283035 -0.146178 -0.034995
0.139382 -0.152570 0.080099 0.269512 0.470670 0.360135 -0.057030 -0.209573 0.045266 0.163970 0.630500 0.637599 -0.090097 -0.095970 0.432055 -0.533326 -0.296140 0.261438 -0.684263 -0.481022 -0.591640 -0.005396 1.163068 0.198459
-0.076766 -0.236604 -0.146404 0.062579 0.034215 -0.286447 0.029204 0.046293 -0.081025 0.136729 0.101157 0.295629 -0.225209 0.210064 0.237018 -0.431834 0.162985 0.500310 -0.354223 -0.318600 -0.231180 0.211173 0.383005 0.558872
-0.028939 -0.156166 -0.328199 -0.164928 0.064629 -0.531174 0.189219 0.039233 -0.314051 0.259176 -0.015293 0.506156 -0.103556 0.543292 0.225752 -0.255796 0.026585 0.203635 -0.322045 -0.125162 -0.094599 0.113870 0.115952 0.063457
-0.109533 -0.116753 -0.051469 -0.053701 -0.300901 -0.060771 -0.070427 0.033581 -0.151302 -0.045746 -0.010442 0.642367 -0.082023 0.422595 0.177339 -0.292859 -0.091794 0.372280 -0.111807 -0.076069 -0.162048 0.001281 0.358799 -0.033040
-0.151084 0.262250 -0.123141 -0.064767 -0.245648 0.116523 0.009003 -0.002571 -0.215113 -0.265618 0.035866 0.634526 -0.072210 0.226732 0.020064 -0.262026 -0.016682 0.147103 -0.046545 -0.051979 0.016292 0.235867 0.248260 -0.137947
-0.357087 0.129171 -0.131446 -0.058806 -0.121388 0.022295 -0.050951 0.182711 -0.022524 -0.248486 0.126572 0.220583 -0.187289 0.114702 -0.041189 -0.235853 -0.034093 -0.019679 -0.079327 -0.137952 0.140349 0.035605 0.193659 0.051429
-0.145672 -0.043720 0.149363 -0.032877 0.037750 -0.081313 -0.347144 -0.248869 -0.078241 -0.245364 -0.009223 0.189136 -0.009847 0.339055 0.205441 0.009821 0.002283 -0.029145 -0.195145 -0.237117 -0.050791 0.211207 0.203583 -0.142205
-0.240282 -0.054331 0.173696 -0.062756 0.112245 -0.085410 -0.228115 -0.074631 0.026233 -0.296753 -0.086897 0.086629 0.074111 0.286186 0.124554 0.032913 -0.216386 -0.134634 -0.120071 -0.279717 0.089292 -0.109612 0.129298 -0.172987
-0.243759 -0.041987 0.020764 -0.022448 0.315281 0.074396 -0.266648 0.146174 0.076710 -0.524365 -0.068518 0.076638 0.253483 0.391132 0.080447 -0.333298 -0.161154 -0.031032 -0.196880 -0.160612 -0.022455 -0.015700 -0.018165 -0.171450
-0.282624 0.030813 -0.050297 0.049223 0.324331 0.331264 0.056014 0.051612 -0.078613 -0.322593 -0.130136 0.068662 -0.087519 0.424422 0.069649 -0.256785 -0.052705 0.109988 -0.348142 0.105768 0.220313 -0.010488 0.183279 0.040177
0.149566 0.006842 0.095760 0.086486 0.338005 0.452003 0.263543 -0.112142 -0.086501 -0.283547 -0.004547 0.018827 -0.075368 0.096482 0.229322 -0.008095 0.008977 -0.114038 -0.052741 0.088986 0.221337 0.196958 0.009467 0.100292
0.268996 -0.437542 -0.090998 -0.007593 0.488308 0.090285 0.145148 -0.287563 -0.198853 -0.193846 0.044668 0.165982 -0.104741 0.105223 0.096255 -0.005239 -0.067587 0.105616 -0.205227 -0.035375 0.058038 0.228943 -0.093827 -0.000437
0.604364 -0.357340 -0.243111 0.025777 0.382105 -0.053705 -0.109943 -0.415740 -0.158041 0.016298 0.324033 0.328266 0.097743 -0.124035 0.022209 0.157912 0.123389 0.146982 -0.062029 0.027271 0.174721 0.050038 -0.303413 0.079302
0.673777 -0.041580 -0.197725 -0.055224 0.179979 -0.107077 -0.287526 -0.299948 -0.078247 -0.084381 0.020179 0.425245 -0.103161 -0.125150 0.048622 0.079173 0.023944 0.175908 -0.059989 0.050055 0.067366 -0.021527 -0.168784 0.150888
0.236857 -0.168316 0.219081 0.168492 0.221281 -0.150935 -0.177910 -0.198613 0.053327 -0.244667 -0.028966 0.536985 -0.074309 -0.082798 -0.050961 0.305788 0.015516 0.175143 0.010519 0.156028 0.124986 0.170483 -0.142213 0.227271
-0.108502 0.136589 0.139210 0.339913 0.347897 -0.107910 -0.064011 0.058222 0.473589 -0.433390 0.039275 0.563179 -0.212476 0.161671 -0.219205 0.440061 -0.046268 -0.149512 -0.103576 -0.038649 0.247756 -0.011453 -0.139841 -0.001774
-0.298218 0.394933 0.147070 0.303287 0.282835 -0.182544 -0.061097 0.100832 0.127368 -0.398834 0.018310 0.118672 -0.103226 0.271567 -0.247297 0.150857 -0.175627 0.167839 -0.010555 -0.106620 0.049491 -0.021115 -0.323896 0.001721
-0.448725 0.329132 -0.153413 0.326562 0.061284 -0.493146 0.019990 -0.070997 0.023308 -0.140814 0.040402 -0.379523 -0.098881 -0.075843 -0.317570 0.410528 -0.255113 0.246618 -0.000377 -0.033168 -0.130166 -0.208338 -0.313000 0.149059
-0.348327 0.133136 -0.099103 0.295553 0.057419 -0.279537 -0.072305 -0.047206 0.132697 -0.065492 0.253100 -0.339433 -0.168949 -0.024297 -0.058404 0.415206 -0.158304 0.226923 0.190196 0.052636 -0.102530 -0.012972 -0.070320 0.139165
-0.078461 -0.370656 -0.027764 0.193722 0.025715 -0.350454 -0.266769 -0.076152 0.012683 0.129693 0.174079 -0.476850 -0.335399 0.214849 -0.069164 0.474585 -0.364300 0.062124 -0.012266 0.003982 -0.014776 -0.295712 -0.154754 0.285881
-0.069009 -0.273893 0.052014 0.392354 0.062194 -0.295682 -0.040222 0.242015 0.009327 -0.061957 0.214209 -0.478506 -0.474064 0.905447 -0.101629 0.692962 -0.250566 0.102027 0.089772 -0.298844 0.180158 -0.262621 -0.323738 0.236486
0.045462 0.022437 0.159024 0.231034 -0.046927 -0.370333 0.186913 0.280631 -0.193250 0.271346 0.103052 -0.300829 -0.494013 1.055995 0.370187 0.552623 -0.221783 -0.056630 0.103390 -0.330786 -0.099136 -0.191692 -0.440756 -0.094032
0.182423 -0.031126 0.309987 0.096581 -0.262315 -0.352545 0.111734 -0.028386 -0.409153 0.144305 0.216130 -0.001277 -0.227197 0.686050 0.508539 0.553826 -0.140617 -0.024950 -0.066799 -0.251731 0.061156 -0.166416 -0.264966 -0.138414
0.466037 -0.213394 0.265816 0.153740 0.188066 -0.069062 -0.291109 0.182585 -0.072256 -0.070729 0.667326 0.282262 -0.127796 0.790998 0.389766 0.199621 -0.580464 -0.095999 -0.054216 -0.235523 0.014099 -0.413964 -0.121978 -0.259675
0.078260 -0.400357 -0.274100 -0.196121 0.319143 -0.295866 -0.472546 -0.149395 0.182232 0.179427 0.256830 -0.174781 -0.287714 0.366679 0.687610 -0.267226 0.072754 0.355505 -0.258491 -0.238486 -0.136770 -0.178962 0.216594 0.278843
0.342650 -0.097551 -0.343919 0.010901 0.343480 -0.326248 0.014999 -0.004017 0.015497 0.106728 0.427788 0.432377 -0.467113 0.121237 0.453610 -0.236406 -0.157059 -0.170815 -0.083874 -0.253880 -0.120685 0.021540 0.207999 0.353560
0.015759 0.016023 -0.211638 0.115420 -0.131174 -0.157432 -0.008284 -0.113800 -0.230616 -0.014151 -0.089856 0.378150 -0.347223 0.168973 0.346182 -0.282206 0.219305 -0.017592 -0.170663 -0.124569 -0.040470 0.042158 0.267514 0.062517
-0.078016 0.009378 -0.003606 0.147823 -0.106408 -0.124326 0.073657 0.073957 -0.000518 -0.203958 -0.151714 0.553073 -0.187228 0.031151 0.421680 -0.274134 0.028214 0.076824 0.166701 -0.080701 -0.039438 0.038539 0.042076 -0.145161
-0.076664 -0.140712 -0.092485 0.055945 -0.263893 -0.183515 -0.028942 0.052050 -0.037016 -0.273535 0.111676 0.559694 -0.112805 0.200563 0.174678 -0.094800 -0.058749 0.126706 0.044703 -0.196931 -0.057739 0.108186 0.115223 -0.102043
-0.110354 0.010589 -0.163112 -0.126377 -0.012837 -0.218404 -0.009422 0.041574 -0.195351 -0.037907 0.036701 0.179093 -0.047254 0.062325 0.267006 -0.127654 -0.002633 -0.199805 0.091743 -0.277075 0.016308 0.210420 0.038692 -0.186866
-0.004540 -0.078809 -0.007227 -0.072641 0.128484 -0.145567 -0.159242 -0.219124 -0.080708 -0.132331 0.054967 0.032104 0.079171 0.190923 0.120968 -0.220449 0.041513 -0.185940 -0.107529 -0.272708 0.095399 0.030625 0.260352 0.048170
-0.187607 0.103126 0.118769 -0.153679 0.432127 -0.050333 -0.215378 -0.113442 0.048934 -0.300375 0.058087 0.110520 0.142124 0.175985 0.064413 -0.249979 -0.019832 0.046015 -0.099072 -0.296577 0.024841 -0.103854 -0.035431 -0.216869
-0.321164 0.250952 0.225845 -0.107267 0.505484 0.127752 -0.103747 0.122638 -0.123237 -0.258766 0.067295 -0.042366 -0.069063 0.188529 0.221965 -0.322113 -0.074942 -0.223453 -0.028626 -0.231049 -0.046579 -0.052723 -0.130512 -0.207559
-0.241549 0.011777 0.230316 -0.119087 0.432521 0.491531 -0.108694 0.033055 -0.006149 -0.267035 0.149902 0.117700 -0.099926 0.130436 0.250753 -0.118674 -0.153273 -0.055457 -0.155397 0.094270 -0.003377 0.116150 0.256132 -0.056558
0.127610 -0.358568 -0.117926 -0.104922 0.264003 0.200368 0.240783 -0.143174 0.059558 -0.260366 0.223893 0.185878 -0.142875 -0.085819 -0.038717 0.125477 -0.068253 0.004862 -0.183349 0.217562 0.191788 0.047232 0.019714 0.163389
0.306434 -0.424891 -0.031431 0.108159 0.314707 -0.152604 0.187383 -0.117567 -0.031864 0.127044 0.234272 0.201576 -0.125301 -0.140597 -0.022486 0.043759 -0.010883 -0.022742 -0.225829 -0.059110 0.221158 0.034203 -0.148517 0.092628
0.431437 -0.411329 -0.041916 -0.059577 0.239942 -0.399134 -0.170435 -0.268188 -0.097420 0.027239 0.118491 0.185689 -0.113384 -0.140022 -0.038132 0.187381 -0.043496 0.209130 -0.081458 0.041254 0.068139 -0.102325 -0.240415 0.107836
0.215441 -0.083941 -0.032253 0.036513 0.219882 -0.476940 -0.236419 -0.378610 0.125954 -0.098208 -0.006237 0.237364 0.016151 -0.055569 -0.212435 -0.022845 0.123240 0.084698 0.056263 0.057190 0.098282 -0.108819 -0.219662 0.000012
0.005219 0.087674 -0.173590 0.192292 0.384902 -0.273327 -0.177920 -0.143425 0.370717 -0.056282 0.031240 0.100348 -0.002984 0.018509 -0.350202 0.116004 -0.125724 0.253175 -0.006770 0.126288 0.163476 -0.139911 -0.061600 0.254949
-0.243625 0.234795 0.060474 0.458452 0.484888 -0.207071 -0.075212 -0.129514 0.536527 -0.214101 -0.003714 -0.093953 -0.011733 0.315704 -0.345142 -0.048620 -0.085550 0.083926 -0.051551 0.031978 0.031158 0.016347 -0.161093 0.119852
-0.326970 0.499806 0.033597 0.284450 0.364802 -0.196114 0.060583 0.053124 0.433386 -0.312672 0.116130 -0.199325 0.014545 0.260012 -0.213582 -0.175469 -0.150082 0.198143 0.086763 0.046856 0.035508 -0.182021 -0.166547 0.066318
-0.298208 0.284517 -0.016603 0.161257 0.304174 -0.261522 0.230908 -0.017523 0.070683 -0.182715 0.173198 -0.409305 0.007620 0.115447 -0.119635 -0.007663 -0.228350 0.176237 0.136721 0.043843 -0.044960 -0.064259 -0.126811 0.463179
-0.266826 -0.025743 0.113886 0.127540 0.188521 -0.501549 0.210884 -0.115731 -0.004304 -0.192331 0.193260 -0.291211 0.016004 0.164220 -0.248496 0.235105 -0.084441 0.051372 0.045509 -0.001743 -0.146841 -0.012713 -0.151689 0.327942
-0.219888 -0.103160 0.106516 0.299189 0.168618 -0.223573 -0.084914 0.016183 0.011117 -0.055895 0.102073 -0.215012 -0.235087 0.491722 -0.209727 0.118048 -0.091871 0.101834 0.113655 -0.127478 -0.080480 -0.093259 -0.127128 0.356055
-0.025182 -0.257252 0.034555 0.378314 0.105326 -0.097408 -0.011353 0.180862 -0.282713 -0.042168 0.078421 -0.395982 -0.162376 0.679716 -0.206135 0.429365 -0.134820 -0.101921 0.098470 -0.160062 0.102520 -0.270873 -0.128575 0.363238
-0.103143 -0.082824 0.091381 0.360647 0.078673 -0.437138 0.115150 0.209642 -0.154959 0.031203 0.127695 -0.243924 -0.074339 0.783418 0.159053 0.533364 -0.134771 -0.053286 0.212432 0.086076 -0.079289 -0.484487 -0.299524 -0.057370
-0.204186 0.060001 0.093623 0.225541 0.035351 -0.085367 0.075145 0.256332 -0.401369 0.224789 0.466760 0.045043 -0.066734 0.585442 0.232928 0.398666 -0.102246 -0.028334 -0.025866 -0.062279 -0.038945 -0.453539 -0.213353 -0.089643
0.116899 -0.286417 0.015706 0.317005 -0.018335 0.168930 -0.244664 0.248608 -0.252101 0.079952 0.450794 0.067634 -0.282733 0.773284 0.349667 -0.047310 -0.535620 -0.126408 -0.286366 0.055704 0.072667 -0.587132 0.039525 -0.271660
0.166653 -0.307066 -0.613699 -0.391227 0.053969 -0.044850 -0.691185 0.090484 -0.162636 -0.372307 0.202567 0.105332 -0.245440 0.730298 0.209472 -0.306214 0.057927 0.114640 0.002413 -0.368855 0.185105 -0.261849 0.060994 -0.220950
0.274937 -0.317607 -0.494738 -0.081428 0.026359 -0.230170 -0.254394 -0.151875 -0.044513 -0.135546 0.287366 0.335369 -0.379929 0.144635 0.528252 -0.165288 0.230711 -0.158606 0.145130 -0.193147 0.006446 -0.068393 0.102337 0.099389
0.120619 -0.119586 -0.232845 -0.122337 0.077422 -0.109557 -0.123649 -0.247393 -0.015195 -0.186066 -0.125234 0.364496 -0.442281 0.052089 0.424631 -0.199430 -0.092405 -0.302752 0.211267 -0.014372 -0.001954 -0.063413 0.174391 -0.103559
-0.115312 0.012771 -0.074189 0.108001 -0.008766 -0.090529 -0.109046 -0.143024 0.221975 -0.172631 -0.137355 0.089217 -0.318028 0.066561 0.278543 0.039133 -0.088571 -0.123914 0.359258 -0.136452 -0.139186 -0.005305 -0.023819 -0.256901
-0.072094 -0.008070 0.021628 0.143420 0.106820 -0.194059 -0.007372 0.234297 0.154269 -0.226414 -0.092281 0.112720 -0.316988 -0.167260 0.502187 -0.122101 -0.007374 0.086024 0.083423 -0.103693 -0.054103 0.142503 -0.014482 -0.074084
0.020475 0.018485 -0.098187 -0.135243 -0.000441 -0.042241 0.065224 -0.050233 0.098876 -0.060835 0.130633 -0.004946 0.002805 0.143165 0.355176 -0.264639 0.087685 0.076034 -0.007999 -0.096758 -0.000766 0.312613 0.062015 -0.160005
0.042806 0.254347 -0.155285 -0.097266 0.092964 0.200973 0.026874 -0.029341 -0.002590 -0.028495 -0.039852 -0.051696 -0.035647 0.081372 0.407006 -0.255700 0.023713 -0.137880 -0.128171 -0.230623 0.028431 0.060454 -0.057586 -0.096809
-0.191111 0.163546 -0.080210 -0.021415 0.114326 0.411020 -0.004720 -0.278275 -0.077369 -0.066352 -0.030599 0.034090 0.196696 0.174771 0.175360 -0.123603 0.146525 -0.043925 -0.015286 -0.243008 -0.066941 -0.150032 0.014098 -0.076368
-0.337716 0.218879 -0.001556 -0.101734 0.092786 0.421422 -0.028392 0.053313 0.165315 -0.020585 0.098935 -0.015365 -0.049666 0.141806 0.256557 -0.305956 -0.007093 0.089941 0.095081 -0.122622 -0.112586 -0.241314 0.133385 -0.119206
-0.186985 -0.017386 0.144254 -0.033270 0.262838 0.509246 -0.002320 -0.227422 0.056021 -0.104635 0.215482 -0.273849 -0.185909 -0.067529 0.245806 0.117201 -0.135465 0.014753 -0.031915 -0.016352 -0.112068 -0.147151 0.230186 0.157450
-0.025206 -0.159280 0.033061 0.017835 0.130352 0.255084 0.126760 -0.145166 0.092983 0.048154 0.178672 0.209826 -0.088853 -0.208240 0.061017 0.192369 -0.098121 0.200656 -0.042305 0.151910 -0.101074 -0.003792 0.103431 0.132802
0.215562 -0.479939 -0.183226 -0.007034 0.049579 -0.306309 -0.059874 -0.218681 0.125506 0.130749 0.328719 0.078274 -0.007585 -0.175123 -0.027452 -0.064322 0.026488 0.127498 -0.025086 -0.189167 -0.137521 -0.326046 -0.290279 0.040776
0.383024 -0.319724 -0.141233 0.153762 0.096016 -0.379548 -0.075670 -0.179440 0.118447 0.311278 0.076605 -0.004354 0.068125 -0.168876 0.017201 -0.145705 -0.020553 0.451703 0.069813 -0.281056 -0.411677 -0.058712 -0.172908 0.080331
-0.027254 -0.038947 -0.189002 0.286352 0.057187 -0.311855 0.051837 -0.346259 0.109170 0.072778 0.028708 -0.053152 0.135780 -0.084174 -0.257999 -0.096737 0.070799 0.342395 0.126112 -0.185010 -0.150828 -0.051656 -0.088862 0.223317
-0.134077 0.297108 -0.089949 0.280801 0.196236 -0.352386 0.011978 -0.234392 0.540565 -0.105556 -0.078865 -0.107050 0.151337 0.165411 -0.399381 -0.229021 -0.080471 0.027099 0.183816 -0.022060 -0.069744 -0.085230 -0.028583 0.011031
-0.199974 0.281837 -0.003868 0.364388 0.317706 -0.100631 0.076308 -0.029169 0.760504 -0.017147 -0.101094 -0.318980 0.098274 0.362138 -0.205176 -0.147749 -0.111420 0.009954 0.140146 0.088721 -0.139674 -0.203378 -0.073613 -0.006977
-0.361959 0.174338 -0.073090 0.222902 0.270033 -0.252680 0.052839 -0.233407 0.423567 -0.204268 -0.082424 -0.381388 -0.033320 0.347970 -0.069390 -0.159761 -0.095487 0.096038 0.307350 0.132408 -0.106246 -0.091224 -0.007857 0.258019
-0.433119 0.001534 0.000348 0.010407 0.263871 -0.485861 0.066844 -0.164198 0.152390 -0.121311 0.071969 -0.018943 0.124266 0.241241 -0.100186 -0.036273 -0.196232 0.022977 0.316536 0.055347 0.026721 -0.160293 -0.088473 0.145171
-0.263173 -0.176889 0.258955 0.173143 0.001764 -0.407393 0.071322 -0.149432 0.016388 -0.066895 0.155217 -0.290817 0.091031 0.213383 -0.050219 -0.033027 -0.253733 0.033760 0.239492 0.148698 0.106555 -0.038602 -0.116250 0.412213
-0.130081 -0.334222 0.308087 0.117258 0.204438 -0.141359 0.117220 -0.079306 -0.081817 -0.139085 0.180958 -0.065708 0.027647 0.468202 -0.212299 0.122263 -0.107788 0.151179 0.261876 -0.118657 -0.083395 -0.026971 -0.055631 0.231337
-0.079369 -0.293417 0.198968 0.427888 0.314937 -0.219444 0.080228 0.058908 -0.204314 0.169682 -0.013179 -0.410387 0.108451 0.286941 -0.063492 0.134307 -0.020085 0.209992 0.100739 0.126578 0.005367 -0.404355 -0.061543 0.194032
-0.102948 -0.066939 0.150390 0.315289 0.155378 -0.075253 -0.063000 0.059703 -0.465187 0.112960 0.099174 -0.111120 0.032367 0.509350 0.045316 0.300808 -0.073829 -0.098396 -0.021055 0.500655 0.090898 -0.480272 0.077226 0.122339
-0.179804 -0.184409 0.291922 0.482688 0.192609 -0.150741 -0.054847 0.118160 -0.433789 0.137454 0.181946 0.106772 0.025881 0.249111 0.128424 0.395803 -0.284804 -0.295398 0.029153 0.293556 -0.089119 -0.463953 0.012564 -0.058327
-0.033560 -0.533875 0.078244 0.338397 0.038845 0.307312 -0.229586 0.467658 -0.340571 -0.136181 0.317806 0.107110 -0.364423 0.464601 -0.099676 0.049834 -0.292618 -0.216707 -0.071874 0.356511 0.310255 -0.595018 -0.105475 -0.154928
0.537760 -0.196855 -0.642871 0.151980 -0.277168 0.169826 -0.179339 0.886575 -0.237836 0.246491 0.680513 0.994597 -0.456432 0.182983 0.247156 -0.634836 -0.374137 -0.119225 0.249494 -0.752434 -0.181165 -0.291025 0.114242 -0.382980
0.088348 -0.119316 -0.293101 0.087565 0.052582 0.083123 -0.015074 0.127545 -0.204012 -0.023776 0.146887 0.487553 -0.237794 0.082822 0.188076 -0.385853 0.015366 -0.116954 0.307800 -0.357714 -0.054221 -0.257631 0.390287 -0.116426
-0.110157 -0.056125 0.009923 0.093541 -0.040950 0.160588 -0.186778 0.097266 0.082416 0.036714 -0.019232 0.025161 -0.085454 -0.027549 0.361526 -0.074916 -0.156037 -0.117878 0.254059 0.288572 -0.183395 -0.087061 0.529781 -0.171421
-0.187705 -0.160505 -0.116704 0.200872 0.067751 0.033275 -0.113203 0.022692 0.241940 0.111536 0.143836 0.052519 -0.134844 -0.081999 0.191415 -0.076468 -0.171710 -0.071938 0.187323 0.064252 -0.062830 0.043360 0.243729 -0.097466
-0.295278 0.204222 -0.085505 0.135456 0.114131 0.053596 0.034868 0.034116 0.288698 0.158065 -0.048462 -0.184236 -0.019790 -0.089918 0.362897 -0.133955 -0.061077 0.067801 0.199056 -0.165564 -0.147770 0.126282 0.122241 -0.087618
-0.090834 0.241976 -0.028837 -0.098356 0.080000 0.265621 0.076042 -0.113576 0.099317 -0.013241 -0.045874 -0.241103 -0.036369 -0.001686 0.470325 -0.086284 0.176328 0.101492 -0.060590 0.041318 -0.089424 0.096137 0.211662 -0.008597
-0.253325 0.255450 -0.248645 0.022700 0.190628 0.405013 0.213056 0.073771 0.254857 -0.109537 0.107999 -0.153181 0.136621 0.104917 0.258188 -0.082188 0.048825 -0.057982 -0.027353 -0.228991 -0.014920 -0.011436 0.124776 -0.162899
-0.239345 0.333406 -0.043916 0.016271 0.161940 0.613895 0.428782 0.104168 0.173717 0.065369 -0.051401 -0.240507 0.271419 0.013698 0.428021 -0.134964 0.075818 -0.012260 0.022895 -0.112554 -0.182311 -0.121183 0.235227 -0.211027
-0.350501 0.222720 -0.029659 -0.086628 0.070421 0.791380 0.142458 0.019713 0.023871 -0.048440 -0.003215 -0.037208 0.166686 0.042496 0.226532 -0.044643 -0.030707 0.324379 -0.076417 -0.168462 -0.079022 -0.143511 0.190156 0.114837
-0.129410 0.159992 0.031990 -0.056410 0.066924 0.511746 -0.050632 -0.160972 0.165286 0.077404 0.117682 -0.012886 -0.042138 -0.074393 0.237655 0.025284 -0.102913 0.331721 -0.048003 0.027994 -0.173236 -0.142555 0.192781 0.083077
0.093978 -0.158305 0.043439 0.094356 0.118593 0.173235 0.040299 -0.286100 -0.008343 0.009939 0.275298 -0.061504 -0.006526 -0.291552 -0.118268 0.061479 0.053892 0.217442 -0.026990 -0.000260 -0.133510 -0.039516 -0.030485 0.159247
0.455679 -0.478106 -0.121238 -0.074834 0.080877 -0.098107 -0.120928 -0.243251 0.216849 0.053516 0.358115 -0.093036 -0.016885 -0.264642 0.033943 -0.031420 -0.085721 0.330850 0.026048 -0.120358 -0.234811 -0.183308 -0.093198 0.016284
0.259394 -0.330110 -0.106680 0.139962 0.069099 -0.338582 0.054451 -0.418084 -0.004621 0.192288 0.146478 -0.140716 0.221878 -0.316933 -0.052744 -0.248912 0.072805 0.218327 0.011126 -0.252532 -0.236477 -0.434497 -0.076530 0.085973
0.166846 -0.085912 -0.225322 0.092132 0.117481 -0.030628 0.018694 -0.203284 0.251893 -0.056402 0.098793 -0.203284 0.348783 0.101007 -0.217028 -0.099451 -0.083349 0.326631 0.059058 -0.178885 -0.317585 -0.259032 0.016385 -0.017905
-0.108446 0.035760 -0.166673 0.264884 -0.046472 -0.174404 0.023228 -0.158472 0.644675 0.077647 -0.117684 -0.237112 0.162108 0.230503 -0.293827 -0.274072 0.080889 0.066687 0.266978 0.019550 -0.160921 -0.008154 0.000757 -0.065108
-0.357145 0.094868 -0.083592 0.297395 0.206279 -0.328828 0.077155 -0.046577 0.726179 0.019999 -0.167424 -0.140822 0.237619 0.134718 -0.236540 -0.367286 -0.012283 0.084918 0.095650 0.013100 -0.212540 0.018456 -0.120619 0.040364
-0.188004 -0.144248 0.059123 0.126692 0.357249 -0.182693 0.128756 -0.118115 0.383904 -0.019968 -0.148035 -0.090523 0.080222 0.351319 -0.098214 -0.049949 -0.059265 -0.033266 0.210518 0.225294 -0.126454 0.022190 -0.118248 0.061296
-0.233103 -0.127025 0.024711 -0.068070 0.140474 -0.449091 0.055606 -0.086254 0.161328 0.084763 -0.200884 -0.016272 0.004558 0.235262 0.030811 0.006874 0.019404 -0.017708 0.212013 0.185318 -0.056675 0.056862 -0.109844 0.160796
-0.141173 -0.280398 0.133046 -0.127738 0.149321 -0.170664 -0.141007 0.257734 0.118135 0.061344 -0.057855 0.027372 0.007629 0.251308 0.080600 -0.156423 -0.241894 -0.009416 0.087297 -0.079539 0.175632 -0.026786 -0.114466 0.153108
-0.182012 -0.197907 0.257001 0.060488 0.287460 0.102729 -0.004309 0.194065 -0.115003 0.160036 -0.137604 -0.250029 0.109006 0.106070 -0.063636 -0.083040 -0.059546 0.092095 0.173702 0.130455 -0.010543 0.036349 0.049973 0.100272
-0.214164 -0.264075 0.067308 0.250662 0.266350 0.050667 0.096396 0.376973 -0.072130 0.214468 -0.101632 -0.341972 0.312304 0.185375 0.083233 0.317397 -0.072858 -0.090630 0.019840 0.347993 -0.133476 -0.300180 0.098407 0.259356
-0.145212 -0.226245 0.270936 0.320332 0.355527 -0.126924 0.050875 -0.036620 -0.135232 0.198544 0.063503 -0.302898 0.065742 0.027470 -0.090563 0.204259 -0.002911 -0.048437 -0.208186 0.578721 -0.129656 -0.407515 0.164640 0.297168
-0.274669 -0.376569 0.479727 0.291526 0.139199 0.012961 0.105477 0.115233 -0.408819 0.248091 0.046030 0.024876 -0.189243 0.101440 0.115146 0.257529 -0.029783 -0.079104 -0.100252 0.495015 -0.138828 -0.292300 0.082385 0.034880
0.053715 -0.597761 0.104295 0.227693 0.140138 0.005646 -0.163798 0.322623 -0.271556 -0.011923 0.066933 0.235938 -0.473326 0.093689 -0.039078 0.017387 -0.156337 -0.471160 0.048686 -0.134502 -0.037233 -0.599549 -0.092394 -0.070436
0.244760 -0.593220 -0.647718 0.494208 -0.083026 -0.045053 0.276988 0.479967 -0.091957 0.233179 0.123498 0.421939 0.308727 -0.446579 -0.072921 -0.644926 0.342649 -0.327709 -0.134029 -0.433754 -0.074393 -0.095882 -0.074186 -0.024760
-0.074958 -0.475077 -0.077923 0.440081 0.192285 0.040847 0.361569 0.145967 -0.229885 0.535709 0.235667 0.190316 -0.295464 -0.166189 0.020441 -0.200549 0.076265 -0.034803 -0.006389 0.058309 -0.133558 -0.001781 0.229784 -0.177069
-0.218611 -0.566521 -0.156705 0.189974 0.164544 0.412235 -0.104378 0.024308 -0.074470 0.396049 0.208835 0.157930 -0.030870 -0.025917 0.093241 -0.083387 -0.112263 -0.097137 0.075009 0.330863 -0.125488 -0.200701 0.376391 -0.086659
-0.239501 -0.128138 -0.028579 0.096329 0.137421 0.320553 -0.080696 0.147731 -0.003672 0.194644 0.054124 -0.028266 0.013463 -0.153312 0.051266 -0.124234 -0.199361 -0.037520 0.051082 0.241622 -0.132167 -0.118851 0.087059 -0.022800
0.064020 -0.103530 -0.274316 -0.084747 0.295117 0.178568 -0.063925 0.099997 0.191075 0.094586 0.245820 -0.105464 0.148816 -0.128419 0.038693 -0.151744 -0.021323 0.211731 0.011793 0.059164 0.069186 0.007774 0.200495 -0.256374
0.017167 0.264783 -0.094882 0.073202 0.223559 0.270574 0.125743 0.029272 0.071043 0.111078 0.110348 -0.230788 0.086073 -0.180083 0.081021 -0.206837 -0.092443 0.210449 0.064201 -0.115081 -0.026284 0.106749 -0.065289 -0.132514
-0.032868 0.204925 -0.082038 -0.041581 0.275265 0.083879 0.244090 -0.049429 0.162010 0.302626 -0.061544 -0.098748 -0.079178 -0.060034 0.269200 0.081013 0.125905 0.245167 0.154332 -0.112582 -0.125833 0.095292 0.191671 -0.201782
-0.127176 0.365882 -0.253530 -0.069177 0.331078 0.266588 0.296049 -0.069849 0.011239 0.285067 0.043243 -0.132645 0.131934 0.027144 0.239551 -0.132492 -0.014633 0.204850 -0.053010 -0.143809 -0.255148 -0.253360 0.120597 -0.166637
-0.168988 0.227974 -0.093493 -0.035606 0.360164 0.270279 0.269485 -0.106170 0.072952 0.134472 0.139150 -0.084419 0.048185 -0.157116 0.193063 -0.230296 -0.064766 0.149910 -0.024836 -0.107809 -0.102011 -0.167724 -0.003900 -0.049251
-0.062310 -0.043697 -0.028587 -0.039232 0.199991 0.380564 0.058309 -0.181770 -0.064159 0.173957 0.134659 -0.003376 0.071862 -0.299436 0.058693 0.176402 -0.032153 0.395061 -0.039871 -0.013774 -0.173721 0.018022 -0.029011 0.028289
-0.077719 -0.179038 -0.129994 -0.073759 0.143193 0.069081 -0.048682 -0.205658 0.155665 0.114268 0.058585 -0.101156 -0.022831 -0.127096 -0.028868 0.167924 0.079035 0.330067 0.043082 -0.092841 -0.067425 -0.030140 -0.144843 -0.015700
0.223147 -0.328370 -0.061282 0.123235 0.252658 -0.198222 -0.009620 -0.300528 -0.083349 0.032735 0.060909 -0.216764 0.282484 -0.255111 -0.179838 -0.013313 0.146614 0.216097 -0.104535 -0.146173 -0.086450 -0.157699 -0.112441 0.076641
0.190519 -0.261550 -0.100364 0.199102 0.183304 -0.283949 0.114917 -0.358289 -0.007273 0.118680 -0.137352 -0.204581 0.395606 -0.058419 -0.123292 -0.045883 0.049643 0.112400 -0.006699 -0.097406 -0.178379 -0.233309 -0.035170 0.050955
0.043986 -0.053045 -0.106943 0.042196 0.072016 -0.270052 0.028182 -0.190116 0.202645 0.137282 -0.323964 -0.047528 0.378346 0.010818 -0.286599 -0.245163 0.129852 0.072922 0.042931 -0.178039 -0.124174 -0.238074 -0.142729 0.136697
0.218386 0.093298 -0.167510 -0.042708 -0.020869 -0.102316 0.029786 -0.042210 0.553705 0.084336 -0.277674 -0.123233 0.376700 0.303126 -0.144910 -0.149956 -0.015928 0.177039 -0.214963 0.028767 -0.310079 -0.087448 0.008892 0.004859
-0.075256 -0.126904 -0.177858 0.067270 -0.054009 -0.362375 0.110431 -0.050487 0.734497 0.301523 -0.294174 -0.142741 0.029615 0.244529 -0.223831 -0.175964 0.109884 0.170957 -0.329851 0.134486 -0.138317 0.024688 -0.308831 -0.003901
-0.028972 -0.134770 -0.085111 -0.145813 0.215939 -0.263324 0.091056 0.177294 0.448541 0.253619 -0.308083 0.028504 0.162903 0.455974 0.006114 -0.027645 -0.052799 0.070628 -0.000540 0.401837 -0.029001 0.121153 -0.050278 -0.003276
0.042031 0.001360 0.133671 -0.052182 0.213159 -0.102879 0.167263 0.203864 0.207256 0.207471 -0.110014 -0.076964 0.006121 0.282721 0.027465 -0.109141 -0.110914 -0.017127 0.094415 0.146070 0.086854 0.052301 -0.048497 0.106495
0.019468 0.078725 0.060610 -0.100090 0.164843 0.155778 0.189827 0.555437 0.234541 0.338462 -0.225125 -0.109448 -0.237041 0.208922 -0.050836 -0.020838 -0.211422 0.092435 0.074594 0.175231 0.224262 -0.012873 -0.009820 0.108057
-0.253746 -0.147495 0.127878 0.028106 0.003193 0.147160 0.065664 0.465633 0.247250 0.253484 -0.270000 -0.337788 -0.185564 0.119962 -0.028733 -0.083758 -0.118335 0.200554 0.095365 0.268127 0.180442 -0.018149 0.192133 0.218616
-0.196810 -0.168048 0.052131 0.261047 0.114582 0.001244 0.081947 0.155997 -0.017124 0.397629 -0.145348 -0.257722 -0.240523 0.030141 -0.002631 0.110535 0.016076 0.008232 0.105934 0.456221 0.026218 -0.217533 0.324366 0.303711
-0.169527 -0.170270 0.301695 0.195043 0.057586 -0.056845 0.002351 0.254980 -0.154514 0.176799 -0.153884 -0.278461 -0.080809 -0.054650 0.161837 0.282754 -0.069522 -0.042462 -0.091269 0.316547 -0.078597 -0.339540 0.198678 0.313855
-0.001625 -0.648094 0.472417 -0.069430 0.295562 0.151839 -0.070519 0.359970 -0.087978 0.232954 -0.134504 -0.023456 -0.342158 -0.050441 0.052409 0.022827 -0.054098 -0.108656 0.215180 0.172335 -0.022935 -0.208251 0.114569 0.186919
-0.011588 -0.818972 0.231925 0.029509 0.100864 0.396353 -0.092181 0.167392 0.099837 0.151233 -0.078471 0.091622 -0.475926 -0.160774 0.195530 0.199250 -0.014149 -0.523673 0.303877 0.194438 -0.235978 -0.567782 0.141935 0.019327
-0.137435 -0.534699 -0.535388 0.690285 0.047479 0.062868 0.241899 0.307102 0.520243 0.458557 0.031738 -0.142616 -0.105357 -0.338152 -0.231840 -0.069267 0.481780 0.053847 -0.329763 -0.363934 -0.294007 -0.231791 0.246548 -0.408873
-0.221445 -0.605117 -0.106185 0.451345 0.122856 0.069863 0.263781 -0.028249 0.030303 0.708710 -0.027354 -0.004046 -0.201080 -0.437319 -0.440799 -0.154663 0.316436 0.106522 -0.184504 0.333236 -0.124318 -0.059985 0.023191 0.032377
-0.255811 -0.440027 -0.157528 0.354972 0.185842 -0.008728 0.263204 0.077926 0.035670 0.558127 -0.109077 0.256446 -0.209058 -0.237580 -0.549255 -0.090432 0.136743 0.193191 -0.082993 0.239876 -0.128655 -0.089652 0.004965 -0.149445
-0.075802 -0.017856 -0.180419 0.006717 0.306809 0.087537 -0.062434 0.181325 0.140163 0.420296 -0.006450 -0.039291 -0.000042 -0.026878 -0.145488 0.076889 -0.048894 0.114628 -0.106820 0.006881 -0.307799 -0.106558 -0.004877 -0.459153
-0.082551 0.071486 -0.085366 0.022624 0.072478 0.140547 0.125023 0.199528 0.044727 0.062972 -0.262062 -0.084021 -0.034732 -0.001020 0.125485 -0.075071 0.022882 0.435822 -0.206575 0.000742 -0.146235 0.001123 0.026342 -0.151251
-0.038671 0.173243 -0.079248 -0.046957 0.176688 0.181414 -0.010199 0.214664 0.140345 0.334351 -0.010177 -0.065512 -0.087298 -0.108134 -0.031655 -0.105367 -0.055761 0.261495 0.005952 0.078774 0.098032 0.056742 0.205135 -0.207263
0.089383 0.189168 -0.141640 0.002692 0.062827 0.216275 0.229929 0.053185 0.131685 0.372251 0.035095 -0.020002 0.019307 -0.314131 0.104466 -0.080132 -0.013857 0.211264 -0.029607 -0.136939 -0.154739 0.115417 -0.009550 -0.032558
0.046095 0.407606 -0.089708 -0.115246 0.326036 0.045778 0.287551 -0.090932 0.043931 0.568147 0.089698 0.046102 -0.168886 -0.219350 0.105375 -0.049820 -0.095376 0.147769 0.088116 -0.375228 -0.185433 -0.001302 -0.130119 -0.245084
0.021407 -0.049897 -0.313762 -0.242952 0.296374 0.146044 0.176541 -0.088049 0.307682 0.362174 0.179112 -0.086654 0.119906 -0.204831 0.122470 -0.122430 -0.109722 0.295717 -0.084342 -0.116834 -0.142782 -0.123150 -0.039284 -0.118826
0.035180 -0.274092 -0.196462 -0.127757 0.364737 0.200075 0.171022 -0.132772 0.206689 0.069722 0.269472 -0.108434 0.014720 -0.371782 -0.088760 -0.001355 -0.043344 0.141838 0.138757 -0.062486 -0.110440 -0.150365 -0.113920 -0.072422
-0.014951 -0.302045 -0.103713 -0.060896 0.156329 0.113303 -0.117336 -0.103704 0.262459 0.143651 0.260156 -0.204866 0.283292 -0.136190 -0.085546 0.104268 -0.154599 0.064292 -0.070794 0.021772 -0.177502 -0.204672 0.063706 -0.020032
0.035758 -0.375081 -0.124368 -0.040823 0.203466 -0.238515 -0.031860 -0.337961 0.088594 0.422464 -0.287091 -0.200480 0.406761 -0.106765 -0.184305 0.094480 -0.012758 0.013403 -0.104993 -0.157559 -0.172568 -0.208520 0.031534 -0.040215
0.157610 -0.186354 -0.107803 0.293204 0.151325 -0.309974 -0.079796 -0.471434 0.119895 0.216970 -0.355750 -0.137779 0.381927 -0.041112 -0.176326 0.145565 0.061142 -0.005896 -0.036165 -0.136264 -0.032295 -0.054068 -0.180778 0.039552
0.236762 0.038817 -0.024589 0.245347 -0.069309 -0.214207 0.006124 -0.334636 0.276220 0.272170 -0.372919 -0.146933 0.466970 0.043218 -0.175907 0.135242 0.124929 -0.159427 -0.200509 0.213288 -0.123133 -0.065843 0.007872 -0.120361
0.071449 0.017625 -0.027628 0.014780 0.043907 -0.319122 0.208888 -0.218116 0.392831 0.385588 -0.307685 -0.181793 0.327470 0.218813 -0.117905 0.076012 0.054811 -0.097831 -0.292737 -0.193688 0.055428 0.075534 -0.156481 -0.098404
0.088572 -0.012768 -0.100349 -0.006643 0.156398 0.008037 0.102388 -0.031719 0.605404 0.405127 -0.136327 -0.085327 0.193623 0.289745 -0.072078 0.122537 0.053654 0.060680 -0.534245 -0.065656 -0.225854 -0.053979 -0.007152 -0.087076
-0.008874 0.263758 0.042433 -0.041615 0.320968 -0.069337 0.206714 -0.002749 0.317312 0.195356 -0.171761 -0.045905 0.228815 0.243153 0.033636 -0.033245 -0.014529 -0.044621 -0.203339 0.175272 -0.142798 0.122453 -0.023862 -0.013675
-0.022368 0.358814 -0.069346 -0.094258 0.371208 0.193095 0.249014 0.262858 0.161714 0.235564 -0.083349 0.138927 0.296744 0.322613 0.094954 0.108815 -0.074978 0.082655 -0.173235 0.238131 0.035622 -0.113306 -0.166246 0.179018
0.028962 0.549373 0.053446 0.012392 0.167533 0.225029 0.157489 0.263720 0.248777 0.214669 -0.165851 -0.114647 -0.003457 0.109255 -0.000533 -0.148282 -0.194281 0.092655 0.014109 0.211001 0.161607 0.023141 -0.037674 0.343638
0.011932 0.250110 0.058993 0.084002 -0.013728 0.127458 0.082176 0.212883 0.135266 0.368793 -0.259240 -0.020118 -0.198483 -0.129069 0.068047 0.091363 -0.232805 0.109805 0.102749 0.323661 0.127409 -0.091584 0.044808 0.094220
0.114794 -0.116374 0.031900 0.143871 -0.223247 0.171841 0.008102 0.152606 0.008712 0.121089 -0.351009 -0.184350 -0.398148 -0.159062 -0.016069 0.018289 -0.032866 0.137896 0.061694 0.487693 0.161920 -0.187102 0.210688 0.319612
0.245724 -0.162938 0.329824 -0.017540 -0.113460 0.228499 -0.042049 0.079561 0.018961 0.029821 -0.225299 0.099692 -0.289246 -0.148362 0.005250 0.108299 -0.178306 0.097117 0.336835 0.381501 -0.072264 -0.125868 0.156099 0.141545
-0.085555 -0.438589 0.599022 -0.112067 0.074105 0.108017 0.035512 0.185297 0.086001 0.074693 -0.275820 0.051391 -0.095064 -0.268396 -0.022102 0.087170 0.053265 -0.023978 0.432104 0.403365 -0.015241 -0.077382 -0.131135 0.179258
0.220357 -0.778004 0.023400 -0.045478 0.022451 0.705675 -0.121307 0.181217 0.337425 0.015960 0.093640 0.162118 -0.234429 -0.206695 0.183800 -0.042048 -0.110759 -0.385604 0.518709 0.157560 -0.313706 -0.547480 -0.093884 0.314835
-0.395047 -0.459644 -0.152197 0.310739 0.083746 0.555894 0.340502 -0.062973 0.007502 0.868249 0.311632 -0.077907 -0.534368 -0.256505 -0.456973 -0.205672 0.015821 0.210146 -0.059258 -0.178485 -0.253473 -0.338065 -0.110314 -0.554016
-0.179898 -0.117562 -0.239977 0.252459 0.001042 0.053743 0.324977 0.131667 0.221744 0.690605 -0.017130 0.203148 -0.349933 0.048538 -0.189625 -0.240478 -0.039717 0.113087 -0.002156 0.211007 -0.285085 -0.214507 -0.199892 -0.227602
-0.181114 0.016085 -0.307098 0.107049 0.161487 -0.073073 0.410565 0.046842 0.156733 0.277355 -0.173559 0.130793 -0.262429 -0.092058 -0.378338 -0.066296 0.086697 0.073818 -0.111058 0.313664 -0.071369 -0.155236 -0.031081 -0.248294
-0.037930 -0.115095 -0.349982 0.018562 0.143679 -0.203777 -0.024046 0.335681 0.218863 0.283762 -0.127265 0.050555 -0.122456 0.041057 -0.136634 0.033874 -0.091443 0.040828 -0.179340 0.027793 -0.045098 -0.092664 0.017681 -0.305529
0.071665 -0.000145 -0.030899 0.039903 0.085882 -0.166383 -0.166873 0.199878 0.211007 0.075850 -0.208391 0.026780 -0.158677 -0.020278 -0.021303 0.139045 0.165588 0.083706 -0.124338 0.094206 -0.230868 0.137264 0.024081 -0.308344
-0.049695 0.038207 0.017633 0.102652 -0.090823 -0.044855 -0.034251 0.176468 0.116737 0.010850 -0.005507 0.045040 -0.083250 -0.119281 0.052779 0.085058 -0.059890 0.196264 -0.128130 -0.179369 -0.128849 0.097366 -0.028944 0.096507
-0.072847 0.183030 0.018950 -0.072014 0.142501 0.211695 0.002360 0.098131 0.287540 0.256723 0.143731 0.059613 -0.190811 -0.353970 -0.124212 -0.229882 -0.221468 0.307985 -0.099406 -0.279383 -0.165527 0.209445 0.142902 -0.139748
-0.116893 0.055471 -0.135013 -0.241773 0.267970 0.242467 0.133472 0.017095 0.123184 0.290010 0.168131 0.037786 -0.147947 -0.349214 -0.069754 -0.019048 -0.112952 0.229343 -0.128208 -0.282394 -0.034512 -0.015748 0.101083 -0.186300
-0.059673 0.068728 -0.218241 -0.193202 0.186007 0.113985 0.328062 0.031118 0.316516 0.333828 0.396362 -0.002029 0.059593 -0.278110 -0.231001 -0.206149 -0.164168 -0.013631 -0.012319 -0.273249 -0.145350 -0.039523 0.046071 -0.168333
-0.043515 -0.166514 -0.220149 -0.028072 0.037205 0.001945 0.125375 -0.194185 0.276542 0.148898 0.178319 -0.144833 0.145959 0.046924 -0.176781 -0.105765 -0.087558 0.008638 0.076656 -0.341641 -0.178587 0.026411 0.040838 0.018142
-0.072570 -0.279325 -0.118166 -0.060221 0.076871 -0.060906 -0.040893 -0.301708 0.238249 0.027736 0.210335 -0.247958 0.280320 -0.079766 -0.252938 -0.150749 -0.273112 -0.234699 0.001810 -0.185345 -0.221444 -0.068062 0.160594 0.101352
0.083414 -0.319889 -0.274585 0.079946 0.177658 -0.201132 -0.001028 -0.378694 0.182717 0.160002 -0.098243 -0.190593 0.360118 -0.102854 -0.035789 -0.074702 -0.064598 -0.143557 -0.048999 -0.058887 -0.206936 -0.149796 0.046512 -0.038915
0.173895 -0.167786 -0.250326 0.287693 0.069061 -0.236751 0.069975 -0.501666 0.050565 0.383340 -0.503860 -0.194293 0.604250 0.025905 -0.033450 0.080164 -0.091734 -0.261208 -0.195302 0.068484 -0.094686 -0.261146 0.020150 0.085211
0.089140 0.016391 -0.123289 0.137279 -0.023188 -0.103366 0.055238 -0.405720 0.224538 0.316799 -0.397270 -0.181939 0.487761 0.195823 0.061478 -0.007809 -0.033437 -0.191598 -0.273535 -0.014247 0.025121 -0.062801 0.155605 -0.079037
-0.025827 -0.031671 -0.268848 0.143480 0.221226 -0.207362 0.206040 -0.295696 0.213804 0.145717 -0.396464 -0.215909 0.626331 0.190016 -0.035803 -0.122425 0.129088 -0.035910 -0.475950 -0.051551 -0.117357 0.002346 0.017513 -0.145963
-0.028480 0.234974 -0.007208 0.007523 0.459179 0.196296 0.379688 -0.174141 0.432984 0.195131 -0.310720 -0.195231 0.644151 0.257801 -0.096894 -0.243731 0.017229 0.103941 -0.452976 -0.054067 0.060873 0.074202 0.024149 0.000949
0.077622 0.436950 -0.037103 0.073192 0.370673 0.415047 0.123942 0.189397 -0.009633 0.152386 -0.123277 -0.017378 0.675150 0.255141 -0.043270 -0.175606 0.055569 0.136948 -0.344464 0.044170 0.089688 -0.090986 -0.131189 0.027315
0.017793 0.771237 0.000039 0.009988 0.252506 0.576882 0.162597 0.172301 0.055968 0.061413 -0.108534 -0.083090 0.629633 0.054692 -0.045156 -0.214101 0.076421 0.043640 0.109494 0.109438 0.068236 -0.107506 -0.263945 0.093798
0.180703 0.802041 -0.065547 0.101430 0.071336 0.383951 0.122626 0.084199 0.028203 0.017858 -0.107867 0.038460 0.525379 -0.158597 -0.022970 -0.233667 -0.208835 0.023653 0.339276 -0.096776 0.122461 -0.143667 -0.116878 0.112694
0.380985 0.344958 -0.005748 0.049066 -0.070229 0.205485 -0.100217 0.096596 0.197452 0.032375 -0.302250 0.088120 0.041252 -0.207876 -0.034258 -0.073807 -0.254961 0.033312 0.375614 0.284749 0.027824 -0.086336 0.018784 0.086312
0.335005 0.082035 0.110025 -0.105625 -0.238557 0.258791 -0.060664 0.125551 0.160032 -0.017328 -0.170193 0.231676 0.156236 -0.160563 -0.037888 0.080281 -0.108065 0.045799 0.299300 0.461748 0.041787 -0.040596 0.011803 0.194847
0.279274 -0.158505 0.158397 -0.172473 -0.361600 0.334212 -0.275241 0.127763 0.154109 -0.053407 0.063884 0.137053 0.229633 -0.057581 0.001242 0.115698 -0.233213 0.114442 0.521677 0.285917 0.041270 -0.070013 -0.140293 0.140580
0.073526 -0.288525 0.244093 -0.111107 -0.038748 0.385765 -0.073795 0.133504 0.495439 -0.117123 -0.129694 -0.006112 0.249257 -0.335255 0.073307 0.065119 -0.015454 0.063240 0.679214 0.445776 -0.105191 0.054335 -0.426686 0.263562
-0.005502 -0.670416 0.137896 -0.425773 -0.106923 0.661734 -0.102827 0.256881 0.200062 -0.168791 0.172318 0.177265 0.225312 -0.268537 0.164494 0.017963 0.003848 -0.214761 0.413173 0.223741 -0.141232 -0.370502 -0.250219 0.409558
-0.222355 0.003102 -0.145380 0.498192 -0.362223 0.176391 0.552062 0.058200 -0.602860 0.394479 -0.010279 0.415753 -0.064697 0.315123 -0.624890 -0.297680 -0.072476 -0.083525 0.061223 -0.010716 -0.160358 -0.097076 -0.337563 -0.586654
-0.071349 -0.018819 -0.235639 0.099582 -0.064634 0.184195 0.494316 0.122461 -0.076703 0.463492 -0.182784 0.365891 -0.300501 0.008454 -0.542236 -0.117136 -0.231473 0.140305 0.079082 0.223050 -0.198531 -0.221702 -0.205618 -0.362410
0.082373 0.160586 -0.163779 -0.190763 0.103358 0.069609 0.196531 0.338149 0.013859 0.097582 -0.060961 0.108329 -0.431821 0.041073 -0.145425 -0.179640 -0.199514 -0.131039 -0.126213 0.471163 -0.143397 -0.150990 -0.177062 -0.183902
-0.002996 0.055315 -0.159512 -0.031373 0.007620 -0.033841 0.047970 0.327828 0.225416 0.110309 0.070899 -0.090786 -0.223592 -0.219943 -0.083476 0.092762 0.027188 -0.286168 -0.032993 0.752561 -0.194038 0.098839 0.042365 -0.143306
0.058138 -0.053332 -0.087547 0.143113 -0.064809 -0.090895 -0.201264 0.497008 0.267353 0.006247 0.218661 0.081384 0.069201 -0.209832 -0.117106 -0.072411 -0.005446 -0.054073 -0.091736 0.400923 -0.143494 0.113216 -0.109564 0.023320
0.030573 0.030900 -0.140931 0.125313 -0.104994 -0.065094 -0.223075 0.266712 0.351779 0.097064 -0.033168 0.166055 -0.062973 -0.190129 -0.091566 -0.062542 0.097149 0.319335 -0.077931 -0.163941 -0.076239 0.369904 0.011487 0.023117
-0.045246 0.086956 0.044680 -0.146484 -0.079815 0.277738 -0.016229 0.055422 0.165718 -0.027986 0.152991 -0.028477 -0.109560 -0.287518 -0.020864 -0.198653 -0.049259 0.270211 0.009273 -0.324632 -0.059200 0.468643 -0.075473 -0.164498
0.011934 0.113900 -0.139834 -0.119962 0.122552 0.257777 0.087400 -0.070545 0.055314 0.029508 0.316767 -0.106122 -0.149944 -0.244873 -0.170655 -0.278384 -0.183451 -0.092992 0.014656 -0.182770 -0.056577 0.029630 0.140029 -0.239244
0.019869 0.100203 -0.186932 -0.161540 0.108816 0.062759 0.151468 -0.135037 0.203350 -0.075486 0.094491 -0.152099 0.017896 -0.087292 -0.292980 -0.100409 -0.259873 -0.152378 0.057014 -0.112175 -0.143526 -0.044061 -0.015717 0.032144
0.001479 -0.090165 -0.324182 0.080140 0.143668 0.086628 0.127988 -0.264886 0.316017 0.106359 0.337238 -0.213100 0.236459 -0.071838 -0.270859 -0.090989 -0.197267 -0.223670 0.159867 -0.133975 -0.135834 -0.032231 0.200515 0.088569
0.044187 -0.002930 -0.241389 0.063281 0.153314 -0.172376 0.015198 -0.383594 0.200724 0.046104 0.036566 -0.049343 0.357877 -0.132688 -0.099991 0.071713 -0.150072 -0.267310 0.085043 -0.259791 -0.226483 -0.130270 0.096218 -0.017418
-0.057390 -0.026610 -0.265778 0.165837 0.276860 -0.287715 -0.052292 -0.393976 -0.047625 0.084501 -0.197849 -0.048596 0.253352 -0.022179 0.034838 -0.104705 0.052729 -0.249569 -0.151940 -0.061248 -0.185431 -0.204071 0.012443 -0.004634
0.146191 -0.048010 -0.424330 0.309832 0.031876 -0.239467 0.123040 -0.460854 0.056109 0.143568 -0.195252 0.066033 0.527766 -0.060414 -0.019306 -0.346499 0.040920 -0.232564 -0.139138 -0.005467 -0.040169 -0.070506 -0.006593 -0.017165
0.159150 -0.029170 -0.215855 0.204231 0.259704 -0.096974 0.142717 -0.285135 0.109742 0.059398 -0.514355 -0.004264 0.704985 0.221127 0.007048 -0.158542 0.117158 -0.223828 -0.205711 -0.050914 -0.073663 -0.079037 0.127262 -0.127999
-0.036872 0.161721 -0.221013 0.053141 0.263586 0.107383 0.276011 0.022307 0.352760 0.029208 -0.544565 -0.145465 0.516337 0.214621 -0.001710 -0.353855 0.017510 -0.093626 -0.471475 -0.125274 0.110536 0.019016 -0.029575 -0.031645
-0.042531 0.364889 -0.312134 0.078843 0.265799 0.021166 0.286477 0.165247 0.086567 -0.073141 -0.308492 -0.112469 0.489295 -0.096894 -0.126064 -0.379921 0.141254 0.078841 -0.184084 -0.002525 0.122412 -0.059824 -0.222924 0.048670
0.036648 0.490091 -0.106139 0.063001 0.144211 0.569885 0.146908 0.247669 -0.167306 -0.034840 -0.146254 -0.100590 1.030070 -0.058123 0.026379 -0.317794 0.059283 0.156920 -0.014120 0.122736 0.076714 0.011130 -0.169378 0.131517
0.100985 0.528763 -0.199797 0.103998 -0.058925 0.679917 0.065692 0.185051 -0.085271 -0.082681 -0.173560 0.012511 1.155541 -0.195896 -0.091309 -0.311902 0.199815 0.160842 0.449443 -0.063650 0.144592 -0.272115 -0.184556 0.107997
0.229452 0.571276 -0.124356 0.080749 -0.129124 0.415289 0.005120 0.041968 0.096352 -0.052056 -0.035365 0.035345 0.718206 -0.276720 -0.022856 -0.310087 0.037006 -0.029702 0.685215 -0.113290 0.044190 -0.140884 -0.196367 -0.004769
0.296697 0.213347 0.061887 -0.146520 -0.015675 0.400748 -0.017629 0.268175 0.286378 0.016514 -0.088192 0.052698 0.724554 -0.278450 0.041120 -0.196548 -0.305631 0.052276 0.611397 0.289273 -0.052477 -0.036575 0.036823 0.013189
0.241338 0.250131 -0.017417 -0.281149 0.120096 0.211518 -0.206104 0.230700 0.285850 0.012702 0.029140 0.160454 0.437928 -0.113481 -0.099051 0.007309 -0.169222 0.085536 0.657604 0.327086 0.027023 0.102477 -0.012506 0.214362
0.195969 0.012543 -0.019829 -0.254993 -0.263566 -0.048163 -0.267037 0.283573 0.500286 -0.050246 0.027998 0.107438 0.607700 0.008841 -0.197071 -0.052965 -0.056142 0.124634 0.619066 0.447701 0.092081 0.059376 -0.306844 0.170963
-0.001449 -0.225536 0.174239 -0.319517 -0.095389 0.027065 -0.237027 0.246460 0.674046 -0.349960 -0.017700 0.004853 0.707366 -0.096976 -0.165733 -0.014286 0.037684 0.197921 0.504492 0.361377 0.064927 -0.071223 -0.228737 0.284374
0.065662 -0.594079 0.048626 -0.262879 -0.170242 0.059109 -0.233935 -0.012435 0.239458 -0.441058 0.168610 0.344698 0.514680 -0.217120 0.135666 -0.438244 -0.027428 0.073515 0.528159 0.086952 -0.110502 -0.529731 -0.205829 0.472262
0.155262 0.098089 -0.439644 0.262994 -0.299063 0.016045 0.355020 0.014576 0.295320 0.173632 0.082570 0.109721 0.004668 0.523143 -0.321051 -0.109871 0.008489 -0.358299 0.152938 0.143304 -0.331502 -0.168629 -0.049146 -0.451469
0.027968 0.039735 -0.096701 0.074341 -0.020279 0.408471 0.474475 0.018349 -0.163973 0.247993 -0.370411 0.060623 -0.184694 0.127605 -0.298025 -0.072474 -0.204934 -0.205367 -0.179152 0.425072 -0.323636 0.074050 -0.033993 -0.319268
0.168261 0.110489 -0.042263 -0.068954 0.017817 0.432556 -0.006439 0.411905 -0.079507 0.106399 -0.150198 -0.083034 -0.104094 -0.104053 -0.108431 -0.246630 -0.058192 -0.083220 -0.090915 0.527228 -0.265026 -0.059898 -0.106212 -0.176588
0.371845 0.064078 0.030919 0.007291 -0.077263 0.391914 -0.024156 0.475660 -0.012405 0.003254 0.117438 0.185049 -0.062094 -0.245799 -0.155032 -0.135937 -0.019161 -0.144812 -0.149449 1.019567 -0.329044 0.012318 -0.258484 -0.058315
0.033039 0.125378 -0.194042 0.027233 -0.009228 0.128800 -0.054786 0.467549 0.129347 0.091122 0.135641 0.199160 0.180240 -0.348872 0.081595 -0.160619 0.104140 0.243073 0.021956 0.591119 -0.194088 0.237935 -0.224498 -0.019926
0.010527 0.300345 -0.089530 -0.027836 -0.063556 0.262191 -0.099853 0.420003 0.268923 -0.015370 0.343264 0.109968 0.205033 -0.322704 0.088951 -0.362946 0.021105 0.188082 0.071063 0.226871 -0.088488 0.200343 -0.178267 0.016958
0.032270 0.162850 -0.212663 -0.021330 -0.047127 0.226481 0.098790 -0.064651 0.139492 -0.032826 0.151382 0.021995 0.053777 -0.174001 -0.005691 -0.286048 -0.046121 0.339858 0.028010 0.002237 0.031541 0.395100 -0.117340 -0.197919
0.133397 -0.067389 -0.160336 0.024975 -0.031686 0.167779 0.151788 -0.240144 0.287640 -0.114430 0.101777 0.031100 -0.069133 -0.161001 -0.140620 -0.171322 0.020329 -0.220922 0.052642 0.069144 -0.088054 -0.112855 -0.139029 -0.046633
0.208640 0.021874 -0.213781 0.100715 -0.062347 0.035924 0.090182 -0.316209 0.420133 -0.172730 0.024963 -0.007486 -0.143489 -0.150366 -0.058295 -0.085870 -0.142896 -0.383269 0.087388 0.125358 -0.163225 -0.112726 -0.010987 -0.181051
0.140978 -0.014602 -0.341007 0.164509 0.123408 -0.184820 0.073876 -0.348940 0.395063 -0.092700 0.085587 -0.084969 0.105987 -0.096676 -0.188836 -0.060991 -0.167897 -0.073212 -0.051260 -0.035326 -0.131349 -0.178863 -0.023580 -0.123066
-0.065434 0.001857 -0.220983 0.158941 0.328618 -0.211031 -0.000683 -0.355803 0.202031 -0.070909 -0.044397 -0.118529 0.027282 -0.149656 -0.022328 0.030574 -0.120108 -0.067252 -0.013808 0.036385 -0.060637 0.013445 0.005942 -0.062308
-0.034626 0.383197 -0.351479 0.160927 0.035125 -0.217274 -0.084497 -0.554627 -0.070873 0.039770 -0.306327 0.050820 0.200242 0.072174 -0.031614 -0.042584 0.087612 -0.244499 -0.211021 -0.148040 -0.084561 -0.271436 0.083596 -0.162813
0.095518 0.044730 -0.378025 0.130799 0.221602 -0.073650 -0.078037 -0.074911 0.032588 -0.070692 -0.260923 -0.082155 0.129570 0.124497 -0.021156 -0.080184 0.056965 -0.190146 -0.055412 -0.203218 -0.078293 -0.209809 -0.132433 -0.048298
-0.020262 0.004071 -0.203481 0.211202 0.198146 -0.119106 0.081181 0.071842 -0.003327 -0.026824 -0.418116 0.018858 0.478667 0.165705 -0.107558 -0.347228 0.177286 -0.262439 -0.005796 -0.251392 -0.037191 -0.002505 -0.279251 0.006495
0.004371 0.231451 -0.174223 -0.012041 0.269088 0.150284 0.135383 0.379307 0.113557 -0.158108 -0.440309 -0.024182 0.518774 0.065464 0.165421 -0.183471 0.139629 -0.042576 0.197343 -0.061925 0.078606 -0.167695 -0.259703 0.106458
0.082742 0.373345 -0.123162 -0.120875 -0.061855 0.439935 0.038861 0.672755 -0.142836 -0.143406 -0.323519 -0.115805 0.454000 -0.075710 0.017987 -0.137651 0.050300 -0.250293 -0.172410 0.029855 0.015093 -0.092394 -0.268826 0.084597
0.005178 0.557996 -0.225540 0.070549 -0.116666 0.811145 -0.028550 0.486955 -0.194823 -0.068162 -0.192644 -0.147944 0.536797 -0.219705 0.079723 -0.286794 0.090415 0.064045 0.362348 0.025565 0.095128 -0.201616 -0.134590 0.104169
0.093041 0.344778 -0.059143 0.119695 -0.275367 0.601904 -0.179913 0.147794 -0.183205 -0.056109 -0.116109 -0.002147 0.680424 -0.245868 0.144694 -0.302217 0.076242 0.162614 0.790397 -0.070649 -0.011075 -0.151114 -0.035866 0.088110
0.023028 0.102795 0.017957 -0.007452 -0.268223 0.632911 -0.280217 0.107007 0.223506 0.053221 0.129008 0.071413 0.770026 -0.201703 0.206117 -0.069941 -0.044926 0.180985 1.118674 0.102735 0.059036 -0.208168 0.014565 0.061867
0.057442 0.054959 -0.050771 -0.210774 -0.061234 0.158484 -0.146988 0.317240 0.068262 0.090244 0.235097 0.189022 0.447426 -0.134703 0.129099 0.061304 -0.101224 0.060122 0.935682 0.273192 0.088290 0.112318 -0.061382 0.111785
-0.134190 -0.034973 -0.046727 -0.161577 0.228092 0.001004 -0.055345 0.421712 0.324510 0.086017 0.185683 -0.047262 0.382923 -0.096964 -0.207139 -0.097932 -0.040616 0.053151 1.260626 0.158581 0.118751 0.226168 -0.110410 0.077062
-0.026182 -0.017133 0.103574 -0.309083 -0.075068 0.006242 -0.302947 0.261791 0.427303 -0.005478 -0.039409 -0.114670 0.820555 -0.129702 -0.144527 -0.229158 -0.130566 0.225736 0.902722 0.149470 -0.008848 0.061540 -0.094194 0.161173
-0.022702 -0.230100 0.090208 -0.329134 0.084210 -0.313353 -0.191874 0.325347 0.473779 0.014700 0.085649 -0.045659 0.800757 -0.113061 -0.349054 -0.544467 -0.035890 0.152281 0.627696 0.310488 0.247947 0.019009 -0.201745 0.391445
-0.029725 -0.445703 -0.007891 -0.465957 -0.126906 -0.431854 -0.417659 -0.079331 0.038109 -0.091754 0.120771 -0.091625 0.697757 0.286493 0.184341 -0.707553 -0.091167 0.300762 0.359471 0.143305 -0.032125 -0.440643 0.056423 0.488504
0.039527 -0.157566 -0.026297 0.103862 -0.136317 0.334331 0.067899 0.019755 0.273278 0.156331 -0.184368 0.011437 -0.161761 -0.041082 -0.341755 0.303601 -0.065638 -0.087580 -0.177169 0.625675 -0.339324 -0.010881 0.048188 -0.033586
0.102305 0.233049 -0.148161 0.006028 0.062229 0.387724 0.104491 0.070983 0.102576 0.198910 -0.205128 -0.144023 -0.305348 -0.010859 -0.157839 -0.075512 -0.034021 0.018249 -0.145647 0.443214 -0.307172 0.150364 -0.046882 -0.212117
0.175424 0.193035 0.026708 0.117487 -0.064958 0.613407 0.103098 0.190670 0.033936 0.146976 -0.147551 -0.179609 -0.177601 -0.178093 -0.124067 0.163267 -0.040622 -0.093713 -0.225223 0.500637 -0.473124 0.176021 -0.069038 0.020324
0.195610 0.292177 -0.046798 0.042725 -0.011222 0.365588 -0.150261 0.499029 -0.134005 0.065839 0.021488 -0.011123 0.095315 -0.303643 -0.088358 0.053755 0.049404 0.218758 -0.212962 0.537815 -0.250229 0.080215 -0.350296 0.100933
0.239493 0.223245 0.072827 0.094346 -0.035485 0.501157 0.102071 0.461298 0.023321 -0.062000 0.242947 0.227716 0.164175 -0.107417 0.074079 -0.031091 0.069798 0.142798 -0.062261 0.594064 -0.054365 0.265455 -0.269281 0.099798
-0.102187 0.407199 -0.019542 -0.025896 -0.033464 0.384981 0.169988 0.296117 -0.078104 -0.238492 0.070989 0.183130 0.194523 -0.072786 0.038998 -0.375431 0.044356 0.307023 0.118563 0.402060 0.008535 0.287193 -0.227400 -0.090631
-0.100708 0.209924 -0.275658 -0.100465 0.114336 0.214773 0.184606 0.023432 0.192589 -0.230326 0.275414 0.232311 0.164143 -0.082222 0.103095 -0.264110 0.036090 -0.253196 0.072164 0.108993 -0.169258 -0.043148 -0.253075 -0.110636
0.124167 0.079924 -0.200021 -0.023949 0.004344 -0.118706 0.114884 -0.142623 0.045262 -0.311920 0.298295 0.149090 -0.064363 -0.041850 -0.078350 -0.246181 -0.052402 -0.184827 -0.011995 0.353651 -0.067739 -0.061885 -0.098800 0.042222
0.202077 -0.029893 -0.151036 0.090204 -0.012951 -0.162026 -0.085895 -0.214716 0.283359 -0.188763 0.195252 -0.023366 -0.129353 -0.066310 -0.038153 -0.042865 -0.155204 -0.090647 -0.072455 0.284158 -0.126087 -0.063981 0.000999 0.023376
0.140160 0.109082 -0.174182 0.085072 0.278103 -0.034263 -0.035913 -0.128055 0.162028 -0.207827 0.016307 0.025491 -0.009682 -0.185718 -0.079001 0.049628 -0.249328 -0.168823 0.002418 0.350003 -0.074196 -0.083419 0.029212 -0.091847
0.027732 0.142579 -0.198186 0.021231 0.087140 -0.216927 -0.062966 -0.095759 0.101650 -0.178140 -0.128960 -0.153682 -0.077966 -0.114260 0.144618 0.012188 -0.035370 -0.150090 -0.116689 0.077304 -0.072859 -0.068260 -0.060871 -0.068379
0.101140 0.120688 -0.100040 0.056938 0.093782 -0.059210 -0.231848 0.019039 -0.035068 0.022151 -0.214774 -0.156493 -0.096295 -0.115427 -0.099303 0.058700 -0.038235 -0.301867 0.003529 0.030419 0.140572 -0.132936 -0.090000 0.045503
0.235051 0.094920 -0.077725 -0.088571 0.047952 0.026791 -0.201966 0.190528 -0.097546 0.070282 -0.419827 0.050435 0.004797 0.081888 0.014506 -0.013194 -0.115685 -0.301202 0.051164 0.034344 0.110746 -0.195163 -0.121006 -0.025332
0.239739 -0.064338 -0.039366 0.033050 0.137752 0.106122 0.016379 0.495534 0.155029 -0.174779 -0.383442 -0.062306 0.346725 0.205378 0.025255 0.001247 0.044398 -0.098413 0.108026 0.012361 -0.097174 -0.150220 -0.123656 -0.004785
-0.034594 0.095582 -0.122509 -0.044568 0.095521 0.365844 0.192977 0.684989 -0.035902 -0.167707 -0.334767 0.006984 0.485065 0.117950 -0.061179 -0.115508 0.069673 -0.310801 0.165861 0.164689 0.059833 -0.141046 -0.137187 0.175920
0.105740 0.366228 -0.057762 -0.194468 -0.086262 0.848966 0.001971 0.812283 -0.143038 -0.242243 -0.248456 -0.073137 0.515549 -0.177596 -0.042597 -0.072389 0.112894 -0.324724 0.229987 0.280741 0.074976 -0.054397 -0.230555 0.125358
-0.022883 0.189144 0.035169 -0.071526 -0.197216 0.806259 -0.177155 0.779611 -0.167736 -0.269435 -0.144455 0.080464 0.401001 -0.073702 0.164793 -0.075787 0.119679 -0.121694 0.924897 0.209696 -0.018413 -0.107045 -0.007158 0.110246
-0.102520 0.417877 -0.028679 0.177586 -0.070487 0.725770 -0.290512 0.443733 0.191425 -0.177075 0.091319 -0.106310 0.537499 -0.173559 0.104563 -0.106974 0.091850 0.293047 1.047975 -0.092273 0.087536 -0.083348 -0.065508 0.050256
-0.174785 0.135208 0.278315 -0.018807 -0.040172 0.755046 -0.138500 0.197293 0.245968 -0.074176 0.387730 0.000806 0.617856 -0.068928 0.326106 -0.111832 -0.050398 0.370996 1.378873 -0.172170 -0.111895 0.097757 0.131532 0.032503
-0.112841 -0.099574 0.010594 0.012741 0.061492 0.183493 -0.179684 0.475222 0.259574 0.026366 0.488252 0.060846 0.416812 -0.082895 0.089648 0.154626 0.159484 0.313188 1.303291 0.342632 0.026082 0.110960 -0.001377 0.129127
-0.136544 0.077239 0.027340 0.029487 0.228598 0.286991 -0.027762 0.504432 0.398563 0.101542 0.096568 0.155238 0.445685 -0.129436 -0.154370 -0.081412 -0.112699 0.195387 0.574520 0.067767 -0.000564 0.237757 0.142565 0.145204
-0.288033 -0.024633 0.100040 -0.156799 0.067766 -0.096458 0.031514 0.257908 0.426623 0.375085 0.052936 -0.011263 0.614412 -0.093798 -0.240134 -0.076467 -0.079316 0.207959 0.798275 -0.027015 -0.038884 0.284207 -0.191400 0.297889
-0.032322 -0.042669 0.084285 -0.198492 0.014538 -0.252759 0.066990 0.082282 0.380751 0.263515 0.273371 -0.261462 0.770224 -0.160954 0.065895 -0.537137 -0.243860 0.105257 0.765639 0.024087 0.032903 -0.182116 -0.080200 0.336127
-0.414513 -0.221019 -0.072174 -0.140262 -0.189226 -0.622922 -0.063541 -0.154560 0.197930 0.162194 0.161596 -0.361376 0.600854 0.327980 0.012130 -0.749651 0.064143 0.377448 0.413900 0.042445 -0.252430 -0.288230 -0.124640 0.386906
-0.039677 0.211472 -0.717740 -0.058674 -0.182138 0.109732 0.397804 0.315021 0.446834 0.075325 -0.018017 0.004095 -0.144224 -0.138049 -0.188952 -0.084763 0.020543 0.071987 -0.352601 0.186590 -0.293250 0.208744 -0.287206 -0.192818
-0.007711 0.196296 -0.111114 -0.095485 0.075873 0.317470 0.198299 0.182474 -0.013984 0.317192 0.026063 0.074506 -0.324809 -0.233545 -0.116781 -0.028711 -0.052781 0.006342 -0.045496 0.198880 -0.142592 0.417231 -0.295843 0.003737
0.140836 0.171918 -0.246912 -0.051824 -0.084475 0.439860 0.210916 0.150741 -0.143561 0.195565 0.022918 0.086183 0.111072 -0.317792 -0.073323 0.107932 -0.069120 0.065330 -0.288735 0.793650 -0.120476 0.240249 -0.146771 0.059236
0.227260 0.488581 -0.172815 -0.000985 0.041300 0.214904 -0.028950 0.142852 0.135587 0.092625 0.204675 0.140030 0.004273 -0.137394 -0.148953 0.171585 -0.078094 0.065655 -0.091849 0.670077 -0.199091 0.232720 -0.208047 0.189517
-0.108674 0.326551 -0.003749 0.178463 0.041788 0.293169 -0.004648 0.321581 0.003236 -0.105715 0.159667 0.070696 0.243191 -0.012791 -0.163859 0.055136 0.041210 0.141504 -0.274783 0.227932 -0.240375 0.197840 -0.198044 0.085550
-0.061222 0.182523 0.029198 0.035943 0.093674 0.142634 0.237496 0.211523 -0.051363 -0.140847 0.027670 0.133590 -0.029560 -0.046176 -0.064540 -0.100204 0.133814 -0.055755 0.043228 0.431442 -0.019004 0.271775 -0.175914 0.025222
-0.114251 0.210124 -0.144992 0.027467 0.013920 0.111569 0.247834 0.001769 -0.168986 -0.092481 0.047594 0.184688 -0.025702 -0.012042 0.058814 -0.369832 -0.081186 -0.305447 0.060870 0.656998 0.019614 -0.094966 -0.204171 -0.049690
0.093491 0.073706 -0.219647 -0.261467 -0.048719 -0.133259 0.219700 0.002290 -0.052303 -0.137940 0.114022 0.254016 0.015881 0.037540 0.013669 -0.138334 -0.145739 -0.216862 -0.065875 0.286817 0.027866 -0.265954 -0.064512 0.090417
0.142097 0.285563 -0.232472 -0.256418 0.091325 -0.217598 0.082908 0.135464 -0.145511 -0.041939 0.024994 0.122828 0.071148 -0.003298 0.142624 -0.081903 -0.014532 -0.084293 0.053349 0.258796 0.142609 -0.007833 -0.004931 -0.060443
0.117232 0.221091 -0.396995 -0.122365 0.094060 -0.312950 0.040292 0.146886 -0.117945 0.045681 0.114149 -0.150698 -0.029061 -0.133039 0.206488 0.133060 -0.131396 -0.040843 -0.125420 0.078515 0.168853 -0.019590 0.013371 -0.054662
0.104180 0.211973 -0.130487 -0.140078 -0.043638 -0.145105 -0.123505 0.206964 0.044275 0.015840 0.265860 -0.084187 0.133479 -0.074829 0.117567 0.117881 -0.146573 -0.321790 0.055898 0.130102 0.097131 -0.077536 0.209229 -0.119400
0.285859 0.172038 -0.205999 -0.009938 -0.261597 -0.108562 -0.112503 0.191470 -0.073206 -0.082146 0.015847 0.019604 0.053921 0.043251 0.163699 0.183719 -0.101984 -0.405622 -0.098587 0.139025 0.335566 -0.060074 0.098288 0.026004
0.341737 -0.062415 -0.173210 -0.044981 0.016486 -0.122808 -0.067461 0.229563 0.062782 -0.037888 -0.320384 -0.047268 0.228104 0.088637 -0.135109 0.386758 0.050944 -0.259652 0.035474 0.327241 0.230537 -0.073564 -0.112234 -0.101920
0.119079 -0.051525 -0.103447 0.103484 0.223766 0.288738 -0.010027 0.351653 -0.036854 -0.082395 -0.362031 -0.155083 0.400647 -0.032987 0.011295 0.215067 0.109721 -0.135276 0.240108 0.444774 0.202476 -0.159088 -0.039755 0.115508
-0.008910 -0.030230 -0.045432 -0.062369 0.025214 0.442586 0.032174 0.491704 0.113438 -0.052409 -0.215835 -0.052149 0.574006 0.033215 -0.117267 0.172002 0.242414 -0.202108 0.187518 0.491206 0.086850 -0.043235 -0.015538 0.103672
0.043176 0.029374 -0.044212 -0.086265 0.098045 0.671769 -0.011740 0.668597 0.064882 -0.048361 -0.056151 0.096290 0.759737 0.010556 -0.042496 0.032526 0.152708 -0.525202 0.548613 0.283369 0.184729 -0.008124 0.005430 0.020572
0.037851 0.047323 0.058507 0.035239 -0.070980 0.734074 -0.189282 0.500323 0.272091 -0.154134 -0.097553 0.067133 0.601441 0.061606 -0.083910 0.096139 0.301633 -0.104587 0.738216 0.331914 0.180514 0.033793 -0.016407 -0.148169
-0.005049 0.154438 0.144790 0.086163 -0.008473 0.558959 -0.261471 0.310134 0.208544 -0.265473 0.251727 0.035803 0.684561 0.034447 0.080354 0.022979 0.278327 0.104891 1.258386 0.095434 0.272124 -0.006077 0.044407 0.160766
-0.096916 0.206619 0.100469 0.100690 0.109351 0.503699 -0.143881 0.089269 0.327122 -0.101954 0.539773 -0.214544 0.495332 -0.048335 0.140528 0.072106 0.287785 0.286479 1.400296 -0.070379 0.147386 0.102592 -0.015065 0.055865
-0.161081 0.056858 0.009966 0.063178 -0.033515 0.469458 -0.242899 0.457167 0.254723 0.083679 0.752097 -0.023412 0.500334 -0.052399 0.063383 0.208254 0.132943 0.293062 0.983328 -0.038334 0.057581 0.061268 0.152886 0.072756
-0.266840 -0.024394 0.011796 0.165874 -0.129697 0.427167 -0.154990 0.569942 0.251021 -0.007218 0.446449 -0.098969 0.518300 -0.196734 -0.280045 0.346981 0.237407 0.262327 0.589975 -0.082608 0.021715 0.104317 0.037617 0.322031
-0.219329 0.423594 -0.046702 0.099778 0.054685 0.351243 0.095552 0.476320 0.203935 0.194753 0.111085 -0.067100 0.468769 -0.213331 -0.172435 0.262208 0.050969 0.160152 0.378630 -0.000396 0.010521 0.128093 0.038775 0.300646
-0.394866 0.274838 -0.037545 0.057891 -0.159249 -0.265683 -0.087931 0.052839 0.290623 0.369080 0.565521 -0.013149 0.473681 -0.003016 -0.020699 0.092923 -0.141707 0.263183 0.358525 0.078809 -0.171963 -0.091538 -0.084823 0.366653
-0.393424 0.271269 -0.252391 0.087656 -0.229624 -0.328838 0.069228 -0.089005 0.187959 0.243613 0.681272 -0.219869 0.412703 0.132180 0.208612 -0.419039 -0.028045 0.175821 0.663424 0.047448 -0.327478 -0.283941 0.141872 0.064328
-0.151148 -0.077893 -0.236798 0.144477 -0.157446 0.049150 0.767578 0.003676 -0.043734 0.222360 -0.032507 0.083248 -0.358585 0.219048 0.029569 -0.134786 0.178904 0.096445 -0.138348 0.064476 -0.065893 0.521074 -0.224091 -0.034595
0.255996 0.042083 -0.379908 -0.096532 -0.192455 0.455119 0.613111 0.162873 -0.208926 0.327347 0.012577 0.017637 0.029960 0.100543 0.303474 -0.275616 -0.136180 -0.050362 -0.199834 0.355360 -0.125280 0.556189 -0.126701 -0.018056
0.295062 0.177207 -0.089033 -0.132145 -0.039312 0.060068 0.352935 0.045443 -0.156617 0.284413 0.292095 0.079919 -0.053862 -0.138056 0.058290 -0.053526 -0.037998 -0.108300 -0.115333 0.352901 0.216543 0.354117 -0.221455 0.118020
0.223810 0.221405 0.018987 0.068898 -0.140764 0.135321 0.127034 0.066150 0.130632 0.164390 0.275928 0.033918 0.239151 -0.156573 -0.212137 0.214002 -0.075174 -0.215177 -0.217116 0.754699 -0.073813 0.418802 -0.166351 -0.174696
0.134243 0.308849 0.038119 -0.017715 -0.037900 0.136974 -0.120803 0.304533 -0.146756 -0.030296 0.195850 -0.046051 -0.100772 -0.051679 -0.122651 0.089533 -0.119177 -0.109586 -0.096902 0.498458 0.028984 0.441133 -0.086410 -0.063441
-0.153552 0.013843 -0.032958 0.037474 0.006102 0.455891 0.073568 0.214875 -0.155158 -0.263901 0.195368 0.072707 0.047228 0.046805 -0.064424 0.070183 -0.000918 -0.197646 -0.053995 0.468380 -0.006917 0.465566 -0.121378 0.141930
-0.012304 0.035597 -0.090321 -0.152668 0.097891 -0.032347 0.076944 0.087735 -0.187562 -0.222990 0.241032 0.246323 -0.032942 0.080367 -0.046648 -0.140830 -0.039972 -0.266144 -0.067005 0.352365 -0.038491 0.126921 -0.117460 -0.085996
-0.136141 -0.053533 -0.092775 -0.195842 -0.046628 -0.178112 0.050136 0.044115 -0.348956 -0.148911 -0.172592 0.112173 0.167538 -0.123493 0.043077 -0.098982 -0.039384 -0.221499 0.048430 0.246233 0.139912 0.191521 -0.000379 0.004749
-0.065990 0.115983 -0.138463 -0.205138 0.132287 -0.045426 0.175217 0.364678 -0.183968 -0.121185 -0.078014 0.132024 0.237181 -0.063028 0.140018 -0.156823 -0.020439 -0.080981 -0.133280 0.075473 0.253482 0.022314 -0.127985 0.049996
-0.054673 0.113020 -0.168989 -0.074686 -0.019949 -0.096498 0.175614 0.328099 -0.071024 0.041509 -0.018119 -0.029615 0.187318 -0.119492 0.116142 0.066599 -0.073306 -0.157208 -0.015397 0.141366 0.256970 0.096535 0.004935 -0.062281
0.260328 0.348685 -0.218983 -0.164258 -0.173501 -0.093735 0.053537 0.409718 -0.048673 0.023706 -0.030161 0.000942 -0.073821 0.008557 0.293282 0.353495 -0.206932 -0.371775 0.070098 0.169805 0.196043 -0.006600 0.049521 0.012971
0.238293 0.208001 -0.216078 -0.022639 -0.025198 -0.118918 -0.112895 0.312486 0.128563 -0.113930 -0.042415 -0.120080 0.216067 0.051388 0.035916 0.503836 0.055366 -0.249595 0.016182 0.441885 0.171827 0.057323 0.131248 -0.018729
0.356497 0.174665 -0.208214 0.003615 0.064853 0.092681 -0.063930 0.262147 0.196743 -0.171247 -0.039603 -0.078056 0.215349 0.125004 0.162330 0.431704 -0.035350 -0.197366 0.003034 0.268550 0.008034 -0.011035 0.081144 -0.078603
0.079763 -0.107932 0.016180 -0.009228 -0.031564 0.306223 -0.032155 0.287206 -0.008608 -0.158789 -0.061572 -0.094288 0.565222 0.024198 -0.073092 0.184294 -0.045643 -0.136137 0.185124 0.394787 0.068558 0.008258 0.120464 -0.041288
0.116152 -0.265633 0.016105 -0.009392 0.051439 0.176195 -0.044322 0.413268 -0.038660 -0.001626 -0.086586 0.049225 0.620956 0.124278 -0.031241 0.035698 0.170470 -0.222226 0.181082 0.316781 0.092917 -0.089179 -0.072763 0.062578
-0.044915 -0.188896 0.090441 -0.052837 0.095426 0.275105 -0.032427 0.372835 0.192074 0.034124 0.102266 0.205236 0.743098 0.188472 -0.081100 -0.028687 0.349655 -0.363315 0.462488 0.126858 0.112029 0.081319 -0.089270 -0.138207
0.163932 -0.204038 -0.105126 0.092481 0.055435 0.132112 -0.146866 0.164304 0.281935 -0.007726 0.027949 0.096548 0.520154 0.003808 0.009034 -0.109017 0.147025 -0.144840 0.567940 0.185541 0.031601 -0.014836 -0.110613 -0.074937
-0.052163 0.037813 -0.002124 0.164305 0.004093 0.354452 -0.177818 0.092815 0.331948 -0.203844 0.262593 -0.291389 0.417904 0.050072 0.149636 -0.042968 0.141433 0.010789 1.080864 0.012312 0.068981 0.085952 0.033776 -0.085409
0.075962 0.119675 -0.103656 0.021449 -0.008314 0.287516 -0.255731 0.169344 0.300019 -0.172123 0.766309 -0.204880 0.503608 0.144465 0.145160 0.185094 0.168454 -0.000899 1.168191 0.094457 0.209051 -0.114633 0.347111 0.269726
-0.082254 0.357583 -0.134426 0.092237 -0.152222 0.278795 -0.088529 0.198786 0.197167 -0.092620 0.872303 -0.260537 0.572765 -0.100412 0.043414 0.205106 0.057441 -0.015620 0.435492 -0.051626 0.289717 0.175405 0.151381 0.262989
-0.261350 0.352765 -0.181676 0.085965 -0.048045 0.486051 -0.090045 0.486151 0.175661 0.047341 0.916982 -0.031471 0.425968 -0.267314 -0.048862 0.425675 0.045815 -0.120462 0.974803 -0.166766 0.327947 0.022447 -0.113527 0.398930
-0.405123 0.269629 -0.158207 0.093798 -0.001096 0.216655 -0.143561 0.229480 0.112720 -0.110739 0.709301 0.025050 0.552353 -0.180448 -0.167853 0.432487 0.063832 -0.058724 0.360075 0.056908 0.173036 -0.105423 -0.144272 0.234563
-0.415352 0.451659 -0.265202 0.170921 -0.094035 0.067297 -0.012366 0.037706 0.399603 0.357441 0.569770 -0.107688 0.228992 -0.070411 -0.239081 0.372723 0.087031 0.132949 0.303862 0.121804 0.224320 -0.305533 0.074682 0.150465
0.038205 0.426528 -0.506294 0.225632 0.070069 -0.026017 -0.102989 0.059362 0.255186 0.130211 0.559471 0.071310 0.172742 0.018003 -0.158989 0.011132 0.159065 0.023963 0.589492 0.172458 -0.194874 -0.474552 0.342175 -0.049630
0.065673 -0.222737 -0.319588 -0.007792 -0.058463 -0.035675 0.648341 -0.538786 -0.022393 0.220613 0.083627 0.108918 -0.024725 0.400438 0.076178 -0.118878 0.223215 0.200985 0.231867 0.266173 -0.121367 0.639167 0.028751 0.038684
0.115092 -0.017997 -0.230951 -0.069494 -0.259028 0.348683 0.460927 -0.195167 -0.031480 0.298409 0.396979 0.206925 0.144812 0.180438 0.117816 -0.551588 -0.130685 -0.149866 -0.064838 0.582561 0.087086 0.365094 -0.118079 0.055436
0.330405 0.283531 -0.074834 -0.291945 -0.299367 0.203037 0.056899 -0.013459 -0.226150 0.260992 0.095476 -0.085282 0.302552 0.054227 0.014114 -0.299598 -0.183175 -0.108201 -0.276714 0.353030 0.186687 0.194497 0.045695 0.073346
0.203728 0.125274 0.082407 -0.098572 -0.041164 0.041037 0.187737 0.046519 -0.155418 -0.068882 0.202264 -0.063416 0.026680 -0.111782 -0.074214 -0.107722 -0.179982 -0.090100 -0.185928 0.429689 0.319169 0.422857 -0.051773 -0.278591
-0.010117 0.179161 -0.045024 -0.324609 -0.074765 0.336875 0.011215 0.255661 -0.192095 -0.375034 0.226454 -0.113900 -0.019007 -0.149422 -0.168467 -0.061483 0.017377 -0.369718 -0.099204 0.489363 0.064744 0.249595 -0.072104 -0.093291
0.063623 -0.098334 0.025217 -0.200807 -0.060149 0.248247 0.090028 0.218412 -0.245572 -0.090887 0.139997 -0.056304 0.072109 -0.006826 -0.085270 -0.037734 -0.057112 -0.347123 -0.215338 0.614764 0.079596 0.383677 -0.080923 0.080008
-0.246500 -0.041133 0.099730 -0.206082 0.028473 0.123499 0.087620 0.119733 -0.225897 -0.258505 0.149075 0.068403 0.158698 0.050063 -0.007099 -0.029671 0.041892 -0.235188 0.025795 0.484561 0.029023 0.380693 -0.211959 0.135271
-0.142029 -0.025557 0.028896 -0.213803 0.186606 0.000086 -0.011883 0.212598 -0.223224 0.053485 0.078885 0.075495 0.092607 -0.063027 0.065598 -0.165609 -0.119195 -0.429993 -0.032111 0.182051 -0.079984 0.191011 -0.066611 -0.111715
-0.110538 0.071779 -0.061637 -0.237719 0.052295 0.088402 0.119981 0.167056 -0.089268 -0.088123 0.008406 0.065663 0.072468 -0.141714 0.164797 -0.269713 0.104524 -0.059100 0.016300 0.153328 0.116774 0.245218 -0.011878 -0.076330
-0.097623 -0.050130 -0.044980 -0.232554 -0.002885 0.081500 0.067149 0.335569 -0.120179 0.097302 0.176051 -0.108438 -0.181932 -0.091413 0.120756 -0.155675 0.039504 -0.200020 0.127325 0.184898 0.153355 0.123988 -0.004236 0.060581
-0.091007 0.275752 -0.067438 -0.258590 -0.116657 -0.072471 -0.059576 0.166705 -0.102461 -0.085209 0.066870 -0.187992 -0.087898 -0.114542 0.087164 0.253073 -0.097871 -0.049955 0.111004 0.275759 0.315559 0.238955 0.209916 0.245955
0.129060 0.311459 -0.085995 -0.246018 0.014052 -0.113504 -0.276867 0.299683 0.046637 -0.222008 -0.033939 -0.143432 -0.019189 -0.058219 0.129729 0.526819 -0.147863 -0.147376 0.045641 0.147498 0.128596 0.030126 0.165922 -0.066631
0.075851 0.011271 -0.034540 -0.135706 0.174235 0.242810 -0.034681 0.291379 -0.023483 -0.256574 -0.037716 -0.150021 0.368030 0.085098 0.132767 0.234679 -0.149612 -0.065350 0.044010 0.254721 0.044926 -0.179776 0.150956 -0.136663
-0.108683 -0.060411 0.054891 -0.066786 -0.000279 0.203571 -0.127551 0.393930 0.023397 -0.103819 0.122646 0.011386 0.213107 0.096862 0.142981 0.024939 -0.119623 -0.082496 0.248962 0.204322 -0.030889 -0.180038 0.145806 -0.089059
-0.146311 -0.133080 0.158098 -0.067971 -0.098937 0.228560 0.128174 0.461583 0.029136 0.050082 0.157922 0.208084 0.421152 0.171929 -0.007609 -0.104001 0.064145 -0.275615 0.273975 0.148412 -0.092676 -0.046545 0.048190 -0.104889
-0.045711 -0.338842 0.060499 -0.008050 -0.004921 0.072520 0.026962 0.249580 0.017925 -0.019508 -0.141434 -0.015043 0.315552 0.032740 -0.000719 -0.196170 0.204872 -0.236756 0.204762 0.041725 0.064997 -0.042006 -0.137213 0.048933
0.099384 -0.083207 0.039535 0.060216 0.013379 0.095115 0.052002 0.277773 0.116259 -0.041109 -0.045725 0.091002 0.179966 -0.045411 -0.156459 -0.101772 0.232466 -0.146856 0.762554 0.021750 0.005004 -0.032575 -0.149015 0.095338
0.115586 -0.059922 -0.045299 0.036540 0.009117 0.217706 -0.099343 0.087395 0.379580 -0.139065 0.231513 -0.078885 0.191948 -0.059185 0.250683 -0.075635 0.054031 -0.271032 1.090589 0.121582 0.009504 -0.037112 -0.146997 0.246394
-0.016619 0.097649 -0.263214 0.058888 -0.217446 0.101652 -0.222490 0.296557 0.432690 -0.103988 0.470944 -0.044981 0.376588 0.124030 0.141829 -0.013086 -0.054898 -0.138635 0.533547 0.156640 0.099723 0.065326 0.124399 0.342480
0.047791 0.318582 -0.159993 0.045714 -0.111529 0.348520 -0.172360 0.283678 0.360044 -0.178504 0.772582 0.034206 0.226202 0.055561 0.225487 0.163241 0.004965 -0.177532 1.192680 0.056086 0.306509 -0.012342 0.185862 0.505745
-0.125820 0.246897 -0.318014 -0.051219 0.022921 0.259133 -0.030322 0.412684 0.185216 -0.054182 0.574090 -0.199566 0.176734 -0.065249 0.085123 0.300056 0.090428 -0.245143 0.921033 0.007221 0.321643 0.112877 -0.055083 0.456444
-0.135993 0.261145 -0.155809 0.179199 0.069365 0.203527 -0.010584 0.168557 0.296400 0.136770 0.214581 -0.236654 0.048716 -0.234480 -0.189277 0.205059 0.100636 -0.102919 0.984182 -0.004329 0.322493 -0.103594 -0.180526 0.289708
0.076755 0.169974 -0.541165 -0.106178 0.121573 0.157340 -0.212836 -0.022005 0.243286 0.298853 0.191613 -0.166346 -0.015414 -0.004992 -0.411317 0.023650 -0.004140 -0.334382 0.911706 0.149252 0.246347 -0.379360 0.276035 0.073411
0.008090 0.324950 -0.519856 0.056858 0.367437 -0.188042 -0.014445 0.007338 0.184301 0.404821 0.116039 0.003985 -0.021149 0.006269 -0.438333 -0.000781 -0.003295 -0.052358 0.812344 -0.171664 -0.113594 -0.366771 0.300653 -0.156683
0.219341 -0.160339 -0.333837 0.236007 0.133483 0.932356 -0.127324 0.037586 0.132364 0.109067 0.005458 -0.000074 -0.251412 -0.027944 0.106641 -0.677839 0.097365 0.070628 0.220582 -0.052077 -0.244365 -0.219588 -0.338293 -0.019454
-0.008735 -0.213753 -0.154370 -0.032131 0.074314 0.372855 -0.208117 -0.128940 0.052387 0.053133 -0.028498 0.106829 0.027404 -0.037607 -0.216444 -0.605559 -0.020131 0.299468 -0.046880 0.245123 0.150215 0.155896 0.231043 0.075144
-0.079267 0.050843 -0.040767 -0.151221 -0.084987 0.171754 -0.213708 0.057161 0.129232 0.262594 -0.141376 0.157071 0.030571 -0.035991 -0.197256 -0.591859 -0.151378 0.079158 -0.219524 0.791249 0.272737 0.005091 0.037039 -0.111306
0.015383 0.445469 -0.153927 -0.232246 0.017123 0.221808 -0.220538 0.172068 0.086603 -0.232124 0.000044 -0.063664 -0.040573 -0.103267 -0.087493 -0.271036 -0.276319 0.100408 -0.365421 0.602516 0.143333 -0.033411 -0.038717 0.036597
0.066818 0.215540 -0.003228 -0.164779 0.077415 0.314655 0.121517 0.189955 -0.059330 -0.280141 0.010108 -0.077069 -0.011463 -0.168054 0.020432 -0.086394 -0.092000 -0.112023 -0.207475 0.531116 0.207869 0.219317 -0.159078 -0.195505
-0.132543 0.312637 -0.027864 -0.092985 0.109325 0.199365 0.121635 0.287798 -0.142097 -0.287248 0.122437 -0.204989 -0.166949 -0.163108 -0.171227 -0.118828 0.025732 -0.275635 -0.296207 0.471860 0.028777 0.146922 -0.147068 0.134306
0.025764 0.081811 0.038642 0.011588 0.022359 0.190077 0.331609 0.177827 -0.180618 -0.007476 -0.069666 0.028353 0.114506 -0.034190 0.098358 -0.221812 -0.061790 -0.432687 -0.226974 0.465768 0.127128 0.267670 -0.130160 0.111850
0.036297 0.064353 -0.191895 -0.106602 0.065157 0.049155 0.364742 0.359922 -0.191747 -0.058717 0.107134 -0.008324 0.003291 -0.043101 -0.031555 -0.236433 -0.010666 -0.315022 -0.101524 0.300196 0.029382 0.074538 -0.052654 0.109298
-0.050443 0.062028 -0.109543 -0.157339 -0.033772 0.225637 0.056248 0.335570 -0.124015 0.102625 0.262214 -0.055610 -0.176544 -0.197846 0.094474 -0.083883 0.016978 -0.313325 0.014264 0.227973 0.151475 0.340342 -0.085491 -0.106320
0.053523 0.131536 -0.037307 -0.164264 -0.129233 -0.041994 0.043139 0.210676 -0.127832 0.203717 0.335847 -0.088463 -0.071866 -0.017577 0.156689 -0.095618 -0.106826 -0.145633 0.030813 0.292734 0.113835 0.208411 -0.022126 0.074040
-0.134054 0.076374 -0.166003 -0.212027 -0.008595 -0.122255 -0.127474 0.195725 -0.010821 -0.091641 0.139364 -0.054777 -0.036451 0.033143 -0.087636 0.144063 -0.050680 -0.024512 0.089514 0.253413 0.215586 0.090060 0.011723 0.086413
0.025067 0.091096 -0.131420 -0.275472 0.207173 -0.144109 -0.184484 0.212123 0.100869 -0.162174 0.090085 0.041118 -0.000247 -0.004466 -0.189587 0.434278 0.069602 0.059329 0.078210 0.095518 0.196434 -0.078340 -0.111144 -0.015854
-0.102368 -0.034722 -0.087333 -0.104611 0.250951 0.234247 -0.177530 0.276671 0.097468 -0.104922 0.172873 0.093436 -0.093437 -0.123212 -0.117318 0.250647 -0.007521 -0.131794 0.084294 0.116040 0.209620 -0.258684 0.206975 -0.122585
-0.060833 -0.170557 -0.038739 -0.158183 0.075475 0.105505 -0.130706 0.409316 -0.212444 -0.270342 0.179172 -0.172669 -0.053896 0.124019 0.271344 0.061930 -0.101585 -0.104822 0.221825 0.299596 -0.041211 -0.203778 0.098935 0.044095
-0.167764 -0.254018 -0.099257 0.030025 -0.099372 0.207536 -0.021667 0.511397 -0.090225 -0.142415 0.138761 0.126007 0.023798 0.071378 0.180848 -0.112943 0.158785 -0.194259 0.372079 0.149522 -0.067429 -0.132590 0.002176 0.096436
-0.080485 -0.250600 -0.027961 -0.110337 -0.177997 0.562993 0.010793 0.668898 -0.214404 0.069028 -0.031458 -0.027315 0.044452 -0.094832 0.101700 -0.116088 0.241166 -0.248413 0.465531 0.027079 -0.045779 -0.140945 -0.084017 0.115054
-0.146566 -0.291410 -0.061597 0.088192 -0.182222 0.516557 -0.190474 0.561417 0.157845 -0.319450 0.168019 -0.224844 0.116625 -0.144230 -0.089187 -0.368225 0.117136 -0.135615 0.861115 0.076147 0.194600 -0.131678 -0.314135 0.166071
-0.051437 -0.333237 -0.178173 -0.139614 -0.083146 0.341994 -0.138528 0.407214 0.382558 -0.218678 -0.005210 -0.137846 0.066309 0.062047 -0.044560 -0.291262 0.311376 -0.061777 0.707507 0.119991 0.113639 -0.058377 -0.204319 0.261410
-0.120687 -0.008285 -0.250422 -0.036652 -0.035437 0.230922 -0.062835 0.237407 0.811863 -0.139690 0.343117 0.052477 0.160563 -0.001295 0.038472 -0.140500 0.148964 -0.091110 0.697298 0.211974 -0.012853 -0.005128 -0.170485 0.163983
-0.179334 0.248921 -0.235043 0.015142 -0.160495 0.089874 0.165832 0.370056 0.650912 -0.026187 0.526474 -0.037081 0.335486 0.021593 0.148504 -0.114905 0.269764 -0.049121 0.621765 0.285981 0.105435 0.078248 0.055634 0.239666
-0.169555 0.000489 -0.312267 0.117011 0.088269 -0.010474 -0.037563 0.079379 0.257689 -0.035287 0.283819 -0.088428 -0.153356 -0.264837 0.159606 0.051454 0.207804 -0.130134 0.793929 0.179594 0.170200 -0.069647 -0.041735 0.506441
0.048405 -0.018328 -0.285411 -0.038211 0.244104 0.186396 -0.058336 0.253680 0.297447 0.296852 0.068012 -0.366684 -0.294004 -0.124518 -0.224893 0.113556 0.121473 -0.087331 0.532959 0.153927 0.070666 -0.320581 0.205731 0.266154
0.361388 0.020113 -0.388676 -0.044435 0.221214 -0.236261 -0.107950 -0.055181 0.115512 0.466406 -0.523085 -0.168201 -0.416825 -0.262334 -0.365186 0.086386 -0.177470 -0.133390 0.643639 -0.205351 0.226146 -0.272763 0.033422 0.238293
0.403373 0.121707 -0.500088 -0.046029 0.495717 -0.056692 0.134256 0.272045 -0.080248 0.728003 -0.063051 0.034421 -0.163316 -0.385129 -0.339507 -0.191302 -0.166340 -0.336718 0.689473 -0.514341 0.196267 -0.095753 0.191079 0.235514
0.077160 -0.119324 -0.126824 0.009004 -0.365157 0.667248 -0.174920 -0.048304 0.090324 -0.002467 0.157313 0.042913 -0.024214 -0.051561 -0.125914 -0.844256 -0.128680 0.193516 -0.449381 -0.308544 0.094449 -0.324536 -0.122893 -0.148077
0.117231 -0.358301 0.127378 -0.067157 -0.075682 0.638218 -0.472704 -0.018595 0.279779 0.155869 -0.270664 0.168521 -0.019102 -0.154533 -0.214738 -0.591107 -0.290311 0.168135 -0.336528 0.067470 0.378071 -0.256856 -0.199774 -0.064166
0.104080 -0.088716 -0.100886 -0.182827 0.461560 0.302330 -0.163893 0.044854 0.220137 -0.090194 -0.410316 -0.040629 -0.294929 -0.264056 -0.342436 -0.303423 -0.053079 0.174201 -0.183491 0.440221 0.195907 -0.157143 -0.059959 -0.533522
0.143139 0.252159 -0.252625 -0.086040 0.179283 0.268238 -0.107077 0.184058 0.247240 0.056418 -0.221011 0.206414 -0.357351 -0.241116 -0.198554 -0.075037 -0.193426 -0.070169 -0.227387 0.787657 -0.057394 -0.146535 -0.147030 -0.344468
0.072879 0.377024 -0.383454 0.104078 0.215998 0.596977 0.088094 0.263825 0.091079 -0.203058 -0.120090 0.018004 -0.567010 -0.085423 -0.090181 -0.144094 -0.006583 -0.177939 -0.631805 0.629745 0.143899 -0.215925 -0.011116 -0.017916
-0.265526 0.474447 -0.025630 -0.064219 0.306844 0.242517 0.349092 0.109678 0.043240 0.113573 -0.075779 -0.090998 -0.375463 -0.137110 0.136408 -0.202811 0.064531 -0.143410 -0.493139 0.765621 0.144842 -0.080159 -0.304843 0.060983
-0.075734 0.194094 -0.203505 -0.041763 0.065411 0.360796 0.220821 0.130050 -0.082068 0.114170 0.035921 -0.116421 -0.189792 -0.063865 0.118028 -0.310621 -0.016815 -0.166547 -0.440362 0.396107 0.117444 -0.089286 0.011767 0.237832
0.063776 0.137896 -0.074412 -0.078542 -0.095334 0.329165 0.224914 0.274088 -0.088623 0.032755 0.022001 -0.029071 -0.113160 0.173944 -0.077409 -0.215743 0.040224 -0.217005 -0.396711 0.430645 0.200481 0.056851 -0.063357 0.255496
0.211851 -0.104795 -0.604984 -0.202163 -0.194155 0.275854 0.255118 0.393964 0.036540 0.171797 0.500971 -0.002203 -0.218914 0.108968 0.119389 -0.119246 -0.054956 -0.205178 -0.241095 0.488171 -0.024003 -0.163679 -0.165082 0.343194
0.290213 0.160318 -0.264903 -0.273184 0.037797 0.134942 0.065724 0.171011 -0.160151 0.201375 0.090665 -0.043509 -0.224833 0.229437 -0.051857 0.210751 0.069000 -0.006426 -0.169800 0.396862 0.115769 -0.051906 -0.245892 0.064683
0.241922 0.185015 -0.313329 -0.383315 -0.004437 -0.221480 0.082047 0.300010 0.061965 0.234615 0.111398 0.035382 0.043084 0.114902 -0.038283 0.346568 -0.020477 -0.052379 -0.062758 0.337768 0.186955 -0.140356 -0.149570 -0.144363
-0.078918 -0.142336 -0.333414 -0.229372 0.202599 0.063143 -0.057677 0.311744 0.338521 0.143584 -0.005580 0.105475 -0.019554 0.063670 -0.202010 0.243456 0.007963 0.114232 -0.145061 0.349217 0.109715 -0.368681 0.022451 0.079761
-0.147427 -0.172869 -0.160137 -0.152668 0.227376 -0.232087 -0.050437 0.266563 0.429571 -0.091681 0.138587 0.044517 -0.048063 0.227676 -0.158200 0.443895 0.184898 -0.114639 -0.006597 0.438573 -0.053042 -0.326364 -0.133595 -0.014523
-0.138030 -0.418502 -0.074077 0.050069 0.086930 -0.086281 0.020726 0.293783 0.213518 -0.013340 0.025800 -0.174966 -0.205136 0.124062 -0.006377 0.339344 0.281891 -0.062326 0.059042 0.274300 -0.084728 -0.137631 0.007215 0.155206
-0.124111 -0.150612 -0.059167 0.061894 0.137164 0.086108 -0.048094 0.629464 -0.207305 -0.073089 0.114564 -0.336906 -0.265332 0.110677 0.223427 0.016694 0.207281 0.017521 0.282599 -0.007335 -0.325471 -0.123744 -0.007654 0.018401
-0.055950 -0.226631 -0.163101 0.014095 0.056603 0.511183 -0.067138 0.958758 0.256683 0.061735 0.088835 -0.411156 -0.316110 0.041851 0.012730 -0.071456 0.281225 -0.137061 0.908231 -0.007726 0.080594 -0.214364 -0.290349 -0.102303
0.072203 -0.198227 -0.225244 -0.167152 0.183808 0.690116 -0.084508 0.820350 0.394612 -0.038279 0.126953 -0.387885 -0.023241 -0.131292 -0.033981 -0.093214 0.231725 -0.188447 0.843951 0.007761 0.341855 -0.190096 -0.118363 0.120405
-0.022544 -0.154731 -0.278835 -0.131955 0.228994 0.626847 -0.133979 0.675326 0.674369 -0.096644 0.576036 -0.073628 -0.039779 0.097473 -0.251085 -0.345935 0.027423 -0.045312 0.552210 0.149380 0.323259 -0.223560 -0.057224 -0.106871
-0.062505 0.052838 -0.301464 -0.178690 0.104829 0.375729 0.180617 0.183337 0.796358 -0.092663 0.403570 0.174623 0.092420 0.278853 -0.074064 -0.041696 0.043796 -0.160708 0.741164 0.006406 0.182927 -0.112834 0.054898 -0.120096
-0.066430 0.081815 -0.488573 0.082090 0.190715 0.140458 0.057997 -0.013637 0.802509 -0.064132 0.750006 0.086325 0.074426 0.001762 0.169193 -0.016247 0.164397 0.056888 0.692522 0.024864 -0.160333 -0.257677 0.004799 -0.017573
-0.152685 0.328748 -0.471296 0.158525 0.241272 0.209658 -0.146340 0.091450 0.515722 -0.296766 0.469980 0.002274 -0.165145 -0.253015 0.005487 -0.029790 0.136511 0.114214 1.037705 0.011187 -0.225604 -0.304250 0.177481 -0.121297
0.303439 0.109056 -0.534174 0.111872 0.241572 0.216353 -0.267409 -0.145464 0.006909 -0.064938 0.220828 -0.122690 -0.142862 -0.336694 -0.156340 0.045619 0.115084 0.229479 0.836347 -0.038189 0.010585 -0.406944 0.058536 0.141378
0.287181 0.221755 -0.120258 -0.211137 0.272614 0.078968 -0.192360 0.136494 -0.361759 0.382345 -0.130138 -0.012321 -0.338190 -0.149689 -0.260096 -0.038271 -0.446175 0.195881 0.342552 -0.286431 -0.051007 -0.345187 0.224920 0.045052
0.193110 0.282071 -0.307369 -0.234029 0.427643 -0.384062 0.434804 0.411769 -0.525764 0.592807 -0.523803 0.146410 -0.230038 -0.119830 -0.143843 -0.130631 0.014928 0.025293 0.927721 -0.525667 0.158346 0.193768 -0.261222 0.424892
1.081592 -0.031532 0.073922 -0.482536 -0.410738 0.012676 -0.124964 -0.043918 -0.359779 -0.022681 0.338911 0.110868 0.041853 0.169536 0.296781 0.222693 -0.499262 0.052743 -0.647682 -0.356728 0.014950 -0.491244 0.289039 0.007631
0.253515 -0.060414 -0.284584 -0.182109 -0.184050 0.359720 0.199832 -0.043486 -0.046540 0.315182 -0.223089 -0.231506 -0.160569 0.275974 -0.029297 -0.498059 -0.055363 -0.147911 -0.295359 0.044038 0.279319 -0.046939 -0.400515 -0.315647
0.354811 -0.557459 -0.535567 -0.103979 -0.043771 0.474437 -0.018294 0.081486 0.009454 0.096347 -0.325129 0.009275 -0.051345 -0.034111 0.002137 -0.229745 -0.092248 0.023386 -0.312758 0.076563 0.284273 -0.368069 -0.458496 -0.266405
0.595065 -0.320535 -0.703386 0.041462 0.532063 0.473017 0.170800 0.439718 0.221716 0.082596 -0.592199 -0.150490 -0.549480 0.045669 0.218287 0.153407 0.062332 -0.315560 -0.101333 0.457334 -0.288319 -0.394734 -0.897632 -0.517586
0.268218 0.415681 -0.567791 -0.102773 0.070191 0.498351 0.229304 0.250593 0.276797 0.432157 -0.573917 -0.168083 -0.373778 0.098326 -0.082192 0.243312 -0.019901 -0.301046 -0.470176 0.554984 0.018279 -0.379198 -0.316110 -0.154280
-0.025589 0.049057 -0.506099 0.040773 -0.303417 0.508726 0.269592 0.083801 -0.009954 0.653093 -0.321682 -0.264953 -0.562378 0.681327 -0.014264 -0.111488 0.037712 0.184567 -1.156837 0.824018 -0.032587 -0.348679 -0.120620 -0.103721
-0.382901 0.052099 -0.545039 -0.174093 0.181869 0.261084 0.287919 0.257603 -0.011245 0.619469 -0.085124 -0.232943 -0.251046 0.227408 0.078905 0.023273 0.171829 -0.277208 -1.073548 0.626037 0.031163 -0.512342 -0.250044 0.045082
-0.043006 -0.256102 -0.889932 -0.130669 -0.192478 0.326214 0.029937 0.253055 0.265927 0.761890 -0.017664 -0.067824 -0.285955 0.436546 0.181601 -0.073035 0.252687 -0.106799 -0.789360 0.185864 -0.030942 -0.277408 -0.251698 -0.014486
-0.059269 -0.255616 -0.657853 -0.396021 -0.319552 0.074758 0.129908 0.172682 -0.170621 0.210246 -0.175285 0.000642 0.074552 0.503328 0.158022 0.199849 0.235876 -0.072004 -0.169102 0.518411 0.222110 -0.171626 -0.285638 0.002082
-0.006381 0.016126 -0.827105 -0.342795 -0.010451 0.042892 0.405197 0.572217 -0.071841 0.373637 0.209620 0.096274 -0.152252 0.292045 -0.048738 0.379298 -0.174155 -0.017805 -0.059001 0.798972 -0.223348 -0.293603 -0.047129 0.156321
-0.052145 0.149703 -0.821398 -0.455686 0.199201 0.142184 0.199815 0.426789 -0.051726 0.290353 -0.028571 0.404494 0.023126 0.710524 0.040868 0.416530 -0.031158 0.107662 -0.003648 0.578139 0.015961 -0.439136 -0.031568 -0.004503
-0.440113 0.175508 -0.312305 -0.230817 -0.259624 0.107677 0.196648 0.271432 0.315851 0.248422 -0.104652 0.103560 -0.095543 0.527531 -0.234655 0.367529 0.016778 0.055868 -0.347499 0.501678 0.098092 -0.428492 0.141959 -0.179499
-0.765350 -0.225689 -0.065359 -0.275199 -0.162890 0.006418 -0.241202 -0.022988 0.487885 -0.011149 -0.279943 -0.016255 -0.302851 0.626184 0.060694 0.209631 0.091450 0.129103 -0.365309 0.411442 0.144965 -0.242559 0.169629 0.347926
-0.560644 -0.625229 -0.133863 -0.140719 -0.119070 -0.337740 -0.527096 0.406990 0.207709 0.042628 0.019931 -0.257329 -0.533569 0.473437 0.033922 0.506878 0.213802 0.259027 -0.292953 0.298664 -0.207596 -0.104230 -0.117094 0.206504
-0.248018 -0.582727 0.181434 0.039257 -0.107805 0.140625 -0.133323 0.669402 0.056924 0.005541 -0.166879 -0.238619 -0.528537 0.105988 -0.196868 0.086253 0.383447 0.244280 0.450714 -0.140268 -0.350275 0.029559 -0.014170 0.021615
-0.145369 -0.280973 -0.331124 -0.135219 0.130762 0.127073 -0.028083 0.899764 0.457472 -0.125487 0.302130 -0.635914 -0.408767 -0.016117 0.161312 -0.247206 0.288168 0.040098 0.670673 -0.071014 0.147705 -0.173516 -0.075979 0.154771
0.221978 -0.418986 -0.625174 0.221508 0.337350 0.083843 0.226917 0.731622 0.843908 0.227098 0.152234 -0.404584 -0.366632 -0.333855 -0.379754 -0.394642 0.375326 -0.517128 0.672679 0.045663 0.299625 -0.249390 -0.496099 -0.015315
0.325142 -0.131834 -0.485227 -0.429515 0.563322 0.248586 0.127954 0.358141 0.891634 0.506910 0.329634 0.233284 -0.276068 0.298584 -0.052706 0.170450 -0.037449 -0.505614 1.131595 0.065225 0.372225 -0.463377 -0.216777 -0.194183
-0.141296 0.112542 -0.319128 0.014776 0.704788 0.295412 0.419989 0.575650 0.610967 0.032244 0.517456 0.196903 -0.288734 0.054533 -0.284642 -0.226368 -0.029332 -0.169102 0.855181 0.060683 0.457850 -0.521402 0.110734 -0.056646
-0.063652 0.768421 -0.733593 -0.057684 0.705723 0.519869 0.038438 0.218610 0.593497 -0.135675 0.496711 0.669924 -0.361184 0.593120 0.030080 0.300665 -0.117261 -0.124992 1.046463 -0.293959 -0.299517 -0.628879 0.169970 -0.531823
0.441979 0.645489 -0.910684 0.193264 0.715614 0.406233 0.017467 0.156651 0.604491 -0.513347 0.779455 0.264105 -0.190395 0.223712 -0.056670 -0.141043 0.167290 0.425439 0.988036 -0.353672 -0.240454 -0.355806 0.089247 -0.279120
0.205391 0.708202 -0.625724 -0.175584 0.320264 0.460602 -0.210443 0.248383 0.215472 -0.512471 0.001351 -0.093444 -0.411427 0.001761 -0.095754 -0.033438 0.032830 0.421135 0.934955 -0.069784 -0.092396 -0.235366 0.035948 -0.107578
0.125157 0.854315 -0.210305 -0.113817 0.313163 0.179907 -0.096805 0.195914 -0.404755 -0.284005 -0.168232 -0.021432 -0.056766 -0.232846 0.267429 0.013975 -0.112085 0.598219 0.971177 -0.286234 -0.025584 0.281636 -0.249165 0.253238
0.361294 0.495921 -0.473002 -0.537084 0.485696 0.054507 0.064383 0.039894 -0.606050 0.149356 -0.279696 -0.040488 -0.183897 -0.007724 0.055606 -0.256486 -0.139689 -0.019210 0.075295 -0.026284 0.013734 -0.314947 -0.175814 -0.043965
0.649666 0.006261 0.063534 -0.778773 0.367885 0.221474 -0.027199 -0.049370 -0.037291 -0.076803 -0.181320 0.351035 -0.185493 -0.068225 0.254580 0.199154 0.156041 0.213352 -0.183229 0.066283 0.128668 -0.063120 0.035913 -0.451023
0.445593 0.134651 -0.175054 -0.070677 0.402401 -0.019975 -0.378785 0.380036 0.060004 0.054685 -0.099958 0.236153 -0.148350 0.205118 0.811384 -0.167677 0.382551 0.169251 0.003991 0.013368 -0.312761 0.033300 -0.408255 -0.377848
-0.056376 0.439527 -0.108876 0.321627 0.093907 -0.097718 -0.379939 0.254089 -0.143163 0.174571 -0.105260 -0.334898 -0.209454 0.124703 0.357236 -0.419853 0.032208 0.011496 0.246468 -0.108447 -0.368597 0.236744 -0.282654 0.077481
-0.002995 0.411038 0.002297 0.315772 -0.396546 -0.062969 0.160008 0.206848 -0.138138 0.236386 -0.028030 -0.387399 -0.305581 -0.236288 0.090917 -0.275089 0.084427 0.065261 0.437347 0.006229 -0.386103 0.244855 -0.078239 0.396964
0.255502 0.207620 -0.392291 0.349111 -0.391472 0.123307 0.271919 0.339016 0.034170 0.029167 0.166065 -0.142274 -0.279124 -0.443476 0.070436 0.032504 0.259966 -0.241846 0.348885 0.000262 -0.469302 -0.172901 0.099236 0.217138
0.413360 0.367178 -0.191761 0.713124 0.265465 -0.141332 0.447121 0.192799 0.586324 -0.287758 -0.093375 -0.350887 0.027440 -0.281620 -0.052838 0.117678 0.195069 -0.000761 0.169643 0.127038 -0.093366 0.174407 -0.048637 0.316386
-0.092590 0.179706 0.156260 0.975436 0.334452 -0.259298 0.263302 -0.195669 0.086461 -0.163154 -0.032214 -0.320570 0.374737 0.253494 -0.015134 0.357283 0.218861 0.217847 -0.058751 -0.026841 0.377463 0.640674 -0.175158 0.030119
-0.332011 -0.238244 0.157362 0.676550 -0.032788 0.096687 -0.040256 -0.079326 -0.256832 0.069541 0.205123 -0.021770 0.849490 0.572963 0.360990 0.329241 0.265164 0.366198 -0.534955 -0.230156 0.610301 0.275604 0.098341 -0.095200
-0.451688 -0.033086 0.070021 0.244644 -0.031003 0.336881 0.141074 0.051650 0.481514 0.214602 0.312906 0.070594 0.447576 0.239358 -0.186627 -0.011754 -0.206611 0.027350 -0.593665 -0.205702 0.041033 -0.169627 0.010331 -0.114897
-0.471212 0.145970 0.083579 0.204782 0.066293 0.552892 0.307735 -0.265421 0.602279 0.064347 -0.015360 0.196805 0.330437 0.177088 -0.501075 -0.230582 -0.276994 0.121664 -0.422121 0.161585 -0.118754 0.066063 0.175961 0.064626
-0.239237 0.034331 -0.044268 0.111479 0.035318 0.502818 0.268696 -0.435428 0.058344 0.029021 -0.369110 0.312470 0.326272 0.282617 0.007804 -0.049254 -0.155137 0.115120 0.285981 0.349686 0.120096 0.004967 0.458975 0.002118
0.013981 -0.086360 0.057610 0.348704 0.152858 0.138619 0.273650 -0.112416 -0.089489 -0.150638 -0.259756 0.129764 0.428761 0.023477 0.146627 0.001247 -0.014976 -0.110020 0.563625 0.389766 -0.104709 -0.044875 0.542071 -0.014669
0.070458 0.128615 0.112853 0.091782 -0.052820 -0.138754 0.151817 0.241626 -0.120535 -0.118019 0.038364 -0.263724 0.225550 -0.105376 0.056902 -0.067364 0.033261 -0.357894 0.564553 0.161839 -0.168381 -0.176011 0.500129 -0.043971
0.145540 0.200930 0.094171 0.303248 -0.112746 -0.038665 -0.008509 0.186936 -0.067231 -0.067996 0.079215 -0.233096 0.180597 -0.174792 -0.285560 -0.135949 0.116450 -0.290683 0.401086 0.134437 -0.057818 -0.102016 0.232362 0.144188
0.139242 -0.152997 0.107487 0.464992 0.025950 -0.011344 -0.044159 -0.008576 0.001874 -0.047131 0.043872 -0.253586 0.134981 -0.099080 -0.254888 -0.112885 0.219102 -0.205849 -0.015941 0.093362 0.132787 -0.038012 -0.087796 -0.068278
0.155193 -0.131473 -0.207644 0.146935 0.125178 0.027433 -0.126058 -0.126076 -0.321667 -0.291700 0.101008 -0.257189 0.292854 0.023522 -0.131982 0.122879 0.112686 -0.109491 -0.075687 0.122184 0.351510 -0.051923 -0.080188 0.018015
-0.074742 -0.057931 -0.299769 -0.165322 0.011683 -0.022464 -0.120447 0.101564 -0.166101 -0.291504 0.198372 0.037502 0.080651 0.240170 0.211369 0.089407 0.217271 0.152355 -0.113325 0.076898 0.251352 -0.158770 0.058339 0.057517
0.247313 0.082044 -0.432163 -0.245492 -0.070567 -0.113344 0.076224 0.022919 -0.106703 0.144677 0.051548 0.172619 -0.017512 0.101900 0.473417 0.059511 0.283662 0.035873 -0.103097 -0.115684 -0.234899 -0.035828 -0.027038 -0.060391
0.698478 -0.346329 -0.343302 -0.058429 0.088879 -0.080498 -0.177096 -0.061892 -0.350206 0.471205 -0.209092 -0.068178 0.145611 -0.055702 0.004434 0.228477 0.340355 0.025666 -0.166751 -0.091013 -0.395170 0.079818 -0.167290 0.212411
0.689822 -0.049576 -0.225674 0.132581 0.180945 -0.076444 -0.122085 -0.167159 -0.157657 0.438236 -0.407431 0.140580 0.123522 -0.255795 -0.130344 0.165260 0.113458 -0.028907 0.111235 -0.116372 -0.004518 0.133166 -0.247429 0.101380
0.159222 -0.030692 -0.213763 0.146812 0.212732 0.312768 -0.077873 -0.049770 0.119498 0.405904 -0.299182 0.343319 0.050906 -0.156583 0.105946 0.013711 0.118379 0.018865 0.145076 -0.073026 0.078926 0.027006 -0.339619 -0.223181
0.113242 -0.524814 -0.004100 -0.032717 0.148950 0.702585 -0.413946 -0.080484 0.251124 0.690507 -0.271265 0.503891 0.130669 -0.089975 -0.098073 0.119002 0.143926 -0.164771 0.120990 -0.137731 0.147341 -0.054801 -0.385376 -0.268710
0.441607 -0.774637 0.341531 0.053152 0.365858 0.710056 -0.319605 -0.200503 0.612346 0.493640 -0.280722 0.680798 0.172063 -0.111661 0.081756 0.063942 0.351986 -0.336907 0.043388 -0.148341 0.010795 0.245778 -0.415318 -0.145952
0.592329 -0.433187 0.372517 0.057310 0.387714 1.000962 -0.205788 0.104559 0.604776 0.246240 -0.110353 0.435383 0.260849 -0.204074 0.357001 -0.004899 0.503065 -0.551604 -0.046908 -0.194350 -0.025967 0.513989 -0.267557 -0.201363
0.045838 0.068239 -0.014962 -1.008210 0.170956 0.010589 -0.030845 -0.248440 -0.210722 -0.094575 -0.149713 0.319214 -0.180133 -0.071182 -0.167377 -0.152238 -0.011687 0.043313 -0.151644 0.000330 0.278795 -0.124570 0.234340 -0.282321
0.244282 0.061426 0.131588 -0.366092 0.205398 -0.191832 -0.275847 -0.057508 -0.064700 0.084712 -0.208210 0.017520 -0.137186 -0.058391 0.362159 0.013964 0.367507 0.113848 -0.173892 0.135416 -0.092895 0.048944 -0.155595 -0.197533
0.048793 0.184406 0.080491 -0.038550 0.090055 -0.162054 -0.206463 0.123359 -0.076506 0.301458 -0.048813 -0.267418 -0.230964 0.190845 0.521067 -0.003656 0.086151 0.010506 0.257563 -0.152208 -0.478968 0.152383 -0.275386 -0.202065
0.022033 0.192027 -0.161958 0.240586 -0.148342 0.059165 -0.091447 0.154542 -0.132162 0.238790 -0.065333 -0.306265 -0.250982 -0.072759 0.444872 -0.190319 -0.012324 -0.112299 0.314605 -0.102892 -0.400537 0.089378 -0.338862 0.167129
0.310054 0.255087 -0.059940 0.163803 -0.278888 0.095920 0.041324 0.120700 -0.195482 -0.046736 -0.116165 -0.432782 -0.324452 -0.179689 0.257049 -0.140481 0.095090 -0.013052 0.130922 -0.005020 -0.446564 -0.041544 -0.083375 0.192428
0.328609 0.354678 0.134935 0.297345 -0.231488 -0.149507 0.126840 0.157779 0.242890 -0.212017 -0.131105 -0.593327 -0.403809 -0.166485 -0.021344 0.150143 0.021978 0.104824 0.062462 0.095743 -0.507322 0.079047 -0.074917 0.123565
0.154235 0.425280 -0.004805 0.572179 0.292629 -0.250260 0.210098 0.252204 0.147806 -0.072359 0.069030 -0.484977 -0.081853 -0.034222 0.183008 0.241337 -0.160763 -0.085783 0.084943 0.081383 0.134706 0.461451 -0.108360 0.135066
-0.040938 0.212579 -0.173931 0.849121 0.198579 -0.067563 0.061059 -0.025002 -0.052352 0.067374 0.119347 -0.088827 0.429115 0.206629 0.446109 -0.015226 0.096090 -0.003644 -0.253061 -0.177553 0.150910 0.438843 -0.050059 -0.111414
-0.071124 -0.082285 0.108142 0.629844 0.122486 0.113807 0.083414 -0.102796 0.090724 -0.042412 0.086805 0.128953 0.221992 0.282023 0.166626 -0.042662 0.093827 0.213766 -0.405293 -0.307871 0.130401 0.113989 0.093864 -0.169202
-0.327467 0.193575 0.108740 0.257701 0.088466 0.119182 0.206959 -0.358876 0.532166 0.152619 -0.120746 0.138214 0.394038 0.120304 -0.361053 -0.016527 -0.026003 0.203661 -0.380158 -0.104530 0.120285 0.127328 -0.028738 -0.018987
-0.307906 0.095666 0.059445 0.307642 -0.048785 0.269535 0.275219 -0.339016 0.244036 0.087988 -0.239697 0.217092 0.098461 0.120523 -0.013267 -0.066451 -0.053223 0.205283 -0.112307 -0.016936 0.229267 0.111197 0.168242 0.187270
-0.018830 0.191384 0.022933 0.418758 0.162606 0.159147 0.246313 -0.023784 0.137469 -0.080763 -0.129023 0.145251 0.103972 0.116203 0.154281 -0.322234 -0.166920 -0.012815 0.356461 0.194167 -0.170580 -0.016842 0.140529 0.006126
0.136543 0.383905 0.068428 0.092229 -0.063543 -0.003286 0.489608 -0.128463 -0.156875 -0.112624 0.183291 -0.172174 0.180301 0.048348 -0.158285 0.132932 -0.093231 0.038102 0.168651 0.240962 -0.176102 0.006695 0.169835 0.003581
-0.113523 0.096126 0.152093 0.125409 -0.165854 0.001496 0.184864 0.116412 -0.066168 0.011061 -0.080414 -0.506646 0.118897 0.073698 -0.202270 0.150599 -0.006033 -0.013796 0.233146 0.240915 -0.178440 0.009082 0.076410 0.025444
0.115125 0.167627 0.059979 0.473591 -0.067488 0.166273 -0.083294 0.124879 0.095213 0.187354 -0.039732 -0.218832 0.093715 0.031653 -0.217882 -0.080584 0.101340 0.021037 0.088556 0.059798 0.131822 0.073550 0.082964 0.065997
0.104250 -0.063641 0.133355 0.280823 0.077837 0.244116 -0.232537 -0.103451 0.102872 0.009121 0.120483 -0.236784 0.252408 0.049788 -0.177632 -0.080756 0.176529 -0.123423 -0.027578 0.121479 0.455326 0.132161 0.087561 0.201721
-0.074901 0.253058 -0.263131 0.042827 -0.001692 0.105101 -0.035812 -0.055720 0.085167 0.009997 0.009876 -0.134058 0.018668 0.143494 -0.104319 0.247875 0.046034 0.042194 -0.225642 -0.100773 0.454377 -0.059088 0.099405 0.169449
-0.047906 0.206430 -0.280680 -0.113894 0.107610 0.063673 -0.051355 0.029883 -0.125706 0.113645 0.074125 -0.053150 -0.132831 0.129757 0.007447 -0.195407 0.075628 0.111338 -0.039151 -0.260662 -0.091262 -0.102975 0.135334 0.106943
0.480371 0.044181 -0.296860 0.110288 0.240204 0.119096 -0.095366 0.051679 -0.106702 0.191612 -0.108540 -0.030617 0.178492 0.007425 -0.082198 -0.104391 0.184652 0.069728 0.033224 -0.104484 -0.295525 0.085114 0.075813 0.058487
0.580904 0.102530 -0.109718 0.129224 0.195627 0.107656 -0.236802 -0.024659 -0.116227 0.159921 -0.229248 -0.103438 -0.139400 -0.018622 -0.400343 -0.002633 0.182258 0.040093 -0.049232 -0.172994 -0.125364 0.145422 0.139711 0.006030
0.069830 0.166208 -0.160142 0.108295 0.031031 0.256767 -0.085381 -0.119986 0.032359 0.301726 -0.106420 0.004837 -0.140755 -0.176086 -0.095361 -0.014879 0.267007 0.070538 -0.065805 -0.136132 -0.058210 0.201529 -0.042825 -0.021188
0.179937 -0.269140 -0.185920 -0.112523 -0.076884 0.705291 -0.129162 -0.059817 0.359377 0.570707 -0.297696 0.058324 -0.023342 -0.213741 -0.069483 0.043823 0.139624 -0.138563 0.158035 -0.279777 -0.133149 0.029365 -0.148976 -0.177922
0.390250 -0.525153 0.057177 -0.073449 0.123209 0.876993 -0.301332 -0.158110 0.658705 0.580997 -0.234940 0.372735 0.025321 0.044011 -0.072433 0.005355 0.396548 -0.109747 0.134709 -0.059434 -0.118119 0.138059 -0.257944 -0.230980
0.327933 -0.565493 0.184967 -0.109291 0.045470 1.137478 -0.542731 -0.253470 0.841838 0.422105 -0.191190 0.459191 0.305736 0.019829 0.287107 -0.009819 0.664646 -0.365841 0.127108 0.042297 -0.113241 0.342363 -0.251967 -0.185548
0.019674 0.139367 -0.115412 -1.043904 0.074485 -0.020383 -0.340588 -0.129152 -0.096778 -0.065858 -0.036351 0.388207 -0.119037 0.051764 -0.337288 -0.100078 -0.232665 0.058667 -0.288127 -0.112811 0.336477 -0.299145 0.325029 -0.261220
0.281209 0.078637 0.092035 -0.878428 0.072529 -0.265292 -0.180026 -0.030955 -0.046797 0.124294 -0.074925 0.202942 -0.048421 -0.137497 -0.007811 -0.046776 0.093863 -0.183860 -0.042130 0.108603 0.103545 -0.215473 -0.092769 0.003223
-0.022532 0.077187 0.119321 -0.494167 -0.044420 -0.300632 -0.164811 -0.044471 -0.059736 0.364726 -0.019860 -0.054009 -0.248089 -0.129819 0.204585 0.065525 0.000948 -0.015829 0.402644 -0.134976 -0.397479 0.091574 -0.161175 -0.131913
0.163914 -0.075960 -0.092224 -0.198031 -0.037081 0.012682 -0.170496 -0.217339 0.014296 0.373787 -0.125556 -0.263239 -0.194232 -0.116226 0.360604 0.078034 -0.110939 0.134810 0.242887 -0.172958 -0.445257 0.133947 -0.103093 0.121425
0.247722 0.108403 -0.074769 -0.114099 -0.052228 -0.074164 -0.078345 -0.035304 -0.006548 0.028923 -0.237290 -0.417871 -0.116198 -0.001495 0.355135 0.041605 -0.005788 0.188301 0.020769 0.038170 -0.607566 -0.026250 -0.244897 0.051879
0.307207 0.218651 0.015817 -0.130617 0.028279 0.066893 0.015787 0.271679 -0.022122 -0.080367 -0.299880 -0.513656 -0.268887 0.020129 0.007415 0.204778 0.128829 0.180298 0.236861 0.156488 -0.467521 -0.052345 -0.344805 0.019191
0.056880 0.231596 -0.036167 0.109950 0.002133 -0.251376 0.111787 0.468999 0.120144 -0.175294 -0.093830 -0.588947 -0.484497 -0.237331 -0.056682 0.198448 0.019292 0.079454 0.040406 0.094149 -0.156687 0.132438 -0.175422 0.013479
0.066054 0.115451 -0.225185 0.549607 0.001797 -0.061837 -0.085308 0.087971 -0.019721 -0.145265 -0.087176 -0.294646 -0.185993 0.137222 0.415031 0.064361 -0.044958 0.082738 -0.182489 -0.008834 -0.034858 0.153778 -0.115718 -0.069634
0.177264 -0.002008 0.067674 0.385961 0.003295 -0.191646 -0.189744 -0.248995 -0.138425 -0.036094 -0.091102 -0.045187 -0.056237 -0.022590 0.317458 -0.094542 0.103214 0.035481 -0.297128 -0.148535 -0.122650 0.081194 0.037746 -0.157470
-0.122932 0.180530 0.052101 0.109861 0.009091 -0.201229 -0.008552 -0.158368 0.212894 0.066366 -0.098508 -0.106578 0.134075 -0.194571 -0.027517 -0.026453 0.034761 -0.109525 -0.286146 -0.250336 -0.123761 0.002734 0.021215 -0.084637
-0.321019 0.045913 -0.004630 0.006848 -0.026626 -0.177198 0.229584 -0.152129 0.200315 -0.013802 -0.352419 0.128438 0.151511 0.034345 -0.170755 -0.052049 0.058537 0.300928 0.018590 0.021704 -0.082172 0.134123 0.032996 0.225090
-0.244513 0.102867 0.176985 0.219479 -0.133141 -0.155032 0.029579 -0.260419 -0.044527 -0.214585 -0.086068 0.049397 -0.022900 0.060811 -0.230737 -0.229237 0.018147 0.254547 0.157491 0.147172 -0.051371 -0.035230 0.031942 0.087376
-0.121445 0.226536 0.093974 0.184018 0.068696 -0.243203 0.246966 0.009196 -0.049759 -0.109527 0.174057 -0.151904 0.248584 0.022278 -0.257029 0.053516 -0.250238 0.171872 0.178134 0.111786 -0.199628 0.010466 -0.201722 -0.114690
-0.179292 0.364168 0.171057 -0.141579 0.140534 0.050305 0.172442 0.025452 -0.169760 0.007257 0.029123 -0.201740 0.042469 0.017647 -0.224103 0.058216 -0.177507 0.106395 0.101765 0.147641 -0.107635 0.082862 -0.084392 -0.254771
-0.008191 0.247586 0.224298 0.048814 0.109885 0.166983 -0.093902 -0.151294 -0.075089 0.148079 -0.028726 -0.008371 0.049743 0.073648 -0.140248 -0.082226 -0.092988 0.016298 0.002114 0.112016 0.112592 0.210435 0.214240 -0.069886
0.188050 0.043819 0.357769 0.093766 0.162842 0.180554 -0.156169 0.028966 0.041130 0.149014 0.248669 0.019914 0.146399 0.045856 -0.095354 -0.111833 -0.269857 0.041735 0.037884 -0.063704 0.286311 0.167143 0.099121 0.118801
-0.100947 0.187629 0.278173 0.181845 -0.008564 0.178802 -0.106062 -0.063002 0.001790 0.085734 0.159778 -0.022975 0.170674 0.075802 -0.105625 0.052868 -0.193267 0.024826 -0.107012 0.010354 0.346130 0.107099 0.168187 0.092939
-0.116826 0.153733 -0.006994 -0.134965 0.115113 0.138260 0.010163 0.081235 -0.035766 0.086069 0.073572 -0.021235 -0.149752 -0.025295 -0.022217 -0.065281 -0.017990 -0.095078 0.054381 -0.093596 0.060316 0.099585 0.195510 0.091885
0.017768 0.246304 0.069252 -0.025795 0.087456 -0.055204 -0.173068 0.003614 -0.196811 0.248904 0.110064 -0.123015 -0.116225 0.001164 -0.353883 -0.102003 -0.097603 0.133697 0.062568 -0.033323 -0.094379 0.120667 0.023284 0.192141
0.166268 0.132390 0.082182 -0.096802 0.059750 -0.037846 -0.277241 -0.074738 -0.014678 0.007137 0.040508 -0.199590 0.000506 -0.115165 -0.367910 -0.082172 -0.018445 0.144716 -0.058435 0.045778 -0.128688 0.059312 0.342744 0.106321
-0.030218 0.114422 0.081927 -0.009672 0.047742 0.276596 -0.113631 -0.079158 0.067991 -0.229165 -0.066766 -0.141380 -0.143567 -0.128506 -0.098717 -0.122431 0.131490 -0.007991 0.021447 -0.013081 -0.205234 0.081605 0.056883 -0.050498
-0.060601 0.045388 -0.130447 -0.151561 0.039694 0.742481 -0.062182 -0.037419 -0.029006 0.121901 -0.220675 -0.060948 -0.204929 -0.239794 -0.195190 -0.002288 0.005765 0.039328 0.046691 -0.133120 -0.118914 -0.087532 -0.024184 -0.095514
0.084857 -0.132699 -0.110357 -0.079493 0.104958 1.204638 -0.166146 -0.057473 0.394992 0.233097 -0.150412 0.222410 -0.166555 -0.186425 -0.295835 -0.000942 0.077806 -0.088437 0.029454 -0.134487 -0.104573 -0.140350 0.044178 0.009163
-0.007127 -0.372900 -0.097003 -0.161361 -0.091888 1.163129 0.053461 -0.124256 0.893684 0.297634 -0.126027 0.507572 0.080786 -0.300965 -0.304425 0.022758 0.435318 -0.159353 -0.055474 0.207875 -0.087113 -0.050623 -0.188188 -0.016538
-0.205007 -0.138596 0.010744 -0.806303 0.062173 -0.058839 -0.446763 0.057136 -0.004305 -0.053435 0.118704 0.473148 -0.189973 -0.123409 -0.515735 -0.307281 -0.110977 0.168197 -0.406980 -0.157613 0.309466 -0.465101 0.043047 -0.242694
-0.007807 0.257211 -0.040090 -0.878837 0.006571 -0.329649 -0.172204 0.061876 -0.017796 0.056874 -0.108193 0.422011 -0.029935 -0.026232 -0.348538 -0.188141 -0.026475 -0.116522 0.015249 -0.075006 0.219764 0.019902 -0.035552 -0.185143
0.079256 0.145532 0.013172 -0.623790 -0.069461 -0.253640 -0.132266 0.104802 -0.009433 0.229499 0.209381 -0.144120 -0.018623 0.071439 -0.071641 0.104633 -0.047745 -0.086097 0.232980 -0.153620 -0.246272 0.000520 -0.012932 0.161021
0.086980 -0.093773 -0.021771 -0.411929 -0.148184 -0.177165 -0.205700 -0.362994 0.078124 0.268766 -0.048937 0.043582 -0.170162 -0.160512 0.042234 0.109007 -0.067735 -0.108460 0.337961 -0.168378 -0.215251 0.043438 0.048989 -0.105590
0.129810 -0.123106 -0.054056 -0.366323 -0.040966 -0.147426 -0.199177 -0.236864 0.013859 0.353622 -0.186570 -0.046332 -0.014090 -0.085931 0.045813 0.028334 -0.025551 -0.120523 0.140610 -0.084577 -0.220870 0.075986 -0.227961 -0.006962
0.127024 -0.058140 0.068746 -0.448475 0.038137 0.082543 -0.118522 0.068003 0.021426 0.063621 -0.319563 -0.370371 -0.004263 0.153060 -0.080648 0.016449 0.106055 0.016869 -0.155308 0.004918 -0.118064 -0.036738 -0.363725 -0.020095
-0.098169 -0.014397 0.015358 -0.178460 -0.071908 -0.134181 -0.002679 0.239043 0.133322 -0.035665 -0.173347 -0.701952 -0.212045 0.101678 -0.078819 0.109440 0.070184 0.167143 -0.206322 0.161040 0.030142 0.104562 -0.338692 0.043206
-0.247208 0.133748 -0.234992 0.024174 -0.043914 -0.102920 0.014993 0.082536 0.133485 -0.053373 -0.217745 -0.393264 -0.411527 0.043426 0.152660 0.058815 0.064244 0.097729 -0.257530 0.023580 0.015272 0.136584 -0.220227 0.015095
-0.039635 0.043401 0.023908 0.272957 0.008903 -0.027378 -0.119127 0.070000 0.254965 0.047363 -0.232810 0.142873 -0.201294 0.104622 0.223126 -0.099953 -0.121400 -0.195690 -0.317824 0.073826 -0.309414 -0.062132 0.108725 0.064722
0.044468 0.127674 0.016453 -0.096258 0.080212 -0.223361 -0.194130 -0.021660 0.167834 -0.136279 -0.155766 -0.009934 -0.109469 0.109274 0.141367 -0.010809 -0.160041 -0.137479 -0.280959 0.072210 -0.096167 -0.101264 0.184101 0.050039
-0.232205 0.141639 0.023872 -0.335848 0.191155 -0.064338 0.182041 0.058357 0.120222 -0.049814 -0.246030 -0.005025 0.101412 -0.019409 0.100850 -0.026456 0.053559 -0.038071 0.024294 0.212690 -0.001617 0.125953 0.092791 -0.002645
-0.389573 0.016612 0.108140 -0.036346 -0.009564 -0.012888 0.120646 0.100859 0.041774 -0.175858 -0.149579 0.244868 0.261177 -0.041347 0.116894 -0.126002 0.013558 0.022903 0.207249 0.119951 -0.065892 -0.099113 0.099430 0.050103
-0.272389 0.075111 0.081605 -0.105323 -0.051294 -0.186446 0.149416 0.164380 0.053888 -0.187042 0.047801 0.088853 0.118952 0.013603 0.041234 0.033436 -0.098144 0.019414 0.191130 0.054454 -0.081838 -0.068820 -0.089523 -0.183429
-0.268553 0.266562 -0.023311 -0.252242 -0.035031 -0.102729 0.016537 -0.042711 -0.047098 -0.014354 0.008056 -0.050018 0.168489 0.052817 -0.252860 0.037702 -0.309916 0.045411 0.163942 0.197524 0.133604 0.010848 -0.107292 -0.221964
-0.251297 0.082443 0.104199 -0.214748 0.109010 0.184995 -0.082043 0.032856 -0.121950 -0.041033 0.097865 -0.007811 0.210922 0.015489 -0.199980 0.106431 -0.194543 0.100346 0.104665 -0.034435 0.099184 0.106260 0.033300 0.006994
0.109470 0.071979 0.092562 0.010079 0.032673 0.128148 -0.108283 0.127546 -0.065367 -0.086674 0.087719 0.257710 0.116975 -0.034375 0.032099 -0.050350 -0.229823 0.137565 -0.060561 -0.079842 0.175527 -0.080043 0.084240 0.074064
0.174260 0.062527 0.147719 0.033834 0.016615 -0.057023 0.037376 0.049932 0.020495 -0.028911 0.126511 0.178423 0.224234 -0.043811 0.155837 0.154917 -0.032126 0.048908 -0.120463 -0.007502 0.119930 0.126852 -0.041919 0.114879
-0.143512 0.090454 0.180016 0.073642 -0.128556 0.038853 0.130909 -0.023836 -0.096821 0.051720 -0.097243 0.140297 -0.020754 -0.013814 0.174278 0.044458 0.213921 0.090062 -0.042135 0.062166 0.075098 0.086300 -0.055024 0.240039
-0.187816 -0.052127 0.080482 -0.083732 -0.043523 -0.076770 0.136982 0.136672 -0.156826 0.252829 -0.038701 0.045803 -0.015375 -0.082445 -0.154123 0.061020 0.076726 0.031929 0.155984 0.000608 -0.116441 -0.056201 0.068751 0.333097
-0.030344 -0.144615 0.025223 -0.127800 0.040447 -0.127500 -0.047741 -0.145506 -0.098909 0.097212 0.022566 -0.058967 0.128126 -0.174803 -0.118558 0.255006 -0.073900 -0.022986 0.198577 0.032941 -0.030294 0.024331 -0.012317 -0.030289
-0.062464 -0.037896 0.374036 -0.213285 0.009257 0.044597 -0.100631 -0.025531 -0.146292 -0.110067 -0.076302 -0.034588 0.070417 -0.113968 -0.162858 -0.040097 -0.090265 -0.087134 0.011245 0.058827 0.160651 -0.129636 -0.129213 -0.222093
-0.000503 -0.078382 0.316928 -0.047935 0.042080 0.667198 -0.142173 -0.088633 -0.206868 -0.022233 -0.181939 -0.008129 -0.042918 -0.063105 0.046539 0.195558 -0.018059 -0.073738 -0.002001 0.095982 -0.114623 -0.137384 -0.107763 -0.117627
0.015998 -0.115559 -0.035869 -0.010582 0.200591 1.407503 -0.090488 -0.119818 0.030440 0.000714 -0.048349 0.223233 -0.058468 -0.192621 -0.104761 0.085192 -0.254367 -0.041338 -0.053684 -0.140769 -0.068740 -0.111815 0.057123 -0.065155
-0.137051 -0.360251 -0.283607 0.033835 0.144146 1.146205 0.387528 -0.046301 0.775660 0.085833 -0.303528 0.662442 -0.148811 -0.555486 -0.438298 0.107330 0.118334 0.027266 -0.133269 0.021521 0.052646 -0.100557 -0.145051 -0.019622
-0.288993 -0.375634 -0.058343 -0.245094 0.086995 0.037811 -0.561041 0.196598 -0.061949 -0.123230 -0.024478 0.550636 -0.254898 -0.249820 -0.534517 -0.312671 0.061489 0.160611 -0.472710 -0.310293 0.327724 -0.240126 0.111518 -0.399723
-0.291913 0.028063 -0.033270 -0.385781 -0.052688 -0.244167 -0.258570 0.219506 -0.126271 -0.045222 -0.080562 0.371668 -0.111109 -0.314212 -0.311140 -0.212709 -0.054905 -0.019905 0.011680 -0.241078 -0.083604 0.038419 0.038452 -0.099045
0.129978 0.107231 0.122469 -0.407992 -0.121398 -0.257838 -0.038200 0.044807 0.012880 0.274984 0.213077 0.090426 -0.077565 0.003394 -0.089652 0.028858 0.020393 -0.057961 0.284953 -0.317584 -0.161404 0.140032 -0.171499 -0.041136
0.274790 -0.132229 -0.064830 -0.608905 -0.177528 -0.129193 -0.147476 -0.033466 0.105968 0.162598 0.235818 0.268722 -0.029199 0.065141 0.029572 0.039682 -0.207267 -0.000856 0.202908 -0.342402 -0.049426 0.124308 -0.127551 -0.095348
0.120965 0.026785 -0.225457 -0.432718 -0.111290 0.033375 -0.180114 -0.131334 0.168600 0.134362 0.127621 0.094176 -0.099262 -0.164603 -0.132608 0.182791 -0.057294 -0.036386 0.233313 -0.203971 0.049383 0.091934 -0.133338 -0.053255
0.048902 0.134604 0.080786 -0.434199 0.002403 -0.043639 -0.031859 0.058925 0.041996 0.076336 -0.108320 -0.378089 0.055291 -0.038460 -0.068617 0.028049 -0.035513 -0.009856 0.085424 -0.198141 -0.119994 0.115090 -0.052936 -0.178270
-0.132728 0.063608 0.364895 -0.463115 0.070384 -0.109412 0.163999 0.269147 0.102162 0.192530 0.030493 -0.366620 -0.110954 0.090018 0.052379 -0.096393 0.073649 0.144630 -0.256312 -0.126525 0.065078 0.144914 -0.278707 -0.099562
-0.360709 -0.155660 -0.016320 -0.177753 -0.041556 0.013135 0.069601 0.187213 0.230817 0.156485 -0.180796 -0.056996 0.036846 0.115645 0.106874 -0.208185 0.072863 0.207215 -0.460275 0.048450 0.074516 0.091726 -0.205476 0.008874
-0.121278 -0.008931 -0.092771 0.168100 -0.092418 0.014687 0.014501 -0.010867 0.366728 -0.016066 -0.152280 0.302688 -0.162182 0.187072 0.087327 -0.103497 0.091504 0.006154 -0.253055 0.193836 -0.101195 -0.044347 0.036182 0.156255
-0.023437 0.060370 -0.060920 -0.179264 0.130992 -0.099783 0.007047 -0.048480 0.409315 -0.287713 -0.154392 0.203372 -0.147279 0.110649 0.184761 0.084319 -0.102034 -0.250036 -0.080645 0.053921 0.091701 -0.007431 0.264865 0.080835
-0.260222 0.134768 -0.148326 -0.297002 -0.033535 -0.084868 0.333494 0.085871 0.223826 -0.149087 -0.043885 0.040034 -0.083156 0.026050 0.284270 0.114116 -0.079548 -0.221501 -0.007878 -0.063012 0.007281 -0.004503 0.181515 0.060663
-0.238269 -0.125424 -0.051638 -0.197523 -0.006947 0.018246 0.340639 0.160492 -0.075083 -0.214787 0.094999 0.176788 0.041869 0.034279 0.224630 0.005167 0.005903 0.004077 0.068005 -0.058139 -0.138678 -0.104247 0.053936 -0.100906
-0.193081 -0.144880 -0.100175 -0.392673 -0.340066 -0.285897 0.129735 0.028921 0.010015 -0.278834 0.125863 0.118429 0.154791 0.082677 0.035444 0.032099 -0.013389 0.029730 0.100902 0.122745 -0.087687 -0.117276 0.013753 -0.132993
-0.138611 0.041958 -0.153397 -0.319373 -0.255134 -0.361477 0.160094 0.060305 0.026201 -0.224431 0.309493 -0.179326 0.011571 0.120577 -0.113689 0.023017 -0.077973 -0.099664 0.013740 0.155065 0.172709 -0.188461 -0.195025 -0.155670
-0.171700 0.080422 -0.271831 -0.217203 -0.130643 -0.061306 0.126380 -0.052035 0.030059 -0.097978 0.177156 -0.136615 0.164545 0.097272 -0.217585 0.147168 -0.064923 -0.029777 0.213991 -0.026167 0.155994 0.035067 -0.128659 -0.014411
-0.113986 0.059516 -0.155038 -0.118549 -0.095309 -0.029193 0.024630 0.097040 -0.052119 -0.298078 0.081986 0.063493 0.268168 0.033839 0.008651 -0.012051 -0.178030 0.013213 -0.013306 -0.009305 0.063046 -0.298755 0.062553 0.311751
0.195104 0.077396 -0.113802 0.152911 -0.128628 -0.181462 0.000148 0.085955 0.034482 -0.124413 0.036372 -0.023801 0.143487 -0.023219 0.188969 -0.163727 -0.140054 0.059046 -0.145408 0.008163 0.051592 -0.346892 -0.028593 0.370684
0.093270 0.045067 -0.057137 0.119552 -0.142634 -0.258616 0.041554 -0.016927 -0.077534 -0.037261 0.010028 0.018805 0.135442 0.084834 0.210677 0.052812 0.050138 -0.124639 -0.099296 0.153336 -0.258010 -0.172781 -0.228090 0.191905
-0.071183 -0.000761 -0.243791 0.049970 0.029725 -0.150720 0.058050 0.127222 -0.183778 0.117017 -0.105292 0.105268 -0.018973 -0.000465 -0.000620 0.028118 0.016549 0.089795 -0.045025 -0.002402 -0.127334 -0.113506 -0.113892 0.105201
0.136263 -0.051802 -0.226551 0.046391 -0.004998 -0.234527 0.026897 0.009977 -0.147527 0.350043 0.080290 -0.056154 -0.070797 -0.158532 -0.068097 0.012235 -0.015052 -0.016005 0.131265 -0.061753 0.030348 -0.098596 0.067156 0.098775
0.010245 -0.055125 0.157892 0.083706 -0.068956 -0.146846 0.091751 -0.189837 -0.082429 0.183592 0.216563 -0.018145 -0.087101 -0.087882 -0.143262 -0.031587 -0.123120 -0.292630 0.056816 0.024313 -0.020144 -0.270738 -0.077374 -0.160786
-0.058332 -0.097689 0.097699 -0.055571 -0.065699 0.460476 -0.217753 -0.138872 -0.251523 0.147147 0.015677 -0.003790 -0.182061 0.099752 0.111404 0.204156 -0.061425 -0.177585 -0.068882 0.115772 -0.084449 -0.324421 -0.145474 -0.312717
-0.023143 -0.221599 -0.136303 -0.179854 0.078934 0.991919 -0.205679 -0.123742 -0.050965 0.127818 0.020073 0.224114 0.135853 0.030466 0.060651 0.254737 -0.038401 0.059106 -0.071862 0.079787 -0.166543 -0.121714 -0.142491 -0.235308
-0.213287 -0.225327 -0.297183 0.214556 0.164972 1.246171 0.097650 -0.209156 0.474418 0.320621 -0.072889 0.634565 -0.053688 -0.557510 -0.304096 0.076826 -0.043754 0.110665 0.058797 0.042218 0.070331 0.142082 -0.255912 -0.000678
-0.310359 -0.355691 -0.059151 -0.358804 0.128624 0.085337 -0.496205 0.040871 -0.210347 -0.300375 0.040968 0.326282 -0.698664 -0.350946 -0.386339 -0.394392 0.200053 0.238168 -0.316605 -0.132513 0.394654 -0.162820 -0.058458 -0.224682
-0.489260 0.111941 -0.089302 -0.106596 -0.070178 -0.222547 -0.128857 0.148350 -0.097362 -0.075997 -0.073927 0.200348 -0.279510 -0.559890 -0.248246 -0.318768 0.209641 0.081120 -0.019263 -0.166188 -0.010362 0.171407 0.027187 0.066019
-0.047371 0.162501 0.159701 -0.006688 -0.302224 -0.092288 0.034473 0.229100 -0.000102 0.089686 0.005192 0.249078 -0.187071 -0.136623 -0.286792 -0.052743 0.149508 0.046017 0.243503 -0.345177 -0.176429 0.246094 -0.165329 -0.040268
0.161348 -0.245606 -0.007110 -0.379426 -0.269923 0.082530 -0.113666 -0.000632 0.043905 0.015140 0.204938 0.318610 -0.091968 0.019965 -0.098277 0.092181 -0.077349 0.196845 0.207705 -0.264084 -0.025237 0.054534 -0.050518 -0.070618
0.134822 -0.080425 -0.242412 -0.131712 -0.263815 0.153255 -0.127325 0.077521 0.099248 0.126807 -0.036698 0.224527 -0.038077 -0.149305 -0.259225 0.184405 -0.047518 0.078711 0.352775 -0.119092 -0.035633 0.111208 -0.089069 -0.210848
-0.001381 0.418810 0.003678 -0.254871 0.015183 -0.095085 -0.051469 0.219097 0.213086 0.029345 -0.107117 -0.446402 -0.039481 -0.113932 -0.200999 0.085030 -0.012889 -0.152396 0.037082 -0.297751 -0.129857 0.213763 -0.141543 -0.151612
-0.214092 0.090542 0.427056 -0.187766 0.022871 -0.125194 0.153566 0.219158 0.276281 0.009473 -0.023291 -0.475513 -0.112190 -0.093017 0.119142 0.022483 0.144234 -0.047479 -0.283746 -0.243667 0.012714 0.119506 -0.214638 -0.219578
-0.294418 -0.135474 0.227673 -0.173108 -0.224742 0.050761 0.097695 -0.060423 0.355381 0.152972 -0.003274 -0.084428 -0.016735 0.002544 0.064132 -0.220880 0.122516 0.231695 -0.584312 -0.095351 -0.177691 0.000075 0.094301 -0.123677
-0.176448 0.011728 0.133718 -0.008299 0.001732 -0.130535 -0.135794 -0.214913 0.424396 0.199011 -0.127943 0.166134 -0.021579 0.010895 -0.036605 -0.324145 0.120856 0.117371 -0.234345 0.002844 -0.136233 0.002494 0.110653 -0.021178
-0.051056 0.056532 0.171902 0.025923 0.040191 -0.388302 0.238374 -0.133630 0.328964 -0.157785 -0.006047 0.214818 -0.085225 -0.013893 0.051662 0.014336 0.026333 0.030926 -0.098707 0.032349 -0.086737 -0.120703 0.210734 0.065333
-0.180394 -0.003360 -0.061968 -0.323971 -0.138177 -0.256160 0.367467 0.033075 0.155468 -0.303669 0.046740 0.199798 -0.182025 0.170748 0.131255 0.084324 0.027413 -0.013903 -0.109981 0.201653 0.097632 -0.170534 0.169174 0.245560
-0.238761 0.126566 -0.062084 -0.418690 -0.157734 0.039784 0.362415 -0.039208 -0.013563 -0.164118 0.045946 -0.088914 0.000756 0.077269 -0.029921 0.130296 0.056845 0.002873 0.126957 0.278291 -0.099711 -0.078600 -0.017699 -0.024688
-0.210974 -0.098792 -0.015682 -0.147317 -0.112437 -0.021243 0.336699 -0.101325 0.096076 -0.106511 0.166019 -0.033147 0.100018 0.019705 -0.143511 -0.014256 -0.042445 -0.150670 -0.065616 0.247632 -0.030973 -0.189646 -0.036535 -0.172907
-0.183520 0.027735 -0.157511 -0.149585 -0.284008 -0.403695 0.158927 -0.098121 0.038732 0.021100 0.284295 -0.170317 -0.235291 0.145722 -0.081050 -0.044794 0.129202 -0.167858 -0.062642 0.143693 0.259829 -0.054300 0.023629 -0.049154
-0.177504 0.180691 -0.048776 -0.039915 -0.197253 -0.380488 0.135567 -0.001131 0.083292 -0.258627 0.211408 -0.074076 0.091709 0.197566 -0.262267 0.056437 -0.140199 -0.133607 0.083159 0.076426 0.281557 -0.046911 -0.065269 0.157555
-0.242955 0.186083 -0.230767 -0.150529 0.047715 -0.300802 -0.001045 0.020141 0.153884 -0.390847 0.141893 -0.028595 0.138328 0.124695 -0.243045 -0.122443 -0.180314 -0.014724 0.058384 -0.037788 0.289821 -0.009495 0.103223 0.296307
-0.001140 0.292268 -0.159787 0.056889 -0.060581 -0.379456 0.065852 -0.015315 0.018202 -0.303857 0.008382 -0.189579 0.047676 -0.070429 -0.088961 -0.109023 -0.115770 -0.013076 -0.057750 0.014443 0.054381 -0.141102 0.133481 0.252136
0.040001 0.306752 -0.159546 -0.042835 -0.015463 -0.482543 0.119991 -0.155380 -0.047469 -0.151409 -0.031667 -0.120168 0.058181 -0.018353 0.195834 -0.090775 0.100158 -0.102319 0.006383 0.029434 0.011979 -0.245448 -0.189128 0.006182
0.046122 0.109925 -0.372565 0.025356 0.000481 -0.359646 -0.053189 -0.086608 -0.183774 -0.099800 0.084820 -0.098550 0.145015 0.199252 0.010218 -0.174329 0.101291 0.151159 -0.008916 -0.075464 0.006984 -0.257706 -0.140211 0.061384
0.178371 0.104095 -0.441917 0.041492 0.026277 -0.385087 0.035225 -0.073624 -0.333694 0.157076 0.050620 -0.234099 -0.258667 0.012689 0.108860 -0.046489 0.007646 -0.021740 -0.013783 0.030609 -0.206862 -0.201067 -0.008207 0.119587
-0.016144 0.008509 -0.396584 0.019402 -0.055092 -0.251795 0.193074 -0.168356 -0.230882 0.268985 0.177241 -0.238388 -0.368440 -0.104442 -0.010643 -0.052496 -0.083253 -0.272739 0.083158 -0.074347 -0.149351 -0.302504 0.119354 -0.177568
-0.012095 0.181725 -0.041681 -0.115954 -0.018757 0.458759 -0.125145 -0.070472 -0.279353 0.255607 0.176699 -0.150289 -0.193338 0.063468 0.152065 -0.110037 0.062082 -0.336848 0.016017 0.054562 -0.053241 -0.413424 -0.107918 -0.245830
-0.056394 -0.059158 -0.258038 -0.276825 0.082481 0.997388 -0.213257 -0.170772 -0.158832 0.310183 0.129657 0.245828 -0.052056 0.040933 0.104895 0.110044 0.038392 -0.195947 0.065605 0.077699 0.003513 -0.081143 -0.496579 -0.235275
-0.056332 -0.285733 -0.603002 -0.099533 -0.148356 1.051057 -0.128425 -0.070778 0.368129 0.173820 0.139098 0.676674 0.035222 -0.336174 -0.219189 0.112853 0.121071 0.186691 0.025594 0.136029 0.240890 -0.148714 -0.360856 -0.030168
-0.072157 -0.240337 -0.269890 -0.471882 0.096961 0.043750 -0.414095 0.210954 -0.258226 -0.147119 0.282963 0.414403 -0.932998 -0.059863 -0.215540 -0.430368 0.258984 0.222909 -0.421049 0.162012 0.424860 -0.020961 -0.231210 -0.266054
-0.268580 0.291790 -0.083274 -0.146088 -0.081558 -0.103949 -0.137806 0.156971 -0.224192 -0.072935 0.019348 0.084271 -0.220282 -0.207675 -0.126716 0.127781 0.028464 0.278762 -0.045840 -0.007964 -0.020197 0.231728 -0.089764 -0.012078
-0.066695 0.080182 0.129599 0.078883 -0.393178 -0.056042 -0.050979 0.115497 -0.001927 0.085220 -0.068204 0.184524 -0.236352 -0.337365 0.001085 0.064277 0.187934 0.175007 0.248924 -0.296340 -0.124575 0.334038 -0.062683 -0.268332
0.095283 -0.371350 0.105994 -0.061893 -0.330590 0.127356 -0.093350 0.131047 0.014756 -0.046705 -0.226014 0.157421 -0.151016 -0.201529 -0.192000 0.113215 0.017105 0.079711 0.117896 -0.193352 0.126471 0.008775 -0.126766 -0.142721
0.025488 -0.226027 -0.139917 -0.247966 -0.437451 -0.078952 -0.186950 0.251435 -0.136083 -0.180753 -0.176075 0.021560 -0.132442 -0.219463 -0.246322 0.240135 -0.076933 0.199171 0.237969 -0.095041 0.110411 -0.054248 -0.033693 -0.182448
-0.170163 0.406120 -0.159690 0.000326 -0.210552 -0.163603 -0.101482 0.393250 0.032235 -0.064084 -0.104606 -0.397576 -0.111969 -0.192742 -0.135248 0.246770 -0.159544 -0.069295 0.157681 -0.147789 0.022337 0.150861 -0.178144 -0.146332
-0.180243 0.157320 0.112912 -0.096661 -0.133784 0.017162 0.133801 0.118138 0.260838 -0.161424 -0.045169 -0.574863 -0.275714 -0.087341 0.157187 0.163226 0.109903 -0.115909 -0.281955 0.064297 -0.047403 0.203450 -0.068600 -0.014009
-0.187260 -0.255643 0.197559 -0.111299 -0.181889 0.052868 0.173888 -0.117414 0.279907 -0.112114 -0.091393 -0.217953 -0.117797 -0.081505 0.105837 -0.071348 -0.033988 0.015665 -0.408882 0.124017 -0.221776 0.134213 0.066719 -0.021757
-0.132499 -0.011343 0.263129 -0.025322 0.042464 -0.190685 0.060636 -0.116294 0.355459 0.074359 -0.199770 -0.055049 0.255800 -0.016978 0.067237 -0.025414 -0.082166 0.190574 -0.343312 0.177559 -0.325416 0.149285 0.283075 -0.074118
-0.155923 0.087577 0.285667 0.117858 -0.117979 -0.286353 0.207461 -0.047615 0.401122 -0.289645 -0.040997 0.114559 0.253866 -0.071123 -0.053924 -0.160173 0.138002 0.270665 -0.149223 0.158732 -0.141098 0.035916 0.342293 0.134996
-0.173289 -0.153800 0.175815 -0.153947 -0.238095 -0.180455 0.418195 -0.041551 -0.038881 -0.191222 0.043345 0.113912 -0.079173 0.016548 0.025728 -0.262150 -0.047694 0.192852 -0.060148 0.183956 -0.044980 0.020468 0.105154 0.062948
-0.242859 -0.057532 0.142969 -0.325592 0.036287 -0.011039 0.479540 0.050297 -0.323386 -0.177989 0.259477 -0.102205 -0.130707 0.036755 -0.077100 -0.057731 -0.146662 0.027924 0.026968 0.328251 0.073011 -0.165623 -0.110587 -0.149551
-0.414434 -0.133236 0.037489 -0.260080 -0.011897 -0.118377 0.071479 -0.110671 -0.267581 0.096712 0.231470 -0.086966 -0.124934 0.130895 -0.086644 -0.116753 -0.183444 0.074027 -0.134252 0.207897 0.002988 -0.062645 0.121281 -0.141028
-0.247606 0.075917 0.106472 -0.375417 -0.182321 -0.259296 0.034150 0.059428 -0.043482 0.137937 0.125780 -0.232435 -0.075012 0.073024 -0.087214 -0.092347 0.065947 0.026504 -0.099017 0.178052 0.314015 0.006187 0.086939 0.207366
-0.107835 0.104176 0.098730 -0.084338 -0.172215 -0.309905 0.034626 -0.029834 0.004148 -0.142433 0.109734 -0.068564 -0.145061 0.102707 -0.010680 0.018841 0.101727 -0.085068 -0.008899 0.027376 0.438316 0.162635 -0.136756 0.178003
-0.007837 0.076570 -0.065448 -0.120521 0.006339 -0.197380 0.074948 0.268275 0.014176 -0.320279 0.205292 0.046434 0.045321 0.281328 -0.193686 -0.004428 -0.202119 -0.199510 -0.088111 0.057478 0.323775 0.322406 -0.022818 0.153380
0.142125 0.234718 -0.018143 -0.145851 -0.046320 -0.436491 0.367671 0.005756 0.070529 -0.257067 -0.082564 -0.072951 0.223777 0.073150 -0.099438 -0.003059 -0.112975 -0.003959 -0.265465 -0.104677 0.242100 0.241535 0.022438 0.231995
-0.018985 0.322684 0.214833 -0.031531 0.019477 -0.456345 0.126809 -0.123182 -0.071192 -0.114439 0.148905 -0.271282 0.039162 0.061874 -0.135391 -0.039888 0.014835 -0.116510 0.009258 -0.097288 0.156923 -0.002140 0.112237 0.247756
0.073253 0.241924 0.197209 0.081772 0.033023 -0.396786 -0.055145 -0.203006 -0.158743 -0.130793 0.129144 -0.221487 0.099220 0.162031 0.017666 -0.178504 0.042998 0.189324 0.063038 0.067566 0.128486 -0.123095 -0.036007 0.142645
0.296569 0.292235 -0.127617 0.054157 0.014176 -0.390616 -0.075475 -0.062493 -0.202346 -0.133964 -0.120183 -0.205807 -0.086392 0.035007 0.078842 -0.136036 0.011345 0.136117 0.038388 -0.031412 -0.062116 0.004296 0.083748 0.022563
0.035215 0.244963 -0.243129 0.068699 -0.056567 -0.197679 0.088354 -0.035208 -0.298119 -0.167278 0.008332 -0.230827 -0.122109 -0.117067 0.087302 -0.123285 -0.059152 -0.096577 0.100735 -0.062680 -0.034973 -0.225480 0.164659 -0.054934
-0.186927 0.157526 -0.132061 -0.120366 0.085266 0.329031 -0.096203 -0.141574 -0.399130 0.008173 0.160570 -0.234677 -0.318572 -0.082720 -0.073717 -0.045404 -0.064058 -0.272723 -0.027876 -0.097260 0.017187 -0.592429 0.052513 0.062610
-0.011613 0.241476 -0.050102 -0.176058 -0.124458 0.975376 -0.384820 0.037138 -0.240301 0.031263 0.283538 -0.062983 -0.371683 -0.029278 -0.024744 -0.101459 -0.098894 -0.199461 -0.053150 -0.113474 -0.052191 -0.207320 -0.085984 -0.118677
-0.030422 -0.062082 -0.466907 -0.141399 -0.076235 0.960752 -0.308237 0.199934 0.249659 0.071460 -0.004471 0.057680 -0.101863 -0.267255 -0.170012 0.169629 0.213461 0.163445 0.079078 0.242360 0.193096 -0.271985 -0.403019 -0.014044
0.283488 -0.059638 -0.319023 -0.432587 0.257105 0.199983 -0.147641 0.123308 -0.348151 -0.065308 0.556954 0.165520 -1.091901 -0.115839 -0.012458 -0.565011 0.255480 0.099492 -0.479977 0.113623 0.201693 0.020443 -0.296347 -0.220692
-0.029923 0.161832 -0.173971 -0.337957 0.027664 0.098214 0.057432 0.004968 -0.297104 0.007534 0.301332 0.081957 -0.355209 -0.184250 0.086502 0.198567 0.077203 0.313088 -0.058269 0.069698 0.021834 0.381366 -0.201916 -0.125508
0.027946 -0.009394 -0.136213 -0.050538 -0.253848 -0.286908 -0.065374 -0.086864 -0.133009 0.145504 -0.107176 0.248327 -0.314683 -0.263659 -0.142158 0.216992 0.132581 0.205557 0.076027 0.036469 -0.102966 0.340606 -0.114673 -0.035463
0.125396 -0.324123 0.091589 -0.013820 -0.357316 -0.047188 -0.158791 0.023476 -0.123389 0.087615 -0.230970 0.185426 -0.159865 -0.190959 -0.208937 0.122375 0.062613 -0.016810 0.186288 -0.063125 0.048752 0.130547 -0.136746 -0.131084
0.047965 -0.285731 -0.149619 0.041353 -0.264746 0.259102 -0.275185 0.211405 -0.155748 -0.087338 -0.249253 -0.288111 -0.130185 -0.363620 0.016280 0.238519 -0.075489 0.061160 0.084834 -0.304880 0.064673 -0.256210 -0.342455 -0.119734
-0.076715 0.122783 -0.156346 0.155482 -0.225111 0.043682 -0.200143 0.313481 0.021971 -0.039735 -0.292785 -0.577338 -0.288794 -0.267597 -0.001394 0.264775 -0.110468 0.177629 0.084087 -0.107419 0.286522 -0.021640 -0.269896 -0.059781
-0.210657 0.311356 0.155315 -0.004964 0.068130 -0.061874 -0.037586 0.371093 0.167827 -0.047286 -0.166900 -0.705271 -0.441682 -0.135536 0.160754 0.168480 -0.027836 -0.086462 -0.039923 0.064729 0.193586 0.159017 0.069177 0.171019
-0.220601 -0.249894 0.253513 0.024760 -0.149438 -0.010615 0.091674 -0.076498 0.072720 -0.271792 -0.326937 -0.338464 -0.153649 -0.013506 0.046571 0.071604 -0.265605 -0.159094 -0.515333 0.235351 -0.022661 0.038968 0.277432 0.227149
-0.113291 -0.238389 0.196852 0.106619 0.007346 -0.049789 0.108934 -0.254580 0.195622 -0.212595 -0.012154 -0.134210 0.134768 0.188666 0.076910 -0.012673 -0.346161 -0.047189 -0.397047 0.199325 -0.025793 0.068775 0.351986 0.019154
-0.233758 0.102387 0.179620 0.196709 0.018604 -0.209491 0.409555 -0.039745 0.108975 -0.448163 -0.058530 -0.173130 0.325462 -0.008438 0.012708 -0.323279 -0.110973 0.037060 -0.267292 0.042435 0.175529 -0.075245 0.265627 0.021862
-0.266421 -0.092672 0.338738 0.181551 -0.123912 -0.101947 0.523368 0.167196 -0.181024 -0.491811 0.093628 -0.371738 0.016892 -0.191448 0.016633 -0.326679 -0.178441 0.225497 -0.331236 0.191593 -0.029240 0.024211 -0.010115 -0.104377
-0.263293 -0.266435 0.155518 0.068085 0.067119 -0.057890 0.161518 0.070475 -0.483970 0.104775 0.106155 -0.295708 -0.101501 -0.042075 -0.180747 -0.270201 -0.372610 0.274148 -0.032663 0.267986 -0.043848 -0.087532 -0.158468 -0.138539
-0.203770 -0.296836 0.040035 -0.166754 0.141030 -0.059634 0.004878 0.027600 -0.221836 0.214474 -0.082923 -0.283310 0.026075 0.161589 -0.102075 -0.001016 -0.347646 0.134385 -0.080348 0.215227 0.288324 -0.028801 -0.032482 0.074038
-0.357546 0.020196 0.129934 -0.111115 0.064946 -0.059090 -0.063764 0.087488 0.174125 0.037554 0.037622 -0.157914 -0.158632 0.189050 0.017729 0.000497 0.013237 0.215586 -0.177385 0.076521 0.388379 0.062370 0.301897 0.277903
-0.188078 0.072899 0.094848 0.015317 -0.130196 0.008977 -0.089731 0.195636 0.101885 -0.008133 0.069203 0.068134 -0.308423 0.003264 0.211231 0.197683 0.024910 0.026220 -0.085060 0.090911 0.299478 0.193240 0.111174 0.365717
0.038712 0.100061 0.122718 -0.058232 0.085221 -0.288251 0.031518 0.390336 0.084106 -0.044241 0.012980 0.172661 -0.164787 0.137340 0.132017 0.060177 -0.043245 0.052433 -0.043837 -0.126592 0.213212 0.307384 -0.097550 0.059889
0.052602 0.274525 0.146235 -0.242778 -0.081671 -0.475393 0.197508 0.326073 0.097598 -0.305268 -0.107254 -0.102128 -0.136421 0.297365 -0.029010 0.131346 -0.037819 -0.033556 -0.191348 -0.058274 0.031247 0.532195 0.027483 0.162473
-0.107057 0.238102 0.264582 -0.238074 0.049229 -0.460679 0.249279 0.228455 0.054524 -0.094250 0.029086 -0.218891 -0.204690 0.041893 0.027635 0.089313 -0.108299 -0.098534 -0.205211 -0.164200 0.029415 0.588594 0.054365 0.366938
-0.003263 0.330837 0.536366 0.153828 0.173642 -0.380328 -0.013899 0.098248 0.046430 -0.048898 0.169609 -0.100713 0.023747 0.040438 -0.027289 -0.076550 -0.013346 0.062729 -0.119836 -0.305190 -0.024808 0.198154 0.155205 0.025537
0.318445 0.185781 0.430966 0.168169 0.139860 -0.357824 -0.055672 0.009232 -0.027227 -0.166259 -0.033306 -0.157876 0.151223 0.097078 0.128241 -0.070750 0.088325 0.111837 -0.038821 -0.084315 -0.088896 0.151690 0.088744 -0.013305
0.192657 0.262280 0.145948 0.051899 0.024119 -0.441385 0.110193 0.050714 -0.139703 -0.212008 -0.035829 0.025514 -0.144341 -0.126678 0.158188 -0.151261 0.001873 -0.195516 0.032222 -0.071806 -0.008304 0.009451 0.197089 -0.139040
-0.020475 0.234742 0.399470 -0.060988 0.168581 0.263543 0.001789 -0.162985 -0.190026 -0.185581 0.067326 0.023634 -0.297657 0.043373 0.126130 -0.002088 -0.092664 -0.176116 -0.003603 -0.254610 -0.049077 -0.234526 0.135085 -0.161859
-0.048755 0.267031 0.543347 -0.060109 0.241096 0.735611 -0.261758 -0.136447 -0.211312 0.154274 0.002281 0.026916 -0.443597 -0.101070 0.050309 0.132556 -0.136804 -0.105743 0.154764 -0.328254 -0.154842 0.120880 0.131017 -0.045842
-0.130939 0.250712 0.358056 -0.025590 0.170992 0.978997 -0.430185 -0.101796 0.075655 0.271303 -0.126142 -0.192584 -0.464577 -0.367380 -0.103130 0.143480 0.017848 0.061981 0.234891 0.049831 0.140821 0.249987 -0.158030 0.084287
0.321408 -0.058092 -0.319416 -0.135975 0.344638 0.365911 0.073577 -0.021369 -0.181206 0.097651 0.395270 0.181893 -1.246258 -0.152947 -0.108084 -0.770441 0.335132 -0.060826 -0.649754 0.067149 0.052688 -0.060821 -0.106948 -0.184413
0.154061 0.053361 -0.288211 -0.086814 0.101964 0.229187 0.207609 -0.164404 -0.363379 0.066583 0.160106 0.047260 -0.236204 -0.112596 0.150295 0.048743 -0.031205 0.454839 0.101772 0.135347 -0.108779 0.345474 -0.324706 -0.197710
0.222359 -0.070226 -0.360661 0.054523 -0.087307 0.030940 0.172250 0.111607 -0.256037 0.094938 0.127010 0.193999 -0.263377 -0.126272 -0.098700 -0.021953 0.047077 0.239176 0.110597 -0.057827 -0.045356 0.344102 -0.228037 -0.188885
0.153248 -0.340739 -0.034297 0.149073 -0.126867 0.003134 -0.370287 0.016787 -0.066396 0.086054 -0.037130 0.045499 -0.322035 -0.272248 -0.264146 0.052461 0.032925 0.116898 0.109124 -0.068405 -0.026490 0.128222 -0.079482 -0.159831
0.192218 -0.309627 -0.169599 0.028006 -0.160631 0.122601 -0.382016 0.102774 -0.101826 -0.026058 -0.509138 -0.655775 -0.226727 -0.342781 -0.072901 0.160461 -0.112207 0.070399 0.095234 -0.139978 -0.119363 -0.167574 -0.318494 -0.157705
-0.023635 0.010272 -0.207313 0.323469 -0.096837 0.013166 -0.203594 0.186389 -0.111941 0.126611 -0.500136 -1.046267 -0.346366 -0.547298 0.174090 0.293345 -0.072532 0.088919 0.080953 -0.364195 -0.029398 -0.037826 -0.185567 -0.050793
0.107088 0.336511 0.066405 0.176216 -0.038012 -0.031994 -0.203884 0.389186 -0.019777 -0.034857 -0.267755 -0.849895 -0.463336 -0.155629 0.135553 0.272085 -0.020346 -0.112653 -0.017057 -0.203158 0.147516 0.069181 0.049364 0.042383
-0.192245 -0.116823 0.329260 0.146667 -0.099151 -0.157146 0.060657 0.062704 -0.076952 -0.191113 -0.211708 -0.184617 -0.496387 0.034047 0.044901 0.353945 -0.275224 -0.315107 -0.154901 -0.070248 -0.006957 0.106717 0.173383 0.052472
-0.006875 -0.206680 0.109546 0.208622 0.117147 -0.314929 0.257198 -0.253712 0.206693 -0.352234 -0.194820 0.111889 -0.191256 -0.062542 0.047959 0.276327 -0.520498 -0.378600 -0.035203 0.061798 -0.112585 -0.023372 0.430163 0.067530
-0.025914 0.126636 0.125947 0.102189 0.095480 -0.159833 0.597585 -0.093700 0.162910 -0.641203 0.059348 -0.040875 0.250333 -0.056044 -0.178422 0.099149 -0.365578 0.076376 -0.015022 -0.062353 0.249405 -0.014063 0.405031 0.168116
-0.172177 -0.075629 0.233545 0.183960 -0.056718 0.013514 0.637471 0.002681 -0.242086 -0.780876 0.171381 -0.322579 0.254910 0.051510 -0.220427 -0.068008 -0.402827 0.464992 -0.147595 -0.026779 0.263882 0.030908 -0.104241 -0.097227
-0.310457 -0.253808 0.329610 0.190290 -0.111007 0.075424 0.245492 -0.044617 -0.501771 -0.139145 0.153585 -0.403377 0.048130 -0.063140 0.104086 -0.286530 -0.480770 0.300055 -0.074754 0.200183 -0.111175 -0.008787 -0.338831 -0.060595
-0.198046 -0.248763 -0.010074 0.067356 0.138462 0.029501 0.113333 -0.023340 -0.439328 0.155724 -0.031189 -0.357870 0.029764 0.174116 -0.011384 -0.275177 -0.638398 0.207548 -0.092224 0.338596 -0.068816 -0.005871 -0.096040 0.145159
-0.262516 -0.012541 -0.153438 0.103876 0.139361 -0.037736 0.162743 0.036200 0.332967 0.022754 -0.149866 -0.312508 -0.164687 0.104959 0.126720 -0.241981 -0.294238 0.179793 -0.061319 0.066800 0.157118 -0.013403 0.362198 0.375339
-0.295554 0.207271 -0.006626 0.168633 -0.013993 -0.051351 -0.101454 0.037070 0.352177 0.027477 -0.094012 -0.035163 -0.132260 0.085824 0.306488 -0.070285 0.124348 0.251369 -0.165438 -0.005895 0.181192 -0.066034 0.293554 0.331703
-0.026590 0.205738 -0.013248 0.048383 0.112064 -0.232053 -0.240512 0.258953 0.161466 -0.148001 -0.105759 0.174310 0.004147 0.124964 0.350624 0.097629 0.147828 0.078373 -0.068694 -0.047174 -0.041393 0.002720 -0.134863 0.270777
0.076846 0.266545 -0.059707 -0.083984 0.024562 -0.597572 -0.141024 0.343835 0.152833 -0.127976 -0.098464 -0.143927 -0.042496 0.316243 0.403490 0.202300 0.091076 0.026613 -0.243936 -0.054039 -0.235546 0.248753 -0.094434 0.043344
-0.249248 0.161062 -0.021276 -0.158266 -0.118527 -0.464815 0.162984 0.168054 0.228069 -0.066473 -0.101484 -0.160633 -0.027189 0.220644 0.242082 0.198824 0.048274 -0.013920 -0.157225 -0.127825 -0.195432 0.606191 -0.013149 0.102986
-0.177991 0.076366 0.187510 0.049497 -0.081705 -0.362347 0.015083 0.174729 0.105830 -0.046497 -0.012036 0.005501 -0.135033 0.097714 0.064355 -0.059391 -0.085673 0.035238 0.026718 -0.227450 0.023936 0.501850 0.127926 0.166437
0.053799 0.088418 0.433596 0.288107 -0.116025 -0.267700 -0.051854 0.069524 0.148992 -0.141572 -0.025711 -0.062845 -0.038319 0.042002 0.021634 -0.251050 -0.018780 -0.065303 -0.005300 -0.177074 -0.057573 0.383641 0.247645 -0.062509
0.220370 0.320806 0.385348 0.284392 0.057454 -0.315418 0.056627 0.004479 -0.077393 -0.351242 -0.183707 0.120999 -0.022876 0.000917 0.111662 -0.082352 0.070682 -0.106403 0.172804 -0.004822 0.071353 0.369846 0.107180 0.033523
-0.046236 0.213119 0.302135 0.025255 0.055076 0.130527 0.206345 -0.078965 -0.131810 -0.254260 -0.107077 0.352762 -0.025386 -0.166065 -0.055184 0.184602 -0.141107 -0.086166 0.009698 -0.022126 0.187105 0.047529 -0.087810 -0.070944
-0.049988 0.009754 0.426726 -0.097327 0.222324 0.414831 0.193679 -0.120420 -0.098389 0.292372 -0.193754 0.252269 -0.318864 -0.077509 -0.046211 0.115952 0.009978 -0.050726 0.119243 -0.287597 0.213394 0.407432 -0.296327 -0.027936
-0.058816 -0.029173 0.705251 -0.010718 0.243444 0.391104 -0.008904 -0.043210 0.197718 0.626365 -0.104127 -0.140690 -0.493549 -0.208008 -0.209257 0.277617 -0.040674 0.126114 0.226076 -0.063897 0.220820 0.635964 -0.025057 -0.168566
0.499399 0.181351 -0.386487 0.393915 0.185872 0.175833 -0.060832 -0.041146 -0.108105 0.061106 0.295333 0.013639 -1.279209 -0.341470 -0.300292 -0.751129 0.266455 -0.276543 -0.786751 0.014669 0.023029 -0.049669 0.041809 0.047390
0.235357 0.014799 -0.195621 0.130683 0.040614 0.176987 -0.000792 -0.066045 -0.305648 0.202005 -0.106738 -0.027307 -0.332148 -0.123475 -0.005940 -0.183608 0.258420 0.390609 -0.072026 0.136460 -0.030915 0.260918 -0.302311 -0.070981
0.148638 -0.067650 -0.236650 0.139893 -0.001295 0.172337 0.170019 -0.048724 -0.284470 0.070355 -0.093909 0.095972 -0.524769 -0.286523 -0.055921 -0.218562 0.023520 0.016381 0.355460 0.092520 -0.173774 0.429822 -0.230607 -0.151935
0.127346 -0.232296 -0.229760 0.207215 -0.082161 0.202229 -0.066059 -0.018678 -0.162479 0.065035 -0.108305 -0.096180 -0.347724 -0.203955 -0.075942 -0.422763 0.106064 0.283631 0.286483 0.152668 -0.109290 0.104316 -0.039244 -0.085273
0.106825 -0.150312 -0.211263 0.109664 0.068686 0.170919 -0.413893 0.194299 -0.125274 0.163140 -0.527351 -0.863675 -0.084012 -0.330195 0.001243 -0.150837 0.101452 0.305926 0.201594 0.025336 -0.118502 -0.075550 -0.313312 -0.231025
0.218837 0.231838 -0.156184 0.341893 -0.014101 0.016563 -0.249710 0.176869 -0.187319 0.053067 -0.566852 -1.092962 -0.154127 -0.337417 0.146224 0.083363 0.090385 0.240005 0.057365 -0.210495 -0.078284 -0.233436 -0.306397 -0.198584
0.152613 0.429553 -0.118794 0.289443 0.138453 -0.055042 -0.356381 0.129676 -0.026658 -0.029489 -0.436159 -0.810004 -0.312139 -0.308157 0.185719 0.273522 0.139983 0.150105 -0.159396 -0.406661 0.053803 0.182520 0.135993 -0.013608
0.006490 0.255256 0.116739 0.179826 -0.104601 -0.050682 -0.085722 -0.002177 0.089265 -0.411474 -0.157458 -0.282111 -0.625964 -0.021671 0.199527 0.553074 -0.175921 -0.193541 -0.018328 -0.355175 -0.193861 0.102736 0.379986 -0.153373
-0.023564 0.147560 0.004881 0.156610 0.042303 -0.481788 0.274037 -0.117842 0.215337 -0.373333 -0.055286 0.073589 -0.200735 0.069404 -0.014128 0.530937 -0.459117 -0.357075 0.151930 -0.222590 -0.280524 -0.086446 0.563020 -0.048116
-0.014268 0.282618 0.099374 0.163609 0.001569 -0.247953 0.526200 -0.105832 0.144641 -0.577617 -0.005083 0.269575 0.137960 0.041330 -0.143958 0.360593 -0.300702 -0.147197 0.168059 -0.316579 -0.058098 -0.195309 0.224332 0.099058
-0.037564 -0.022878 0.253849 0.291377 -0.279208 0.160424 0.574443 0.019500 -0.410134 -0.856941 0.119671 -0.044022 0.104833 0.070104 -0.132036 0.184375 -0.266994 0.309238 0.021797 -0.094476 0.224144 -0.179288 -0.068016 0.049817
-0.246447 -0.351487 0.348311 0.236739 -0.302390 0.309382 0.217672 0.062560 -0.567897 -0.233377 0.223586 -0.306404 0.038343 -0.012275 0.016603 -0.005177 -0.686926 0.241690 0.157056 0.210879 -0.022723 -0.109723 -0.217877 0.101362
-0.230448 -0.336667 0.169565 0.212846 -0.264057 0.062277 -0.040593 0.059381 -0.263099 0.345979 -0.175098 -0.265149 0.091411 0.139254 0.099781 -0.274276 -0.605321 0.203042 0.130525 0.329955 -0.239210 0.099754 -0.021448 0.197564
-0.029560 0.088976 -0.007088 0.181341 0.073355 0.140393 0.042311 0.214566 -0.032397 0.138096 -0.301991 -0.268014 -0.016063 0.309534 0.257592 -0.386052 -0.161470 0.131236 0.101998 0.105940 -0.181429 0.027264 0.164081 0.392530
0.152414 0.172618 -0.046295 0.114621 -0.023102 -0.029519 0.089224 0.269614 0.222018 -0.259320 0.001919 -0.128751 -0.081921 0.154657 0.085073 -0.198585 0.083562 -0.012909 -0.016007 -0.137575 0.051802 -0.002358 0.223867 0.303019
0.163069 0.003353 -0.087028 0.322484 -0.118565 -0.201943 0.039824 0.055298 0.117009 -0.154839 -0.009324 0.093002 0.223297 0.022238 0.290419 -0.032766 -0.038043 0.056748 -0.027507 -0.031759 0.010987 -0.052304 -0.068217 -0.004039
0.166784 0.059554 -0.095164 0.156639 -0.027460 -0.457389 0.099032 0.102734 0.258066 -0.152576 -0.112512 -0.009680 0.164857 0.078234 0.270037 0.233661 0.076131 -0.165213 0.042084 0.057228 -0.023294 -0.069621 -0.204991 -0.129176
-0.047945 -0.003292 -0.030789 -0.201436 -0.037893 -0.527237 0.111848 0.152308 0.151685 0.051500 -0.089634 -0.011165 -0.146678 0.220586 0.285753 0.162491 0.017716 -0.040403 -0.117331 0.060708 -0.024218 0.189196 -0.078290 -0.092539
0.029825 -0.251302 0.082503 -0.154244 0.009053 -0.410743 0.059722 0.007543 0.028944 -0.005328 -0.092820 0.055290 -0.234585 -0.044164 0.082116 0.217394 0.051596 0.077554 0.083139 -0.144210 -0.070595 0.281564 -0.003242 -0.040436
0.148844 -0.131223 0.113263 0.200482 -0.290009 -0.037717 0.112959 -0.034455 -0.014074 -0.132084 -0.004563 -0.273994 -0.156164 -0.069822 -0.155705 -0.086527 -0.071898 -0.119280 -0.076441 -0.221438 -0.068097 0.363789 0.242121 0.144122
-0.100489 0.148773 0.026978 0.185378 -0.226524 -0.427145 -0.112207 -0.023415 -0.220090 -0.235520 -0.053455 -0.062164 -0.096055 0.016568 -0.064586 -0.081360 0.123501 -0.094771 0.172947 -0.080721 0.155506 0.337050 0.275781 0.045261
-0.236526 0.371772 -0.123671 0.079467 -0.066924 -0.061276 0.090586 -0.073182 -0.260386 -0.430690 -0.291024 0.244195 0.092216 -0.247874 0.204182 -0.125428 0.061481 -0.101777 0.194362 -0.067323 0.406570 -0.085258 -0.374006 -0.033144
-0.142227 0.019520 -0.095942 -0.241323 0.133486 0.413025 0.461903 0.093195 -0.081347 0.308990 -0.102646 0.479564 0.011431 -0.092381 0.054020 0.106232 0.068810 -0.123188 -0.147278 -0.255572 0.447995 0.165792 -0.353871 0.044736
0.022564 -0.050857 0.184940 -0.057691 0.437769 0.445456 0.361599 0.023753 0.400222 0.795741 -0.115619 0.135553 -0.116875 -0.149436 -0.172757 0.415786 0.103319 0.136658 0.253061 -0.084753 0.275038 0.636520 0.019279 -0.168325
0.575811 -0.028920 -0.829722 0.302083 0.137270 -0.032673 -0.501627 -0.088136 -0.096391 -0.145841 0.209255 0.222008 -1.231159 -0.272572 -0.209554 -0.772757 0.407537 -0.387809 -0.910053 -0.324410 -0.026896 -0.502785 -0.244377 0.224897
0.177820 0.155643 -0.365097 0.224303 -0.048226 -0.031802 -0.310235 -0.046540 -0.101981 0.091788 -0.190298 0.115441 -0.424312 -0.142459 -0.100063 -0.211087 0.316229 0.145394 0.075385 0.121928 -0.043137 -0.028342 -0.158946 -0.144264
0.086311 -0.245111 -0.188048 0.082892 -0.266526 0.188225 0.034185 -0.071861 -0.092415 0.133582 -0.216649 0.069587 -0.494307 -0.212823 0.053448 -0.454726 0.210139 0.000162 0.314433 0.307338 0.010456 0.133953 -0.243280 -0.111914
-0.175507 -0.322037 -0.133376 0.182174 -0.213146 0.269898 -0.127245 0.088412 0.022801 -0.095458 -0.424065 -0.192064 -0.487966 -0.140613 0.149968 -0.496823 0.155339 0.009269 0.350541 0.343435 0.048138 0.068056 -0.007057 -0.047218
0.009457 -0.201457 -0.364926 0.231000 0.014006 0.359469 -0.427228 0.262404 -0.051050 -0.010634 -0.443400 -0.778239 -0.002091 -0.206596 0.415162 -0.604134 0.172778 0.172088 0.196893 0.130306 -0.215133 -0.016537 -0.138893 -0.310256
0.107761 0.263116 -0.128451 0.404859 0.191448 0.135478 -0.447365 -0.027810 -0.124972 0.189460 -0.463146 -1.030450 -0.000274 -0.214309 0.288294 -0.093073 0.264014 0.436269 0.049184 0.175436 -0.070301 -0.135361 -0.065082 -0.145584
0.302602 0.493390 -0.097912 0.251789 0.048931 0.055774 -0.464582 -0.119233 0.042770 0.152101 -0.332953 -0.689794 -0.189514 -0.057526 0.384801 -0.019518 0.312793 0.371842 -0.310316 -0.069337 0.002170 0.005744 0.303398 -0.275408
0.168319 0.377337 -0.106211 0.174226 -0.178489 -0.092613 -0.192382 -0.119945 0.140238 -0.176673 -0.177134 -0.219879 -0.219509 0.016864 -0.056502 0.346431 0.259483 0.005943 -0.262438 -0.349717 -0.081902 0.158147 0.286363 -0.448842
-0.169904 0.267525 -0.074243 0.333052 -0.080786 -0.538745 0.092531 -0.152664 0.303785 -0.395745 0.039434 -0.030721 -0.166185 0.006393 -0.308800 0.716736 0.012549 -0.109584 -0.209482 -0.311166 -0.203018 -0.004136 0.302852 -0.158095
-0.069044 0.333022 -0.106772 0.057663 -0.166140 -0.265277 0.190093 0.062685 0.095527 -0.776241 0.060662 -0.003049 -0.100735 -0.172175 -0.208616 0.428915 -0.075167 -0.060632 0.102249 -0.030243 -0.261314 -0.110583 0.280454 -0.065565
0.077331 0.125024 0.096688 0.216977 -0.304104 0.269007 0.286596 0.238173 -0.363212 -0.955238 0.032787 0.015240 0.157989 0.044498 -0.212483 0.156286 -0.284864 0.028623 -0.010653 -0.024494 0.082335 -0.097380 0.120840 0.015022
-0.029458 -0.300217 0.308565 0.319029 -0.294593 0.394265 0.136562 0.012288 -0.373853 -0.172939 0.096015 -0.047285 0.329207 0.160795 -0.168957 0.091972 -0.558935 0.146436 0.232088 0.025004 0.144404 -0.114809 -0.189988 0.178246
-0.083996 -0.151407 0.214754 0.091815 -0.320474 0.262275 0.143603 0.040510 -0.048435 0.323250 -0.310297 -0.074852 0.381020 0.256392 0.076600 -0.038551 -0.572566 0.254935 0.305885 0.298318 -0.188656 -0.063114 -0.122328 0.306699
-0.070638 0.192199 0.016506 0.102169 -0.162471 0.270641 0.182618 0.255126 0.119486 0.230605 -0.328976 -0.148950 0.164724 0.368702 0.024880 -0.035520 -0.158062 0.238468 0.203016 0.268219 -0.221488 0.226657 0.143066 0.381097
0.071077 0.099364 -0.044427 0.116490 0.058156 0.112574 0.039570 0.272250 0.096208 0.047352 -0.043173 -0.115267 -0.061558 0.398464 0.005733 -0.143407 0.001400 -0.034661 0.104484 -0.005042 -0.098835 0.117858 0.135098 0.148708
0.234170 -0.085826 0.076176 0.343608 -0.127943 -0.120928 0.106188 0.120959 0.006521 -0.042709 -0.154547 -0.117300 0.241352 0.117662 -0.038573 -0.010402 -0.079512 0.010267 -0.026680 -0.017948 -0.251677 -0.122246 -0.004381 -0.019889
0.416139 0.046089 0.030028 -0.041837 -0.115536 -0.243777 0.150005 0.164211 0.024702 0.028665 0.155685 0.016326 0.355502 0.153540 0.089535 0.130361 -0.024243 -0.050415 -0.095984 -0.049518 -0.230242 0.026609 -0.084175 -0.176940
0.246031 0.097361 0.084260 -0.102269 -0.011929 -0.468314 0.301290 0.164002 0.145757 0.060286 0.184042 0.151287 0.007293 0.036355 0.012921 -0.081818 -0.090528 0.158748 0.028585 0.111185 -0.083224 -0.047040 -0.022103 -0.256389
0.087252 -0.021420 0.195790 -0.017752 0.083762 -0.275071 0.172120 0.078254 0.027240 -0.002413 -0.119166 0.076224 -0.067858 0.002165 -0.122730 0.133880 -0.142056 0.017671 0.034095 -0.035686 0.029876 0.142358 0.012846 -0.173066
0.164807 -0.026318 0.052514 -0.029442 -0.117833 0.057701 0.006234 0.037810 0.129917 0.077870 -0.164684 -0.041656 -0.024771 -0.068224 0.042399 0.014896 0.003349 -0.124712 -0.041250 -0.226410 -0.133534 0.296815 0.101787 0.018324
0.020961 0.035295 -0.039727 -0.000884 -0.323281 0.067624 0.083955 -0.077225 -0.064472 -0.267958 0.025015 -0.037021 -0.008470 -0.119128 -0.048882 -0.010786 -0.054881 -0.107155 0.096232 -0.249779 -0.035549 0.309223 0.383849 0.162267
-0.055252 0.406263 -0.236440 -0.026946 -0.223103 -0.044153 0.111350 -0.217446 -0.312143 -0.283021 0.214114 0.161726 -0.108706 -0.176245 -0.032179 -0.027316 0.062692 0.120725 0.224567 -0.149631 0.331766 0.287273 -0.055244 0.203861
-0.121192 0.376803 -0.168212 0.043802 0.095012 0.292503 0.284972 0.027162 -0.059933 0.221121 0.119812 0.407728 -0.061957 -0.169622 0.088209 -0.100108 -0.049183 -0.040205 0.226792 -0.163167 0.395416 0.423509 -0.103581 0.186787
-0.171388 -0.007231 0.096600 0.231571 0.240978 0.284281 0.200400 0.135399 0.477177 0.660632 -0.201633 0.238776 0.078754 -0.033225 -0.121458 -0.019371 -0.020966 -0.095258 0.428794 -0.011496 0.209105 0.805993 0.178384 0.005187
0.921035 -0.291622 -1.237286 0.146395 -0.057760 -0.021007 -0.551474 0.005255 -0.191918 -0.412455 -0.025999 0.311372 -0.999393 -0.189160 0.036068 -0.596930 0.455025 -0.614800 -0.636170 -0.891764 0.094430 -0.806867 -0.235518 0.207581
0.293581 -0.022214 -0.690892 -0.008293 -0.062463 -0.005564 -0.458905 -0.074767 -0.250205 0.058133 -0.502029 0.110827 -0.519973 -0.076526 -0.095356 -0.418297 0.311164 -0.203792 -0.025105 0.107353 0.023311 -0.129682 -0.172763 0.136449
-0.231054 -0.199382 -0.213521 -0.096986 -0.108500 -0.037309 -0.392971 0.143866 -0.084140 0.260829 -0.199353 0.325998 -0.591839 -0.153412 -0.204794 -0.452454 0.312681 -0.246085 0.141138 0.625770 0.121169 -0.111412 -0.169535 -0.148889
-0.212544 -0.380626 -0.157299 0.014539 -0.234890 0.204829 -0.222335 0.010975 0.158837 -0.104417 -0.356623 -0.091247 -0.688536 -0.028273 0.182106 -0.601314 0.244184 -0.227360 0.416901 0.488915 -0.114547 0.087629 -0.133817 -0.043761
-0.306141 -0.202890 -0.196456 0.152081 0.047886 0.385024 -0.299721 0.007356 0.004530 -0.152396 -0.467774 -0.783262 -0.183601 -0.172070 0.467378 -0.610484 0.235846 0.071125 0.352352 0.447495 -0.184439 0.035472 -0.046379 -0.256044
-0.017310 0.214838 -0.122627 0.290695 0.113253 0.160305 -0.394348 -0.008811 -0.021340 0.149439 -0.200943 -0.868260 0.201494 -0.055317 0.389731 -0.518201 0.185403 0.299442 0.071002 0.257538 -0.154003 -0.031262 0.060808 -0.445318
0.166100 0.259502 -0.148684 0.343157 0.121962 -0.065681 -0.265394 -0.124083 -0.026165 0.192943 -0.072617 -0.414029 0.069899 -0.016155 0.125987 -0.178764 0.249171 0.554084 -0.239858 0.224032 -0.031492 0.132082 0.235137 -0.483683
0.146357 0.234099 -0.186219 0.242862 -0.131885 -0.202931 0.041456 -0.373243 0.134785 -0.052685 0.066672 0.020325 -0.110108 -0.077586 -0.042255 0.215004 0.415465 0.343577 -0.361904 -0.143135 -0.060084 0.194368 0.286120 -0.688223
-0.126377 0.090690 -0.134415 0.264927 -0.247646 -0.409405 0.177781 -0.248713 0.369894 -0.320680 0.157972 0.091130 -0.226944 -0.058359 -0.345742 0.508769 0.118564 0.200303 -0.228763 -0.151947 0.088689 0.039809 0.274643 -0.433522
-0.136499 0.090006 -0.138251 0.071099 -0.352286 -0.344772 0.212920 0.080999 -0.034365 -0.631117 0.212265 0.008345 0.047454 0.053618 -0.459306 0.422518 0.121113 0.038065 -0.246395 0.066578 -0.060256 -0.043646 0.183691 -0.184417
0.016193 -0.027931 0.001223 0.127076 -0.454995 0.253737 0.271097 0.126341 -0.416621 -0.921239 -0.028272 0.112752 0.221066 -0.215120 -0.262560 0.055201 -0.035662 0.121893 -0.123406 0.069571 0.096073 -0.029925 0.003610 -0.155244
-0.072453 -0.466274 0.128853 0.410954 -0.359440 0.523461 -0.074264 -0.092934 -0.219613 -0.423398 0.032541 0.009638 0.411916 0.004309 0.155865 0.056097 -0.411061 0.055799 -0.028505 -0.003830 0.080367 -0.011725 0.101732 -0.069923
-0.196849 -0.484059 0.174054 0.224947 -0.373595 0.421817 0.078679 -0.044541 -0.143642 0.132783 -0.266469 0.099973 0.694444 0.244174 0.229193 0.047845 -0.511587 0.387301 0.289693 0.235406 -0.015814 0.009726 0.034323 0.332791
-0.046380 0.104041 -0.065402 0.042504 -0.125876 0.374942 0.241962 0.057742 0.039616 0.234101 -0.250647 0.103821 0.487644 0.415030 0.241936 -0.003596 -0.065932 0.295236 0.145560 0.334027 -0.138463 0.121121 0.030909 0.443597
0.113481 0.135661 -0.158953 -0.018930 0.071675 0.228836 -0.033213 0.219537 -0.079609 0.244964 -0.011301 0.000802 0.141078 0.206979 0.117252 -0.123554 0.155041 0.031838 0.135256 0.088981 -0.156386 -0.068025 0.094062 0.138197
0.162555 -0.223364 -0.183408 0.141957 -0.081866 -0.050486 -0.110296 0.250392 0.002788 0.136191 0.102680 0.025437 0.089770 0.390000 -0.052102 0.090397 0.134952 0.001018 0.126106 -0.036601 -0.214677 -0.306303 -0.090164 0.007073
0.306290 -0.174599 -0.152106 0.171064 -0.189992 -0.228806 0.156643 0.083703 0.120163 0.194370 0.040259 -0.012459 0.269618 -0.065199 -0.080906 0.042290 -0.084397 -0.033651 0.014475 -0.075540 -0.477942 -0.337443 -0.016681 -0.184694
0.324450 0.055556 -0.224538 0.192792 0.048373 -0.309052 0.230105 0.097479 -0.001381 0.098652 -0.045710 0.102503 0.063962 0.021647 -0.323228 0.040189 -0.027838 0.006446 0.044752 -0.003450 -0.293543 -0.287045 0.056356 -0.282461
0.086451 -0.029451 -0.040763 -0.019492 0.161478 -0.110723 0.130143 -0.055765 -0.079679 0.008915 -0.025488 0.079995 0.223470 0.135028 -0.162068 -0.025678 0.048642 -0.004312 0.036158 0.170711 -0.051722 -0.270452 0.118769 -0.421497
0.121203 -0.111266 0.201939 0.155686 -0.066491 0.090165 0.223037 0.129231 0.204115 -0.004483 -0.182853 -0.021686 0.138557 -0.214613 0.223734 -0.185760 -0.045349 -0.170730 0.093763 0.037275 -0.089759 0.083605 0.261226 -0.210950
0.076656 -0.095652 -0.179756 0.065756 -0.082534 0.227630 0.199879 -0.008801 -0.026964 0.085760 -0.002223 0.190609 0.034429 -0.251834 0.063197 0.078417 0.054131 -0.117898 -0.036372 -0.206042 0.047777 0.425745 0.221376 0.160463
-0.073635 0.219019 -0.216878 0.056795 -0.022963 0.070967 0.180185 -0.196090 -0.454825 0.074180 0.092346 0.169956 -0.013158 -0.263097 0.017995 0.028866 0.065085 0.048400 0.206586 -0.132011 0.226699 0.642576 0.035569 0.167191
0.034361 0.490902 0.039011 0.189834 -0.031413 -0.122910 0.207251 -0.204345 -0.191486 0.110321 -0.070877 0.240302 -0.191829 -0.038274 0.086709 -0.293091 0.140790 -0.062432 0.142595 -0.124072 0.342253 0.888128 -0.024966 0.057175
-0.177456 0.257476 0.392812 0.125266 -0.028499 0.043620 0.182663 0.241280 0.081289 0.474748 -0.390947 0.024629 -0.156336 0.204995 -0.127979 -0.333298 0.157632 -0.193807 0.288762 -0.047685 0.284369 1.319497 0.205921 0.210155
0.826715 -0.551046 -1.354215 0.155522 -0.234290 0.001844 -0.311338 0.191834 -0.207201 -0.797544 -0.080042 0.370866 -0.632977 -0.081872 0.299380 -0.167164 0.284269 -0.474988 -0.449548 -1.258353 -0.061987 -0.659788 -0.381574 0.396294
0.334994 -0.202562 -0.861862 0.053399 0.145246 -0.065625 -0.466351 0.293705 -0.178301 -0.015445 -1.116076 0.326122 -0.349911 0.044577 0.132510 -0.187219 0.289928 -0.495220 -0.027577 -0.411139 -0.029595 -0.314129 -0.202779 0.049242
-0.053533 -0.236374 -0.411320 -0.096196 -0.086195 0.171918 -0.409233 0.277477 -0.264847 0.192805 -0.332076 0.368206 -0.526951 0.065438 -0.001377 -0.383228 0.240775 -0.739548 0.202579 0.288520 0.054849 -0.226933 -0.092818 -0.033572
-0.191014 -0.400314 -0.078709 -0.228250 -0.130860 0.154407 -0.274603 0.145124 0.030249 -0.121044 -0.150932 0.109506 -0.674028 -0.005569 0.135990 -0.462647 0.348120 -0.489765 0.094111 0.528440 -0.136494 0.026962 -0.054504 0.107751
-0.209905 -0.281037 -0.095722 -0.208799 0.010204 0.147412 -0.272307 0.081025 0.037351 -0.004126 -0.329138 -0.597898 -0.326739 -0.151085 0.256966 -0.718900 0.190255 -0.233454 0.343095 0.489991 -0.189880 0.132843 0.016042 -0.138160
-0.046198 0.239803 -0.018064 -0.027246 0.234095 0.208368 -0.370704 -0.016998 -0.088105 0.107536 0.075034 -0.802336 0.026091 0.003625 0.254009 -0.628433 0.190952 -0.099382 0.164453 0.421299 -0.150790 0.099621 0.066979 -0.384145
0.044361 0.247613 0.041341 0.053254 -0.027527 -0.095996 -0.233648 -0.219698 -0.058952 0.298329 0.271566 -0.341399 0.298565 -0.034926 -0.139379 -0.302719 0.342314 0.230299 0.075503 0.306228 -0.173814 0.315968 0.357495 -0.441899
0.084104 0.227832 -0.094203 -0.032031 -0.299670 -0.152945 0.113817 -0.429845 -0.016640 0.013452 0.359863 0.136673 0.352527 -0.109041 -0.240739 0.132394 0.312034 0.359582 -0.155483 0.038191 0.090625 0.287122 0.427269 -0.508215
-0.185813 0.141209 -0.132254 0.303357 -0.308349 -0.477730 0.498168 -0.199229 0.203254 -0.157898 0.353430 0.268917 -0.016352 -0.154129 -0.393728 0.384050 0.166780 0.214104 -0.142784 -0.029251 0.232729 0.022037 0.147801 -0.393178
-0.306253 -0.014421 -0.032990 0.036989 -0.365850 -0.575803 0.403816 -0.015266 -0.130859 -0.435535 0.294455 0.088517 0.029382 -0.197349 -0.460170 0.440634 -0.008067 0.008427 0.042515 -0.031499 0.294890 -0.178089 -0.173388 -0.163962
-0.257984 -0.441049 -0.009786 -0.084826 -0.320139 -0.064093 0.153532 -0.066715 -0.510047 -0.669207 0.227322 -0.059961 0.217789 -0.330692 -0.213255 0.067800 0.031586 -0.190789 -0.074548 0.359088 0.147830 -0.024266 -0.072450 -0.091733
-0.310042 -0.614046 0.097794 -0.060742 -0.158090 0.489014 -0.108862 -0.145401 -0.343617 -0.470737 -0.118811 0.051329 0.386269 -0.031795 0.221597 0.227473 -0.382534 -0.002267 -0.012511 0.086145 0.076332 0.201448 -0.047450 -0.046071
-0.255484 -0.380478 0.070370 -0.066891 -0.083783 0.378868 -0.035097 -0.334803 -0.250855 -0.101396 -0.092112 0.068288 0.425635 0.179302 0.373882 -0.123107 -0.627643 0.205690 0.413597 -0.098572 -0.031540 0.107394 0.023594 0.072011
0.100077 0.065766 -0.036400 -0.054100 0.133455 0.383763 0.089213 -0.114380 -0.157277 0.046854 -0.071450 0.104183 0.448796 0.157345 0.204495 -0.195745 -0.254613 0.301177 0.302077 0.120424 -0.123115 0.102204 -0.056438 0.213820
0.158397 0.070923 -0.255319 0.088130 0.144975 0.095600 -0.033897 0.047910 -0.059345 0.119845 0.341362 0.176955 0.229829 0.072662 0.149027 -0.171842 0.053658 0.030768 0.030502 0.066439 -0.133197 -0.159560 -0.160626 0.131784
0.021044 -0.200417 -0.246833 0.180928 0.045835 -0.048118 -0.059708 0.144349 -0.011761 0.134722 0.138683 0.041268 0.160355 0.067738 0.044618 0.144335 0.069548 0.052024 -0.045602 -0.007440 0.073859 -0.255644 -0.202081 -0.055046
0.109226 -0.239245 -0.207891 0.167513 -0.080097 -0.071169 -0.100883 0.133166 0.076027 0.274416 -0.047150 0.078501 0.116673 0.033122 0.079856 0.191681 -0.009494 -0.039383 0.201598 -0.130268 -0.430148 -0.246641 -0.047652 -0.120385
0.221180 -0.126993 -0.325684 0.108404 0.082183 -0.203709 -0.052165 0.120346 0.033799 0.162954 -0.043021 0.054706 0.055679 -0.027298 0.006680 0.151971 -0.059491 -0.222334 0.113789 0.036502 -0.422451 -0.285497 -0.043845 -0.124284
0.060643 -0.111575 -0.144151 0.067831 -0.076966 -0.080492 0.105251 0.089713 0.075987 -0.109555 -0.155281 -0.218184 0.010623 0.044194 -0.076011 0.148905 -0.126245 0.078691 -0.064940 0.139464 -0.085470 -0.311594 0.243789 -0.075400
0.036615 0.025566 0.085392 -0.028557 -0.083604 -0.155210 0.079648 0.126523 -0.020076 0.031007 -0.171597 -0.137001 0.161303 0.019651 0.211352 0.008757 -0.102816 0.014023 -0.029675 0.076951 0.121305 -0.167985 0.224418 -0.148782
0.133926 0.053902 0.005172 -0.069633 0.191270 0.099487 0.163329 0.240526 -0.003555 0.213796 -0.182143 0.188083 0.022625 -0.300654 0.198990 0.331772 -0.020701 -0.170965 0.081449 -0.012808 0.109533 0.066794 0.056622 0.152567
0.036064 -0.061768 -0.096580 -0.138696 0.171722 0.284716 0.095408 -0.090265 -0.472509 0.181956 -0.107067 0.340381 -0.119323 -0.271385 0.177266 0.158272 -0.088714 -0.237196 -0.114201 0.023549 0.097309 0.302146 -0.115906 0.218178
0.157950 0.212922 0.129907 -0.046863 0.135936 0.117650 -0.012763 -0.037599 -0.379736 0.099348 -0.060921 -0.021314 -0.341592 -0.094739 0.300113 -0.143967 0.127491 -0.212821 -0.150011 -0.109927 0.167760 0.591149 -0.095843 -0.172902
0.057673 0.340095 0.648730 0.201554 0.071926 0.066464 -0.357874 0.235735 -0.008484 0.011066 -0.490958 -0.261692 -0.144662 -0.081221 0.198128 -0.257586 0.179231 -0.203214 -0.182587 -0.067302 0.186776 1.088026 0.367476 0.049901
0.609619 -0.706531 -0.843183 -0.061108 -0.290225 -0.097780 -0.022683 0.164675 -0.204319 -0.850582 -0.087079 0.390764 -0.346127 -0.085500 0.356355 0.141370 0.126896 -0.507790 -0.300402 -1.106619 0.126298 -0.469555 -0.389174 0.629353
0.121060 -0.196976 -0.797464 0.142550 0.099039 0.108330 -0.205908 0.343393 -0.006713 -0.092430 -1.321829 0.369299 -0.215492 -0.032328 0.414570 0.139300 0.125880 -0.439278 0.209801 -0.933550 0.020121 -0.212817 -0.133131 0.307642
-0.098076 -0.172024 -0.664339 -0.008589 0.161848 0.059752 -0.238278 0.539217 -0.048318 0.250063 -0.564078 0.333023 -0.436547 -0.155933 0.173667 -0.128716 0.216733 -0.770284 0.113816 -0.376908 -0.018729 -0.245620 0.055213 0.209488
-0.227975 -0.378826 -0.125767 -0.280715 0.043705 0.126678 -0.136586 0.298710 0.104351 0.169093 -0.138129 0.101809 -0.571161 -0.075307 0.054418 -0.383942 0.216219 -0.605090 0.036883 0.237692 -0.076944 -0.059082 -0.070620 0.035255
-0.052934 -0.004748 -0.182458 -0.278909 0.168059 -0.000742 -0.183128 0.143356 0.279245 0.066397 -0.040191 -0.465272 -0.450588 -0.137001 0.107712 -0.705658 0.231412 -0.666559 0.277313 0.464766 -0.147085 0.007744 0.040110 -0.121528
-0.151748 0.126999 -0.080653 -0.247689 0.228158 0.020608 -0.272663 -0.067424 -0.108331 0.182664 0.061957 -0.583391 -0.077876 -0.139273 -0.002437 -0.623573 0.067113 -0.413241 0.256073 0.489976 -0.266511 -0.028072 0.275241 -0.340714
-0.122702 0.383238 0.094343 -0.096049 0.146472 -0.137702 -0.184276 -0.202858 -0.112532 0.395941 0.365569 -0.561428 0.384649 0.013166 -0.415615 -0.539791 0.250186 -0.096278 0.050729 0.514128 -0.255422 0.443782 0.505825 -0.422504
-0.235452 0.458838 0.221716 -0.051500 -0.376937 -0.338838 0.040960 -0.102685 0.037927 0.325385 0.442712 -0.048976 0.336651 -0.157501 -0.436377 -0.175333 0.514830 -0.019468 -0.064285 0.079480 0.040237 0.465577 0.398315 -0.382121
-0.207318 0.162530 0.054980 0.207903 -0.326160 -0.630055 0.166506 0.061929 -0.006264 -0.096458 0.393810 0.135686 0.121103 -0.025449 -0.432207 0.202146 0.437948 0.152479 -0.143641 -0.062019 0.239584 -0.018363 0.088513 -0.191227
-0.132996 0.085306 0.175093 0.095340 -0.237584 -0.526838 0.254902 0.051623 -0.272413 -0.497013 0.249060 -0.090732 -0.065997 -0.142272 -0.092206 0.191471 0.236048 0.155070 -0.070824 0.088871 0.403951 -0.214882 0.027189 0.151377
-0.176068 -0.078855 0.067621 -0.021327 -0.229082 -0.156343 0.232469 -0.044338 -0.437506 -0.373136 0.154603 -0.537987 0.050564 -0.112871 -0.151307 0.087005 -0.097234 -0.229712 -0.038559 -0.035136 0.157058 -0.106520 0.204697 0.050145
-0.522581 -0.383394 0.004998 -0.144886 -0.072251 0.144233 -0.035246 -0.164791 -0.389467 -0.133922 -0.124914 -0.234605 0.343570 0.053451 -0.052485 0.405605 -0.165060 -0.222465 0.040619 -0.071553 -0.019386 0.127929 0.024067 -0.183292
-0.568402 -0.268220 0.120480 -0.207171 0.084192 0.407909 -0.083539 -0.172244 -0.069312 -0.068808 -0.053635 -0.035997 0.211019 0.100040 0.289949 0.111096 -0.401201 0.209264 0.374163 -0.224801 0.031220 0.099875 0.090472 0.140578
0.066916 0.171206 0.004383 -0.077939 -0.032481 0.432557 -0.069567 -0.155868 0.041179 0.026030 0.091597 0.059420 0.098883 0.353662 0.064695 -0.194284 -0.424635 0.253275 0.250251 -0.102742 -0.231142 0.015620 0.158605 0.105424
0.440126 0.311778 0.016607 0.082915 0.057528 0.031686 -0.111018 -0.015167 -0.141065 0.073730 0.210473 -0.065427 0.027308 0.134783 -0.136370 -0.169928 0.040463 0.096227 0.074981 0.006988 -0.244896 -0.008016 -0.019762 0.175946
0.434508 -0.130570 -0.008589 0.218755 -0.132205 -0.100428 -0.140125 0.002550 0.049413 0.078824 0.042543 -0.034859 0.263058 0.025128 0.003714 0.042985 0.065425 0.088197 -0.110438 -0.099854 -0.087619 0.063501 -0.018280 0.106524
0.080347 -0.162774 -0.033541 0.057264 -0.123123 -0.278078 -0.432503 -0.064042 0.041324 0.084416 0.096544 -0.024403 0.211084 0.161914 0.260771 0.123297 0.038923 -0.116109 -0.020789 -0.050170 -0.086178 -0.096833 0.057489 0.148238
0.166591 -0.222277 -0.234263 -0.061546 0.005827 -0.239045 -0.376353 0.121792 0.043870 0.175489 -0.023783 -0.022521 -0.080677 -0.023386 0.060424 -0.055733 -0.151806 -0.050681 0.052807 0.107417 -0.420782 -0.157209 0.031371 0.025805
0.129620 -0.286066 -0.151711 0.140114 -0.043074 -0.019867 -0.154205 0.046795 0.111089 0.054461 -0.000213 -0.246983 0.066500 -0.055573 -0.194316 -0.005985 -0.207887 0.095949 0.026021 0.245479 -0.264666 -0.161302 0.019666 0.148089
-0.003229 -0.022937 -0.060346 0.017243 -0.235187 -0.007685 -0.056356 0.095270 0.044994 0.083214 -0.101626 -0.166390 0.076970 0.054234 0.041704 0.010977 -0.083788 0.032237 -0.108717 0.175861 -0.027915 -0.197053 0.222554 0.158809
-0.094277 -0.045491 0.022616 -0.099490 0.031400 0.024966 -0.152870 0.189862 0.150295 0.101011 0.065250 0.011178 -0.037940 0.073646 0.155647 0.153354 -0.085643 -0.030361 -0.101966 0.018848 0.058631 -0.156639 0.266631 0.053607
-0.085048 -0.255911 -0.006634 -0.252395 0.196566 0.112091 -0.028861 0.227647 -0.123831 0.128101 0.081109 0.212854 -0.206996 -0.013128 0.193192 0.247205 -0.205907 -0.214598 -0.201880 -0.011188 0.074027 0.114554 0.167313 0.276893
0.144358 -0.097456 -0.098142 -0.091035 0.047418 0.113499 -0.240958 0.117818 -0.110585 0.092354 0.193765 -0.033132 -0.132366 -0.146291 0.372315 0.001649 -0.063498 -0.184717 -0.034694 -0.153994 -0.039612 0.322362 0.042097 -0.041891
0.121656 0.228756 0.327995 0.134250 -0.119948 0.348391 -0.545814 0.194701 0.192026 0.138700 -0.103572 -0.358263 -0.079023 -0.031449 0.469721 0.060460 0.021547 -0.084517 -0.106086 -0.208828 0.058741 0.732172 0.366213 -0.140254
0.423934 -0.291709 -0.434023 -0.238214 -0.258312 -0.075854 -0.048622 0.183260 -0.236895 -0.908901 0.007535 0.600020 -0.262858 0.025629 0.302739 0.130257 -0.114817 -0.411418 -0.078867 -0.837949 0.224416 -0.539185 -0.339330 0.252163
-0.074228 -0.019347 -0.617134 0.215577 0.054723 0.049197 -0.037090 0.176069 0.202108 -0.103914 -1.140906 0.232725 -0.086813 0.090850 0.369171 0.250768 -0.041156 -0.186053 0.237096 -0.918693 0.093081 0.039124 -0.253031 0.240305
-0.228363 -0.189081 -0.493270 0.214964 0.242131 0.183430 0.016289 0.443513 0.193577 0.200929 -0.957941 0.320611 -0.136701 -0.146278 0.340366 0.199158 -0.111252 -0.534166 0.155040 -0.790712 0.009421 0.013713 -0.021743 0.299203
-0.208475 -0.311087 -0.348623 0.064196 0.196304 0.083983 0.024429 0.440001 -0.053645 -0.003669 -0.290044 0.126649 -0.298860 -0.025196 0.255400 0.080337 0.030708 -0.467676 0.068322 -0.269794 0.038849 -0.117644 0.142197 0.127356
-0.081117 -0.028497 -0.470932 -0.123456 0.285770 -0.077132 -0.230815 0.148432 0.218342 0.268068 0.230092 -0.456737 -0.421196 -0.132225 0.151532 -0.190923 0.208961 -0.719829 0.187405 0.215507 -0.036863 0.032746 0.216260 0.065715
-0.217080 0.201014 -0.161606 -0.077563 0.325149 0.033675 -0.297114 0.028306 -0.047199 0.590423 0.304070 -0.768375 -0.245965 -0.236378 -0.102436 -0.475770 -0.157639 -0.643889 0.215842 0.480861 -0.202164 -0.107954 0.231201 -0.334041
-0.072606 0.296445 0.011577 -0.041719 0.049786 -0.215609 -0.218109 -0.246261 0.009018 0.398748 0.356269 -0.389238 0.239664 -0.208530 -0.516223 -0.319335 -0.035621 -0.601834 0.025325 0.414147 -0.293290 0.138630 0.356294 -0.423433
-0.102348 0.335293 0.266944 -0.100759 -0.266114 -0.345247 -0.251037 -0.156157 0.037179 0.304671 0.246296 -0.115673 0.521017 -0.211974 -0.652643 -0.185973 0.398274 -0.243271 0.017990 0.107824 -0.145406 0.369557 0.278889 -0.323283
-0.253823 0.171919 0.253675 0.039431 -0.511144 -0.390385 0.122071 0.337051 0.027964 0.156069 0.390759 -0.154556 0.193830 -0.172930 -0.403742 0.063900 0.626288 0.111686 -0.180725 0.023532 0.141700 0.187972 0.226551 -0.047915
-0.044916 0.007117 0.236185 -0.063760 -0.333808 -0.330576 0.144469 0.215129 -0.225199 -0.323704 0.230151 -0.307285 0.041942 0.004168 -0.134800 0.191971 0.530154 0.202108 -0.262719 -0.053006 0.113010 -0.180153 0.392625 0.123730
-0.074876 0.048304 0.250749 -0.182121 -0.062660 -0.195395 0.109136 -0.024999 -0.311349 -0.177643 0.064647 -0.484661 0.006152 0.061180 -0.189686 0.206699 0.183290 0.041855 -0.143847 -0.180998 -0.095215 -0.024916 0.373188 0.031960
-0.391677 0.043386 0.252773 -0.114855 -0.068549 0.286388 0.088986 -0.114873 -0.174704 -0.075592 -0.090057 -0.236457 -0.013318 0.293263 0.065253 0.067535 0.025402 -0.070366 -0.030346 -0.114129 -0.039670 -0.050906 0.172643 -0.019970
-0.526182 -0.152329 0.202912 -0.050732 0.003089 0.343169 -0.150092 -0.068252 0.247439 -0.079911 -0.047355 -0.057115 0.103245 0.521465 -0.005474 0.075330 -0.242481 0.132350 0.002714 -0.020169 -0.299710 -0.045419 0.140249 0.225303
0.128807 0.070238 0.149969 -0.066740 -0.059265 0.259397 -0.252503 0.104485 0.274289 0.110062 0.019945 -0.187037 0.102745 0.374501 -0.241368 -0.056569 -0.123906 0.090440 0.106398 -0.052360 -0.445881 -0.023292 0.133586 -0.062580
0.523761 0.302108 0.206889 0.034009 -0.028488 0.102422 -0.146828 0.127697 0.021314 0.064397 0.060000 -0.178608 -0.093970 0.112937 -0.226676 -0.216744 -0.025994 0.225929 0.106006 -0.163987 -0.533234 -0.054709 -0.148104 -0.097528
0.312443 0.086014 0.046684 0.162625 -0.143983 -0.248878 -0.116324 0.014758 0.016176 -0.072436 0.062874 -0.130101 0.071362 -0.085492 -0.197370 -0.122357 0.082726 -0.086471 -0.131893 -0.090846 -0.509242 -0.131800 -0.125169 -0.066144
0.251062 -0.070184 0.074872 0.085106 -0.231906 -0.197580 -0.329078 0.008139 0.167037 -0.044625 0.014622 -0.131129 0.255879 0.002555 -0.075570 -0.018726 0.045868 -0.019226 -0.142669 0.025370 -0.378536 -0.151631 -0.050024 -0.210874
0.255503 -0.128879 -0.170163 0.021547 -0.075633 -0.251915 -0.321832 -0.000306 0.116996 0.056112 -0.023613 0.261451 0.192403 0.018028 0.063051 0.046941 0.144566 0.106680 0.061363 0.155961 -0.280906 -0.147095 -0.069694 -0.079712
0.199663 -0.223322 -0.215619 0.183440 0.020913 -0.083019 -0.270010 -0.009076 0.034623 -0.054409 0.080518 0.060958 0.179522 -0.014368 -0.061508 0.046325 0.001253 -0.021797 0.186711 0.123877 -0.184630 -0.283822 0.036503 0.106709
0.053290 -0.228189 -0.003465 0.133149 -0.027619 -0.049732 -0.048884 0.179611 0.029722 0.065391 0.136467 -0.068098 0.371699 -0.012247 -0.050973 0.022610 -0.084337 0.009704 -0.030950 -0.102344 -0.085228 -0.296428 0.129638 0.029145
-0.155640 0.026828 -0.081075 -0.054440 0.028038 -0.292720 0.054925 0.181281 0.189293 0.059013 0.124333 0.146821 0.252227 0.073169 0.102539 0.182484 -0.094336 -0.057572 -0.104018 -0.125199 -0.212508 -0.169493 0.256803 0.209331
-0.101575 -0.063213 -0.299110 -0.278258 0.156174 -0.257164 -0.046447 0.196361 0.204714 0.136225 0.172477 0.488587 0.015868 0.229490 0.052233 0.121536 -0.207459 -0.130964 -0.201633 0.007638 0.082599 0.004538 0.305931 0.342716
-0.022920 -0.122216 -0.276216 0.064797 0.128890 -0.107397 -0.060089 -0.045233 0.078412 0.161470 0.194674 0.055473 0.483363 0.137707 0.151121 0.127247 0.017192 -0.069139 -0.060303 0.267799 0.018279 0.141916 0.019299 -0.091577
-0.062706 -0.034472 0.075587 0.493389 -0.351415 0.092885 0.055103 0.034842 0.454522 0.088248 0.117321 -0.446525 0.515005 0.074938 0.488427 0.301696 -0.048691 0.282328 0.034868 0.000180 -0.135386 0.168849 0.036330 -0.115228
0.387718 0.020841 -0.169429 -0.404499 -0.118549 -0.181978 -0.027690 0.120163 -0.257026 -0.394367 -0.295399 0.614275 -0.003569 0.005643 0.331370 0.061016 -0.163330 -0.399964 0.066134 -0.470159 0.186378 -0.538863 -0.317012 0.074550
-0.162227 0.096439 -0.446601 0.081052 0.126106 -0.159863 0.052924 0.207726 0.238833 -0.147824 -0.833066 0.302488 -0.153855 0.013538 0.390054 0.204345 -0.084885 -0.106438 0.109726 -0.793999 0.178283 -0.191948 -0.290754 0.084197
-0.179598 -0.043396 -0.335992 0.262682 0.220133 -0.031090 -0.048741 0.225763 0.280438 0.031679 -0.625891 0.209197 -0.102950 -0.060762 0.229465 0.215658 -0.267911 -0.168187 -0.027507 -0.855730 -0.009081 -0.087787 -0.069818 0.149736
-0.146549 -0.206325 -0.262457 0.084886 0.263814 0.055409 0.055311 0.235053 0.034481 -0.133071 -0.196421 0.167127 -0.363654 -0.107332 0.187795 0.310992 -0.136205 -0.289118 0.087360 -0.679470 -0.055977 -0.084933 -0.076955 0.124488
-0.193856 0.048919 -0.441996 -0.036374 0.398307 0.004043 -0.044951 0.109646 0.215959 0.464130 0.246493 -0.251036 -0.196206 -0.115956 0.127513 0.146754 0.038123 -0.391386 0.124753 -0.344090 0.184088 -0.030292 -0.016481 0.104449
-0.126186 0.358058 -0.675133 -0.054808 0.276990 -0.006352 -0.207326 0.128515 0.168309 0.567971 0.471425 -0.593059 -0.302143 -0.305326 -0.223698 -0.088770 0.023173 -0.535061 0.136136 0.084032 -0.009771 -0.285872 0.110011 -0.047446
-0.176942 0.107747 -0.289349 0.162364 0.096078 -0.147043 -0.271809 -0.262248 0.042679 0.485207 0.408568 -0.358288 0.105088 -0.395020 -0.601734 -0.115081 -0.152626 -0.467543 -0.062766 0.362292 -0.292950 0.006628 0.259364 -0.118018
-0.155752 0.050245 0.053262 0.189185 -0.496638 -0.286580 -0.261498 -0.268760 0.136084 0.400284 0.253384 -0.094433 0.407529 -0.432678 -0.574187 -0.165891 0.141275 -0.374098 -0.155050 0.225235 -0.300533 0.248157 0.192016 -0.220874
-0.264384 0.105802 0.131849 -0.005187 -0.372581 -0.586631 -0.012923 -0.071555 0.007816 0.054207 0.170663 -0.177013 0.498047 -0.278891 -0.384555 0.043260 0.433352 -0.233301 -0.234678 -0.017895 -0.037835 0.021877 -0.175156 -0.017482
-0.062512 -0.081936 0.207054 -0.057012 -0.102408 -0.481825 0.109890 0.165424 -0.117457 -0.463794 -0.016021 -0.323576 0.374310 -0.037333 0.110593 -0.028172 0.567437 -0.083563 -0.291103 -0.047862 -0.092567 -0.017101 0.139569 0.118655
-0.147661 -0.134480 0.060284 -0.241718 0.068401 -0.156797 0.149678 0.126231 -0.168905 -0.317611 -0.020876 -0.421555 0.092081 0.134945 0.176784 0.101804 0.364366 0.141894 -0.258098 -0.197080 -0.186344 -0.038268 0.298844 0.116977
-0.282445 -0.174696 0.185327 -0.140601 0.231784 0.289621 -0.062756 0.031880 -0.030608 -0.166576 -0.020783 -0.175055 -0.147447 0.377657 0.126434 0.016924 0.134537 0.141744 0.075186 -0.080672 0.038641 0.120892 0.202727 0.038378
-0.351784 -0.048257 0.093904 -0.007523 0.227536 0.233487 -0.123657 -0.070769 -0.013114 -0.105373 -0.186845 0.165048 -0.298183 0.431791 0.009885 0.006508 -0.068326 0.177373 -0.031920 0.004804 -0.158361 -0.028599 -0.119489 0.015969
-0.113992 -0.027881 0.059735 0.168439 0.261212 0.089909 -0.243344 0.234833 0.027061 -0.021490 0.177347 -0.157490 -0.123984 0.250374 -0.078531 -0.122809 -0.092543 0.081876 -0.062588 -0.043733 -0.338115 -0.208991 -0.070230 0.001132
0.179069 0.136720 0.008393 -0.085159 0.038494 -0.091792 -0.059245 0.239817 -0.089559 -0.038550 0.151666 -0.253330 -0.061459 0.071909 -0.372749 -0.161448 -0.031367 0.135719 -0.128946 -0.068895 -0.423937 -0.260443 -0.159031 -0.141871
0.363632 0.021046 -0.042486 -0.219316 -0.022259 -0.059787 -0.052569 0.057867 -0.174070 -0.328645 -0.083820 -0.222350 0.038538 0.031221 -0.330322 -0.043287 -0.041997 0.029702 -0.108185 -0.021407 -0.332139 -0.158861 -0.468497 -0.094253
0.129300 0.067638 -0.190161 0.045881 -0.093782 -0.132032 0.087538 0.112394 -0.009910 -0.132310 -0.196313 0.061762 0.129919 -0.061799 -0.244444 -0.016136 -0.035193 -0.082155 0.086451 -0.150182 -0.154253 -0.218667 -0.318289 -0.127667
0.198847 -0.073330 -0.267997 -0.008520 -0.161906 -0.129159 -0.217062 0.236715 0.077331 -0.159150 -0.063523 0.209475 0.008251 0.036027 -0.043218 0.118680 -0.009259 -0.201292 -0.041515 -0.033106 -0.039457 -0.272752 -0.106870 -0.357695
0.159344 -0.121479 -0.144809 0.079338 -0.048139 0.053207 -0.119553 0.126366 -0.032538 -0.077023 0.136771 0.160344 0.221466 0.013871 0.107438 0.147265 -0.083532 -0.041982 -0.140507 -0.024425 0.052660 -0.284570 0.022613 -0.183015
-0.048747 0.105685 -0.099629 0.208572 0.218898 0.319634 -0.024728 -0.028125 -0.006958 0.123356 0.137194 0.113274 0.307306 -0.056455 0.208344 -0.000954 0.055746 -0.005522 0.032353 -0.145723 0.048253 -0.269135 0.197449 0.112337
-0.238346 0.126911 -0.145708 0.201554 0.207612 -0.146106 -0.025751 0.027019 0.089333 0.136178 0.154674 0.298003 0.006408 -0.134634 0.048678 -0.077307 0.129327 0.077453 0.047482 -0.303537 -0.098742 -0.265957 0.018807 0.117522
-0.319915 0.126324 -0.356361 -0.165107 0.387577 -0.319105 0.157879 0.064148 -0.061967 0.285310 0.028957 0.508146 0.057461 0.079176 -0.081455 0.103448 -0.068268 -0.170803 -0.103424 -0.084582 -0.082106 -0.014210 0.010585 0.283835
-0.299664 -0.072502 -0.372674 0.000006 0.207572 -0.294417 0.100768 -0.130550 0.146014 0.121721 -0.013129 0.310608 0.244686 0.119183 0.137430 -0.064621 -0.109221 -0.248732 -0.022872 0.213225 0.096501 0.139502 -0.052565 0.271379
-0.136050 0.225269 0.046230 0.450799 0.066649 -0.100103 0.207220 0.017476 0.244057 0.067796 -0.158538 -0.023194 0.664762 -0.000559 0.110846 -0.013402 -0.170583 0.106514 0.264539 0.285802 0.063040 0.004648 -0.152147 0.044383
0.277616 0.081981 -0.166262 -0.373598 0.084220 -0.137445 -0.232106 0.130504 -0.165154 -0.218667 -0.570030 0.562005 -0.000849 -0.019416 0.457695 -0.057387 0.028608 -0.193706 0.082452 -0.155308 -0.084228 -0.279685 -0.190689 -0.154955
-0.031932 0.177880 -0.361287 -0.154890 0.215459 -0.082455 0.058486 0.000704 0.204778 -0.079167 -0.745910 0.326861 -0.119946 -0.004024 0.343443 0.064811 -0.073413 -0.106198 0.059630 -0.540174 0.118205 -0.036147 -0.120217 -0.061873
-0.233366 -0.153636 -0.278998 0.059473 0.281009 0.009965 0.029071 0.195422 0.356995 -0.183835 -0.512205 0.344749 -0.040233 -0.118826 0.305913 0.011760 -0.138258 -0.032065 -0.072765 -0.587733 0.232457 -0.021346 -0.136167 0.003215
-0.113666 -0.082152 -0.204454 0.162276 0.261992 0.048360 0.239178 0.282584 0.220574 -0.126093 -0.128086 0.263207 -0.226524 -0.111447 0.093150 0.127391 -0.229309 -0.005497 -0.014370 -0.712505 0.159296 0.039597 -0.222296 -0.072266
0.044670 0.044143 -0.197256 -0.053795 0.413095 -0.081094 0.030170 0.080126 0.183532 0.129061 0.266694 -0.083648 -0.512812 -0.082475 -0.037737 -0.064716 -0.090131 -0.069415 0.157514 -0.611415 0.201696 -0.051038 -0.078637 0.298087
0.101922 0.214154 -0.612297 -0.150157 0.400047 -0.264897 -0.267818 0.025391 -0.062024 0.466638 0.388168 -0.396944 -0.307112 -0.042007 -0.327932 -0.040771 -0.068174 -0.188621 0.100648 -0.251131 0.160200 -0.170174 0.075392 0.230288
-0.029156 -0.021433 -0.372603 -0.032375 0.143857 -0.212389 -0.190190 -0.227460 -0.040809 0.435085 0.370529 -0.378838 -0.305109 -0.334328 -0.565289 -0.167080 -0.100047 -0.257322 -0.129436 0.122835 0.082696 -0.024833 0.052575 0.119853
-0.175344 -0.190348 -0.227936 0.014131 -0.288476 -0.438835 -0.183900 -0.311877 0.056168 0.163571 0.260124 -0.233713 0.079636 -0.527812 -0.276344 -0.232528 0.032179 -0.496091 -0.196539 0.224408 -0.201865 0.168273 -0.239526 -0.070879
-0.023840 -0.124253 0.017557 0.015996 -0.366020 -0.444525 -0.076527 -0.220739 -0.041073 0.087660 0.059046 -0.008118 0.570692 -0.342708 0.002544 -0.135125 0.121842 -0.325673 -0.185222 0.339131 0.027978 0.077122 -0.187195 0.035290
-0.233844 -0.101729 0.103714 -0.203741 -0.176492 -0.397156 0.053919 -0.147478 -0.125216 -0.362202 0.048729 -0.016236 0.700658 0.103373 0.279247 -0.097061 0.308164 -0.119810 -0.294374 0.178463 0.043563 -0.146355 0.168488 0.054223
-0.238447 -0.179978 0.048545 -0.129101 0.028439 -0.167196 0.137336 -0.164742 -0.070714 -0.315461 0.073315 -0.328241 0.599049 0.204925 0.156225 0.037127 0.251442 0.011923 -0.167983 -0.154675 -0.159423 0.054550 0.358363 0.180164
-0.099621 -0.133882 -0.001053 -0.362281 0.148433 0.296685 0.003558 -0.232928 0.038909 -0.137314 0.010749 -0.144759 -0.036529 0.392084 0.061075 0.009286 -0.097601 0.313783 0.010953 -0.271303 -0.030810 0.145857 0.008139 0.082168
-0.037087 -0.203083 0.078108 -0.087478 0.150185 0.320849 -0.176941 -0.257030 -0.168550 -0.289197 -0.008518 0.147313 -0.445124 0.512922 0.141920 -0.067399 -0.008268 0.387345 0.041850 -0.090563 -0.093170 0.166982 -0.192907 -0.063778
-0.066130 -0.261721 0.194047 0.290173 0.114813 0.073447 -0.164369 0.011551 -0.156134 -0.169250 0.019947 0.031401 -0.298734 0.108028 0.135498 -0.007057 -0.002397 0.136744 -0.027621 0.107477 -0.241588 -0.209734 -0.178788 -0.017113
0.151301 -0.194344 0.218260 -0.071109 -0.019885 -0.116756 -0.098784 -0.002733 -0.130237 -0.191700 0.167881 -0.317419 0.015289 0.120982 -0.032657 0.032330 -0.079547 0.257273 -0.172242 0.043323 -0.329200 -0.188199 -0.221382 -0.127401
0.390248 -0.066829 0.149153 -0.293210 -0.072408 -0.024568 0.110426 -0.059907 -0.128383 -0.131893 -0.012985 -0.188491 0.125130 0.110556 -0.261056 0.020844 -0.111333 0.190553 -0.272675 -0.088195 -0.213102 -0.153242 -0.441240 -0.071553
0.024136 0.215510 -0.211992 -0.152902 0.055545 -0.034426 -0.017001 0.036834 -0.029170 -0.124952 -0.076750 0.066533 0.071149 -0.049155 -0.252285 0.017194 0.046738 -0.028524 -0.022712 -0.073048 0.005638 -0.216334 -0.215154 -0.040052
0.351319 0.242043 -0.147832 -0.068860 -0.208807 -0.053861 -0.028787 0.117671 0.132586 -0.217595 -0.057308 0.182383 -0.082255 -0.148523 -0.265644 0.007050 0.015562 0.129281 -0.154447 -0.113865 -0.106144 -0.188175 -0.159145 -0.431696
0.022625 0.070158 -0.222834 0.052771 -0.100415 0.175534 -0.161906 0.026879 0.057102 -0.179225 0.069464 0.177083 -0.058909 -0.120167 -0.013599 0.075962 -0.029155 0.089210 -0.195164 0.120490 0.160274 -0.243544 -0.000637 -0.113638
-0.050423 0.291044 -0.082628 0.128031 0.200269 0.274879 -0.026647 0.052537 -0.111613 -0.086575 0.138057 0.129307 0.223635 -0.244991 0.158550 -0.112869 -0.044915 0.053734 0.041718 -0.093402 0.226519 -0.285647 -0.017512 -0.132939
-0.330808 0.388397 -0.025726 0.092933 0.139814 0.151529 -0.012685 0.053235 -0.293720 0.132093 0.023799 0.227315 0.001630 -0.222778 0.105203 -0.274170 0.093619 0.026105 0.015632 -0.167158 0.098443 -0.342006 -0.275508 -0.087417
-0.259453 0.090051 0.005438 -0.346271 0.191917 -0.294790 -0.112411 0.033932 -0.198484 0.269855 0.005496 0.348570 -0.221854 -0.025375 0.117283 -0.171647 0.147733 -0.130014 -0.006761 -0.121178 0.012211 -0.196116 0.038884 -0.013248
-0.294152 -0.053853 -0.296240 -0.373910 0.204875 -0.315157 0.053389 -0.163510 -0.094007 -0.050657 0.033917 0.512776 0.005254 0.061254 0.112127 -0.103375 -0.032345 -0.281005 -0.078668 0.031786 0.152776 0.259625 -0.028702 0.231499
-0.157532 0.109953 -0.146087 0.002043 0.353662 -0.072501 0.110409 -0.088212 -0.085113 -0.029436 -0.292435 0.103649 0.520461 0.348910 0.140884 -0.044925 -0.132807 -0.110918 0.200813 0.311560 0.220978 0.546896 -0.205086 0.421633
0.259535 0.206599 0.080399 -0.194932 0.323385 -0.150116 -0.032894 0.046385 -0.287863 -0.193893 -0.985519 0.405946 0.127193 0.018844 0.293861 0.199187 -0.050323 -0.033804 0.137479 0.066953 -0.160482 -0.076611 -0.159299 -0.134642
-0.078572 0.152866 -0.487654 -0.167731 0.284496 0.010984 -0.093572 0.014588 0.296240 -0.165323 -0.667591 0.476487 -0.009414 -0.195377 0.244636 0.050452 -0.022463 0.070413 -0.029949 -0.090296 0.052553 -0.007134 0.020683 -0.189192
-0.002305 -0.126542 -0.406974 -0.069564 0.427280 -0.080110 -0.091077 0.047166 0.178703 -0.189229 -0.348997 0.348839 -0.029638 -0.167087 0.069062 0.046383 -0.002677 0.091263 -0.071919 -0.416224 0.209437 -0.058371 -0.056616 -0.156411
-0.014259 -0.277041 -0.004930 0.210587 0.322814 -0.249041 0.010154 0.020977 0.264195 -0.109019 -0.025470 0.250077 -0.068831 -0.243741 0.067824 0.069743 -0.024357 0.182174 -0.176498 -0.251752 0.157843 -0.047548 -0.019271 0.002942
0.237169 0.253341 -0.046439 0.022325 0.392355 -0.147235 -0.050001 0.142497 0.300105 0.034877 0.061176 0.061505 -0.317460 -0.028231 -0.005458 0.090502 -0.028352 0.079934 0.099947 -0.514412 -0.012497 -0.029560 -0.159592 0.166081
0.153814 0.243948 -0.219139 -0.195347 0.403808 -0.140122 -0.128521 0.187327 0.088911 0.244280 0.196550 -0.314742 -0.227705 -0.026251 -0.470368 -0.084317 -0.094476 0.001087 0.037490 -0.457911 0.204421 -0.015248 -0.100216 0.181148
-0.032201 0.131235 -0.370893 -0.232690 0.013269 -0.195664 -0.062085 -0.173214 -0.125133 0.389860 0.250003 -0.503343 -0.628840 -0.173317 -0.602106 -0.018915 -0.001926 -0.125719 -0.065843 -0.230424 0.351526 -0.051935 -0.229304 0.124925
-0.115790 -0.090689 -0.215708 -0.073255 -0.297883 -0.315713 -0.172504 -0.203986 -0.057061 0.234090 0.059515 -0.372101 -0.203729 -0.259679 -0.071641 -0.221361 -0.083566 -0.272267 -0.212098 0.217462 0.149088 0.195637 -0.397534 0.063188
-0.278076 -0.038202 -0.070837 -0.030788 -0.503344 -0.442693 -0.031816 -0.036583 -0.096800 0.036840 0.135445 -0.179890 0.398561 -0.201525 0.378528 -0.187172 -0.014367 -0.347643 -0.245677 0.387848 0.106947 0.189541 -0.232400 0.061679
-0.255207 -0.152132 0.151787 -0.247719 -0.149830 -0.306220 0.013321 -0.225125 -0.026762 -0.152783 0.159202 -0.034639 0.547323 0.225723 0.151916 0.007007 0.173206 -0.358258 -0.364217 0.389569 0.136252 0.102533 0.062375 0.029886
-0.205939 0.136546 0.138169 -0.361222 0.170124 0.003440 0.052456 -0.196459 -0.076927 -0.370396 0.418541 -0.103502 0.642322 0.135944 -0.064341 0.083985 0.099000 -0.248021 -0.240477 -0.122332 -0.067009 0.137612 0.264494 -0.042512
-0.174198 0.099017 0.003825 -0.246608 0.249122 0.286539 0.243789 -0.159565 0.005527 -0.268159 0.197160 0.099343 0.389708 0.302893 -0.340095 0.158876 -0.008969 0.043783 0.073646 -0.377663 -0.076699 -0.002297 -0.010612 0.023458
-0.191898 -0.187455 -0.026781 -0.327821 0.184498 0.178885 0.014149 -0.146383 -0.221688 -0.218558 0.152524 0.242907 -0.157615 0.332808 -0.048517 0.088153 -0.133911 0.230706 0.178217 -0.147345 -0.101682 0.018566 -0.211557 0.094745
-0.003129 -0.344834 0.063909 0.089349 0.012498 0.032538 -0.011818 -0.128908 0.038159 -0.042199 0.081256 0.129433 -0.612995 0.098839 0.063154 -0.167505 -0.094883 0.093697 0.119644 -0.062467 -0.249060 -0.071687 -0.244019 0.005869
0.326292 -0.387690 0.089699 0.308935 -0.136077 -0.137119 0.067573 -0.282129 0.051368 -0.097692 0.146926 -0.097953 -0.166960 -0.097558 0.084329 0.077065 -0.178530 0.083761 -0.045582 0.032710 -0.208032 -0.141008 -0.368650 -0.162732
0.347588 -0.369849 0.197328 -0.262069 -0.031213 0.032487 0.131031 -0.292150 -0.065616 -0.070618 0.102074 -0.109744 0.154419 0.156529 -0.012459 -0.014064 -0.080107 0.092561 -0.092123 0.016329 -0.020124 -0.137507 -0.343903 0.002671
0.165978 -0.258741 0.118483 -0.305398 0.148826 -0.002473 -0.001895 -0.273457 -0.013137 0.024030 0.002775 0.150396 0.049839 -0.072012 -0.331599 -0.064157 -0.045920 0.074744 0.000235 -0.003067 0.372937 -0.092940 -0.324483 -0.101735
0.272407 -0.051886 0.101694 -0.240090 -0.055647 -0.078292 0.100020 0.041090 -0.008816 -0.098170 0.097025 0.277783 -0.171322 -0.161572 -0.320454 -0.010390 -0.139347 0.115594 -0.065843 -0.083944 0.071972 -0.038792 -0.182188 -0.131457
0.274726 0.048979 -0.106099 -0.114550 -0.080452 -0.124769 -0.187380 0.095390 -0.013575 -0.106971 -0.004340 0.297233 -0.088264 -0.358439 -0.107930 0.058168 -0.086205 0.069584 -0.103179 0.022322 0.092662 -0.113265 -0.162709 -0.255310
0.112791 0.068936 -0.152355 0.069160 0.082154 0.040872 -0.057745 -0.017742 -0.242415 -0.061053 0.039306 0.263482 0.096492 -0.313172 0.051440 -0.040167 -0.018565 0.031655 0.030051 -0.060662 0.282244 -0.333846 -0.215419 -0.037699
-0.067437 0.237847 0.031234 -0.046365 0.108975 0.010240 -0.006597 0.070344 -0.325887 0.030215 -0.078962 0.118275 0.080572 -0.174114 0.216807 -0.090922 0.100317 0.064972 0.153055 -0.108156 0.202177 -0.399654 -0.088232 -0.205525
-0.016764 0.380485 -0.147244 -0.226579 -0.136570 -0.104183 0.129441 0.066816 -0.132255 0.105240 -0.077192 0.142450 -0.085738 -0.138178 0.384795 -0.188774 0.197872 -0.099045 0.086169 -0.111302 -0.115015 -0.336069 0.010410 -0.333290
-0.133228 0.043636 -0.243757 -0.313747 -0.037126 -0.244104 0.343059 -0.075218 -0.054777 0.012780 0.024838 0.249252 0.030214 -0.035075 0.185039 0.016386 -0.041362 -0.248616 -0.055786 -0.043987 -0.038712 -0.216726 0.080086 0.079688
-0.218667 -0.247469 -0.257918 0.109864 -0.167168 -0.127786 0.149302 -0.288796 0.315171 -0.316453 0.085716 -0.037113 0.518783 0.104630 -0.004386 0.248034 -0.070768 -0.009216 -0.271012 0.396455 0.001356 0.271647 -0.114713 0.559850
0.300570 0.176603 -0.128701 0.033383 0.457225 -0.261144 -0.014273 0.275374 -0.344887 -0.517236 -0.992063 0.364536 0.015275 -0.000375 0.079438 0.129660 0.010899 -0.113772 0.141745 0.152156 -0.086503 -0.084191 -0.109162 -0.083890
-0.009820 0.187014 -0.284576 0.006165 0.342685 0.047612 -0.244694 0.116867 0.083627 -0.283355 -0.467622 0.315403 -0.178131 0.033909 0.124147 0.110789 -0.078968 -0.026227 -0.092839 -0.026717 -0.023991 -0.128072 0.096922 -0.110433
-0.042801 -0.018127 -0.440670 -0.075273 0.415328 0.023913 -0.252696 -0.118029 -0.014065 -0.491568 -0.108208 0.293449 -0.004199 -0.103677 0.094079 0.098914 0.176686 0.164801 -0.203758 0.035276 0.046443 -0.197653 0.167888 -0.216399
0.133553 -0.068947 -0.096401 -0.057068 0.287237 -0.076177 -0.200744 -0.064715 0.057558 -0.392992 0.057941 0.210190 -0.006704 -0.135373 0.070456 0.194108 0.092236 0.247420 -0.204895 -0.129003 0.141798 -0.125341 0.163533 -0.132002
0.166176 0.129404 0.104135 0.079090 0.295095 -0.160813 -0.132645 0.062521 0.315984 0.056152 0.148272 0.081009 -0.066361 0.036689 -0.078770 0.023861 0.028080 0.098306 0.074624 -0.479297 0.012529 0.006350 0.041280 0.040305
0.113810 0.081644 -0.275529 -0.025835 0.181095 -0.158845 -0.007701 -0.065998 0.288119 0.159822 0.087749 -0.193931 -0.139563 0.063374 -0.432312 0.039038 0.148715 0.048643 0.005681 -0.294625 -0.039094 0.015730 -0.030771 0.360221
0.030065 0.022152 -0.087081 -0.047075 0.019607 -0.174080 -0.035432 -0.213834 0.088324 0.339194 0.068061 -0.554422 -0.480145 -0.081121 -0.685167 -0.046312 0.193563 0.126173 -0.123402 -0.253620 0.310377 -0.129908 -0.065693 0.116635
-0.180257 0.093377 -0.166117 -0.076414 -0.163815 -0.247280 -0.038007 -0.320175 -0.007880 0.199691 0.014800 -0.583625 -0.611075 0.031548 0.062049 -0.212608 0.283364 -0.164562 -0.154510 -0.194516 0.203447 -0.093034 -0.169938 0.078602
-0.131885 0.025468 -0.104739 -0.099251 -0.318544 -0.357781 0.027054 -0.007344 -0.117476 0.114562 0.094455 -0.297063 -0.221887 -0.127146 0.392469 -0.228493 0.001637 -0.306206 -0.370525 0.101442 0.301097 -0.040588 -0.210543 0.024831
-0.246631 0.033823 0.160862 -0.113261 -0.207510 -0.326477 0.093040 0.026080 -0.134102 0.046954 0.158319 0.026611 0.144381 0.249289 0.320243 -0.020294 0.140224 -0.325150 -0.453616 0.184071 0.193634 0.175456 0.077715 0.029979
-0.262125 0.106343 0.240738 -0.210444 0.129603 -0.072189 0.054820 -0.033000 -0.013551 0.077937 0.320893 0.187759 0.348177 0.325456 -0.123174 0.007722 0.115786 -0.184329 -0.286611 0.028591 0.174523 0.060558 0.082740 -0.062245
-0.366571 0.295334 0.111649 -0.261324 0.344905 0.096312 0.163921 -0.030107 0.042002 -0.072909 0.299606 0.073913 0.476279 0.126363 -0.425078 -0.063025 0.110949 -0.039082 -0.156422 -0.090386 -0.077851 0.126252 0.019950 0.002537
-0.367427 0.020841 -0.062638 -0.318591 0.098802 0.298951 0.227290 -0.092539 -0.152846 -0.167522 0.184732 -0.015784 0.265530 0.195004 -0.404169 -0.139005 0.060262 -0.033364 0.003170 0.008428 -0.145651 -0.045339 -0.230614 0.177607
-0.119413 -0.061536 -0.241459 -0.073533 -0.029809 0.188450 0.154339 -0.208837 -0.056978 -0.111733 0.008388 -0.002099 -0.215645 0.089267 -0.222449 -0.008582 -0.075274 -0.025012 0.110394 0.152959 -0.205083 0.056291 -0.190872 0.076371
0.326472 -0.516896 0.160961 0.038154 -0.062243 0.022679 0.011058 -0.139652 -0.067145 -0.143603 0.138998 -0.146427 -0.280302 0.083821 -0.026298 -0.037460 -0.182955 -0.092719 0.093198 0.103726 -0.204243 -0.002939 -0.305498 -0.175764
0.473984 -0.584212 0.054193 -0.327985 -0.026859 0.042729 0.238120 -0.347306 0.072597 -0.114569 0.207097 -0.089856 0.013832 0.034595 0.107731 0.046051 -0.123815 -0.115067 -0.017272 0.083584 0.083881 -0.060995 -0.530897 -0.109608
0.283570 -0.523735 0.111454 -0.303543 -0.057874 0.094687 0.112438 -0.337179 -0.039867 -0.018703 0.041448 -0.153193 0.169475 0.107852 -0.012742 -0.048736 -0.047854 0.049089 -0.030324 0.138536 0.266906 -0.064782 -0.288102 -0.131343
0.191449 -0.407137 0.104292 -0.276630 -0.090418 -0.060184 0.088932 -0.144628 -0.085689 0.047138 0.150246 0.044538 -0.061667 -0.129237 -0.220221 -0.042879 -0.173778 0.034155 0.018291 0.043850 0.184405 0.014858 -0.071886 -0.412817
0.337495 -0.126008 0.131411 -0.141280 -0.005486 -0.034024 0.104097 0.042989 -0.262689 -0.020041 0.080189 0.165253 -0.147772 -0.308012 -0.205830 -0.047661 -0.281270 -0.153768 -0.183172 0.127401 -0.070801 0.203417 -0.170648 -0.407516
0.122277 -0.043912 0.038094 -0.059828 0.114886 -0.334047 0.032737 -0.079137 -0.292172 -0.149609 0.055848 0.174967 0.038677 -0.389904 -0.069593 -0.135086 -0.013034 0.056046 -0.019994 -0.009207 0.081221 -0.127862 -0.191422 -0.240704
-0.133768 0.088606 -0.113932 0.225024 0.127729 -0.143894 -0.013269 -0.062595 -0.246486 -0.057001 0.018701 0.068403 -0.131289 -0.122537 0.141297 -0.118529 0.028157 0.115200 0.188793 -0.023141 0.174501 -0.244699 -0.150630 -0.192766
-0.020452 0.453375 0.065475 0.070391 -0.100189 -0.278154 0.312251 0.189785 0.097834 -0.099921 -0.130584 -0.068178 -0.021578 -0.074664 -0.066613 -0.246117 -0.053578 -0.135426 0.225318 0.111720 -0.100965 -0.416869 0.001231 -0.246229
-0.173636 0.158870 -0.030974 0.018502 -0.243747 -0.113643 0.564235 -0.013970 0.231584 -0.051597 0.099383 -0.079029 0.222091 -0.172457 -0.087659 -0.050253 0.122223 -0.283974 0.018646 0.049309 -0.143160 -0.350999 0.070775 -0.036527
-0.448444 -0.347492 -0.365987 0.116819 -0.528588 0.090303 0.722419 -0.059157 0.548999 -0.138876 0.192540 -0.243858 0.517563 -0.101548 -0.345241 0.231131 0.118368 -0.150686 -0.316246 0.126236 -0.183884 -0.056688 0.192023 0.350221
0.195001 0.247853 0.017876 0.044026 0.356632 -0.277341 -0.041330 0.339811 -0.180721 -0.587204 -0.794985 0.350548 -0.138136 -0.067182 0.153204 0.138898 0.028823 -0.142154 0.185732 0.191664 0.077892 0.034730 0.023131 0.047290
0.089000 0.207261 -0.232293 0.004344 0.214091 -0.103125 -0.161536 0.201391 -0.030532 -0.539476 -0.326395 0.227142 -0.040734 -0.115037 -0.165577 0.078419 0.001429 -0.067952 -0.028407 0.199974 0.122666 -0.055048 0.101949 -0.142412
0.022186 0.044395 -0.321756 -0.010421 0.399970 0.117754 -0.047722 0.112571 -0.109096 -0.653066 -0.019155 0.108414 -0.099222 -0.191511 -0.118262 0.082474 -0.042956 0.041914 -0.083582 0.070426 0.152435 -0.083780 0.338807 -0.268797
-0.008911 0.304805 -0.039949 -0.083768 0.203609 0.109664 0.070794 0.070048 -0.140502 -0.505414 0.056439 -0.013382 -0.140714 -0.120216 -0.003533 0.120814 0.030298 0.147898 -0.092476 -0.057122 0.057707 -0.212320 0.275938 -0.140160
0.158146 0.078305 -0.024992 0.122520 0.226181 -0.207261 -0.227159 -0.026648 -0.012599 -0.112232 0.160701 0.119692 -0.020586 -0.035148 -0.057629 0.145486 -0.174244 0.095254 0.004730 -0.154256 -0.066165 0.024412 0.336106 0.082228
0.048604 0.158950 -0.147769 0.177954 0.219880 -0.088112 -0.126706 0.021151 0.094601 0.017796 -0.191524 0.008633 -0.005489 0.153281 -0.345799 0.064720 -0.053615 0.064375 -0.103838 -0.148772 -0.142294 0.068123 0.110383 0.170710
-0.126947 -0.007939 -0.042422 -0.050941 0.024505 -0.201984 0.046018 -0.202646 0.314745 0.080951 -0.278165 -0.320919 -0.194955 0.058377 -0.591418 0.001318 0.007928 0.038331 -0.038879 -0.268488 0.110800 0.118376 -0.142320 0.200722
-0.116160 -0.076602 -0.189515 -0.116503 -0.172629 -0.206339 0.049464 -0.396454 0.250029 0.136424 -0.027602 -0.544524 -0.430384 0.139113 -0.162467 -0.096852 0.073054 -0.043354 -0.153656 -0.397341 0.098522 -0.147263 -0.148170 0.093121
-0.074990 0.074689 -0.222873 -0.190775 -0.296317 -0.177346 -0.049616 -0.158764 -0.009210 0.115213 0.082615 -0.246233 -0.308254 0.090671 0.455793 -0.223663 0.129088 -0.153832 -0.316656 -0.235846 -0.087727 -0.146353 -0.055071 0.018274
-0.270635 0.042661 -0.065121 -0.026956 -0.380641 -0.157835 0.011392 0.020720 0.087765 0.078506 0.083077 -0.254023 -0.217870 0.318852 0.482682 -0.196014 0.021628 -0.307590 -0.281558 -0.178866 0.146910 -0.052691 0.014719 -0.059216
-0.357459 0.027360 0.123689 -0.071918 -0.343595 -0.073790 0.027804 -0.001022 0.079176 0.285783 0.307302 -0.042403 -0.163412 0.465775 0.161880 -0.209715 0.003074 -0.142939 -0.266590 -0.161361 0.209817 -0.156385 0.049465 -0.041103
-0.286176 0.123840 0.151237 -0.012592 0.014354 0.027279 -0.055610 0.091323 -0.086051 0.096694 0.104195 0.031156 0.278928 0.243502 -0.103549 -0.156996 -0.052058 -0.126652 -0.271618 -0.190797 -0.054178 -0.037561 -0.078582 -0.117795
-0.512269 0.120084 0.134949 0.075023 0.113830 -0.014259 0.186740 0.001585 -0.241371 -0.181229 0.111905 0.123942 0.229843 0.138432 -0.285881 -0.095703 0.121691 -0.100236 -0.093210 0.094127 -0.240259 -0.042636 -0.178657 0.129676
-0.072778 -0.020062 0.056815 -0.167749 0.003721 0.085940 0.122672 0.017580 -0.115738 -0.189790 0.063350 0.087812 -0.048846 -0.028800 -0.374063 -0.117742 0.038806 0.017364 0.088280 0.245695 -0.192733 -0.109258 -0.060641 0.186965
0.427710 -0.200262 0.100552 -0.207127 -0.021685 0.256975 0.084698 0.053561 0.017815 -0.234719 -0.054361 -0.089669 -0.149508 0.181521 -0.063568 0.000782 -0.103664 0.019036 0.236865 0.197076 -0.154092 -0.112618 -0.152032 -0.000640
0.665913 -0.446362 0.163427 -0.188390 0.037107 0.126070 -0.005295 -0.070751 0.058291 0.004310 0.186216 -0.146418 -0.050761 0.061993 0.051906 0.038589 -0.107218 -0.109874 -0.041064 -0.053067 -0.069698 0.148672 -0.385641 0.022817
0.486350 -0.440221 0.131244 -0.057247 0.129484 -0.009468 -0.102457 -0.045421 -0.055411 0.229354 0.221431 -0.030397 -0.159108 0.056543 0.231199 -0.323688 -0.043774 0.030152 0.020226 0.096382 -0.018914 0.155337 -0.282513 0.060263
0.272626 -0.483908 0.034200 -0.101173 0.024841 0.013879 -0.040219 -0.067336 -0.017286 0.269106 0.112122 -0.249472 -0.388114 -0.128297 -0.059780 -0.191533 0.047015 -0.070534 -0.033458 0.065956 0.268829 0.007570 -0.037100 -0.188446
0.298580 -0.438738 0.205860 0.038052 0.034387 0.062596 -0.030455 0.048026 -0.127479 0.057048 0.222736 -0.160103 -0.099843 -0.403432 -0.047943 0.143753 -0.018658 -0.094830 -0.119605 -0.088413 0.124648 0.107537 -0.040983 -0.474611
0.157083 0.066296 0.215492 0.080860 0.209862 0.016164 -0.163530 -0.092161 -0.119970 0.196316 0.277293 0.057517 -0.192759 -0.214613 0.060442 0.058078 -0.163819 -0.148447 -0.001196 -0.169533 0.070064 0.004898 -0.018653 -0.285139
-0.101835 0.201256 0.235256 0.268350 0.182891 -0.091288 -0.111378 -0.236849 -0.083263 0.087624 0.125830 0.088840 -0.285189 -0.060900 0.111806 -0.145968 0.022257 0.073925 0.149926 0.010164 0.303326 -0.107164 -0.048751 -0.227341
0.097088 0.451323 0.000058 0.200986 -0.163882 -0.060920 0.117691 -0.055891 0.147775 -0.027409 0.014005 0.071103 -0.118937 0.027032 0.123346 -0.112732 0.056758 -0.196970 0.008269 0.074890 0.116424 -0.297630 0.102907 -0.111847
0.099006 0.586376 -0.017314 0.087774 -0.061386 -0.068157 0.450056 0.189509 0.287918 -0.046518 0.060736 0.150235 0.249911 -0.082498 -0.127809 -0.237191 0.217875 -0.389157 0.065702 -0.109094 0.011605 -0.260877 0.122496 0.112217
-0.288735 0.421089 0.072065 0.314805 -0.017406 0.162108 0.711641 0.022500 0.384022 0.146249 0.241451 0.011806 0.449659 0.073897 -0.150436 -0.095244 0.121122 -0.385389 0.016636 0.141051 -0.013078 -0.165003 0.208707 0.256659
0.245544 0.173597 -0.183843 -0.001004 0.390722 -0.117703 -0.399062 0.261126 -0.172193 -0.554216 -0.581005 0.340515 0.007956 -0.019534 0.254829 0.139335 -0.163070 0.207530 0.073146 0.097685 0.172182 0.104590 0.287596 0.138139
0.153955 0.092820 -0.138722 0.001281 0.251992 -0.135565 -0.233501 0.236868 -0.036708 -0.566217 -0.055150 0.201585 0.051867 0.009491 -0.108201 -0.046734 0.172480 -0.131023 -0.017244 0.081633 0.265344 -0.079512 0.263068 -0.063236
0.127354 0.001359 -0.050589 -0.014768 0.295202 0.011910 0.042173 0.211210 -0.016047 -0.584590 -0.029408 0.073347 0.085813 0.088057 -0.163770 0.045660 0.001377 -0.067693 0.018829 -0.000164 0.302120 -0.180719 0.210989 -0.030665
-0.073860 0.190430 -0.010909 -0.127778 0.194409 0.006114 0.125785 0.129177 -0.166609 -0.596300 -0.003365 -0.032390 -0.051128 -0.081587 0.029848 0.123956 -0.047526 -0.006355 -0.017269 -0.021871 0.074719 -0.137508 0.302288 -0.142993
0.045076 0.176324 -0.091899 -0.008076 0.133884 -0.219832 -0.292672 0.113940 0.010746 -0.339690 0.217338 -0.003142 -0.032109 0.135757 0.022340 0.063578 -0.069011 0.066874 0.093628 0.087920 -0.145720 -0.212616 0.163044 -0.082663
0.018360 0.047022 -0.207443 0.158657 0.010315 -0.204967 -0.217571 0.008049 -0.153864 -0.110700 0.081229 -0.095250 0.143440 0.041633 -0.248516 0.119567 -0.120953 0.003436 -0.102234 -0.268332 -0.043573 -0.058282 0.201236 0.067978
-0.307192 0.111423 -0.324793 -0.015456 0.186395 -0.189427 -0.048125 -0.259131 0.060799 -0.146749 -0.055635 -0.167586 0.067410 0.181514 -0.473667 0.018872 0.087839 -0.085102 -0.143056 -0.266880 0.155253 -0.005540 -0.072284 0.095373
-0.376976 0.010403 -0.156846 0.034630 -0.018303 -0.090294 -0.023834 -0.414677 0.140922 -0.086080 0.073382 -0.423679 -0.152579 0.245485 -0.282642 -0.103276 0.004060 -0.046249 -0.096176 -0.329102 -0.091138 -0.181544 0.043000 0.090618
-0.034889 0.058074 -0.115688 -0.117896 -0.164207 -0.302235 -0.044076 -0.113648 0.072163 -0.091713 0.142785 -0.335635 -0.257917 0.298886 0.306969 -0.151741 0.058406 0.026720 -0.087502 -0.215214 -0.305544 -0.130790 0.189014 -0.035634
-0.217238 0.061793 -0.103337 0.030895 -0.319019 -0.150796 0.036944 0.104858 0.093475 -0.127163 0.181212 -0.273514 -0.263956 0.259950 0.457058 -0.083619 0.207138 -0.172525 -0.087417 -0.123814 -0.147168 -0.029993 -0.007416 -0.030709
-0.266768 0.091028 0.018490 -0.008002 -0.459982 -0.082492 0.194075 -0.159574 0.147859 0.099274 0.074352 -0.140961 -0.379780 0.222890 0.194915 -0.057356 0.019485 -0.130268 0.001834 -0.227437 -0.025495 -0.349719 0.015429 -0.021515
-0.313461 -0.011748 -0.199868 -0.005747 -0.247594 -0.016349 -0.022417 -0.060050 0.192577 0.198761 -0.084430 -0.121124 0.088165 0.048764 0.077736 -0.210984 0.049294 -0.253278 0.078562 -0.290435 -0.104319 -0.310818 -0.117835 -0.088326
-0.549854 0.023986 -0.013497 0.175443 0.004263 -0.166478 0.096105 0.100475 -0.033108 -0.198572 0.035610 -0.138129 0.079106 -0.207965 0.037332 -0.213299 0.209213 -0.056862 0.132942 -0.267843 -0.340131 -0.271440 -0.096809 0.044428
-0.397717 0.010521 0.081673 0.116551 -0.010931 -0.049837 0.107365 -0.027447 -0.013074 -0.344065 0.059717 0.056716 0.006678 0.048157 -0.171435 -0.026139 0.128935 -0.013725 0.237671 0.081938 -0.263409 -0.160451 0.140408 0.204310
0.330731 -0.117949 0.077598 0.090981 -0.136982 -0.059047 -0.029648 0.078093 0.021258 -0.166698 0.097498 -0.032779 0.028531 0.184901 -0.432388 -0.057796 0.017250 0.097034 0.270388 0.095092 -0.108960 -0.186337 0.252148 0.004323
0.643949 -0.158076 0.193810 -0.050353 0.177062 -0.140916 -0.046578 0.157189 0.136563 -0.031461 0.109557 0.010900 -0.119784 0.063724 -0.262877 -0.063629 0.060515 0.028752 0.155788 -0.084577 -0.133996 0.179232 -0.122510 0.089143
0.568242 -0.312073 0.208686 -0.186672 0.178650 -0.072601 -0.058868 0.077494 -0.039294 0.007040 0.026474 0.187065 -0.329574 0.067279 0.077951 -0.076534 0.089857 0.047718 0.218624 -0.187579 0.170927 0.199926 -0.268274 -0.019659
0.379743 -0.526450 0.364402 0.066726 0.183515 -0.061397 -0.006100 -0.002236 -0.074638 0.230128 0.010866 -0.027640 -0.601849 0.027884 0.141359 -0.141399 0.135630 0.112625 0.062824 -0.184116 0.274251 0.051146 -0.142968 -0.207110
0.347654 -0.434365 0.326854 0.271416 0.087972 0.256702 -0.238433 0.202514 0.066207 0.241795 0.156072 -0.104122 -0.392179 -0.323962 0.153392 0.083837 -0.001990 -0.107135 -0.065467 -0.151370 0.180614 -0.019911 -0.172833 -0.365592
0.160112 -0.184638 0.211608 0.133105 0.043687 0.129114 -0.126020 0.243376 0.134394 0.324378 0.403205 -0.007188 -0.332068 -0.264159 0.078758 0.165888 -0.114957 -0.100687 -0.163421 -0.231253 -0.009605 0.120165 -0.143416 -0.413347
0.007277 -0.021918 0.317830 0.080076 0.154378 0.059189 -0.210797 -0.040088 0.108412 0.435490 0.217650 0.098586 -0.387280 -0.094988 0.118162 0.066975 -0.083242 0.030393 -0.057362 0.066793 0.109481 0.100056 0.085642 -0.265175
0.150250 0.233746 0.180376 0.065181 0.058323 0.082937 -0.027814 -0.194390 0.239920 0.007593 0.060621 0.191469 -0.319573 0.203175 0.125415 -0.122157 0.185767 0.082395 -0.109341 0.088868 0.088661 0.096091 0.206279 -0.216569
0.115368 0.442397 0.247720 0.249765 0.163653 -0.039510 0.192917 -0.070014 0.064275 -0.257122 0.008460 0.350344 -0.082777 0.075981 0.030053 -0.192664 0.118556 -0.216535 0.031356 -0.099984 0.061155 -0.102450 0.151026 0.126993
-0.293942 0.438600 0.394315 0.392181 0.284822 -0.095763 0.425339 0.008674 -0.103549 -0.227823 -0.189671 0.393755 0.385679 -0.095636 0.189019 0.066542 0.018473 -0.260703 -0.015627 0.010024 -0.057710 -0.266500 0.041514 0.539536
-0.035847 0.170288 -0.379859 -0.147305 0.318101 0.158752 -0.262593 0.333305 -0.134369 -0.328709 -0.476298 0.178280 0.028279 -0.180658 0.438650 0.260461 -0.126135 0.360531 -0.170906 0.122239 0.322271 0.103536 0.332930 0.154225
0.110191 0.044380 -0.186215 -0.114002 0.207471 -0.075025 -0.336646 0.273340 0.023583 -0.493311 0.074527 0.050128 0.029169 -0.091208 0.215371 0.051855 0.011782 -0.047690 -0.222757 0.023829 0.325422 -0.043445 0.356406 0.157791
0.149242 -0.071218 0.087506 -0.185412 0.192916 -0.097249 -0.065037 0.128861 -0.230470 -0.565230 0.083529 0.137227 0.087848 0.124384 -0.012949 -0.038396 0.194149 -0.086014 -0.086040 0.066366 0.238052 -0.079585 0.350119 0.082737
0.067894 0.097591 0.169614 0.018712 0.227884 0.009743 0.021698 0.154808 -0.277919 -0.679016 -0.149865 -0.035503 0.085125 0.003083 0.044472 0.026728 -0.026160 -0.056357 0.216761 0.008978 0.186281 -0.076589 0.341622 0.064344
-0.008267 0.364206 -0.090913 -0.149762 0.094253 -0.251285 -0.077964 0.032544 -0.107549 -0.261315 0.079265 -0.320872 0.050592 0.105777 -0.103282 -0.010890 -0.026688 0.083204 0.177829 0.118488 0.064850 -0.261310 0.182038 0.036163
-0.067318 0.151517 -0.152333 -0.076100 0.057698 -0.307586 -0.238098 0.089510 -0.185489 -0.096793 0.028929 -0.247877 0.217642 0.094012 -0.250170 0.076492 0.031054 -0.070135 -0.109736 0.070466 -0.058486 -0.168696 0.065302 -0.087098
-0.291326 0.189566 -0.079088 0.144616 -0.003221 -0.111279 0.055353 -0.263021 -0.180892 -0.185839 -0.242604 -0.186151 0.156067 0.143102 -0.339318 -0.047408 0.120297 -0.146507 -0.026567 -0.090687 0.117966 0.030496 0.024501 -0.160547
-0.383538 0.208508 -0.064397 0.068227 -0.016403 0.015620 0.182495 -0.237951 0.091257 -0.187396 -0.132335 -0.196558 0.044782 0.248348 -0.387475 -0.177814 -0.050129 -0.200822 0.110105 -0.172725 0.024168 -0.164768 0.111788 0.054483
-0.255156 0.156575 0.129678 -0.040661 -0.043609 -0.153190 -0.073630 0.082128 0.030321 -0.184388 0.110902 -0.118532 -0.257012 0.267170 0.009402 -0.003272 -0.007998 0.003991 0.114046 -0.121007 -0.259028 -0.024884 0.261098 -0.066453
-0.133925 0.060750 0.021538 0.160046 -0.207594 -0.192909 0.094323 0.004180 0.168003 -0.241471 0.137251 -0.109359 -0.353230 0.269982 0.251957 0.030660 0.177392 0.017284 -0.075174 -0.109308 -0.446506 0.026815 -0.008848 -0.174176
-0.275266 -0.024598 -0.052845 0.103143 -0.505319 0.031022 0.139780 -0.044205 0.036616 -0.140064 -0.011042 -0.256626 -0.318889 0.110231 0.013759 -0.072021 0.230297 0.019371 0.032573 -0.147827 -0.292633 -0.091170 0.045819 -0.057029
-0.270110 0.020746 -0.194727 -0.187789 -0.351732 0.060422 0.114543 -0.094925 0.316691 -0.082428 -0.056391 -0.385968 -0.093298 0.108869 0.135251 0.037879 0.105776 -0.091015 0.123268 -0.117909 -0.327196 -0.200986 -0.055792 -0.106973
-0.428650 -0.214955 -0.147482 -0.132656 -0.271988 0.054792 0.059062 0.059989 0.143866 -0.161890 -0.024818 -0.263440 -0.076401 -0.001941 0.252448 0.035509 0.071248 -0.040179 -0.142329 -0.403180 -0.530937 -0.063553 -0.057212 0.013714
-0.350363 -0.066278 -0.139811 0.123473 -0.260979 0.048827 0.072046 0.139910 -0.000854 -0.202624 0.114610 -0.258679 -0.161988 -0.029719 -0.110099 -0.074832 0.089421 -0.012089 0.160560 -0.201780 -0.228062 -0.011343 -0.029055 0.090871
0.144114 -0.200260 0.020587 -0.098779 -0.207566 0.113160 0.063626 -0.009443 0.053712 -0.185216 0.042482 -0.130785 -0.183844 0.008214 -0.181233 -0.040499 -0.140833 0.081575 0.163826 -0.174720 -0.111408 -0.165124 -0.065914 -0.100053
0.610492 -0.139498 0.012909 0.017636 0.036325 0.101247 -0.044918 0.124117 0.006417 -0.226783 0.049994 0.034322 0.049317 -0.054359 -0.175874 0.148709 0.092828 0.000322 0.056676 -0.104614 -0.146096 -0.064722 -0.123468 -0.100589
0.545173 -0.210592 0.146804 -0.051348 0.037652 -0.032092 0.032755 0.120657 0.074695 -0.098753 0.143782 0.331970 -0.257307 -0.172784 0.009166 -0.037413 0.026740 0.094625 -0.020018 -0.271093 0.023746 0.173931 -0.217359 -0.155992
0.301664 -0.303929 0.088325 -0.124379 0.057124 -0.010409 0.014672 -0.185525 -0.213582 -0.092948 -0.066649 0.120949 -0.567937 -0.004158 0.073504 -0.109834 0.070130 0.167372 0.010477 -0.239896 0.245776 0.168889 -0.113966 -0.256318
0.323193 -0.603565 0.208004 -0.051750 0.010142 0.023543 -0.050448 0.012920 0.044386 0.177068 0.031711 -0.133900 -0.513251 -0.211771 0.181839 -0.069561 0.128111 0.083118 0.102703 -0.376488 0.123022 -0.056694 0.035577 -0.531983
0.131793 -0.622165 0.175283 0.000004 -0.032885 0.042251 -0.313612 0.278314 0.162201 0.283443 0.235831 -0.039422 -0.484081 -0.396576 0.228450 -0.023932 0.091353 -0.160998 0.085605 -0.276705 0.018714 -0.023449 -0.101115 -0.307595
0.013975 -0.405233 0.156382 -0.266733 -0.076601 -0.072912 -0.359276 0.325831 0.356407 0.187480 0.082777 0.042264 -0.288582 -0.006702 0.181883 0.077210 -0.078158 0.165010 0.103032 -0.093980 0.030937 -0.007404 -0.036664 -0.147761
0.227687 -0.465725 0.271970 -0.095759 0.033946 0.093444 -0.390313 0.049977 0.177545 -0.049779 -0.074639 0.259363 -0.576067 0.102728 0.081390 0.021354 -0.166691 0.235108 0.131445 0.076285 -0.007279 -0.033603 0.198479 -0.194782
0.345724 -0.006669 0.266108 0.137396 0.076968 0.031932 0.074987 -0.129765 -0.035438 -0.399405 -0.028583 0.379332 -0.492061 -0.052503 0.016192 -0.090397 0.002978 -0.070613 0.208136 -0.137354 -0.106646 -0.153203 0.239969 -0.097958
-0.122912 -0.085079 0.212773 0.263687 0.002108 0.005209 0.401141 0.003541 -0.521168 -0.595356 -0.220913 0.295558 -0.116266 -0.325342 -0.000702 0.337227 0.110280 -0.134537 0.040762 -0.041407 0.063813 -0.150622 -0.115845 0.221434
0.057561 -0.051195 -0.410753 0.030329 0.412245 0.323763 -0.201343 0.331690 -0.309187 -0.265625 -0.313665 0.118559 -0.246044 -0.260879 0.557153 0.205687 -0.120867 0.221006 -0.232800 0.085752 0.438331 0.060523 0.334313 0.191135
0.033592 -0.143308 -0.442652 -0.252614 0.265954 -0.014892 -0.382145 0.276273 -0.050286 -0.497179 -0.122641 0.026928 -0.053404 0.019042 0.345324 -0.051726 0.002253 0.049735 -0.330148 0.145979 0.163963 0.038484 0.247389 0.310621
0.093684 -0.172914 -0.028435 -0.335818 0.397591 -0.134671 -0.205476 0.071620 -0.169371 -0.676688 0.046229 0.128434 0.101426 0.017291 0.116703 -0.078840 0.045534 -0.116104 -0.223949 -0.124331 0.168058 0.005617 0.205912 0.162075
0.093156 0.070804 0.230813 -0.213826 0.350153 0.031133 -0.035802 0.137824 -0.221312 -0.674591 -0.188819 0.045332 0.252097 -0.012866 0.084958 0.035763 0.059824 -0.093204 0.109088 -0.053253 0.184927 -0.106354 0.358026 0.081335
0.036856 0.213930 0.089400 -0.168940 0.222822 -0.075536 -0.016601 -0.026264 -0.225195 -0.397140 -0.226295 -0.222585 0.094827 0.091634 0.028145 -0.055061 -0.054443 0.039656 0.158518 -0.017862 -0.087175 -0.159457 0.306574 0.057137
-0.196573 0.221695 -0.097964 -0.099724 0.165869 -0.293047 -0.042104 -0.079372 -0.170721 -0.217733 -0.144536 -0.396707 0.079244 0.157549 -0.095619 0.010682 -0.034971 -0.178685 0.099399 -0.028326 -0.100092 -0.077859 0.156728 -0.144275
-0.308920 0.154634 -0.091432 0.044128 -0.080776 -0.219532 -0.057470 -0.296225 -0.173496 -0.148159 -0.110083 -0.357829 0.151705 0.172857 -0.406505 0.086774 0.109958 -0.139588 -0.084156 -0.049623 -0.023351 0.078522 -0.051866 -0.304591
-0.429561 0.249437 -0.162643 -0.058495 -0.108502 -0.136989 0.110948 -0.452662 -0.046653 -0.281755 -0.141104 -0.222594 0.214762 0.382996 -0.576998 -0.217113 0.022436 -0.222710 0.018695 -0.136028 0.073530 -0.108236 -0.027821 0.048891
-0.300938 0.173245 0.008843 -0.022607 -0.187735 -0.019157 -0.052383 -0.281056 0.028159 -0.263207 -0.118740 -0.098113 0.072997 0.285068 -0.350646 -0.189577 0.076308 0.012635 0.108151 -0.057953 -0.118005 -0.014377 -0.021673 -0.033038
-0.395256 0.161147 -0.010601 0.127526 -0.106652 0.041193 -0.072626 0.019523 -0.024597 -0.137224 -0.043162 -0.129082 -0.204945 0.335125 -0.199538 -0.021536 0.155257 0.102189 0.079505 -0.102361 -0.280042 0.042228 0.034003 -0.213824
-0.252405 0.129447 -0.151615 0.236582 -0.275780 0.093416 -0.033884 0.084877 0.039005 -0.171255 -0.006482 -0.105810 -0.347383 0.156465 -0.163931 -0.060193 0.188727 0.158830 -0.110574 0.077050 -0.238169 0.046678 0.252944 0.044865
-0.329270 0.068752 -0.202128 -0.115990 -0.230012 0.111314 -0.089733 -0.013695 0.146852 -0.254496 0.000612 -0.145379 -0.264358 0.109420 -0.161516 -0.114377 0.089478 0.104278 -0.175530 0.158989 -0.351851 -0.149433 0.247450 0.028556
-0.389853 -0.061325 -0.121350 -0.350346 -0.004727 0.104353 -0.149926 0.106796 0.085554 -0.182367 0.027485 -0.222179 -0.084232 0.218687 -0.119313 -0.039147 -0.096111 -0.051349 -0.031889 -0.038115 -0.213218 0.059236 -0.045150 0.029695
-0.435527 0.010470 -0.114891 -0.218413 -0.073218 0.151819 -0.140395 0.107004 -0.055237 -0.212238 -0.045294 -0.205314 -0.243422 0.230962 -0.034930 0.003698 0.037039 -0.027090 -0.243534 -0.203842 -0.167369 0.101998 -0.206317 0.078041
-0.049455 -0.204417 -0.194742 -0.163456 -0.021601 0.233081 0.062181 0.080059 -0.034789 -0.188952 -0.026280 -0.254164 -0.335416 0.225154 -0.078207 0.082676 0.026217 0.109300 -0.066774 -0.261827 -0.184628 -0.023910 -0.159637 -0.136859
0.377286 -0.135737 -0.072045 -0.187609 0.104351 0.178099 0.053478 0.237284 -0.075265 -0.158968 0.132106 -0.336635 -0.355812 -0.005832 -0.043614 0.050466 -0.054674 -0.055319 -0.086959 -0.359896 -0.203327 -0.108067 -0.090306 0.023305
0.390848 -0.182337 -0.152938 -0.159939 -0.161955 0.037183 -0.041479 0.211064 -0.177544 -0.195110 0.128940 0.062711 -0.031008 -0.071353 0.018465 -0.088275 0.073643 -0.034315 -0.103858 -0.160504 -0.046946 0.097861 -0.085607 -0.070070
0.154505 -0.291860 0.038788 -0.219615 0.113324 -0.168830 0.154792 -0.073136 -0.104022 -0.109145 -0.136915 0.034211 -0.051140 -0.076130 0.069261 -0.115518 0.245675 0.135255 -0.134252 0.038494 0.255980 0.150234 0.001032 -0.360738
0.191771 -0.393446 0.271584 -0.056236 0.135428 0.076082 0.098503 -0.230353 -0.010906 0.045583 0.078647 -0.189816 -0.179528 -0.239704 0.198952 -0.182299 0.230792 0.113599 -0.020075 -0.121749 0.334695 0.003859 -0.024659 -0.435509
0.255188 -0.389124 0.223356 0.048981 -0.025980 0.197291 -0.221496 0.049770 0.213889 0.162487 0.209477 -0.200630 -0.073090 -0.215591 0.110765 -0.186922 -0.006873 -0.156111 0.177129 -0.161682 0.029828 0.063012 -0.051853 -0.394280
0.096134 -0.649492 -0.080264 -0.094766 0.086127 0.159585 -0.585272 0.232485 0.255237 0.171471 0.183505 -0.048097 -0.140343 -0.106849 0.097383 -0.224438 -0.176887 0.031795 0.426068 -0.110051 -0.029309 -0.031928 0.122494 0.082762
0.566678 -0.792990 0.021177 -0.336244 -0.265386 0.149627 -0.487213 0.106390 0.281685 -0.014846 0.222601 0.046237 -0.446905 0.030994 0.033342 -0.166000 -0.119319 0.183293 0.382016 -0.094564 0.079749 -0.000875 0.386994 0.112676
0.909078 -0.505165 0.014612 -0.039179 0.146335 0.245390 0.090660 0.282644 0.347679 -0.073376 0.100431 0.304635 -0.586682 0.114359 -0.030009 -0.073176 -0.222696 0.076057 0.401741 -0.075673 0.217361 -0.148864 0.406930 -0.344032
0.339496 -0.047989 -0.175891 0.149078 0.178700 -0.061856 0.610447 0.331911 -0.053315 -0.306998 0.072601 0.250593 -0.252028 -0.063791 0.068979 0.336101 0.067215 -0.063568 0.267767 0.009635 0.361743 0.028626 0.154871 -0.203027
0.104449 0.085645 -0.431523 0.163640 0.382230 0.437510 -0.113351 0.461849 -0.412948 -0.298217 -0.196538 0.266571 -0.401311 -0.321682 0.445678 0.009690 -0.263011 -0.047725 -0.036430 0.320928 0.697736 -0.123843 0.290187 0.318939
0.090353 -0.221723 -0.630421 -0.154667 0.498066 0.091825 -0.264448 0.340873 -0.079528 -0.355414 -0.108733 0.047177 -0.326885 -0.238515 0.303865 0.057204 -0.004437 -0.038808 -0.406780 0.116762 0.425050 -0.015148 0.222013 0.347838
-0.154661 -0.406557 -0.445651 -0.116385 0.483677 -0.125069 -0.043473 0.040153 -0.293772 -0.738997 -0.152926 -0.089800 -0.148793 -0.222591 0.162478 -0.060600 0.252960 -0.107598 -0.255308 0.005733 0.171940 0.132726 0.105531 0.425134
-0.019215 -0.103846 -0.006806 -0.123811 0.499132 0.066727 0.045454 -0.077969 -0.405593 -0.774481 -0.299618 -0.097836 0.186491 -0.102084 0.123647 -0.002871 0.214493 -0.250653 -0.066524 -0.057678 0.034514 0.070650 0.031883 0.238611
-0.098575 -0.057092 0.112168 -0.092979 0.227322 -0.192858 0.012433 -0.007416 -0.317048 -0.681599 -0.357211 -0.176311 0.186710 -0.055325 0.089076 0.005396 0.055927 -0.081173 0.072687 0.178798 0.085571 -0.013112 0.146399 0.190481
-0.135473 0.099516 0.064510 -0.072332 0.276699 -0.287004 -0.167828 -0.298212 -0.253032 -0.285479 -0.212595 -0.268031 -0.028365 0.129957 -0.123390 0.204833 0.060201 -0.123569 0.101282 0.071692 -0.043667 -0.019965 -0.034736 0.071258
-0.342716 0.206567 -0.301802 0.070995 0.163676 -0.325041 -0.151381 -0.390832 -0.133608 -0.160583 -0.134872 -0.500296 0.088704 0.252948 -0.474582 0.150573 0.112280 -0.223722 -0.118105 -0.207003 -0.210710 0.083240 0.002199 -0.128738
-0.267977 0.214947 -0.148973 -0.016885 -0.121041 -0.199110 -0.046602 -0.567344 -0.097207 -0.126250 -0.102304 -0.487682 0.088225 0.400073 -0.610405 -0.042095 0.241369 -0.227931 -0.039628 -0.118780 -0.092390 0.059036 -0.139653 0.065432
-0.340573 0.249165 -0.122897 -0.096428 -0.151592 -0.166790 0.012226 -0.422054 -0.124758 -0.050068 -0.049912 -0.335750 0.171135 0.370478 -0.759663 -0.058318 0.097542 -0.018914 0.166548 -0.266268 -0.158566 -0.054514 -0.048465 -0.042343
-0.563617 0.232180 -0.066273 0.001276 -0.310472 -0.093093 0.079553 -0.328853 -0.152577 -0.017556 -0.018025 -0.207619 0.073993 0.330174 -0.704787 0.085773 0.194830 0.012635 0.192387 -0.286481 -0.359007 -0.192179 -0.120883 -0.083564
-0.681923 0.219416 0.011988 0.235646 -0.276612 0.161969 0.108106 -0.078658 -0.173996 -0.202359 -0.081100 -0.173488 -0.090426 0.346102 -0.672928 0.001941 0.338861 -0.042745 0.057204 0.157621 -0.319974 -0.122057 -0.207513 0.031693
-0.636753 0.190090 -0.364516 0.114155 -0.156302 0.203267 0.000953 -0.001278 0.098607 -0.225799 0.023702 -0.077997 -0.185045 0.142111 -0.671510 0.009363 0.283793 -0.126428 -0.025130 0.271142 -0.206646 -0.233591 0.004818 0.131301
-0.747522 0.243436 -0.192701 -0.188284 -0.003825 0.056552 -0.131505 -0.045048 0.090769 -0.251661 -0.056595 -0.022235 -0.009002 0.107771 -0.448882 -0.081953 0.100777 0.043517 -0.028378 0.222974 -0.263686 -0.025560 0.087790 0.212257
-0.735472 0.232878 -0.197967 -0.306815 0.023280 0.316171 -0.213746 0.008611 -0.053616 -0.157196 -0.033057 -0.079957 0.022980 0.191212 -0.374121 0.090826 -0.015559 0.062340 0.055262 0.019945 -0.365257 0.155954 0.018542 0.174909
-0.383301 0.119489 -0.338138 -0.224811 0.088028 0.408757 -0.099597 0.039454 -0.120243 -0.093963 -0.174479 -0.107548 -0.123433 0.355349 -0.356469 0.150966 -0.044305 0.119347 0.061311 -0.219033 -0.268480 0.157459 -0.059148 0.062591
0.066682 -0.037495 -0.355244 -0.326968 0.168301 0.045891 0.002373 0.103524 -0.357243 0.001849 -0.146291 -0.210699 -0.015840 0.215267 -0.238827 0.132294 -0.050580 0.014010 0.056633 -0.148504 -0.319185 0.052152 -0.124102 0.115581
0.208578 0.028184 -0.299301 -0.175855 0.009993 0.035468 -0.081598 0.061412 -0.246894 0.060325 -0.094197 0.067581 0.103918 -0.087569 -0.052105 -0.060208 -0.050179 -0.166328 -0.016748 -0.064785 -0.240107 0.053437 -0.050908 0.214078
0.104351 0.005924 -0.262631 -0.207873 -0.005572 -0.218916 0.013337 0.105004 -0.157696 0.005650 -0.070973 0.286614 0.279501 -0.138885 -0.024421 -0.106950 0.111368 -0.131139 -0.015938 0.163473 0.164466 0.263902 -0.093566 0.048932
0.104907 0.119969 -0.069120 -0.179982 0.192807 0.026232 0.148108 -0.208885 -0.222324 0.151575 -0.103272 0.132126 0.215136 -0.054426 0.104806 -0.072660 0.152489 -0.085061 0.002703 0.074639 0.282583 0.103239 -0.105799 -0.530695
0.209504 0.071047 0.073040 -0.126316 -0.039659 0.259081 -0.055439 -0.069637 -0.051287 0.339063 0.094079 -0.350584 0.143998 -0.184828 0.244343 -0.021519 -0.158893 -0.174516 -0.073383 -0.154296 0.220607 0.211916 -0.102488 -0.476610
0.130249 -0.093584 -0.045660 -0.135669 -0.099675 0.298051 -0.467932 0.094370 0.088234 0.372692 0.135348 -0.308191 0.178984 0.054697 0.140934 -0.381490 -0.050697 -0.058836 0.078468 0.147565 0.049142 0.194338 -0.173177 -0.094091
0.079670 -0.541455 -0.443424 -0.209423 -0.392665 0.359929 -0.578308 0.135348 0.316575 0.228358 0.203926 -0.247675 0.118283 0.146126 0.020631 -0.440043 -0.309450 0.087602 0.049318 0.048627 -0.149595 0.093612 0.099705 0.346094
0.769560 -0.299840 -0.624419 0.002118 -0.178788 0.465070 -0.187977 0.325337 0.856457 -0.002939 0.219310 0.073800 -0.199668 0.134160 -0.126475 -0.270762 -0.576346 0.053627 -0.096075 -0.139715 -0.006639 -0.029962 0.442624 0.210004
0.677364 0.048151 -0.466586 -0.030652 0.368082 0.207092 0.239557 0.448317 0.707509 0.041474 -0.241006 0.126482 0.284687 -0.071210 0.074432 0.042437 -0.011969 0.344275 -0.081844 -0.250514 0.569427 -0.019248 0.503233 -0.245941
